timestamp,airspeed_timestamp_rel,distance_sensor_timestamp_rel,optical_flow_timestamp_rel,vehicle_air_data_timestamp_rel,vehicle_magnetometer_timestamp_rel,visual_odometry_timestamp_rel
630566189,32767,32767,32767,32767,32767,32767
630571216,32767,32767,32767,32767,32767,32767
630576187,32767,32767,32767,32767,32767,32767
630581189,32767,32767,32767,32767,32767,32767
630586213,32767,32767,32767,32767,32767,32767
630591188,32767,32767,32767,32767,32767,32767
630596187,32767,32767,32767,32767,32767,32767
630601215,32767,32767,32767,32767,32767,32767
630606187,32767,32767,32767,32767,-2,32767
630611194,32767,32767,32767,32767,32767,-42
630616212,32767,32767,32767,32767,32767,32767
630621188,32767,32767,32767,32767,32767,32767
630626188,32767,32767,32767,32767,32767,32767
630631212,32767,32767,32767,32767,32767,32767
630636189,32767,32767,32767,32767,32767,32767
630641190,32767,32767,32767,-4,32767,32767
630646211,32767,32767,32767,32767,32767,32767
630651189,32767,32767,32767,32767,32767,32767
630656187,32767,32767,32767,32767,32767,32767
630661213,32767,32767,32767,32767,32767,32767
630666189,32767,32767,32767,32767,32767,32767
630671188,32767,32767,32767,32767,32767,32767
630676212,32767,32767,32767,32767,32767,32767
630681189,32767,32767,32767,32767,32767,32767
630686187,32767,32767,32767,-20,32767,32767
630691213,32767,32767,32767,32767,32767,32767
630696190,32767,32767,32767,32767,32767,32767
630701188,32767,32767,32767,32767,32767,32767
630706212,32767,32767,32767,32767,-3,32767
630711191,32767,32767,32767,32767,32767,32767
630716187,32767,32767,32767,32767,32767,32767
630721213,32767,32767,32767,32767,32767,32767
630726188,32767,32767,32767,32767,32767,32767
630731188,32767,32767,32767,32767,32767,32767
630736213,32767,32767,32767,32767,32767,32767
630741190,32767,32767,32767,32767,32767,32767
630746188,32767,32767,32767,32767,32767,32767
630751213,32767,32767,32767,32767,32767,32767
630756188,32767,32767,32767,32767,-2,32767
630761187,32767,32767,32767,32767,32767,32767
630766212,32767,32767,32767,32767,32767,32767
630771190,32767,32767,32767,-5,32767,32767
630776187,32767,32767,32767,32767,32767,32767
630781213,32767,32767,32767,32767,32767,32767
630786188,32767,32767,32767,32767,32767,32767
630791188,32767,32767,32767,32767,32767,32767
630796213,32767,32767,32767,32767,32767,32767
630801191,32767,32767,32767,32767,32767,32767
630806187,32767,32767,32767,32767,32767,32767
630811217,32767,32767,32767,32767,32767,32767
630816187,32767,32767,32767,-22,32767,32767
630821188,32767,32767,32767,32767,32767,32767
630826213,32767,32767,32767,32767,32767,32767
630831188,32767,32767,32767,32767,32767,32767
630836188,32767,32767,32767,32767,32767,32767
630841219,32767,32767,32767,32767,32767,32767
630846188,32767,32767,32767,32767,32767,32767
630851188,32767,32767,32767,32767,32767,32767
630856213,32767,32767,32767,32767,-3,32767
630861188,32767,32767,32767,32767,32767,32767
630866188,32767,32767,32767,32767,32767,32767
630871220,32767,32767,32767,32767,32767,32767
630876187,32767,32767,32767,32767,32767,32767
630881188,32767,32767,32767,32767,32767,32767
630886213,32767,32767,32767,32767,32767,32767
630891188,32767,32767,32767,32767,32767,32767
630896188,32767,32767,32767,32767,32767,32767
630901218,32767,32767,32767,-7,32767,32767
630906188,32767,32767,32767,32767,-2,32767
630911190,32767,32767,32767,32767,32767,32767
630916211,32767,32767,32767,32767,32767,32767
630921188,32767,32767,32767,32767,32767,32767
630926188,32767,32767,32767,32767,32767,32767
630931212,32767,32767,32767,32767,32767,32767
630936188,32767,32767,32767,32767,32767,32767
630941190,32767,32767,32767,32767,32767,32767
630946211,32767,32767,32767,-24,32767,32767
630951188,32767,32767,32767,32767,32767,32767
630956189,32767,32767,32767,32767,32767,32767
630961213,32767,32767,32767,32767,32767,32767
630966188,32767,32767,32767,32767,32767,32767
630971191,32767,32767,32767,32767,32767,32767
630976212,32767,32767,32767,32767,32767,32767
630981188,32767,32767,32767,32767,32767,32767
630986188,32767,32767,32767,32767,32767,32767
630991212,32767,32767,32767,32767,32767,32767
630996189,32767,32767,32767,32767,32767,32767
631001190,32767,32767,32767,32767,32767,32767
631006211,32767,32767,32767,32767,-3,32767
631011188,32767,32767,32767,32767,32767,32767
631016188,32767,32767,32767,32767,32767,32767
631021212,32767,32767,32767,32767,32767,32767
631026188,32767,32767,32767,32767,32767,32767
631031188,32767,32767,32767,-7,32767,32767
631036212,32767,32767,32767,32767,32767,32767
631041188,32767,32767,32767,32767,32767,32767
631046188,32767,32767,32767,32767,32767,32767
631051212,32767,32767,32767,32767,32767,32767
631056188,32767,32767,32767,32767,-2,32767
631061190,32767,32767,32767,32767,32767,32767
631066211,32767,32767,32767,32767,32767,32767
631071188,32767,32767,32767,32767,32767,32767
631076188,32767,32767,32767,-23,32767,32767
631081213,32767,32767,32767,32767,32767,32767
631086188,32767,32767,32767,32767,32767,32767
631091190,32767,32767,32767,32767,32767,32767
631096211,32767,32767,32767,32767,32767,32767
631101188,32767,32767,32767,32767,32767,32767
631106188,32767,32767,32767,32767,32767,32767
631111213,32767,32767,32767,32767,32767,32767
631116187,32767,32767,32767,32767,32767,32767
631121191,32767,32767,32767,32767,32767,32767
631126211,32767,32767,32767,32767,32767,32767
631131190,32767,32767,32767,32767,32767,32767
631136188,32767,32767,32767,32767,32767,32767
631141212,32767,32767,32767,32767,32767,32767
631146188,32767,32767,32767,32767,32767,32767
631151189,32767,32767,32767,32767,32767,32767
631156211,32767,32767,32767,32767,-3,32767
631161188,32767,32767,32767,-8,32767,32767
631166188,32767,32767,32767,32767,32767,32767
631171212,32767,32767,32767,32767,32767,32767
631176188,32767,32767,32767,32767,32767,32767
631181188,32767,32767,32767,32767,32767,32767
631186212,32767,32767,32767,32767,32767,32767
631191188,32767,32767,32767,32767,32767,32767
631196187,32767,32767,32767,32767,32767,32767
631201213,32767,32767,32767,32767,32767,32767
631206187,32767,32767,32767,-25,-2,32767
631211188,32767,32767,32767,32767,32767,32767
631216212,32767,32767,32767,32767,32767,32767
631221188,32767,32767,32767,32767,32767,32767
631226188,32767,32767,32767,32767,32767,32767
631231219,32767,32767,32767,32767,32767,32767
631236187,32767,32767,32767,32767,32767,32767
631241190,32767,32767,32767,32767,32767,32767
631246212,32767,32767,32767,32767,32767,32767
631251188,32767,32767,32767,32767,32767,32767
631256188,32767,32767,32767,32767,32767,32767
631261221,32767,32767,32767,32767,32767,32767
631266187,32767,32767,32767,32767,32767,32767
631271191,32767,32767,32767,32767,32767,32767
631276214,32767,32767,32767,32767,32767,32767
631281188,32767,32767,32767,32767,32767,32767
631286188,32767,32767,32767,32767,32767,32767
631291212,32767,32767,32767,-10,32767,32767
631296189,32767,32767,32767,32767,32767,32767
631301190,32767,32767,32767,32767,32767,32767
631306212,32767,32767,32767,32767,-3,32767
631311193,32767,32767,32767,32767,32767,32767
631316187,32767,32767,32767,32767,32767,32767
631321216,32767,32767,32767,32767,32767,32767
631326188,32767,32767,32767,32767,32767,32767
631331188,32767,32767,32767,32767,32767,32767
631336212,32767,32767,32767,-27,32767,32767
631341212,32767,32767,32767,32767,32767,32767
631346188,32767,32767,32767,32767,32767,32767
631351216,32767,32767,32767,32767,32767,32767
631356187,32767,32767,32767,32767,-2,32767
631361190,32767,32767,32767,32767,32767,32767
631366211,32767,32767,32767,32767,32767,32767
631371190,32767,32767,32767,32767,32767,32767
631376187,32767,32767,32767,32767,32767,32767
631381212,32767,32767,32767,32767,32767,32767
631386189,32767,32767,32767,32767,32767,32767
631391188,32767,32767,32767,32767,32767,32767
631396212,32767,32767,32767,32767,32767,32767
631401190,32767,32767,32767,32767,32767,32767
631406188,32767,32767,32767,32767,32767,32767
631411217,32767,32767,32767,32767,32767,32767
631416187,32767,32767,32767,32767,32767,32767
631421188,32767,32767,32767,-10,32767,32767
631426213,32767,32767,32767,32767,32767,32767
631431188,32767,32767,32767,32767,32767,32767
631436188,32767,32767,32767,32767,32767,32767
631441217,32767,32767,32767,32767,32767,32767
631446187,32767,32767,32767,32767,32767,32767
631451192,32767,32767,32767,32767,32767,32767
631456213,32767,32767,32767,32767,-3,32767
631461188,32767,32767,32767,32767,32767,32767
631466188,32767,32767,32767,-26,32767,32767
631471217,32767,32767,32767,32767,32767,32767
631476187,32767,32767,32767,32767,32767,-9
631481189,32767,32767,32767,32767,32767,32767
631486212,32767,32767,32767,32767,32767,32767
631491188,32767,32767,32767,32767,32767,-13
631496188,32767,32767,32767,32767,32767,32767
631501213,32767,32767,32767,32767,32767,32767
631506188,32767,32767,32767,32767,-2,-16
631511188,32767,32767,32767,32767,32767,32767
631516211,32767,32767,32767,32767,32767,32767
631521188,32767,32767,32767,32767,32767,-41
631526188,32767,32767,32767,32767,32767,32767
631531210,32767,32767,32767,32767,32767,0
631536186,32767,32767,32767,32767,32767,32767
631541188,32767,32767,32767,32767,32767,32767
631546211,32767,32767,32767,32767,32767,-8
631551187,32767,32767,32767,-10,32767,32767
631556188,32767,32767,32767,32767,32767,32767
631561211,32767,32767,32767,32767,32767,-16
631566186,32767,32767,32767,32767,32767,32767
631571188,32767,32767,32767,32767,32767,32767
631576211,32767,32767,32767,32767,32767,-19
631581188,32767,32767,32767,32767,32767,32767
631586187,32767,32767,32767,32767,32767,32767
631591210,32767,32767,32767,32767,32767,-12
631596187,32767,32767,32767,-28,32767,32767
631601187,32767,32767,32767,32767,32767,32767
631606211,32767,32767,32767,32767,-3,32767
631611208,32767,32767,32767,32767,32767,-39
631616187,32767,32767,32767,32767,32767,32767
631621211,32767,32767,32767,32767,32767,32767
631626187,32767,32767,32767,32767,32767,32767
631631188,32767,32767,32767,32767,32767,32767
631636211,32767,32767,32767,32767,32767,32767
631641187,32767,32767,32767,32767,32767,32767
631646188,32767,32767,32767,32767,32767,32767
631651213,32767,32767,32767,32767,32767,32767
631656187,32767,32767,32767,32767,-3,32767
631661188,32767,32767,32767,32767,32767,32767
631666211,32767,32767,32767,32767,32767,32767
631671188,32767,32767,32767,32767,32767,32767
631676187,32767,32767,32767,32767,32767,32767
631681211,32767,32767,32767,-12,32767,32767
631686186,32767,32767,32767,32767,32767,-20
631691188,32767,32767,32767,32767,32767,32767
631696214,32767,32767,32767,32767,32767,32767
631701188,32767,32767,32767,32767,32767,32767
631706188,32767,32767,32767,32767,32767,32767
631711211,32767,32767,32767,32767,32767,32767
631716187,32767,32767,32767,32767,32767,32767
631721188,32767,32767,32767,32767,32767,32767
631726211,32767,32767,32767,-30,32767,32767
631731187,32767,32767,32767,32767,32767,32767
631736187,32767,32767,32767,32767,32767,32767
631741212,32767,32767,32767,32767,32767,32767
631746186,32767,32767,32767,32767,32767,32767
631751187,32767,32767,32767,32767,32767,32767
631756211,32767,32767,32767,32767,-4,32767
631761187,32767,32767,32767,32767,32767,32767
631766188,32767,32767,32767,32767,32767,32767
631771212,32767,32767,32767,32767,32767,32767
631776187,32767,32767,32767,32767,32767,32767
631781188,32767,32767,32767,32767,32767,32767
631786213,32767,32767,32767,32767,32767,-20
631791188,32767,32767,32767,32767,32767,32767
631796188,32767,32767,32767,32767,32767,32767
631801212,32767,32767,32767,32767,32767,32767
631806187,32767,32767,32767,32767,-2,32767
631811188,32767,32767,32767,-13,32767,32767
631816211,32767,32767,32767,32767,32767,32767
631821188,32767,32767,32767,32767,32767,32767
631826188,32767,32767,32767,32767,32767,32767
631831212,32767,32767,32767,32767,32767,32767
631836187,32767,32767,32767,32767,32767,32767
631841188,32767,32767,32767,32767,32767,32767
631846211,32767,32767,32767,32767,32767,32767
631851187,32767,32767,32767,32767,32767,32767
631856187,32767,32767,32767,-30,32767,32767
631861211,32767,32767,32767,32767,32767,32767
631866187,32767,32767,32767,32767,32767,32767
631871188,32767,32767,32767,32767,32767,32767
631876211,32767,32767,32767,32767,32767,32767
631881188,32767,32767,32767,32767,32767,32767
631886188,32767,32767,32767,32767,32767,32767
631891212,32767,32767,32767,32767,32767,32767
631896187,32767,32767,32767,32767,32767,32767
631901188,32767,32767,32767,32767,32767,32767
631906210,32767,32767,32767,32767,-3,32767
631911188,32767,32767,32767,32767,32767,32767
631916187,32767,32767,32767,32767,32767,-7
631921211,32767,32767,32767,32767,32767,32767
631926187,32767,32767,32767,32767,32767,32767
631931188,32767,32767,32767,32767,32767,32767
631936211,32767,32767,32767,32767,32767,32767
631941187,32767,32767,32767,-13,32767,32767
631946188,32767,32767,32767,32767,32767,32767
631951212,32767,32767,32767,32767,32767,32767
631956187,32767,32767,32767,32767,-3,32767
631961188,32767,32767,32767,32767,32767,32767
631966211,32767,32767,32767,32767,32767,32767
631971188,32767,32767,32767,32767,32767,32767
631976188,32767,32767,32767,32767,32767,32767
631981211,32767,32767,32767,32767,32767,32767
631986187,32767,32767,32767,-31,32767,32767
631991188,32767,32767,32767,32767,32767,32767
631996211,32767,32767,32767,32767,32767,32767
632001188,32767,32767,32767,32767,32767,-42
632006188,32767,32767,32767,32767,32767,32767
632011211,32767,32767,32767,32767,32767,32767
632016187,32767,32767,32767,32767,32767,32767
632021188,32767,32767,32767,32767,32767,32767
632026212,32767,32767,32767,32767,32767,32767
632031187,32767,32767,32767,32767,32767,32767
632036188,32767,32767,32767,32767,32767,32767
632041211,32767,32767,32767,32767,32767,32767
632046187,32767,32767,32767,32767,32767,32767
632051188,32767,32767,32767,32767,32767,32767
632056211,32767,32767,32767,32767,-3,32767
632061188,32767,32767,32767,32767,32767,32767
632066188,32767,32767,32767,32767,32767,32767
632071212,32767,32767,32767,-15,32767,32767
632076187,32767,32767,32767,32767,32767,32767
632081188,32767,32767,32767,32767,32767,32767
632086211,32767,32767,32767,32767,32767,32767
632091187,32767,32767,32767,32767,32767,32767
632096187,32767,32767,32767,32767,32767,32767
632101214,32767,32767,32767,32767,32767,32767
632106187,32767,32767,32767,32767,-2,-24
632111188,32767,32767,32767,32767,32767,32767
632116211,32767,32767,32767,-32,32767,32767
632121188,32767,32767,32767,32767,32767,32767
632126188,32767,32767,32767,32767,32767,32767
632131211,32767,32767,32767,32767,32767,32767
632136187,32767,32767,32767,32767,32767,32767
632141188,32767,32767,32767,32767,32767,32767
632146211,32767,32767,32767,32767,32767,32767
632151187,32767,32767,32767,32767,32767,32767
632156188,32767,32767,32767,32767,32767,32767
632161211,32767,32767,32767,32767,32767,32767
632166187,32767,32767,32767,32767,32767,32767
632171188,32767,32767,32767,32767,32767,32767
632176211,32767,32767,32767,32767,32767,32767
632181188,32767,32767,32767,32767,32767,32767
632186188,32767,32767,32767,32767,32767,32767
632191213,32767,32767,32767,32767,32767,32767
632196187,32767,32767,32767,32767,32767,32767
632201187,32767,32767,32767,-16,32767,32767
632206211,32767,32767,32767,32767,-3,32767
632211188,32767,32767,32767,32767,32767,-35
632216188,32767,32767,32767,32767,32767,32767
632221211,32767,32767,32767,32767,32767,32767
632226187,32767,32767,32767,32767,32767,32767
632231188,32767,32767,32767,32767,32767,32767
632236211,32767,32767,32767,32767,32767,32767
632241187,32767,32767,32767,32767,32767,32767
632246187,32767,32767,32767,-33,32767,32767
632251213,32767,32767,32767,32767,32767,32767
632256187,32767,32767,32767,32767,-3,32767
632261187,32767,32767,32767,32767,32767,32767
632266211,32767,32767,32767,32767,32767,32767
632271188,32767,32767,32767,32767,32767,32767
632276187,32767,32767,32767,32767,32767,32767
632281211,32767,32767,32767,32767,32767,32767
632286187,32767,32767,32767,32767,32767,32767
632291188,32767,32767,32767,32767,32767,32767
632296212,32767,32767,32767,32767,32767,32767
632301187,32767,32767,32767,32767,32767,32767
632306188,32767,32767,32767,32767,32767,32767
632311212,32767,32767,32767,32767,32767,-35
632316187,32767,32767,32767,32767,32767,32767
632321188,32767,32767,32767,32767,32767,32767
632326211,32767,32767,32767,32767,32767,32767
632331188,32767,32767,32767,-17,32767,32767
632336188,32767,32767,32767,32767,32767,32767
632341211,32767,32767,32767,32767,32767,32767
632346187,32767,32767,32767,32767,32767,32767
632351187,32767,32767,32767,32767,32767,32767
632356211,32767,32767,32767,32767,-4,32767
632361188,32767,32767,32767,32767,32767,32767
632366188,32767,32767,32767,32767,32767,32767
632371212,32767,32767,32767,32767,32767,32767
632376187,32767,32767,32767,-34,32767,32767
632381188,32767,32767,32767,32767,32767,32767
632386211,32767,32767,32767,32767,32767,32767
632391188,32767,32767,32767,32767,32767,32767
632396187,32767,32767,32767,32767,32767,32767
632401211,32767,32767,32767,32767,32767,32767
632406187,32767,32767,32767,32767,-2,-6
632411188,32767,32767,32767,32767,32767,32767
632416206,32767,32767,32767,32767,32767,32767
632421188,32767,32767,32767,32767,32767,32767
632426188,32767,32767,32767,32767,32767,32767
632431212,32767,32767,32767,32767,32767,32767
632436187,32767,32767,32767,32767,32767,32767
632441188,32767,32767,32767,32767,32767,32767
632446211,32767,32767,32767,32767,32767,32767
632451188,32767,32767,32767,32767,32767,32767
632456188,32767,32767,32767,32767,32767,32767
632461220,32767,32767,32767,-19,32767,32767
632466186,32767,32767,32767,32767,32767,32767
632471188,32767,32767,32767,32767,32767,32767
632476211,32767,32767,32767,32767,32767,32767
632481187,32767,32767,32767,32767,32767,32767
632486188,32767,32767,32767,32767,32767,32767
632491211,32767,32767,32767,32767,32767,32767
632496187,32767,32767,32767,32767,32767,32767
632501188,32767,32767,32767,32767,32767,32767
632506211,32767,32767,32767,-36,-3,-10
632511188,32767,32767,32767,32767,32767,32767
632516188,32767,32767,32767,32767,32767,32767
632521212,32767,32767,32767,32767,32767,32767
632526187,32767,32767,32767,32767,32767,32767
632531188,32767,32767,32767,32767,32767,32767
632536211,32767,32767,32767,32767,32767,32767
632541187,32767,32767,32767,32767,32767,32767
632546187,32767,32767,32767,32767,32767,32767
632551212,32767,32767,32767,32767,32767,32767
632556187,32767,32767,32767,32767,-2,32767
632561190,32767,32767,32767,32767,32767,32767
632566211,32767,32767,32767,32767,32767,32767
632571188,32767,32767,32767,32767,32767,32767
632576187,32767,32767,32767,32767,32767,32767
632581211,32767,32767,32767,32767,32767,32767
632586186,32767,32767,32767,32767,32767,32767
632591187,32767,32767,32767,-19,32767,32767
632596214,32767,32767,32767,32767,32767,32767
632601188,32767,32767,32767,32767,32767,32767
632606188,32767,32767,32767,32767,32767,32767
632611213,32767,32767,32767,32767,32767,-44
632616187,32767,32767,32767,32767,32767,32767
632621192,32767,32767,32767,32767,32767,32767
632626211,32767,32767,32767,32767,32767,32767
632631188,32767,32767,32767,32767,32767,32767
632636188,32767,32767,32767,-35,32767,32767
632641211,32767,32767,32767,32767,32767,32767
632646187,32767,32767,32767,32767,32767,32767
632651188,32767,32767,32767,32767,32767,32767
632656210,32767,32767,32767,32767,-4,32767
632661188,32767,32767,32767,32767,32767,32767
632666188,32767,32767,32767,32767,32767,32767
632671211,32767,32767,32767,32767,32767,32767
632676187,32767,32767,32767,32767,32767,32767
632681188,32767,32767,32767,32767,32767,32767
632686210,32767,32767,32767,32767,32767,-18
632691188,32767,32767,32767,32767,32767,32767
632696188,32767,32767,32767,32767,32767,32767
632701211,32767,32767,32767,32767,32767,32767
632706187,32767,32767,32767,32767,-2,32767
632711188,32767,32767,32767,32767,32767,32767
632716210,32767,32767,32767,32767,32767,32767
632721188,32767,32767,32767,-20,32767,32767
632726188,32767,32767,32767,32767,32767,32767
632731211,32767,32767,32767,32767,32767,32767
632736187,32767,32767,32767,32767,32767,32767
632741188,32767,32767,32767,32767,32767,32767
632746210,32767,32767,32767,32767,32767,32767
632751188,32767,32767,32767,32767,32767,32767
632756188,32767,32767,32767,32767,32767,32767
632761210,32767,32767,32767,32767,32767,32767
632766188,32767,32767,32767,-36,32767,32767
632771189,32767,32767,32767,32767,32767,32767
632776210,32767,32767,32767,32767,32767,32767
632781188,32767,32767,32767,32767,32767,32767
632786188,32767,32767,32767,32767,32767,32767
632791211,32767,32767,32767,32767,32767,32767
632796188,32767,32767,32767,32767,32767,32767
632801188,32767,32767,32767,32767,32767,32767
632806209,32767,32767,32767,32767,-3,32767
632811199,32767,32767,32767,32767,32767,32767
632816187,32767,32767,32767,32767,32767,-44
632821211,32767,32767,32767,32767,32767,32767
632826188,32767,32767,32767,32767,32767,32767
632831188,32767,32767,32767,32767,32767,32767
632836210,32767,32767,32767,32767,32767,32767
632841188,32767,32767,32767,32767,32767,32767
632846188,32767,32767,32767,32767,32767,32767
632851210,32767,32767,32767,-22,32767,32767
632856188,32767,32767,32767,32767,-3,32767
632861196,32767,32767,32767,32767,32767,32767
632866210,32767,32767,32767,32767,32767,32767
632871188,32767,32767,32767,32767,32767,32767
632876187,32767,32767,32767,32767,32767,32767
632881211,32767,32767,32767,32767,32767,32767
632886188,32767,32767,32767,32767,32767,-24
632891188,32767,32767,32767,32767,32767,32767
632896210,32767,32767,32767,-39,32767,32767
632901188,32767,32767,32767,32767,32767,32767
632906187,32767,32767,32767,32767,32767,32767
632911211,32767,32767,32767,32767,32767,32767
632916188,32767,32767,32767,32767,32767,32767
632921188,32767,32767,32767,32767,32767,32767
632926211,32767,32767,32767,32767,32767,32767
632931188,32767,32767,32767,32767,32767,32767
632936187,32767,32767,32767,32767,32767,32767
632941210,32767,32767,32767,32767,32767,32767
632946188,32767,32767,32767,32767,32767,32767
632951188,32767,32767,32767,32767,32767,32767
632956210,32767,32767,32767,32767,-4,32767
632961188,32767,32767,32767,32767,32767,32767
632966188,32767,32767,32767,32767,32767,32767
632971211,32767,32767,32767,32767,32767,32767
632976188,32767,32767,32767,32767,32767,32767
632981188,32767,32767,32767,-22,32767,32767
632986210,32767,32767,32767,32767,32767,32767
632991188,32767,32767,32767,32767,32767,32767
632996190,32767,32767,32767,32767,32767,32767
633001211,32767,32767,32767,32767,32767,32767
633006188,32767,32767,32767,32767,-2,32767
633011188,32767,32767,32767,32767,32767,-35
633016210,32767,32767,32767,32767,32767,32767
633021188,32767,32767,32767,32767,32767,32767
633026188,32767,32767,32767,-38,32767,32767
633031211,32767,32767,32767,32767,32767,32767
633036188,32767,32767,32767,32767,32767,32767
633041188,32767,32767,32767,32767,32767,32767
633046210,32767,32767,32767,32767,32767,32767
633051188,32767,32767,32767,32767,32767,32767
633056188,32767,32767,32767,32767,32767,32767
633061211,32767,32767,32767,32767,32767,32767
633066188,32767,32767,32767,32767,32767,32767
633071188,32767,32767,32767,32767,32767,32767
633076211,32767,32767,32767,32767,32767,32767
633081188,32767,32767,32767,32767,32767,32767
633086188,32767,32767,32767,32767,32767,32767
633091211,32767,32767,32767,32767,32767,32767
633096188,32767,32767,32767,32767,32767,32767
633101188,32767,32767,32767,32767,32767,32767
633106210,32767,32767,32767,32767,-3,32767
633111188,32767,32767,32767,-23,32767,-45
633116188,32767,32767,32767,32767,32767,32767
633121210,32767,32767,32767,32767,32767,32767
633126188,32767,32767,32767,32767,32767,32767
633131191,32767,32767,32767,32767,32767,32767
633136210,32767,32767,32767,32767,32767,32767
633141188,32767,32767,32767,32767,32767,32767
633146188,32767,32767,32767,32767,32767,32767
633151213,32767,32767,32767,32767,32767,32767
633156188,32767,32767,32767,-39,-3,32767
633161187,32767,32767,32767,32767,32767,32767
633166210,32767,32767,32767,32767,32767,32767
633171188,32767,32767,32767,32767,32767,32767
633176187,32767,32767,32767,32767,32767,32767
633181211,32767,32767,32767,32767,32767,32767
633186187,32767,32767,32767,32767,32767,32767
633191188,32767,32767,32767,32767,32767,32767
633196210,32767,32767,32767,32767,32767,32767
633201188,32767,32767,32767,32767,32767,32767
633206188,32767,32767,32767,32767,32767,32767
633211211,32767,32767,32767,32767,32767,-36
633216188,32767,32767,32767,32767,32767,32767
633221188,32767,32767,32767,32767,32767,32767
633226210,32767,32767,32767,32767,32767,32767
633231188,32767,32767,32767,32767,32767,32767
633236187,32767,32767,32767,32767,32767,32767
633241210,32767,32767,32767,-24,32767,32767
633246188,32767,32767,32767,32767,32767,32767
633251188,32767,32767,32767,32767,32767,32767
633256210,32767,32767,32767,32767,-3,32767
633261188,32767,32767,32767,32767,32767,32767
633266187,32767,32767,32767,32767,32767,32767
633271211,32767,32767,32767,32767,32767,32767
633276188,32767,32767,32767,32767,32767,32767
633281187,32767,32767,32767,32767,32767,32767
633286210,32767,32767,32767,-41,32767,32767
633291188,32767,32767,32767,32767,32767,32767
633296190,32767,32767,32767,32767,32767,32767
633301211,32767,32767,32767,32767,32767,32767
633306188,32767,32767,32767,32767,-2,32767
633311188,32767,32767,32767,32767,32767,32767
633316210,32767,32767,32767,32767,32767,-23
633321188,32767,32767,32767,32767,32767,32767
633326187,32767,32767,32767,32767,32767,32767
633331211,32767,32767,32767,32767,32767,32767
633336188,32767,32767,32767,32767,32767,32767
633341187,32767,32767,32767,32767,32767,32767
633346210,32767,32767,32767,32767,32767,32767
633351188,32767,32767,32767,32767,32767,32767
633356187,32767,32767,32767,32767,32767,32767
633361211,32767,32767,32767,32767,32767,32767
633366188,32767,32767,32767,32767,32767,32767
633371187,32767,32767,32767,-25,32767,32767
633376211,32767,32767,32767,32767,32767,32767
633381188,32767,32767,32767,32767,32767,32767
633386187,32767,32767,32767,32767,32767,32767
633391211,32767,32767,32767,32767,32767,32767
633396190,32767,32767,32767,32767,32767,32767
633401187,32767,32767,32767,32767,32767,32767
633406211,32767,32767,32767,32767,-3,32767
633411188,32767,32767,32767,32767,32767,32767
633416187,32767,32767,32767,-42,32767,-35
633421211,32767,32767,32767,32767,32767,32767
633426189,32767,32767,32767,32767,32767,32767
633431188,32767,32767,32767,32767,32767,32767
633436211,32767,32767,32767,32767,32767,32767
633441188,32767,32767,32767,32767,32767,32767
633446187,32767,32767,32767,32767,32767,32767
633451211,32767,32767,32767,32767,32767,32767
633456188,32767,32767,32767,32767,-3,32767
633461188,32767,32767,32767,32767,32767,32767
633466211,32767,32767,32767,32767,32767,32767
633471188,32767,32767,32767,32767,32767,32767
633476187,32767,32767,32767,32767,32767,32767
633481211,32767,32767,32767,32767,32767,32767
633486188,32767,32767,32767,32767,32767,-12
633491187,32767,32767,32767,32767,32767,32767
633496211,32767,32767,32767,32767,32767,32767
633501188,32767,32767,32767,-26,32767,32767
633506187,32767,32767,32767,32767,32767,32767
633511211,32767,32767,32767,32767,32767,32767
633516188,32767,32767,32767,32767,32767,32767
633521188,32767,32767,32767,32767,32767,32767
633526211,32767,32767,32767,32767,32767,32767
633531188,32767,32767,32767,32767,32767,32767
633536187,32767,32767,32767,32767,32767,32767
633541211,32767,32767,32767,32767,32767,32767
633546188,32767,32767,32767,-43,32767,32767
633551188,32767,32767,32767,32767,32767,32767
633556213,32767,32767,32767,32767,-4,32767
633561192,32767,32767,32767,32767,32767,32767
633566186,32767,32767,32767,32767,32767,32767
633571211,32767,32767,32767,32767,32767,32767
633576188,32767,32767,32767,32767,32767,32767
633581188,32767,32767,32767,32767,32767,32767
633586211,32767,32767,32767,32767,32767,32767
633591188,32767,32767,32767,32767,32767,-18
633596187,32767,32767,32767,32767,32767,32767
633601211,32767,32767,32767,32767,32767,32767
633606187,32767,32767,32767,32767,-2,32767
633611188,32767,32767,32767,32767,32767,32767
633616211,32767,32767,32767,32767,32767,32767
633621188,32767,32767,32767,32767,32767,32767
633626187,32767,32767,32767,32767,32767,32767
633631211,32767,32767,32767,-27,32767,32767
633636188,32767,32767,32767,32767,32767,32767
633641187,32767,32767,32767,32767,32767,32767
633646211,32767,32767,32767,32767,32767,32767
633651188,32767,32767,32767,32767,32767,32767
633656187,32767,32767,32767,32767,32767,32767
633661212,32767,32767,32767,32767,32767,32767
633666187,32767,32767,32767,32767,32767,32767
633671188,32767,32767,32767,32767,32767,32767
633676211,32767,32767,32767,-45,32767,32767
633681188,32767,32767,32767,32767,32767,32767
633686187,32767,32767,32767,32767,32767,32767
633691211,32767,32767,32767,32767,32767,32767
633696188,32767,32767,32767,32767,32767,32767
633701188,32767,32767,32767,32767,32767,32767
633706211,32767,32767,32767,32767,-3,32767
633711188,32767,32767,32767,32767,32767,32767
633716187,32767,32767,32767,32767,32767,-35
633721211,32767,32767,32767,32767,32767,32767
633726188,32767,32767,32767,32767,32767,32767
633731187,32767,32767,32767,32767,32767,32767
633736211,32767,32767,32767,32767,32767,32767
633741189,32767,32767,32767,32767,32767,32767
633746187,32767,32767,32767,32767,32767,32767
633751211,32767,32767,32767,32767,32767,32767
633756187,32767,32767,32767,32767,-3,32767
633761187,32767,32767,32767,-28,32767,32767
633766211,32767,32767,32767,32767,32767,32767
633771188,32767,32767,32767,32767,32767,32767
633776187,32767,32767,32767,32767,32767,32767
633781212,32767,32767,32767,32767,32767,32767
633786187,32767,32767,32767,32767,32767,-24
633791188,32767,32767,32767,32767,32767,32767
633796211,32767,32767,32767,32767,32767,32767
633801188,32767,32767,32767,32767,32767,32767
633806187,32767,32767,32767,-44,32767,32767
633811215,32767,32767,32767,32767,32767,32767
633816187,32767,32767,32767,32767,32767,32767
633821188,32767,32767,32767,32767,32767,32767
633826211,32767,32767,32767,32767,32767,32767
633831187,32767,32767,32767,32767,32767,32767
633836187,32767,32767,32767,32767,32767,32767
633841212,32767,32767,32767,32767,32767,32767
633846186,32767,32767,32767,32767,32767,32767
633851188,32767,32767,32767,32767,32767,32767
633856210,32767,32767,32767,32767,-4,32767
633861188,32767,32767,32767,32767,32767,32767
633866188,32767,32767,32767,32767,32767,32767
633871211,32767,32767,32767,32767,32767,32767
633876187,32767,32767,32767,32767,32767,32767
633881188,32767,32767,32767,32767,32767,32767
633886210,32767,32767,32767,32767,32767,-27
633891188,32767,32767,32767,-29,32767,32767
633896188,32767,32767,32767,32767,32767,32767
633901211,32767,32767,32767,32767,32767,32767
633906187,32767,32767,32767,32767,-2,32767
633911189,32767,32767,32767,32767,32767,32767
633916210,32767,32767,32767,32767,32767,32767
633921188,32767,32767,32767,32767,32767,32767
633926188,32767,32767,32767,32767,32767,32767
633931211,32767,32767,32767,32767,32767,32767
633936187,32767,32767,32767,-46,32767,32767
633941188,32767,32767,32767,32767,32767,32767
633946210,32767,32767,32767,32767,32767,32767
633951187,32767,32767,32767,32767,32767,32767
633956187,32767,32767,32767,32767,32767,32767
633961211,32767,32767,32767,32767,32767,32767
633966188,32767,32767,32767,32767,32767,32767
633971188,32767,32767,32767,32767,32767,32767
633976210,32767,32767,32767,32767,32767,32767
633981188,32767,32767,32767,32767,32767,32767
633986187,32767,32767,32767,32767,32767,32767
633991211,32767,32767,32767,32767,32767,32767
633996188,32767,32767,32767,32767,32767,32767
634001188,32767,32767,32767,32767,32767,32767
634006210,32767,32767,32767,32767,-3,32767
634011188,32767,32767,32767,32767,32767,-21
634016188,32767,32767,32767,32767,32767,32767
634021213,32767,32767,32767,-31,32767,32767
634026187,32767,32767,32767,32767,32767,32767
634031188,32767,32767,32767,32767,32767,32767
634036210,32767,32767,32767,32767,32767,32767
634041187,32767,32767,32767,32767,32767,32767
634046188,32767,32767,32767,32767,32767,32767
634051211,32767,32767,32767,32767,32767,32767
634056188,32767,32767,32767,32767,-2,32767
634061188,32767,32767,32767,3,32767,32767
634066210,32767,32767,32767,32767,32767,32767
634071188,32767,32767,32767,32767,32767,32767
634076186,32767,32767,32767,32767,32767,32767
634081211,32767,32767,32767,32767,32767,32767
634086188,32767,32767,32767,32767,32767,-20
634091188,32767,32767,32767,32767,32767,32767
634096210,32767,32767,32767,32767,32767,32767
634101188,32767,32767,32767,32767,32767,32767
634106187,32767,32767,32767,32767,32767,32767
634111213,32767,32767,32767,32767,32767,32767
634116187,32767,32767,32767,32767,32767,32767
634121187,32767,32767,32767,32767,32767,32767
634126211,32767,32767,32767,32767,32767,32767
634131188,32767,32767,32767,32767,32767,32767
634136187,32767,32767,32767,32767,32767,32767
634141211,32767,32767,32767,32767,32767,32767
634146187,32767,32767,32767,32767,32767,32767
634151188,32767,32767,32767,-31,32767,32767
634156211,32767,32767,32767,32767,-4,32767
634161188,32767,32767,32767,32767,32767,32767
634166188,32767,32767,32767,32767,32767,32767
634171211,32767,32767,32767,32767,32767,32767
634176187,32767,32767,32767,32767,32767,32767
634181188,32767,32767,32767,32767,32767,32767
634186211,32767,32767,32767,32767,32767,-27
634191188,32767,32767,32767,2,32767,32767
634196187,32767,32767,32767,32767,32767,32767
634201211,32767,32767,32767,32767,32767,32767
634206187,32767,32767,32767,32767,-2,32767
634211188,32767,32767,32767,32767,32767,32767
634216211,32767,32767,32767,32767,32767,32767
634221188,32767,32767,32767,32767,32767,32767
634226187,32767,32767,32767,32767,32767,32767
634231211,32767,32767,32767,32767,32767,32767
634236187,32767,32767,32767,32767,32767,32767
634241188,32767,32767,32767,32767,32767,32767
634246211,32767,32767,32767,32767,32767,32767
634251188,32767,32767,32767,32767,32767,32767
634256188,32767,32767,32767,32767,32767,32767
634261218,32767,32767,32767,32767,32767,32767
634266187,32767,32767,32767,32767,32767,32767
634271188,32767,32767,32767,32767,32767,32767
634276211,32767,32767,32767,32767,32767,32767
634281188,32767,32767,32767,-31,32767,32767
634286188,32767,32767,32767,32767,32767,-17
634291212,32767,32767,32767,32767,32767,32767
634296187,32767,32767,32767,32767,32767,32767
634301188,32767,32767,32767,32767,32767,32767
634306211,32767,32767,32767,32767,-3,32767
634311188,32767,32767,32767,32767,32767,32767
634316188,32767,32767,32767,32767,32767,32767
634321212,32767,32767,32767,1,32767,32767
634326187,32767,32767,32767,32767,32767,32767
634331188,32767,32767,32767,32767,32767,32767
634336211,32767,32767,32767,32767,32767,32767
634341187,32767,32767,32767,32767,32767,32767
634346188,32767,32767,32767,32767,32767,32767
634351212,32767,32767,32767,32767,32767,32767
634356187,32767,32767,32767,32767,-3,32767
634361188,32767,32767,32767,32767,32767,32767
634366211,32767,32767,32767,32767,32767,32767
634371188,32767,32767,32767,32767,32767,32767
634376188,32767,32767,32767,32767,32767,32767
634381211,32767,32767,32767,32767,32767,32767
634386187,32767,32767,32767,32767,32767,32767
634391187,32767,32767,32767,32767,32767,32767
634396211,32767,32767,32767,32767,32767,32767
634401188,32767,32767,32767,32767,32767,32767
634406188,32767,32767,32767,32767,32767,32767
634411212,32767,32767,32767,-34,32767,-40
634416187,32767,32767,32767,32767,32767,32767
634421188,32767,32767,32767,32767,32767,32767
634426211,32767,32767,32767,32767,32767,32767
634431188,32767,32767,32767,32767,32767,32767
634436187,32767,32767,32767,32767,32767,32767
634441211,32767,32767,32767,32767,32767,32767
634446186,32767,32767,32767,32767,32767,32767
634451187,32767,32767,32767,1,32767,32767
634456210,32767,32767,32767,32767,-4,32767
634461188,32767,32767,32767,32767,32767,32767
634466188,32767,32767,32767,32767,32767,32767
634471211,32767,32767,32767,32767,32767,32767
634476187,32767,32767,32767,32767,32767,32767
634481189,32767,32767,32767,32767,32767,32767
634486211,32767,32767,32767,32767,32767,-26
634491188,32767,32767,32767,32767,32767,32767
634496188,32767,32767,32767,32767,32767,32767
634501210,32767,32767,32767,32767,32767,32767
634506187,32767,32767,32767,32767,-2,32767
634511188,32767,32767,32767,32767,32767,32767
634516210,32767,32767,32767,32767,32767,32767
634521187,32767,32767,32767,32767,32767,32767
634526188,32767,32767,32767,32767,32767,32767
634531211,32767,32767,32767,32767,32767,32767
634536187,32767,32767,32767,32767,32767,32767
634541189,32767,32767,32767,-34,32767,32767
634546210,32767,32767,32767,32767,32767,32767
634551188,32767,32767,32767,32767,32767,32767
634556186,32767,32767,32767,32767,32767,32767
634561211,32767,32767,32767,32767,32767,32767
634566188,32767,32767,32767,32767,32767,32767
634571188,32767,32767,32767,32767,32767,32767
634576212,32767,32767,32767,32767,32767,32767
634581188,32767,32767,32767,0,32767,32767
634586187,32767,32767,32767,32767,32767,32767
634591211,32767,32767,32767,32767,32767,32767
634596191,32767,32767,32767,32767,32767,32767
634601188,32767,32767,32767,32767,32767,32767
634606211,32767,32767,32767,32767,-3,32767
634611188,32767,32767,32767,32767,32767,-40
634616187,32767,32767,32767,32767,32767,32767
634621211,32767,32767,32767,32767,32767,32767
634626188,32767,32767,32767,32767,32767,32767
634631187,32767,32767,32767,32767,32767,32767
634636211,32767,32767,32767,32767,32767,32767
634641188,32767,32767,32767,32767,32767,32767
634646187,32767,32767,32767,32767,32767,32767
634651211,32767,32767,32767,32767,32767,32767
634656188,32767,32767,32767,32767,-2,32767
634661188,32767,32767,32767,32767,32767,32767
634666216,32767,32767,32767,32767,32767,32767
634671188,32767,32767,32767,-35,32767,32767
634676188,32767,32767,32767,32767,32767,32767
634681210,32767,32767,32767,32767,32767,32767
634686188,32767,32767,32767,32767,32767,32767
634691188,32767,32767,32767,32767,32767,32767
634696210,32767,32767,32767,32767,32767,32767
634701190,32767,32767,32767,32767,32767,32767
634706188,32767,32767,32767,32767,32767,-2
634711210,32767,32767,32767,-2,32767,32767
634716188,32767,32767,32767,32767,32767,32767
634721188,32767,32767,32767,32767,32767,32767
634726210,32767,32767,32767,32767,32767,32767
634731188,32767,32767,32767,32767,32767,32767
634736188,32767,32767,32767,32767,32767,32767
634741210,32767,32767,32767,32767,32767,32767
634746188,32767,32767,32767,32767,32767,32767
634751188,32767,32767,32767,32767,32767,32767
634756210,32767,32767,32767,32767,-4,32767
634761188,32767,32767,32767,32767,32767,32767
634766188,32767,32767,32767,32767,32767,32767
634771211,32767,32767,32767,32767,32767,32767
634776188,32767,32767,32767,32767,32767,32767
634781188,32767,32767,32767,32767,32767,32767
634786210,32767,32767,32767,32767,32767,32767
634791188,32767,32767,32767,32767,32767,32767
634796187,32767,32767,32767,32767,32767,32767
634801211,32767,32767,32767,-36,32767,32767
634806188,32767,32767,32767,32767,-2,32767
634811188,32767,32767,32767,32767,32767,-45
634816210,32767,32767,32767,32767,32767,32767
634821188,32767,32767,32767,32767,32767,32767
634826187,32767,32767,32767,32767,32767,32767
634831211,32767,32767,32767,32767,32767,32767
634836188,32767,32767,32767,32767,32767,32767
634841188,32767,32767,32767,-3,32767,32767
634846210,32767,32767,32767,32767,32767,32767
634851188,32767,32767,32767,32767,32767,32767
634856188,32767,32767,32767,32767,32767,32767
634861211,32767,32767,32767,32767,32767,32767
634866188,32767,32767,32767,32767,32767,32767
634871188,32767,32767,32767,32767,32767,32767
634876210,32767,32767,32767,32767,32767,32767
634881188,32767,32767,32767,32767,32767,32767
634886187,32767,32767,32767,32767,32767,32767
634891211,32767,32767,32767,32767,32767,32767
634896188,32767,32767,32767,32767,32767,32767
634901191,32767,32767,32767,32767,32767,32767
634906210,32767,32767,32767,32767,-3,-45
634911188,32767,32767,32767,32767,32767,32767
634916188,32767,32767,32767,32767,32767,32767
634921210,32767,32767,32767,32767,32767,32767
634926188,32767,32767,32767,32767,32767,32767
634931188,32767,32767,32767,-36,32767,32767
634936210,32767,32767,32767,32767,32767,32767
634941188,32767,32767,32767,32767,32767,32767
634946188,32767,32767,32767,32767,32767,32767
634951211,32767,32767,32767,32767,32767,32767
634956188,32767,32767,32767,32767,-3,32767
634961188,32767,32767,32767,32767,32767,32767
634966210,32767,32767,32767,32767,32767,32767
634971188,32767,32767,32767,-4,32767,32767
634976187,32767,32767,32767,32767,32767,32767
634981211,32767,32767,32767,32767,32767,32767
634986188,32767,32767,32767,32767,32767,32767
634991188,32767,32767,32767,32767,32767,32767
634996210,32767,32767,32767,32767,32767,32767
635001188,32767,32767,32767,32767,32767,32767
635006187,32767,32767,32767,32767,32767,32767
635011211,32767,32767,32767,32767,32767,-12
635016188,32767,32767,32767,32767,32767,32767
635021188,32767,32767,32767,32767,32767,32767
635026210,32767,32767,32767,32767,32767,32767
635031188,32767,32767,32767,32767,32767,32767
635036188,32767,32767,32767,32767,32767,32767
635041210,32767,32767,32767,32767,32767,32767
635046188,32767,32767,32767,32767,32767,32767
635051188,32767,32767,32767,32767,32767,32767
635056210,32767,32767,32767,32767,-3,32767
635061188,32767,32767,32767,-38,32767,32767
635066188,32767,32767,32767,32767,32767,32767
635071210,32767,32767,32767,32767,32767,32767
635076188,32767,32767,32767,32767,32767,32767
635081188,32767,32767,32767,32767,32767,32767
635086210,32767,32767,32767,32767,32767,32767
635091191,32767,32767,32767,32767,32767,32767
635096187,32767,32767,32767,32767,32767,1
635101210,32767,32767,32767,-6,32767,32767
635106188,32767,32767,32767,32767,-2,32767
635111188,32767,32767,32767,32767,32767,32767
635116210,32767,32767,32767,32767,32767,32767
635121188,32767,32767,32767,32767,32767,32767
635126188,32767,32767,32767,32767,32767,32767
635131211,32767,32767,32767,32767,32767,32767
635136188,32767,32767,32767,32767,32767,32767
635141188,32767,32767,32767,32767,32767,32767
635146211,32767,32767,32767,32767,32767,32767
635151188,32767,32767,32767,32767,32767,32767
635156188,32767,32767,32767,32767,32767,32767
635161211,32767,32767,32767,32767,32767,32767
635166188,32767,32767,32767,32767,32767,32767
635171188,32767,32767,32767,32767,32767,32767
635176210,32767,32767,32767,32767,32767,32767
635181188,32767,32767,32767,32767,32767,32767
635186188,32767,32767,32767,32767,32767,-34
635191211,32767,32767,32767,-39,32767,32767
635196188,32767,32767,32767,32767,32767,32767
635201188,32767,32767,32767,32767,32767,32767
635206210,32767,32767,32767,32767,-3,32767
635211189,32767,32767,32767,32767,32767,32767
635216187,32767,32767,32767,32767,32767,32767
635221210,32767,32767,32767,32767,32767,32767
635226188,32767,32767,32767,32767,32767,32767
635231188,32767,32767,32767,-6,32767,32767
635236210,32767,32767,32767,32767,32767,32767
635241188,32767,32767,32767,32767,32767,32767
635246188,32767,32767,32767,32767,32767,32767
635251211,32767,32767,32767,32767,32767,32767
635256188,32767,32767,32767,32767,-3,32767
635261187,32767,32767,32767,32767,32767,32767
635266210,32767,32767,32767,32767,32767,32767
635271189,32767,32767,32767,32767,32767,32767
635276187,32767,32767,32767,32767,32767,32767
635281211,32767,32767,32767,32767,32767,32767
635286188,32767,32767,32767,32767,32767,-42
635291188,32767,32767,32767,32767,32767,32767
635296210,32767,32767,32767,32767,32767,32767
635301188,32767,32767,32767,32767,32767,32767
635306187,32767,32767,32767,32767,32767,32767
635311211,32767,32767,32767,32767,32767,32767
635316188,32767,32767,32767,32767,32767,32767
635321188,32767,32767,32767,-39,32767,32767
635326210,32767,32767,32767,32767,32767,32767
635331188,32767,32767,32767,32767,32767,32767
635336188,32767,32767,32767,32767,32767,32767
635341211,32767,32767,32767,32767,32767,32767
635346188,32767,32767,32767,32767,32767,32767
635351188,32767,32767,32767,32767,32767,32767
635356210,32767,32767,32767,32767,-3,32767
635361188,32767,32767,32767,-7,32767,32767
635366188,32767,32767,32767,32767,32767,32767
635371211,32767,32767,32767,32767,32767,32767
635376187,32767,32767,32767,32767,32767,32767
635381188,32767,32767,32767,32767,32767,32767
635386210,32767,32767,32767,32767,32767,-26
635391188,32767,32767,32767,32767,32767,32767
635396188,32767,32767,32767,32767,32767,32767
635401213,32767,32767,32767,32767,32767,32767
635406188,32767,32767,32767,32767,-2,32767
635411188,32767,32767,32767,32767,32767,32767
635416210,32767,32767,32767,32767,32767,32767
635421188,32767,32767,32767,32767,32767,32767
635426187,32767,32767,32767,32767,32767,32767
635431211,32767,32767,32767,32767,32767,32767
635436188,32767,32767,32767,32767,32767,32767
635441188,32767,32767,32767,32767,32767,32767
635446210,32767,32767,32767,32767,32767,32767
635451188,32767,32767,32767,-41,32767,32767
635456187,32767,32767,32767,32767,32767,32767
635461211,32767,32767,32767,32767,32767,32767
635466188,32767,32767,32767,32767,32767,32767
635471188,32767,32767,32767,32767,32767,32767
635476210,32767,32767,32767,32767,32767,32767
635481188,32767,32767,32767,32767,32767,32767
635486188,32767,32767,32767,32767,32767,32767
635491210,32767,32767,32767,-9,32767,32767
635496188,32767,32767,32767,32767,32767,32767
635501188,32767,32767,32767,32767,32767,32767
635506210,32767,32767,32767,32767,-3,32767
635511190,32767,32767,32767,32767,32767,-40
635516188,32767,32767,32767,32767,32767,32767
635521211,32767,32767,32767,32767,32767,32767
635526188,32767,32767,32767,32767,32767,32767
635531188,32767,32767,32767,32767,32767,32767
635536210,32767,32767,32767,32767,32767,32767
635541188,32767,32767,32767,32767,32767,32767
635546187,32767,32767,32767,32767,32767,32767
635551211,32767,32767,32767,32767,32767,32767
635556187,32767,32767,32767,32767,-3,32767
635561188,32767,32767,32767,32767,32767,32767
635566211,32767,32767,32767,32767,32767,32767
635571187,32767,32767,32767,32767,32767,32767
635576187,32767,32767,32767,32767,32767,32767
635581211,32767,32767,32767,-43,32767,32767
635586187,32767,32767,32767,32767,32767,32767
635591188,32767,32767,32767,32767,32767,32767
635596211,32767,32767,32767,32767,32767,32767
635601187,32767,32767,32767,32767,32767,32767
635606188,32767,32767,32767,32767,32767,-42
635611212,32767,32767,32767,32767,32767,32767
635616187,32767,32767,32767,32767,32767,32767
635621188,32767,32767,32767,-9,32767,32767
635626211,32767,32767,32767,32767,32767,32767
635631188,32767,32767,32767,32767,32767,32767
635636187,32767,32767,32767,32767,32767,32767
635641212,32767,32767,32767,32767,32767,32767
635646187,32767,32767,32767,32767,32767,32767
635651188,32767,32767,32767,32767,32767,32767
635656211,32767,32767,32767,32767,-4,32767
635661187,32767,32767,32767,32767,32767,32767
635666188,32767,32767,32767,32767,32767,32767
635671213,32767,32767,32767,32767,32767,32767
635676187,32767,32767,32767,32767,32767,32767
635681188,32767,32767,32767,32767,32767,32767
635686211,32767,32767,32767,32767,32767,32767
635691188,32767,32767,32767,32767,32767,32767
635696188,32767,32767,32767,32767,32767,32767
635701212,32767,32767,32767,32767,32767,32767
635706187,32767,32767,32767,32767,-2,32767
635711188,32767,32767,32767,-43,32767,-44
635716211,32767,32767,32767,32767,32767,32767
635721187,32767,32767,32767,32767,32767,32767
635726188,32767,32767,32767,32767,32767,32767
635731212,32767,32767,32767,32767,32767,32767
635736187,32767,32767,32767,32767,32767,32767
635741188,32767,32767,32767,32767,32767,32767
635746211,32767,32767,32767,32767,32767,32767
635751188,32767,32767,32767,-10,32767,32767
635756188,32767,32767,32767,32767,32767,32767
635761235,32767,32767,32767,32767,32767,32767
635766187,32767,32767,32767,32767,32767,32767
635771188,32767,32767,32767,32767,32767,32767
635776211,32767,32767,32767,32767,32767,32767
635781188,32767,32767,32767,32767,32767,32767
635786188,32767,32767,32767,32767,32767,32767
635791212,32767,32767,32767,32767,32767,32767
635796190,32767,32767,32767,32767,32767,32767
635801188,32767,32767,32767,32767,32767,32767
635806211,32767,32767,32767,32767,-3,-20
635811188,32767,32767,32767,32767,32767,32767
635816188,32767,32767,32767,32767,32767,32767
635821211,32767,32767,32767,32767,32767,32767
635826187,32767,32767,32767,32767,32767,32767
635831188,32767,32767,32767,32767,32767,32767
635836211,32767,32767,32767,32767,32767,32767
635841188,32767,32767,32767,-44,32767,32767
635846188,32767,32767,32767,32767,32767,32767
635851212,32767,32767,32767,32767,32767,32767
635856187,32767,32767,32767,32767,-3,32767
635861188,32767,32767,32767,32767,32767,32767
635866211,32767,32767,32767,32767,32767,32767
635871187,32767,32767,32767,32767,32767,32767
635876187,32767,32767,32767,32767,32767,32767
635881212,32767,32767,32767,-11,32767,32767
635886187,32767,32767,32767,32767,32767,32767
635891188,32767,32767,32767,32767,32767,32767
635896211,32767,32767,32767,32767,32767,32767
635901188,32767,32767,32767,32767,32767,32767
635906187,32767,32767,32767,32767,32767,-7
635911211,32767,32767,32767,32767,32767,32767
635916187,32767,32767,32767,32767,32767,32767
635921188,32767,32767,32767,32767,32767,32767
635926211,32767,32767,32767,32767,32767,32767
635931187,32767,32767,32767,32767,32767,32767
635936188,32767,32767,32767,32767,32767,32767
635941211,32767,32767,32767,32767,32767,32767
635946187,32767,32767,32767,32767,32767,32767
635951188,32767,32767,32767,32767,32767,32767
635956210,32767,32767,32767,32767,-4,32767
635961188,32767,32767,32767,32767,32767,32767
635966188,32767,32767,32767,32767,32767,32767
635971211,32767,32767,32767,-46,32767,32767
635976187,32767,32767,32767,32767,32767,32767
635981188,32767,32767,32767,32767,32767,32767
635986210,32767,32767,32767,32767,32767,32767
635991188,32767,32767,32767,32767,32767,32767
635996191,32767,32767,32767,32767,32767,32767
636001211,32767,32767,32767,32767,32767,32767
636006187,32767,32767,32767,32767,-2,-38
636011188,32767,32767,32767,-11,32767,32767
636016210,32767,32767,32767,32767,32767,32767
636021187,32767,32767,32767,32767,32767,32767
636026188,32767,32767,32767,32767,32767,32767
636031211,32767,32767,32767,32767,32767,32767
636036187,32767,32767,32767,32767,32767,32767
636041188,32767,32767,32767,32767,32767,32767
636046210,32767,32767,32767,32767,32767,32767
636051187,32767,32767,32767,32767,32767,32767
636056188,32767,32767,32767,32767,32767,32767
636061211,32767,32767,32767,32767,32767,32767
636066188,32767,32767,32767,32767,32767,32767
636071190,32767,32767,32767,32767,32767,32767
636076211,32767,32767,32767,32767,32767,32767
636081188,32767,32767,32767,32767,32767,32767
636086188,32767,32767,32767,32767,32767,32767
636091211,32767,32767,32767,32767,32767,32767
636096187,32767,32767,32767,32767,32767,32767
636101188,32767,32767,32767,-46,32767,32767
636106210,32767,32767,32767,32767,-3,32767
636111188,32767,32767,32767,32767,32767,-45
636116187,32767,32767,32767,32767,32767,32767
636121211,32767,32767,32767,32767,32767,32767
636126188,32767,32767,32767,32767,32767,32767
636131190,32767,32767,32767,32767,32767,32767
636136210,32767,32767,32767,32767,32767,32767
636141188,32767,32767,32767,-13,32767,32767
636146188,32767,32767,32767,32767,32767,32767
636151211,32767,32767,32767,32767,32767,32767
636156187,32767,32767,32767,32767,-3,32767
636161190,32767,32767,32767,32767,32767,32767
636166210,32767,32767,32767,32767,32767,32767
636171188,32767,32767,32767,32767,32767,32767
636176188,32767,32767,32767,32767,32767,32767
636181211,32767,32767,32767,32767,32767,32767
636186188,32767,32767,32767,32767,32767,32767
636191188,32767,32767,32767,32767,32767,32767
636196210,32767,32767,32767,32767,32767,32767
636201188,32767,32767,32767,32767,32767,32767
636206188,32767,32767,32767,32767,32767,32767
636211211,32767,32767,32767,32767,32767,-12
636216188,32767,32767,32767,32767,32767,32767
636221188,32767,32767,32767,32767,32767,32767
636226210,32767,32767,32767,2,32767,32767
636231189,32767,32767,32767,32767,32767,32767
636236188,32767,32767,32767,32767,32767,32767
636241211,32767,32767,32767,32767,32767,32767
636246188,32767,32767,32767,32767,32767,32767
636251188,32767,32767,32767,32767,32767,32767
636256210,32767,32767,32767,32767,-4,32767
636261188,32767,32767,32767,32767,32767,32767
636266188,32767,32767,32767,32767,32767,32767
636271211,32767,32767,32767,-14,32767,32767
636276188,32767,32767,32767,32767,32767,32767
636281188,32767,32767,32767,32767,32767,32767
636286210,32767,32767,32767,32767,32767,32767
636291188,32767,32767,32767,32767,32767,32767
636296188,32767,32767,32767,32767,32767,32767
636301211,32767,32767,32767,32767,32767,32767
636306188,32767,32767,32767,32767,-2,-19
636311188,32767,32767,32767,32767,32767,32767
636316210,32767,32767,32767,32767,32767,32767
636321188,32767,32767,32767,32767,32767,32767
636326188,32767,32767,32767,32767,32767,32767
636331210,32767,32767,32767,32767,32767,32767
636336188,32767,32767,32767,32767,32767,32767
636341188,32767,32767,32767,32767,32767,32767
636346210,32767,32767,32767,32767,32767,32767
636351188,32767,32767,32767,32767,32767,32767
636356188,32767,32767,32767,2,32767,32767
636361210,32767,32767,32767,32767,32767,32767
636366188,32767,32767,32767,32767,32767,32767
636371188,32767,32767,32767,32767,32767,32767
636376210,32767,32767,32767,32767,32767,32767
636381188,32767,32767,32767,32767,32767,32767
636386187,32767,32767,32767,32767,32767,32767
636391211,32767,32767,32767,32767,32767,32767
636396188,32767,32767,32767,32767,32767,32767
636401188,32767,32767,32767,-14,32767,-5
636406210,32767,32767,32767,32767,-3,32767
636411188,32767,32767,32767,32767,32767,32767
636416188,32767,32767,32767,32767,32767,32767
636421211,32767,32767,32767,32767,32767,32767
636426187,32767,32767,32767,32767,32767,32767
636431188,32767,32767,32767,32767,32767,32767
636436210,32767,32767,32767,32767,32767,32767
636441188,32767,32767,32767,32767,32767,32767
636446188,32767,32767,32767,32767,32767,32767
636451211,32767,32767,32767,32767,32767,32767
636456188,32767,32767,32767,32767,-3,32767
636461188,32767,32767,32767,32767,32767,32767
636466210,32767,32767,32767,32767,32767,32767
636471188,32767,32767,32767,32767,32767,32767
636476188,32767,32767,32767,32767,32767,32767
636481210,32767,32767,32767,32767,32767,32767
636486188,32767,32767,32767,2,32767,32767
636491188,32767,32767,32767,32767,32767,32767
636496210,32767,32767,32767,32767,32767,32767
636501188,32767,32767,32767,32767,32767,32767
636506188,32767,32767,32767,32767,32767,-44
636511211,32767,32767,32767,32767,32767,32767
636516188,32767,32767,32767,32767,32767,32767
636521188,32767,32767,32767,32767,32767,32767
636526210,32767,32767,32767,32767,32767,32767
636531188,32767,32767,32767,-16,32767,32767
636536187,32767,32767,32767,32767,32767,32767
636541211,32767,32767,32767,32767,32767,32767
636546188,32767,32767,32767,32767,32767,32767
636551188,32767,32767,32767,32767,32767,32767
636556210,32767,32767,32767,32767,-4,32767
636561188,32767,32767,32767,32767,32767,32767
636566188,32767,32767,32767,32767,32767,32767
636571211,32767,32767,32767,32767,32767,32767
636576188,32767,32767,32767,32767,32767,32767
636581188,32767,32767,32767,32767,32767,32767
636586210,32767,32767,32767,32767,32767,32767
636591188,32767,32767,32767,32767,32767,32767
636596190,32767,32767,32767,32767,32767,32767
636601210,32767,32767,32767,32767,32767,32767
636606188,32767,32767,32767,32767,-2,-26
636611189,32767,32767,32767,32767,32767,32767
636616210,32767,32767,32767,-1,32767,32767
636621188,32767,32767,32767,32767,32767,32767
636626188,32767,32767,32767,32767,32767,32767
636631211,32767,32767,32767,32767,32767,32767
636636188,32767,32767,32767,32767,32767,32767
636641188,32767,32767,32767,32767,32767,32767
636646213,32767,32767,32767,32767,32767,32767
636651187,32767,32767,32767,32767,32767,32767
636656187,32767,32767,32767,32767,32767,32767
636661211,32767,32767,32767,-18,32767,32767
636666188,32767,32767,32767,32767,32767,32767
636671188,32767,32767,32767,32767,32767,32767
636676210,32767,32767,32767,32767,32767,32767
636681189,32767,32767,32767,32767,32767,32767
636686187,32767,32767,32767,32767,32767,32767
636691211,32767,32767,32767,32767,32767,32767
636696188,32767,32767,32767,32767,32767,32767
636701188,32767,32767,32767,32767,32767,32767
636706210,32767,32767,32767,32767,-3,-1
636711188,32767,32767,32767,32767,32767,32767
636716186,32767,32767,32767,32767,32767,32767
636721211,32767,32767,32767,32767,32767,32767
636726188,32767,32767,32767,32767,32767,32767
636731188,32767,32767,32767,32767,32767,32767
636736210,32767,32767,32767,32767,32767,32767
636741188,32767,32767,32767,32767,32767,32767
636746187,32767,32767,32767,0,32767,32767
636751211,32767,32767,32767,32767,32767,32767
636756188,32767,32767,32767,32767,-2,32767
636761193,32767,32767,32767,32767,32767,32767
636766210,32767,32767,32767,32767,32767,32767
636771189,32767,32767,32767,32767,32767,32767
636776187,32767,32767,32767,32767,32767,32767
636781211,32767,32767,32767,32767,32767,32767
636786188,32767,32767,32767,32767,32767,-29
636791188,32767,32767,32767,-18,32767,32767
636796210,32767,32767,32767,32767,32767,32767
636801188,32767,32767,32767,32767,32767,32767
636806187,32767,32767,32767,32767,32767,32767
636811211,32767,32767,32767,32767,32767,32767
636816188,32767,32767,32767,32767,32767,32767
636821187,32767,32767,32767,32767,32767,32767
636826210,32767,32767,32767,32767,32767,32767
636831188,32767,32767,32767,32767,32767,32767
636836187,32767,32767,32767,32767,32767,32767
636841210,32767,32767,32767,32767,32767,32767
636846188,32767,32767,32767,32767,32767,32767
636851188,32767,32767,32767,32767,32767,32767
636856210,32767,32767,32767,32767,-4,32767
636861188,32767,32767,32767,32767,32767,32767
636866186,32767,32767,32767,32767,32767,32767
636871211,32767,32767,32767,32767,32767,32767
636876188,32767,32767,32767,-1,32767,32767
636881188,32767,32767,32767,32767,32767,32767
636886210,32767,32767,32767,32767,32767,32767
636891189,32767,32767,32767,32767,32767,32767
636896186,32767,32767,32767,32767,32767,32767
636901211,32767,32767,32767,32767,32767,32767
636906188,32767,32767,32767,32767,-2,32767
636911188,32767,32767,32767,32767,32767,32767
636916210,32767,32767,32767,32767,32767,32767
636921188,32767,32767,32767,-19,32767,32767
636926187,32767,32767,32767,32767,32767,-44
636931211,32767,32767,32767,32767,32767,32767
636936188,32767,32767,32767,32767,32767,32767
636941188,32767,32767,32767,32767,32767,32767
636946210,32767,32767,32767,32767,32767,32767
636951188,32767,32767,32767,32767,32767,32767
636956187,32767,32767,32767,32767,32767,32767
636961211,32767,32767,32767,32767,32767,32767
636966188,32767,32767,32767,32767,32767,32767
636971187,32767,32767,32767,32767,32767,32767
636976210,32767,32767,32767,32767,32767,32767
636981188,32767,32767,32767,32767,32767,32767
636986187,32767,32767,32767,32767,32767,32767
636991211,32767,32767,32767,32767,32767,32767
636996188,32767,32767,32767,32767,32767,-38
637001190,32767,32767,32767,32767,32767,32767
637006210,32767,32767,32767,-4,-3,32767
637011188,32767,32767,32767,32767,32767,32767
637016187,32767,32767,32767,32767,32767,32767
637021211,32767,32767,32767,32767,32767,32767
637026188,32767,32767,32767,32767,32767,32767
637031187,32767,32767,32767,32767,32767,32767
637036210,32767,32767,32767,32767,32767,32767
637041188,32767,32767,32767,32767,32767,32767
637046187,32767,32767,32767,32767,32767,32767
637051211,32767,32767,32767,-20,32767,32767
637056188,32767,32767,32767,32767,-3,32767
637061187,32767,32767,32767,32767,32767,32767
637066210,32767,32767,32767,32767,32767,32767
637071188,32767,32767,32767,32767,32767,32767
637076187,32767,32767,32767,32767,32767,32767
637081211,32767,32767,32767,32767,32767,32767
637086188,32767,32767,32767,32767,32767,-2
637091188,32767,32767,32767,32767,32767,32767
637096211,32767,32767,32767,32767,32767,32767
637101188,32767,32767,32767,32767,32767,32767
637106187,32767,32767,32767,32767,32767,32767
637111211,32767,32767,32767,32767,32767,32767
637116188,32767,32767,32767,32767,32767,32767
637121188,32767,32767,32767,32767,32767,32767
637126213,32767,32767,32767,32767,32767,32767
637131188,32767,32767,32767,32767,32767,32767
637136186,32767,32767,32767,-4,32767,32767
637141211,32767,32767,32767,32767,32767,32767
637146188,32767,32767,32767,32767,32767,32767
637151187,32767,32767,32767,32767,32767,32767
637156211,32767,32767,32767,32767,-4,32767
637161188,32767,32767,32767,32767,32767,32767
637166187,32767,32767,32767,32767,32767,32767
637171211,32767,32767,32767,32767,32767,32767
637176188,32767,32767,32767,32767,32767,32767
637181188,32767,32767,32767,-21,32767,32767
637186211,32767,32767,32767,32767,32767,-20
637191188,32767,32767,32767,32767,32767,32767
637196187,32767,32767,32767,32767,32767,32767
637201211,32767,32767,32767,32767,32767,32767
637206188,32767,32767,32767,32767,-2,32767
637211187,32767,32767,32767,32767,32767,32767
637216211,32767,32767,32767,32767,32767,32767
637221188,32767,32767,32767,32767,32767,32767
637226187,32767,32767,32767,32767,32767,32767
637231211,32767,32767,32767,32767,32767,32767
637236188,32767,32767,32767,32767,32767,32767
637241187,32767,32767,32767,32767,32767,32767
637246211,32767,32767,32767,32767,32767,32767
637251188,32767,32767,32767,32767,32767,32767
637256187,32767,32767,32767,32767,32767,32767
637261205,32767,32767,32767,32767,32767,32767
637266188,32767,32767,32767,-5,32767,32767
637271188,32767,32767,32767,32767,32767,32767
637276211,32767,32767,32767,32767,32767,32767
637281188,32767,32767,32767,32767,32767,32767
637286186,32767,32767,32767,32767,32767,-29
637291212,32767,32767,32767,32767,32767,32767
637296189,32767,32767,32767,32767,32767,32767
637301188,32767,32767,32767,32767,32767,32767
637306210,32767,32767,32767,32767,-3,32767
637311189,32767,32767,32767,-21,32767,32767
637316186,32767,32767,32767,32767,32767,32767
637321211,32767,32767,32767,32767,32767,32767
637326188,32767,32767,32767,32767,32767,32767
637331187,32767,32767,32767,32767,32767,32767
637336211,32767,32767,32767,32767,32767,32767
637341188,32767,32767,32767,32767,32767,32767
637346187,32767,32767,32767,32767,32767,32767
637351211,32767,32767,32767,32767,32767,32767
637356187,32767,32767,32767,32767,-3,32767
637361187,32767,32767,32767,32767,32767,32767
637366211,32767,32767,32767,32767,32767,32767
637371187,32767,32767,32767,32767,32767,32767
637376187,32767,32767,32767,32767,32767,32767
637381213,32767,32767,32767,32767,32767,32767
637386186,32767,32767,32767,32767,32767,-39
637391188,32767,32767,32767,32767,32767,32767
637396211,32767,32767,32767,-7,32767,32767
637401188,32767,32767,32767,32767,32767,32767
637406187,32767,32767,32767,32767,32767,32767
637411213,32767,32767,32767,32767,32767,32767
637416187,32767,32767,32767,32767,32767,32767
637421188,32767,32767,32767,32767,32767,32767
637426211,32767,32767,32767,32767,32767,32767
637431188,32767,32767,32767,32767,32767,32767
637436187,32767,32767,32767,32767,32767,32767
637441212,32767,32767,32767,-24,32767,32767
637446187,32767,32767,32767,32767,32767,32767
637451187,32767,32767,32767,32767,32767,32767
637456211,32767,32767,32767,32767,-3,32767
637461188,32767,32767,32767,32767,32767,32767
637466188,32767,32767,32767,32767,32767,32767
637471212,32767,32767,32767,32767,32767,32767
637476187,32767,32767,32767,32767,32767,32767
637481188,32767,32767,32767,32767,32767,32767
637486211,32767,32767,32767,32767,32767,32767
637491187,32767,32767,32767,32767,32767,32767
637496188,32767,32767,32767,32767,32767,32767
637501212,32767,32767,32767,32767,32767,32767
637506187,32767,32767,32767,32767,-2,32767
637511188,32767,32767,32767,32767,32767,-34
637516211,32767,32767,32767,32767,32767,32767
637521187,32767,32767,32767,32767,32767,32767
637526187,32767,32767,32767,-7,32767,32767
637531212,32767,32767,32767,32767,32767,32767
637536187,32767,32767,32767,32767,32767,32767
637541188,32767,32767,32767,32767,32767,32767
637546211,32767,32767,32767,32767,32767,32767
637551188,32767,32767,32767,32767,32767,32767
637556187,32767,32767,32767,32767,32767,32767
637561211,32767,32767,32767,32767,32767,32767
637566187,32767,32767,32767,32767,32767,32767
637571188,32767,32767,32767,-23,32767,32767
637576211,32767,32767,32767,32767,32767,32767
637581188,32767,32767,32767,32767,32767,32767
637586188,32767,32767,32767,32767,32767,32767
637591211,32767,32767,32767,32767,32767,32767
637596187,32767,32767,32767,32767,32767,32767
637601188,32767,32767,32767,32767,32767,32767
637606211,32767,32767,32767,32767,-3,-7
637611187,32767,32767,32767,32767,32767,32767
637616188,32767,32767,32767,32767,32767,32767
637621212,32767,32767,32767,32767,32767,32767
637626186,32767,32767,32767,32767,32767,32767
637631188,32767,32767,32767,32767,32767,32767
637636211,32767,32767,32767,32767,32767,32767
637641188,32767,32767,32767,32767,32767,32767
637646188,32767,32767,32767,32767,32767,32767
637651211,32767,32767,32767,32767,32767,32767
637656187,32767,32767,32767,-8,-2,32767
637661188,32767,32767,32767,32767,32767,32767
637666211,32767,32767,32767,32767,32767,32767
637671188,32767,32767,32767,32767,32767,32767
637676192,32767,32767,32767,32767,32767,32767
637681211,32767,32767,32767,32767,32767,32767
637686187,32767,32767,32767,32767,32767,-31
637691188,32767,32767,32767,32767,32767,32767
637696212,32767,32767,32767,32767,32767,32767
637701188,32767,32767,32767,-25,32767,32767
637706188,32767,32767,32767,32767,32767,32767
637711211,32767,32767,32767,32767,32767,32767
637716187,32767,32767,32767,32767,32767,32767
637721188,32767,32767,32767,32767,32767,32767
637726210,32767,32767,32767,32767,32767,32767
637731188,32767,32767,32767,32767,32767,32767
637736188,32767,32767,32767,32767,32767,32767
637741212,32767,32767,32767,32767,32767,32767
637746187,32767,32767,32767,32767,32767,32767
637751188,32767,32767,32767,32767,32767,32767
637756210,32767,32767,32767,32767,-4,32767
637761206,32767,32767,32767,32767,32767,32767
637766188,32767,32767,32767,32767,32767,32767
637771211,32767,32767,32767,32767,32767,32767
637776187,32767,32767,32767,32767,32767,32767
637781190,32767,32767,32767,32767,32767,32767
637786210,32767,32767,32767,-10,32767,32767
637791187,32767,32767,32767,32767,32767,32767
637796191,32767,32767,32767,32767,32767,32767
637801211,32767,32767,32767,32767,32767,32767
637806187,32767,32767,32767,32767,-2,-19
637811188,32767,32767,32767,32767,32767,32767
637816210,32767,32767,32767,32767,32767,32767
637821188,32767,32767,32767,32767,32767,32767
637826188,32767,32767,32767,32767,32767,32767
637831211,32767,32767,32767,-27,32767,32767
637836187,32767,32767,32767,32767,32767,32767
637841188,32767,32767,32767,32767,32767,32767
637846210,32767,32767,32767,32767,32767,32767
637851188,32767,32767,32767,32767,32767,32767
637856187,32767,32767,32767,32767,32767,32767
637861211,32767,32767,32767,32767,32767,32767
637866188,32767,32767,32767,32767,32767,32767
637871188,32767,32767,32767,32767,32767,32767
637876210,32767,32767,32767,32767,32767,32767
637881188,32767,32767,32767,32767,32767,32767
637886188,32767,32767,32767,32767,32767,-20
637891211,32767,32767,32767,32767,32767,32767
637896188,32767,32767,32767,32767,32767,32767
637901192,32767,32767,32767,32767,32767,32767
637906210,32767,32767,32767,32767,-3,32767
637911188,32767,32767,32767,32767,32767,32767
637916188,32767,32767,32767,-10,32767,32767
637921212,32767,32767,32767,32767,32767,32767
637926187,32767,32767,32767,32767,32767,32767
637931188,32767,32767,32767,32767,32767,32767
637936210,32767,32767,32767,32767,32767,32767
637941188,32767,32767,32767,32767,32767,32767
637946188,32767,32767,32767,32767,32767,32767
637951211,32767,32767,32767,32767,32767,32767
637956188,32767,32767,32767,32767,-3,32767
637961188,32767,32767,32767,-26,32767,32767
637966210,32767,32767,32767,32767,32767,32767
637971188,32767,32767,32767,32767,32767,32767
637976188,32767,32767,32767,32767,32767,32767
637981211,32767,32767,32767,32767,32767,32767
637986187,32767,32767,32767,32767,32767,32767
637991190,32767,32767,32767,32767,32767,32767
637996210,32767,32767,32767,32767,32767,32767
638001188,32767,32767,32767,32767,32767,32767
638006188,32767,32767,32767,32767,32767,32767
638011211,32767,32767,32767,32767,32767,-47
638016188,32767,32767,32767,32767,32767,32767
638021188,32767,32767,32767,32767,32767,32767
638026210,32767,32767,32767,32767,32767,32767
638031188,32767,32767,32767,32767,32767,32767
638036187,32767,32767,32767,32767,32767,32767
638041211,32767,32767,32767,32767,32767,32767
638046188,32767,32767,32767,-10,32767,32767
638051189,32767,32767,32767,32767,32767,32767
638056210,32767,32767,32767,32767,-4,32767
638061188,32767,32767,32767,32767,32767,32767
638066188,32767,32767,32767,32767,32767,32767
638071211,32767,32767,32767,32767,32767,32767
638076188,32767,32767,32767,32767,32767,32767
638081188,32767,32767,32767,32767,32767,32767
638086210,32767,32767,32767,32767,32767,32767
638091188,32767,32767,32767,-28,32767,32767
638096188,32767,32767,32767,32767,32767,32767
638101211,32767,32767,32767,32767,32767,32767
638106188,32767,32767,32767,32767,-2,32767
638111188,32767,32767,32767,32767,32767,32767
638116210,32767,32767,32767,32767,32767,32767
638121188,32767,32767,32767,32767,32767,-22
638126188,32767,32767,32767,32767,32767,32767
638131211,32767,32767,32767,32767,32767,32767
638136188,32767,32767,32767,32767,32767,32767
638141188,32767,32767,32767,32767,32767,32767
638146210,32767,32767,32767,32767,32767,32767
638151188,32767,32767,32767,32767,32767,32767
638156188,32767,32767,32767,32767,32767,32767
638161211,32767,32767,32767,32767,32767,32767
638166188,32767,32767,32767,32767,32767,32767
638171190,32767,32767,32767,32767,32767,32767
638176210,32767,32767,32767,-12,32767,32767
638181188,32767,32767,32767,32767,32767,32767
638186187,32767,32767,32767,32767,32767,32767
638191211,32767,32767,32767,32767,32767,32767
638196188,32767,32767,32767,32767,32767,32767
638201188,32767,32767,32767,32767,32767,32767
638206210,32767,32767,32767,32767,-3,-31
638211188,32767,32767,32767,32767,32767,32767
638216188,32767,32767,32767,32767,32767,32767
638221211,32767,32767,32767,-30,32767,32767
638226188,32767,32767,32767,32767,32767,32767
638231188,32767,32767,32767,32767,32767,32767
638236210,32767,32767,32767,32767,32767,32767
638241188,32767,32767,32767,32767,32767,32767
638246188,32767,32767,32767,32767,32767,32767
638251211,32767,32767,32767,32767,32767,32767
638256188,32767,32767,32767,32767,-3,32767
638261212,32767,32767,32767,32767,32767,32767
638266210,32767,32767,32767,32767,32767,32767
638271188,32767,32767,32767,32767,32767,32767
638276187,32767,32767,32767,32767,32767,32767
638281211,32767,32767,32767,32767,32767,32767
638286187,32767,32767,32767,32767,32767,32767
638291188,32767,32767,32767,32767,32767,32767
638296210,32767,32767,32767,32767,32767,32767
638301188,32767,32767,32767,32767,32767,32767
638306188,32767,32767,32767,-13,32767,-34
638311211,32767,32767,32767,32767,32767,32767
638316187,32767,32767,32767,32767,32767,32767
638321188,32767,32767,32767,32767,32767,32767
638326210,32767,32767,32767,32767,32767,32767
638331188,32767,32767,32767,32767,32767,32767
638336188,32767,32767,32767,32767,32767,32767
638341211,32767,32767,32767,32767,32767,32767
638346188,32767,32767,32767,32767,32767,32767
638351188,32767,32767,32767,-30,32767,32767
638356210,32767,32767,32767,32767,-4,32767
638361188,32767,32767,32767,32767,32767,32767
638366188,32767,32767,32767,32767,32767,32767
638371211,32767,32767,32767,32767,32767,32767
638376188,32767,32767,32767,32767,32767,32767
638381188,32767,32767,32767,32767,32767,32767
638386210,32767,32767,32767,32767,32767,32767
638391188,32767,32767,32767,32767,32767,32767
638396190,32767,32767,32767,32767,32767,32767
638401211,32767,32767,32767,32767,32767,32767
638406188,32767,32767,32767,32767,-2,32767
638411188,32767,32767,32767,32767,32767,32767
638416210,32767,32767,32767,32767,32767,-35
638421188,32767,32767,32767,32767,32767,32767
638426188,32767,32767,32767,32767,32767,32767
638431211,32767,32767,32767,32767,32767,32767
638436187,32767,32767,32767,-13,32767,32767
638441188,32767,32767,32767,32767,32767,32767
638446210,32767,32767,32767,32767,32767,32767
638451188,32767,32767,32767,32767,32767,32767
638456188,32767,32767,32767,32767,32767,32767
638461211,32767,32767,32767,32767,32767,32767
638466188,32767,32767,32767,32767,32767,32767
638471188,32767,32767,32767,32767,32767,32767
638476210,32767,32767,32767,32767,32767,32767
638481188,32767,32767,32767,-31,32767,32767
638486187,32767,32767,32767,32767,32767,32767
638491210,32767,32767,32767,32767,32767,32767
638496188,32767,32767,32767,32767,32767,32767
638501191,32767,32767,32767,32767,32767,-2
638506210,32767,32767,32767,32767,-3,32767
638511191,32767,32767,32767,32767,32767,32767
638516187,32767,32767,32767,32767,32767,32767
638521211,32767,32767,32767,32767,32767,32767
638526188,32767,32767,32767,32767,32767,32767
638531187,32767,32767,32767,32767,32767,32767
638536210,32767,32767,32767,32767,32767,32767
638541188,32767,32767,32767,32767,32767,32767
638546186,32767,32767,32767,32767,32767,32767
638551212,32767,32767,32767,32767,32767,32767
638556188,32767,32767,32767,32767,-3,32767
638561187,32767,32767,32767,32767,32767,32767
638566211,32767,32767,32767,-15,32767,32767
638571188,32767,32767,32767,32767,32767,32767
638576186,32767,32767,32767,32767,32767,32767
638581211,32767,32767,32767,32767,32767,32767
638586188,32767,32767,32767,32767,32767,32767
638591187,32767,32767,32767,32767,32767,32767
638596211,32767,32767,32767,32767,32767,32767
638601188,32767,32767,32767,32767,32767,32767
638606187,32767,32767,32767,32767,32767,32767
638611211,32767,32767,32767,-32,32767,-46
638616187,32767,32767,32767,32767,32767,32767
638621188,32767,32767,32767,32767,32767,32767
638626213,32767,32767,32767,32767,32767,32767
638631188,32767,32767,32767,32767,32767,32767
638636187,32767,32767,32767,32767,32767,32767
638641211,32767,32767,32767,32767,32767,32767
638646188,32767,32767,32767,32767,32767,32767
638651187,32767,32767,32767,32767,32767,32767
638656211,32767,32767,32767,32767,-4,32767
638661188,32767,32767,32767,32767,32767,32767
638666187,32767,32767,32767,32767,32767,32767
638671211,32767,32767,32767,32767,32767,32767
638676188,32767,32767,32767,32767,32767,32767
638681187,32767,32767,32767,32767,32767,32767
638686210,32767,32767,32767,32767,32767,32767
638691188,32767,32767,32767,32767,32767,32767
638696186,32767,32767,32767,-16,32767,32767
638701211,32767,32767,32767,32767,32767,32767
638706188,32767,32767,32767,32767,-2,32767
638711187,32767,32767,32767,32767,32767,-46
638716211,32767,32767,32767,32767,32767,32767
638721188,32767,32767,32767,32767,32767,32767
638726187,32767,32767,32767,32767,32767,32767
638731211,32767,32767,32767,32767,32767,32767
638736188,32767,32767,32767,32767,32767,32767
638741187,32767,32767,32767,-33,32767,32767
638746211,32767,32767,32767,32767,32767,32767
638751190,32767,32767,32767,32767,32767,32767
638756187,32767,32767,32767,32767,32767,32767
638761215,32767,32767,32767,32767,32767,32767
638766187,32767,32767,32767,32767,32767,32767
638771188,32767,32767,32767,32767,32767,32767
638776210,32767,32767,32767,32767,32767,32767
638781187,32767,32767,32767,32767,32767,32767
638786187,32767,32767,32767,32767,32767,32767
638791211,32767,32767,32767,32767,32767,32767
638796190,32767,32767,32767,32767,32767,32767
638801188,32767,32767,32767,32767,32767,32767
638806211,32767,32767,32767,32767,-3,32767
638811188,32767,32767,32767,32767,32767,-39
638816186,32767,32767,32767,32767,32767,32767
638821211,32767,32767,32767,32767,32767,32767
638826188,32767,32767,32767,-17,32767,32767
638831188,32767,32767,32767,32767,32767,32767
638836211,32767,32767,32767,32767,32767,32767
638841188,32767,32767,32767,32767,32767,32767
638846186,32767,32767,32767,32767,32767,32767
638851211,32767,32767,32767,32767,32767,32767
638856188,32767,32767,32767,32767,-2,32767
638861188,32767,32767,32767,32767,32767,32767
638866210,32767,32767,32767,32767,32767,32767
638871188,32767,32767,32767,-34,32767,32767
638876187,32767,32767,32767,32767,32767,32767
638881211,32767,32767,32767,32767,32767,32767
638886188,32767,32767,32767,32767,32767,1
638891188,32767,32767,32767,32767,32767,32767
638896211,32767,32767,32767,32767,32767,32767
638901189,32767,32767,32767,32767,32767,32767
638906187,32767,32767,32767,32767,32767,32767
638911211,32767,32767,32767,32767,32767,32767
638916188,32767,32767,32767,32767,32767,32767
638921187,32767,32767,32767,32767,32767,32767
638926211,32767,32767,32767,32767,32767,32767
638931188,32767,32767,32767,32767,32767,32767
638936187,32767,32767,32767,32767,32767,32767
638941212,32767,32767,32767,32767,32767,32767
638946188,32767,32767,32767,32767,32767,32767
638951187,32767,32767,32767,32767,32767,32767
638956211,32767,32767,32767,-19,-3,32767
638961190,32767,32767,32767,32767,32767,32767
638966187,32767,32767,32767,32767,32767,32767
638971215,32767,32767,32767,32767,32767,32767
638976188,32767,32767,32767,32767,32767,32767
638981188,32767,32767,32767,32767,32767,32767
638986211,32767,32767,32767,32767,32767,32767
638991188,32767,32767,32767,32767,32767,32767
638996187,32767,32767,32767,32767,32767,32767
639001211,32767,32767,32767,-36,32767,32767
639006188,32767,32767,32767,32767,-2,32767
639011187,32767,32767,32767,32767,32767,-38
639016210,32767,32767,32767,32767,32767,32767
639021188,32767,32767,32767,32767,32767,32767
639026186,32767,32767,32767,32767,32767,32767
639031211,32767,32767,32767,32767,32767,32767
639036188,32767,32767,32767,32767,32767,32767
639041188,32767,32767,32767,32767,32767,32767
639046211,32767,32767,32767,32767,32767,32767
639051188,32767,32767,32767,32767,32767,32767
639056187,32767,32767,32767,32767,32767,32767
639061211,32767,32767,32767,32767,32767,32767
639066188,32767,32767,32767,32767,32767,32767
639071188,32767,32767,32767,32767,32767,32767
639076211,32767,32767,32767,32767,32767,32767
639081188,32767,32767,32767,32767,32767,32767
639086187,32767,32767,32767,-19,32767,-37
639091211,32767,32767,32767,32767,32767,32767
639096188,32767,32767,32767,32767,32767,32767
639101187,32767,32767,32767,32767,32767,32767
639106211,32767,32767,32767,32767,-3,32767
639111191,32767,32767,32767,32767,32767,32767
639116187,32767,32767,32767,32767,32767,32767
639121211,32767,32767,32767,32767,32767,32767
639126188,32767,32767,32767,32767,32767,32767
639131187,32767,32767,32767,-35,32767,32767
639136211,32767,32767,32767,32767,32767,32767
639141188,32767,32767,32767,32767,32767,32767
639146187,32767,32767,32767,32767,32767,32767
639151211,32767,32767,32767,32767,32767,32767
639156188,32767,32767,32767,32767,-2,32767
639161188,32767,32767,32767,32767,32767,32767
639166211,32767,32767,32767,32767,32767,32767
639171188,32767,32767,32767,32767,32767,32767
639176186,32767,32767,32767,32767,32767,32767
639181211,32767,32767,32767,32767,32767,32767
639186188,32767,32767,32767,32767,32767,32767
639191188,32767,32767,32767,32767,32767,32767
639196211,32767,32767,32767,32767,32767,32767
639201188,32767,32767,32767,32767,32767,32767
639206187,32767,32767,32767,32767,32767,32767
639211211,32767,32767,32767,32767,32767,32767
639216188,32767,32767,32767,-20,32767,32767
639221188,32767,32767,32767,32767,32767,-35
639226211,32767,32767,32767,32767,32767,32767
639231188,32767,32767,32767,32767,32767,32767
639236186,32767,32767,32767,32767,32767,32767
639241211,32767,32767,32767,32767,32767,32767
639246188,32767,32767,32767,32767,32767,32767
639251188,32767,32767,32767,32767,32767,32767
639256211,32767,32767,32767,32767,-4,32767
639261188,32767,32767,32767,-36,32767,32767
639266187,32767,32767,32767,32767,32767,32767
639271211,32767,32767,32767,32767,32767,32767
639276187,32767,32767,32767,32767,32767,32767
639281187,32767,32767,32767,32767,32767,32767
639286211,32767,32767,32767,32767,32767,32767
639291188,32767,32767,32767,32767,32767,32767
639296187,32767,32767,32767,32767,32767,32767
639301210,32767,32767,32767,32767,32767,-16
639306188,32767,32767,32767,32767,-2,32767
639311187,32767,32767,32767,32767,32767,32767
639316211,32767,32767,32767,32767,32767,32767
639321188,32767,32767,32767,32767,32767,32767
639326187,32767,32767,32767,32767,32767,32767
639331211,32767,32767,32767,32767,32767,32767
639336188,32767,32767,32767,32767,32767,32767
639341187,32767,32767,32767,32767,32767,32767
639346211,32767,32767,32767,-22,32767,32767
639351188,32767,32767,32767,32767,32767,32767
639356187,32767,32767,32767,32767,32767,32767
639361211,32767,32767,32767,32767,32767,32767
639366188,32767,32767,32767,32767,32767,32767
639371187,32767,32767,32767,32767,32767,32767
639376211,32767,32767,32767,32767,32767,32767
639381188,32767,32767,32767,32767,32767,32767
639386187,32767,32767,32767,32767,32767,32767
639391211,32767,32767,32767,-39,32767,32767
639396188,32767,32767,32767,32767,32767,32767
639401188,32767,32767,32767,32767,32767,32767
639406211,32767,32767,32767,32767,-3,-18
639411188,32767,32767,32767,32767,32767,32767
639416187,32767,32767,32767,32767,32767,32767
639421211,32767,32767,32767,32767,32767,32767
639426188,32767,32767,32767,32767,32767,32767
639431187,32767,32767,32767,32767,32767,32767
639436211,32767,32767,32767,32767,32767,32767
639441190,32767,32767,32767,32767,32767,32767
639446186,32767,32767,32767,32767,32767,32767
639451211,32767,32767,32767,32767,32767,32767
639456188,32767,32767,32767,32767,-3,32767
639461187,32767,32767,32767,32767,32767,32767
639466211,32767,32767,32767,32767,32767,32767
639471188,32767,32767,32767,32767,32767,32767
639476187,32767,32767,32767,-21,32767,32767
639481211,32767,32767,32767,32767,32767,32767
639486188,32767,32767,32767,32767,32767,32767
639491188,32767,32767,32767,32767,32767,32767
639496211,32767,32767,32767,32767,32767,32767
639501190,32767,32767,32767,32767,32767,32767
639506187,32767,32767,32767,32767,32767,32767
639511211,32767,32767,32767,32767,32767,-22
639516188,32767,32767,32767,32767,32767,32767
639521188,32767,32767,32767,-38,32767,32767
639526211,32767,32767,32767,32767,32767,32767
639531188,32767,32767,32767,32767,32767,32767
639536186,32767,32767,32767,32767,32767,32767
639541211,32767,32767,32767,32767,32767,32767
639546188,32767,32767,32767,32767,32767,32767
639551187,32767,32767,32767,32767,32767,32767
639556211,32767,32767,32767,32767,-3,32767
639561192,32767,32767,32767,32767,32767,32767
639566187,32767,32767,32767,32767,32767,32767
639571211,32767,32767,32767,32767,32767,32767
639576188,32767,32767,32767,32767,32767,32767
639581188,32767,32767,32767,32767,32767,32767
639586211,32767,32767,32767,32767,32767,32767
639591188,32767,32767,32767,32767,32767,32767
639596186,32767,32767,32767,32767,32767,32767
639601211,32767,32767,32767,32767,32767,32767
639606188,32767,32767,32767,-23,-2,-35
639611188,32767,32767,32767,32767,32767,32767
639616211,32767,32767,32767,32767,32767,32767
639621188,32767,32767,32767,32767,32767,32767
639626187,32767,32767,32767,32767,32767,32767
639631211,32767,32767,32767,32767,32767,32767
639636188,32767,32767,32767,32767,32767,32767
639641187,32767,32767,32767,32767,32767,32767
639646212,32767,32767,32767,32767,32767,32767
639651188,32767,32767,32767,-39,32767,32767
639656187,32767,32767,32767,32767,32767,32767
639661211,32767,32767,32767,32767,32767,32767
639666188,32767,32767,32767,32767,32767,32767
639671187,32767,32767,32767,32767,32767,32767
639676211,32767,32767,32767,32767,32767,32767
639681188,32767,32767,32767,32767,32767,32767
639686187,32767,32767,32767,32767,32767,-22
639691211,32767,32767,32767,32767,32767,32767
639696188,32767,32767,32767,32767,32767,32767
639701188,32767,32767,32767,32767,32767,32767
639706211,32767,32767,32767,32767,-3,32767
639711188,32767,32767,32767,32767,32767,32767
639716187,32767,32767,32767,32767,32767,32767
639721211,32767,32767,32767,32767,32767,32767
639726188,32767,32767,32767,32767,32767,32767
639731187,32767,32767,32767,32767,32767,32767
639736211,32767,32767,32767,-24,32767,32767
639741188,32767,32767,32767,32767,32767,32767
639746187,32767,32767,32767,32767,32767,32767
639751211,32767,32767,32767,32767,32767,32767
639756188,32767,32767,32767,32767,-3,32767
639761187,32767,32767,32767,32767,32767,32767
639766210,32767,32767,32767,32767,32767,32767
639771188,32767,32767,32767,32767,32767,32767
639776187,32767,32767,32767,32767,32767,32767
639781211,32767,32767,32767,-42,32767,32767
639786188,32767,32767,32767,32767,32767,32767
639791187,32767,32767,32767,32767,32767,32767
639796211,32767,32767,32767,32767,32767,32767
639801188,32767,32767,32767,32767,32767,32767
639806187,32767,32767,32767,32767,32767,32767
639811211,32767,32767,32767,32767,32767,-30
639816188,32767,32767,32767,32767,32767,32767
639821187,32767,32767,32767,32767,32767,32767
639826211,32767,32767,32767,32767,32767,32767
639831188,32767,32767,32767,32767,32767,32767
639836187,32767,32767,32767,32767,32767,32767
639841211,32767,32767,32767,32767,32767,32767
639846188,32767,32767,32767,32767,32767,32767
639851188,32767,32767,32767,32767,32767,32767
639856211,32767,32767,32767,32767,-4,32767
639861188,32767,32767,32767,32767,32767,32767
639866187,32767,32767,32767,-25,32767,32767
639871214,32767,32767,32767,32767,32767,32767
639876188,32767,32767,32767,32767,32767,32767
639881188,32767,32767,32767,32767,32767,32767
639886211,32767,32767,32767,32767,32767,32767
639891191,32767,32767,32767,32767,32767,32767
639896187,32767,32767,32767,32767,32767,-16
639901211,32767,32767,32767,32767,32767,32767
639906187,32767,32767,32767,32767,-2,32767
639911188,32767,32767,32767,-41,32767,32767
639916211,32767,32767,32767,32767,32767,32767
639921188,32767,32767,32767,32767,32767,32767
639926187,32767,32767,32767,32767,32767,32767
639931211,32767,32767,32767,32767,32767,32767
639936188,32767,32767,32767,32767,32767,32767
639941187,32767,32767,32767,32767,32767,32767
639946211,32767,32767,32767,32767,32767,32767
639951189,32767,32767,32767,32767,32767,32767
639956187,32767,32767,32767,32767,32767,32767
639961211,32767,32767,32767,32767,32767,32767
639966188,32767,32767,32767,32767,32767,32767
639971187,32767,32767,32767,32767,32767,32767
639976211,32767,32767,32767,32767,32767,32767
639981188,32767,32767,32767,32767,32767,32767
639986187,32767,32767,32767,32767,32767,-26
639991211,32767,32767,32767,32767,32767,32767
639996188,32767,32767,32767,-26,32767,32767
640001187,32767,32767,32767,32767,32767,32767
640006211,32767,32767,32767,32767,-3,32767
640011188,32767,32767,32767,32767,32767,32767
640016187,32767,32767,32767,32767,32767,32767
640021211,32767,32767,32767,32767,32767,32767
640026188,32767,32767,32767,32767,32767,32767
640031188,32767,32767,32767,32767,32767,32767
640036211,32767,32767,32767,32767,32767,32767
640041188,32767,32767,32767,-43,32767,32767
640046187,32767,32767,32767,32767,32767,32767
640051211,32767,32767,32767,32767,32767,32767
640056188,32767,32767,32767,32767,-3,32767
640061187,32767,32767,32767,32767,32767,32767
640066211,32767,32767,32767,32767,32767,32767
640071188,32767,32767,32767,32767,32767,32767
640076186,32767,32767,32767,32767,32767,32767
640081211,32767,32767,32767,32767,32767,32767
640086188,32767,32767,32767,32767,32767,-30
640091187,32767,32767,32767,32767,32767,32767
640096211,32767,32767,32767,32767,32767,32767
640101188,32767,32767,32767,32767,32767,32767
640106187,32767,32767,32767,32767,32767,32767
640111211,32767,32767,32767,32767,32767,32767
640116188,32767,32767,32767,32767,32767,32767
640121188,32767,32767,32767,32767,32767,32767
640126213,32767,32767,32767,-27,32767,32767
640131189,32767,32767,32767,32767,32767,32767
640136187,32767,32767,32767,32767,32767,32767
640141211,32767,32767,32767,32767,32767,32767
640146188,32767,32767,32767,32767,32767,32767
640151188,32767,32767,32767,32767,32767,32767
640156211,32767,32767,32767,32767,-4,32767
640161188,32767,32767,32767,32767,32767,32767
640166186,32767,32767,32767,32767,32767,32767
640171211,32767,32767,32767,-45,32767,32767
640176188,32767,32767,32767,32767,32767,32767
640181187,32767,32767,32767,32767,32767,32767
640186210,32767,32767,32767,32767,32767,32767
640191188,32767,32767,32767,32767,32767,32767
640196187,32767,32767,32767,32767,32767,32767
640201211,32767,32767,32767,32767,32767,32767
640206188,32767,32767,32767,32767,-2,32767
640211187,32767,32767,32767,32767,32767,-21
640216211,32767,32767,32767,32767,32767,32767
640221189,32767,32767,32767,32767,32767,32767
640226187,32767,32767,32767,32767,32767,32767
640231211,32767,32767,32767,32767,32767,32767
640236188,32767,32767,32767,32767,32767,32767
640241188,32767,32767,32767,32767,32767,32767
640246211,32767,32767,32767,32767,32767,32767
640251188,32767,32767,32767,32767,32767,32767
640256187,32767,32767,32767,-28,32767,32767
640261211,32767,32767,32767,32767,32767,32767
640266188,32767,32767,32767,32767,32767,32767
640271188,32767,32767,32767,32767,32767,32767
640276211,32767,32767,32767,32767,32767,32767
640281188,32767,32767,32767,32767,32767,32767
640286187,32767,32767,32767,32767,32767,32767
640291211,32767,32767,32767,32767,32767,32767
640296190,32767,32767,32767,32767,32767,32767
640301188,32767,32767,32767,-45,32767,32767
640306213,32767,32767,32767,32767,-3,32767
640311188,32767,32767,32767,32767,32767,-29
640316187,32767,32767,32767,32767,32767,32767
640321211,32767,32767,32767,32767,32767,32767
640326188,32767,32767,32767,32767,32767,32767
640331187,32767,32767,32767,32767,32767,32767
640336211,32767,32767,32767,32767,32767,32767
640341188,32767,32767,32767,32767,32767,32767
640346187,32767,32767,32767,32767,32767,32767
640351211,32767,32767,32767,32767,32767,32767
640356188,32767,32767,32767,32767,-3,32767
640361188,32767,32767,32767,32767,32767,32767
640366211,32767,32767,32767,32767,32767,32767
640371188,32767,32767,32767,32767,32767,32767
640376187,32767,32767,32767,32767,32767,32767
640381211,32767,32767,32767,32767,32767,32767
640386188,32767,32767,32767,-29,32767,-31
640391187,32767,32767,32767,32767,32767,32767
640396211,32767,32767,32767,32767,32767,32767
640401188,32767,32767,32767,32767,32767,32767
640406187,32767,32767,32767,32767,32767,32767
640411211,32767,32767,32767,32767,32767,32767
640416188,32767,32767,32767,32767,32767,32767
640421187,32767,32767,32767,32767,32767,32767
640426211,32767,32767,32767,32767,32767,32767
640431188,32767,32767,32767,-46,32767,32767
640436187,32767,32767,32767,32767,32767,32767
640441211,32767,32767,32767,32767,32767,32767
640446188,32767,32767,32767,32767,32767,32767
640451188,32767,32767,32767,32767,32767,32767
640456211,32767,32767,32767,32767,-4,32767
640461188,32767,32767,32767,32767,32767,32767
640466187,32767,32767,32767,32767,32767,32767
640471211,32767,32767,32767,32767,32767,32767
640476188,32767,32767,32767,32767,32767,32767
640481188,32767,32767,32767,32767,32767,32767
640486211,32767,32767,32767,32767,32767,32767
640491188,32767,32767,32767,32767,32767,32767
640496186,32767,32767,32767,32767,32767,32767
640501211,32767,32767,32767,32767,32767,32767
640506188,32767,32767,32767,32767,-2,-31
640511188,32767,32767,32767,32767,32767,32767
640516211,32767,32767,32767,-31,32767,32767
640521188,32767,32767,32767,32767,32767,32767
640526187,32767,32767,32767,32767,32767,32767
640531211,32767,32767,32767,32767,32767,32767
640536188,32767,32767,32767,32767,32767,32767
640541187,32767,32767,32767,32767,32767,32767
640546210,32767,32767,32767,32767,32767,32767
640551188,32767,32767,32767,32767,32767,32767
640556187,32767,32767,32767,3,32767,32767
640561211,32767,32767,32767,32767,32767,32767
640566206,32767,32767,32767,32767,32767,32767
640571187,32767,32767,32767,32767,32767,32767
640576211,32767,32767,32767,32767,32767,32767
640581188,32767,32767,32767,32767,32767,32767
640586187,32767,32767,32767,32767,32767,-20
640591212,32767,32767,32767,32767,32767,32767
640596188,32767,32767,32767,32767,32767,32767
640601188,32767,32767,32767,32767,32767,32767
640606210,32767,32767,32767,32767,-3,32767
640611188,32767,32767,32767,32767,32767,32767
640616187,32767,32767,32767,32767,32767,32767
640621211,32767,32767,32767,32767,32767,32767
640626188,32767,32767,32767,32767,32767,32767
640631188,32767,32767,32767,32767,32767,32767
640636211,32767,32767,32767,32767,32767,32767
640641188,32767,32767,32767,32767,32767,32767
640646187,32767,32767,32767,-31,32767,32767
640651211,32767,32767,32767,32767,32767,32767
640656187,32767,32767,32767,32767,-3,32767
640661187,32767,32767,32767,32767,32767,32767
640666211,32767,32767,32767,32767,32767,32767
640671188,32767,32767,32767,32767,32767,32767
640676187,32767,32767,32767,32767,32767,32767
640681214,32767,32767,32767,32767,32767,32767
640686187,32767,32767,32767,2,32767,32767
640691187,32767,32767,32767,32767,32767,32767
640696212,32767,32767,32767,32767,32767,32767
640701188,32767,32767,32767,32767,32767,32767
640706187,32767,32767,32767,32767,32767,32767
640711211,32767,32767,32767,32767,32767,32767
640716186,32767,32767,32767,32767,32767,-31
640721188,32767,32767,32767,32767,32767,32767
640726211,32767,32767,32767,32767,32767,32767
640731188,32767,32767,32767,32767,32767,32767
640736187,32767,32767,32767,32767,32767,32767
640741211,32767,32767,32767,32767,32767,32767
640746187,32767,32767,32767,32767,32767,32767
640751188,32767,32767,32767,32767,32767,32767
640756211,32767,32767,32767,32767,-4,32767
640761187,32767,32767,32767,32767,32767,32767
640766187,32767,32767,32767,32767,32767,32767
640771212,32767,32767,32767,32767,32767,32767
640776186,32767,32767,32767,-31,32767,32767
640781188,32767,32767,32767,32767,32767,32767
640786211,32767,32767,32767,32767,32767,32767
640791188,32767,32767,32767,32767,32767,32767
640796188,32767,32767,32767,32767,32767,-2
640801211,32767,32767,32767,32767,32767,32767
640806187,32767,32767,32767,32767,-2,32767
640811188,32767,32767,32767,32767,32767,32767
640816211,32767,32767,32767,1,32767,32767
640821188,32767,32767,32767,32767,32767,32767
640826187,32767,32767,32767,32767,32767,32767
640831211,32767,32767,32767,32767,32767,32767
640836187,32767,32767,32767,32767,32767,32767
640841188,32767,32767,32767,32767,32767,32767
640846211,32767,32767,32767,32767,32767,32767
640851188,32767,32767,32767,32767,32767,32767
640856187,32767,32767,32767,32767,32767,32767
640861211,32767,32767,32767,32767,32767,32767
640866187,32767,32767,32767,32767,32767,32767
640871188,32767,32767,32767,32767,32767,32767
640876211,32767,32767,32767,32767,32767,32767
640881187,32767,32767,32767,32767,32767,32767
640886188,32767,32767,32767,32767,32767,32767
640891212,32767,32767,32767,32767,32767,32767
640896187,32767,32767,32767,32767,32767,32767
640901188,32767,32767,32767,32767,32767,32767
640906211,32767,32767,32767,-34,-3,32767
640911188,32767,32767,32767,32767,32767,32767
640916188,32767,32767,32767,32767,32767,32767
640921211,32767,32767,32767,32767,32767,32767
640926186,32767,32767,32767,32767,32767,32767
640931188,32767,32767,32767,32767,32767,32767
640936211,32767,32767,32767,32767,32767,32767
640941188,32767,32767,32767,32767,32767,32767
640946187,32767,32767,32767,1,32767,32767
640951212,32767,32767,32767,32767,32767,32767
640956187,32767,32767,32767,32767,-2,32767
640961188,32767,32767,32767,32767,32767,32767
640966211,32767,32767,32767,32767,32767,32767
640971188,32767,32767,32767,32767,32767,32767
640976188,32767,32767,32767,32767,32767,32767
640981212,32767,32767,32767,32767,32767,32767
640986186,32767,32767,32767,32767,32767,32767
640991188,32767,32767,32767,32767,32767,32767
640996213,32767,32767,32767,32767,32767,32767
641001188,32767,32767,32767,32767,32767,32767
641006188,32767,32767,32767,32767,32767,32767
641011213,32767,32767,32767,32767,32767,32767
641016187,32767,32767,32767,32767,32767,32767
641021188,32767,32767,32767,32767,32767,32767
641026211,32767,32767,32767,32767,32767,32767
641031188,32767,32767,32767,32767,32767,32767
641036188,32767,32767,32767,-34,32767,32767
641041213,32767,32767,32767,32767,32767,32767
641046187,32767,32767,32767,32767,32767,32767
641051188,32767,32767,32767,32767,32767,32767
641056211,32767,32767,32767,32767,-4,32767
641061187,32767,32767,32767,32767,32767,32767
641066188,32767,32767,32767,32767,32767,32767
641071212,32767,32767,32767,32767,32767,32767
641076187,32767,32767,32767,0,32767,32767
641081188,32767,32767,32767,32767,32767,32767
641086211,32767,32767,32767,32767,32767,32767
641091187,32767,32767,32767,32767,32767,32767
641096188,32767,32767,32767,32767,32767,32767
641101211,32767,32767,32767,32767,32767,32767
641106187,32767,32767,32767,32767,-2,32767
641111188,32767,32767,32767,32767,32767,32767
641116211,32767,32767,32767,32767,32767,32767
641121188,32767,32767,32767,32767,32767,32767
641126187,32767,32767,32767,32767,32767,32767
641131212,32767,32767,32767,32767,32767,32767
641136187,32767,32767,32767,32767,32767,32767
641141188,32767,32767,32767,32767,32767,32767
641146211,32767,32767,32767,32767,32767,32767
641151188,32767,32767,32767,32767,32767,32767
641156187,32767,32767,32767,32767,32767,32767
641161214,32767,32767,32767,32767,32767,32767
641166187,32767,32767,32767,-35,32767,32767
641171188,32767,32767,32767,32767,32767,32767
641176212,32767,32767,32767,32767,32767,32767
641181188,32767,32767,32767,32767,32767,32767
641186188,32767,32767,32767,32767,32767,32767
641191212,32767,32767,32767,32767,32767,32767
641196187,32767,32767,32767,32767,32767,32767
641201188,32767,32767,32767,32767,32767,32767
641206215,32767,32767,32767,-2,-3,32767
641211188,32767,32767,32767,32767,32767,32767
641216188,32767,32767,32767,32767,32767,32767
641221211,32767,32767,32767,32767,32767,-7
641226186,32767,32767,32767,32767,32767,32767
641231188,32767,32767,32767,32767,32767,32767
641236211,32767,32767,32767,32767,32767,32767
641241187,32767,32767,32767,32767,32767,32767
641246188,32767,32767,32767,32767,32767,32767
641251214,32767,32767,32767,32767,32767,32767
641256187,32767,32767,32767,32767,-3,32767
641261188,32767,32767,32767,32767,32767,-20
641266211,32767,32767,32767,32767,32767,32767
641271187,32767,32767,32767,32767,32767,32767
641276188,32767,32767,32767,32767,32767,-20
641281213,32767,32767,32767,32767,32767,32767
641286187,32767,32767,32767,32767,32767,32767
641291188,32767,32767,32767,32767,32767,-40
641296211,32767,32767,32767,-36,32767,32767
641301188,32767,32767,32767,32767,32767,32767
641306188,32767,32767,32767,32767,32767,-21
641311211,32767,32767,32767,32767,32767,32767
641316187,32767,32767,32767,32767,32767,32767
641321188,32767,32767,32767,32767,32767,32767
641326211,32767,32767,32767,32767,32767,32767
641331188,32767,32767,32767,32767,32767,32767
641336187,32767,32767,32767,-3,32767,32767
641341211,32767,32767,32767,32767,32767,32767
641346187,32767,32767,32767,32767,32767,32767
641351188,32767,32767,32767,32767,32767,32767
641356210,32767,32767,32767,32767,-4,32767
641361188,32767,32767,32767,32767,32767,32767
641366188,32767,32767,32767,32767,32767,32767
641371211,32767,32767,32767,32767,32767,32767
641376187,32767,32767,32767,32767,32767,32767
641381188,32767,32767,32767,32767,32767,32767
641386210,32767,32767,32767,32767,32767,32767
641391188,32767,32767,32767,32767,32767,-41
641396188,32767,32767,32767,32767,32767,32767
641401211,32767,32767,32767,32767,32767,32767
641406187,32767,32767,32767,32767,-2,32767
641411188,32767,32767,32767,32767,32767,32767
641416210,32767,32767,32767,32767,32767,32767
641421188,32767,32767,32767,32767,32767,32767
641426188,32767,32767,32767,-36,32767,32767
641431211,32767,32767,32767,32767,32767,32767
641436187,32767,32767,32767,32767,32767,32767
641441190,32767,32767,32767,32767,32767,32767
641446210,32767,32767,32767,32767,32767,32767
641451188,32767,32767,32767,32767,32767,32767
641456188,32767,32767,32767,32767,32767,32767
641461211,32767,32767,32767,32767,32767,32767
641466187,32767,32767,32767,-4,32767,32767
641471190,32767,32767,32767,32767,32767,32767
641476210,32767,32767,32767,32767,32767,32767
641481187,32767,32767,32767,32767,32767,32767
641486188,32767,32767,32767,32767,32767,-39
641491211,32767,32767,32767,32767,32767,32767
641496187,32767,32767,32767,32767,32767,32767
641501188,32767,32767,32767,32767,32767,32767
641506210,32767,32767,32767,32767,-3,32767
641511188,32767,32767,32767,32767,32767,32767
641516189,32767,32767,32767,32767,32767,32767
641521211,32767,32767,32767,32767,32767,32767
641526188,32767,32767,32767,32767,32767,32767
641531188,32767,32767,32767,32767,32767,32767
641536210,32767,32767,32767,32767,32767,32767
641541188,32767,32767,32767,32767,32767,32767
641546188,32767,32767,32767,32767,32767,32767
641551211,32767,32767,32767,32767,32767,32767
641556187,32767,32767,32767,-38,-3,32767
641561188,32767,32767,32767,32767,32767,32767
641566210,32767,32767,32767,32767,32767,32767
641571188,32767,32767,32767,32767,32767,32767
641576188,32767,32767,32767,32767,32767,32767
641581211,32767,32767,32767,32767,32767,32767
641586187,32767,32767,32767,32767,32767,32767
641591188,32767,32767,32767,32767,32767,32767
641596210,32767,32767,32767,-6,32767,32767
641601188,32767,32767,32767,32767,32767,32767
641606188,32767,32767,32767,32767,32767,-21
641611211,32767,32767,32767,32767,32767,32767
641616187,32767,32767,32767,32767,32767,32767
641621188,32767,32767,32767,32767,32767,32767
641626210,32767,32767,32767,32767,32767,32767
641631187,32767,32767,32767,32767,32767,32767
641636190,32767,32767,32767,32767,32767,32767
641641210,32767,32767,32767,32767,32767,32767
641646187,32767,32767,32767,32767,32767,32767
641651188,32767,32767,32767,32767,32767,32767
641656210,32767,32767,32767,32767,-3,32767
641661188,32767,32767,32767,32767,32767,32767
641666188,32767,32767,32767,32767,32767,32767
641671211,32767,32767,32767,32767,32767,32767
641676188,32767,32767,32767,32767,32767,32767
641681188,32767,32767,32767,32767,32767,32767
641686210,32767,32767,32767,-39,32767,32767
641691188,32767,32767,32767,32767,32767,32767
641696188,32767,32767,32767,32767,32767,32767
641701211,32767,32767,32767,32767,32767,32767
641706187,32767,32767,32767,32767,-2,32767
641711190,32767,32767,32767,32767,32767,-46
641716210,32767,32767,32767,32767,32767,32767
641721188,32767,32767,32767,32767,32767,32767
641726188,32767,32767,32767,-6,32767,32767
641731211,32767,32767,32767,32767,32767,32767
641736188,32767,32767,32767,32767,32767,32767
641741188,32767,32767,32767,32767,32767,32767
641746210,32767,32767,32767,32767,32767,32767
641751187,32767,32767,32767,32767,32767,32767
641756187,32767,32767,32767,32767,32767,32767
641761211,32767,32767,32767,32767,32767,32767
641766188,32767,32767,32767,32767,32767,32767
641771191,32767,32767,32767,32767,32767,32767
641776210,32767,32767,32767,32767,32767,32767
641781188,32767,32767,32767,32767,32767,32767
641786188,32767,32767,32767,32767,32767,32767
641791211,32767,32767,32767,32767,32767,32767
641796188,32767,32767,32767,32767,32767,32767
641801188,32767,32767,32767,32767,32767,32767
641806210,32767,32767,32767,32767,-3,-24
641811191,32767,32767,32767,32767,32767,32767
641816186,32767,32767,32767,-39,32767,32767
641821211,32767,32767,32767,32767,32767,32767
641826188,32767,32767,32767,32767,32767,32767
641831187,32767,32767,32767,32767,32767,32767
641836210,32767,32767,32767,32767,32767,32767
641841188,32767,32767,32767,32767,32767,32767
641846187,32767,32767,32767,32767,32767,32767
641851210,32767,32767,32767,32767,32767,32767
641856188,32767,32767,32767,-7,-3,32767
641861187,32767,32767,32767,32767,32767,32767
641866211,32767,32767,32767,32767,32767,32767
641871188,32767,32767,32767,32767,32767,32767
641876187,32767,32767,32767,32767,32767,32767
641881211,32767,32767,32767,32767,32767,32767
641886188,32767,32767,32767,32767,32767,-42
641891188,32767,32767,32767,32767,32767,32767
641896211,32767,32767,32767,32767,32767,32767
641901189,32767,32767,32767,32767,32767,32767
641906187,32767,32767,32767,32767,32767,32767
641911212,32767,32767,32767,32767,32767,32767
641916188,32767,32767,32767,32767,32767,32767
641921187,32767,32767,32767,32767,32767,32767
641926211,32767,32767,32767,32767,32767,32767
641931190,32767,32767,32767,32767,32767,32767
641936187,32767,32767,32767,32767,32767,32767
641941211,32767,32767,32767,32767,32767,32767
641946188,32767,32767,32767,-41,32767,32767
641951188,32767,32767,32767,32767,32767,32767
641956211,32767,32767,32767,32767,-4,32767
641961188,32767,32767,32767,32767,32767,32767
641966187,32767,32767,32767,32767,32767,32767
641971211,32767,32767,32767,32767,32767,32767
641976187,32767,32767,32767,32767,32767,32767
641981187,32767,32767,32767,32767,32767,32767
641986210,32767,32767,32767,-9,32767,32767
641991188,32767,32767,32767,32767,32767,32767
641996187,32767,32767,32767,32767,32767,32767
642001211,32767,32767,32767,32767,32767,32767
642006188,32767,32767,32767,32767,-2,32767
642011188,32767,32767,32767,32767,32767,-30
642016211,32767,32767,32767,32767,32767,32767
642021188,32767,32767,32767,32767,32767,32767
642026187,32767,32767,32767,32767,32767,32767
642031211,32767,32767,32767,32767,32767,32767
642036188,32767,32767,32767,32767,32767,32767
642041187,32767,32767,32767,32767,32767,32767
642046211,32767,32767,32767,32767,32767,32767
642051189,32767,32767,32767,32767,32767,32767
642056187,32767,32767,32767,32767,32767,32767
642061211,32767,32767,32767,32767,32767,32767
642066188,32767,32767,32767,32767,32767,32767
642071187,32767,32767,32767,32767,32767,32767
642076211,32767,32767,32767,-43,32767,32767
642081188,32767,32767,32767,32767,32767,32767
642086187,32767,32767,32767,32767,32767,-43
642091211,32767,32767,32767,32767,32767,32767
642096188,32767,32767,32767,32767,32767,32767
642101188,32767,32767,32767,32767,32767,32767
642106215,32767,32767,32767,32767,-3,32767
642111188,32767,32767,32767,32767,32767,32767
642116187,32767,32767,32767,-9,32767,32767
642121211,32767,32767,32767,32767,32767,32767
642126188,32767,32767,32767,32767,32767,32767
642131188,32767,32767,32767,32767,32767,32767
642136211,32767,32767,32767,32767,32767,32767
642141189,32767,32767,32767,32767,32767,32767
642146186,32767,32767,32767,32767,32767,32767
642151211,32767,32767,32767,32767,32767,32767
642156188,32767,32767,32767,32767,-3,32767
642161187,32767,32767,32767,32767,32767,32767
642166211,32767,32767,32767,32767,32767,32767
642171188,32767,32767,32767,32767,32767,32767
642176187,32767,32767,32767,32767,32767,32767
642181211,32767,32767,32767,32767,32767,32767
642186188,32767,32767,32767,32767,32767,-44
642191188,32767,32767,32767,32767,32767,32767
642196211,32767,32767,32767,32767,32767,32767
642201188,32767,32767,32767,32767,32767,32767
642206187,32767,32767,32767,-43,32767,32767
642211211,32767,32767,32767,32767,32767,32767
642216188,32767,32767,32767,32767,32767,32767
642221187,32767,32767,32767,32767,32767,32767
642226211,32767,32767,32767,32767,32767,32767
642231188,32767,32767,32767,32767,32767,32767
642236187,32767,32767,32767,32767,32767,32767
642241211,32767,32767,32767,32767,32767,32767
642246188,32767,32767,32767,-10,32767,32767
642251187,32767,32767,32767,32767,32767,32767
642256211,32767,32767,32767,32767,-3,32767
642261188,32767,32767,32767,32767,32767,32767
642266187,32767,32767,32767,32767,32767,32767
642271211,32767,32767,32767,32767,32767,32767
642276188,32767,32767,32767,32767,32767,32767
642281191,32767,32767,32767,32767,32767,1
642286211,32767,32767,32767,32767,32767,32767
642291188,32767,32767,32767,32767,32767,32767
642296187,32767,32767,32767,32767,32767,32767
642301211,32767,32767,32767,32767,32767,32767
642306188,32767,32767,32767,32767,-2,32767
642311187,32767,32767,32767,32767,32767,32767
642316211,32767,32767,32767,32767,32767,32767
642321188,32767,32767,32767,32767,32767,32767
642326187,32767,32767,32767,32767,32767,32767
642331211,32767,32767,32767,32767,32767,32767
642336188,32767,32767,32767,-44,32767,32767
642341188,32767,32767,32767,32767,32767,32767
642346210,32767,32767,32767,32767,32767,32767
642351191,32767,32767,32767,32767,32767,32767
642356187,32767,32767,32767,32767,32767,32767
642361212,32767,32767,32767,32767,32767,32767
642366187,32767,32767,32767,32767,32767,32767
642371187,32767,32767,32767,32767,32767,32767
642376211,32767,32767,32767,-11,32767,32767
642381188,32767,32767,32767,32767,32767,32767
642386187,32767,32767,32767,32767,32767,-22
642391212,32767,32767,32767,32767,32767,32767
642396186,32767,32767,32767,32767,32767,32767
642401188,32767,32767,32767,32767,32767,32767
642406211,32767,32767,32767,32767,-3,32767
642411187,32767,32767,32767,32767,32767,32767
642416187,32767,32767,32767,32767,32767,32767
642421211,32767,32767,32767,32767,32767,32767
642426186,32767,32767,32767,32767,32767,32767
642431188,32767,32767,32767,32767,32767,32767
642436211,32767,32767,32767,32767,32767,32767
642441188,32767,32767,32767,32767,32767,32767
642446187,32767,32767,32767,32767,32767,32767
642451212,32767,32767,32767,32767,32767,32767
642456187,32767,32767,32767,32767,-3,32767
642461188,32767,32767,32767,32767,32767,32767
642466211,32767,32767,32767,-45,32767,32767
642471188,32767,32767,32767,32767,32767,32767
642476205,32767,32767,32767,32767,32767,32767
642481211,32767,32767,32767,32767,32767,32767
642486187,32767,32767,32767,32767,32767,32767
642491188,32767,32767,32767,32767,32767,32767
642496211,32767,32767,32767,32767,32767,32767
642501188,32767,32767,32767,32767,32767,32767
642506187,32767,32767,32767,-11,32767,-39
642511212,32767,32767,32767,32767,32767,32767
642516187,32767,32767,32767,32767,32767,32767
642521188,32767,32767,32767,32767,32767,32767
642526211,32767,32767,32767,32767,32767,32767
642531188,32767,32767,32767,32767,32767,32767
642536188,32767,32767,32767,32767,32767,32767
642541213,32767,32767,32767,32767,32767,32767
642546187,32767,32767,32767,32767,32767,32767
642551188,32767,32767,32767,32767,32767,32767
642556211,32767,32767,32767,32767,-4,32767
642561188,32767,32767,32767,32767,32767,32767
642566188,32767,32767,32767,32767,32767,32767
642571214,32767,32767,32767,32767,32767,32767
642576187,32767,32767,32767,32767,32767,32767
642581188,32767,32767,32767,32767,32767,32767
642586210,32767,32767,32767,32767,32767,-36
642591188,32767,32767,32767,32767,32767,32767
642596188,32767,32767,32767,-46,32767,32767
642601214,32767,32767,32767,32767,32767,32767
642606187,32767,32767,32767,32767,-2,32767
642611188,32767,32767,32767,32767,32767,32767
642616211,32767,32767,32767,32767,32767,32767
642621187,32767,32767,32767,32767,32767,32767
642626188,32767,32767,32767,32767,32767,32767
642631211,32767,32767,32767,32767,32767,32767
642636187,32767,32767,32767,-13,32767,32767
642641188,32767,32767,32767,32767,32767,32767
642646211,32767,32767,32767,32767,32767,32767
642651188,32767,32767,32767,32767,32767,32767
642656188,32767,32767,32767,32767,32767,32767
642661212,32767,32767,32767,32767,32767,32767
642666187,32767,32767,32767,32767,32767,32767
642671188,32767,32767,32767,32767,32767,32767
642676212,32767,32767,32767,32767,32767,32767
642681188,32767,32767,32767,32767,32767,32767
642686188,32767,32767,32767,32767,32767,32767
642691211,32767,32767,32767,32767,32767,32767
642696187,32767,32767,32767,32767,32767,32767
642701188,32767,32767,32767,32767,32767,32767
642706211,32767,32767,32767,32767,-3,32767
642711188,32767,32767,32767,32767,32767,-45
642716191,32767,32767,32767,32767,32767,32767
642721212,32767,32767,32767,2,32767,32767
642726187,32767,32767,32767,32767,32767,32767
642731188,32767,32767,32767,32767,32767,32767
642736211,32767,32767,32767,32767,32767,32767
642741188,32767,32767,32767,32767,32767,32767
642746187,32767,32767,32767,32767,32767,32767
642751212,32767,32767,32767,32767,32767,32767
642756187,32767,32767,32767,32767,-3,32767
642761191,32767,32767,32767,32767,32767,32767
642766210,32767,32767,32767,-14,32767,32767
642771187,32767,32767,32767,32767,32767,32767
642776188,32767,32767,32767,32767,32767,32767
642781211,32767,32767,32767,32767,32767,32767
642786187,32767,32767,32767,32767,32767,32767
642791188,32767,32767,32767,32767,32767,32767
642796211,32767,32767,32767,32767,32767,32767
642801188,32767,32767,32767,32767,32767,32767
642806187,32767,32767,32767,32767,32767,-18
642811214,32767,32767,32767,32767,32767,32767
642816186,32767,32767,32767,32767,32767,32767
642821187,32767,32767,32767,32767,32767,32767
642826211,32767,32767,32767,32767,32767,32767
642831188,32767,32767,32767,32767,32767,32767
642836187,32767,32767,32767,32767,32767,32767
642841211,32767,32767,32767,32767,32767,32767
642846187,32767,32767,32767,32767,32767,32767
642851188,32767,32767,32767,2,32767,32767
642856210,32767,32767,32767,32767,-4,32767
642861188,32767,32767,32767,32767,32767,32767
642866188,32767,32767,32767,32767,32767,32767
642871212,32767,32767,32767,32767,32767,32767
642876186,32767,32767,32767,32767,32767,32767
642881188,32767,32767,32767,32767,32767,32767
642886211,32767,32767,32767,32767,32767,32767
642891188,32767,32767,32767,32767,32767,32767
642896188,32767,32767,32767,-14,32767,32767
642901213,32767,32767,32767,32767,32767,-7
642906187,32767,32767,32767,32767,-2,32767
642911188,32767,32767,32767,32767,32767,32767
642916211,32767,32767,32767,32767,32767,32767
642921188,32767,32767,32767,32767,32767,32767
642926188,32767,32767,32767,32767,32767,32767
642931212,32767,32767,32767,32767,32767,32767
642936187,32767,32767,32767,32767,32767,32767
642941188,32767,32767,32767,32767,32767,32767
642946211,32767,32767,32767,32767,32767,32767
642951188,32767,32767,32767,32767,32767,32767
642956188,32767,32767,32767,32767,32767,32767
642961216,32767,32767,32767,32767,32767,32767
642966187,32767,32767,32767,32767,32767,32767
642971188,32767,32767,32767,32767,32767,32767
642976211,32767,32767,32767,32767,32767,32767
642981187,32767,32767,32767,2,32767,32767
642986187,32767,32767,32767,32767,32767,32767
642991212,32767,32767,32767,32767,32767,32767
642996187,32767,32767,32767,32767,32767,32767
643001188,32767,32767,32767,32767,32767,32767
643006211,32767,32767,32767,32767,-3,-22
643011188,32767,32767,32767,32767,32767,32767
643016188,32767,32767,32767,32767,32767,32767
643021212,32767,32767,32767,32767,32767,32767
643026187,32767,32767,32767,-16,32767,32767
643031188,32767,32767,32767,32767,32767,32767
643036211,32767,32767,32767,32767,32767,32767
643041188,32767,32767,32767,32767,32767,32767
643046188,32767,32767,32767,32767,32767,32767
643051211,32767,32767,32767,32767,32767,32767
643056187,32767,32767,32767,32767,-2,32767
643061188,32767,32767,32767,32767,32767,32767
643066211,32767,32767,32767,32767,32767,32767
643071188,32767,32767,32767,32767,32767,32767
643076187,32767,32767,32767,32767,32767,32767
643081212,32767,32767,32767,32767,32767,32767
643086187,32767,32767,32767,32767,32767,-42
643091188,32767,32767,32767,32767,32767,32767
643096211,32767,32767,32767,32767,32767,32767
643101188,32767,32767,32767,32767,32767,32767
643106188,32767,32767,32767,32767,32767,32767
643111211,32767,32767,32767,-1,32767,32767
643116187,32767,32767,32767,32767,32767,32767
643121188,32767,32767,32767,32767,32767,32767
643126211,32767,32767,32767,32767,32767,32767
643131188,32767,32767,32767,32767,32767,32767
643136187,32767,32767,32767,32767,32767,32767
643141212,32767,32767,32767,32767,32767,32767
643146187,32767,32767,32767,32767,32767,32767
643151188,32767,32767,32767,32767,32767,32767
643156210,32767,32767,32767,-18,-4,32767
643161188,32767,32767,32767,32767,32767,32767
643166188,32767,32767,32767,32767,32767,32767
643171211,32767,32767,32767,32767,32767,32767
643176188,32767,32767,32767,32767,32767,32767
643181188,32767,32767,32767,32767,32767,32767
643186210,32767,32767,32767,32767,32767,32767
643191187,32767,32767,32767,32767,32767,32767
643196191,32767,32767,32767,32767,32767,32767
643201211,32767,32767,32767,32767,32767,32767
643206187,32767,32767,32767,32767,-2,-23
643211190,32767,32767,32767,32767,32767,32767
643216210,32767,32767,32767,32767,32767,32767
643221188,32767,32767,32767,32767,32767,32767
643226188,32767,32767,32767,32767,32767,32767
643231211,32767,32767,32767,32767,32767,32767
643236187,32767,32767,32767,32767,32767,32767
643241189,32767,32767,32767,0,32767,32767
643246210,32767,32767,32767,32767,32767,32767
643251188,32767,32767,32767,32767,32767,32767
643256188,32767,32767,32767,32767,32767,32767
643261211,32767,32767,32767,32767,32767,32767
643266187,32767,32767,32767,32767,32767,32767
643271190,32767,32767,32767,32767,32767,32767
643276210,32767,32767,32767,32767,32767,32767
643281188,32767,32767,32767,32767,32767,32767
643286188,32767,32767,32767,-18,32767,32767
643291211,32767,32767,32767,32767,32767,32767
643296188,32767,32767,32767,32767,32767,32767
643301188,32767,32767,32767,32767,32767,32767
643306210,32767,32767,32767,32767,-3,-11
643311188,32767,32767,32767,32767,32767,32767
643316188,32767,32767,32767,32767,32767,32767
643321211,32767,32767,32767,32767,32767,32767
643326188,32767,32767,32767,32767,32767,32767
643331188,32767,32767,32767,32767,32767,32767
643336210,32767,32767,32767,32767,32767,32767
643341188,32767,32767,32767,32767,32767,32767
643346188,32767,32767,32767,32767,32767,32767
643351211,32767,32767,32767,32767,32767,32767
643356187,32767,32767,32767,32767,-3,32767
643361192,32767,32767,32767,32767,32767,32767
643366210,32767,32767,32767,32767,32767,32767
643371188,32767,32767,32767,-1,32767,32767
643376188,32767,32767,32767,32767,32767,32767
643381211,32767,32767,32767,32767,32767,32767
643386188,32767,32767,32767,32767,32767,-43
643391188,32767,32767,32767,32767,32767,32767
643396210,32767,32767,32767,32767,32767,32767
643401188,32767,32767,32767,32767,32767,32767
643406188,32767,32767,32767,32767,32767,32767
643411211,32767,32767,32767,32767,32767,32767
643416188,32767,32767,32767,-19,32767,32767
643421188,32767,32767,32767,32767,32767,32767
643426210,32767,32767,32767,32767,32767,32767
643431188,32767,32767,32767,32767,32767,32767
643436188,32767,32767,32767,32767,32767,32767
643441211,32767,32767,32767,32767,32767,32767
643446188,32767,32767,32767,32767,32767,32767
643451188,32767,32767,32767,32767,32767,32767
643456210,32767,32767,32767,32767,-4,32767
643461188,32767,32767,32767,32767,32767,32767
643466187,32767,32767,32767,32767,32767,32767
643471211,32767,32767,32767,32767,32767,32767
643476188,32767,32767,32767,32767,32767,32767
643481188,32767,32767,32767,32767,32767,32767
643486214,32767,32767,32767,32767,32767,-37
643491188,32767,32767,32767,32767,32767,32767
643496188,32767,32767,32767,32767,32767,32767
643501211,32767,32767,32767,-4,32767,32767
643506188,32767,32767,32767,32767,-2,32767
643511188,32767,32767,32767,32767,32767,32767
643516210,32767,32767,32767,32767,32767,32767
643521188,32767,32767,32767,32767,32767,32767
643526187,32767,32767,32767,32767,32767,32767
643531210,32767,32767,32767,32767,32767,32767
643536188,32767,32767,32767,32767,32767,32767
643541188,32767,32767,32767,32767,32767,32767
643546210,32767,32767,32767,-20,32767,32767
643551188,32767,32767,32767,32767,32767,32767
643556188,32767,32767,32767,32767,32767,32767
643561211,32767,32767,32767,32767,32767,32767
643566188,32767,32767,32767,32767,32767,32767
643571188,32767,32767,32767,32767,32767,32767
643576210,32767,32767,32767,32767,32767,32767
643581187,32767,32767,32767,32767,32767,0
643586188,32767,32767,32767,32767,32767,32767
643591211,32767,32767,32767,32767,32767,32767
643596188,32767,32767,32767,32767,32767,32767
643601189,32767,32767,32767,32767,32767,32767
643606210,32767,32767,32767,32767,-3,32767
643611188,32767,32767,32767,32767,32767,32767
643616188,32767,32767,32767,32767,32767,32767
643621211,32767,32767,32767,32767,32767,32767
643626188,32767,32767,32767,32767,32767,32767
643631188,32767,32767,32767,-4,32767,32767
643636210,32767,32767,32767,32767,32767,32767
643641188,32767,32767,32767,32767,32767,32767
643646187,32767,32767,32767,32767,32767,32767
643651211,32767,32767,32767,32767,32767,32767
643656188,32767,32767,32767,32767,-3,32767
643661190,32767,32767,32767,32767,32767,32767
643666210,32767,32767,32767,32767,32767,32767
643671188,32767,32767,32767,32767,32767,32767
643676188,32767,32767,32767,-21,32767,32767
643681211,32767,32767,32767,32767,32767,32767
643686187,32767,32767,32767,32767,32767,-40
643691188,32767,32767,32767,32767,32767,32767
643696210,32767,32767,32767,32767,32767,32767
643701188,32767,32767,32767,32767,32767,32767
643706188,32767,32767,32767,32767,32767,32767
643711211,32767,32767,32767,32767,32767,32767
643716187,32767,32767,32767,32767,32767,32767
643721188,32767,32767,32767,32767,32767,32767
643726210,32767,32767,32767,32767,32767,32767
643731188,32767,32767,32767,32767,32767,32767
643736188,32767,32767,32767,32767,32767,32767
643741211,32767,32767,32767,32767,32767,32767
643746188,32767,32767,32767,32767,32767,32767
643751188,32767,32767,32767,32767,32767,32767
643756210,32767,32767,32767,32767,-3,32767
643761188,32767,32767,32767,-5,32767,32767
643766188,32767,32767,32767,32767,32767,32767
643771210,32767,32767,32767,32767,32767,32767
643776187,32767,32767,32767,32767,32767,32767
643781188,32767,32767,32767,32767,32767,32767
643786210,32767,32767,32767,32767,32767,-36
643791188,32767,32767,32767,32767,32767,32767
643796188,32767,32767,32767,32767,32767,32767
643801211,32767,32767,32767,32767,32767,32767
643806188,32767,32767,32767,-22,-2,32767
643811188,32767,32767,32767,32767,32767,32767
643816210,32767,32767,32767,32767,32767,32767
643821188,32767,32767,32767,32767,32767,32767
643826188,32767,32767,32767,32767,32767,32767
643831211,32767,32767,32767,32767,32767,32767
643836188,32767,32767,32767,32767,32767,32767
643841188,32767,32767,32767,32767,32767,32767
643846210,32767,32767,32767,32767,32767,32767
643851188,32767,32767,32767,32767,32767,32767
643856188,32767,32767,32767,32767,32767,32767
643861211,32767,32767,32767,32767,32767,32767
643866188,32767,32767,32767,32767,32767,32767
643871188,32767,32767,32767,32767,32767,32767
643876210,32767,32767,32767,32767,32767,32767
643881188,32767,32767,32767,32767,32767,32767
643886187,32767,32767,32767,32767,32767,32767
643891211,32767,32767,32767,-7,32767,32767
643896188,32767,32767,32767,32767,32767,32767
643901188,32767,32767,32767,32767,32767,32767
643906210,32767,32767,32767,32767,-3,32767
643911188,32767,32767,32767,32767,32767,-3
643916188,32767,32767,32767,32767,32767,32767
643921211,32767,32767,32767,32767,32767,32767
643926188,32767,32767,32767,32767,32767,32767
643931188,32767,32767,32767,32767,32767,32767
643936210,32767,32767,32767,-24,32767,32767
643941188,32767,32767,32767,32767,32767,32767
643946188,32767,32767,32767,32767,32767,32767
643951210,32767,32767,32767,32767,32767,32767
643956188,32767,32767,32767,32767,-3,32767
643961188,32767,32767,32767,32767,32767,32767
643966210,32767,32767,32767,32767,32767,32767
643971188,32767,32767,32767,32767,32767,32767
643976188,32767,32767,32767,32767,32767,32767
643981211,32767,32767,32767,32767,32767,32767
643986188,32767,32767,32767,32767,32767,32767
643991188,32767,32767,32767,32767,32767,32767
643996210,32767,32767,32767,32767,32767,32767
644001188,32767,32767,32767,32767,32767,32767
644006188,32767,32767,32767,32767,32767,-20
644011211,32767,32767,32767,32767,32767,32767
644016187,32767,32767,32767,32767,32767,32767
644021188,32767,32767,32767,-7,32767,32767
644026210,32767,32767,32767,32767,32767,32767
644031188,32767,32767,32767,32767,32767,32767
644036188,32767,32767,32767,32767,32767,32767
644041211,32767,32767,32767,32767,32767,32767
644046188,32767,32767,32767,32767,32767,32767
644051190,32767,32767,32767,32767,32767,32767
644056210,32767,32767,32767,32767,-3,32767
644061188,32767,32767,32767,32767,32767,32767
644066188,32767,32767,32767,-23,32767,32767
644071211,32767,32767,32767,32767,32767,32767
644076187,32767,32767,32767,32767,32767,32767
644081188,32767,32767,32767,32767,32767,32767
644086210,32767,32767,32767,32767,32767,32767
644091188,32767,32767,32767,32767,32767,32767
644096188,32767,32767,32767,32767,32767,32767
644101211,32767,32767,32767,32767,32767,32767
644106187,32767,32767,32767,32767,-2,-31
644111188,32767,32767,32767,32767,32767,32767
644116210,32767,32767,32767,32767,32767,32767
644121188,32767,32767,32767,32767,32767,32767
644126187,32767,32767,32767,32767,32767,32767
644131211,32767,32767,32767,32767,32767,32767
644136188,32767,32767,32767,32767,32767,32767
644141188,32767,32767,32767,32767,32767,32767
644146210,32767,32767,32767,32767,32767,32767
644151187,32767,32767,32767,-8,32767,32767
644156188,32767,32767,32767,32767,32767,32767
644161211,32767,32767,32767,32767,32767,32767
644166188,32767,32767,32767,32767,32767,32767
644171188,32767,32767,32767,32767,32767,32767
644176211,32767,32767,32767,32767,32767,32767
644181188,32767,32767,32767,32767,32767,32767
644186188,32767,32767,32767,32767,32767,32767
644191210,32767,32767,32767,32767,32767,32767
644196188,32767,32767,32767,-25,32767,32767
644201188,32767,32767,32767,32767,32767,32767
644206210,32767,32767,32767,32767,-3,-8
644211188,32767,32767,32767,32767,32767,32767
644216188,32767,32767,32767,32767,32767,32767
644221211,32767,32767,32767,32767,32767,32767
644226187,32767,32767,32767,32767,32767,32767
644231189,32767,32767,32767,32767,32767,32767
644236210,32767,32767,32767,32767,32767,32767
644241188,32767,32767,32767,32767,32767,32767
644246188,32767,32767,32767,32767,32767,32767
644251211,32767,32767,32767,32767,32767,32767
644256188,32767,32767,32767,32767,-3,32767
644261188,32767,32767,32767,32767,32767,32767
644266210,32767,32767,32767,32767,32767,32767
644271188,32767,32767,32767,32767,32767,32767
644276188,32767,32767,32767,32767,32767,32767
644281210,32767,32767,32767,-10,32767,32767
644286188,32767,32767,32767,32767,32767,32767
644291188,32767,32767,32767,32767,32767,32767
644296210,32767,32767,32767,32767,32767,32767
644301188,32767,32767,32767,32767,32767,32767
644306188,32767,32767,32767,32767,32767,-12
644311211,32767,32767,32767,32767,32767,32767
644316188,32767,32767,32767,32767,32767,32767
644321189,32767,32767,32767,32767,32767,32767
644326210,32767,32767,32767,-27,32767,32767
644331188,32767,32767,32767,32767,32767,32767
644336188,32767,32767,32767,32767,32767,32767
644341211,32767,32767,32767,32767,32767,32767
644346187,32767,32767,32767,32767,32767,32767
644351188,32767,32767,32767,32767,32767,32767
644356210,32767,32767,32767,32767,-4,32767
644361188,32767,32767,32767,32767,32767,32767
644366188,32767,32767,32767,32767,32767,32767
644371211,32767,32767,32767,32767,32767,32767
644376188,32767,32767,32767,32767,32767,32767
644381188,32767,32767,32767,32767,32767,32767
644386210,32767,32767,32767,32767,32767,-38
644391188,32767,32767,32767,32767,32767,32767
644396188,32767,32767,32767,32767,32767,32767
644401211,32767,32767,32767,32767,32767,32767
644406188,32767,32767,32767,32767,-2,32767
644411188,32767,32767,32767,-10,32767,32767
644416210,32767,32767,32767,32767,32767,32767
644421188,32767,32767,32767,32767,32767,32767
644426188,32767,32767,32767,32767,32767,32767
644431211,32767,32767,32767,32767,32767,32767
644436188,32767,32767,32767,32767,32767,32767
644441190,32767,32767,32767,32767,32767,32767
644446210,32767,32767,32767,32767,32767,32767
644451188,32767,32767,32767,32767,32767,32767
644456187,32767,32767,32767,-26,32767,32767
644461211,32767,32767,32767,32767,32767,32767
644466188,32767,32767,32767,32767,32767,32767
644471188,32767,32767,32767,32767,32767,32767
644476210,32767,32767,32767,32767,32767,32767
644481188,32767,32767,32767,32767,32767,32767
644486187,32767,32767,32767,32767,32767,32767
644491211,32767,32767,32767,32767,32767,32767
644496188,32767,32767,32767,32767,32767,32767
644501191,32767,32767,32767,32767,32767,32767
644506210,32767,32767,32767,32767,-3,-12
644511188,32767,32767,32767,32767,32767,32767
644516188,32767,32767,32767,32767,32767,32767
644521211,32767,32767,32767,32767,32767,32767
644526187,32767,32767,32767,32767,32767,32767
644531188,32767,32767,32767,32767,32767,32767
644536210,32767,32767,32767,32767,32767,32767
644541188,32767,32767,32767,-10,32767,32767
644546188,32767,32767,32767,32767,32767,32767
644551211,32767,32767,32767,32767,32767,32767
644556188,32767,32767,32767,32767,-3,32767
644561188,32767,32767,32767,32767,32767,32767
644566210,32767,32767,32767,32767,32767,32767
644571188,32767,32767,32767,32767,32767,32767
644576188,32767,32767,32767,32767,32767,32767
644581210,32767,32767,32767,32767,32767,32767
644586188,32767,32767,32767,-28,32767,32767
644591188,32767,32767,32767,32767,32767,32767
644596210,32767,32767,32767,32767,32767,32767
644601188,32767,32767,32767,32767,32767,32767
644606188,32767,32767,32767,32767,32767,-20
644611211,32767,32767,32767,32767,32767,32767
644616188,32767,32767,32767,32767,32767,32767
644621188,32767,32767,32767,32767,32767,32767
644626210,32767,32767,32767,32767,32767,32767
644631187,32767,32767,32767,32767,32767,32767
644636187,32767,32767,32767,32767,32767,32767
644641211,32767,32767,32767,32767,32767,32767
644646188,32767,32767,32767,32767,32767,32767
644651188,32767,32767,32767,32767,32767,32767
644656210,32767,32767,32767,32767,-4,32767
644661188,32767,32767,32767,32767,32767,32767
644666188,32767,32767,32767,32767,32767,32767
644671210,32767,32767,32767,-12,32767,32767
644676187,32767,32767,32767,32767,32767,32767
644681188,32767,32767,32767,32767,32767,32767
644686210,32767,32767,32767,32767,32767,32767
644691188,32767,32767,32767,32767,32767,32767
644696188,32767,32767,32767,32767,32767,32767
644701211,32767,32767,32767,32767,32767,32767
644706188,32767,32767,32767,32767,-2,-6
644711190,32767,32767,32767,32767,32767,32767
644716211,32767,32767,32767,-30,32767,32767
644721188,32767,32767,32767,32767,32767,32767
644726188,32767,32767,32767,32767,32767,32767
644731211,32767,32767,32767,32767,32767,32767
644736188,32767,32767,32767,32767,32767,32767
644741188,32767,32767,32767,32767,32767,32767
644746210,32767,32767,32767,32767,32767,32767
644751188,32767,32767,32767,32767,32767,32767
644756187,32767,32767,32767,32767,32767,32767
644761211,32767,32767,32767,32767,32767,32767
644766188,32767,32767,32767,32767,32767,32767
644771191,32767,32767,32767,32767,32767,32767
644776210,32767,32767,32767,32767,32767,32767
644781191,32767,32767,32767,32767,32767,32767
644786187,32767,32767,32767,32767,32767,32767
644791211,32767,32767,32767,32767,32767,32767
644796187,32767,32767,32767,32767,32767,32767
644801189,32767,32767,32767,-13,32767,32767
644806210,32767,32767,32767,32767,-3,-20
644811188,32767,32767,32767,32767,32767,32767
644816188,32767,32767,32767,32767,32767,32767
644821211,32767,32767,32767,32767,32767,32767
644826188,32767,32767,32767,32767,32767,32767
644831190,32767,32767,32767,32767,32767,32767
644836210,32767,32767,32767,32767,32767,32767
644841188,32767,32767,32767,32767,32767,32767
644846188,32767,32767,32767,-30,32767,32767
644851212,32767,32767,32767,32767,32767,32767
644856188,32767,32767,32767,32767,-3,32767
644861188,32767,32767,32767,32767,32767,32767
644866210,32767,32767,32767,32767,32767,32767
644871188,32767,32767,32767,32767,32767,32767
644876188,32767,32767,32767,32767,32767,32767
644881211,32767,32767,32767,32767,32767,32767
644886187,32767,32767,32767,32767,32767,-39
644891188,32767,32767,32767,32767,32767,32767
644896210,32767,32767,32767,32767,32767,32767
644901188,32767,32767,32767,32767,32767,32767
644906188,32767,32767,32767,32767,32767,32767
644911211,32767,32767,32767,32767,32767,32767
644916187,32767,32767,32767,32767,32767,32767
644921188,32767,32767,32767,32767,32767,32767
644926210,32767,32767,32767,32767,32767,32767
644931188,32767,32767,32767,-13,32767,32767
644936188,32767,32767,32767,32767,32767,32767
644941211,32767,32767,32767,32767,32767,32767
644946187,32767,32767,32767,32767,32767,32767
644951189,32767,32767,32767,32767,32767,32767
644956210,32767,32767,32767,32767,-3,32767
644961188,32767,32767,32767,32767,32767,32767
644966188,32767,32767,32767,32767,32767,32767
644971211,32767,32767,32767,32767,32767,32767
644976188,32767,32767,32767,-31,32767,32767
644981192,32767,32767,32767,32767,32767,32767
644986210,32767,32767,32767,32767,32767,32767
644991188,32767,32767,32767,32767,32767,32767
644996188,32767,32767,32767,32767,32767,32767
645001211,32767,32767,32767,32767,32767,32767
645006188,32767,32767,32767,32767,-2,-26
645011189,32767,32767,32767,32767,32767,32767
645016210,32767,32767,32767,32767,32767,32767
645021188,32767,32767,32767,32767,32767,32767
645026187,32767,32767,32767,32767,32767,32767
645031211,32767,32767,32767,32767,32767,32767
645036188,32767,32767,32767,32767,32767,32767
645041188,32767,32767,32767,32767,32767,32767
645046210,32767,32767,32767,32767,32767,32767
645051188,32767,32767,32767,32767,32767,32767
645056188,32767,32767,32767,32767,32767,32767
645061211,32767,32767,32767,-15,32767,32767
645066187,32767,32767,32767,32767,32767,32767
645071189,32767,32767,32767,32767,32767,32767
645076210,32767,32767,32767,32767,32767,32767
645081188,32767,32767,32767,32767,32767,32767
645086188,32767,32767,32767,32767,32767,32767
645091211,32767,32767,32767,32767,32767,32767
645096188,32767,32767,32767,32767,32767,32767
645101188,32767,32767,32767,32767,32767,32767
645106210,32767,32767,32767,-32,-3,-13
645111188,32767,32767,32767,32767,32767,32767
645116187,32767,32767,32767,32767,32767,32767
645121211,32767,32767,32767,32767,32767,32767
645126187,32767,32767,32767,32767,32767,32767
645131188,32767,32767,32767,32767,32767,32767
645136210,32767,32767,32767,32767,32767,32767
645141188,32767,32767,32767,32767,32767,32767
645146188,32767,32767,32767,32767,32767,32767
645151211,32767,32767,32767,32767,32767,32767
645156188,32767,32767,32767,32767,-2,32767
645161189,32767,32767,32767,32767,32767,32767
645166210,32767,32767,32767,32767,32767,32767
645171188,32767,32767,32767,32767,32767,32767
645176188,32767,32767,32767,32767,32767,32767
645181211,32767,32767,32767,32767,32767,32767
645186188,32767,32767,32767,32767,32767,32767
645191188,32767,32767,32767,-16,32767,32767
645196210,32767,32767,32767,32767,32767,32767
645201188,32767,32767,32767,32767,32767,32767
645206188,32767,32767,32767,32767,32767,-18
645211211,32767,32767,32767,32767,32767,32767
645216188,32767,32767,32767,32767,32767,32767
645221188,32767,32767,32767,32767,32767,32767
645226211,32767,32767,32767,32767,32767,32767
645231188,32767,32767,32767,32767,32767,32767
645236188,32767,32767,32767,-33,32767,32767
645241211,32767,32767,32767,32767,32767,32767
645246188,32767,32767,32767,32767,32767,32767
645251188,32767,32767,32767,32767,32767,32767
645256210,32767,32767,32767,32767,-4,32767
645261188,32767,32767,32767,32767,32767,32767
645266188,32767,32767,32767,32767,32767,32767
645271211,32767,32767,32767,32767,32767,32767
645276187,32767,32767,32767,32767,32767,32767
645281188,32767,32767,32767,32767,32767,32767
645286210,32767,32767,32767,32767,32767,-40
645291188,32767,32767,32767,32767,32767,32767
645296188,32767,32767,32767,32767,32767,32767
645301211,32767,32767,32767,32767,32767,32767
645306188,32767,32767,32767,32767,-2,32767
645311188,32767,32767,32767,32767,32767,32767
645316210,32767,32767,32767,32767,32767,32767
645321188,32767,32767,32767,-17,32767,32767
645326188,32767,32767,32767,32767,32767,32767
645331211,32767,32767,32767,32767,32767,32767
645336188,32767,32767,32767,32767,32767,32767
645341188,32767,32767,32767,32767,32767,32767
645346210,32767,32767,32767,32767,32767,32767
645351187,32767,32767,32767,32767,32767,32767
645356188,32767,32767,32767,32767,32767,32767
645361211,32767,32767,32767,32767,32767,32767
645366188,32767,32767,32767,-34,32767,32767
645371190,32767,32767,32767,32767,32767,32767
645376211,32767,32767,32767,32767,32767,32767
645381188,32767,32767,32767,32767,32767,32767
645386188,32767,32767,32767,32767,32767,-43
645391211,32767,32767,32767,32767,32767,32767
645396188,32767,32767,32767,32767,32767,32767
645401188,32767,32767,32767,32767,32767,32767
645406210,32767,32767,32767,32767,-3,32767
645411188,32767,32767,32767,32767,32767,32767
645416187,32767,32767,32767,32767,32767,32767
645421211,32767,32767,32767,32767,32767,32767
645426187,32767,32767,32767,32767,32767,32767
645431188,32767,32767,32767,32767,32767,32767
645436210,32767,32767,32767,32767,32767,32767
645441188,32767,32767,32767,32767,32767,32767
645446188,32767,32767,32767,32767,32767,32767
645451211,32767,32767,32767,-19,32767,32767
645456188,32767,32767,32767,32767,-3,32767
645461188,32767,32767,32767,32767,32767,32767
645466210,32767,32767,32767,32767,32767,32767
645471188,32767,32767,32767,32767,32767,32767
645476188,32767,32767,32767,32767,32767,32767
645481210,32767,32767,32767,32767,32767,32767
645486188,32767,32767,32767,32767,32767,32767
645491188,32767,32767,32767,32767,32767,32767
645496210,32767,32767,32767,-36,32767,32767
645501188,32767,32767,32767,32767,32767,32767
645506188,32767,32767,32767,32767,32767,-16
645511211,32767,32767,32767,32767,32767,32767
645516188,32767,32767,32767,32767,32767,32767
645521188,32767,32767,32767,32767,32767,32767
645526210,32767,32767,32767,32767,32767,32767
645531188,32767,32767,32767,32767,32767,32767
645536188,32767,32767,32767,32767,32767,32767
645541211,32767,32767,32767,32767,32767,32767
645546188,32767,32767,32767,32767,32767,32767
645551188,32767,32767,32767,32767,32767,32767
645556210,32767,32767,32767,32767,-4,32767
645561188,32767,32767,32767,32767,32767,32767
645566187,32767,32767,32767,32767,32767,32767
645571211,32767,32767,32767,32767,32767,32767
645576187,32767,32767,32767,32767,32767,32767
645581190,32767,32767,32767,-19,32767,32767
645586210,32767,32767,32767,32767,32767,32767
645591188,32767,32767,32767,32767,32767,32767
645596188,32767,32767,32767,32767,32767,32767
645601211,32767,32767,32767,32767,32767,32767
645606188,32767,32767,32767,32767,-2,-5
645611188,32767,32767,32767,32767,32767,32767
645616210,32767,32767,32767,32767,32767,32767
645621188,32767,32767,32767,32767,32767,32767
645626188,32767,32767,32767,-35,32767,32767
645631211,32767,32767,32767,32767,32767,32767
645636188,32767,32767,32767,32767,32767,32767
645641188,32767,32767,32767,32767,32767,32767
645646210,32767,32767,32767,32767,32767,32767
645651188,32767,32767,32767,32767,32767,32767
645656188,32767,32767,32767,32767,32767,32767
645661211,32767,32767,32767,32767,32767,32767
645666187,32767,32767,32767,32767,32767,32767
645671187,32767,32767,32767,32767,32767,32767
645676210,32767,32767,32767,32767,32767,32767
645681188,32767,32767,32767,32767,32767,32767
645686188,32767,32767,32767,32767,32767,32767
645691211,32767,32767,32767,32767,32767,32767
645696188,32767,32767,32767,32767,32767,32767
645701188,32767,32767,32767,32767,32767,32767
645706211,32767,32767,32767,32767,-3,-9
645711188,32767,32767,32767,-20,32767,32767
645716188,32767,32767,32767,32767,32767,32767
645721211,32767,32767,32767,32767,32767,32767
645726188,32767,32767,32767,32767,32767,32767
645731188,32767,32767,32767,32767,32767,32767
645736210,32767,32767,32767,32767,32767,32767
645741188,32767,32767,32767,32767,32767,32767
645746188,32767,32767,32767,32767,32767,32767
645751211,32767,32767,32767,32767,32767,32767
645756188,32767,32767,32767,-36,-3,32767
645761188,32767,32767,32767,32767,32767,32767
645766210,32767,32767,32767,32767,32767,32767
645771188,32767,32767,32767,32767,32767,32767
645776187,32767,32767,32767,32767,32767,32767
645781211,32767,32767,32767,32767,32767,32767
645786188,32767,32767,32767,32767,32767,-39
645791188,32767,32767,32767,32767,32767,32767
645796209,32767,32767,32767,32767,32767,32767
645801188,32767,32767,32767,32767,32767,32767
645806188,32767,32767,32767,32767,32767,32767
645811210,32767,32767,32767,32767,32767,32767
645816188,32767,32767,32767,32767,32767,32767
645821188,32767,32767,32767,32767,32767,32767
645826210,32767,32767,32767,32767,32767,32767
645831188,32767,32767,32767,32767,32767,32767
645836188,32767,32767,32767,32767,32767,32767
645841210,32767,32767,32767,-22,32767,32767
645846188,32767,32767,32767,32767,32767,32767
645851188,32767,32767,32767,32767,32767,32767
645856210,32767,32767,32767,32767,-3,32767
645861188,32767,32767,32767,32767,32767,32767
645866188,32767,32767,32767,32767,32767,32767
645871211,32767,32767,32767,32767,32767,32767
645876188,32767,32767,32767,32767,32767,32767
645881188,32767,32767,32767,32767,32767,32767
645886210,32767,32767,32767,-39,32767,32767
645891188,32767,32767,32767,32767,32767,32767
645896187,32767,32767,32767,32767,32767,32767
645901211,32767,32767,32767,32767,32767,32767
645906188,32767,32767,32767,32767,-2,32767
645911188,32767,32767,32767,32767,32767,32767
645916210,32767,32767,32767,32767,32767,32767
645921188,32767,32767,32767,32767,32767,32767
645926188,32767,32767,32767,32767,32767,32767
645931211,32767,32767,32767,32767,32767,32767
645936188,32767,32767,32767,32767,32767,32767
645941188,32767,32767,32767,32767,32767,32767
645946210,32767,32767,32767,32767,32767,32767
645951188,32767,32767,32767,32767,32767,32767
645956188,32767,32767,32767,32767,32767,32767
645961211,32767,32767,32767,32767,32767,32767
645966188,32767,32767,32767,32767,32767,32767
645971188,32767,32767,32767,-22,32767,32767
645976210,32767,32767,32767,32767,32767,32767
645981188,32767,32767,32767,32767,32767,32767
645986188,32767,32767,32767,32767,32767,32767
645991211,32767,32767,32767,32767,32767,32767
645996188,32767,32767,32767,32767,32767,32767
646001189,32767,32767,32767,32767,32767,32767
646006210,32767,32767,32767,32767,-3,32767
646011187,32767,32767,32767,32767,32767,32767
646016188,32767,32767,32767,-38,32767,32767
646021211,32767,32767,32767,32767,32767,32767
646026188,32767,32767,32767,32767,32767,32767
646031188,32767,32767,32767,32767,32767,32767
646036210,32767,32767,32767,32767,32767,32767
646041188,32767,32767,32767,32767,32767,32767
646046188,32767,32767,32767,32767,32767,32767
646051211,32767,32767,32767,32767,32767,32767
646056188,32767,32767,32767,32767,-3,32767
646061188,32767,32767,32767,32767,32767,32767
646066210,32767,32767,32767,32767,32767,32767
646071188,32767,32767,32767,32767,32767,32767
646076187,32767,32767,32767,32767,32767,32767
646081211,32767,32767,32767,32767,32767,32767
646086188,32767,32767,32767,32767,32767,32767
646091188,32767,32767,32767,32767,32767,32767
646096210,32767,32767,32767,32767,32767,32767
646101188,32767,32767,32767,-23,32767,32767
646106188,32767,32767,32767,32767,32767,32767
646111211,32767,32767,32767,32767,32767,32767
646116188,32767,32767,32767,32767,32767,32767
646121188,32767,32767,32767,32767,32767,32767
646126210,32767,32767,32767,32767,32767,32767
646131188,32767,32767,32767,32767,32767,32767
646136187,32767,32767,32767,32767,32767,-42
646141212,32767,32767,32767,32767,32767,32767
646146188,32767,32767,32767,-39,32767,32767
646151190,32767,32767,32767,32767,32767,-21
646156210,32767,32767,32767,32767,-4,32767
646161188,32767,32767,32767,32767,32767,32767
646166188,32767,32767,32767,32767,32767,-35
646171211,32767,32767,32767,32767,32767,32767
646176187,32767,32767,32767,32767,32767,32767
646181188,32767,32767,32767,32767,32767,-12
646186210,32767,32767,32767,32767,32767,32767
646191188,32767,32767,32767,32767,32767,32767
646196188,32767,32767,32767,32767,32767,32767
646201211,32767,32767,32767,32767,32767,32767
646206188,32767,32767,32767,32767,-2,32767
646211188,32767,32767,32767,32767,32767,32767
646216210,32767,32767,32767,32767,32767,32767
646221188,32767,32767,32767,32767,32767,32767
646226188,32767,32767,32767,32767,32767,32767
646231211,32767,32767,32767,-24,32767,32767
646236188,32767,32767,32767,32767,32767,32767
646241188,32767,32767,32767,32767,32767,32767
646246210,32767,32767,32767,32767,32767,32767
646251188,32767,32767,32767,32767,32767,32767
646256188,32767,32767,32767,32767,32767,32767
646261211,32767,32767,32767,32767,32767,32767
646266188,32767,32767,32767,32767,32767,32767
646271188,32767,32767,32767,32767,32767,32767
646276210,32767,32767,32767,-42,32767,32767
646281188,32767,32767,32767,32767,32767,32767
646286188,32767,32767,32767,32767,32767,32767
646291210,32767,32767,32767,32767,32767,32767
646296188,32767,32767,32767,32767,32767,-9
646301193,32767,32767,32767,32767,32767,32767
646306210,32767,32767,32767,32767,-3,32767
646311188,32767,32767,32767,32767,32767,32767
646316187,32767,32767,32767,32767,32767,32767
646321211,32767,32767,32767,32767,32767,32767
646326188,32767,32767,32767,32767,32767,32767
646331188,32767,32767,32767,32767,32767,32767
646336210,32767,32767,32767,32767,32767,32767
646341188,32767,32767,32767,32767,32767,32767
646346188,32767,32767,32767,32767,32767,32767
646351211,32767,32767,32767,32767,32767,32767
646356188,32767,32767,32767,32767,-2,32767
646361188,32767,32767,32767,-25,32767,32767
646366210,32767,32767,32767,32767,32767,32767
646371188,32767,32767,32767,32767,32767,32767
646376188,32767,32767,32767,32767,32767,32767
646381211,32767,32767,32767,32767,32767,-44
646386188,32767,32767,32767,32767,32767,32767
646391188,32767,32767,32767,32767,32767,32767
646396210,32767,32767,32767,32767,32767,32767
646401187,32767,32767,32767,32767,32767,32767
646406188,32767,32767,32767,-42,32767,32767
646411211,32767,32767,32767,32767,32767,32767
646416188,32767,32767,32767,32767,32767,32767
646421188,32767,32767,32767,32767,32767,32767
646426212,32767,32767,32767,32767,32767,32767
646431188,32767,32767,32767,32767,32767,32767
646436187,32767,32767,32767,32767,32767,32767
646441210,32767,32767,32767,32767,32767,32767
646446188,32767,32767,32767,32767,32767,32767
646451187,32767,32767,32767,32767,32767,32767
646456210,32767,32767,32767,32767,-4,32767
646461188,32767,32767,32767,32767,32767,32767
646466187,32767,32767,32767,32767,32767,32767
646471210,32767,32767,32767,32767,32767,32767
646476188,32767,32767,32767,32767,32767,32767
646481187,32767,32767,32767,32767,32767,32767
646486210,32767,32767,32767,32767,32767,-30
646491189,32767,32767,32767,-26,32767,32767
646496187,32767,32767,32767,32767,32767,32767
646501210,32767,32767,32767,32767,32767,32767
646506188,32767,32767,32767,32767,-2,32767
646511187,32767,32767,32767,32767,32767,32767
646516210,32767,32767,32767,32767,32767,32767
646521188,32767,32767,32767,32767,32767,32767
646526186,32767,32767,32767,32767,32767,32767
646531211,32767,32767,32767,32767,32767,32767
646536188,32767,32767,32767,-43,32767,32767
646541187,32767,32767,32767,32767,32767,32767
646546210,32767,32767,32767,32767,32767,32767
646551188,32767,32767,32767,32767,32767,32767
646556187,32767,32767,32767,32767,32767,32767
646561210,32767,32767,32767,32767,32767,32767
646566188,32767,32767,32767,32767,32767,32767
646571186,32767,32767,32767,32767,32767,32767
646576210,32767,32767,32767,32767,32767,32767
646581188,32767,32767,32767,32767,32767,32767
646586187,32767,32767,32767,32767,32767,32767
646591210,32767,32767,32767,32767,32767,-46
646596188,32767,32767,32767,32767,32767,32767
646601186,32767,32767,32767,32767,32767,32767
646606210,32767,32767,32767,32767,-3,32767
646611188,32767,32767,32767,32767,32767,32767
646616187,32767,32767,32767,32767,32767,32767
646621210,32767,32767,32767,-28,32767,32767
646626188,32767,32767,32767,32767,32767,32767
646631187,32767,32767,32767,32767,32767,32767
646636210,32767,32767,32767,32767,32767,32767
646641188,32767,32767,32767,32767,32767,32767
646646187,32767,32767,32767,32767,32767,32767
646651211,32767,32767,32767,32767,32767,32767
646656188,32767,32767,32767,32767,-3,32767
646661187,32767,32767,32767,32767,32767,32767
646666211,32767,32767,32767,-45,32767,32767
646671188,32767,32767,32767,32767,32767,32767
646676187,32767,32767,32767,32767,32767,32767
646681211,32767,32767,32767,32767,32767,32767
646686188,32767,32767,32767,32767,32767,32767
646691187,32767,32767,32767,32767,32767,32767
646696210,32767,32767,32767,32767,32767,-26
646701188,32767,32767,32767,32767,32767,32767
646706187,32767,32767,32767,32767,32767,32767
646711211,32767,32767,32767,32767,32767,32767
646716188,32767,32767,32767,32767,32767,32767
646721187,32767,32767,32767,32767,32767,32767
646726211,32767,32767,32767,32767,32767,32767
646731188,32767,32767,32767,32767,32767,32767
646736186,32767,32767,32767,32767,32767,32767
646741211,32767,32767,32767,32767,32767,32767
646746188,32767,32767,32767,32767,32767,32767
646751188,32767,32767,32767,-28,32767,32767
646756211,32767,32767,32767,32767,-3,32767
646761191,32767,32767,32767,32767,32767,32767
646766186,32767,32767,32767,32767,32767,32767
646771211,32767,32767,32767,32767,32767,32767
646776188,32767,32767,32767,32767,32767,32767
646781187,32767,32767,32767,32767,32767,-32
646786211,32767,32767,32767,32767,32767,32767
646791188,32767,32767,32767,32767,32767,32767
646796187,32767,32767,32767,-44,32767,32767
646801211,32767,32767,32767,32767,32767,32767
646806188,32767,32767,32767,32767,-2,32767
646811187,32767,32767,32767,32767,32767,32767
646816210,32767,32767,32767,32767,32767,32767
646821187,32767,32767,32767,32767,32767,32767
646826187,32767,32767,32767,32767,32767,32767
646831211,32767,32767,32767,32767,32767,32767
646836187,32767,32767,32767,32767,32767,32767
646841187,32767,32767,32767,32767,32767,32767
646846215,32767,32767,32767,32767,32767,32767
646851188,32767,32767,32767,32767,32767,32767
646856187,32767,32767,32767,32767,32767,32767
646861211,32767,32767,32767,32767,32767,32767
646866188,32767,32767,32767,32767,32767,32767
646871187,32767,32767,32767,32767,32767,32767
646876211,32767,32767,32767,32767,32767,32767
646881188,32767,32767,32767,-28,32767,32767
646886187,32767,32767,32767,32767,32767,32767
646891211,32767,32767,32767,32767,32767,-2
646896188,32767,32767,32767,32767,32767,32767
646901186,32767,32767,32767,32767,32767,32767
646906211,32767,32767,32767,32767,-3,32767
646911188,32767,32767,32767,32767,32767,32767
646916187,32767,32767,32767,32767,32767,32767
646921211,32767,32767,32767,32767,32767,32767
646926188,32767,32767,32767,-46,32767,32767
646931186,32767,32767,32767,32767,32767,32767
646936211,32767,32767,32767,32767,32767,32767
646941188,32767,32767,32767,32767,32767,32767
646946187,32767,32767,32767,32767,32767,32767
646951211,32767,32767,32767,32767,32767,32767
646956188,32767,32767,32767,32767,-2,32767
646961187,32767,32767,32767,32767,32767,32767
646966211,32767,32767,32767,32767,32767,32767
646971188,32767,32767,32767,32767,32767,32767
646976189,32767,32767,32767,32767,32767,32767
646981211,32767,32767,32767,32767,32767,-47
646986188,32767,32767,32767,32767,32767,32767
646991187,32767,32767,32767,32767,32767,32767
646996211,32767,32767,32767,32767,32767,32767
647001188,32767,32767,32767,32767,32767,32767
647006187,32767,32767,32767,32767,32767,32767
647011211,32767,32767,32767,-31,32767,32767
647016188,32767,32767,32767,32767,32767,32767
647021187,32767,32767,32767,32767,32767,32767
647026211,32767,32767,32767,32767,32767,32767
647031188,32767,32767,32767,32767,32767,32767
647036186,32767,32767,32767,32767,32767,32767
647041211,32767,32767,32767,32767,32767,32767
647046188,32767,32767,32767,32767,32767,32767
647051186,32767,32767,32767,4,32767,32767
647056211,32767,32767,32767,32767,-4,32767
647061188,32767,32767,32767,32767,32767,32767
647066187,32767,32767,32767,32767,32767,32767
647071211,32767,32767,32767,32767,32767,32767
647076188,32767,32767,32767,32767,32767,32767
647081188,32767,32767,32767,32767,32767,32767
647086210,32767,32767,32767,32767,32767,32767
647091188,32767,32767,32767,32767,32767,-17
647096186,32767,32767,32767,32767,32767,32767
647101210,32767,32767,32767,32767,32767,32767
647106188,32767,32767,32767,32767,-2,32767
647111187,32767,32767,32767,32767,32767,32767
647116211,32767,32767,32767,32767,32767,32767
647121188,32767,32767,32767,32767,32767,32767
647126187,32767,32767,32767,32767,32767,32767
647131211,32767,32767,32767,32767,32767,32767
647136188,32767,32767,32767,32767,32767,32767
647141187,32767,32767,32767,-31,32767,32767
647146211,32767,32767,32767,32767,32767,32767
647151188,32767,32767,32767,32767,32767,32767
647156187,32767,32767,32767,32767,32767,32767
647161211,32767,32767,32767,32767,32767,32767
647166188,32767,32767,32767,32767,32767,32767
647171187,32767,32767,32767,32767,32767,32767
647176211,32767,32767,32767,32767,32767,32767
647181188,32767,32767,32767,2,32767,32767
647186187,32767,32767,32767,32767,32767,32767
647191212,32767,32767,32767,32767,32767,32767
647196188,32767,32767,32767,32767,32767,-43
647201187,32767,32767,32767,32767,32767,32767
647206211,32767,32767,32767,32767,-3,32767
647211188,32767,32767,32767,32767,32767,32767
647216187,32767,32767,32767,32767,32767,32767
647221211,32767,32767,32767,32767,32767,32767
647226188,32767,32767,32767,32767,32767,32767
647231187,32767,32767,32767,32767,32767,32767
647236211,32767,32767,32767,32767,32767,32767
647241188,32767,32767,32767,32767,32767,32767
647246187,32767,32767,32767,32767,32767,32767
647251211,32767,32767,32767,32767,32767,32767
647256188,32767,32767,32767,32767,-2,32767
647261187,32767,32767,32767,32767,32767,32767
647266211,32767,32767,32767,32767,32767,32767
647271188,32767,32767,32767,-31,32767,32767
647276187,32767,32767,32767,32767,32767,32767
647281211,32767,32767,32767,32767,32767,-38
647286188,32767,32767,32767,32767,32767,32767
647291187,32767,32767,32767,32767,32767,32767
647296211,32767,32767,32767,32767,32767,32767
647301191,32767,32767,32767,32767,32767,32767
647306187,32767,32767,32767,32767,32767,32767
647311211,32767,32767,32767,1,32767,32767
647316186,32767,32767,32767,32767,32767,32767
647321187,32767,32767,32767,32767,32767,32767
647326211,32767,32767,32767,32767,32767,32767
647331187,32767,32767,32767,32767,32767,32767
647336187,32767,32767,32767,32767,32767,32767
647341211,32767,32767,32767,32767,32767,32767
647346187,32767,32767,32767,32767,32767,32767
647351187,32767,32767,32767,32767,32767,32767
647356211,32767,32767,32767,32767,-4,32767
647361187,32767,32767,32767,32767,32767,32767
647366188,32767,32767,32767,32767,32767,32767
647371211,32767,32767,32767,32767,32767,32767
647376187,32767,32767,32767,32767,32767,32767
647381188,32767,32767,32767,32767,32767,32767
647386211,32767,32767,32767,32767,32767,32767
647391187,32767,32767,32767,32767,32767,32767
647396187,32767,32767,32767,32767,32767,-9
647401211,32767,32767,32767,-34,32767,32767
647406187,32767,32767,32767,32767,-2,32767
647411188,32767,32767,32767,32767,32767,32767
647416211,32767,32767,32767,32767,32767,32767
647421186,32767,32767,32767,32767,32767,32767
647426187,32767,32767,32767,32767,32767,32767
647431211,32767,32767,32767,32767,32767,32767
647436187,32767,32767,32767,32767,32767,32767
647441187,32767,32767,32767,1,32767,32767
647446211,32767,32767,32767,32767,32767,32767
647451187,32767,32767,32767,32767,32767,32767
647456188,32767,32767,32767,32767,32767,32767
647461212,32767,32767,32767,32767,32767,32767
647466187,32767,32767,32767,32767,32767,32767
647471187,32767,32767,32767,32767,32767,32767
647476212,32767,32767,32767,32767,32767,32767
647481187,32767,32767,32767,32767,32767,32767
647486187,32767,32767,32767,32767,32767,32767
647491211,32767,32767,32767,32767,32767,32767
647496186,32767,32767,32767,32767,32767,-44
647501188,32767,32767,32767,32767,32767,32767
647506211,32767,32767,32767,32767,-3,32767
647511187,32767,32767,32767,32767,32767,32767
647516188,32767,32767,32767,32767,32767,32767
647521210,32767,32767,32767,32767,32767,32767
647526186,32767,32767,32767,32767,32767,32767
647531188,32767,32767,32767,-34,32767,32767
647536211,32767,32767,32767,32767,32767,32767
647541186,32767,32767,32767,32767,32767,32767
647546188,32767,32767,32767,32767,32767,32767
647551211,32767,32767,32767,32767,32767,32767
647556187,32767,32767,32767,32767,-3,32767
647561187,32767,32767,32767,32767,32767,32767
647566211,32767,32767,32767,32767,32767,32767
647571187,32767,32767,32767,0,32767,32767
647576188,32767,32767,32767,32767,32767,32767
647581211,32767,32767,32767,32767,32767,32767
647586187,32767,32767,32767,32767,32767,32767
647591187,32767,32767,32767,32767,32767,-6
647596211,32767,32767,32767,32767,32767,32767
647601187,32767,32767,32767,32767,32767,32767
647606188,32767,32767,32767,32767,32767,32767
647611211,32767,32767,32767,32767,32767,32767
647616187,32767,32767,32767,32767,32767,32767
647621188,32767,32767,32767,32767,32767,32767
647626211,32767,32767,32767,32767,32767,32767
647631188,32767,32767,32767,32767,32767,32767
647636188,32767,32767,32767,32767,32767,32767
647641211,32767,32767,32767,32767,32767,32767
647646186,32767,32767,32767,32767,32767,32767
647651187,32767,32767,32767,32767,32767,32767
647656210,32767,32767,32767,32767,-4,32767
647661187,32767,32767,32767,-35,32767,32767
647666187,32767,32767,32767,32767,32767,32767
647671210,32767,32767,32767,32767,32767,32767
647676187,32767,32767,32767,32767,32767,32767
647681188,32767,32767,32767,32767,32767,-42
647686210,32767,32767,32767,32767,32767,32767
647691187,32767,32767,32767,32767,32767,32767
647696188,32767,32767,32767,32767,32767,32767
647701210,32767,32767,32767,-2,32767,32767
647706187,32767,32767,32767,32767,-2,32767
647711188,32767,32767,32767,32767,32767,32767
647716210,32767,32767,32767,32767,32767,32767
647721187,32767,32767,32767,32767,32767,32767
647726188,32767,32767,32767,32767,32767,32767
647731210,32767,32767,32767,32767,32767,32767
647736187,32767,32767,32767,32767,32767,32767
647741188,32767,32767,32767,32767,32767,32767
647746210,32767,32767,32767,32767,32767,32767
647751188,32767,32767,32767,32767,32767,32767
647756187,32767,32767,32767,32767,32767,32767
647761210,32767,32767,32767,32767,32767,32767
647766188,32767,32767,32767,32767,32767,32767
647771188,32767,32767,32767,32767,32767,32767
647776210,32767,32767,32767,32767,32767,32767
647781187,32767,32767,32767,32767,32767,32767
647786188,32767,32767,32767,32767,32767,32767
647791210,32767,32767,32767,-36,32767,32767
647796188,32767,32767,32767,32767,32767,-12
647801188,32767,32767,32767,32767,32767,32767
647806210,32767,32767,32767,32767,-3,32767
647811188,32767,32767,32767,32767,32767,32767
647816188,32767,32767,32767,32767,32767,32767
647821210,32767,32767,32767,32767,32767,32767
647826187,32767,32767,32767,32767,32767,32767
647831190,32767,32767,32767,-3,32767,32767
647836210,32767,32767,32767,32767,32767,32767
647841187,32767,32767,32767,32767,32767,32767
647846188,32767,32767,32767,32767,32767,32767
647851211,32767,32767,32767,32767,32767,32767
647856191,32767,32767,32767,32767,-3,32767
647861188,32767,32767,32767,32767,32767,32767
647866210,32767,32767,32767,32767,32767,32767
647871188,32767,32767,32767,32767,32767,32767
647876188,32767,32767,32767,32767,32767,32767
647881210,32767,32767,32767,32767,32767,32767
647886188,32767,32767,32767,32767,32767,32767
647891188,32767,32767,32767,32767,32767,-2
647896210,32767,32767,32767,32767,32767,32767
647901187,32767,32767,32767,32767,32767,32767
647906188,32767,32767,32767,32767,32767,32767
647911210,32767,32767,32767,32767,32767,32767
647916188,32767,32767,32767,32767,32767,32767
647921188,32767,32767,32767,-36,32767,32767
647926210,32767,32767,32767,32767,32767,32767
647931188,32767,32767,32767,32767,32767,32767
647936188,32767,32767,32767,32767,32767,32767
647941210,32767,32767,32767,32767,32767,32767
647946188,32767,32767,32767,32767,32767,32767
647951188,32767,32767,32767,32767,32767,32767
647956210,32767,32767,32767,32767,-3,32767
647961189,32767,32767,32767,-4,32767,32767
647966188,32767,32767,32767,32767,32767,32767
647971210,32767,32767,32767,32767,32767,32767
647976188,32767,32767,32767,32767,32767,32767
647981188,32767,32767,32767,32767,32767,32767
647986210,32767,32767,32767,32767,32767,32767
647991188,32767,32767,32767,32767,32767,-7
647996188,32767,32767,32767,32767,32767,32767
648001210,32767,32767,32767,32767,32767,32767
648006187,32767,32767,32767,32767,-2,32767
648011188,32767,32767,32767,32767,32767,32767
648016210,32767,32767,32767,32767,32767,32767
648021188,32767,32767,32767,32767,32767,32767
648026188,32767,32767,32767,32767,32767,32767
648031210,32767,32767,32767,32767,32767,32767
648036188,32767,32767,32767,32767,32767,32767
648041188,32767,32767,32767,32767,32767,32767
648046210,32767,32767,32767,32767,32767,32767
648051188,32767,32767,32767,-38,32767,32767
648056187,32767,32767,32767,32767,32767,32767
648061210,32767,32767,32767,32767,32767,32767
648066188,32767,32767,32767,32767,32767,32767
648071188,32767,32767,32767,32767,32767,32767
648076210,32767,32767,32767,32767,32767,32767
648081188,32767,32767,32767,32767,32767,32767
648086187,32767,32767,32767,32767,32767,32767
648091210,32767,32767,32767,-6,32767,-8
648096188,32767,32767,32767,32767,32767,32767
648101188,32767,32767,32767,32767,32767,32767
648106210,32767,32767,32767,32767,-3,32767
648111188,32767,32767,32767,32767,32767,32767
648116188,32767,32767,32767,32767,32767,32767
648121210,32767,32767,32767,32767,32767,32767
648126188,32767,32767,32767,32767,32767,32767
648131188,32767,32767,32767,32767,32767,32767
648136210,32767,32767,32767,32767,32767,32767
648141188,32767,32767,32767,32767,32767,32767
648146188,32767,32767,32767,32767,32767,32767
648151210,32767,32767,32767,32767,32767,32767
648156188,32767,32767,32767,32767,-3,32767
648161188,32767,32767,32767,32767,32767,32767
648166210,32767,32767,32767,32767,32767,32767
648171188,32767,32767,32767,32767,32767,32767
648176188,32767,32767,32767,32767,32767,32767
648181211,32767,32767,32767,-39,32767,32767
648186188,32767,32767,32767,32767,32767,32767
648191188,32767,32767,32767,32767,32767,32767
648196210,32767,32767,32767,32767,32767,-4
648201188,32767,32767,32767,32767,32767,32767
648206188,32767,32767,32767,32767,32767,32767
648211210,32767,32767,32767,32767,32767,32767
648216188,32767,32767,32767,32767,32767,32767
648221188,32767,32767,32767,-6,32767,32767
648226210,32767,32767,32767,32767,32767,32767
648231187,32767,32767,32767,32767,32767,32767
648236188,32767,32767,32767,32767,32767,32767
648241210,32767,32767,32767,32767,32767,32767
648246188,32767,32767,32767,32767,32767,32767
648251188,32767,32767,32767,32767,32767,32767
648256210,32767,32767,32767,32767,-3,32767
648261188,32767,32767,32767,32767,32767,32767
648266188,32767,32767,32767,32767,32767,32767
648271210,32767,32767,32767,32767,32767,32767
648276188,32767,32767,32767,32767,32767,32767
648281188,32767,32767,32767,32767,32767,32767
648286210,32767,32767,32767,32767,32767,32767
648291188,32767,32767,32767,32767,32767,-10
648296188,32767,32767,32767,32767,32767,32767
648301210,32767,32767,32767,32767,32767,32767
648306188,32767,32767,32767,32767,-2,32767
648311187,32767,32767,32767,-39,32767,32767
648316210,32767,32767,32767,32767,32767,32767
648321187,32767,32767,32767,32767,32767,32767
648326188,32767,32767,32767,32767,32767,32767
648331210,32767,32767,32767,32767,32767,32767
648336188,32767,32767,32767,32767,32767,32767
648341188,32767,32767,32767,32767,32767,32767
648346210,32767,32767,32767,32767,32767,32767
648351188,32767,32767,32767,-7,32767,32767
648356188,32767,32767,32767,32767,32767,32767
648361210,32767,32767,32767,32767,32767,32767
648366188,32767,32767,32767,32767,32767,32767
648371188,32767,32767,32767,32767,32767,32767
648376212,32767,32767,32767,32767,32767,32767
648381187,32767,32767,32767,32767,32767,32767
648386187,32767,32767,32767,32767,32767,32767
648391210,32767,32767,32767,32767,32767,-13
648396187,32767,32767,32767,32767,32767,32767
648401188,32767,32767,32767,32767,32767,32767
648406210,32767,32767,32767,32767,-3,32767
648411188,32767,32767,32767,32767,32767,32767
648416187,32767,32767,32767,32767,32767,32767
648421210,32767,32767,32767,32767,32767,32767
648426188,32767,32767,32767,32767,32767,32767
648431188,32767,32767,32767,32767,32767,32767
648436210,32767,32767,32767,32767,32767,32767
648441187,32767,32767,32767,-41,32767,32767
648446188,32767,32767,32767,32767,32767,32767
648451210,32767,32767,32767,32767,32767,32767
648456188,32767,32767,32767,32767,-3,32767
648461188,32767,32767,32767,32767,32767,32767
648466210,32767,32767,32767,32767,32767,32767
648471187,32767,32767,32767,32767,32767,32767
648476188,32767,32767,32767,32767,32767,32767
648481210,32767,32767,32767,-9,32767,-46
648486188,32767,32767,32767,32767,32767,32767
648491188,32767,32767,32767,32767,32767,32767
648496210,32767,32767,32767,32767,32767,32767
648501188,32767,32767,32767,32767,32767,32767
648506188,32767,32767,32767,32767,32767,32767
648511211,32767,32767,32767,32767,32767,32767
648516188,32767,32767,32767,32767,32767,32767
648521186,32767,32767,32767,32767,32767,32767
648526210,32767,32767,32767,32767,32767,32767
648531188,32767,32767,32767,32767,32767,32767
648536187,32767,32767,32767,32767,32767,32767
648541210,32767,32767,32767,32767,32767,32767
648546188,32767,32767,32767,32767,32767,32767
648551187,32767,32767,32767,32767,32767,32767
648556210,32767,32767,32767,32767,-4,32767
648561189,32767,32767,32767,32767,32767,32767
648566187,32767,32767,32767,32767,32767,32767
648571215,32767,32767,32767,-43,32767,32767
648576188,32767,32767,32767,32767,32767,32767
648581186,32767,32767,32767,32767,32767,32767
648586210,32767,32767,32767,32767,32767,32767
648591190,32767,32767,32767,32767,32767,-12
648596187,32767,32767,32767,32767,32767,32767
648601210,32767,32767,32767,32767,32767,32767
648606188,32767,32767,32767,32767,-2,32767
648611187,32767,32767,32767,-9,32767,32767
648616210,32767,32767,32767,32767,32767,32767
648621188,32767,32767,32767,32767,32767,32767
648626187,32767,32767,32767,32767,32767,32767
648631210,32767,32767,32767,32767,32767,32767
648636188,32767,32767,32767,32767,32767,32767
648641187,32767,32767,32767,32767,32767,32767
648646210,32767,32767,32767,32767,32767,32767
648651188,32767,32767,32767,32767,32767,32767
648656187,32767,32767,32767,32767,32767,32767
648661210,32767,32767,32767,32767,32767,32767
648666188,32767,32767,32767,32767,32767,32767
648671187,32767,32767,32767,32767,32767,32767
648676210,32767,32767,32767,32767,32767,32767
648681188,32767,32767,32767,32767,32767,-40
648686187,32767,32767,32767,32767,32767,32767
648691210,32767,32767,32767,32767,32767,32767
648696188,32767,32767,32767,32767,32767,32767
648701187,32767,32767,32767,-43,32767,32767
648706210,32767,32767,32767,32767,-3,32767
648711188,32767,32767,32767,32767,32767,32767
648716186,32767,32767,32767,32767,32767,32767
648721210,32767,32767,32767,32767,32767,32767
648726188,32767,32767,32767,32767,32767,32767
648731187,32767,32767,32767,32767,32767,32767
648736210,32767,32767,32767,32767,32767,32767
648741190,32767,32767,32767,-10,32767,32767
648746187,32767,32767,32767,32767,32767,32767
648751210,32767,32767,32767,32767,32767,32767
648756188,32767,32767,32767,32767,-3,32767
648761187,32767,32767,32767,32767,32767,32767
648766211,32767,32767,32767,32767,32767,32767
648771188,32767,32767,32767,32767,32767,32767
648776187,32767,32767,32767,32767,32767,32767
648781211,32767,32767,32767,32767,32767,32767
648786188,32767,32767,32767,32767,32767,32767
648791186,32767,32767,32767,32767,32767,-11
648796211,32767,32767,32767,32767,32767,32767
648801188,32767,32767,32767,32767,32767,32767
648806187,32767,32767,32767,32767,32767,32767
648811211,32767,32767,32767,32767,32767,32767
648816188,32767,32767,32767,32767,32767,32767
648821187,32767,32767,32767,32767,32767,32767
648826211,32767,32767,32767,32767,32767,32767
648831188,32767,32767,32767,-44,32767,32767
648836187,32767,32767,32767,32767,32767,32767
648841211,32767,32767,32767,32767,32767,32767
648846188,32767,32767,32767,32767,32767,32767
648851187,32767,32767,32767,32767,32767,32767
648856211,32767,32767,32767,32767,-4,32767
648861188,32767,32767,32767,32767,32767,32767
648866187,32767,32767,32767,32767,32767,32767
648871211,32767,32767,32767,-11,32767,32767
648876188,32767,32767,32767,32767,32767,32767
648881187,32767,32767,32767,32767,32767,32767
648886210,32767,32767,32767,32767,32767,32767
648891188,32767,32767,32767,32767,32767,32767
648896187,32767,32767,32767,32767,32767,-13
648901211,32767,32767,32767,32767,32767,32767
648906188,32767,32767,32767,32767,-2,32767
648911187,32767,32767,32767,32767,32767,32767
648916211,32767,32767,32767,32767,32767,32767
648921188,32767,32767,32767,32767,32767,32767
648926187,32767,32767,32767,32767,32767,32767
648931211,32767,32767,32767,32767,32767,32767
648936188,32767,32767,32767,32767,32767,32767
648941187,32767,32767,32767,32767,32767,32767
648946211,32767,32767,32767,32767,32767,32767
648951188,32767,32767,32767,32767,32767,32767
648956187,32767,32767,32767,32767,32767,32767
648961211,32767,32767,32767,-46,32767,32767
648966188,32767,32767,32767,32767,32767,32767
648971187,32767,32767,32767,32767,32767,32767
648976211,32767,32767,32767,32767,32767,32767
648981187,32767,32767,32767,32767,32767,-43
648986187,32767,32767,32767,32767,32767,32767
648991211,32767,32767,32767,32767,32767,32767
648996189,32767,32767,32767,32767,32767,32767
649001186,32767,32767,32767,-11,32767,32767
649006211,32767,32767,32767,32767,-3,32767
649011188,32767,32767,32767,32767,32767,32767
649016187,32767,32767,32767,32767,32767,32767
649021211,32767,32767,32767,32767,32767,32767
649026188,32767,32767,32767,32767,32767,32767
649031187,32767,32767,32767,32767,32767,32767
649036211,32767,32767,32767,32767,32767,32767
649041188,32767,32767,32767,32767,32767,32767
649046187,32767,32767,32767,32767,32767,32767
649051211,32767,32767,32767,32767,32767,32767
649056188,32767,32767,32767,32767,-3,32767
649061187,32767,32767,32767,32767,32767,32767
649066211,32767,32767,32767,32767,32767,32767
649071188,32767,32767,32767,32767,32767,32767
649076186,32767,32767,32767,32767,32767,32767
649081211,32767,32767,32767,32767,32767,32767
649086188,32767,32767,32767,32767,32767,32767
649091186,32767,32767,32767,-46,32767,32767
649096211,32767,32767,32767,32767,32767,-27
649101188,32767,32767,32767,32767,32767,32767
649106187,32767,32767,32767,32767,32767,32767
649111209,32767,32767,32767,32767,32767,32767
649116188,32767,32767,32767,32767,32767,32767
649121186,32767,32767,32767,32767,32767,32767
649126211,32767,32767,32767,32767,32767,32767
649131188,32767,32767,32767,-13,32767,32767
649136187,32767,32767,32767,32767,32767,32767
649141211,32767,32767,32767,32767,32767,32767
649146188,32767,32767,32767,32767,32767,32767
649151186,32767,32767,32767,32767,32767,32767
649156211,32767,32767,32767,32767,-4,32767
649161188,32767,32767,32767,32767,32767,32767
649166187,32767,32767,32767,32767,32767,32767
649171211,32767,32767,32767,32767,32767,32767
649176187,32767,32767,32767,32767,32767,32767
649181186,32767,32767,32767,32767,32767,32767
649186211,32767,32767,32767,32767,32767,32767
649191188,32767,32767,32767,32767,32767,32767
649196186,32767,32767,32767,32767,32767,-44
649201211,32767,32767,32767,32767,32767,32767
649206188,32767,32767,32767,32767,-2,32767
649211186,32767,32767,32767,32767,32767,32767
649216211,32767,32767,32767,2,32767,32767
649221188,32767,32767,32767,32767,32767,32767
649226187,32767,32767,32767,32767,32767,32767
649231211,32767,32767,32767,32767,32767,32767
649236188,32767,32767,32767,32767,32767,32767
649241187,32767,32767,32767,32767,32767,32767
649246211,32767,32767,32767,32767,32767,32767
649251188,32767,32767,32767,32767,32767,32767
649256187,32767,32767,32767,32767,32767,32767
649261211,32767,32767,32767,-14,32767,32767
649266188,32767,32767,32767,32767,32767,32767
649271188,32767,32767,32767,32767,32767,32767
649276211,32767,32767,32767,32767,32767,32767
649281188,32767,32767,32767,32767,32767,32767
649286186,32767,32767,32767,32767,32767,32767
649291210,32767,32767,32767,32767,32767,-1
649296189,32767,32767,32767,32767,32767,32767
649301187,32767,32767,32767,32767,32767,32767
649306211,32767,32767,32767,32767,-3,32767
649311188,32767,32767,32767,32767,32767,32767
649316187,32767,32767,32767,32767,32767,32767
649321211,32767,32767,32767,32767,32767,32767
649326188,32767,32767,32767,32767,32767,32767
649331187,32767,32767,32767,32767,32767,32767
649336211,32767,32767,32767,32767,32767,32767
649341188,32767,32767,32767,32767,32767,32767
649346187,32767,32767,32767,2,32767,32767
649351210,32767,32767,32767,32767,32767,32767
649356188,32767,32767,32767,32767,-2,32767
649361186,32767,32767,32767,32767,32767,32767
649366211,32767,32767,32767,32767,32767,32767
649371188,32767,32767,32767,32767,32767,32767
649376187,32767,32767,32767,32767,32767,32767
649381211,32767,32767,32767,32767,32767,-46
649386188,32767,32767,32767,32767,32767,32767
649391187,32767,32767,32767,-14,32767,32767
649396211,32767,32767,32767,32767,32767,32767
649401188,32767,32767,32767,32767,32767,32767
649406187,32767,32767,32767,32767,32767,32767
649411211,32767,32767,32767,32767,32767,32767
649416191,32767,32767,32767,32767,32767,32767
649421186,32767,32767,32767,32767,32767,32767
649426212,32767,32767,32767,32767,32767,32767
649431188,32767,32767,32767,32767,32767,32767
649436187,32767,32767,32767,32767,32767,32767
649441211,32767,32767,32767,32767,32767,32767
649446188,32767,32767,32767,32767,32767,32767
649451187,32767,32767,32767,32767,32767,32767
649456211,32767,32767,32767,32767,-3,32767
649461190,32767,32767,32767,32767,32767,32767
649466186,32767,32767,32767,32767,32767,32767
649471211,32767,32767,32767,32767,32767,32767
649476188,32767,32767,32767,2,32767,32767
649481187,32767,32767,32767,32767,32767,32767
649486211,32767,32767,32767,32767,32767,32767
649491188,32767,32767,32767,32767,32767,-2
649496187,32767,32767,32767,32767,32767,32767
649501211,32767,32767,32767,32767,32767,32767
649506188,32767,32767,32767,32767,-2,32767
649511186,32767,32767,32767,32767,32767,32767
649516211,32767,32767,32767,32767,32767,32767
649521188,32767,32767,32767,-16,32767,32767
649526187,32767,32767,32767,32767,32767,32767
649531211,32767,32767,32767,32767,32767,32767
649536188,32767,32767,32767,32767,32767,32767
649541187,32767,32767,32767,32767,32767,32767
649546211,32767,32767,32767,32767,32767,32767
649551188,32767,32767,32767,32767,32767,32767
649556187,32767,32767,32767,32767,32767,32767
649561211,32767,32767,32767,32767,32767,32767
649566188,32767,32767,32767,32767,32767,32767
649571187,32767,32767,32767,32767,32767,32767
649576211,32767,32767,32767,32767,32767,32767
649581188,32767,32767,32767,32767,32767,-44
649586187,32767,32767,32767,32767,32767,32767
649591211,32767,32767,32767,32767,32767,32767
649596188,32767,32767,32767,32767,32767,32767
649601187,32767,32767,32767,32767,32767,32767
649606210,32767,32767,32767,-1,-3,32767
649611188,32767,32767,32767,32767,32767,32767
649621210,32767,32767,32767,32767,32767,32767
649626188,32767,32767,32767,32767,32767,32767
649631188,32767,32767,32767,32767,32767,32767
649636210,32767,32767,32767,32767,32767,32767
649641188,32767,32767,32767,32767,32767,32767
649646188,32767,32767,32767,32767,32767,32767
649651210,32767,32767,32767,-18,32767,32767
649656187,32767,32767,32767,32767,-3,32767
649661188,32767,32767,32767,32767,32767,32767
649666210,32767,32767,32767,32767,32767,32767
649671187,32767,32767,32767,32767,32767,32767
649676186,32767,32767,32767,32767,32767,32767
649681210,32767,32767,32767,32767,32767,32767
649686188,32767,32767,32767,32767,32767,32767
649691187,32767,32767,32767,32767,32767,32767
649696211,32767,32767,32767,32767,32767,-21
649701188,32767,32767,32767,32767,32767,32767
649706187,32767,32767,32767,32767,32767,32767
649711211,32767,32767,32767,32767,32767,32767
649716188,32767,32767,32767,32767,32767,32767
649721187,32767,32767,32767,32767,32767,32767
649726210,32767,32767,32767,32767,32767,32767
649731188,32767,32767,32767,32767,32767,32767
649736187,32767,32767,32767,-1,32767,32767
649741210,32767,32767,32767,32767,32767,32767
649746187,32767,32767,32767,32767,32767,32767
649751188,32767,32767,32767,32767,32767,32767
649756210,32767,32767,32767,32767,-4,32767
649761187,32767,32767,32767,32767,32767,32767
649766188,32767,32767,32767,32767,32767,32767
649771210,32767,32767,32767,32767,32767,32767
649776188,32767,32767,32767,32767,32767,32767
649781188,32767,32767,32767,-18,32767,-41
649786210,32767,32767,32767,32767,32767,32767
649791188,32767,32767,32767,32767,32767,32767
649796188,32767,32767,32767,32767,32767,32767
649801210,32767,32767,32767,32767,32767,32767
649806188,32767,32767,32767,32767,-2,32767
649811188,32767,32767,32767,32767,32767,32767
649816210,32767,32767,32767,32767,32767,32767
649821188,32767,32767,32767,32767,32767,32767
649826187,32767,32767,32767,32767,32767,32767
649831210,32767,32767,32767,32767,32767,32767
649836187,32767,32767,32767,32767,32767,32767
649841187,32767,32767,32767,32767,32767,32767
649846210,32767,32767,32767,32767,32767,32767
649851187,32767,32767,32767,32767,32767,32767
649856187,32767,32767,32767,32767,32767,32767
649861210,32767,32767,32767,32767,32767,32767
649866188,32767,32767,32767,-1,32767,32767
649871186,32767,32767,32767,32767,32767,32767
649876211,32767,32767,32767,32767,32767,32767
649881188,32767,32767,32767,32767,32767,-36
649886187,32767,32767,32767,32767,32767,32767
649891211,32767,32767,32767,32767,32767,32767
649896188,32767,32767,32767,32767,32767,32767
649901187,32767,32767,32767,32767,32767,32767
649906211,32767,32767,32767,32767,-3,32767
649911188,32767,32767,32767,-19,32767,32767
649916187,32767,32767,32767,32767,32767,32767
649921210,32767,32767,32767,32767,32767,32767
649926188,32767,32767,32767,32767,32767,32767
649931187,32767,32767,32767,32767,32767,32767
649936211,32767,32767,32767,32767,32767,32767
649941188,32767,32767,32767,32767,32767,32767
649946187,32767,32767,32767,32767,32767,32767
649951211,32767,32767,32767,32767,32767,32767
649956187,32767,32767,32767,32767,-3,32767
649961187,32767,32767,32767,32767,32767,32767
649966211,32767,32767,32767,32767,32767,32767
649971187,32767,32767,32767,32767,32767,32767
649976188,32767,32767,32767,32767,32767,32767
649981211,32767,32767,32767,32767,32767,32767
649986187,32767,32767,32767,32767,32767,32767
649991188,32767,32767,32767,32767,32767,32767
649996211,32767,32767,32767,-4,32767,-8
650001187,32767,32767,32767,32767,32767,32767
650006188,32767,32767,32767,32767,32767,32767
650011211,32767,32767,32767,32767,32767,32767
650016186,32767,32767,32767,32767,32767,32767
650021188,32767,32767,32767,32767,32767,32767
650026211,32767,32767,32767,32767,32767,32767
650031187,32767,32767,32767,32767,32767,32767
650036188,32767,32767,32767,32767,32767,32767
650041211,32767,32767,32767,-20,32767,32767
650046187,32767,32767,32767,32767,32767,32767
650051188,32767,32767,32767,32767,32767,32767
650056210,32767,32767,32767,32767,-3,32767
650061187,32767,32767,32767,32767,32767,32767
650066188,32767,32767,32767,32767,32767,32767
650071210,32767,32767,32767,32767,32767,32767
650076188,32767,32767,32767,32767,32767,1
650081188,32767,32767,32767,32767,32767,32767
650086210,32767,32767,32767,32767,32767,32767
650091187,32767,32767,32767,32767,32767,32767
650096191,32767,32767,32767,32767,32767,32767
650101210,32767,32767,32767,32767,32767,32767
650106187,32767,32767,32767,32767,-2,32767
650111188,32767,32767,32767,32767,32767,32767
650116210,32767,32767,32767,32767,32767,32767
650121187,32767,32767,32767,32767,32767,32767
650126187,32767,32767,32767,-4,32767,32767
650131210,32767,32767,32767,32767,32767,32767
650136187,32767,32767,32767,32767,32767,32767
650141188,32767,32767,32767,32767,32767,32767
650146210,32767,32767,32767,32767,32767,32767
650151187,32767,32767,32767,32767,32767,32767
650156187,32767,32767,32767,32767,32767,32767
650161210,32767,32767,32767,32767,32767,32767
650166188,32767,32767,32767,32767,32767,32767
650171187,32767,32767,32767,-20,32767,32767
650176211,32767,32767,32767,32767,32767,32767
650181188,32767,32767,32767,32767,32767,-19
650186187,32767,32767,32767,32767,32767,32767
650191211,32767,32767,32767,32767,32767,32767
650196190,32767,32767,32767,32767,32767,32767
650201187,32767,32767,32767,32767,32767,32767
650206211,32767,32767,32767,32767,-3,32767
650211188,32767,32767,32767,32767,32767,32767
650216187,32767,32767,32767,32767,32767,32767
650221211,32767,32767,32767,32767,32767,32767
650226188,32767,32767,32767,32767,32767,32767
650231187,32767,32767,32767,32767,32767,32767
650236211,32767,32767,32767,32767,32767,32767
650241188,32767,32767,32767,32767,32767,32767
650246187,32767,32767,32767,32767,32767,32767
650251210,32767,32767,32767,32767,32767,32767
650256187,32767,32767,32767,-5,-3,32767
650261187,32767,32767,32767,32767,32767,32767
650266211,32767,32767,32767,32767,32767,32767
650271187,32767,32767,32767,32767,32767,32767
650276187,32767,32767,32767,32767,32767,32767
650281211,32767,32767,32767,32767,32767,-45
650286187,32767,32767,32767,32767,32767,32767
650291187,32767,32767,32767,32767,32767,32767
650296213,32767,32767,32767,32767,32767,32767
650301187,32767,32767,32767,-22,32767,32767
650306188,32767,32767,32767,32767,32767,32767
650311211,32767,32767,32767,32767,32767,32767
650316187,32767,32767,32767,32767,32767,32767
650321188,32767,32767,32767,32767,32767,32767
650326211,32767,32767,32767,32767,32767,32767
650331187,32767,32767,32767,32767,32767,32767
650336188,32767,32767,32767,32767,32767,32767
650341211,32767,32767,32767,32767,32767,32767
650346187,32767,32767,32767,32767,32767,32767
650351188,32767,32767,32767,32767,32767,32767
650356210,32767,32767,32767,32767,-4,32767
650361187,32767,32767,32767,32767,32767,32767
650366187,32767,32767,32767,32767,32767,32767
650371210,32767,32767,32767,32767,32767,32767
650376188,32767,32767,32767,32767,32767,32767
650381188,32767,32767,32767,32767,32767,32767
650386210,32767,32767,32767,-7,32767,32767
650391188,32767,32767,32767,32767,32767,-16
650396188,32767,32767,32767,32767,32767,32767
650401210,32767,32767,32767,32767,32767,32767
650406188,32767,32767,32767,32767,-2,32767
650411188,32767,32767,32767,32767,32767,32767
650416210,32767,32767,32767,32767,32767,32767
650421188,32767,32767,32767,32767,32767,32767
650426188,32767,32767,32767,32767,32767,32767
650431210,32767,32767,32767,-23,32767,32767
650436188,32767,32767,32767,32767,32767,32767
650441188,32767,32767,32767,32767,32767,32767
650446210,32767,32767,32767,32767,32767,32767
650451188,32767,32767,32767,32767,32767,32767
650456187,32767,32767,32767,32767,32767,32767
650461210,32767,32767,32767,32767,32767,32767
650466188,32767,32767,32767,32767,32767,32767
650471187,32767,32767,32767,32767,32767,32767
650476210,32767,32767,32767,32767,32767,32767
650481188,32767,32767,32767,32767,32767,-38
650486187,32767,32767,32767,32767,32767,32767
650491210,32767,32767,32767,32767,32767,32767
650496191,32767,32767,32767,32767,32767,32767
650501187,32767,32767,32767,32767,32767,32767
650506210,32767,32767,32767,32767,-3,32767
650511188,32767,32767,32767,32767,32767,32767
650516187,32767,32767,32767,-7,32767,32767
650521210,32767,32767,32767,32767,32767,32767
650526188,32767,32767,32767,32767,32767,32767
650531187,32767,32767,32767,32767,32767,32767
650536210,32767,32767,32767,32767,32767,32767
650541189,32767,32767,32767,32767,32767,32767
650546187,32767,32767,32767,32767,32767,32767
650551210,32767,32767,32767,32767,32767,32767
650556187,32767,32767,32767,32767,-3,32767
650561187,32767,32767,32767,-23,32767,32767
650566211,32767,32767,32767,32767,32767,32767
650571187,32767,32767,32767,32767,32767,32767
650576187,32767,32767,32767,32767,32767,32767
650581212,32767,32767,32767,32767,32767,32767
650586186,32767,32767,32767,32767,32767,32767
650591187,32767,32767,32767,32767,32767,-6
650596213,32767,32767,32767,32767,32767,32767
650601187,32767,32767,32767,32767,32767,32767
650606187,32767,32767,32767,32767,32767,32767
650611211,32767,32767,32767,32767,32767,32767
650616187,32767,32767,32767,32767,32767,32767
650621187,32767,32767,32767,32767,32767,32767
650626211,32767,32767,32767,32767,32767,32767
650631186,32767,32767,32767,32767,32767,32767
650636187,32767,32767,32767,32767,32767,32767
650641211,32767,32767,32767,32767,32767,32767
650646187,32767,32767,32767,-7,32767,32767
650651187,32767,32767,32767,32767,32767,32767
650656210,32767,32767,32767,32767,-4,32767
650661187,32767,32767,32767,32767,32767,32767
650666188,32767,32767,32767,32767,32767,32767
650671210,32767,32767,32767,32767,32767,32767
650676188,32767,32767,32767,32767,32767,32767
650681188,32767,32767,32767,32767,32767,-39
650686210,32767,32767,32767,32767,32767,32767
650691188,32767,32767,32767,-25,32767,32767
650696188,32767,32767,32767,32767,32767,32767
650701210,32767,32767,32767,32767,32767,32767
650706187,32767,32767,32767,32767,-2,32767
650711188,32767,32767,32767,32767,32767,32767
650716210,32767,32767,32767,32767,32767,32767
650721188,32767,32767,32767,32767,32767,32767
650726188,32767,32767,32767,32767,32767,32767
650731210,32767,32767,32767,32767,32767,32767
650736188,32767,32767,32767,32767,32767,32767
650741188,32767,32767,32767,32767,32767,32767
650746210,32767,32767,32767,32767,32767,32767
650751188,32767,32767,32767,32767,32767,32767
650756187,32767,32767,32767,32767,32767,32767
650761210,32767,32767,32767,32767,32767,32767
650766188,32767,32767,32767,32767,32767,32767
650771187,32767,32767,32767,32767,32767,32767
650776210,32767,32767,32767,-10,32767,32767
650781188,32767,32767,32767,32767,32767,32767
650786188,32767,32767,32767,32767,32767,32767
650791210,32767,32767,32767,32767,32767,32767
650796190,32767,32767,32767,32767,32767,-40
650801188,32767,32767,32767,32767,32767,32767
650806210,32767,32767,32767,32767,-3,32767
650811188,32767,32767,32767,32767,32767,32767
650816187,32767,32767,32767,32767,32767,32767
650821210,32767,32767,32767,-27,32767,32767
650826188,32767,32767,32767,32767,32767,32767
650831187,32767,32767,32767,32767,32767,32767
650836210,32767,32767,32767,32767,32767,32767
650841188,32767,32767,32767,32767,32767,32767
650846188,32767,32767,32767,32767,32767,32767
650851210,32767,32767,32767,32767,32767,32767
650856187,32767,32767,32767,32767,-3,32767
650861188,32767,32767,32767,32767,32767,32767
650866211,32767,32767,32767,32767,32767,32767
650871187,32767,32767,32767,32767,32767,32767
650876188,32767,32767,32767,32767,32767,32767
650881211,32767,32767,32767,32767,32767,32767
650886186,32767,32767,32767,32767,32767,32767
650891187,32767,32767,32767,32767,32767,0
650896211,32767,32767,32767,32767,32767,32767
650901187,32767,32767,32767,32767,32767,32767
650906188,32767,32767,32767,-10,32767,32767
650911211,32767,32767,32767,32767,32767,32767
650916187,32767,32767,32767,32767,32767,32767
650921188,32767,32767,32767,32767,32767,32767
650926213,32767,32767,32767,32767,32767,32767
650931187,32767,32767,32767,32767,32767,32767
650936188,32767,32767,32767,32767,32767,32767
650941211,32767,32767,32767,32767,32767,32767
650946187,32767,32767,32767,32767,32767,32767
650951188,32767,32767,32767,-27,32767,32767
650956210,32767,32767,32767,32767,-3,32767
650961187,32767,32767,32767,32767,32767,32767
650966188,32767,32767,32767,32767,32767,32767
650971210,32767,32767,32767,32767,32767,32767
650976187,32767,32767,32767,32767,32767,32767
650981188,32767,32767,32767,32767,32767,32767
650986210,32767,32767,32767,32767,32767,32767
650991187,32767,32767,32767,32767,32767,32767
650996189,32767,32767,32767,32767,32767,-40
651001211,32767,32767,32767,32767,32767,32767
651006187,32767,32767,32767,32767,-2,32767
651011188,32767,32767,32767,32767,32767,32767
651016210,32767,32767,32767,32767,32767,32767
651021187,32767,32767,32767,32767,32767,32767
651026188,32767,32767,32767,32767,32767,32767
651031210,32767,32767,32767,32767,32767,32767
651036187,32767,32767,32767,-10,32767,32767
651041189,32767,32767,32767,32767,32767,32767
651046210,32767,32767,32767,32767,32767,32767
651051187,32767,32767,32767,32767,32767,32767
651056187,32767,32767,32767,32767,32767,32767
651061210,32767,32767,32767,32767,32767,32767
651066187,32767,32767,32767,32767,32767,32767
651071187,32767,32767,32767,32767,32767,32767
651076210,32767,32767,32767,32767,32767,32767
651081188,32767,32767,32767,-28,32767,32767
651086188,32767,32767,32767,32767,32767,32767
651091210,32767,32767,32767,32767,32767,-12
651096188,32767,32767,32767,32767,32767,32767
651101187,32767,32767,32767,32767,32767,32767
651106210,32767,32767,32767,32767,-3,32767
651111188,32767,32767,32767,32767,32767,32767
651116188,32767,32767,32767,32767,32767,32767
651121210,32767,32767,32767,32767,32767,32767
651126188,32767,32767,32767,32767,32767,32767
651131188,32767,32767,32767,32767,32767,32767
651136210,32767,32767,32767,32767,32767,32767
651141188,32767,32767,32767,32767,32767,32767
651146188,32767,32767,32767,32767,32767,32767
651151210,32767,32767,32767,32767,32767,32767
651156187,32767,32767,32767,32767,-3,32767
651161187,32767,32767,32767,32767,32767,32767
651166210,32767,32767,32767,-12,32767,32767
651171187,32767,32767,32767,32767,32767,32767
651176188,32767,32767,32767,32767,32767,32767
651181211,32767,32767,32767,32767,32767,-45
651186187,32767,32767,32767,32767,32767,32767
651191188,32767,32767,32767,32767,32767,32767
651196211,32767,32767,32767,32767,32767,32767
651201187,32767,32767,32767,32767,32767,32767
651206188,32767,32767,32767,32767,32767,32767
651211211,32767,32767,32767,-30,32767,32767
651216187,32767,32767,32767,32767,32767,32767
651221188,32767,32767,32767,32767,32767,32767
651226211,32767,32767,32767,32767,32767,32767
651231187,32767,32767,32767,32767,32767,32767
651236187,32767,32767,32767,32767,32767,32767
651241211,32767,32767,32767,32767,32767,32767
651246187,32767,32767,32767,32767,32767,32767
651251188,32767,32767,32767,32767,32767,32767
651256210,32767,32767,32767,32767,-3,32767
651261187,32767,32767,32767,32767,32767,32767
651266188,32767,32767,32767,32767,32767,32767
651271210,32767,32767,32767,32767,32767,32767
651276187,32767,32767,32767,32767,32767,32767
651281188,32767,32767,32767,32767,32767,32767
651286210,32767,32767,32767,32767,32767,32767
651291187,32767,32767,32767,32767,32767,-15
651296188,32767,32767,32767,-13,32767,32767
651301210,32767,32767,32767,32767,32767,32767
651306187,32767,32767,32767,32767,-2,32767
651311188,32767,32767,32767,32767,32767,32767
651316210,32767,32767,32767,32767,32767,32767
651321187,32767,32767,32767,32767,32767,32767
651326188,32767,32767,32767,32767,32767,32767
651331210,32767,32767,32767,32767,32767,32767
651336187,32767,32767,32767,32767,32767,32767
651341191,32767,32767,32767,-30,32767,32767
651346210,32767,32767,32767,32767,32767,32767
651351187,32767,32767,32767,32767,32767,32767
651356187,32767,32767,32767,32767,32767,32767
651361210,32767,32767,32767,32767,32767,32767
651366188,32767,32767,32767,32767,32767,32767
651371187,32767,32767,32767,32767,32767,32767
651376210,32767,32767,32767,32767,32767,32767
651381188,32767,32767,32767,32767,32767,32767
651386187,32767,32767,32767,32767,32767,32767
651391210,32767,32767,32767,32767,32767,-1
651396188,32767,32767,32767,32767,32767,32767
651401187,32767,32767,32767,32767,32767,32767
651406210,32767,32767,32767,32767,-3,32767
651411188,32767,32767,32767,32767,32767,32767
651416187,32767,32767,32767,32767,32767,32767
651421210,32767,32767,32767,32767,32767,32767
651426188,32767,32767,32767,-14,32767,32767
651431187,32767,32767,32767,32767,32767,32767
651436210,32767,32767,32767,32767,32767,32767
651441188,32767,32767,32767,32767,32767,32767
651446187,32767,32767,32767,32767,32767,32767
651451210,32767,32767,32767,32767,32767,32767
651456187,32767,32767,32767,32767,-2,32767
651461187,32767,32767,32767,32767,32767,32767
651466211,32767,32767,32767,32767,32767,32767
651471187,32767,32767,32767,-31,32767,32767
651476188,32767,32767,32767,32767,32767,32767
651481211,32767,32767,32767,32767,32767,32767
651486187,32767,32767,32767,32767,32767,32767
651491188,32767,32767,32767,32767,32767,-9
651496211,32767,32767,32767,32767,32767,32767
651501187,32767,32767,32767,32767,32767,32767
651506188,32767,32767,32767,32767,32767,32767
651511211,32767,32767,32767,32767,32767,32767
651516187,32767,32767,32767,32767,32767,32767
651521188,32767,32767,32767,32767,32767,32767
651526211,32767,32767,32767,32767,32767,32767
651531187,32767,32767,32767,32767,32767,32767
651536188,32767,32767,32767,32767,32767,32767
651541211,32767,32767,32767,32767,32767,32767
651546187,32767,32767,32767,32767,32767,32767
651551187,32767,32767,32767,32767,32767,32767
651556210,32767,32767,32767,-15,-4,32767
651561187,32767,32767,32767,32767,32767,32767
651566188,32767,32767,32767,32767,32767,32767
651571210,32767,32767,32767,32767,32767,32767
651576188,32767,32767,32767,32767,32767,32767
651581188,32767,32767,32767,32767,32767,32767
651586210,32767,32767,32767,32767,32767,32767
651591188,32767,32767,32767,32767,32767,32767
651596188,32767,32767,32767,32767,32767,-45
651601210,32767,32767,32767,-32,32767,32767
651606188,32767,32767,32767,32767,-2,32767
651611188,32767,32767,32767,32767,32767,32767
651616210,32767,32767,32767,32767,32767,32767
651621188,32767,32767,32767,32767,32767,32767
651626188,32767,32767,32767,32767,32767,32767
651631210,32767,32767,32767,32767,32767,32767
651636187,32767,32767,32767,32767,32767,32767
651641188,32767,32767,32767,32767,32767,32767
651646210,32767,32767,32767,32767,32767,32767
651651188,32767,32767,32767,32767,32767,32767
651656187,32767,32767,32767,32767,32767,32767
651661210,32767,32767,32767,32767,32767,32767
651666188,32767,32767,32767,32767,32767,32767
651671187,32767,32767,32767,32767,32767,32767
651676210,32767,32767,32767,32767,32767,32767
651681188,32767,32767,32767,32767,32767,32767
651686187,32767,32767,32767,-16,32767,32767
651691210,32767,32767,32767,32767,32767,32767
651696188,32767,32767,32767,32767,32767,-22
651701187,32767,32767,32767,32767,32767,32767
651706211,32767,32767,32767,32767,-3,32767
651711188,32767,32767,32767,32767,32767,32767
651716187,32767,32767,32767,32767,32767,32767
651721211,32767,32767,32767,32767,32767,32767
651726188,32767,32767,32767,32767,32767,32767
651731186,32767,32767,32767,-32,32767,32767
651736211,32767,32767,32767,32767,32767,32767
651741188,32767,32767,32767,32767,32767,32767
651746187,32767,32767,32767,32767,32767,32767
651751211,32767,32767,32767,32767,32767,32767
651756188,32767,32767,32767,32767,-3,32767
651761187,32767,32767,32767,32767,32767,32767
651766211,32767,32767,32767,32767,32767,32767
651771187,32767,32767,32767,32767,32767,32767
651776187,32767,32767,32767,32767,32767,32767
651781211,32767,32767,32767,32767,32767,32767
651786188,32767,32767,32767,32767,32767,32767
651791187,32767,32767,32767,32767,32767,-4
651796211,32767,32767,32767,32767,32767,32767
651801188,32767,32767,32767,32767,32767,32767
651806187,32767,32767,32767,32767,32767,32767
651811211,32767,32767,32767,32767,32767,32767
651816188,32767,32767,32767,-17,32767,32767
651821187,32767,32767,32767,32767,32767,32767
651826211,32767,32767,32767,32767,32767,32767
651831188,32767,32767,32767,32767,32767,32767
651836187,32767,32767,32767,32767,32767,32767
651841211,32767,32767,32767,32767,32767,32767
651846187,32767,32767,32767,32767,32767,32767
651851187,32767,32767,32767,32767,32767,32767
651856210,32767,32767,32767,32767,-4,32767
651861187,32767,32767,32767,-34,32767,32767
651866188,32767,32767,32767,32767,32767,32767
651871210,32767,32767,32767,32767,32767,32767
651876187,32767,32767,32767,32767,32767,32767
651881188,32767,32767,32767,32767,32767,32767
651886210,32767,32767,32767,32767,32767,32767
651891187,32767,32767,32767,32767,32767,-14
651896188,32767,32767,32767,32767,32767,32767
651901210,32767,32767,32767,32767,32767,32767
651906187,32767,32767,32767,32767,-2,32767
651911188,32767,32767,32767,32767,32767,32767
651916210,32767,32767,32767,32767,32767,32767
651921187,32767,32767,32767,32767,32767,32767
651926188,32767,32767,32767,32767,32767,32767
651931210,32767,32767,32767,32767,32767,32767
651936188,32767,32767,32767,32767,32767,32767
651941190,32767,32767,32767,32767,32767,32767
651946210,32767,32767,32767,-19,32767,32767
651951187,32767,32767,32767,32767,32767,32767
651956187,32767,32767,32767,32767,32767,32767
651961210,32767,32767,32767,32767,32767,32767
651966188,32767,32767,32767,32767,32767,32767
651971187,32767,32767,32767,32767,32767,32767
651976210,32767,32767,32767,32767,32767,32767
651981188,32767,32767,32767,32767,32767,32767
651986187,32767,32767,32767,32767,32767,32767
651991210,32767,32767,32767,-36,32767,32767
651996188,32767,32767,32767,32767,32767,-29
652001187,32767,32767,32767,32767,32767,32767
652006211,32767,32767,32767,32767,-3,32767
652011188,32767,32767,32767,32767,32767,32767
652016187,32767,32767,32767,32767,32767,32767
652021211,32767,32767,32767,32767,32767,32767
652026188,32767,32767,32767,32767,32767,32767
652031187,32767,32767,32767,32767,32767,32767
652036211,32767,32767,32767,32767,32767,32767
652041188,32767,32767,32767,32767,32767,32767
652046187,32767,32767,32767,32767,32767,32767
652051211,32767,32767,32767,32767,32767,32767
652056187,32767,32767,32767,32767,-3,32767
652061187,32767,32767,32767,32767,32767,32767
652066211,32767,32767,32767,32767,32767,32767
652071187,32767,32767,32767,32767,32767,32767
652076188,32767,32767,32767,-19,32767,32767
652081211,32767,32767,32767,32767,32767,32767
652086187,32767,32767,32767,32767,32767,32767
652091188,32767,32767,32767,32767,32767,-1
652096211,32767,32767,32767,32767,32767,32767
652101187,32767,32767,32767,32767,32767,32767
652106187,32767,32767,32767,32767,32767,32767
652111211,32767,32767,32767,32767,32767,32767
652116186,32767,32767,32767,32767,32767,32767
652121188,32767,32767,32767,-35,32767,32767
652126211,32767,32767,32767,32767,32767,32767
652131187,32767,32767,32767,32767,32767,32767
652136188,32767,32767,32767,32767,32767,32767
652141211,32767,32767,32767,32767,32767,32767
652146187,32767,32767,32767,32767,32767,32767
652151187,32767,32767,32767,32767,32767,32767
652156211,32767,32767,32767,32767,-3,32767
652161187,32767,32767,32767,32767,32767,32767
652166188,32767,32767,32767,32767,32767,32767
652171211,32767,32767,32767,32767,32767,32767
652176187,32767,32767,32767,32767,32767,32767
652181188,32767,32767,32767,32767,32767,-40
652186211,32767,32767,32767,32767,32767,32767
652191186,32767,32767,32767,32767,32767,32767
652196188,32767,32767,32767,32767,32767,32767
652201213,32767,32767,32767,32767,32767,32767
652206187,32767,32767,32767,-20,-2,32767
652211188,32767,32767,32767,32767,32767,32767
652216211,32767,32767,32767,32767,32767,32767
652221187,32767,32767,32767,32767,32767,32767
652226188,32767,32767,32767,32767,32767,32767
652231211,32767,32767,32767,32767,32767,32767
652236187,32767,32767,32767,32767,32767,32767
652241190,32767,32767,32767,32767,32767,32767
652246211,32767,32767,32767,32767,32767,32767
652251187,32767,32767,32767,-36,32767,32767
652256187,32767,32767,32767,32767,32767,32767
652261211,32767,32767,32767,32767,32767,32767
652266187,32767,32767,32767,32767,32767,32767
652271188,32767,32767,32767,32767,32767,32767
652276211,32767,32767,32767,32767,32767,32767
652281187,32767,32767,32767,32767,32767,-41
652286188,32767,32767,32767,32767,32767,32767
652291210,32767,32767,32767,32767,32767,32767
652296187,32767,32767,32767,32767,32767,32767
652301189,32767,32767,32767,32767,32767,32767
652306211,32767,32767,32767,32767,-3,32767
652311187,32767,32767,32767,32767,32767,32767
652316188,32767,32767,32767,32767,32767,32767
652321211,32767,32767,32767,32767,32767,32767
652326187,32767,32767,32767,32767,32767,32767
652331188,32767,32767,32767,32767,32767,32767
652336211,32767,32767,32767,-21,32767,32767
652341187,32767,32767,32767,32767,32767,32767
652346188,32767,32767,32767,32767,32767,32767
652351211,32767,32767,32767,32767,32767,32767
652356187,32767,32767,32767,32767,-2,32767
652361188,32767,32767,32767,32767,32767,32767
652366211,32767,32767,32767,32767,32767,32767
652371187,32767,32767,32767,32767,32767,32767
652376188,32767,32767,32767,32767,32767,32767
652381211,32767,32767,32767,-39,32767,-38
652386187,32767,32767,32767,32767,32767,32767
652391187,32767,32767,32767,32767,32767,32767
652396211,32767,32767,32767,32767,32767,32767
652401186,32767,32767,32767,32767,32767,32767
652406188,32767,32767,32767,32767,32767,32767
652411211,32767,32767,32767,32767,32767,32767
652416187,32767,32767,32767,32767,32767,32767
652421187,32767,32767,32767,32767,32767,32767
652426212,32767,32767,32767,32767,32767,32767
652431187,32767,32767,32767,32767,32767,32767
652436188,32767,32767,32767,32767,32767,32767
652441211,32767,32767,32767,32767,32767,32767
652446187,32767,32767,32767,32767,32767,32767
652451188,32767,32767,32767,32767,32767,32767
652456211,32767,32767,32767,32767,-3,32767
652461187,32767,32767,32767,32767,32767,32767
652466188,32767,32767,32767,-22,32767,32767
652471210,32767,32767,32767,32767,32767,32767
652476187,32767,32767,32767,32767,32767,32767
652481188,32767,32767,32767,32767,32767,32767
652486211,32767,32767,32767,32767,32767,32767
652491187,32767,32767,32767,32767,32767,-4
652496188,32767,32767,32767,32767,32767,32767
652501211,32767,32767,32767,32767,32767,32767
652506187,32767,32767,32767,32767,-2,32767
652511188,32767,32767,32767,-39,32767,32767
652516211,32767,32767,32767,32767,32767,32767
652521187,32767,32767,32767,32767,32767,32767
652526187,32767,32767,32767,32767,32767,32767
652531211,32767,32767,32767,32767,32767,32767
652536186,32767,32767,32767,32767,32767,32767
652541188,32767,32767,32767,32767,32767,32767
652546211,32767,32767,32767,32767,32767,32767
652551187,32767,32767,32767,32767,32767,32767
652556188,32767,32767,32767,32767,32767,32767
652561211,32767,32767,32767,32767,32767,32767
652566186,32767,32767,32767,32767,32767,32767
652571188,32767,32767,32767,32767,32767,32767
652576211,32767,32767,32767,32767,32767,32767
652581186,32767,32767,32767,32767,32767,32767
652586188,32767,32767,32767,32767,32767,32767
652591211,32767,32767,32767,32767,32767,-1
652596188,32767,32767,32767,-22,32767,32767
652601187,32767,32767,32767,32767,32767,32767
652606211,32767,32767,32767,32767,-3,32767
652611186,32767,32767,32767,32767,32767,32767
652616188,32767,32767,32767,32767,32767,32767
652621211,32767,32767,32767,32767,32767,32767
652626187,32767,32767,32767,32767,32767,32767
652631188,32767,32767,32767,32767,32767,32767
652636213,32767,32767,32767,32767,32767,32767
652641187,32767,32767,32767,-40,32767,32767
652646188,32767,32767,32767,32767,32767,32767
652651211,32767,32767,32767,32767,32767,32767
652656187,32767,32767,32767,32767,-3,32767
652661187,32767,32767,32767,32767,32767,32767
652666211,32767,32767,32767,32767,32767,32767
652671187,32767,32767,32767,32767,32767,32767
652676188,32767,32767,32767,32767,32767,32767
652681211,32767,32767,32767,32767,32767,32767
652686186,32767,32767,32767,32767,32767,32767
652691190,32767,32767,32767,32767,32767,0
652696211,32767,32767,32767,32767,32767,32767
652701187,32767,32767,32767,32767,32767,32767
652706188,32767,32767,32767,32767,32767,32767
652711211,32767,32767,32767,32767,32767,32767
652716187,32767,32767,32767,32767,32767,32767
652721187,32767,32767,32767,32767,32767,32767
652726211,32767,32767,32767,-24,32767,32767
652731187,32767,32767,32767,32767,32767,32767
652736188,32767,32767,32767,32767,32767,32767
652741211,32767,32767,32767,32767,32767,32767
652746187,32767,32767,32767,32767,32767,32767
652751187,32767,32767,32767,32767,32767,32767
652756210,32767,32767,32767,32767,-3,32767
652761187,32767,32767,32767,32767,32767,32767
652766187,32767,32767,32767,32767,32767,32767
652771210,32767,32767,32767,-42,32767,32767
652776187,32767,32767,32767,32767,32767,32767
652781188,32767,32767,32767,32767,32767,-46
652786213,32767,32767,32767,32767,32767,32767
652791188,32767,32767,32767,32767,32767,32767
652796190,32767,32767,32767,32767,32767,32767
652801210,32767,32767,32767,32767,32767,32767
652806188,32767,32767,32767,32767,-2,32767
652811189,32767,32767,32767,32767,32767,32767
652816210,32767,32767,32767,32767,32767,32767
652821187,32767,32767,32767,32767,32767,32767
652826188,32767,32767,32767,32767,32767,32767
652831210,32767,32767,32767,32767,32767,32767
652836188,32767,32767,32767,32767,32767,32767
652841188,32767,32767,32767,32767,32767,32767
652846210,32767,32767,32767,32767,32767,32767
652851188,32767,32767,32767,32767,32767,32767
652856187,32767,32767,32767,-25,32767,32767
652861210,32767,32767,32767,32767,32767,32767
652866188,32767,32767,32767,32767,32767,32767
652871188,32767,32767,32767,32767,32767,32767
652876215,32767,32767,32767,32767,32767,32767
652881188,32767,32767,32767,32767,32767,-45
652886187,32767,32767,32767,32767,32767,32767
652891212,32767,32767,32767,32767,32767,32767
652896188,32767,32767,32767,32767,32767,32767
652901187,32767,32767,32767,-41,32767,32767
652906213,32767,32767,32767,32767,-3,32767
652911188,32767,32767,32767,32767,32767,32767
652916188,32767,32767,32767,32767,32767,32767
652921213,32767,32767,32767,32767,32767,32767
652926188,32767,32767,32767,32767,32767,32767
652931187,32767,32767,32767,32767,32767,32767
652936213,32767,32767,32767,32767,32767,32767
652941191,32767,32767,32767,32767,32767,32767
652946187,32767,32767,32767,32767,32767,32767
652951213,32767,32767,32767,32767,32767,32767
652956187,32767,32767,32767,32767,-2,32767
652961187,32767,32767,32767,32767,32767,32767
652966213,32767,32767,32767,32767,32767,32767
652971188,32767,32767,32767,32767,32767,32767
652976188,32767,32767,32767,32767,32767,32767
652981213,32767,32767,32767,32767,32767,32767
652986187,32767,32767,32767,-26,32767,32767
652991188,32767,32767,32767,32767,32767,32767
652996213,32767,32767,32767,32767,32767,-40
653001187,32767,32767,32767,32767,32767,32767
653006188,32767,32767,32767,32767,32767,32767
653011212,32767,32767,32767,32767,32767,32767
653016187,32767,32767,32767,32767,32767,32767
653021189,32767,32767,32767,32767,32767,32767
653026216,32767,32767,32767,32767,32767,32767
653031187,32767,32767,32767,-43,32767,32767
653036192,32767,32767,32767,32767,32767,32767
653041213,32767,32767,32767,32767,32767,32767
653046187,32767,32767,32767,32767,32767,32767
653051188,32767,32767,32767,32767,32767,32767
653056213,32767,32767,32767,32767,-3,32767
653061187,32767,32767,32767,32767,32767,32767
653066188,32767,32767,32767,32767,32767,32767
653071213,32767,32767,32767,32767,32767,32767
653076188,32767,32767,32767,32767,32767,32767
653081189,32767,32767,32767,32767,32767,-45
653086213,32767,32767,32767,32767,32767,32767
653091187,32767,32767,32767,32767,32767,32767
653096188,32767,32767,32767,32767,32767,32767
653101215,32767,32767,32767,32767,32767,32767
653106187,32767,32767,32767,32767,-2,32767
653111188,32767,32767,32767,32767,32767,32767
653116213,32767,32767,32767,-28,32767,32767
653121188,32767,32767,32767,32767,32767,32767
653126188,32767,32767,32767,32767,32767,32767
653131213,32767,32767,32767,32767,32767,32767
653136188,32767,32767,32767,32767,32767,32767
653141188,32767,32767,32767,32767,32767,32767
653146213,32767,32767,32767,32767,32767,32767
653151187,32767,32767,32767,32767,32767,32767
653156188,32767,32767,32767,32767,32767,32767
653161213,32767,32767,32767,-45,32767,32767
653166187,32767,32767,32767,32767,32767,32767
653171189,32767,32767,32767,32767,32767,32767
653176212,32767,32767,32767,32767,32767,32767
653181187,32767,32767,32767,32767,32767,32767
653186188,32767,32767,32767,32767,32767,32767
653191212,32767,32767,32767,32767,32767,32767
653196188,32767,32767,32767,32767,32767,32767
653201188,32767,32767,32767,32767,32767,32767
653206213,32767,32767,32767,32767,-3,32767
653211188,32767,32767,32767,32767,32767,32767
653216190,32767,32767,32767,32767,32767,-1
653221212,32767,32767,32767,32767,32767,32767
653226188,32767,32767,32767,32767,32767,32767
653231190,32767,32767,32767,32767,32767,32767
653236212,32767,32767,32767,32767,32767,32767
653241188,32767,32767,32767,32767,32767,32767
653246188,32767,32767,32767,-28,32767,32767
653251211,32767,32767,32767,32767,32767,32767
653256187,32767,32767,32767,32767,-2,32767
653261188,32767,32767,32767,32767,32767,32767
653266213,32767,32767,32767,32767,32767,32767
653271187,32767,32767,32767,32767,32767,32767
653276188,32767,32767,32767,32767,32767,32767
653281213,32767,32767,32767,32767,32767,-38
653286187,32767,32767,32767,32767,32767,32767
653291188,32767,32767,32767,-45,32767,32767
653296213,32767,32767,32767,32767,32767,32767
653301187,32767,32767,32767,32767,32767,32767
653306188,32767,32767,32767,32767,32767,32767
653311212,32767,32767,32767,32767,32767,32767
653316188,32767,32767,32767,32767,32767,32767
653321189,32767,32767,32767,32767,32767,32767
653326213,32767,32767,32767,32767,32767,32767
653331187,32767,32767,32767,32767,32767,32767
653336188,32767,32767,32767,32767,32767,32767
653341213,32767,32767,32767,32767,32767,32767
653346187,32767,32767,32767,32767,32767,32767
653351189,32767,32767,32767,32767,32767,32767
653356213,32767,32767,32767,32767,-3,32767
653361187,32767,32767,32767,32767,32767,32767
653366188,32767,32767,32767,32767,32767,32767
653371213,32767,32767,32767,32767,32767,32767
653376188,32767,32767,32767,-28,32767,32767
653381188,32767,32767,32767,32767,32767,32767
653386213,32767,32767,32767,32767,32767,32767
653391187,32767,32767,32767,32767,32767,32767
653396188,32767,32767,32767,32767,32767,-26
653401213,32767,32767,32767,32767,32767,32767
653406187,32767,32767,32767,32767,-2,32767
653411188,32767,32767,32767,32767,32767,32767
653416213,32767,32767,32767,32767,32767,32767
653421187,32767,32767,32767,-45,32767,32767
653426188,32767,32767,32767,32767,32767,32767
653431213,32767,32767,32767,32767,32767,32767
653436188,32767,32767,32767,32767,32767,32767
653441188,32767,32767,32767,32767,32767,32767
653446212,32767,32767,32767,32767,32767,32767
653451187,32767,32767,32767,32767,32767,32767
653456187,32767,32767,32767,32767,32767,32767
653461213,32767,32767,32767,32767,32767,32767
653466188,32767,32767,32767,32767,32767,32767
653471188,32767,32767,32767,32767,32767,32767
653476213,32767,32767,32767,32767,32767,32767
653481189,32767,32767,32767,32767,32767,32767
653486187,32767,32767,32767,32767,32767,32767
653491213,32767,32767,32767,32767,32767,32767
653496188,32767,32767,32767,32767,32767,-26
653501187,32767,32767,32767,32767,32767,32767
653506212,32767,32767,32767,-31,-3,32767
653511188,32767,32767,32767,32767,32767,32767
653516187,32767,32767,32767,32767,32767,32767
653521213,32767,32767,32767,32767,32767,32767
653526188,32767,32767,32767,32767,32767,32767
653531187,32767,32767,32767,32767,32767,32767
653536213,32767,32767,32767,32767,32767,32767
653541188,32767,32767,32767,32767,32767,32767
653546187,32767,32767,32767,32767,32767,32767
653551213,32767,32767,32767,-48,32767,32767
653556189,32767,32767,32767,32767,-2,32767
653561187,32767,32767,32767,32767,32767,32767
653566212,32767,32767,32767,32767,32767,32767
653571188,32767,32767,32767,32767,32767,32767
653576187,32767,32767,32767,32767,32767,32767
653581213,32767,32767,32767,32767,32767,-47
653586188,32767,32767,32767,32767,32767,32767
653591188,32767,32767,32767,32767,32767,32767
653596213,32767,32767,32767,32767,32767,32767
653601188,32767,32767,32767,32767,32767,32767
653606188,32767,32767,32767,32767,32767,32767
653611213,32767,32767,32767,32767,32767,32767
653616188,32767,32767,32767,32767,32767,32767
653621187,32767,32767,32767,32767,32767,32767
653626213,32767,32767,32767,32767,32767,32767
653631188,32767,32767,32767,32767,32767,32767
653636187,32767,32767,32767,-31,32767,32767
653641213,32767,32767,32767,32767,32767,32767
653646188,32767,32767,32767,32767,32767,32767
653651187,32767,32767,32767,32767,32767,32767
653656212,32767,32767,32767,32767,-3,32767
653661188,32767,32767,32767,32767,32767,32767
653666207,32767,32767,32767,32767,32767,32767
653671213,32767,32767,32767,32767,32767,32767
653676188,32767,32767,32767,2,32767,32767
653681187,32767,32767,32767,32767,32767,32767
653686213,32767,32767,32767,32767,32767,32767
653691188,32767,32767,32767,32767,32767,-16
653696187,32767,32767,32767,32767,32767,32767
653701213,32767,32767,32767,32767,32767,32767
653706188,32767,32767,32767,32767,-2,32767
653711187,32767,32767,32767,32767,32767,32767
653716212,32767,32767,32767,32767,32767,32767
653721188,32767,32767,32767,32767,32767,32767
653726187,32767,32767,32767,32767,32767,32767
653731213,32767,32767,32767,32767,32767,32767
653736188,32767,32767,32767,32767,32767,32767
653741187,32767,32767,32767,32767,32767,32767
653746213,32767,32767,32767,32767,32767,32767
653751191,32767,32767,32767,32767,32767,32767
653756188,32767,32767,32767,32767,32767,32767
653761213,32767,32767,32767,32767,32767,32767
653766188,32767,32767,32767,-31,32767,32767
653771188,32767,32767,32767,32767,32767,32767
653776213,32767,32767,32767,32767,32767,32767
653781188,32767,32767,32767,32767,32767,32767
653786187,32767,32767,32767,32767,32767,32767
653791213,32767,32767,32767,32767,32767,-11
653796188,32767,32767,32767,32767,32767,32767
653801187,32767,32767,32767,32767,32767,32767
653806213,32767,32767,32767,1,-3,32767
653811189,32767,32767,32767,32767,32767,32767
653816187,32767,32767,32767,32767,32767,32767
653821212,32767,32767,32767,32767,32767,32767
653826188,32767,32767,32767,32767,32767,32767
653831187,32767,32767,32767,32767,32767,32767
653836213,32767,32767,32767,32767,32767,32767
653841188,32767,32767,32767,32767,32767,32767
653846187,32767,32767,32767,32767,32767,32767
653851213,32767,32767,32767,32767,32767,32767
653856188,32767,32767,32767,32767,-2,32767
653861187,32767,32767,32767,32767,32767,32767
653866213,32767,32767,32767,32767,32767,32767
653871188,32767,32767,32767,32767,32767,32767
