timestamp,roll,pitch,yaw,thrust_body[0],thrust_body[1],thrust_body[2],reset_integral
630566467,-0.05330285,0.056585528,5.9357026e-05,0.0,0.0,-0.001,0
630571526,-0.053241916,0.056494597,0.000337039,0.0,0.0,-0.001,0
630576460,-0.05303062,0.056641314,0.00016783968,0.0,0.0,-0.001,0
630581466,-0.0528562,0.056716062,0.0002525309,0.0,0.0,-0.001,0
630586522,-0.05272984,0.05677159,-0.0005539304,0.0,0.0,-0.001,0
630591453,-0.052925676,0.056714065,-0.0012862381,0.0,0.0,-0.001,0
630596462,-0.053078815,0.05675343,-0.0012498334,0.0,0.0,-0.001,0
630601521,-0.053019743,0.056560885,-0.002503118,0.0,0.0,-0.001,0
630606471,-0.05290025,0.056522537,-0.001104268,0.0,0.0,-0.001,0
630611473,-0.052807048,0.056470267,-0.0011873543,0.0,0.0,-0.001,0
630616505,-0.052725643,0.05650667,0.00051562564,0.0,0.0,-0.001,0
630621465,-0.05288111,0.05662636,0.0012717926,0.0,0.0,-0.001,0
630626458,-0.052933563,0.056731295,0.0005719734,0.0,0.0,-0.001,0
630631512,-0.052841555,0.056764636,0.0012310143,0.0,0.0,-0.001,0
630636465,-0.05284536,0.056712013,0.0004961158,0.0,0.0,-0.001,0
630641465,-0.052820325,0.05656359,0.00131716,0.0,0.0,-0.001,0
630646510,-0.052763477,0.056653365,0.00064178463,0.0,0.0,-0.001,0
630651464,-0.052790355,0.05677487,0.0015265034,0.0,0.0,-0.001,0
630656452,-0.052884724,0.056820706,0.00029041493,0.0,0.0,-0.001,0
630661511,-0.053082403,0.056866575,0.0005419483,0.0,0.0,-0.001,0
630666475,-0.053189334,0.056869842,-0.00030465037,0.0,0.0,-0.001,0
630671463,-0.053253066,0.056663495,-0.0007826672,0.0,0.0,-0.001,0
630676499,-0.05300012,0.056617934,-0.0008568884,0.0,0.0,-0.001,0
630681468,-0.052851968,0.05665231,-0.0015710425,0.0,0.0,-0.001,0
630686462,-0.052703153,0.05670001,-0.0008497133,0.0,0.0,-0.001,0
630691506,-0.05271189,0.05668192,-0.0014847945,0.0,0.0,-0.001,0
630696470,-0.05265812,0.056773953,-0.0006894076,0.0,0.0,-0.001,0
630701467,-0.0527074,0.05671814,-0.001003746,0.0,0.0,-0.001,0
630706521,-0.05266172,0.05652622,-0.0003158434,0.0,0.0,-0.001,0
630711497,-0.05257884,0.05639725,-0.00030933836,0.0,0.0,-0.001,0
630716459,-0.052560113,0.056612305,4.3438995e-05,0.0,0.0,-0.001,0
630721510,-0.05258292,0.056707438,0.00028741534,0.0,0.0,-0.001,0
630726472,-0.052836537,0.05671979,9.721099e-05,0.0,0.0,-0.001,0
630731468,-0.052970562,0.05665166,0.0005167035,0.0,0.0,-0.001,0
630736513,-0.053204287,0.056583785,0.00015659432,0.0,0.0,-0.001,0
630741464,-0.053361002,0.056499302,0.00042410797,0.0,0.0,-0.001,0
630746465,-0.05328524,0.05656816,2.9321736e-05,0.0,0.0,-0.001,0
630751508,-0.05316426,0.05670316,7.706591e-05,0.0,0.0,-0.001,0
630756457,-0.053044155,0.056704108,-0.00013864668,0.0,0.0,-0.001,0
630761462,-0.05304391,0.0567691,-0.000204765,0.0,0.0,-0.001,0
630766510,-0.053022206,0.056633845,-0.00033324654,0.0,0.0,-0.001,0
630771505,-0.052906055,0.05652517,-0.00054020353,0.0,0.0,-0.001,0
630776454,-0.052703544,0.05652958,-0.00050163956,0.0,0.0,-0.001,0
630781509,-0.0525008,0.05665227,-0.0008560872,0.0,0.0,-0.001,0
630786463,-0.05229374,0.05669467,-0.00044704485,0.0,0.0,-0.001,0
630791458,-0.052230947,0.05663529,-0.0006890861,0.0,0.0,-0.001,0
630796521,-0.052355632,0.05654833,-0.00038366197,0.0,0.0,-0.001,0
630801473,-0.052538257,0.056475095,-0.0004679063,0.0,0.0,-0.001,0
630806471,-0.052805416,0.056512367,-0.00011272774,0.0,0.0,-0.001,0
630811516,-0.052841194,0.05656379,0.00010198025,0.0,0.0,-0.001,0
630816461,-0.052919757,0.056640852,0.00013075987,0.0,0.0,-0.001,0
630821457,-0.053033486,0.05668277,0.0003874445,0.0,0.0,-0.001,0
630826503,-0.053111594,0.056587674,0.00018711443,0.0,0.0,-0.001,0
630831468,-0.05321313,0.056511573,0.0005565213,0.0,0.0,-0.001,0
630836471,-0.053289182,0.05655384,9.927337e-05,0.0,0.0,-0.001,0
630841517,-0.05335834,0.056605857,0.00021684916,0.0,0.0,-0.001,0
630846462,-0.053275824,0.056654032,-0.00022191943,0.0,0.0,-0.001,0
630851464,-0.05309534,0.056572713,-0.0003179579,0.0,0.0,-0.001,0
630856522,-0.052830435,0.05653301,-0.00043651275,0.0,0.0,-0.001,0
630861465,-0.052727748,0.056490567,-0.0006909927,0.0,0.0,-0.001,0
630866464,-0.05261314,0.05646126,-0.0004503607,0.0,0.0,-0.001,0
630871523,-0.05250265,0.05660391,-0.0007915624,0.0,0.0,-0.001,0
630876451,-0.05245185,0.056637462,-0.00042388582,0.0,0.0,-0.001,0
630881463,-0.052377384,0.05665285,-0.00065309776,0.0,0.0,-0.001,0
630886510,-0.052446388,0.0566784,-0.00031936867,0.0,0.0,-0.001,0
630891456,-0.052355893,0.056593083,-0.00032566403,0.0,0.0,-0.001,0
630896465,-0.05244632,0.0565226,-6.3173524e-05,0.0,0.0,-0.001,0
630901543,-0.052581273,0.056619465,0.00018924568,0.0,0.0,-0.001,0
630906470,-0.05294651,0.056727298,0.00030682018,0.0,0.0,-0.001,0
630911497,-0.052985944,0.056846023,0.0007583671,0.0,0.0,-0.001,0
630916509,-0.053042576,0.056721337,0.00018690988,0.0,0.0,-0.001,0
630921457,-0.053064,0.056659196,0.00042634553,0.0,0.0,-0.001,0
630926464,-0.05298133,0.05664619,-4.955331e-05,0.0,0.0,-0.001,0
630931506,-0.052949358,0.05667265,-0.00011266801,0.0,0.0,-0.001,0
630936463,-0.053017344,0.056760967,-0.00042150353,0.0,0.0,-0.001,0
630941459,-0.053073633,0.056806475,-0.0007901111,0.0,0.0,-0.001,0
630946505,-0.052943777,0.056755528,-0.0006261073,0.0,0.0,-0.001,0
630951464,-0.052867737,0.056755412,-0.0010452162,0.0,0.0,-0.001,0
630956459,-0.052671377,0.05674324,-0.0004884502,0.0,0.0,-0.001,0
630961513,-0.052412875,0.056757603,-0.00069578516,0.0,0.0,-0.001,0
630966466,-0.05227931,0.056864493,-0.00027775142,0.0,0.0,-0.001,0
630971468,-0.05218488,0.05687023,-0.00026941346,0.0,0.0,-0.001,0
630976507,-0.05232944,0.05685631,-6.852202e-05,0.0,0.0,-0.001,0
630981465,-0.05246135,0.056741312,0.00020533061,0.0,0.0,-0.001,0
630986468,-0.052393306,0.056693006,0.00014580962,0.0,0.0,-0.001,0
630991500,-0.052439615,0.056790687,0.0004912299,0.0,0.0,-0.001,0
630996470,-0.052450996,0.05687339,0.00014492268,0.0,0.0,-0.001,0
631001499,-0.052585825,0.056928083,0.00044805044,0.0,0.0,-0.001,0
631006523,-0.052826367,0.056928743,1.08877475e-05,0.0,0.0,-0.001,0
631011464,-0.05296627,0.056868225,-4.319842e-07,0.0,0.0,-0.001,0
631016467,-0.053092264,0.05676511,-0.00032363026,0.0,0.0,-0.001,0
631021506,-0.053153224,0.056748845,-0.00053360296,0.0,0.0,-0.001,0
631026462,-0.053168517,0.056807224,-0.00042240787,0.0,0.0,-0.001,0
631031497,-0.0530084,0.056962136,-0.0006672679,0.0,0.0,-0.001,0
631036506,-0.052871823,0.057069786,-0.00042900213,0.0,0.0,-0.001,0
631041455,-0.052860714,0.056982107,-0.0006714701,0.0,0.0,-0.001,0
631046470,-0.05286174,0.05677414,-0.00039918884,0.0,0.0,-0.001,0
631051510,-0.052873366,0.05672814,-0.00047736315,0.0,0.0,-0.001,0
631056455,-0.0527367,0.056829415,-0.00015211453,0.0,0.0,-0.001,0
631061475,-0.052550584,0.057123695,-3.8867252e-05,0.0,0.0,-0.001,0
631066505,-0.05237194,0.057258833,-1.2443625e-05,0.0,0.0,-0.001,0
631071457,-0.052478183,0.057273194,0.0002007683,0.0,0.0,-0.001,0
631076470,-0.05262621,0.056938753,0.00010034217,0.0,0.0,-0.001,0
631081512,-0.052763373,0.056749437,0.0003679837,0.0,0.0,-0.001,0
631086461,-0.052681565,0.05669668,2.1761212e-05,0.0,0.0,-0.001,0
631091462,-0.052685305,0.057023507,0.0001433991,0.0,0.0,-0.001,0
631096504,-0.05275887,0.057246752,-0.00014497667,0.0,0.0,-0.001,0
631101462,-0.052814804,0.05735504,-0.00016779348,0.0,0.0,-0.001,0
631106472,-0.05292225,0.05703143,-0.00018424634,0.0,0.0,-0.001,0
631111513,-0.052953564,0.056787636,-0.0003197648,0.0,0.0,-0.001,0
631116463,-0.05301154,0.056653637,-0.00036736246,0.0,0.0,-0.001,0
631121459,-0.052991256,0.056982264,-0.00060667284,0.0,0.0,-0.001,0
631126506,-0.05300324,0.057263188,-0.00043144886,0.0,0.0,-0.001,0
631131465,-0.052870553,0.057310797,-0.00068158633,0.0,0.0,-0.001,0
631136470,-0.052801915,0.057021793,-0.00028986143,0.0,0.0,-0.001,0
631141504,-0.05269035,0.056747977,-0.00039976294,0.0,0.0,-0.001,0
631146469,-0.05269434,0.05670865,-0.00015188509,0.0,0.0,-0.001,0
631151465,-0.05264076,0.056987632,-0.00015835676,0.0,0.0,-0.001,0
631156497,-0.052691165,0.057308655,-7.394082e-05,0.0,0.0,-0.001,0
631161499,-0.05275724,0.057338227,6.73642e-05,0.0,0.0,-0.001,0
631166463,-0.052672952,0.05701233,0.00011338086,0.0,0.0,-0.001,0
631171508,-0.052590802,0.056690868,0.0003710354,0.0,0.0,-0.001,0
631176465,-0.05247674,0.056667615,5.5247834e-05,0.0,0.0,-0.001,0
631181468,-0.05251118,0.056979515,0.0002626672,0.0,0.0,-0.001,0
631186512,-0.052747127,0.057182536,-8.14187e-05,0.0,0.0,-0.001,0
631191455,-0.052848343,0.057277184,-8.503477e-05,0.0,0.0,-0.001,0
631196459,-0.052837264,0.057012726,-0.00021011633,0.0,0.0,-0.001,0
631201508,-0.05251342,0.056774125,-0.00042505565,0.0,0.0,-0.001,0
631206468,-0.05243603,0.056793626,-0.00041930494,0.0,0.0,-0.001,0
631211466,-0.05254119,0.056980833,-0.00076127297,0.0,0.0,-0.001,0
631216514,-0.05289708,0.05718456,-0.00048614028,0.0,0.0,-0.001,0
631221458,-0.05297367,0.057206802,-0.000656932,0.0,0.0,-0.001,0
631226465,-0.052709848,0.057030577,-0.00041283856,0.0,0.0,-0.001,0
631231519,-0.052482378,0.056873452,-0.00051007647,0.0,0.0,-0.001,0
631236453,-0.052404903,0.05679596,-0.00025622445,0.0,0.0,-0.001,0
631241458,-0.052656047,0.056969557,-0.00015609662,0.0,0.0,-0.001,0
631246510,-0.052692775,0.0571439,5.3122676e-05,0.0,0.0,-0.001,0
631251461,-0.052531667,0.05721315,0.00036930072,0.0,0.0,-0.001,0
631256455,-0.05242402,0.0571753,8.2049875e-05,0.0,0.0,-0.001,0
631261529,-0.05267706,0.057021722,0.00035944371,0.0,0.0,-0.001,0
631266461,-0.053039152,0.056957044,6.4062406e-05,0.0,0.0,-0.001,0
631271461,-0.05297695,0.056935538,0.00018996629,0.0,0.0,-0.001,0
631276511,-0.05262758,0.057216927,-0.0001150368,0.0,0.0,-0.001,0
631281463,-0.052378602,0.05727421,-0.0002027117,0.0,0.0,-0.001,0
631286460,-0.052695524,0.057204302,-0.00035812295,0.0,0.0,-0.001,0
631291512,-0.053178523,0.056988038,-0.000619748,0.0,0.0,-0.001,0
631296464,-0.05307843,0.056967936,-0.0004545417,0.0,0.0,-0.001,0
631301470,-0.05265802,0.057068314,-0.00064928504,0.0,0.0,-0.001,0
631306521,-0.052362893,0.057141975,-0.0003784745,0.0,0.0,-0.001,0
631311470,-0.052542258,0.05716233,-0.0005540574,0.0,0.0,-0.001,0
631316462,-0.052897222,0.05704556,-0.00026437672,0.0,0.0,-0.001,0
631321517,-0.05294316,0.05694285,-0.00021210812,0.0,0.0,-0.001,0
631326468,-0.05280277,0.057078242,-5.8287576e-05,0.0,0.0,-0.001,0
631331463,-0.052425396,0.057181608,7.865712e-05,0.0,0.0,-0.001,0
631336507,-0.052729007,0.05719261,2.2699911e-05,0.0,0.0,-0.001,0
631341508,-0.05311051,0.057043575,0.0002158238,0.0,0.0,-0.001,0
631346461,-0.053070158,0.0569621,1.1187595e-05,0.0,0.0,-0.001,0
631351514,-0.052778192,0.057082113,0.00021091464,0.0,0.0,-0.001,0
631356455,-0.052457213,0.057127103,-5.77423e-05,0.0,0.0,-0.001,0
631361501,-0.052799992,0.0571877,5.33226e-05,0.0,0.0,-0.001,0
631366511,-0.05296379,0.05706934,-0.00026062527,0.0,0.0,-0.001,0
631371460,-0.05306066,0.05690041,-0.00037595484,0.0,0.0,-0.001,0
631376466,-0.052753538,0.057000175,-0.00030371532,0.0,0.0,-0.001,0
631381505,-0.052339155,0.057082694,-0.00047567245,0.0,0.0,-0.001,0
631386459,-0.0526395,0.05727543,-0.00032088725,0.0,0.0,-0.001,0
631391454,-0.053125832,0.057116054,-0.0004806227,0.0,0.0,-0.001,0
631396515,-0.05332131,0.05699669,-0.0003499382,0.0,0.0,-0.001,0
631401472,-0.05284101,0.057029508,-0.0005001648,0.0,0.0,-0.001,0
631406498,-0.052351292,0.057123393,-0.00028562607,0.0,0.0,-0.001,0
631411522,-0.052495006,0.0572429,-0.0002702146,0.0,0.0,-0.001,0
631416457,-0.052866157,0.05723638,-0.00014231067,0.0,0.0,-0.001,0
631421462,-0.053121366,0.05716333,-4.5076442e-05,0.0,0.0,-0.001,0
631426519,-0.05279644,0.056983057,-4.073586e-05,0.0,0.0,-0.001,0
631431461,-0.052454766,0.056994833,8.035316e-05,0.0,0.0,-0.001,0
631436456,-0.052620217,0.057180192,3.596737e-05,0.0,0.0,-0.001,0
631441514,-0.052965313,0.057227194,0.00023133736,0.0,0.0,-0.001,0
631446459,-0.053038217,0.057108063,-6.5026693e-06,0.0,0.0,-0.001,0
631451468,-0.052694846,0.057093047,9.810722e-05,0.0,0.0,-0.001,0
631456500,-0.052361988,0.05708535,-0.00014112392,0.0,0.0,-0.001,0
631461464,-0.052539457,0.057135463,-0.00013442374,0.0,0.0,-0.001,0
631466467,-0.052774433,0.057073552,-0.00029943162,0.0,0.0,-0.001,0
631471517,-0.05297339,0.05699128,-0.00036735585,0.0,0.0,-0.001,0
631476458,-0.052619066,0.056962807,-0.000391285,0.0,0.0,-0.001,0
631481463,-0.051995542,0.056941718,-0.00061229616,0.0,0.0,-0.001,0
631486505,-0.05211095,0.057074316,-0.00030180317,0.0,0.0,-0.001,0
631491455,-0.052502517,0.057060506,-0.0004334494,0.0,0.0,-0.001,0
631496473,-0.052850194,0.05712852,-0.00018630923,0.0,0.0,-0.001,0
631501513,-0.05268771,0.05701869,-0.00025651563,0.0,0.0,-0.001,0
631506474,-0.052329995,0.056994233,-0.00014139811,0.0,0.0,-0.001,0
631511462,-0.05226939,0.057091318,-7.49398e-05,0.0,0.0,-0.001,0
631516500,-0.05244234,0.057121485,-7.8154604e-05,0.0,0.0,-0.001,0
631521447,-0.052816924,0.057266407,0.00015598952,0.0,0.0,-0.001,0
631526459,-0.052694306,0.057137847,-6.229109e-05,0.0,0.0,-0.001,0
631531507,-0.0523584,0.057124313,6.0311846e-05,0.0,0.0,-0.001,0
631536439,-0.052294303,0.05713378,-0.00018344412,0.0,0.0,-0.001,0
631541456,-0.052553974,0.05708463,-0.00018918472,0.0,0.0,-0.001,0
631546494,-0.052786954,0.057146728,-0.00020909907,0.0,0.0,-0.001,0
631551454,-0.052624024,0.057233173,-0.00022510701,0.0,0.0,-0.001,0
631556447,-0.05234205,0.057272296,-0.0003094192,0.0,0.0,-0.001,0
631561500,-0.052198365,0.057190567,-0.0004676124,0.0,0.0,-0.001,0
631566447,-0.052406415,0.05712331,-0.00029728058,0.0,0.0,-0.001,0
631571451,-0.05265057,0.05705734,-0.00038227608,0.0,0.0,-0.001,0
631576499,-0.052385375,0.0570364,-0.00019819646,0.0,0.0,-0.001,0
631581459,-0.052135833,0.057145383,-0.00022596697,0.0,0.0,-0.001,0
631586444,-0.05205208,0.057080276,-0.00016123636,0.0,0.0,-0.001,0
631591494,-0.052180238,0.05704269,-0.00021132763,0.0,0.0,-0.001,0
631596456,-0.05251141,0.05704581,-7.092884e-05,0.0,0.0,-0.001,0
631601459,-0.052753814,0.0571103,8.623519e-05,0.0,0.0,-0.001,0
631606506,-0.052705787,0.057121612,-0.00010535853,0.0,0.0,-0.001,0
631611499,-0.052505877,0.057093836,-6.998267e-05,0.0,0.0,-0.001,0
631616453,-0.052591506,0.057051264,-0.00024387398,0.0,0.0,-0.001,0
631621471,-0.052720543,0.056974284,-0.00020538225,0.0,0.0,-0.001,0
631626451,-0.05260066,0.05699441,-0.00023269054,0.0,0.0,-0.001,0
631631454,-0.05253988,0.057178024,-0.00025288566,0.0,0.0,-0.001,0
631636502,-0.052420508,0.057124056,-0.0002596979,0.0,0.0,-0.001,0
631641450,-0.052564386,0.057064988,-0.00033595023,0.0,0.0,-0.001,0
631646454,-0.05278875,0.05700867,-0.00023139233,0.0,0.0,-0.001,0
631651501,-0.052556466,0.056935247,-0.00024349366,0.0,0.0,-0.001,0
631656448,-0.05227279,0.057160832,-0.00014094966,0.0,0.0,-0.001,0
631661455,-0.052223973,0.05716581,-0.00010743817,0.0,0.0,-0.001,0
631666495,-0.05223326,0.057044797,-0.00020756679,0.0,0.0,-0.001,0
631671447,-0.05250327,0.05685011,-0.00017254648,0.0,0.0,-0.001,0
631676459,-0.05251322,0.056728546,-0.00014247588,0.0,0.0,-0.001,0
631681502,-0.052321345,0.05685444,-0.00012677434,0.0,0.0,-0.001,0
631686439,-0.05221746,0.05694363,-0.00013231621,0.0,0.0,-0.001,0
631691455,-0.052424118,0.056952085,-0.00010089705,0.0,0.0,-0.001,0
631696499,-0.052752756,0.056788076,-0.00013248004,0.0,0.0,-0.001,0
631701455,-0.052676056,0.056754135,-0.00017350209,0.0,0.0,-0.001,0
631706460,-0.052620616,0.056944598,-0.00012792458,0.0,0.0,-0.001,0
631711496,-0.052406102,0.056995995,-0.00011733268,0.0,0.0,-0.001,0
631716451,-0.052624226,0.056983985,-0.00021513927,0.0,0.0,-0.001,0
631721451,-0.05278855,0.056786932,-0.00026798382,0.0,0.0,-0.001,0
631726505,-0.052386545,0.05664607,-0.00026418708,0.0,0.0,-0.001,0
631731451,-0.051965073,0.05684101,-0.0002557685,0.0,0.0,-0.001,0
631736447,-0.05196658,0.057016872,-0.00020222401,0.0,0.0,-0.001,0
631741503,-0.052447896,0.057123452,-0.00022728367,0.0,0.0,-0.001,0
631746448,-0.052587684,0.05697689,-0.0002955488,0.0,0.0,-0.001,0
631751445,-0.05236329,0.05676351,-0.00034854354,0.0,0.0,-0.001,0
631756470,-0.051944338,0.05678669,-0.00018106475,0.0,0.0,-0.001,0
631761456,-0.051641636,0.056785934,-0.00020158535,0.0,0.0,-0.001,0
631766460,-0.052052565,0.056976046,-8.6815504e-05,0.0,0.0,-0.001,0
631771493,-0.052495997,0.056837518,-1.978357e-06,0.0,0.0,-0.001,0
631776455,-0.052326467,0.056637798,-0.00012600691,0.0,0.0,-0.001,0
631781453,-0.051969558,0.056658603,-4.719165e-05,0.0,0.0,-0.001,0
631786501,-0.0519322,0.056699723,-8.1528306e-05,0.0,0.0,-0.001,0
631791455,-0.052263808,0.056975234,-9.510336e-06,0.0,0.0,-0.001,0
631796455,-0.052667744,0.056948695,-0.0001590535,0.0,0.0,-0.001,0
631801503,-0.052680567,0.056850325,-0.00016570445,0.0,0.0,-0.001,0
631806458,-0.052254442,0.056781575,-0.0002636296,0.0,0.0,-0.001,0
631811454,-0.052075036,0.05689287,-0.00040195472,0.0,0.0,-0.001,0
631816494,-0.052409932,0.05698764,-0.00029762372,0.0,0.0,-0.001,0
631821446,-0.052756883,0.05701414,-0.0003883617,0.0,0.0,-0.001,0
631826458,-0.052494477,0.056908887,-0.0003568118,0.0,0.0,-0.001,0
631831502,-0.052108724,0.056882005,-0.00043469298,0.0,0.0,-0.001,0
631836444,-0.051917225,0.056882508,-0.00020293519,0.0,0.0,-0.001,0
631841453,-0.052213337,0.05702746,-0.00016667819,0.0,0.0,-0.001,0
631846502,-0.052696966,0.05718063,-6.89426e-05,0.0,0.0,-0.001,0
631851448,-0.052543517,0.05700127,-2.2241466e-06,0.0,0.0,-0.001,0
631856448,-0.051984034,0.05681375,-7.112984e-05,0.0,0.0,-0.001,0
631861507,-0.051613394,0.05662448,1.3412414e-05,0.0,0.0,-0.001,0
631866450,-0.051971786,0.056704864,-2.8070652e-05,0.0,0.0,-0.001,0
631871445,-0.052326363,0.05674715,8.0135826e-05,0.0,0.0,-0.001,0
631876495,-0.052484315,0.056810535,-0.00015833323,0.0,0.0,-0.001,0
631881452,-0.052249085,0.056822825,-0.00014957454,0.0,0.0,-0.001,0
631886446,-0.05194115,0.056680463,-0.0002082509,0.0,0.0,-0.001,0
631891497,-0.052243143,0.056855015,-0.0002621485,0.0,0.0,-0.001,0
631896512,-0.052605193,0.056863494,-0.0002391272,0.0,0.0,-0.001,0
631901448,-0.052658506,0.057055317,-0.0002324761,0.0,0.0,-0.001,0
631906504,-0.05233537,0.05706223,-0.00026852265,0.0,0.0,-0.001,0
631911460,-0.051943745,0.05695647,-0.0003471448,0.0,0.0,-0.001,0
631916463,-0.05203421,0.05691231,-0.00028581353,0.0,0.0,-0.001,0
631921475,-0.052433483,0.056894675,-0.0003631226,0.0,0.0,-0.001,0
631926449,-0.052774232,0.05700921,-0.000185405,0.0,0.0,-0.001,0
631931453,-0.052415006,0.057126056,-0.00018722173,0.0,0.0,-0.001,0
631936496,-0.05209238,0.057167273,-0.00011930296,0.0,0.0,-0.001,0
631941453,-0.052233048,0.057054326,-2.4799177e-05,0.0,0.0,-0.001,0
631946459,-0.052386645,0.057018414,-0.00011864987,0.0,0.0,-0.001,0
631951506,-0.052753046,0.05699571,-5.691368e-05,0.0,0.0,-0.001,0
631956441,-0.05240403,0.056938283,-0.0001139251,0.0,0.0,-0.001,0
631961457,-0.051923946,0.05680028,-8.737348e-05,0.0,0.0,-0.001,0
631966495,-0.05192292,0.05682151,-0.00010859532,0.0,0.0,-0.001,0
631971446,-0.052249394,0.05678699,-0.00010419946,0.0,0.0,-0.001,0
631976454,-0.052610908,0.056901775,-0.000118151096,0.0,0.0,-0.001,0
631981496,-0.052483123,0.056953195,-4.628187e-05,0.0,0.0,-0.001,0
631986441,-0.05220462,0.057031795,-0.00019057756,0.0,0.0,-0.001,0
631991455,-0.05195153,0.056999136,-0.00029066994,0.0,0.0,-0.001,0
631996501,-0.05228533,0.056832436,-0.00024160731,0.0,0.0,-0.001,0
632001446,-0.052515794,0.056805845,-0.0002995937,0.0,0.0,-0.001,0
632006467,-0.05229742,0.05691775,-0.00024569812,0.0,0.0,-0.001,0
632011497,-0.05220039,0.057140093,-0.0002888616,0.0,0.0,-0.001,0
632016452,-0.052145034,0.057126805,-0.00029497052,0.0,0.0,-0.001,0
632021447,-0.052425254,0.056959346,-0.00034068179,0.0,0.0,-0.001,0
632026542,-0.05270914,0.056950986,-0.00022063324,0.0,0.0,-0.001,0
632031451,-0.052575245,0.056972783,-0.00019693436,0.0,0.0,-0.001,0
632036446,-0.052202433,0.0571534,-0.00013650868,0.0,0.0,-0.001,0
632041495,-0.052124847,0.057107355,-5.363573e-05,0.0,0.0,-0.001,0
632046451,-0.052191176,0.056914337,-0.00010903834,0.0,0.0,-0.001,0
632051447,-0.05254216,0.056820843,-5.025486e-05,0.0,0.0,-0.001,0
632056502,-0.05257435,0.056720965,-9.335015e-05,0.0,0.0,-0.001,0
632061456,-0.05224965,0.056906853,-5.2897893e-05,0.0,0.0,-0.001,0
632066463,-0.052182846,0.057025373,-0.0001294067,0.0,0.0,-0.001,0
632071475,-0.052208908,0.05681231,-0.00013709509,0.0,0.0,-0.001,0
632076450,-0.052482426,0.056711167,-0.00022986864,0.0,0.0,-0.001,0
632081453,-0.052374817,0.05666366,-0.00025731337,0.0,0.0,-0.001,0
632086470,-0.052220426,0.056814175,-0.00015408505,0.0,0.0,-0.001,0
632091451,-0.052204233,0.056979273,-0.00024603662,0.0,0.0,-0.001,0
632096456,-0.052478183,0.05686135,-0.00022181968,0.0,0.0,-0.001,0
632101501,-0.052658834,0.05681289,-0.00025517007,0.0,0.0,-0.001,0
632106466,-0.052356616,0.05672932,-0.00024981712,0.0,0.0,-0.001,0
632111459,-0.052243896,0.05691938,-0.00020379905,0.0,0.0,-0.001,0
632116499,-0.052157328,0.0571408,-0.00019305483,0.0,0.0,-0.001,0
632121447,-0.052572154,0.057123106,-9.599165e-05,0.0,0.0,-0.001,0
632126453,-0.052684598,0.05694791,-0.00015846016,0.0,0.0,-0.001,0
632131494,-0.052401796,0.056923278,-0.00020932834,0.0,0.0,-0.001,0
632136447,-0.052191515,0.05696358,-0.0001192651,0.0,0.0,-0.001,0
632141459,-0.051949266,0.05702826,-6.7912944e-05,0.0,0.0,-0.001,0
632146501,-0.052290775,0.057035156,-0.00013797838,0.0,0.0,-0.001,0
632151443,-0.052561425,0.056851,-8.3203704e-05,0.0,0.0,-0.001,0
632156513,-0.052508112,0.056655876,-0.00014300113,0.0,0.0,-0.001,0
632161503,-0.052246988,0.0566941,-0.00012850174,0.0,0.0,-0.001,0
632166451,-0.052120555,0.056731753,-0.00012600167,0.0,0.0,-0.001,0
632171445,-0.052330915,0.05677956,-0.00015589384,0.0,0.0,-0.001,0
632176501,-0.05248768,0.056731597,-0.0001774727,0.0,0.0,-0.001,0
632181453,-0.052299194,0.05660514,-0.00016839006,0.0,0.0,-0.001,0
632186446,-0.05204655,0.056608945,-0.00025776407,0.0,0.0,-0.001,0
632191500,-0.0522561,0.056769766,-0.00026924565,0.0,0.0,-0.001,0
632196448,-0.052714117,0.056787655,-0.0002197005,0.0,0.0,-0.001,0
632201445,-0.052787565,0.05681292,-0.00026969027,0.0,0.0,-0.001,0
632206509,-0.052475803,0.056791637,-0.00025226557,0.0,0.0,-0.001,0
632211454,-0.05220655,0.05682311,-0.00023958224,0.0,0.0,-0.001,0
632216460,-0.052169837,0.056975443,-0.0002297055,0.0,0.0,-0.001,0
632221471,-0.052596543,0.05704563,-0.00024237252,0.0,0.0,-0.001,0
632226456,-0.052894887,0.05711834,-0.00013976396,0.0,0.0,-0.001,0
632231459,-0.052643094,0.056864604,-8.404853e-05,0.0,0.0,-0.001,0
632236475,-0.05225116,0.05680981,-0.00015377172,0.0,0.0,-0.001,0
632241450,-0.05212229,0.056695208,-0.00012026184,0.0,0.0,-0.001,0
632246453,-0.052362837,0.056728225,-0.00012364938,0.0,0.0,-0.001,0
632251497,-0.0526362,0.05683965,-0.00013229362,0.0,0.0,-0.001,0
632256448,-0.052507743,0.056730464,-6.901912e-05,0.0,0.0,-0.001,0
632261461,-0.052308355,0.056711413,-2.3426468e-05,0.0,0.0,-0.001,0
632266498,-0.05216211,0.05665451,-0.00025252526,0.0,0.0,-0.001,0
632271444,-0.052496936,0.056657963,-0.0002869899,0.0,0.0,-0.001,0
632276453,-0.052693516,0.05655098,-0.0002760446,0.0,0.0,-0.001,0
632281495,-0.052270938,0.05657705,-0.00029186,0.0,0.0,-0.001,0
632286451,-0.05212262,0.05667378,-0.0001818919,0.0,0.0,-0.001,0
632291457,-0.052135423,0.05656835,-0.00019610046,0.0,0.0,-0.001,0
632296508,-0.05253821,0.056593876,-0.00025614066,0.0,0.0,-0.001,0
632301449,-0.05289243,0.05661105,-0.0002543405,0.0,0.0,-0.001,0
632306470,-0.052812375,0.056697097,-0.00014832382,0.0,0.0,-0.001,0
632311496,-0.05249225,0.05674103,-0.00012355605,0.0,0.0,-0.001,0
632316441,-0.052275684,0.056862622,-0.00019858767,0.0,0.0,-0.001,0
632321446,-0.052755944,0.05678525,-0.00019042766,0.0,0.0,-0.001,0
632326500,-0.052941326,0.056745853,-0.00020020694,0.0,0.0,-0.001,0
632331453,-0.05279488,0.05677025,-0.0001863059,0.0,0.0,-0.001,0
632336447,-0.05243204,0.056796763,-0.0001345312,0.0,0.0,-0.001,0
632341497,-0.052200817,0.05668424,-0.00016596635,0.0,0.0,-0.001,0
632346448,-0.052355584,0.056559402,-0.00018960275,0.0,0.0,-0.001,0
632351446,-0.05265955,0.05649085,-0.00018069649,0.0,0.0,-0.001,0
632356499,-0.052689545,0.05650733,-0.00017372132,0.0,0.0,-0.001,0
632361451,-0.052300557,0.05658824,-7.601293e-05,0.0,0.0,-0.001,0
632366453,-0.052243248,0.056635775,-0.00011976968,0.0,0.0,-0.001,0
632371469,-0.05252632,0.056484085,-0.00014742358,0.0,0.0,-0.001,0
632376450,-0.052732125,0.056320388,-0.00023305709,0.0,0.0,-0.001,0
632381454,-0.052634444,0.05624378,-0.00026201055,0.0,0.0,-0.001,0
632386470,-0.052319873,0.05643805,-0.00013013568,0.0,0.0,-0.001,0
632391457,-0.05219229,0.05650934,-6.958756e-05,0.0,0.0,-0.001,0
632396459,-0.052427653,0.056626283,-0.00028860036,0.0,0.0,-0.001,0
632401502,-0.052997135,0.056525823,-0.00033075432,0.0,0.0,-0.001,0
632406465,-0.05295181,0.056452394,-0.00026733044,0.0,0.0,-0.001,0
632411453,-0.05252976,0.056609973,-0.00029769566,0.0,0.0,-0.001,0
632416507,-0.052381705,0.0567554,-0.0001521716,0.0,0.0,-0.001,0
632421445,-0.052534595,0.056849495,-0.00016271441,0.0,0.0,-0.001,0
632426453,-0.052818317,0.05675578,-0.00021546631,0.0,0.0,-0.001,0
632431496,-0.052907962,0.05666928,-0.00025895413,0.0,0.0,-0.001,0
632436444,-0.052594237,0.056659818,-0.00012808667,0.0,0.0,-0.001,0
632441460,-0.05226535,0.05663261,-0.000104503284,0.0,0.0,-0.001,0
632446499,-0.052553512,0.05679529,-7.932853e-05,0.0,0.0,-0.001,0
632451446,-0.05287627,0.056628916,-3.433283e-05,0.0,0.0,-0.001,0
632456453,-0.052843757,0.05648004,-0.00013044331,0.0,0.0,-0.001,0
632461513,-0.052500095,0.05656238,-5.706487e-05,0.0,0.0,-0.001,0
632466439,-0.05223506,0.05659102,-0.00013922092,0.0,0.0,-0.001,0
632471453,-0.052464645,0.056595676,-0.000107381355,0.0,0.0,-0.001,0
632476498,-0.052819654,0.05642371,-0.0002183589,0.0,0.0,-0.001,0
632481452,-0.05301929,0.056322742,-0.0002523227,0.0,0.0,-0.001,0
632486446,-0.052609,0.056342706,-0.00022920566,0.0,0.0,-0.001,0
632491496,-0.05228663,0.056547783,-0.00027828853,0.0,0.0,-0.001,0
632496452,-0.052605502,0.056801394,-0.00014139737,0.0,0.0,-0.001,0
632501446,-0.053092927,0.056791283,-0.00019261756,0.0,0.0,-0.001,0
632506506,-0.05326987,0.056796752,-0.00028883255,0.0,0.0,-0.001,0
632511453,-0.0529943,0.05678602,-0.0003450523,0.0,0.0,-0.001,0
632516458,-0.052600794,0.0568813,-0.00016454794,0.0,0.0,-0.001,0
632521500,-0.05254097,0.056943756,-0.00018024938,0.0,0.0,-0.001,0
632526454,-0.052916028,0.05700027,-0.0001079386,0.0,0.0,-0.001,0
632531456,-0.053078026,0.056893833,-2.2490287e-05,0.0,0.0,-0.001,0
632536470,-0.05279788,0.056762807,-0.000100875484,0.0,0.0,-0.001,0
632541453,-0.05247714,0.056764346,-3.413189e-05,0.0,0.0,-0.001,0
632546495,-0.05258536,0.056867108,-0.00015599949,0.0,0.0,-0.001,0
632551500,-0.052878354,0.056893803,-0.00010440455,0.0,0.0,-0.001,0
632556450,-0.053104855,0.05681537,-0.00018599468,0.0,0.0,-0.001,0
632561456,-0.052863438,0.056685474,-0.00013320286,0.0,0.0,-0.001,0
632566495,-0.05230017,0.0565876,-0.0002444512,0.0,0.0,-0.001,0
632571460,-0.052358244,0.056520242,-0.0002123045,0.0,0.0,-0.001,0
632576456,-0.052815083,0.05646092,-0.0001463135,0.0,0.0,-0.001,0
632581500,-0.053072505,0.056439143,-0.00014222544,0.0,0.0,-0.001,0
632586441,-0.052855007,0.056457877,-0.0001516941,0.0,0.0,-0.001,0
632591456,-0.05259974,0.05644181,-0.00015216571,0.0,0.0,-0.001,0
632596504,-0.052571554,0.056593865,-0.00019708452,0.0,0.0,-0.001,0
632601444,-0.05301127,0.056615163,-0.00021850866,0.0,0.0,-0.001,0
632606471,-0.053325154,0.05673733,-0.0001681188,0.0,0.0,-0.001,0
632611502,-0.05304576,0.05671599,-0.00021521938,0.0,0.0,-0.001,0
632616444,-0.052620836,0.056839436,-0.00025021195,0.0,0.0,-0.001,0
632621458,-0.05251689,0.056818776,-0.00031041825,0.0,0.0,-0.001,0
632626494,-0.052785836,0.05675524,-0.00017345484,0.0,0.0,-0.001,0
632631453,-0.05298206,0.056900594,-0.00013903581,0.0,0.0,-0.001,0
632636446,-0.052895214,0.056916516,-9.8938515e-05,0.0,0.0,-0.001,0
632641496,-0.052737504,0.05694356,-8.0334845e-05,0.0,0.0,-0.001,0
632646452,-0.052732997,0.0569395,-0.00028138873,0.0,0.0,-0.001,0
632651446,-0.05307574,0.056831576,-0.0002757917,0.0,0.0,-0.001,0
632656498,-0.053271543,0.056673627,-0.00014568363,0.0,0.0,-0.001,0
632661455,-0.05272362,0.056554668,-8.528468e-05,0.0,0.0,-0.001,0
632666449,-0.052435927,0.056537166,-0.0001713262,0.0,0.0,-0.001,0
632671500,-0.052518625,0.05646154,-0.00020892239,0.0,0.0,-0.001,0
632676454,-0.052865215,0.056362882,-0.00026707497,0.0,0.0,-0.001,0
632681456,-0.053207844,0.056476,-0.00032538356,0.0,0.0,-0.001,0
632686471,-0.05300264,0.056555938,-0.00019735395,0.0,0.0,-0.001,0
632691459,-0.052664317,0.056670006,-0.00022843151,0.0,0.0,-0.001,0
632696465,-0.052517846,0.056752432,-0.00028353557,0.0,0.0,-0.001,0
632701473,-0.052824363,0.056674898,-0.000378666,0.0,0.0,-0.001,0
632706467,-0.053013794,0.05665471,-0.00019385506,0.0,0.0,-0.001,0
632711456,-0.052830637,0.05671703,-0.00016577764,0.0,0.0,-0.001,0
632716475,-0.05274403,0.056810256,-0.00012151564,0.0,0.0,-0.001,0
632721453,-0.0525874,0.056882683,-0.00018763043,0.0,0.0,-0.001,0
632726462,-0.05279958,0.056810748,-0.0001776696,0.0,0.0,-0.001,0
632731499,-0.053024784,0.056913912,-0.000101172394,0.0,0.0,-0.001,0
632736442,-0.05276065,0.056974236,-9.3619026e-05,0.0,0.0,-0.001,0
632741459,-0.05255202,0.057172514,2.0954956e-06,0.0,0.0,-0.001,0
632746473,-0.052648354,0.057148654,-0.00015799589,0.0,0.0,-0.001,0
632751450,-0.05290157,0.056905795,-0.00022623187,0.0,0.0,-0.001,0
632756459,-0.052959606,0.05667501,-0.00028427158,0.0,0.0,-0.001,0
632761498,-0.052731175,0.056494102,-0.0003165345,0.0,0.0,-0.001,0
632766446,-0.052381996,0.056672826,-0.00022078677,0.0,0.0,-0.001,0
632771457,-0.052555233,0.056817237,-0.00030578126,0.0,0.0,-0.001,0
632776499,-0.05295455,0.056769602,-0.00026958273,0.0,0.0,-0.001,0
632781451,-0.053153466,0.05655063,-0.0002691441,0.0,0.0,-0.001,0
632786447,-0.052961633,0.056439366,-0.00016267132,0.0,0.0,-0.001,0
632791494,-0.052739605,0.05655088,-9.3667986e-05,0.0,0.0,-0.001,0
632796461,-0.052554354,0.056627396,-0.000121407,0.0,0.0,-0.001,0
632801451,-0.052706044,0.056631356,-0.00011595711,0.0,0.0,-0.001,0
632806506,-0.05297942,0.056586225,-0.000101226426,0.0,0.0,-0.001,0
632811466,-0.052733812,0.05654223,-0.0001170422,0.0,0.0,-0.001,0
632816451,-0.052752234,0.056733686,-0.000106659216,0.0,0.0,-0.001,0
632821495,-0.052816752,0.056880333,-4.789405e-05,0.0,0.0,-0.001,0
632826454,-0.053000763,0.056909062,-0.00021152335,0.0,0.0,-0.001,0
632831453,-0.0532458,0.05684294,-0.0002447418,0.0,0.0,-0.001,0
632836468,-0.05274594,0.05668346,-0.0002788712,0.0,0.0,-0.001,0
632841454,-0.0524721,0.05681558,-0.00024641483,0.0,0.0,-0.001,0
632846458,-0.052532766,0.05689885,-0.00018931902,0.0,0.0,-0.001,0
632851468,-0.05292957,0.056931455,-0.00015188083,0.0,0.0,-0.001,0
632856458,-0.053011935,0.056792047,-0.00020648583,0.0,0.0,-0.001,0
632861497,-0.052781437,0.056555014,-0.0002048166,0.0,0.0,-0.001,0
632866498,-0.052423976,0.056565,-0.00019689665,0.0,0.0,-0.001,0
632871454,-0.05242835,0.05674607,-0.00015407446,0.0,0.0,-0.001,0
632876453,-0.05295571,0.056912564,-8.165659e-05,0.0,0.0,-0.001,0
632881505,-0.053130183,0.05677864,-2.986707e-05,0.0,0.0,-0.001,0
632886443,-0.05307448,0.05655239,-0.0001712162,0.0,0.0,-0.001,0
632891471,-0.052723438,0.056506857,-0.00023307966,0.0,0.0,-0.001,0
632896475,-0.052570168,0.05654514,-0.00020049665,0.0,0.0,-0.001,0
632901447,-0.05296069,0.05671246,-0.0002017272,0.0,0.0,-0.001,0
632906474,-0.053195164,0.05670382,-0.00014986652,0.0,0.0,-0.001,0
632911498,-0.052972507,0.05673638,-0.000177311,0.0,0.0,-0.001,0
632916445,-0.052684218,0.056696784,-0.00018553677,0.0,0.0,-0.001,0
632921454,-0.05260283,0.056760695,-0.0001639641,0.0,0.0,-0.001,0
632926498,-0.05292331,0.056952868,-0.0001845339,0.0,0.0,-0.001,0
632931445,-0.053282257,0.05703222,-0.00012085368,0.0,0.0,-0.001,0
632936468,-0.052919596,0.056887694,-0.00022725816,0.0,0.0,-0.001,0
632941475,-0.052535497,0.056916915,-0.00021306636,0.0,0.0,-0.001,0
632946456,-0.052427072,0.056940187,-0.00018705794,0.0,0.0,-0.001,0
632951447,-0.05269472,0.056913387,-0.00016611723,0.0,0.0,-0.001,0
632956496,-0.053123984,0.056932304,-0.00018602233,0.0,0.0,-0.001,0
632961454,-0.052994233,0.05681536,-0.00019521953,0.0,0.0,-0.001,0
632966446,-0.0525539,0.056749202,-0.0001619183,0.0,0.0,-0.001,0
632971504,-0.05232799,0.05668433,-0.0002630652,0.0,0.0,-0.001,0
632976453,-0.052779444,0.056739684,-9.797212e-05,0.0,0.0,-0.001,0
632981447,-0.053090557,0.05676657,-2.7624712e-05,0.0,0.0,-0.001,0
632986474,-0.053010445,0.05685009,-9.066928e-05,0.0,0.0,-0.001,0
632991456,-0.052690968,0.056831572,-2.4690466e-05,0.0,0.0,-0.001,0
632996459,-0.052334487,0.056724817,-0.00021622561,0.0,0.0,-0.001,0
633001470,-0.052637417,0.056775976,-0.00023254097,0.0,0.0,-0.001,0
633006473,-0.052956663,0.05672134,-0.00014323712,0.0,0.0,-0.001,0
633011455,-0.052763954,0.05679154,-0.00015606696,0.0,0.0,-0.001,0
633016475,-0.05255266,0.056956694,-0.00022657955,0.0,0.0,-0.001,0
633021466,-0.05231565,0.05691859,-0.00025253053,0.0,0.0,-0.001,0
633026453,-0.052625377,0.05688695,-0.00029099654,0.0,0.0,-0.001,0
633031494,-0.053117763,0.05688583,-0.00030264197,0.0,0.0,-0.001,0
633036450,-0.052964795,0.056892745,-0.00022710455,0.0,0.0,-0.001,0
633041460,-0.052437168,0.05694114,-0.00023614161,0.0,0.0,-0.001,0
633046498,-0.052190933,0.057020307,-0.00021471639,0.0,0.0,-0.001,0
633051447,-0.052476138,0.05683929,-0.0002566773,0.0,0.0,-0.001,0
633056454,-0.052923545,0.056747954,-0.00017129074,0.0,0.0,-0.001,0
633061494,-0.05309968,0.056753173,-0.0001278208,0.0,0.0,-0.001,0
633066466,-0.052752744,0.056875538,-7.8430356e-05,0.0,0.0,-0.001,0
633071454,-0.052515153,0.056859747,-4.823029e-05,0.0,0.0,-0.001,0
633076494,-0.05271656,0.05672521,-0.00014135285,0.0,0.0,-0.001,0
633081446,-0.053054042,0.056661006,-0.00012411053,0.0,0.0,-0.001,0
633086453,-0.05318773,0.05672902,-0.00017036982,0.0,0.0,-0.001,0
633091502,-0.052902043,0.056760024,-0.00018096127,0.0,0.0,-0.001,0
633096452,-0.052541256,0.056819193,-0.0002843777,0.0,0.0,-0.001,0
633101451,-0.052723736,0.05674039,-0.00030956665,0.0,0.0,-0.001,0
633106532,-0.053020265,0.05666019,-0.00025941117,0.0,0.0,-0.001,0
633111454,-0.053016536,0.05664503,-0.00033502938,0.0,0.0,-0.001,0
633116446,-0.052750085,0.05687204,-0.00020060793,0.0,0.0,-0.001,0
633121493,-0.052252315,0.05708325,-0.00019412064,0.0,0.0,-0.001,0
633126454,-0.05253661,0.05714057,-0.00013904889,0.0,0.0,-0.001,0
633131450,-0.052869994,0.056915306,-0.00012803482,0.0,0.0,-0.001,0
633136475,-0.05286172,0.056815743,-0.00021044731,0.0,0.0,-0.001,0
633141453,-0.052645136,0.05698203,-0.000106735955,0.0,0.0,-0.001,0
633146459,-0.05215771,0.05708686,-0.00015376238,0.0,0.0,-0.001,0
633151497,-0.05247489,0.057184223,-3.2827462e-05,0.0,0.0,-0.001,0
633156455,-0.052919574,0.056923967,-7.5075375e-05,0.0,0.0,-0.001,0
633161465,-0.053149465,0.056836806,-9.152175e-05,0.0,0.0,-0.001,0
633166470,-0.05306127,0.05687943,-0.00017660373,0.0,0.0,-0.001,0
633171453,-0.05256208,0.05694703,-0.00024318502,0.0,0.0,-0.001,0
633176452,-0.05258642,0.057129458,-0.0002348618,0.0,0.0,-0.001,0
633181494,-0.05285787,0.056844957,-0.0002508699,0.0,0.0,-0.001,0
633186458,-0.05301469,0.05668773,-0.00024273996,0.0,0.0,-0.001,0
633191459,-0.052839927,0.056710117,-0.00024862817,0.0,0.0,-0.001,0
633196505,-0.052455984,0.05680097,-0.00014569574,0.0,0.0,-0.001,0
633201453,-0.05260591,0.056908015,-0.00012141318,0.0,0.0,-0.001,0
633206468,-0.052983444,0.05678999,-0.00014399226,0.0,0.0,-0.001,0
633211493,-0.053013276,0.056621894,-0.00013458551,0.0,0.0,-0.001,0
633216446,-0.052698262,0.056640048,-0.00017412684,0.0,0.0,-0.001,0
633221457,-0.052463222,0.0568992,-0.00013471383,0.0,0.0,-0.001,0
633226472,-0.05248695,0.057078414,-0.0001557954,0.0,0.0,-0.001,0
633231447,-0.052857786,0.057018593,-0.00015644365,0.0,0.0,-0.001,0
633236458,-0.053029973,0.056837812,-0.00020360113,0.0,0.0,-0.001,0
633241498,-0.052789282,0.05683998,-0.0002694038,0.0,0.0,-0.001,0
633246454,-0.052684143,0.056986533,-0.0002046119,0.0,0.0,-0.001,0
633251450,-0.052629255,0.057088915,-0.00022843928,0.0,0.0,-0.001,0
633256493,-0.052867487,0.05705104,-0.00013740065,0.0,0.0,-0.001,0
633261464,-0.052998036,0.056950614,-0.00012787942,0.0,0.0,-0.001,0
633266446,-0.0528948,0.056876883,-0.00020651087,0.0,0.0,-0.001,0
633271499,-0.05284103,0.056818664,-0.00019744472,0.0,0.0,-0.001,0
633276455,-0.05289041,0.056799997,-0.00022537107,0.0,0.0,-0.001,0
633281446,-0.053007334,0.056736834,-0.00022715465,0.0,0.0,-0.001,0
633286494,-0.052874543,0.056613363,-0.00019788116,0.0,0.0,-0.001,0
633291455,-0.052611835,0.05652802,-0.00023413353,0.0,0.0,-0.001,0
633296453,-0.052599452,0.056573004,-0.0002044045,0.0,0.0,-0.001,0
633301494,-0.052857537,0.056759693,-0.00017253126,0.0,0.0,-0.001,0
633306472,-0.053052288,0.056803875,-0.00019157486,0.0,0.0,-0.001,0
633311453,-0.05289413,0.056809954,-0.00011170965,0.0,0.0,-0.001,0
633316467,-0.052566163,0.056739528,-0.00011077379,0.0,0.0,-0.001,0
633321457,-0.052399732,0.056852195,-0.00017206691,0.0,0.0,-0.001,0
633326464,-0.05274091,0.056892924,-8.8246954e-05,0.0,0.0,-0.001,0
633331496,-0.05292162,0.056905117,-9.1765534e-05,0.0,0.0,-0.001,0
633336457,-0.052940216,0.056959745,-0.00010643976,0.0,0.0,-0.001,0
633341453,-0.052703172,0.056876294,-3.1903649e-06,0.0,0.0,-0.001,0
633346494,-0.052515574,0.05696051,-0.00024979556,0.0,0.0,-0.001,0
633351450,-0.05276847,0.057038836,-0.00026760303,0.0,0.0,-0.001,0
633356460,-0.05290465,0.057053957,-0.00025282998,0.0,0.0,-0.001,0
633361504,-0.05292899,0.057094384,-0.0003161026,0.0,0.0,-0.001,0
633366447,-0.052612428,0.05697405,-0.00018400511,0.0,0.0,-0.001,0
633371452,-0.052486483,0.05691418,-0.000264956,0.0,0.0,-0.001,0
633376500,-0.052926324,0.056799278,-0.000244577,0.0,0.0,-0.001,0
633381445,-0.05312158,0.056646224,-0.00032551348,0.0,0.0,-0.001,0
633386453,-0.05289356,0.056702595,-0.00022598408,0.0,0.0,-0.001,0
633391495,-0.05251572,0.056755755,-0.00011516986,0.0,0.0,-0.001,0
633396457,-0.052358165,0.05687175,-0.00012396234,0.0,0.0,-0.001,0
633401446,-0.05279579,0.05691302,-0.000113256174,0.0,0.0,-0.001,0
633406518,-0.053269897,0.0567753,-0.00015398461,0.0,0.0,-0.001,0
633411456,-0.053148333,0.056815166,-0.0001259253,0.0,0.0,-0.001,0
633416444,-0.052634157,0.05688193,-9.8938515e-05,0.0,0.0,-0.001,0
633421494,-0.052224737,0.056845,-8.3045e-05,0.0,0.0,-0.001,0
633426456,-0.052437037,0.05685081,-0.00018283929,0.0,0.0,-0.001,0
633431445,-0.052940108,0.05673739,-0.00020385812,0.0,0.0,-0.001,0
633436495,-0.053127393,0.056816,-0.00026726813,0.0,0.0,-0.001,0
633441460,-0.052903827,0.0569309,-0.00023633873,0.0,0.0,-0.001,0
633446442,-0.052593224,0.056955896,-0.00016719554,0.0,0.0,-0.001,0
633451470,-0.05275634,0.05702486,-0.0002007042,0.0,0.0,-0.001,0
633456466,-0.053131893,0.056882706,-0.00021420902,0.0,0.0,-0.001,0
633461454,-0.053088803,0.05680019,-0.00026419794,0.0,0.0,-0.001,0
633466470,-0.052641805,0.05685759,-9.458254e-05,0.0,0.0,-0.001,0
633471459,-0.052327786,0.05688008,3.5543984e-05,0.0,0.0,-0.001,0
633476455,-0.05263603,0.056967407,-0.00015816429,0.0,0.0,-0.001,0
633481494,-0.05321502,0.056720965,-0.00011607505,0.0,0.0,-0.001,0
633486454,-0.05325441,0.056601215,-0.00020157166,0.0,0.0,-0.001,0
633491453,-0.05278961,0.056690857,-0.00022388929,0.0,0.0,-0.001,0
633496498,-0.052412078,0.056815796,-4.796504e-05,0.0,0.0,-0.001,0
633501452,-0.05249089,0.05695595,-1.371195e-05,0.0,0.0,-0.001,0
633506469,-0.052981798,0.056903325,-0.00019096013,0.0,0.0,-0.001,0
633511506,-0.0532566,0.056766756,-0.00022597567,0.0,0.0,-0.001,0
633516444,-0.05287291,0.05681125,-0.00023844963,0.0,0.0,-0.001,0
633521459,-0.05249314,0.056895558,-0.00016658498,0.0,0.0,-0.001,0
633526495,-0.05227984,0.057012454,-0.00016063784,0.0,0.0,-0.001,0
633531448,-0.05269476,0.05707164,-0.00016456174,0.0,0.0,-0.001,0
633536451,-0.053124934,0.0569525,-0.00020561564,0.0,0.0,-0.001,0
633541499,-0.052889977,0.056923114,-0.0002823145,0.0,0.0,-0.001,0
633546448,-0.0526393,0.057011817,-0.00018392946,0.0,0.0,-0.001,0
633551448,-0.052510276,0.056955144,-0.00022621169,0.0,0.0,-0.001,0
633556502,-0.052881364,0.05689425,-0.00023784181,0.0,0.0,-0.001,0
633561468,-0.053187393,0.056719527,-0.00029176995,0.0,0.0,-0.001,0
633566441,-0.052933957,0.056631695,-0.00024875655,0.0,0.0,-0.001,0
633571493,-0.052660577,0.056733135,-0.00026958258,0.0,0.0,-0.001,0
633576452,-0.052554723,0.056770667,-9.6965494e-05,0.0,0.0,-0.001,0
633581447,-0.0528152,0.05682556,-3.0092348e-05,0.0,0.0,-0.001,0
633586496,-0.053215504,0.05668342,-0.00018443303,0.0,0.0,-0.001,0
633591461,-0.05303746,0.056576982,-0.00016659222,0.0,0.0,-0.001,0
633596445,-0.05278135,0.05661124,-0.00017786986,0.0,0.0,-0.001,0
633601475,-0.052528948,0.056769412,-9.1390604e-05,0.0,0.0,-0.001,0
633606471,-0.052720785,0.056794725,-0.00012935713,0.0,0.0,-0.001,0
633611454,-0.053054865,0.056800425,-0.0001359581,0.0,0.0,-0.001,0
633616495,-0.11213125,0.021435464,1.8210949e-05,0.0,0.0,-0.0031592245,0
633621456,-0.11171277,0.021513276,-5.93783e-05,0.0,0.0,-0.0031592245,0
633626451,-0.113601044,0.021934876,-4.3283668e-05,0.0,0.0,-0.004326177,0
633631495,-0.113835245,0.021884924,-4.359123e-05,0.0,0.0,-0.004326177,0
633636453,-0.120932415,0.027124366,5.4277316e-05,0.0,0.0,-0.0055399355,0
633641455,-0.120948,0.02706693,5.0918974e-05,0.0,0.0,-0.0055399355,0
633646498,-0.11596915,0.025718255,-3.8264792e-05,0.0,0.0,-0.006656954,0
633651458,-0.11606175,0.025677577,-3.9010924e-05,0.0,0.0,-0.006656954,0
633656451,-0.054254375,0.052518643,-0.00020788447,0.0,0.0,-0.008021386,0
633661497,-0.0543964,0.052376438,-0.00021122633,0.0,0.0,-0.008021386,0
633666447,-0.05670287,0.05115239,-0.00021353587,0.0,0.0,-0.009436442,0
633671456,-0.056296308,0.05120418,-0.00030635862,0.0,0.0,-0.009436442,0
633676495,-0.05103864,0.04847361,-0.00029316286,0.0,0.0,-0.010569088,0
633681447,-0.051301725,0.048377063,-0.00023024798,0.0,0.0,-0.010569088,0
633686455,-0.050747998,0.052805264,-0.00019998211,0.0,0.0,-0.0118822185,0
633691498,-0.05052751,0.052804157,-0.00014200021,0.0,0.0,-0.0118822185,0
633696455,-0.054733578,0.056838498,-0.00012404553,0.0,0.0,-0.013419266,0
633701454,-0.054661036,0.05685509,-9.595478e-05,0.0,0.0,-0.013419266,0
633706507,-0.05615119,0.060246103,-1.126522e-05,0.0,0.0,-0.014797122,0
633711454,-0.056357298,0.060400434,4.6099885e-05,0.0,0.0,-0.014797122,0
633716446,-0.0503794,0.05648958,-3.7350022e-05,0.0,0.0,-0.01615324,0
633721507,-0.050164692,0.056594368,-9.140706e-05,0.0,0.0,-0.01615324,0
633726450,-0.05256501,0.056937262,-0.00012148695,0.0,0.0,-0.017536586,0
633731445,-0.052950673,0.05685046,-0.0001309912,0.0,0.0,-0.017536586,0
633736494,-0.054488435,0.055294957,-0.000119531775,0.0,0.0,-0.019241536,0
633741456,-0.05397428,0.055407785,-0.0001729743,0.0,0.0,-0.019241536,0
633746446,-0.059139356,0.051795453,-0.00014857296,0.0,0.0,-0.020715779,0
633751495,-0.059415027,0.05156853,-0.00013073251,0.0,0.0,-0.020715779,0
633756455,-0.05299232,0.056553483,-0.00017447447,0.0,0.0,-0.022341937,0
633761460,-0.052938946,0.056572836,-0.00026432832,0.0,0.0,-0.022341937,0
633766475,-0.05335034,0.05130371,-0.00031703955,0.0,0.0,-0.023602715,0
633771454,-0.05308613,0.051322907,-0.00031416927,0.0,0.0,-0.023602715,0
633776452,-0.05576335,0.053412974,-0.00026737642,0.0,0.0,-0.02548703,0
633781472,-0.05616255,0.053284865,-0.00023810034,0.0,0.0,-0.02548703,0
633786447,-0.05272302,0.056512814,-0.00037163415,0.0,0.0,-0.027043913,0
633791454,-0.052199475,0.056641918,-0.00038052353,0.0,0.0,-0.027043913,0
633796506,-0.053982273,0.06128246,-0.00023222168,0.0,0.0,-0.028632998,0
633801457,-0.054612517,0.06128975,-0.00023252929,0.0,0.0,-0.028632998,0
633806466,-0.04867504,0.058277033,-0.00023331624,0.0,0.0,-0.030413456,0
633811498,-0.048152853,0.058365013,-0.00031708952,0.0,0.0,-0.030413456,0
633816441,-0.053816438,0.055480964,-0.0002908868,0.0,0.0,-0.032000482,0
633821452,-0.05404504,0.05547431,-1.5702864e-05,0.0,0.0,-0.032000482,0
633826505,-0.04698415,0.06371462,4.92909e-05,0.0,0.0,-0.033687085,0
633831443,-0.04692999,0.063532695,-0.00010152512,0.0,0.0,-0.033687085,0
633836457,-0.059123825,0.054857124,-6.875252e-05,0.0,0.0,-0.03551645,0
633841501,-0.05887621,0.054951247,-5.0506842e-05,0.0,0.0,-0.03551645,0
633846442,-0.052394703,0.056731123,4.775183e-05,0.0,0.0,-0.037439402,0
633851452,-0.05273083,0.056684148,6.0888655e-05,0.0,0.0,-0.037439402,0
633856474,-0.052882403,0.05134165,-3.3518558e-05,0.0,0.0,-0.03929359,0
633861454,-0.05269663,0.051145766,-4.636454e-05,0.0,0.0,-0.03929359,0
633866449,-0.053973522,0.054910723,-4.8610877e-05,0.0,0.0,-0.040844824,0
633871500,-0.054030184,0.055066258,-9.129771e-05,0.0,0.0,-0.040844824,0
633876450,-0.048016023,0.05750695,-0.00017032346,0.0,0.0,-0.04280632,0
633881448,-0.047997255,0.057401154,-0.00014586549,0.0,0.0,-0.04280632,0
633886473,-0.048048664,0.05328765,-0.00016280056,0.0,0.0,-0.044421606,0
633891457,-0.047970697,0.0533557,-0.00019527065,0.0,0.0,-0.044421606,0
633896453,-0.052114777,0.061015647,-3.053111e-05,0.0,0.0,-0.04636724,0
633901493,-0.052405648,0.061061688,1.1118094e-05,0.0,0.0,-0.04636724,0
633906466,-0.052420057,0.062206704,-0.00012774668,0.0,0.0,-0.048309866,0
633911458,-0.05208872,0.062246434,-0.00012745563,0.0,0.0,-0.048309866,0
633916468,-0.04815019,0.058881875,-0.00012367917,0.0,0.0,-0.050372336,0
633921461,-0.048335433,0.058966022,6.7351316e-06,0.0,0.0,-0.050372336,0
633926463,-0.050193,0.061373834,0.00019209168,0.0,0.0,-0.052245528,0
633931497,-0.050217453,0.061414424,-7.478021e-05,0.0,0.0,-0.052245528,0
633936452,-0.052219756,0.057037327,-0.00024859543,0.0,0.0,-0.054213367,0
633941455,-0.051933445,0.05699528,3.9318023e-05,0.0,0.0,-0.054213367,0
633946474,-0.052197248,0.0570083,9.9650584e-05,0.0,0.0,-0.05609866,0
633951452,-0.052577298,0.056906726,-0.00013902008,0.0,0.0,-0.05609866,0
633956453,-0.052393485,0.049421348,-0.00019990232,0.0,0.0,-0.05825998,0
633961496,-0.052141827,0.049567353,-0.0001857443,0.0,0.0,-0.05825998,0
633966447,-0.051551722,0.052444983,-9.809191e-05,0.0,0.0,-0.060355987,0
633971461,-0.051762477,0.052224204,-0.00013416156,0.0,0.0,-0.060355987,0
633976498,-0.05939705,0.05951429,-0.00025328711,0.0,0.0,-0.06247859,0
633981446,-0.059300754,0.059629016,-6.7451285e-05,0.0,0.0,-0.06247859,0
633986454,-0.052165344,0.056744806,4.218815e-05,0.0,0.0,-0.064227596,0
633991493,-0.052398972,0.05669964,-4.64617e-05,0.0,0.0,-0.064227596,0
633996446,-0.057727177,0.06122697,3.9937193e-05,0.0,0.0,-0.06648145,0
634001457,-0.057622463,0.061344802,0.00012143478,0.0,0.0,-0.06648145,0
634006504,-0.052383758,0.05688465,-8.415427e-05,0.0,0.0,-0.06821188,0
634011446,-0.052384317,0.05679108,-0.00021583402,0.0,0.0,-0.06821188,0
634016446,-0.042549886,0.064797744,-0.00014852565,0.0,0.0,-0.07012372,0
634021505,-0.042521507,0.06509824,-5.9469592e-05,0.0,0.0,-0.07012372,0
634026451,-0.046172272,0.06010572,-0.00016549714,0.0,0.0,-0.07223297,0
634031447,-0.046245903,0.059954736,-0.00030241793,0.0,0.0,-0.07223297,0
634036499,-0.04893641,0.060614575,-0.0003045547,0.0,0.0,-0.07386725,0
634041455,-0.048855793,0.060800932,-0.00023510367,0.0,0.0,-0.07386725,0
634046452,-0.04543815,0.05798867,-0.00019009874,0.0,0.0,-0.07574988,0
634051475,-0.04545306,0.05781334,-0.00023238092,0.0,0.0,-0.07574988,0
634056459,-0.044100016,0.054506235,-0.00022230313,0.0,0.0,-0.07753242,0
634061519,-0.044062555,0.0545859,-0.00019782846,0.0,0.0,-0.07753242,0
634066472,-0.052253194,0.05695434,-4.4952885e-05,0.0,0.0,-0.079345874,0
634071455,-0.052408736,0.056807134,-0.0001227051,0.0,0.0,-0.079345874,0
634076449,-0.05610731,0.05366431,-0.0002358455,0.0,0.0,-0.08142296,0
634081470,-0.05604419,0.053749297,-9.122122e-05,0.0,0.0,-0.08142296,0
634086459,-0.052540205,0.05695675,-0.00010217122,0.0,0.0,-0.08370928,0
634091457,-0.052580807,0.056919996,-0.00019529989,0.0,0.0,-0.08370928,0
634096498,-0.054483186,0.05737691,-7.738538e-05,0.0,0.0,-0.0855428,0
634101459,-0.05457999,0.05745944,-1.8965973e-05,0.0,0.0,-0.0855428,0
634106465,-0.051491197,0.061362803,-9.9217476e-05,0.0,0.0,-0.08724372,0
634111497,-0.051624298,0.06143863,-0.00018605257,0.0,0.0,-0.08724372,0
634116451,-0.0464315,0.0634649,-9.487468e-05,0.0,0.0,-0.08912592,0
634121453,-0.04632901,0.063625574,-4.6705623e-05,0.0,0.0,-0.08912592,0
634126501,-0.048760906,0.04778409,-7.668966e-05,0.0,0.0,-0.091487564,0
634131448,-0.04871606,0.047641683,-6.798126e-05,0.0,0.0,-0.091487564,0
634136451,-0.047075193,0.053396218,8.386814e-06,0.0,0.0,-0.09358258,0
634141503,-0.046853945,0.053328194,-6.0623333e-05,0.0,0.0,-0.09358258,0
634146440,-0.05413818,0.053005867,-8.06341e-05,0.0,0.0,-0.09580317,0
634151454,-0.054143928,0.053114373,-7.730881e-05,0.0,0.0,-0.09580317,0
634156499,-0.04635314,0.04895732,-0.00013357947,0.0,0.0,-0.09788616,0
634161444,-0.046328366,0.04872115,-0.00012527642,0.0,0.0,-0.09788616,0
634166453,-0.057963036,0.052392486,-1.3133373e-06,0.0,0.0,-0.10009228,0
634171494,-0.057842642,0.05262344,-4.9043803e-05,0.0,0.0,-0.10009228,0
634176451,-0.06019029,0.058751076,-6.6455876e-05,0.0,0.0,-0.101888046,0
634181446,-0.06054889,0.058453027,1.9000072e-05,0.0,0.0,-0.101888046,0
634186498,-0.048686467,0.059958383,0.00011572011,0.0,0.0,-0.104293056,0
634191509,-0.048798103,0.060147714,0.00020658945,0.0,0.0,-0.104293056,0
634196445,-0.05378367,0.05167417,0.00029130167,0.0,0.0,-0.10668516,0
634201497,-0.05357684,0.051664755,0.00017693228,0.0,0.0,-0.10668516,0
634206462,-0.055973142,0.052802917,4.7790687e-05,0.0,0.0,-0.109022215,0
634211447,-0.05612303,0.05261543,5.9873826e-05,0.0,0.0,-0.109022215,0
634216499,-0.04572376,0.06224589,-6.950685e-05,0.0,0.0,-0.111355975,0
634221456,-0.04550627,0.06251907,-0.00012461773,0.0,0.0,-0.111355975,0
634226452,-0.04063854,0.05423552,-0.00010681528,0.0,0.0,-0.113431424,0
634231469,-0.0406515,0.054124504,-0.00018948354,0.0,0.0,-0.113431424,0
634236449,-0.039397947,0.050272767,-0.0001939171,0.0,0.0,-0.1156472,0
634241454,-0.03946592,0.05021762,-8.960394e-06,0.0,0.0,-0.1156472,0
634246494,-0.055053163,0.06177896,-4.328142e-06,0.0,0.0,-0.11810605,0
634251455,-0.054535557,0.061774716,-3.9166844e-05,0.0,0.0,-0.11810605,0
634256462,-0.059927944,0.04946368,0.00019327142,0.0,0.0,-0.12063614,0
634261521,-0.059927993,0.04945687,0.00033561533,0.0,0.0,-0.12063614,0
634266452,-0.05886005,0.052060835,0.0004258399,0.0,0.0,-0.12301237,0
634271453,-0.059019875,0.05206445,0.00043643027,0.0,0.0,-0.12301237,0
634276494,-0.048344392,0.054398626,0.000443739,0.0,0.0,-0.12539136,0
634281444,-0.0484747,0.054243945,0.0002625871,0.0,0.0,-0.12539136,0
634286455,-0.04711307,0.056231763,0.0003592195,0.0,0.0,-0.1280086,0
634291504,-0.046971407,0.05634592,0.00019861512,0.0,0.0,-0.1280086,0
634296442,-0.06281828,0.05872854,9.743869e-05,0.0,0.0,-0.13035773,0
634301454,-0.06300076,0.058848914,-2.805609e-06,0.0,0.0,-0.13035773,0
634306509,-0.05249187,0.056880157,-0.00011329872,0.0,0.0,-0.13296133,0
634311446,-0.05246897,0.05689861,-0.00020598898,0.0,0.0,-0.13296133,0
634316453,-0.05002981,0.056837387,-0.00028900316,0.0,0.0,-0.1355308,0
634321523,-0.04989953,0.05688749,-0.00031302313,0.0,0.0,-0.1355308,0
634326452,-0.06460356,0.058373634,-0.0002995051,0.0,0.0,-0.13790831,0
634331445,-0.064628765,0.058525234,-0.0002417968,0.0,0.0,-0.13790831,0
634336495,-0.053720042,0.0521147,-9.814632e-05,0.0,0.0,-0.14038044,0
634341452,-0.05367395,0.052099407,1.7183651e-05,0.0,0.0,-0.14038044,0
634346446,-0.047619805,0.057833895,-1.8772085e-05,0.0,0.0,-0.14306197,0
634351503,-0.047499336,0.057869148,2.3947332e-05,0.0,0.0,-0.14306197,0
634356449,-0.052024484,0.048516233,7.434282e-05,0.0,0.0,-0.14550532,0
634361447,-0.052044652,0.048514716,0.00013277758,0.0,0.0,-0.14550532,0
634366496,-0.061919667,0.04593986,0.00022282194,0.0,0.0,-0.14823538,0
634371456,-0.061775744,0.045964483,0.00011187424,0.0,0.0,-0.14823538,0
634376459,-0.05838298,0.048621126,4.429063e-05,0.0,0.0,-0.15071085,0
634381473,-0.058567513,0.048614804,0.00012342309,0.0,0.0,-0.15071085,0
634386451,-0.06166518,0.04622516,-3.091298e-05,0.0,0.0,-0.15336542,0
634391453,-0.061665956,0.046124436,-0.00019879313,0.0,0.0,-0.15336542,0
634396472,-0.052346185,0.046725705,-0.0002739636,0.0,0.0,-0.15640828,0
634401452,-0.052312113,0.046672158,-0.0003896392,0.0,0.0,-0.15640828,0
634406468,-0.059675753,0.052272383,-0.00036592272,0.0,0.0,-0.15912221,0
634411496,-0.059652023,0.05226495,-0.00030902613,0.0,0.0,-0.15912221,0
634416450,-0.05457922,0.05273479,-0.00036357116,0.0,0.0,-0.1616083,0
634421455,-0.054585338,0.052810628,-0.00046320693,0.0,0.0,-0.1616083,0
634426500,-0.050787166,0.046019893,-0.0006044246,0.0,0.0,-0.16452992,0
634431448,-0.050812602,0.04583561,-0.00044740093,0.0,0.0,-0.16452992,0
634436454,-0.06015611,0.051441595,-0.00031538197,0.0,0.0,-0.1677817,0
634441497,-0.059898376,0.051518705,-5.9967635e-05,0.0,0.0,-0.1677817,0
634446442,-0.05667504,0.067782834,7.720758e-05,0.0,0.0,-0.17000572,0
634451462,-0.057026345,0.06807965,5.4747477e-05,0.0,0.0,-0.17000572,0
634456510,-0.051695317,0.051824577,-6.3384377e-06,0.0,0.0,-0.17214891,0
634461443,-0.051822916,0.051692117,-0.00025390237,0.0,0.0,-0.17214891,0
634466456,-0.056168407,0.054575764,-0.0004545629,0.0,0.0,-0.17565742,0
634471494,-0.0557352,0.05475353,-0.00051767303,0.0,0.0,-0.17565742,0
634476444,-0.051787235,0.057514865,-0.0006202651,0.0,0.0,-0.1785638,0
634481450,-0.0523628,0.05739048,-0.0006358186,0.0,0.0,-0.1785638,0
634486499,-0.049936704,0.050448988,-0.0007928848,0.0,0.0,-0.18143392,0
634491454,-0.04984319,0.050274145,-0.0009356578,0.0,0.0,-0.18143392,0
634496453,-0.043450627,0.06420847,-0.0008743611,0.0,0.0,-0.18451251,0
634501494,-0.04283525,0.06457801,-0.0006845852,0.0,0.0,-0.18451251,0
634506466,-0.0620536,0.05345208,-0.0002432496,0.0,0.0,-0.18645178,0
634511448,-0.06256272,0.05339061,-5.189735e-06,0.0,0.0,-0.18645178,0
634516493,-0.06810256,0.054973364,-2.1330019e-05,0.0,0.0,-0.18992844,0
634521467,-0.06818554,0.05501385,-0.0002871579,0.0,0.0,-0.18992844,0
634526453,-0.033591215,0.054750256,-0.00056093885,0.0,0.0,-0.19248079,0
634531475,-0.03329195,0.054833516,-0.00017432054,0.0,0.0,-0.19248079,0
634536453,-0.07761458,0.052464657,0.00028130764,0.0,0.0,-0.19581433,0
634541457,-0.07807395,0.052821673,0.00019765864,0.0,0.0,-0.19581433,0
634546466,-0.04636191,0.052164964,-0.00011164238,0.0,0.0,-0.19963971,0
634551453,-0.04645738,0.051878694,-7.9189216e-05,0.0,0.0,-0.19963971,0
634556452,-0.04655786,0.060935833,7.7991375e-05,0.0,0.0,-0.20253763,0
634561502,-0.046233017,0.06074761,0.00033595206,0.0,0.0,-0.20253763,0
634566462,-0.06381068,0.06524298,0.00032046103,0.0,0.0,-0.20491345,0
634571454,-0.064348556,0.065261975,7.0477254e-05,0.0,0.0,-0.20491345,0
634576496,-0.029543389,0.059518714,-0.00018579315,0.0,0.0,-0.20821385,0
634581450,-0.02880142,0.059401464,8.18731e-05,0.0,0.0,-0.20821385,0
634586455,-0.05476715,0.06575807,0.00032599331,0.0,0.0,-0.2099692,0
634591475,-0.054788817,0.06588027,8.473506e-05,0.0,0.0,-0.2099692,0
634596459,-0.042381007,0.053352103,0.00015933634,0.0,0.0,-0.21414395,0
634601458,-0.04248558,0.053527888,-0.00015281986,0.0,0.0,-0.21414395,0
634606512,-0.050485715,0.059410706,-0.00020523406,0.0,0.0,-0.21702746,0
634611453,-0.049945347,0.05943618,-2.8305347e-05,0.0,0.0,-0.21702746,0
634616453,-0.052251317,0.057733547,-0.0001235783,0.0,0.0,-0.22089897,0
634621496,-0.052626636,0.057831608,-0.00031548023,0.0,0.0,-0.22089897,0
634626445,-0.06244103,0.061751764,-0.0003095081,0.0,0.0,-0.2237223,0
634631448,-0.062370732,0.061645646,-9.9360186e-05,0.0,0.0,-0.2237223,0
634636499,-0.045448314,0.064267695,-0.00020540874,0.0,0.0,-0.22654252,0
634641457,-0.045548,0.06463423,2.1360816e-05,0.0,0.0,-0.22654252,0
634646442,-0.06502463,0.05994248,8.048391e-05,0.0,0.0,-0.22963455,0
634651496,-0.06590524,0.060145255,3.728045e-05,0.0,0.0,-0.22963455,0
634656453,-0.019977534,0.053082615,-8.5056585e-05,0.0,0.0,-0.23198868,0
634661447,-0.018877156,0.052742347,-3.4181783e-05,0.0,0.0,-0.23198868,0
634666508,-0.03986547,0.069885,-0.00012418296,0.0,0.0,-0.23588969,0
634671454,-0.040584106,0.07023036,-0.00016964223,0.0,0.0,-0.23588969,0
634676452,-0.025963329,0.051751316,-0.00013124451,0.0,0.0,-0.23857619,0
634681473,-0.024920046,0.05074891,-0.00027220644,0.0,0.0,-0.23857619,0
634686454,-0.065909296,0.063040026,0.00028669625,0.0,0.0,-0.24183361,0
634691456,-0.06691863,0.06276668,-0.00012527953,0.0,0.0,-0.24183361,0
634696468,-0.020843118,0.079291746,7.136627e-05,0.0,0.0,-0.24554047,0
634701466,-0.020477334,0.07907444,0.0002716857,0.0,0.0,-0.24554047,0
634706475,-0.0026192535,0.048720427,2.2019838e-06,0.0,0.0,-0.24770708,0
634711517,-0.0009657917,0.04838823,0.00012253497,0.0,0.0,-0.24770708,0
634716453,-0.04417094,0.06393928,-1.9833102e-05,0.0,0.0,-0.2507995,0
634721457,-0.04496234,0.06382717,-0.00010359963,0.0,0.0,-0.2507995,0
634726475,-0.05270791,0.04297803,0.0001417826,0.0,0.0,-0.25413254,0
634731455,-0.05316141,0.042927384,-0.0005727267,0.0,0.0,-0.25413254,0
634736459,-0.05369429,0.025680931,-0.00019760845,0.0,0.0,-0.25667346,0
634741497,-0.053286105,0.02502859,-4.937229e-05,0.0,0.0,-0.25667346,0
634746452,-0.056726106,0.060007695,-0.00019987316,0.0,0.0,-0.26080412,0
634751455,-0.05581878,0.059334487,0.00040519107,0.0,0.0,-0.26080412,0
634756494,-0.061544176,0.10112358,0.00012138483,0.0,0.0,-0.26541343,0
634761450,-0.061935663,0.10103166,0.00045272597,0.0,0.0,-0.26541343,0
634766454,-0.044478994,0.06529843,0.00047599152,0.0,0.0,-0.26834804,0
634771501,-0.04455264,0.065557845,0.0003654706,0.0,0.0,-0.26834804,0
634776450,-0.03316113,0.04684501,0.0004899031,0.0,0.0,-0.2711616,0
634781460,-0.033190712,0.046755165,0.0003753275,0.0,0.0,-0.2711616,0
634786498,-0.02507175,0.055566892,0.00065742485,0.0,0.0,-0.27354825,0
634791457,-0.02434318,0.055354357,0.000622118,0.0,0.0,-0.27354825,0
634796445,-0.004183307,0.045374606,0.00096005,0.0,0.0,-0.27626985,0
634801495,-0.003100024,0.04523111,0.0010907454,0.0,0.0,-0.27626985,0
634806497,-0.002248143,0.048413042,0.0009363714,0.0,0.0,-0.27949902,0
634811451,-0.0020155604,0.048523486,0.0008414253,0.0,0.0,-0.27949902,0
634816500,-0.035913892,0.07219608,5.719419e-05,0.0,0.0,-0.28345886,0
634821454,-0.035562225,0.071956806,0.00044617336,0.0,0.0,-0.28345886,0
634826446,-0.06898698,0.085630946,2.624519e-05,0.0,0.0,-0.28745577,0
634831496,-0.06871161,0.085186295,0.0006311291,0.0,0.0,-0.28745577,0
634836454,-0.06875761,0.089125566,0.00016329925,0.0,0.0,-0.29145855,0
634841460,-0.068770595,0.088670075,0.0005346478,0.0,0.0,-0.29145855,0
634846468,-0.070884146,0.064420454,0.00041454722,0.0,0.0,-0.2951886,0
634851461,-0.07058932,0.0642021,0.00088775594,0.0,0.0,-0.2951886,0
634856453,-0.06979582,0.09264498,0.0004563722,0.0,0.0,-0.2991451,0
634861471,-0.07034365,0.091964975,0.0005560568,0.0,0.0,-0.2991451,0
634866454,-0.09034344,0.08434663,0.00023777827,0.0,0.0,-0.30174166,0
634871457,-0.09096408,0.083776675,0.00026315777,0.0,0.0,-0.30174166,0
634876503,-0.095985934,0.07942734,-7.915978e-05,0.0,0.0,-0.30355585,0
634881453,-0.095687345,0.07821951,0.0002946329,0.0,0.0,-0.30355585,0
634886454,-0.07458191,0.059985146,-1.7154982e-05,0.0,0.0,-0.3053295,0
634891494,-0.074564576,0.059350003,0.0002589582,0.0,0.0,-0.3053295,0
634896453,-0.030512113,0.07863075,-6.833782e-05,0.0,0.0,-0.3084592,0
634901464,-0.03039265,0.078330055,0.000456515,0.0,0.0,-0.3084592,0
634906511,-0.047105063,0.043291297,0.000703944,0.0,0.0,-0.3124187,0
634911448,-0.047236018,0.043470517,0.00058694027,0.0,0.0,-0.3124187,0
634916454,-0.12358953,0.03939735,0.0007130868,0.0,0.0,-0.31724003,0
634921494,-0.12480262,0.03955786,0.00048996694,0.0,0.0,-0.31724003,0
634926448,-0.14807132,0.020747181,0.001532667,0.0,0.0,-0.3207496,0
634931454,-0.14775679,0.021687683,0.0030709365,0.0,0.0,-0.3207496,0
634936496,-0.15676297,0.033388898,0.005701505,0.0,0.0,-0.32313275,0
634941464,-0.15506005,0.03487105,0.008282954,0.0,0.0,-0.32313275,0
634946448,-0.14131384,0.08398315,0.009896589,0.0,0.0,-0.32658514,0
634951498,-0.14135815,0.08402204,0.009835809,0.0,0.0,-0.32658514,0
634956456,-0.079001054,0.07422618,0.0077104145,0.0,0.0,-0.32987496,0
634961447,-0.07924981,0.07355709,0.0054727877,0.0,0.0,-0.32987496,0
634966494,-0.03950459,0.078824826,0.0029218402,0.0,0.0,-0.3330453,0
634971459,-0.038514126,0.07911712,0.0008690707,0.0,0.0,-0.3330453,0
634976445,-0.07264901,0.07499178,0.00031074733,0.0,0.0,-0.338225,0
634981503,-0.072891995,0.07597432,-0.00026036514,0.0,0.0,-0.338225,0
634986454,-0.09124067,0.10628432,0.00017646875,0.0,0.0,-0.34352618,0
634991459,-0.09307052,0.1066106,0.00026279976,0.0,0.0,-0.34352618,0
634996474,-0.06596328,0.07352616,-0.00062340585,0.0,0.0,-0.34755617,0
635001458,-0.06466167,0.07180288,-0.0010026003,0.0,0.0,-0.34755617,0
635006472,-0.07728497,0.083700895,-0.00231793,0.0,0.0,-0.35012412,0
635011469,-0.07698592,0.08256705,-0.0040192553,0.0,0.0,-0.35012412,0
635016454,-0.10627607,0.033121217,-0.0046997136,0.0,0.0,-0.35282233,0
635021457,-0.10800642,0.033673853,-0.0050568613,0.0,0.0,-0.35282233,0
635026495,-0.12792371,0.08175027,-0.004659482,0.0,0.0,-0.3571229,0
635031460,-0.12792061,0.08295757,-0.0036970086,0.0,0.0,-0.3571229,0
635036464,-0.11581625,0.019020768,-0.0033639264,0.0,0.0,-0.360981,0
635041498,-0.11634496,0.01897153,-0.0024877463,0.0,0.0,-0.360981,0
635046447,-0.08801192,0.044294488,-0.002969863,0.0,0.0,-0.36588326,0
635051455,-0.0891688,0.042766962,-0.0026495487,0.0,0.0,-0.36588326,0
635056507,-0.09277854,0.07413131,-0.0023408723,0.0,0.0,-0.36979657,0
635061460,-0.09224017,0.073767,-0.002293388,0.0,0.0,-0.36979657,0
635066453,-0.10981372,0.08658939,-0.001810508,0.0,0.0,-0.37285498,0
635071500,-0.10978855,0.08784483,-0.0012242293,0.0,0.0,-0.37285498,0
635076448,-0.105163254,0.08906432,-0.00050593104,0.0,0.0,-0.37677157,0
635081454,-0.10466225,0.090183124,0.0007578733,0.0,0.0,-0.37677157,0
635086499,-0.09051461,0.08166247,0.00091792794,0.0,0.0,-0.38048908,0
635091463,-0.089563005,0.08175678,0.0013227098,0.0,0.0,-0.38048908,0
635096448,-0.082098044,0.08820923,0.0012161854,0.0,0.0,-0.38303718,0
635101510,-0.08239577,0.08774244,0.0006023259,0.0,0.0,-0.38303718,0
635106468,-0.12333766,0.102701195,0.00024217762,0.0,0.0,-0.3867526,0
635111447,-0.12422889,0.10331561,-0.0001628464,0.0,0.0,-0.3867526,0
635116501,-0.18176948,0.05407834,-0.00018435548,0.0,0.0,-0.38833585,0
635121456,-0.18129942,0.054197766,0.000108311506,0.0,0.0,-0.38833585,0
635126447,-0.13786338,0.029298976,0.00030704238,0.0,0.0,-0.39262998,0
635131495,-0.13690254,0.029303486,0.00094536174,0.0,0.0,-0.39262998,0
635136456,-0.18051696,0.029777467,0.0019216647,0.0,0.0,-0.39236316,0
635141448,-0.18044324,0.030074153,0.00059615675,0.0,0.0,-0.39236316,0
635146471,-0.13672964,0.06567996,-0.00019655765,0.0,0.0,-0.39234903,0
635151458,-0.13666144,0.06496303,-0.00029162242,0.0,0.0,-0.39234903,0
635156454,-0.15489876,0.1057243,-0.0011970231,0.0,0.0,-0.3892927,0
635161469,-0.15430354,0.10561812,-0.0015944035,0.0,0.0,-0.3892927,0
635166455,-0.10874629,0.01945494,-0.0032356053,0.0,0.0,-0.38735622,0
635171454,-0.11014218,0.022308987,-0.0039100875,0.0,0.0,-0.38735622,0
635176474,-0.08699437,-0.030802803,-0.003597941,0.0,0.0,-0.3851383,0
635181456,-0.088206075,-0.03044793,-0.004425223,0.0,0.0,-0.3851383,0
635186468,-0.08353511,0.04861538,-0.004355778,0.0,0.0,-0.38565287,0
635191501,-0.083675355,0.046697468,-0.005341139,0.0,0.0,-0.38565287,0
635196450,-0.07851655,0.066847056,-0.0053405925,0.0,0.0,-0.38617975,0
635201461,-0.07723818,0.06752098,-0.0035012898,0.0,0.0,-0.38617975,0
635206511,-0.11965088,0.03126459,-0.0036076596,0.0,0.0,-0.38486585,0
635211447,-0.11746105,0.03215927,-0.0034014888,0.0,0.0,-0.38486585,0
635216453,-0.02444944,0.07784574,-0.0031816845,0.0,0.0,-0.3877268,0
635221493,-0.023496497,0.07806206,-0.0016169165,0.0,0.0,-0.3877268,0
635226448,-0.09497381,0.06676888,0.0025598,0.0,0.0,-0.3829928,0
635231472,-0.09193483,0.06745406,0.0030621218,0.0,0.0,-0.3829928,0
635236495,-0.09981487,0.018081853,0.002387957,0.0,0.0,-0.3801409,0
635241451,-0.09522575,0.018008748,0.0028959205,0.0,0.0,-0.3801409,0
635246454,0.03737666,0.054271046,0.0027311542,0.0,0.0,-0.3811283,0
635251502,0.042429715,0.053942915,0.0032381741,0.0,0.0,-0.3811283,0
635256457,0.043482132,-0.044220913,0.0035649084,0.0,0.0,-0.37813944,0
635261445,0.051045816,-0.04228569,0.0040947488,0.0,0.0,-0.37813944,0
635266475,0.06597104,-0.01534225,0.005430133,0.0,0.0,-0.37678725,0
635271457,0.07346494,-0.016087197,0.0067266966,0.0,0.0,-0.37678725,0
635276446,0.06603488,-0.012266104,0.007930211,0.0,0.0,-0.37684396,0
635281496,0.07174784,-0.013075205,0.0078022527,0.0,0.0,-0.37684396,0
635286460,0.10465193,-0.028395183,0.0076053822,0.0,0.0,-0.37562788,0
635291447,0.11056371,-0.02749937,0.00804872,0.0,0.0,-0.37562788,0
635296493,0.1527054,-0.01432278,0.007717678,0.0,0.0,-0.37827677,0
635301458,0.15800752,-0.013158205,0.0073942784,0.0,0.0,-0.37827677,0
635306471,0.14855026,-0.01773575,0.007289978,0.0,0.0,-0.3824272,0
635311493,0.1526285,-0.01667179,0.0075124013,0.0,0.0,-0.3824272,0
635316465,0.12917513,0.028404487,0.008657749,0.0,0.0,-0.38186246,0
635321454,0.13169947,0.029771859,0.009133817,0.0,0.0,-0.38186246,0
635326466,0.12851638,0.009223477,0.008231218,0.0,0.0,-0.38493615,0
635331455,0.12919655,0.010979412,0.007865459,0.0,0.0,-0.38493615,0
635336455,0.1268397,0.024483018,0.0068463357,0.0,0.0,-0.38431677,0
635341496,0.12727152,0.023272254,0.0052334284,0.0,0.0,-0.38431677,0
635346459,0.10234904,0.064856134,0.0034497124,0.0,0.0,-0.385611,0
635351459,0.10325442,0.06269723,0.0010604205,0.0,0.0,-0.385611,0
635356500,0.06560449,0.08067787,-0.00043550922,0.0,0.0,-0.38621634,0
635361474,0.06650909,0.07900169,-0.002047238,0.0,0.0,-0.38621634,0
635366462,0.0767594,0.03668022,-0.0041142516,0.0,0.0,-0.3872663,0
635371494,0.077537596,0.034815684,-0.0058616456,0.0,0.0,-0.3872663,0
635376451,0.10774468,0.052411664,-0.00885381,0.0,0.0,-0.38767534,0
635381455,0.10742713,0.048498552,-0.011386601,0.0,0.0,-0.38767534,0
635386475,0.04515657,-0.018017882,-0.013536223,0.0,0.0,-0.39113438,0
635391451,0.04225774,-0.020862196,-0.01622698,0.0,0.0,-0.39113438,0
635396460,0.03314365,-0.045539483,-0.019053508,0.0,0.0,-0.39082092,0
635401512,0.02886851,-0.046727955,-0.022248335,0.0,0.0,-0.39082092,0
635406467,0.051440705,-0.058085307,-0.024943132,0.0,0.0,-0.39179018,0
635411448,0.046416193,-0.060121138,-0.02779987,0.0,0.0,-0.39179018,0
635416474,0.012873179,-0.041072562,-0.031217318,0.0,0.0,-0.39138892,0
635421459,0.007498096,-0.043989338,-0.034104235,0.0,0.0,-0.39138892,0
635426447,0.0036083558,-0.03632525,-0.03745569,0.0,0.0,-0.39222178,0
635431499,0.00070994504,-0.03701083,-0.04040418,0.0,0.0,-0.39222178,0
635436456,-0.044237316,-0.068679124,-0.04236377,0.0,0.0,-0.38975757,0
635441453,-0.04443347,-0.06573027,-0.04430363,0.0,0.0,-0.38975757,0
635446498,-0.11340634,-0.060666405,-0.04567436,0.0,0.0,-0.3866977,0
635451455,-0.11441864,-0.060364723,-0.04711256,0.0,0.0,-0.3866977,0
635456455,-0.12774074,-0.038100734,-0.048814513,0.0,0.0,-0.38555425,0
635461469,-0.12797113,-0.039006468,-0.049660433,0.0,0.0,-0.38555425,0
635466459,-0.19257772,-0.049387667,-0.050873607,0.0,0.0,-0.3822123,0
635471462,-0.19188601,-0.050190188,-0.05123107,0.0,0.0,-0.3822123,0
635476475,-0.24529675,-0.07457802,-0.05148323,0.0,0.0,-0.3805825,0
635481455,-0.24506718,-0.07336796,-0.05239194,0.0,0.0,-0.3805825,0
635486455,-0.14622813,-0.051035345,-0.050728176,0.0,0.0,-0.37916836,0
635491508,-0.14279601,-0.049217407,-0.049744356,0.0,0.0,-0.37916836,0
635496460,-0.1194791,-0.038367324,-0.049309414,0.0,0.0,-0.37787238,0
635501455,-0.114770986,-0.03761281,-0.049098738,0.0,0.0,-0.37787238,0
635506514,-0.05206647,-0.05811598,-0.049128164,0.0,0.0,-0.37749544,0
635511449,-0.048656672,-0.05796896,-0.048896126,0.0,0.0,-0.37749544,0
635516456,-0.092066444,-0.041684505,-0.048992716,0.0,0.0,-0.3778261,0
635521501,-0.09083842,-0.04198328,-0.049076892,0.0,0.0,-0.3778261,0
635526448,-0.037025247,-0.048691694,-0.049490295,0.0,0.0,-0.37909395,0
635531466,-0.034607198,-0.048927724,-0.049105313,0.0,0.0,-0.37909395,0
635536497,-0.078389056,-0.0091191,-0.046965387,0.0,0.0,-0.3766572,0
635541450,-0.07487456,-0.007532053,-0.044989012,0.0,0.0,-0.3766572,0
635546454,-0.09492984,-0.041498326,-0.041561417,0.0,0.0,-0.37540084,0
635551495,-0.08932331,-0.03850176,-0.039357916,0.0,0.0,-0.37540084,0
635556443,-0.09934492,-0.043044746,-0.038507797,0.0,0.0,-0.3731991,0
635561447,-0.096337594,-0.04460736,-0.037888322,0.0,0.0,-0.3731991,0
635566503,-0.04630732,-0.004064055,-0.037854463,0.0,0.0,-0.37322268,0
635571454,-0.045008488,-0.005718479,-0.038318533,0.0,0.0,-0.37322268,0
635576451,0.014281546,-0.02421466,-0.03888269,0.0,0.0,-0.3721776,0
635581495,0.017316291,-0.024083465,-0.03961947,0.0,0.0,-0.3721776,0
635586456,0.054489896,-0.01249471,-0.038428582,0.0,0.0,-0.37092698,0
635591448,0.05870992,-0.0108254785,-0.038794834,0.0,0.0,-0.37092698,0
635596504,0.039367206,-0.0142558105,-0.038729344,0.0,0.0,-0.3719901,0
635601454,0.042651758,-0.01383527,-0.038146194,0.0,0.0,-0.3719901,0
635606462,0.07052396,0.019818015,-0.038098276,0.0,0.0,-0.3739815,0
635611496,0.07036196,0.019059435,-0.037812572,0.0,0.0,-0.3739815,0
635616448,0.063775934,0.010876471,-0.039247386,0.0,0.0,-0.37581834,0
635621464,0.06220028,0.010810917,-0.04069135,0.0,0.0,-0.37581834,0
635626472,0.05759751,-0.052665703,-0.04158064,0.0,0.0,-0.3742197,0
635631459,0.055918846,-0.054056287,-0.042668942,0.0,0.0,-0.3742197,0
635636459,-0.010144011,-0.04729734,-0.04313301,0.0,0.0,-0.37837252,0
635641505,-0.01145938,-0.04935092,-0.043869734,0.0,0.0,-0.37837252,0
635646452,0.0042093406,-0.03699798,-0.04484928,0.0,0.0,-0.3806326,0
635651454,0.003599256,-0.0391625,-0.043761574,0.0,0.0,-0.3806326,0
635656502,-0.011163758,-0.05714663,-0.042855848,0.0,0.0,-0.38147515,0
635661445,-0.012435861,-0.056704786,-0.041749828,0.0,0.0,-0.38147515,0
635666456,0.005593514,-0.050411437,-0.040344857,0.0,0.0,-0.3822618,0
635671498,0.0070827045,-0.047467493,-0.03925148,0.0,0.0,-0.3822618,0
635676442,0.036262322,0.0033105419,-0.037436433,0.0,0.0,-0.37620163,0
635681456,0.040598236,0.005208372,-0.036291614,0.0,0.0,-0.37620163,0
635686502,0.048755195,0.00022988934,-0.03902768,0.0,0.0,-0.37017712,0
635691447,0.0531046,0.00012968511,-0.043318372,0.0,0.0,-0.37017712,0
635696457,0.09026043,0.0067955256,-0.046719585,0.0,0.0,-0.36874175,0
635701498,0.09646619,0.0075746,-0.050007004,0.0,0.0,-0.36874175,0
635706460,0.11547055,0.029667487,-0.05303174,0.0,0.0,-0.36650422,0
635711453,0.12537579,0.031483375,-0.05716228,0.0,0.0,-0.36650422,0
635716503,0.13146779,0.034423657,-0.06037982,0.0,0.0,-0.36603728,0
635721452,0.14284392,0.03818692,-0.0612098,0.0,0.0,-0.36603728,0
635726448,0.15411517,0.015119569,-0.06308009,0.0,0.0,-0.36459687,0
635731507,0.16234225,0.01834275,-0.06573585,0.0,0.0,-0.36459687,0
635736453,0.20406137,0.0036050119,-0.068857394,0.0,0.0,-0.3656383,0
635741448,0.20810635,0.007482856,-0.07175423,0.0,0.0,-0.3656383,0
635746497,0.23900488,4.0743995e-05,-0.07429048,0.0,0.0,-0.3674283,0
635751459,0.2407884,0.004459859,-0.077956796,0.0,0.0,-0.3674283,0
635756449,0.23550232,0.024738789,-0.08094805,0.0,0.0,-0.36855197,0
635761538,0.235389,0.029307935,-0.083481915,0.0,0.0,-0.36855197,0
635766451,0.24996445,0.05453804,-0.08575789,0.0,0.0,-0.37053493,0
635771455,0.24977946,0.058246177,-0.08727428,0.0,0.0,-0.37053493,0
635776473,0.24633539,0.067870446,-0.089834966,0.0,0.0,-0.37286443,0
635781454,0.24539708,0.07050356,-0.092500664,0.0,0.0,-0.37286443,0
635786459,0.28430668,0.07309263,-0.094673835,0.0,0.0,-0.37633404,0
635791503,0.2829933,0.07441951,-0.09762307,0.0,0.0,-0.37633404,0
635796462,0.24214655,0.10020976,-0.101260506,0.0,0.0,-0.38076502,0
635801456,0.24033248,0.10112947,-0.105304606,0.0,0.0,-0.38076502,0
635806510,0.23814803,0.05461795,-0.10942494,0.0,0.0,-0.38288906,0
635811447,0.2352996,0.053766217,-0.113090456,0.0,0.0,-0.38288906,0
635816455,0.21350522,0.11895907,-0.11585803,0.0,0.0,-0.38526955,0
635821510,0.21262181,0.115885325,-0.1198937,0.0,0.0,-0.38526955,0
635826441,0.17311093,0.042863414,-0.12465205,0.0,0.0,-0.38692835,0
635831456,0.1719001,0.038984697,-0.1282193,0.0,0.0,-0.38692835,0
635836498,0.11941807,0.0220303,-0.13265707,0.0,0.0,-0.38756624,0
635841448,0.1163592,0.016716704,-0.13664381,0.0,0.0,-0.38756624,0
635846458,0.11935738,-0.0059866994,-0.1407872,0.0,0.0,-0.38854456,0
635851503,0.11654402,-0.010252276,-0.14413194,0.0,0.0,-0.38854456,0
635856444,0.115049645,-0.06360652,-0.14756852,0.0,0.0,-0.3879609,0
635861460,0.11310992,-0.066987686,-0.1515377,0.0,0.0,-0.3879609,0
635866495,0.0845682,-0.05921681,-0.15497218,0.0,0.0,-0.38841903,0
635871455,0.08275346,-0.06260392,-0.15884902,0.0,0.0,-0.38841903,0
635876446,0.06591162,-0.10152266,-0.16317128,0.0,0.0,-0.38892898,0
635881497,0.06224835,-0.10227086,-0.16728707,0.0,0.0,-0.38892898,0
635886451,0.056508545,-0.12589313,-0.17190638,0.0,0.0,-0.38679278,0
635891447,0.05259361,-0.12717,-0.17515825,0.0,0.0,-0.38679278,0
635896502,0.01154547,-0.13331196,-0.17863481,0.0,0.0,-0.38864452,0
635901456,0.00704036,-0.13331935,-0.18172276,0.0,0.0,-0.38864452,0
635906462,0.00032488912,-0.112862505,-0.18461475,0.0,0.0,-0.38841715,0
635911497,-0.0033707358,-0.11301321,-0.18753813,0.0,0.0,-0.38841715,0
635916455,0.007935596,-0.09656057,-0.19080251,0.0,0.0,-0.3893375,0
635921457,0.004354162,-0.09867948,-0.19613065,0.0,0.0,-0.3893375,0
635926496,0.0025531633,-0.13015486,-0.20098051,0.0,0.0,-0.38976866,0
635931456,-0.00013722641,-0.13164797,-0.20575945,0.0,0.0,-0.38976866,0
635936461,-0.008334778,-0.057404708,-0.20942527,0.0,0.0,-0.3928933,0
635941494,-0.008654677,-0.05960577,-0.21383485,0.0,0.0,-0.3928933,0
635946451,0.014505362,-0.06919101,-0.21812889,0.0,0.0,-0.3940718,0
635951454,0.014233212,-0.069395274,-0.2217389,0.0,0.0,-0.3940718,0
635956494,0.055120274,-0.07422297,-0.2252229,0.0,0.0,-0.39440462,0
635961456,0.054007225,-0.074014656,-0.22910224,0.0,0.0,-0.39440462,0
635966464,0.01028237,-0.089950845,-0.23369154,0.0,0.0,-0.39191377,0
635971502,0.006827314,-0.08947689,-0.23770078,0.0,0.0,-0.39191377,0
635976445,0.012554019,-0.053754237,-0.24157976,0.0,0.0,-0.3931933,0
635981456,0.008436797,-0.053689204,-0.24528214,0.0,0.0,-0.3931933,0
635986474,0.009636561,-0.06746765,-0.24907918,0.0,0.0,-0.39293206,0
635991446,0.0058307243,-0.06653501,-0.2533141,0.0,0.0,-0.39293206,0
635996462,-0.051087037,-0.050533563,-0.25685033,0.0,0.0,-0.39088386,0
636001495,-0.05498824,-0.05028761,-0.2600313,0.0,0.0,-0.39088386,0
636006460,-0.03793433,-0.04564996,-0.26319134,0.0,0.0,-0.3925101,0
636011462,-0.040637266,-0.04627639,-0.26620188,0.0,0.0,-0.3925101,0
636016496,-0.05107099,-0.04072775,-0.26963106,0.0,0.0,-0.39421627,0
636021460,-0.0522289,-0.041105963,-0.27263832,0.0,0.0,-0.39421627,0
636026449,-0.007397484,-0.024133993,-0.27458864,0.0,0.0,-0.39460662,0
636031502,-0.009561874,-0.024555467,-0.27665594,0.0,0.0,-0.39460662,0
636036456,-0.03817046,-0.013483382,-0.27866882,0.0,0.0,-0.39358357,0
636041449,-0.041909672,-0.015229536,-0.28015345,0.0,0.0,-0.39358357,0
636046475,-0.08269438,-0.013728472,-0.28090474,0.0,0.0,-0.39396644,0
636051455,-0.085867934,-0.014789479,-0.2811246,0.0,0.0,-0.39396644,0
636056448,-0.116130225,-0.017250387,-0.2822785,0.0,0.0,-0.3948245,0
636061495,-0.11741009,-0.018152159,-0.28351596,0.0,0.0,-0.3948245,0
636066455,-0.11819868,-0.049013678,-0.2841443,0.0,0.0,-0.3945055,0
636071461,-0.119210936,-0.048857085,-0.2839658,0.0,0.0,-0.3945055,0
636076471,-0.14414869,-0.0008744065,-0.28398854,0.0,0.0,-0.39457676,0
636081460,-0.14586511,-0.0008463003,-0.2839994,0.0,0.0,-0.39457676,0
636086460,-0.13227813,-0.0016790356,-0.28339666,0.0,0.0,-0.3948574,0
636091475,-0.1354465,-0.0012827348,-0.28196946,0.0,0.0,-0.3948574,0
636096461,-0.11549341,-0.0011214751,-0.2816011,0.0,0.0,-0.3954106,0
636101465,-0.11848119,-0.0009557933,-0.28163722,0.0,0.0,-0.3954106,0
636106526,-0.09331524,0.015340202,-0.2814579,0.0,0.0,-0.39495614,0
636111455,-0.09593063,0.01494245,-0.2810109,0.0,0.0,-0.39495614,0
636116454,-0.07416051,0.049335085,-0.2807702,0.0,0.0,-0.39518186,0
636121495,-0.07576444,0.049437724,-0.28075352,0.0,0.0,-0.39518186,0
636126448,-0.09661329,0.02500289,-0.2813452,0.0,0.0,-0.3967399,0
636131462,-0.09884461,0.025429282,-0.28082234,0.0,0.0,-0.3967399,0
636136507,-0.11018276,-0.0018461915,-0.2797994,0.0,0.0,-0.39772597,0
636141446,-0.11420115,-0.0009025789,-0.27864763,0.0,0.0,-0.39772597,0
636146456,-0.10135905,0.0533408,-0.2775265,0.0,0.0,-0.39964253,0
636151494,-0.10518474,0.05440566,-0.27690318,0.0,0.0,-0.39964253,0
636156445,-0.10399198,0.060659103,-0.27660546,0.0,0.0,-0.4000015,0
636161468,-0.10690601,0.060380958,-0.27564347,0.0,0.0,-0.4000015,0
636166495,-0.13526669,0.06828643,-0.27521652,0.0,0.0,-0.4002669,0
636171448,-0.13649395,0.067675166,-0.27519274,0.0,0.0,-0.4002669,0
636176448,-0.13032553,0.0062438925,-0.27528927,0.0,0.0,-0.3992277,0
636181500,-0.13269128,0.006448158,-0.27449778,0.0,0.0,-0.3992277,0
636186454,-0.1368124,0.0039054984,-0.27296206,0.0,0.0,-0.3994562,0
636191449,-0.13983636,0.0033598642,-0.27266607,0.0,0.0,-0.3994562,0
636196493,-0.16422154,0.028446678,-0.27222076,0.0,0.0,-0.40007517,0
636201457,-0.16685888,0.029119035,-0.27143398,0.0,0.0,-0.40007517,0
636206467,-0.16140726,0.014654508,-0.27098858,0.0,0.0,-0.39984426,0
636211500,-0.16343549,0.013742607,-0.2700406,0.0,0.0,-0.39984426,0
636216454,-0.17179562,0.021520631,-0.26980126,0.0,0.0,-0.3997131,0
636221449,-0.17164561,0.022558015,-0.26869723,0.0,0.0,-0.3997131,0
636226528,-0.13468245,0.0145062115,-0.267072,0.0,0.0,-0.3986865,0
636231457,-0.13460425,0.015976937,-0.2665906,0.0,0.0,-0.3986865,0
636236456,-0.120878145,0.009143947,-0.26556548,0.0,0.0,-0.40014756,0
636241496,-0.1214368,0.011132678,-0.26476765,0.0,0.0,-0.40014756,0
636246459,-0.12777244,0.014148049,-0.2631881,0.0,0.0,-0.40218067,0
636251461,-0.12917086,0.014630884,-0.2614993,0.0,0.0,-0.40218067,0
636256498,-0.111628555,0.0072773425,-0.26060843,0.0,0.0,-0.40336567,0
636261454,-0.11227751,0.0059728073,-0.25909677,0.0,0.0,-0.40336567,0
636266455,-0.071877584,-0.012153013,-0.25758514,0.0,0.0,-0.40425628,0
636271495,-0.07218869,-0.012493694,-0.2557762,0.0,0.0,-0.40425628,0
636276449,-0.088338226,-0.0125812115,-0.25429118,0.0,0.0,-0.40251914,0
636281455,-0.087833054,-0.01109559,-0.25375378,0.0,0.0,-0.40251914,0
636286493,-0.098068625,-0.02434149,-0.252178,0.0,0.0,-0.4015775,0
636291448,-0.09829494,-0.022602644,-0.24998988,0.0,0.0,-0.4015775,0
636296468,-0.05637674,-0.02383056,-0.24745671,0.0,0.0,-0.4031099,0
636301500,-0.05663236,-0.023396078,-0.24543358,0.0,0.0,-0.4031099,0
636306461,-0.06725215,-0.0066574817,-0.24356829,0.0,0.0,-0.40413883,0
636311456,-0.06677347,-0.0077181156,-0.24119097,0.0,0.0,-0.40413883,0
636316474,-0.08985115,-0.0040220562,-0.23890427,0.0,0.0,-0.40555376,0
636321447,-0.08885552,-0.004779927,-0.2370235,0.0,0.0,-0.40555376,0
636326455,-0.08138753,-0.01496037,-0.23592934,0.0,0.0,-0.4055967,0
636331495,-0.0800919,-0.01481096,-0.2342737,0.0,0.0,-0.4055967,0
636336457,-0.0571991,0.0056735645,-0.23142691,0.0,0.0,-0.40745643,0
636341453,-0.05635637,0.0064412653,-0.22859518,0.0,0.0,-0.40745643,0
636346506,-0.058917098,0.022752447,-0.22638342,0.0,0.0,-0.40826088,0
636351452,-0.058515072,0.02328005,-0.22399881,0.0,0.0,-0.40826088,0
636356509,-0.06431182,0.0018343893,-0.2209124,0.0,0.0,-0.4085675,0
636361498,-0.063929975,0.0021092866,-0.21908134,0.0,0.0,-0.4085675,0
636366456,-0.058177896,0.008255545,-0.21768184,0.0,0.0,-0.40898076,0
636371448,-0.05676686,0.008439535,-0.21621172,0.0,0.0,-0.40898076,0
636376473,-0.06636313,-0.011228524,-0.21403028,0.0,0.0,-0.40933973,0
636381455,-0.06486529,-0.010467586,-0.2117616,0.0,0.0,-0.40933973,0
636386460,-0.01829679,0.016895458,-0.20970589,0.0,0.0,-0.41009223,0
636391475,-0.016859595,0.017393338,-0.20707083,0.0,0.0,-0.41009223,0
636396455,-0.035800725,0.0010117777,-0.20509697,0.0,0.0,-0.41126677,0
636401466,-0.033369966,0.0009091288,-0.20276617,0.0,0.0,-0.41126677,0
636406502,-0.04224528,-0.0016566536,-0.20109466,0.0,0.0,-0.40996042,0
636411457,-0.038977485,-0.0010352022,-0.19951697,0.0,0.0,-0.40996042,0
636416454,0.015756821,-0.0057388986,-0.19800842,0.0,0.0,-0.41055027,0
636421496,0.019397255,-0.004327325,-0.19629712,0.0,0.0,-0.41055027,0
636426455,0.024489066,-0.043026026,-0.19369963,0.0,0.0,-0.4103185,0
636431463,0.027250744,-0.041535795,-0.19175416,0.0,0.0,-0.4103185,0
636436498,0.08229777,0.0241006,-0.18961667,0.0,0.0,-0.4100812,0
636441448,0.085088626,0.023755075,-0.18674737,0.0,0.0,-0.4100812,0
636446456,0.05576513,0.0090468805,-0.18397087,0.0,0.0,-0.41041768,0
636451503,0.058713764,0.00843456,-0.18195705,0.0,0.0,-0.41041768,0
636456446,0.03995856,0.016172657,-0.18063958,0.0,0.0,-0.41145205,0
636461472,0.04329568,0.01643331,-0.17769448,0.0,0.0,-0.41145205,0
636466499,0.024442418,0.018301485,-0.17506075,0.0,0.0,-0.41352445,0
636471448,0.027720667,0.019887004,-0.17310658,0.0,0.0,-0.41352445,0
636476456,0.005493061,0.035281844,-0.17082666,0.0,0.0,-0.41685715,0
636481493,0.007835886,0.03700304,-0.16809115,0.0,0.0,-0.41685715,0
636486512,0.052765686,0.050956387,-0.16383542,0.0,0.0,-0.4165191,0
636491449,0.056328144,0.052896675,-0.16024254,0.0,0.0,-0.4165191,0
636496495,0.06746563,0.076640636,-0.15828703,0.0,0.0,-0.4195806,0
636501456,0.07288396,0.078541994,-0.15640096,0.0,0.0,-0.4195806,0
636506468,0.019639902,0.050576296,-0.15385847,0.0,0.0,-0.41742367,0
636511501,0.023759577,0.052398305,-0.15135852,0.0,0.0,-0.41742367,0
636516455,0.097719,0.070895046,-0.15056536,0.0,0.0,-0.41746137,0
636521450,0.101124726,0.07120548,-0.14980529,0.0,0.0,-0.41746137,0
636526496,0.111331336,0.08657909,-0.14749642,0.0,0.0,-0.41739938,0
636531456,0.114581145,0.086078756,-0.14405836,0.0,0.0,-0.41739938,0
636536457,0.1009426,0.06587704,-0.14208136,0.0,0.0,-0.42050013,0
636541472,0.10540895,0.06565132,-0.14122845,0.0,0.0,-0.42050013,0
636546460,0.12359515,0.061036576,-0.13902283,0.0,0.0,-0.4228871,0
636551463,0.1267257,0.06252098,-0.1362144,0.0,0.0,-0.4228871,0
636556497,0.11916931,0.08017864,-0.13400105,0.0,0.0,-0.4241268,0
636561453,0.12078477,0.082074374,-0.13327281,0.0,0.0,-0.4241268,0
636566458,0.13744736,0.08403063,-0.13181075,0.0,0.0,-0.42426872,0
636571494,0.13821395,0.08498994,-0.12869686,0.0,0.0,-0.42426872,0
636576461,0.15952912,0.119734675,-0.12602006,0.0,0.0,-0.42573303,0
636581455,0.15977341,0.120134816,-0.12381436,0.0,0.0,-0.42573303,0
636586499,0.122961126,0.084919,-0.12110094,0.0,0.0,-0.42476308,0
636591448,0.12179835,0.08804318,-0.11797207,0.0,0.0,-0.42476308,0
636596468,0.16646658,0.107955255,-0.114876755,0.0,0.0,-0.4293074,0
636601501,0.1637304,0.109621085,-0.112224884,0.0,0.0,-0.4293074,0
636606462,0.20905748,0.12602012,-0.110528134,0.0,0.0,-0.4289872,0
636611458,0.20818527,0.12735124,-0.10743885,0.0,0.0,-0.4289872,0
636616495,0.22803928,0.16084693,-0.10457845,0.0,0.0,-0.43032518,0
636621447,0.22672969,0.16229594,-0.101949126,0.0,0.0,-0.43032518,0
636626455,0.15291598,0.113369554,-0.09921312,0.0,0.0,-0.43028817,0
636631497,0.15109299,0.116132416,-0.09616669,0.0,0.0,-0.43028817,0
636636456,0.20013043,0.12847766,-0.09206048,0.0,0.0,-0.45450744,0
636641448,0.196875,0.12941037,-0.087863974,0.0,0.0,-0.45450744,0
636646502,0.19290796,0.1545196,-0.08222735,0.0,0.0,-0.45388412,0
636651463,0.19258086,0.15729967,-0.077032894,0.0,0.0,-0.45388412,0
636656444,0.1512595,0.14688833,-0.07265271,0.0,0.0,-0.4487323,0
636661502,0.15152901,0.15070578,-0.06845309,0.0,0.0,-0.4487323,0
636666454,0.1784313,0.157701,-0.0651154,0.0,0.0,-0.4469819,0
636671448,0.18047966,0.16314004,-0.061288852,0.0,0.0,-0.4469819,0
636676495,0.1318167,0.17857127,-0.0569209,0.0,0.0,-0.43850234,0
636681462,0.1339746,0.18369293,-0.05394311,0.0,0.0,-0.43850234,0
636686447,0.20121616,0.18074936,-0.050513513,0.0,0.0,-0.43680868,0
636691471,0.20480563,0.18388784,-0.045458525,0.0,0.0,-0.43680868,0
636696464,0.23182912,0.15976363,-0.042249523,0.0,0.0,-0.4467669,0
636701455,0.23326944,0.16396804,-0.0384894,0.0,0.0,-0.4467669,0
636706501,0.22120462,0.14898054,-0.03442825,0.0,0.0,-0.44626907,0
636711465,0.22126363,0.15295272,-0.031263657,0.0,0.0,-0.44626907,0
636716453,0.33559787,0.13663557,-0.029007819,0.0,0.0,-0.45725203,0
636721495,0.33388785,0.13935602,-0.026088713,0.0,0.0,-0.45725203,0
636726455,0.34751835,0.19693875,-0.02279278,0.0,0.0,-0.4570523,0
636731458,0.3446442,0.19969799,-0.019222077,0.0,0.0,-0.4570523,0
636736495,0.37236336,0.13408078,-0.015517412,0.0,0.0,-0.46741652,0
636741455,0.36860391,0.13685836,-0.01050721,0.0,0.0,-0.46741652,0
636746461,0.32052827,0.17564584,-0.0064240145,0.0,0.0,-0.46739513,0
636751500,0.31565934,0.17835622,-0.002395843,0.0,0.0,-0.46739513,0
636756448,0.2824008,0.20103435,0.00401199,0.0,0.0,-0.46583727,0
636761464,0.27709427,0.204242,0.009599155,0.0,0.0,-0.46583727,0
636766500,0.27429187,0.18275155,0.013565725,0.0,0.0,-0.46405002,0
636771449,0.2693559,0.18824378,0.016020067,0.0,0.0,-0.46405002,0
636776453,0.296177,0.19853015,0.019079134,0.0,0.0,-0.46211067,0
636781496,0.2933312,0.2033611,0.023317179,0.0,0.0,-0.46211067,0
636786454,0.30093685,0.24749796,0.025321104,0.0,0.0,-0.45957017,0
636791451,0.29742032,0.25218007,0.02748879,0.0,0.0,-0.45957017,0
636796502,0.30263895,0.25153223,0.031364776,0.0,0.0,-0.45362794,0
636801459,0.29824936,0.2560352,0.03566479,0.0,0.0,-0.45362794,0
636806459,0.263419,0.25269726,0.03969601,0.0,0.0,-0.45228073,0
636811496,0.25989425,0.2560741,0.043716986,0.0,0.0,-0.45228073,0
636816456,0.25774953,0.24275166,0.048097268,0.0,0.0,-0.45172164,0
636821446,0.25354573,0.24454744,0.052360296,0.0,0.0,-0.45172164,0
636826495,0.24661943,0.22516447,0.056140035,0.0,0.0,-0.45265183,0
636831463,0.24309647,0.22600779,0.059156887,0.0,0.0,-0.45265183,0
636836445,0.2646142,0.25346038,0.060874753,0.0,0.0,-0.45363107,0
636841470,0.2600724,0.255103,0.06363234,0.0,0.0,-0.45363107,0
636846457,0.27879608,0.2617214,0.06601613,0.0,0.0,-0.45319197,0
636851459,0.27398294,0.26092955,0.06844953,0.0,0.0,-0.45319197,0
636856469,0.22827353,0.2930606,0.07197273,0.0,0.0,-0.45563132,0
636861470,0.22279151,0.2930354,0.0761615,0.0,0.0,-0.45563132,0
636866451,0.1960164,0.29452074,0.07976186,0.0,0.0,-0.4556398,0
636871507,0.18857531,0.29258016,0.08288276,0.0,0.0,-0.4556398,0
636876473,0.20913908,0.2636986,0.08593997,0.0,0.0,-0.45820248,0
636881458,0.202292,0.26037318,0.088069566,0.0,0.0,-0.45820248,0
636886494,0.18880054,0.2854663,0.089653246,0.0,0.0,-0.45958602,0
636891462,0.1799391,0.28152108,0.09097436,0.0,0.0,-0.45958602,0
636896452,0.17387182,0.30674392,0.09159667,0.0,0.0,-0.45409006,0
636901496,0.1657632,0.3012229,0.094088204,0.0,0.0,-0.45409006,0
636906464,0.14255567,0.27982652,0.0967601,0.0,0.0,-0.4551024,0
636911455,0.13402271,0.2725385,0.0987487,0.0,0.0,-0.4551024,0
636916496,0.16332625,0.28796405,0.10015188,0.0,0.0,-0.45579326,0
636921472,0.15727697,0.28108254,0.10234511,0.0,0.0,-0.45579326,0
636926457,0.19080772,0.24211515,0.10499768,0.0,0.0,-0.4557284,0
636931501,0.18537652,0.23571575,0.10794252,0.0,0.0,-0.4557284,0
636936449,0.17120305,0.2187503,0.111018404,0.0,0.0,-0.45540985,0
636941454,0.16856545,0.21251391,0.11302517,0.0,0.0,-0.45540985,0
636946494,0.19532348,0.21675894,0.11369616,0.0,0.0,-0.45683995,0
636951457,0.19512352,0.21197669,0.11547539,0.0,0.0,-0.45683995,0
636956445,0.15413156,0.18500486,0.118091114,0.0,0.0,-0.44928646,0
636961497,0.15436803,0.18020363,0.119588204,0.0,0.0,-0.44928646,0
636966456,0.17212403,0.2014111,0.120256074,0.0,0.0,-0.45133325,0
636971446,0.17235069,0.19607402,0.122373484,0.0,0.0,-0.45133325,0
636976507,0.15784882,0.17543574,0.12679453,0.0,0.0,-0.4491907,0
636981455,0.15942913,0.17182332,0.13067454,0.0,0.0,-0.4491907,0
636986446,0.14737964,0.15289038,0.1333146,0.0,0.0,-0.44831094,0
636991496,0.15180252,0.15125684,0.13527288,0.0,0.0,-0.44831094,0
636996461,0.19205919,0.10920842,0.1380618,0.0,0.0,-0.44707257,0
637001457,0.19591472,0.10625153,0.14009452,0.0,0.0,-0.44707257,0
637006513,0.14218152,0.15877111,0.14010806,0.0,0.0,-0.44871587,0
637011457,0.14597636,0.15778488,0.14054646,0.0,0.0,-0.44871587,0
637016455,0.17554376,0.12912227,0.14209439,0.0,0.0,-0.45039177,0
637021471,0.1798563,0.12658279,0.14398034,0.0,0.0,-0.45039177,0
637026466,0.22705683,0.13582912,0.14467646,0.0,0.0,-0.4547032,0
637031454,0.23039547,0.13367659,0.14564136,0.0,0.0,-0.4547032,0
637036495,0.22609848,0.118382685,0.14726968,0.0,0.0,-0.45668578,0
637041456,0.22714609,0.11618944,0.1485541,0.0,0.0,-0.45668578,0
637046454,0.21437737,0.124102876,0.14864081,0.0,0.0,-0.45892063,0
637051496,0.21435975,0.12085909,0.14868778,0.0,0.0,-0.45892063,0
637056449,0.22487722,0.12021426,0.14812577,0.0,0.0,-0.4524381,0
637061459,0.22269239,0.11642909,0.14814927,0.0,0.0,-0.4524381,0
637066501,0.22115622,0.11402826,0.1483019,0.0,0.0,-0.4548593,0
637071457,0.21671125,0.11031736,0.14816204,0.0,0.0,-0.4548593,0
637076450,0.2327469,0.09448599,0.14823206,0.0,0.0,-0.4587784,0
637081503,0.22837973,0.0903032,0.1487009,0.0,0.0,-0.4587784,0
637086448,0.2240783,0.07968671,0.1493588,0.0,0.0,-0.46055835,0
637091457,0.2171939,0.07555123,0.14930575,0.0,0.0,-0.46055835,0
637096496,0.24007574,0.08023463,0.14818099,0.0,0.0,-0.45746604,0
637101466,0.23307087,0.07659841,0.14728676,0.0,0.0,-0.45746604,0
637106457,0.23668486,0.068140805,0.14710966,0.0,0.0,-0.45879754,0
637111496,0.22909883,0.06405113,0.14746945,0.0,0.0,-0.45879754,0
637116455,0.19343476,0.09039607,0.14628544,0.0,0.0,-0.4682174,0
637121448,0.18523365,0.08595963,0.14589004,0.0,0.0,-0.4682174,0
637126505,0.0934269,0.049854126,0.14800115,0.0,0.0,-0.46848232,0
637131456,0.08559359,0.04559414,0.14824162,0.0,0.0,-0.46848232,0
637136449,0.11288378,0.035419438,0.14762992,0.0,0.0,-0.47250703,0
637141496,0.10434954,0.030453082,0.147173,0.0,0.0,-0.47250703,0
637146456,0.12746732,0.034316413,0.1464081,0.0,0.0,-0.47483656,0
637151455,0.120179065,0.029608218,0.1449692,0.0,0.0,-0.47483656,0
637156473,0.053703908,0.040395286,0.14346533,0.0,0.0,-0.47616413,0
637161471,0.046486497,0.0361117,0.14287674,0.0,0.0,-0.47616413,0
637166450,0.06808937,0.011594331,0.14309447,0.0,0.0,-0.47827065,0
637171471,0.06326957,0.007041285,0.1430562,0.0,0.0,-0.47827065,0
637176456,0.018825548,-0.011488416,0.14325851,0.0,0.0,-0.48707458,0
637181455,0.013728618,-0.015912004,0.14274123,0.0,0.0,-0.48707458,0
637186503,0.024900693,-0.0010764826,0.14126281,0.0,0.0,-0.48854175,0
637191455,0.020528793,-0.0048804022,0.14050782,0.0,0.0,-0.48854175,0
637196458,0.03240885,-0.054942,0.14119667,0.0,0.0,-0.48112333,0
637201496,0.028955914,-0.059444014,0.13956179,0.0,0.0,-0.48112333,0
637206463,0.02958196,-0.0643485,0.13839903,0.0,0.0,-0.4822486,0
637211459,0.02627382,-0.06708305,0.137203,0.0,0.0,-0.4822486,0
637216502,0.010781259,-0.055186495,0.13606529,0.0,0.0,-0.47362375,0
637221460,0.0073865512,-0.057776053,0.13501047,0.0,0.0,-0.47362375,0
637226451,-0.0048716855,-0.079422794,0.13447487,0.0,0.0,-0.47412297,0
637231496,-0.0069839545,-0.082042634,0.13396567,0.0,0.0,-0.47412297,0
637236448,-0.023207895,-0.07826217,0.13285081,0.0,0.0,-0.48285386,0
637241455,-0.025140183,-0.080605894,0.13161269,0.0,0.0,-0.48285386,0
637246498,0.004730092,-0.097399525,0.13069294,0.0,0.0,-0.48466375,0
637251453,0.0035251793,-0.09850052,0.12960665,0.0,0.0,-0.48466375,0
637256445,-0.011000548,-0.073004946,0.12748036,0.0,0.0,-0.48504335,0
637261493,-0.012023082,-0.07459455,0.12593377,0.0,0.0,-0.48504335,0
637266473,-0.010063461,-0.10980498,0.12566435,0.0,0.0,-0.48500326,0
637271446,-0.010622494,-0.110404566,0.124673344,0.0,0.0,-0.48500326,0
637276495,-0.056778483,-0.09610779,0.12347204,0.0,0.0,-0.48576942,0
637281456,-0.056999803,-0.096367836,0.12204938,0.0,0.0,-0.48576942,0
637286445,-0.05077156,-0.10477683,0.12109114,0.0,0.0,-0.48722717,0
637291503,-0.0509048,-0.104225196,0.120032385,0.0,0.0,-0.48722717,0
637296462,-0.018760568,-0.11150989,0.11941645,0.0,0.0,-0.48852453,0
637301447,-0.017653748,-0.11078104,0.11765555,0.0,0.0,-0.48852453,0
637306504,-0.028250493,-0.13310084,0.116716735,0.0,0.0,-0.48889127,0
637311457,-0.027067903,-0.13199325,0.116094075,0.0,0.0,-0.48889127,0
637316450,-0.0020347692,-0.096185125,0.11409974,0.0,0.0,-0.48949012,0
637321471,3.94285e-05,-0.09587707,0.11315764,0.0,0.0,-0.48949012,0
637326460,-0.0068645515,-0.10519958,0.1118322,0.0,0.0,-0.49054876,0
637331453,-0.004364695,-0.10448293,0.11092582,0.0,0.0,-0.49054876,0
637336497,0.021834297,-0.11056814,0.109904714,0.0,0.0,-0.500285,0
637341456,0.024103794,-0.10946319,0.10824207,0.0,0.0,-0.500285,0
637346456,0.03847854,-0.10690695,0.1067973,0.0,0.0,-0.50241214,0
637351508,0.041251574,-0.10674709,0.10545254,0.0,0.0,-0.50241214,0
637356443,0.011463879,-0.11617286,0.10422644,0.0,0.0,-0.4992094,0
637361459,0.013766988,-0.114911035,0.102660984,0.0,0.0,-0.4992094,0
637366502,0.026670579,-0.11218593,0.10140959,0.0,0.0,-0.49956614,0
637371452,0.028112624,-0.11145473,0.10006094,0.0,0.0,-0.49956614,0
637376453,-0.0018680915,-0.09985582,0.09828548,0.0,0.0,-0.5061128,0
637381497,-0.0011566342,-0.09902924,0.097111985,0.0,0.0,-0.5061128,0
637386440,0.013170995,-0.10997026,0.096765205,0.0,0.0,-0.5066483,0
637391454,0.013179285,-0.10924638,0.0955892,0.0,0.0,-0.5066483,0
637396524,0.04965034,-0.10986555,0.09436184,0.0,0.0,-0.4995604,0
637401446,0.04858909,-0.10872134,0.09303898,0.0,0.0,-0.4995604,0
637406468,0.0307101,-0.09653466,0.09119776,0.0,0.0,-0.49909,0
637411503,0.029223781,-0.09642472,0.09015508,0.0,0.0,-0.49909,0
637416451,-0.007962846,-0.10751724,0.088816114,0.0,0.0,-0.49711135,0
637421447,-0.00900396,-0.1066549,0.087398425,0.0,0.0,-0.49711135,0
637426497,-0.0075924173,-0.13044526,0.08697013,0.0,0.0,-0.49767357,0
637431453,-0.0091799665,-0.13013673,0.08598653,0.0,0.0,-0.49767357,0
637436449,0.0005762602,-0.102875225,0.084030546,0.0,0.0,-0.50594497,0
637441499,-0.00039154312,-0.10186867,0.082638636,0.0,0.0,-0.50594497,0
637446449,-0.0036865533,-0.09058135,0.08080716,0.0,0.0,-0.505949,0
637451447,-0.0045212707,-0.08958206,0.07981816,0.0,0.0,-0.505949,0
637456501,-0.021461667,-0.112585604,0.07863579,0.0,0.0,-0.5157667,0
637461453,-0.02151914,-0.11045503,0.07699971,0.0,0.0,-0.5157667,0
637466458,0.007152768,-0.10522879,0.07547522,0.0,0.0,-0.5153497,0
637471473,0.007246334,-0.10361606,0.07422625,0.0,0.0,-0.5153497,0
637476454,-0.03321003,-0.06958178,0.07124412,0.0,0.0,-0.5168911,0
637481460,-0.0319741,-0.06665563,0.06894811,0.0,0.0,-0.5168911,0
637486470,-0.05781783,-0.10227121,0.06856902,0.0,0.0,-0.5157343,0
637491458,-0.057280578,-0.09995661,0.06747976,0.0,0.0,-0.5157343,0
637496463,-0.009180329,-0.11727841,0.06619497,0.0,0.0,-0.5103212,0
637501518,-0.007922824,-0.11498837,0.064362876,0.0,0.0,-0.5103212,0
637506463,-0.029181793,-0.10764451,0.062174387,0.0,0.0,-0.5093415,0
637511455,-0.029712984,-0.10538119,0.060647756,0.0,0.0,-0.5093415,0
637516497,-0.01651115,-0.07308494,0.058124993,0.0,0.0,-0.50192547,0
637521446,-0.016331188,-0.07118615,0.05615117,0.0,0.0,-0.50192547,0
637526473,-0.04330422,-0.11268896,0.055769425,0.0,0.0,-0.50107485,0
637531506,-0.04462769,-0.110797115,0.054054435,0.0,0.0,-0.50107485,0
637536442,-0.03047274,-0.111386664,0.052672837,0.0,0.0,-0.5006879,0
637541454,-0.030560788,-0.1095873,0.051287174,0.0,0.0,-0.5006879,0
637546497,-0.06009392,-0.10270795,0.04879583,0.0,0.0,-0.49885574,0
637551447,-0.060402196,-0.100372724,0.047968984,0.0,0.0,-0.49885574,0
637556455,-0.054696444,-0.10858543,0.047840834,0.0,0.0,-0.50642353,0
637561510,-0.053291,-0.10596511,0.046110574,0.0,0.0,-0.50642353,0
637566456,-0.084279984,-0.11141417,0.044728685,0.0,0.0,-0.50643146,0
637571448,-0.08187593,-0.10787821,0.04337812,0.0,0.0,-0.50643146,0
637576500,-0.007083042,-0.08479742,0.042174343,0.0,0.0,-0.5032643,0
637581454,-0.0039029683,-0.08249581,0.040786363,0.0,0.0,-0.5032643,0
637586447,-0.054746125,-0.07142201,0.038435202,0.0,0.0,-0.503468,0
637591501,-0.051325902,-0.069563225,0.037113506,0.0,0.0,-0.503468,0
637596450,-0.067274585,-0.10125473,0.037013043,0.0,0.0,-0.49976876,0
637601459,-0.0645154,-0.09878263,0.03593364,0.0,0.0,-0.49976876,0
637606514,0.002407204,-0.03403016,0.03305131,0.0,0.0,-0.5001618,0
637611454,0.004968981,-0.03310691,0.031389758,0.0,0.0,-0.5001618,0
637616455,-0.04552635,-0.051982984,0.0306561,0.0,0.0,-0.5002455,0
637621475,-0.043734312,-0.05042613,0.029426843,0.0,0.0,-0.5002455,0
637626455,-0.009254179,-0.073292434,0.028733224,0.0,0.0,-0.5004312,0
637631461,-0.00830976,-0.07232054,0.027094034,0.0,0.0,-0.5004312,0
637636493,-0.021454291,-0.060375318,0.02572441,0.0,0.0,-0.50122803,0
637641455,-0.020254696,-0.05820447,0.025130974,0.0,0.0,-0.50122803,0
637646455,-0.008491433,-0.065331094,0.024652036,0.0,0.0,-0.50017077,0
637651495,-0.008368591,-0.064501174,0.023360286,0.0,0.0,-0.50017077,0
637656472,0.005525632,-0.025091058,0.021594469,0.0,0.0,-0.50135785,0
637661457,0.0070122173,-0.023508208,0.021221705,0.0,0.0,-0.50135785,0
637666501,-0.035190742,-0.08630014,0.02196358,0.0,0.0,-0.5002851,0
637671446,-0.034460213,-0.085447624,0.020932717,0.0,0.0,-0.5002851,0
637676461,-0.008680311,-0.07862908,0.019688843,0.0,0.0,-0.5010287,0
637681494,-0.007902322,-0.07803741,0.019473994,0.0,0.0,-0.5010287,0
637686444,-0.002112382,-0.09000273,0.019427458,0.0,0.0,-0.50176066,0
637691458,-0.0010153609,-0.08905161,0.018491874,0.0,0.0,-0.50176066,0
637696504,-0.0004346179,-0.06227577,0.017405156,0.0,0.0,-0.5026606,0
637701446,-0.00014773317,-0.060809415,0.01707624,0.0,0.0,-0.5026606,0
637706471,-0.005120549,-0.07894483,0.017203707,0.0,0.0,-0.50302154,0
637711503,-0.0045209858,-0.07812506,0.016516099,0.0,0.0,-0.50302154,0
637716439,0.022287402,-0.06304089,0.014988415,0.0,0.0,-0.5034211,0
637721449,0.02291822,-0.0618773,0.014774567,0.0,0.0,-0.5034211,0
637726500,-0.026797356,-0.049419835,0.014025653,0.0,0.0,-0.50364405,0
637731454,-0.026057992,-0.04852905,0.013118197,0.0,0.0,-0.50364405,0
637736447,-0.023176057,-0.0697706,0.01277707,0.0,0.0,-0.50406975,0
637741502,-0.022886993,-0.068618305,0.012319939,0.0,0.0,-0.50406975,0
637746454,-0.026745774,-0.071521886,0.012743441,0.0,0.0,-0.5041646,0
637751448,-0.0266992,-0.07034917,0.012257635,0.0,0.0,-0.5041646,0
637756494,-0.03757524,-0.08086822,0.011598901,0.0,0.0,-0.5052079,0
637761472,-0.036394253,-0.07898322,0.0112113925,0.0,0.0,-0.5052079,0
637766452,-0.045573447,-0.060420793,0.011041563,0.0,0.0,-0.5052812,0
637771475,-0.04602744,-0.05908264,0.010540114,0.0,0.0,-0.5052812,0
637776452,-0.018880572,-0.03450664,0.0095480895,0.0,0.0,-0.5065142,0
637781459,-0.017843407,-0.033580717,0.00900288,0.0,0.0,-0.5065142,0
637786493,-0.04450885,-0.07203622,0.010206051,0.0,0.0,-0.50736576,0
637791455,-0.044772588,-0.07048464,0.010474014,0.0,0.0,-0.50736576,0
637796467,-0.007690102,-0.03151148,0.009470245,0.0,0.0,-0.5084375,0
637801498,-0.006300419,-0.030398848,0.008982064,0.0,0.0,-0.5084375,0
637806469,-0.05737378,-0.052729674,0.00969871,0.0,0.0,-0.50787824,0
637811457,-0.056854807,-0.050947215,0.010300857,0.0,0.0,-0.50787824,0
637816502,0.02396178,-0.031763308,0.009841086,0.0,0.0,-0.50911105,0
637821444,0.025885597,-0.029815823,0.009118797,0.0,0.0,-0.50911105,0
637826455,-0.017317813,-0.012496217,0.009039901,0.0,0.0,-0.50881344,0
637831496,-0.015680455,-0.01011156,0.009652015,0.0,0.0,-0.50881344,0
637836446,0.0072963974,-0.023818003,0.010184013,0.0,0.0,-0.50090796,0
637841464,0.009190989,-0.021459658,0.010193765,0.0,0.0,-0.50090796,0
637846497,-0.011006743,-0.039864596,0.010862803,0.0,0.0,-0.5009504,0
637851446,-0.009795865,-0.038189746,0.011722423,0.0,0.0,-0.5009504,0
637856455,-0.014733273,-0.028511636,0.011961192,0.0,0.0,-0.49551207,0
637861495,-0.013996313,-0.027409248,0.012078194,0.0,0.0,-0.49551207,0
637866451,-0.037811946,-0.045306277,0.012527362,0.0,0.0,-0.49622288,0
637871449,-0.037131686,-0.044829898,0.012587416,0.0,0.0,-0.49622288,0
637876475,-0.013420408,-0.016919065,0.012612649,0.0,0.0,-0.5039687,0
637881454,-0.013831164,-0.016841587,0.01290165,0.0,0.0,-0.5039687,0
637886448,-0.044388372,-0.033625524,0.013350002,0.0,0.0,-0.50423515,0
637891495,-0.044160657,-0.03393129,0.013769985,0.0,0.0,-0.50423515,0
637896456,-0.017602466,-0.032881502,0.01456101,0.0,0.0,-0.51346153,0
637901459,-0.017101344,-0.032562643,0.015249422,0.0,0.0,-0.51346153,0
637906511,-0.012402523,-0.009350433,0.014807705,0.0,0.0,-0.5134133,0
637911454,-0.012987415,-0.009023324,0.015072425,0.0,0.0,-0.5134133,0
637916447,-0.01484861,-0.016831057,0.016477352,0.0,0.0,-0.5227413,0
637921504,-0.013891363,-0.01600365,0.01723841,0.0,0.0,-0.5227413,0
637926451,-0.01567068,-0.023088848,0.01750117,0.0,0.0,-0.5226328,0
637931455,-0.015717702,-0.022139985,0.017908301,0.0,0.0,-0.5226328,0
637936467,0.008105186,-0.012155172,0.01894611,0.0,0.0,-0.5234058,0
637941455,0.008649785,-0.011452577,0.020301534,0.0,0.0,-0.5234058,0
637946460,-0.028024279,-0.020869784,0.020997716,0.0,0.0,-0.52317894,0
637951500,-0.027905628,-0.019722326,0.02146855,0.0,0.0,-0.52317894,0
637956455,-0.00015928202,-0.009817145,0.022624029,0.0,0.0,-0.5165357,0
637961465,0.00027643563,-0.008658038,0.02372228,0.0,0.0,-0.5165357,0
637966498,-0.02329455,-0.011776857,0.024560757,0.0,0.0,-0.5153328,0
637971455,-0.02338216,-0.0107310135,0.024996355,0.0,0.0,-0.5153328,0
637976455,-0.005024417,-0.047580287,0.026756762,0.0,0.0,-0.51345474,0
637981495,-0.0054061064,-0.046740253,0.028590798,0.0,0.0,-0.51345474,0
637986449,0.0050175637,0.009894149,0.02846753,0.0,0.0,-0.51350874,0
637991464,0.005228918,0.010771978,0.029079178,0.0,0.0,-0.51350874,0
637996497,-0.026100136,-0.0075230845,0.030603003,0.0,0.0,-0.5125092,0
638001449,-0.02665053,-0.0069590304,0.032313872,0.0,0.0,-0.5125092,0
638006511,0.0005442202,0.006781146,0.03329177,0.0,0.0,-0.5134694,0
638011495,0.0011854297,0.00700934,0.033888657,0.0,0.0,-0.5134694,0
638016446,-0.02870433,-0.015290775,0.035368122,0.0,0.0,-0.5129987,0
638021456,-0.029257705,-0.015417879,0.03676813,0.0,0.0,-0.5129987,0
638026500,-0.039145388,0.0040815626,0.03787028,0.0,0.0,-0.51322,0
638031452,-0.03861778,0.0031321945,0.038887646,0.0,0.0,-0.51322,0
638036446,-0.022259174,-0.027997673,0.040405825,0.0,0.0,-0.5133202,0
638041496,-0.022361325,-0.028631516,0.04187509,0.0,0.0,-0.5133202,0
638046461,-0.022319224,-0.019741155,0.043571603,0.0,0.0,-0.51408505,0
638051450,-0.022040738,-0.021286316,0.04463817,0.0,0.0,-0.51408505,0
638056475,-0.017926304,-0.0017254852,0.04509695,0.0,0.0,-0.5133102,0
638061457,-0.017821036,-0.0023408537,0.04679864,0.0,0.0,-0.5133102,0
638066449,-0.0013682635,-0.021130744,0.048594564,0.0,0.0,-0.51340973,0
638071500,-0.0010436077,-0.022269055,0.049696766,0.0,0.0,-0.51340973,0
638076463,-0.011146382,0.0060304417,0.050075572,0.0,0.0,-0.5140415,0
638081456,-0.010627522,0.006016638,0.051578492,0.0,0.0,-0.5140415,0
638086467,-0.04226466,-0.02520794,0.053844593,0.0,0.0,-0.513335,0
638091454,-0.04269667,-0.025504427,0.055300258,0.0,0.0,-0.513335,0
638096464,-0.005132211,-0.0067761405,0.055979516,0.0,0.0,-0.51430285,0
638101470,-0.004584284,-0.0053793946,0.057427198,0.0,0.0,-0.51430285,0
638106474,-0.026584085,-0.00041689727,0.059115052,0.0,0.0,-0.5134108,0
638111455,-0.026856463,0.00082350394,0.060419798,0.0,0.0,-0.5134108,0
638116502,-0.036423486,-0.014675052,0.061689198,0.0,0.0,-0.5145062,0
638121454,-0.035693113,-0.012974668,0.063072495,0.0,0.0,-0.5145062,0
638126457,-0.012001104,-0.022013724,0.06488285,0.0,0.0,-0.5146883,0
638131503,-0.011644517,-0.019857433,0.06627033,0.0,0.0,-0.5146883,0
638136445,-0.04229905,-0.016681885,0.06705927,0.0,0.0,-0.5145833,0
638141462,-0.041683763,-0.014931741,0.0684031,0.0,0.0,-0.5145833,0
638146497,0.011250838,0.0008646608,0.070039496,0.0,0.0,-0.51520526,0
638151447,0.012165235,0.0025926332,0.07160078,0.0,0.0,-0.51520526,0
638156453,-0.03411998,-0.020521475,0.07296884,0.0,0.0,-0.51521206,0
638161494,-0.033807717,-0.01945606,0.07422103,0.0,0.0,-0.51521206,0
638166452,0.016878106,0.019268643,0.075199045,0.0,0.0,-0.5167287,0
638171459,0.01804391,0.019970546,0.07694438,0.0,0.0,-0.5167287,0
638176494,-0.028254956,-0.015841853,0.07844372,0.0,0.0,-0.51618594,0
638181457,-0.027565153,-0.015910933,0.07950926,0.0,0.0,-0.51618594,0
638186448,-0.012426523,0.016930167,0.08060753,0.0,0.0,-0.517494,0
638191500,-0.011470865,0.01640304,0.08227865,0.0,0.0,-0.517494,0
638196454,-0.026991922,-0.031077579,0.08437537,0.0,0.0,-0.5173237,0
638201453,-0.02655709,-0.031026926,0.085136555,0.0,0.0,-0.5173237,0
638206505,-0.021979574,0.005919277,0.08592112,0.0,0.0,-0.51678425,0
638211455,-0.021428417,0.0046155746,0.087681524,0.0,0.0,-0.51678425,0
638216447,-0.024964033,-0.022879833,0.08941874,0.0,0.0,-0.51743,0
638221495,-0.023813915,-0.022793327,0.090384625,0.0,0.0,-0.51743,0
638226461,-0.045910817,0.01254649,0.09103238,0.0,0.0,-0.516717,0
638231455,-0.04627487,0.011647103,0.09236552,0.0,0.0,-0.516717,0
638236475,-0.020816334,-0.010862749,0.09435085,0.0,0.0,-0.5177674,0
638241453,-0.020130336,-0.011437349,0.09515765,0.0,0.0,-0.5177674,0
638246462,-0.045100946,0.0049479743,0.09581881,0.0,0.0,-0.5170162,0
638251474,-0.044904232,0.0039274064,0.09725927,0.0,0.0,-0.5170162,0
638256456,-0.0080963895,-0.022215817,0.09941659,0.0,0.0,-0.5184911,0
638261508,-0.007742504,-0.023251653,0.1005374,0.0,0.0,-0.5184911,0
638266494,-0.02350939,-0.027700715,0.101569064,0.0,0.0,-0.5181286,0
638271455,-0.02312442,-0.0293614,0.10302008,0.0,0.0,-0.5181286,0
638276454,-0.010727999,0.010390672,0.10375514,0.0,0.0,-0.51873887,0
638281497,-0.010765381,0.008868296,0.10494257,0.0,0.0,-0.51873887,0
638286447,-0.03482647,-0.016121078,0.106259815,0.0,0.0,-0.51906484,0
638291468,-0.034516156,-0.017352171,0.10758697,0.0,0.0,-0.51906484,0
638296496,-0.03248296,0.00748064,0.10860393,0.0,0.0,-0.51849324,0
638301448,-0.03195326,0.0063752355,0.11003809,0.0,0.0,-0.51849324,0
638306496,-0.008620297,-0.02810085,0.11137016,0.0,0.0,-0.51965445,0
638311494,-0.007649217,-0.029188491,0.112524375,0.0,0.0,-0.51965445,0
638316446,-0.027558148,-0.0035554764,0.11345966,0.0,0.0,-0.5195399,0
638321455,-0.02690584,-0.0033341353,0.11492249,0.0,0.0,-0.5195399,0
638326493,-0.036346022,-0.0146032665,0.116010465,0.0,0.0,-0.51940507,0
638331447,-0.0362243,-0.014960155,0.11701508,0.0,0.0,-0.51940507,0
638336452,-0.036480986,-0.03404542,0.11861882,0.0,0.0,-0.5200616,0
638341506,-0.0362106,-0.03371154,0.120211385,0.0,0.0,-0.5200616,0
638346453,-0.021285698,-0.022387352,0.12102576,0.0,0.0,-0.5196102,0
638351448,-0.021102507,-0.021301493,0.12185077,0.0,0.0,-0.5196102,0
638356498,-0.05287064,-0.004223242,0.12289727,0.0,0.0,-0.5116784,0
638361456,-0.05322258,-0.0035079243,0.124337345,0.0,0.0,-0.5116784,0
638366448,-0.0305381,-0.013685659,0.12600277,0.0,0.0,-0.5122734,0
638371494,-0.029851831,-0.012054645,0.12673704,0.0,0.0,-0.5122734,0
638376455,-0.036684368,-0.0054634805,0.12778313,0.0,0.0,-0.5146066,0
638381447,-0.03639568,-0.00397679,0.1289384,0.0,0.0,-0.5146066,0
638386469,0.011827749,0.025739703,0.12949778,0.0,0.0,-0.51563287,0
638391521,0.012932038,0.026782474,0.13082737,0.0,0.0,-0.51563287,0
638396466,0.0019095193,0.010268734,0.13231702,0.0,0.0,-0.5099959,0
638401475,0.002466132,0.011157338,0.1335926,0.0,0.0,-0.5099959,0
638406468,-0.031637546,-0.003400723,0.13473389,0.0,0.0,-0.5100072,0
638411462,-0.031395152,-0.0033968373,0.13564527,0.0,0.0,-0.5100072,0
638416474,-0.032024153,0.008119086,0.1365342,0.0,0.0,-0.5019555,0
638421455,-0.031027008,0.008204107,0.13796386,0.0,0.0,-0.5019555,0
638426460,0.0008426632,0.024657521,0.13870633,0.0,0.0,-0.5016646,0
638431499,0.0016818407,0.02457127,0.13986269,0.0,0.0,-0.5016646,0
638436455,-0.014710107,0.015927976,0.14084269,0.0,0.0,-0.49818233,0
638441457,-0.014044976,0.014812855,0.14214697,0.0,0.0,-0.49818233,0
638446502,-0.024784733,-0.0034450307,0.14365117,0.0,0.0,-0.49915394,0
638451443,-0.02405125,-0.0040207687,0.14467074,0.0,0.0,-0.49915394,0
638456455,-0.047692537,0.011967644,0.14528704,0.0,0.0,-0.4955842,0
638461495,-0.046975516,0.010692082,0.14607875,0.0,0.0,-0.4955842,0
638466447,-0.018272223,0.014475559,0.14730956,0.0,0.0,-0.4980267,0
638471461,-0.017331736,0.013123689,0.14838044,0.0,0.0,-0.4980267,0
638476497,-0.01856178,-0.020518081,0.14957486,0.0,0.0,-0.5000683,0
638481448,-0.017115101,-0.02157199,0.15025404,0.0,0.0,-0.5000683,0
638486456,-0.010470363,0.021514455,0.1504848,0.0,0.0,-0.5014684,0
638491495,-0.009711377,0.020086734,0.1515612,0.0,0.0,-0.5014684,0
638496454,-0.029858103,-0.019836415,0.1530633,0.0,0.0,-0.4926166,0
638501458,-0.027972218,-0.02047777,0.15363348,0.0,0.0,-0.4926166,0
638506510,-0.024613665,0.009363667,0.15404944,0.0,0.0,-0.49306566,0
638511459,-0.024732538,0.007796455,0.15489224,0.0,0.0,-0.49306566,0
638516446,0.004911103,-0.019032454,0.15634255,0.0,0.0,-0.48508647,0
638521537,0.0069331387,-0.019546011,0.15688668,0.0,0.0,-0.48508647,0
638526455,-0.013290129,-0.011947498,0.15699773,0.0,0.0,-0.48553264,0
638531446,-0.012415429,-0.012871934,0.1581739,0.0,0.0,-0.48553264,0
638536499,0.022010703,-0.016877636,0.15921642,0.0,0.0,-0.47623804,0
638541457,0.023061449,-0.01753612,0.15945007,0.0,0.0,-0.47623804,0
638546452,-0.036898866,-0.009784648,0.15970363,0.0,0.0,-0.4772971,0
638551497,-0.036457703,-0.01036628,0.16070038,0.0,0.0,-0.4772971,0
638556459,0.009672246,-0.020193575,0.16163063,0.0,0.0,-0.46719018,0
638561459,0.009951786,-0.02063996,0.16167185,0.0,0.0,-0.46719018,0
638566493,-0.024881499,-0.0020645198,0.16201824,0.0,0.0,-0.46850097,0
638571456,-0.024587363,-0.002540728,0.16297746,0.0,0.0,-0.46850097,0
638576451,0.002961534,-0.025296895,0.16359624,0.0,0.0,-0.46519458,0
638581495,0.0034806535,-0.025951339,0.16390188,0.0,0.0,-0.46519458,0
638586455,0.010269897,0.010797798,0.16406359,0.0,0.0,-0.4675325,0
638591454,0.010555793,0.010184218,0.16451444,0.0,0.0,-0.4675325,0
638596497,-0.007495015,-0.0071195285,0.1651268,0.0,0.0,-0.45705342,0
638601458,-0.006874842,-0.0076392344,0.16552465,0.0,0.0,-0.45705342,0
638606471,-0.01447905,-0.024471775,0.16630965,0.0,0.0,-0.4595029,0
638611502,-0.014232791,-0.025505979,0.16644132,0.0,0.0,-0.4595029,0
638616450,0.019763777,-0.034620687,0.16704915,0.0,0.0,-0.44891307,0
638621455,0.020599078,-0.03474801,0.16747503,0.0,0.0,-0.44891307,0
638626498,-0.0066898456,-0.0455643,0.16736695,0.0,0.0,-0.4512525,0
638631446,-0.0060218293,-0.046264425,0.16776045,0.0,0.0,-0.4512525,0
638636450,0.023836447,-0.044239935,0.1682426,0.0,0.0,-0.44018996,0
638641497,0.024645863,-0.04465712,0.16807099,0.0,0.0,-0.44018996,0
638646456,0.0074859527,-0.035788566,0.16819227,0.0,0.0,-0.44296032,0
638651509,0.0071418085,-0.0354739,0.16847391,0.0,0.0,-0.44296032,0
638656498,0.026433475,-0.022588816,0.16845344,0.0,0.0,-0.43819883,0
638661467,0.026667915,-0.022749905,0.16823523,0.0,0.0,-0.43819883,0
638666447,-0.024005406,-0.043831855,0.16878255,0.0,0.0,-0.44121182,0
638671496,-0.025025548,-0.043950114,0.16879189,0.0,0.0,-0.44121182,0
638676456,0.021384178,-0.043536115,0.16885094,0.0,0.0,-0.4428773,0
638681451,0.021146245,-0.043697122,0.16878207,0.0,0.0,-0.4428773,0
638686503,0.011955868,-0.022201907,0.16825946,0.0,0.0,-0.44674328,0
638691462,0.0111762285,-0.02258487,0.16817248,0.0,0.0,-0.44674328,0
638696450,-0.009012624,-0.039410807,0.16844445,0.0,0.0,-0.44745067,0
638701472,-0.009570361,-0.03932221,0.16801868,0.0,0.0,-0.44745067,0
638706508,0.0027603256,-0.043482933,0.16780923,0.0,0.0,-0.45153365,0
638711457,0.002182132,-0.043847423,0.16803806,0.0,0.0,-0.45153365,0
638716470,0.009309822,-0.026187496,0.16726543,0.0,0.0,-0.4479878,0
638721457,0.008833649,-0.026581958,0.16683702,0.0,0.0,-0.4479878,0
638726452,0.0021369536,-0.05827788,0.167015,0.0,0.0,-0.45081365,0
638731500,0.0019151609,-0.058297694,0.1667962,0.0,0.0,-0.45081365,0
638736456,0.01646403,-0.031269394,0.16580391,0.0,0.0,-0.4571802,0
638741453,0.015541869,-0.03140292,0.16537496,0.0,0.0,-0.4571802,0
638746496,-0.010024004,-0.04540368,0.16494614,0.0,0.0,-0.46135002,0
638751449,-0.010115216,-0.045429938,0.16459104,0.0,0.0,-0.46135002,0
638756459,0.011652878,-0.041678797,0.16406034,0.0,0.0,-0.4621264,0
638761497,0.010623027,-0.041551486,0.16345185,0.0,0.0,-0.4621264,0
638766446,-0.0033823396,-0.040469125,0.1627103,0.0,0.0,-0.46533144,0
638771459,-0.003729271,-0.04018815,0.16235371,0.0,0.0,-0.46533144,0
638776505,-0.0033544446,-0.03988327,0.16157104,0.0,0.0,-0.47152066,0
638781450,-0.003882259,-0.040192865,0.16082226,0.0,0.0,-0.47152066,0
638786452,0.0018433015,-0.037162792,0.16026728,0.0,0.0,-0.47441575,0
638791495,0.0009898571,-0.03710019,0.15969262,0.0,0.0,-0.47441575,0
638796460,0.012398329,-0.041165963,0.15870588,0.0,0.0,-0.4722777,0
638801447,0.012157065,-0.040972188,0.15811186,0.0,0.0,-0.4722777,0
638806509,-0.019145146,-0.03646814,0.15707745,0.0,0.0,-0.4752928,0
638811462,-0.019787598,-0.036298588,0.15621993,0.0,0.0,-0.4752928,0
638816443,-0.023440422,-0.04176404,0.15563898,0.0,0.0,-0.47081456,0
638821496,-0.024431469,-0.040950615,0.15475765,0.0,0.0,-0.47081456,0
638826454,-0.037110478,-0.06020587,0.15408608,0.0,0.0,-0.4722952,0
638831448,-0.037987247,-0.059525218,0.153512,0.0,0.0,-0.4722952,0
638836500,-0.016792705,-0.037889052,0.15237497,0.0,0.0,-0.47080454,0
638841464,-0.0171545,-0.03757497,0.15131997,0.0,0.0,-0.47080454,0
638846443,-0.031044045,-0.030563792,0.15037997,0.0,0.0,-0.47312516,0
638851470,-0.03243145,-0.029967763,0.14942837,0.0,0.0,-0.47312516,0
638856467,-0.011281003,-0.043545756,0.14859007,0.0,0.0,-0.46308398,0
638861452,-0.011309558,-0.04293869,0.14758489,0.0,0.0,-0.46308398,0
638866471,-0.049905602,-0.026997453,0.14602692,0.0,0.0,-0.46553206,0
638871461,-0.050190475,-0.02691029,0.14499968,0.0,0.0,-0.46553206,0
638876453,-0.03806285,-0.013268019,0.14395703,0.0,0.0,-0.46645275,0
638881496,-0.037802123,-0.012194357,0.14272381,0.0,0.0,-0.46645275,0
638886457,-0.031809527,-0.061431047,0.14246872,0.0,0.0,-0.46854097,0
638891458,-0.031354435,-0.060671937,0.14143577,0.0,0.0,-0.46854097,0
638896497,-0.011185503,-0.0038322404,0.1395328,0.0,0.0,-0.46608856,0
638901464,-0.010929592,-0.0033415686,0.13835073,0.0,0.0,-0.46608856,0
638906470,-0.021906579,-0.017781598,0.1374454,0.0,0.0,-0.46927375,0
638911509,-0.021531723,-0.016593616,0.1363577,0.0,0.0,-0.46927375,0
638916446,-0.042832974,-0.046292737,0.13570318,0.0,0.0,-0.4737772,0
638921454,-0.041883465,-0.04540205,0.13477322,0.0,0.0,-0.4737772,0
638926497,-0.016790092,-0.018467002,0.13289042,0.0,0.0,-0.47660956,0
638931449,-0.016560532,-0.017860055,0.13160975,0.0,0.0,-0.47660956,0
638936453,-0.028236644,-0.008288376,0.13062511,0.0,0.0,-0.48257026,0
638941498,-0.028044026,-0.007470781,0.12928927,0.0,0.0,-0.48257026,0
638946453,-0.030951368,-0.025695043,0.12817693,0.0,0.0,-0.48550853,0
638951446,-0.030895375,-0.025019221,0.12695184,0.0,0.0,-0.48550853,0
638956503,-0.048630532,-0.04979753,0.12613922,0.0,0.0,-0.49181226,0
638961471,-0.04893829,-0.04933171,0.1251296,0.0,0.0,-0.49181226,0
638966443,-0.0017714628,-0.05540304,0.12399094,0.0,0.0,-0.49445656,0
638971501,-0.0015312304,-0.054453596,0.12266693,0.0,0.0,-0.49445656,0
638976460,-0.03930485,-0.020981306,0.12075614,0.0,0.0,-0.5008915,0
638981446,-0.03989292,-0.01995653,0.11947534,0.0,0.0,-0.5008915,0
638986496,-0.010167166,-0.015213696,0.118379496,0.0,0.0,-0.50305253,0
638991459,-0.010619298,-0.014327295,0.11690122,0.0,0.0,-0.50305253,0
638996447,-0.040827025,-0.030238336,0.11551681,0.0,0.0,-0.51065904,0
639001495,-0.0414916,-0.029178642,0.1146699,0.0,0.0,-0.51065904,0
639006469,-0.0103516,0.004939302,0.11318199,0.0,0.0,-0.51262325,0
639011454,-0.010890675,0.005658297,0.11141568,0.0,0.0,-0.51262325,0
639016475,-0.050773744,-0.031572517,0.11036257,0.0,0.0,-0.5194527,0
639021460,-0.051653042,-0.03056047,0.10948857,0.0,0.0,-0.5194527,0
639026452,-0.021260938,-0.0071378434,0.10805406,0.0,0.0,-0.52110267,0
639031470,-0.021758469,-0.0067562144,0.10637406,0.0,0.0,-0.52110267,0
639036454,-0.048454408,-0.04029859,0.105380625,0.0,0.0,-0.5305254,0
639041494,-0.048812572,-0.038966034,0.10427462,0.0,0.0,-0.5305254,0
639046479,-0.007659192,0.016858924,0.102380574,0.0,0.0,-0.5319628,0
639051464,-0.008284003,0.01667692,0.10096681,0.0,0.0,-0.5319628,0
639056451,-0.025087537,-0.023515293,0.100137055,0.0,0.0,-0.5377276,0
639061503,-0.025207657,-0.022908416,0.09929401,0.0,0.0,-0.5377276,0
639066446,-0.053255305,-0.005773782,0.09768905,0.0,0.0,-0.537837,0
639071454,-0.054348204,-0.005847085,0.09595523,0.0,0.0,-0.537837,0
639076496,-0.057006292,0.0032165053,0.09435364,0.0,0.0,-0.5385493,0
639081456,-0.057050604,0.0027946525,0.09352662,0.0,0.0,-0.5385493,0
639086459,-0.04065381,-0.00051927293,0.09239414,0.0,0.0,-0.5394376,0
639091499,-0.04134991,-0.00040892925,0.09121801,0.0,0.0,-0.5394376,0
639096450,-0.07056746,-0.004604363,0.08963833,0.0,0.0,-0.5385275,0
639101454,-0.07111835,-0.0048981975,0.08830151,0.0,0.0,-0.5385275,0
639106514,-0.0560249,0.006979732,0.08702119,0.0,0.0,-0.53905606,0
639111460,-0.055986043,0.006921863,0.08599371,0.0,0.0,-0.53905606,0
639116445,-0.060259596,-0.007644647,0.08460321,0.0,0.0,-0.5376686,0
639121501,-0.05958435,-0.00648171,0.08280205,0.0,0.0,-0.5376686,0
639126454,-0.079728656,0.0010068228,0.08148009,0.0,0.0,-0.5373634,0
639131445,-0.079744734,0.00085030467,0.07999081,0.0,0.0,-0.5373634,0
639136497,-0.04028626,-0.006402388,0.07876136,0.0,0.0,-0.53743166,0
639141459,-0.039214775,-0.005308033,0.07758572,0.0,0.0,-0.53743166,0
639146446,-0.042339597,-0.0027826056,0.07634898,0.0,0.0,-0.5355779,0
639151496,-0.041832983,-0.0020808154,0.074803926,0.0,0.0,-0.5355779,0
639156460,-0.042373165,0.015502626,0.0725819,0.0,0.0,-0.53547704,0
639161462,-0.04147212,0.016056463,0.07123964,0.0,0.0,-0.53547704,0
639166499,-0.042227127,0.020277381,0.07014018,0.0,0.0,-0.5345576,0
639171461,-0.041649092,0.020192185,0.06870948,0.0,0.0,-0.5345576,0
639176450,-0.052339893,0.014966681,0.067199305,0.0,0.0,-0.53360397,0
639181470,-0.052620634,0.015246191,0.06545588,0.0,0.0,-0.53360397,0
639186455,-0.05847699,0.0017435953,0.064124644,0.0,0.0,-0.53333235,0
639191456,-0.057749413,0.0010099119,0.0628904,0.0,0.0,-0.53333235,0
639196497,-0.08697827,0.03387824,0.061365332,0.0,0.0,-0.5333097,0
639201471,-0.08742257,0.03383569,0.059825376,0.0,0.0,-0.5333097,0
639206467,-0.041226376,-0.0024212308,0.05886288,0.0,0.0,-0.5314965,0
639211500,-0.040489674,-0.0023527823,0.057349402,0.0,0.0,-0.5314965,0
639216448,-0.059691332,0.020596536,0.05528656,0.0,0.0,-0.5313393,0
639221454,-0.058873415,0.019786125,0.053900693,0.0,0.0,-0.5313393,0
639226497,-0.039413087,0.027729658,0.052815534,0.0,0.0,-0.5296327,0
639231448,-0.03834829,0.028317079,0.051349763,0.0,0.0,-0.5296327,0
639236456,-0.07409578,-0.015568059,0.050418455,0.0,0.0,-0.52813953,0
639241500,-0.07306811,-0.016433882,0.0488938,0.0,0.0,-0.52813953,0
639246447,-0.038185634,0.003953496,0.047215622,0.0,0.0,-0.5281322,0
639251454,-0.036780108,0.0035517567,0.04619469,0.0,0.0,-0.5281322,0
639256496,-0.025607416,-0.01790351,0.04516856,0.0,0.0,-0.5269797,0
639261466,-0.024818916,-0.017730154,0.043549757,0.0,0.0,-0.5269797,0
639266444,-0.050731912,-0.01021895,0.041800834,0.0,0.0,-0.5254594,0
639271504,-0.050090495,-0.009558126,0.04034951,0.0,0.0,-0.5254594,0
639276457,-0.047148366,0.007142856,0.03894257,0.0,0.0,-0.52406627,0
639281450,-0.046126902,0.007753642,0.037730005,0.0,0.0,-0.52406627,0
639286502,-0.014458146,0.012342767,0.036160592,0.0,0.0,-0.52446663,0
639291456,-0.0137477545,0.013450854,0.034756515,0.0,0.0,-0.52446663,0
639296446,-0.0029302493,-0.023559842,0.03401576,0.0,0.0,-0.5237811,0
639301497,-0.0013853336,-0.022871815,0.032636274,0.0,0.0,-0.5237811,0
639306471,-0.03037002,0.018914614,0.030867297,0.0,0.0,-0.5227901,0
639311446,-0.030053992,0.020096289,0.029328002,0.0,0.0,-0.5227901,0
639316471,-0.008613644,0.027083732,0.028251214,0.0,0.0,-0.520808,0
639321460,-0.008258689,0.027577423,0.027241029,0.0,0.0,-0.520808,0
639326455,-0.00016086562,0.030272176,0.025512254,0.0,0.0,-0.52179796,0
639331471,0.00010336649,0.0304253,0.024618836,0.0,0.0,-0.52179796,0
639336456,0.0362935,0.0042691003,0.024133284,0.0,0.0,-0.52014285,0
639341457,0.036379717,0.0050033685,0.023152273,0.0,0.0,-0.52014285,0
639346496,0.015679512,0.0091586225,0.0217751,0.0,0.0,-0.51933753,0
639351459,0.015209394,0.008355655,0.020698067,0.0,0.0,-0.51933753,0
639356453,0.009303206,0.0049519194,0.020249244,0.0,0.0,-0.5199474,0
639361495,0.009223578,0.004922703,0.01933753,0.0,0.0,-0.5199474,0
639366447,-0.017783072,-0.002018521,0.018068245,0.0,0.0,-0.51822853,0
639371454,-0.019116964,-0.0020890534,0.016880566,0.0,0.0,-0.51822853,0
639376503,-0.004923436,0.046817753,0.015336781,0.0,0.0,-0.51763797,0
639381447,-0.0046672374,0.046372607,0.01503329,0.0,0.0,-0.51763797,0
639386473,-0.020451298,-0.012038133,0.015174478,0.0,0.0,-0.5161468,0
639391499,-0.021712298,-0.011831404,0.013681944,0.0,0.0,-0.5161468,0
639396456,0.013639109,0.022575574,0.012413795,0.0,0.0,-0.5147221,0
639401458,0.013639817,0.022264304,0.011650449,0.0,0.0,-0.5147221,0
639406508,0.0031733136,0.0028225454,0.011300084,0.0,0.0,-0.5146199,0
639411450,0.0031510093,0.0030903735,0.010238415,0.0,0.0,-0.5146199,0
639416443,0.019756658,0.017648237,0.00888412,0.0,0.0,-0.51344067,0
639421501,0.019850958,0.018238844,0.00843053,0.0,0.0,-0.51344067,0
639426456,0.023289483,0.028928488,0.007507514,0.0,0.0,-0.5131024,0
639431463,0.023400193,0.029540893,0.0066659767,0.0,0.0,-0.5131024,0
639436498,0.025139708,0.016189024,0.0059740925,0.0,0.0,-0.512215,0
639441457,0.024655385,0.017395325,0.005033161,0.0,0.0,-0.512215,0
639446443,-0.016596235,0.04878571,0.003766399,0.0,0.0,-0.51034814,0
639451499,-0.017725201,0.04968687,0.0026481305,0.0,0.0,-0.51034814,0
639456460,0.006169485,0.028784323,0.0022008582,0.0,0.0,-0.5105656,0
639461446,0.005816324,0.029589986,0.0015608737,0.0,0.0,-0.5105656,0
639466470,-0.015749628,0.067301326,0.00021542862,0.0,0.0,-0.50953126,0
639471455,-0.017329779,0.06790904,-0.00038898498,0.0,0.0,-0.50953126,0
639476451,0.011033558,0.06576985,-0.0010314832,0.0,0.0,-0.5096005,0
639481495,0.010476578,0.065416984,-0.0013868214,0.0,0.0,-0.5096005,0
639486456,-0.04178996,0.08572461,-0.0019567106,0.0,0.0,-0.50750905,0
639491460,-0.043055266,0.08538602,-0.0029648438,0.0,0.0,-0.50750905,0
639496501,-0.029063992,0.038318213,-0.002933557,0.0,0.0,-0.5070368,0
639501460,-0.029762488,0.036329612,-0.0038134619,0.0,0.0,-0.5070368,0
639506466,-0.053084414,0.08427023,-0.004943796,0.0,0.0,-0.5074918,0
639511494,-0.0538752,0.082316905,-0.005621584,0.0,0.0,-0.5074918,0
639516471,-0.030430662,0.052909616,-0.0062323017,0.0,0.0,-0.5068523,0
639521455,-0.031243853,0.049824014,-0.007060604,0.0,0.0,-0.5068523,0
639526497,-0.058160838,0.07668003,-0.0076133423,0.0,0.0,-0.5062474,0
639531450,-0.057332717,0.07455978,-0.007928729,0.0,0.0,-0.5062474,0
639536457,-0.032831036,0.013361106,-0.008047426,0.0,0.0,-0.50553924,0
639541506,-0.032183677,0.01084977,-0.008832177,0.0,0.0,-0.50553924,0
639546448,-0.035670076,0.04513319,-0.009720799,0.0,0.0,-0.5057688,0
639551454,-0.034329705,0.0429718,-0.009823523,0.0,0.0,-0.5057688,0
639556496,-0.014226885,0.040845346,-0.010567116,0.0,0.0,-0.5044529,0
639561497,-0.013304077,0.039112765,-0.01167004,0.0,0.0,-0.5044529,0
639566452,-0.0121568525,0.008773437,-0.011868187,0.0,0.0,-0.5044527,0
639571497,-0.010526395,0.0069206543,-0.011766028,0.0,0.0,-0.5044527,0
639576461,0.0072807637,0.040131476,-0.012645742,0.0,0.0,-0.50489014,0
639581450,0.008252841,0.03875594,-0.013624367,0.0,0.0,-0.50489014,0
639586504,-0.041605234,0.0156581,-0.0139327925,0.0,0.0,-0.50361264,0
639591457,-0.040616978,0.013964466,-0.013817175,0.0,0.0,-0.50361264,0
639596443,0.01692685,0.02462831,-0.01453717,0.0,0.0,-0.5046457,0
639601502,0.018037481,0.023191575,-0.015476718,0.0,0.0,-0.5046457,0
639606468,-0.038691632,0.028241463,-0.016122686,0.0,0.0,-0.50377506,0
639611446,-0.038621433,0.027792916,-0.016377961,0.0,0.0,-0.50377506,0
639616497,-0.0322966,0.057856508,-0.017089017,0.0,0.0,-0.50331885,0
639621454,-0.031822637,0.057134192,-0.018144373,0.0,0.0,-0.50331885,0
639626452,-0.037878573,0.025204351,-0.018635865,0.0,0.0,-0.5021362,0
639631470,-0.03844243,0.024396673,-0.018483266,0.0,0.0,-0.5021362,0
639636455,0.0013249549,0.032885373,-0.01913861,0.0,0.0,-0.50270325,0
639641457,0.0015232593,0.031582385,-0.019670425,0.0,0.0,-0.50270325,0
639646495,-0.013423627,0.05563116,-0.020709885,0.0,0.0,-0.5020807,0
639651459,-0.013429914,0.0548644,-0.021018809,0.0,0.0,-0.5020807,0
639656459,0.011747083,0.040932003,-0.020969434,0.0,0.0,-0.50258285,0
639661501,0.0119620245,0.039166156,-0.021599066,0.0,0.0,-0.50258285,0
639666455,0.018625,0.05318089,-0.022204777,0.0,0.0,-0.503803,0
639671455,0.018827464,0.05242992,-0.022103632,0.0,0.0,-0.503803,0
639676496,-0.021548102,0.021562092,-0.021710308,0.0,0.0,-0.5020427,0
639681448,-0.021427339,0.020731345,-0.022086807,0.0,0.0,-0.5020427,0
639686450,-0.01440688,0.034315236,-0.022435121,0.0,0.0,-0.50225765,0
639691504,-0.013932704,0.0336233,-0.022385728,0.0,0.0,-0.50225765,0
639696456,-0.010717264,0.011386894,-0.022280948,0.0,0.0,-0.50125164,0
639701469,-0.010122049,0.010163698,-0.022860296,0.0,0.0,-0.50125164,0
639706513,0.043902922,0.03085554,-0.023417328,0.0,0.0,-0.5030398,0
639711457,0.044312254,0.030778253,-0.023503967,0.0,0.0,-0.5030398,0
639716457,0.022959618,0.04875737,-0.023935735,0.0,0.0,-0.50185287,0
639721494,0.023126438,0.047490828,-0.024223736,0.0,0.0,-0.50185287,0
639726454,0.012589788,0.061645642,-0.024702488,0.0,0.0,-0.5024305,0
639731446,0.012899171,0.06007582,-0.024367716,0.0,0.0,-0.5024305,0
639736500,0.019352255,0.021455461,-0.024008347,0.0,0.0,-0.5027821,0
639741461,0.019737456,0.020460194,-0.024298126,0.0,0.0,-0.5027821,0
639746445,0.01307543,0.015355539,-0.024542797,0.0,0.0,-0.5034185,0
639751495,0.013013959,0.013745993,-0.02458232,0.0,0.0,-0.5034185,0
639756455,0.011596322,0.03041808,-0.024781737,0.0,0.0,-0.5027207,0
639761450,0.011418735,0.028577888,-0.025415866,0.0,0.0,-0.5027207,0
639766497,0.018925847,0.015917903,-0.025630852,0.0,0.0,-0.5034258,0
639771462,0.018843904,0.014046381,-0.025460718,0.0,0.0,-0.5034258,0
639776447,0.030115606,0.025526734,-0.025600247,0.0,0.0,-0.5037097,0
639781469,0.030372929,0.024013322,-0.02573903,0.0,0.0,-0.5037097,0
639786456,0.011634401,0.028584022,-0.026266232,0.0,0.0,-0.5031179,0
639791453,0.011033602,0.026431184,-0.02657272,0.0,0.0,-0.5031179,0
639796495,-0.011130415,0.050348278,-0.026631173,0.0,0.0,-0.50270367,0
639801461,-0.011420662,0.049583144,-0.027490208,0.0,0.0,-0.50270367,0
639806473,-0.013691408,0.024665657,-0.027546195,0.0,0.0,-0.5018675,0
639811500,-0.014540219,0.023668708,-0.027955959,0.0,0.0,-0.5018675,0
639816456,-0.0028215589,0.013186624,-0.02786548,0.0,0.0,-0.50209147,0
639821469,-0.0034228084,0.011691497,-0.0276821,0.0,0.0,-0.50209147,0
639826496,0.026844772,0.009033099,-0.028192015,0.0,0.0,-0.5022663,0
639831449,0.02607351,0.00804913,-0.028096756,0.0,0.0,-0.5022663,0
639836452,0.014617622,0.041677073,-0.02842483,0.0,0.0,-0.50249463,0
639841495,0.013978206,0.041058913,-0.028375754,0.0,0.0,-0.50249463,0
639846449,-0.012986803,0.028625308,-0.028246632,0.0,0.0,-0.5010011,0
639851460,-0.014168639,0.027778706,-0.028663281,0.0,0.0,-0.5010011,0
639856501,-0.008484792,-0.0024075718,-0.028143391,0.0,0.0,-0.50101393,0
639861464,-0.0086320555,-0.0029258886,-0.027738221,0.0,0.0,-0.50101393,0
639866453,0.013521885,-0.022569424,-0.027624615,0.0,0.0,-0.50163853,0
639871499,0.013337541,-0.022357805,-0.027455619,0.0,0.0,-0.50163853,0
639876448,0.00428405,0.0009031916,-0.02762703,0.0,0.0,-0.5018346,0
639881446,0.004331041,0.0008601344,-0.027154882,0.0,0.0,-0.5018346,0
639886501,-0.010662004,0.0148083735,-0.026725356,0.0,0.0,-0.50127375,0
639891459,-0.011812487,0.01510961,-0.026585534,0.0,0.0,-0.50127375,0
639896442,-0.027218573,-0.008082724,-0.026232257,0.0,0.0,-0.5012426,0
639901502,-0.028058,-0.00757432,-0.02561294,0.0,0.0,-0.5012426,0
639906466,-0.017536262,0.00079531776,-0.025139596,0.0,0.0,-0.5001962,0
639911447,-0.017647149,0.0011339297,-0.024664598,0.0,0.0,-0.5001962,0
639916497,-0.041435637,0.0073068235,-0.024548918,0.0,0.0,-0.49946475,0
639921460,-0.04135405,0.007708121,-0.02390894,0.0,0.0,-0.49946475,0
639926445,-0.0019875688,0.009821544,-0.023547264,0.0,0.0,-0.5004111,0
639931470,-0.0016400126,0.009979675,-0.023093704,0.0,0.0,-0.5004111,0
639936458,0.0030807818,0.010132623,-0.022910018,0.0,0.0,-0.50027496,0
639941456,0.0036725544,0.010134555,-0.022313813,0.0,0.0,-0.50027496,0
639946471,-0.022487301,0.049476594,-0.022619583,0.0,0.0,-0.49982047,0
639951474,-0.021320852,0.048934802,-0.022591496,0.0,0.0,-0.49982047,0
639956452,-0.060276486,0.0058898125,-0.021441547,0.0,0.0,-0.4979592,0
639961495,-0.059147764,0.0056262077,-0.021065177,0.0,0.0,-0.4979592,0
639966455,-0.022339866,0.009794629,-0.02091383,0.0,0.0,-0.4977376,0
639971458,-0.020114057,0.008482544,-0.020389868,0.0,0.0,-0.4977376,0
639976495,-0.0075460044,0.018230064,-0.020385629,0.0,0.0,-0.49777037,0
639981448,-0.0057601775,0.017275287,-0.01975102,0.0,0.0,-0.49777037,0
639986459,-0.010548786,0.032798916,-0.02001539,0.0,0.0,-0.4982748,0
639991500,-0.008321565,0.031303387,-0.020169014,0.0,0.0,-0.4982748,0
639996452,0.0047423146,0.014383004,-0.019761581,0.0,0.0,-0.49873984,0
640001458,0.006001562,0.012963124,-0.01928407,0.0,0.0,-0.49873984,0
640006513,0.01451854,-0.0026503953,-0.018961746,0.0,0.0,-0.4996332,0
640011446,0.016319782,-0.0047109644,-0.019019075,0.0,0.0,-0.4996332,0
640016452,0.011328021,0.0003005018,-0.018914303,0.0,0.0,-0.4999439,0
640021498,0.013053881,-0.00042831257,-0.018435271,0.0,0.0,-0.4999439,0
640026453,0.015039053,0.008014364,-0.018423432,0.0,0.0,-0.49993342,0
640031459,0.015880123,0.0069892467,-0.018485768,0.0,0.0,-0.49993342,0
640036503,0.05129412,0.008881512,-0.018414821,0.0,0.0,-0.49981278,0
640041456,0.052066106,0.008217977,-0.017986806,0.0,0.0,-0.49981278,0
640046455,0.03788031,0.0030009057,-0.01801253,0.0,0.0,-0.49973646,0
640051499,0.037805848,0.002995865,-0.017987685,0.0,0.0,-0.49973646,0
640056459,0.051976558,-0.0061196224,-0.017715186,0.0,0.0,-0.5022135,0
640061445,0.051879343,-0.0061751315,-0.017450929,0.0,0.0,-0.5022135,0
640066496,0.036719367,-0.01531088,-0.01704747,0.0,0.0,-0.5023795,0
640071456,0.035720754,-0.015669577,-0.01678453,0.0,0.0,-0.5023795,0
640076442,0.033272073,0.015959105,-0.017257292,0.0,0.0,-0.4939573,0
640081496,0.03287837,0.015880585,-0.01701232,0.0,0.0,-0.4939573,0
640086460,0.01294621,0.023557352,-0.016935682,0.0,0.0,-0.49400058,0
640091462,0.012330888,0.023269666,-0.016410174,0.0,0.0,-0.49400058,0
640096494,-0.002233447,0.022058,-0.01617801,0.0,0.0,-0.48509854,0
640101462,-0.0021639548,0.021968039,-0.016286947,0.0,0.0,-0.48509854,0
640106466,0.024452716,-0.011835916,-0.015670884,0.0,0.0,-0.4860243,0
640111497,0.024110489,-0.011760922,-0.0152256265,0.0,0.0,-0.4860243,0
640116452,0.046267614,0.01341117,-0.015901512,0.0,0.0,-0.47608033,0
640121456,0.046401598,0.013230558,-0.015906634,0.0,0.0,-0.47608033,0
640126498,0.053664707,0.038061827,-0.016148597,0.0,0.0,-0.47614783,0
640131461,0.053625353,0.038006432,-0.015939042,0.0,0.0,-0.47614783,0
640136455,-0.0019995102,0.035402365,-0.015947506,0.0,0.0,-0.4670784,0
640141495,-0.0022888342,0.03470759,-0.016239386,0.0,0.0,-0.4670784,0
640146447,0.021655278,0.022538185,-0.015927134,0.0,0.0,-0.46886125,0
640151455,0.021241672,0.021646649,-0.01581689,0.0,0.0,-0.46886125,0
640156496,0.030998483,0.03148321,-0.015966728,0.0,0.0,-0.47606438,0
640161458,0.030782528,0.030135196,-0.016247125,0.0,0.0,-0.47606438,0
640166461,0.0035570643,0.034963537,-0.016232664,0.0,0.0,-0.47848174,0
640171499,0.0029682461,0.034295313,-0.015861135,0.0,0.0,-0.47848174,0
640176448,0.014213399,-0.0022105067,-0.015321131,0.0,0.0,-0.4865846,0
640181454,0.014714422,-0.0032491677,-0.015460015,0.0,0.0,-0.4865846,0
640186493,0.020182183,0.020772992,-0.015917601,0.0,0.0,-0.4878714,0
640191458,0.019425146,0.01973856,-0.015310946,0.0,0.0,-0.4878714,0
640196446,0.012492721,-0.025940374,-0.014313624,0.0,0.0,-0.49597666,0
640201503,0.012285164,-0.026933562,-0.014681176,0.0,0.0,-0.49597666,0
640206471,0.020452105,-0.014701888,-0.014904246,0.0,0.0,-0.49659052,0
640211446,0.019507466,-0.015869223,-0.014031122,0.0,0.0,-0.49659052,0
640216502,-0.009514929,-0.027524851,-0.013701634,0.0,0.0,-0.5046306,0
640221456,-0.008688564,-0.02792911,-0.013601194,0.0,0.0,-0.5046306,0
640226442,0.013029706,-0.04181383,-0.013492556,0.0,0.0,-0.5048637,0
640231496,0.0139620425,-0.042443622,-0.012703903,0.0,0.0,-0.5048637,0
640236459,0.020878363,0.0024754712,-0.012630265,0.0,0.0,-0.51386213,0
640241464,0.021351403,0.002529022,-0.012874507,0.0,0.0,-0.51386213,0
640246494,0.03009979,0.012060579,-0.01300412,0.0,0.0,-0.5148613,0
640251458,0.03105022,0.012194131,-0.0125182085,0.0,0.0,-0.5148613,0
640256452,0.0076560215,0.00478988,-0.01178313,0.0,0.0,-0.52460706,0
640261471,0.008842151,0.005037602,-0.011555511,0.0,0.0,-0.52460706,0
640266455,-0.009021629,-0.011280201,-0.010640411,0.0,0.0,-0.5223049,0
640271457,-0.0075301672,-0.010630637,-0.009513303,0.0,0.0,-0.5223049,0
640276497,0.018539432,-0.037517086,-0.008623533,0.0,0.0,-0.5311845,0
640281460,0.020382544,-0.03659774,-0.008149277,0.0,0.0,-0.5311845,0
640286455,0.032327708,-0.017450724,-0.007561595,0.0,0.0,-0.53083825,0
640291496,0.035157755,-0.015403852,-0.006976354,0.0,0.0,-0.53083825,0
640296454,0.04558192,-0.009972621,-0.0068490445,0.0,0.0,-0.5397398,0
640301456,0.04723211,-0.009350525,-0.0067309467,0.0,0.0,-0.5397398,0
640306510,0.07443755,-0.010338535,-0.0057978174,0.0,0.0,-0.5398549,0
640311448,0.07688759,-0.008864675,-0.0048169703,0.0,0.0,-0.5398549,0
640316459,0.03489532,0.014344329,-0.0046337545,0.0,0.0,-0.54826146,0
640321506,0.036255542,0.014967518,-0.004392929,0.0,0.0,-0.54826146,0
640326444,0.032586467,0.024002451,-0.0035379436,0.0,0.0,-0.5476273,0
640331452,0.033937246,0.025237503,-0.0027235982,0.0,0.0,-0.5476273,0
640336495,0.06103861,0.034510385,-0.0023303723,0.0,0.0,-0.5571328,0
640341459,0.061977673,0.035721984,-0.00225,0.0,0.0,-0.5571328,0
640346446,0.03425878,0.024361875,-0.001892369,0.0,0.0,-0.5546046,0
640351495,0.03497189,0.025006171,-0.0010013757,0.0,0.0,-0.5546046,0
640356460,0.0766432,0.023808934,-0.00026531742,0.0,0.0,-0.5654274,0
640361446,0.07718715,0.02452408,0.00025334844,0.0,0.0,-0.5654274,0
640366494,0.051645897,-0.020802649,0.00092466234,0.0,0.0,-0.5628571,0
640371459,0.050732307,-0.021035235,0.0013760917,0.0,0.0,-0.5628571,0
640376444,0.097045444,0.046589553,0.00072757684,0.0,0.0,-0.57385325,0
640381495,0.09677619,0.046318095,0.0010806989,0.0,0.0,-0.57385325,0
640386461,0.07963097,0.07015477,0.0009130503,0.0,0.0,-0.57021177,0
640391444,0.07772021,0.06957968,0.0010999969,0.0,0.0,-0.57021177,0
640396472,0.09121049,0.029955706,0.0023251425,0.0,0.0,-0.58162826,0
640401462,0.0890623,0.029468643,0.0024833789,0.0,0.0,-0.58162826,0
640406466,0.10852646,0.042298764,0.0017909319,0.0,0.0,-0.5784342,0
640411470,0.10698263,0.04208657,0.0025082214,0.0,0.0,-0.5784342,0
640416461,0.057338856,0.017863525,0.0035981603,0.0,0.0,-0.58251774,0
640421453,0.05524092,0.017152341,0.0031035482,0.0,0.0,-0.58251774,0
640426505,0.07311294,0.018358639,0.0022935458,0.0,0.0,-0.5776595,0
640431452,0.07111275,0.017394174,0.0017940212,0.0,0.0,-0.5776595,0
640436452,0.018324278,-0.0055542607,0.0026209715,0.0,0.0,-0.5790045,0
640441496,0.015380226,-0.006106651,0.0025776173,0.0,0.0,-0.5790045,0
640446447,0.08051586,0.020456254,0.0015500701,0.0,0.0,-0.5752464,0
640451459,0.07826045,0.020067459,0.0013776968,0.0,0.0,-0.5752464,0
640456499,0.049801268,-0.0018554146,0.001793789,0.0,0.0,-0.57326883,0
640461457,0.04812682,-0.0019292597,0.0016421066,0.0,0.0,-0.57326883,0
640466452,0.01677865,-0.037355714,0.0013149305,0.0,0.0,-0.5695012,0
640471495,0.014570075,-0.037264176,0.0009957928,0.0,0.0,-0.5695012,0
640476447,0.063451365,-0.037617765,0.0012325171,0.0,0.0,-0.5659951,0
640481455,0.06250041,-0.03660869,0.001381319,0.0,0.0,-0.5659951,0
640486496,0.0097463,-0.018390294,0.00072323746,0.0,0.0,-0.56133825,0
640491455,0.008200374,-0.017310971,-0.0008375005,0.0,0.0,-0.56133825,0
640496444,0.07160696,-0.016309025,-0.0015733335,0.0,0.0,-0.56113964,0
640501500,0.07015749,-0.015604855,-0.0010665316,0.0,0.0,-0.56113964,0
640506469,0.053924315,0.003919807,-0.0012650674,0.0,0.0,-0.5573275,0
640511448,0.054582182,0.0049261055,-0.0024612027,0.0,0.0,-0.5573275,0
640516499,0.00531335,-0.010791849,-0.0037152413,0.0,0.0,-0.557101,0
640521456,0.0038533928,-0.009417653,-0.0044871913,0.0,0.0,-0.557101,0
640526444,0.0658922,0.024242682,-0.0048494022,0.0,0.0,-0.5540047,0
640531502,0.06633359,0.024521608,-0.0053363927,0.0,0.0,-0.5540047,0
640536454,0.07957379,0.0410353,-0.0068315654,0.0,0.0,-0.55816597,0
640541446,0.080545574,0.042080462,-0.007542094,0.0,0.0,-0.55816597,0
640546505,0.009409515,-0.016936563,-0.0070038107,0.0,0.0,-0.554598,0
640551454,0.008156438,-0.01607802,-0.0073711216,0.0,0.0,-0.554598,0
640556512,0.050499626,0.01889822,-0.008637005,0.0,0.0,-0.5572371,0
640561471,0.05045001,0.018534774,-0.009649142,0.0,0.0,-0.5572371,0
640566493,0.04250799,0.0064429785,-0.009650257,0.0,0.0,-0.5552659,0
640571454,0.041615322,0.0075269323,-0.010291894,0.0,0.0,-0.5552659,0
640576498,0.0840884,0.021120902,-0.011429113,0.0,0.0,-0.5537037,0
640581460,0.08375884,0.021208974,-0.012105454,0.0,0.0,-0.5537037,0
640586451,0.030549582,0.029603977,-0.013038687,0.0,0.0,-0.5517175,0
640591497,0.030518565,0.028541267,-0.013150627,0.0,0.0,-0.5517175,0
640596459,0.032971688,0.06791124,-0.014620902,0.0,0.0,-0.5490173,0
640601456,0.03186226,0.06757058,-0.015365653,0.0,0.0,-0.5490173,0
640606509,0.058762003,0.033123218,-0.014993783,0.0,0.0,-0.54682785,0
640611454,0.05801337,0.031743802,-0.015672509,0.0,0.0,-0.54682785,0
640616459,0.050453197,0.07278201,-0.017037293,0.0,0.0,-0.5421611,0
640621502,0.04875119,0.070119485,-0.017650565,0.0,0.0,-0.5421611,0
640626450,0.07290994,0.0039847586,-0.016394652,0.0,0.0,-0.5398642,0
640631454,0.07167961,0.0025605864,-0.01642576,0.0,0.0,-0.5398642,0
640636503,0.041073177,0.031598885,-0.018082712,0.0,0.0,-0.5333788,0
640641446,0.039013132,0.029423086,-0.019078461,0.0,0.0,-0.5333788,0
640646454,0.038929123,0.046273008,-0.019460233,0.0,0.0,-0.5318425,0
640651496,0.037418887,0.04485266,-0.019531487,0.0,0.0,-0.5318425,0
640656458,0.07947154,0.010611315,-0.019355452,0.0,0.0,-0.5247907,0
640661446,0.07733406,0.009554497,-0.02030522,0.0,0.0,-0.5247907,0
640666497,0.019026218,-0.009964966,-0.020483507,0.0,0.0,-0.5240454,0
640671455,0.0165871,-0.01042814,-0.020623975,0.0,0.0,-0.5240454,0
640676453,0.047469623,0.029566018,-0.021659022,0.0,0.0,-0.51671094,0
640681503,0.046806466,0.02978593,-0.021775018,0.0,0.0,-0.51671094,0
640686511,-0.0029885867,0.002105834,-0.02173261,0.0,0.0,-0.51514703,0
640691444,-0.0049718414,0.0026834602,-0.022214718,0.0,0.0,-0.51514703,0
640696499,0.032715827,-0.0068718083,-0.021853177,0.0,0.0,-0.508275,0
640701455,0.03257449,-0.0064529697,-0.022307642,0.0,0.0,-0.508275,0
640706468,0.039579887,0.0012076474,-0.022715386,0.0,0.0,-0.5072126,0
640711474,0.038545873,0.001963098,-0.022975588,0.0,0.0,-0.5072126,0
640716454,0.027145611,0.0015997014,-0.023648443,0.0,0.0,-0.500416,0
640721464,0.027507514,0.0021790056,-0.023572804,0.0,0.0,-0.500416,0
640726494,0.0027898168,0.044508196,-0.024748547,0.0,0.0,-0.5001403,0
640731455,0.0027262105,0.04502165,-0.024875516,0.0,0.0,-0.5001403,0
640736453,0.016615432,0.0015218509,-0.02444914,0.0,0.0,-0.49279603,0
640741503,0.016588166,0.0015583393,-0.024490513,0.0,0.0,-0.49279603,0
640746456,0.011988175,0.039668176,-0.025499104,0.0,0.0,-0.49329832,0
640751456,0.012047802,0.039671004,-0.025993176,0.0,0.0,-0.49329832,0
640756502,0.0016342091,0.021905387,-0.025763154,0.0,0.0,-0.48503256,0
640761446,0.00043050825,0.0212467,-0.025740488,0.0,0.0,-0.48503256,0
640766455,0.0038146887,0.014055297,-0.025998827,0.0,0.0,-0.48670924,0
640771498,0.0035323512,0.013126174,-0.02607647,0.0,0.0,-0.48670924,0
640776443,-0.011534566,-0.0043027382,-0.025975088,0.0,0.0,-0.49349678,0
640781459,-0.011375493,-0.0054618088,-0.026044851,0.0,0.0,-0.49349678,0
640786500,-0.008921875,-0.008636168,-0.026062971,0.0,0.0,-0.49513268,0
640791446,-0.008687418,-0.009666039,-0.026377171,0.0,0.0,-0.49513268,0
640796457,0.017268438,0.009697017,-0.0267899,0.0,0.0,-0.49895045,0
640801500,0.017460655,0.0087765455,-0.027116535,0.0,0.0,-0.49895045,0
640806465,-0.018449128,0.009559149,-0.027359743,0.0,0.0,-0.5003795,0
640811448,-0.01749176,0.00904967,-0.02749627,0.0,0.0,-0.5003795,0
640816522,-0.0013229764,-0.010852365,-0.027332058,0.0,0.0,-0.5014881,0
640821454,-4.5308e-06,-0.011225058,-0.027212234,0.0,0.0,-0.5014881,0
640826447,-0.0032754056,-0.016011823,-0.027294088,0.0,0.0,-0.50328994,0
640831500,-0.0018321886,-0.016361434,-0.02739387,0.0,0.0,-0.50328994,0
640836454,0.011186785,0.001418989,-0.027758354,0.0,0.0,-0.50445694,0
640841447,0.012299766,0.00096297456,-0.027900655,0.0,0.0,-0.50445694,0
640846504,0.0012970848,-0.00792479,-0.027537161,0.0,0.0,-0.50575227,0
640851453,0.0023154565,-0.007820028,-0.02780008,0.0,0.0,-0.50575227,0
640856448,0.0362344,-0.0221399,-0.027609361,0.0,0.0,-0.5070029,0
640861505,0.037559446,-0.02237833,-0.027566107,0.0,0.0,-0.5070029,0
640866459,0.039874695,-0.02814818,-0.027589573,0.0,0.0,-0.50837743,0
640871462,0.04082893,-0.027628625,-0.027323619,0.0,0.0,-0.50837743,0
640876475,0.05506795,-0.015500257,-0.02768009,0.0,0.0,-0.50927573,0
640881454,0.05601512,-0.015068388,-0.027750514,0.0,0.0,-0.50927573,0
640886455,0.03110586,-0.013752397,-0.02760281,0.0,0.0,-0.5100376,0
640891498,0.030874573,-0.013235546,-0.027719514,0.0,0.0,-0.5100376,0
640896452,0.039754465,-0.0019024266,-0.02788912,0.0,0.0,-0.51048946,0
640901457,0.039399445,-0.0009060998,-0.027969869,0.0,0.0,-0.51048946,0
640906513,0.026779326,-0.0264618,-0.02735877,0.0,0.0,-0.5115359,0
640911446,0.02580194,-0.025930727,-0.027184494,0.0,0.0,-0.5115359,0
640916454,0.030071765,-0.030499818,-0.027143752,0.0,0.0,-0.50420964,0
640921497,0.029661577,-0.029697424,-0.02715024,0.0,0.0,-0.50420964,0
640926443,0.026717192,-0.03399862,-0.026737116,0.0,0.0,-0.505019,0
640931459,0.025504267,-0.03345826,-0.026767777,0.0,0.0,-0.505019,0
640936502,0.028291214,-0.02304465,-0.026690565,0.0,0.0,-0.5091601,0
640941446,0.028070565,-0.021789232,-0.026839964,0.0,0.0,-0.5091601,0
640946463,0.056781963,-0.025547529,-0.026561167,0.0,0.0,-0.5094395,0
640951505,0.055536482,-0.024738591,-0.026331589,0.0,0.0,-0.5094395,0
640956440,0.06543249,-0.018597875,-0.026757188,0.0,0.0,-0.5021217,0
640961447,0.06539488,-0.017688613,-0.026687909,0.0,0.0,-0.5021217,0
640966501,0.06574751,-0.007258529,-0.02662228,0.0,0.0,-0.5029129,0
640971453,0.0645609,-0.0061464235,-0.02666899,0.0,0.0,-0.5029129,0
640976449,0.032585535,0.007701046,-0.026859244,0.0,0.0,-0.49439105,0
640981496,0.032107156,0.008518313,-0.026917605,0.0,0.0,-0.49439105,0
640986450,0.024924852,-0.0013416382,-0.026376026,0.0,0.0,-0.49472746,0
640991446,0.023869012,-0.00023947461,-0.026109021,0.0,0.0,-0.49472746,0
640996499,0.030490234,-0.015881786,-0.026206497,0.0,0.0,-0.4858806,0
641001455,0.029611634,-0.01555023,-0.025658576,0.0,0.0,-0.4858806,0
641006462,0.057376176,-0.026915178,-0.02534314,0.0,0.0,-0.48718214,0
641011508,0.05636495,-0.026317434,-0.025238806,0.0,0.0,-0.48718214,0
641016451,0.036163945,-0.02233596,-0.02520975,0.0,0.0,-0.47751567,0
641021455,0.034830205,-0.022171188,-0.025399098,0.0,0.0,-0.47751567,0
641026471,0.033392426,0.003835562,-0.025508009,0.0,0.0,-0.47929484,0
641031455,0.031978115,0.0042085233,-0.0255105,0.0,0.0,-0.47929484,0
641036455,0.012487797,-0.015783492,-0.024840035,0.0,0.0,-0.46937865,0
641041505,0.010822889,-0.015508172,-0.02470692,0.0,0.0,-0.46937865,0
641046452,0.054038655,-0.009171657,-0.024519254,0.0,0.0,-0.4717946,0
641051455,0.05305567,-0.009112399,-0.024461731,0.0,0.0,-0.4717946,0
641056503,-0.0142041305,0.004397577,-0.024636304,0.0,0.0,-0.4612917,0
641061452,-0.0155682815,0.00510916,-0.024388064,0.0,0.0,-0.4612917,0
641066458,0.03344853,-0.020907486,-0.023220703,0.0,0.0,-0.46364367,0
641071501,0.032615785,-0.020853436,-0.023311976,0.0,0.0,-0.46364367,0
641076451,0.023169065,-0.001937117,-0.023623731,0.0,0.0,-0.4530606,0
641081455,0.022183515,-0.0015262469,-0.022834916,0.0,0.0,-0.4530606,0
641086497,0.015639683,-0.02265494,-0.02207299,0.0,0.0,-0.4559178,0
641091445,0.015226214,-0.022442222,-0.022071617,0.0,0.0,-0.4559178,0
641096461,0.02716231,-0.0014288767,-0.022358324,0.0,0.0,-0.4458209,0
641101506,0.026088381,-0.00056541234,-0.021650463,0.0,0.0,-0.4458209,0
641106461,0.019015353,-0.031397965,-0.020623004,0.0,0.0,-0.449323,0
641111455,0.01852699,-0.030734746,-0.020540057,0.0,0.0,-0.449323,0
641116497,0.010316258,-0.006934529,-0.020454766,0.0,0.0,-0.43797663,0
641121456,0.009179019,-0.0058820043,-0.019956337,0.0,0.0,-0.43797663,0
641126447,0.010601885,0.011136665,-0.020206502,0.0,0.0,-0.44117245,0
641131504,0.009978627,0.013224814,-0.019728202,0.0,0.0,-0.44117245,0
641136450,0.0063632433,-0.014068024,-0.018498505,0.0,0.0,-0.42954952,0
641141448,0.0061730607,-0.0125725195,-0.018118396,0.0,0.0,-0.42954952,0
641146496,0.0029665816,0.039241847,-0.018916415,0.0,0.0,-0.43380752,0
641151454,0.0018965489,0.041263446,-0.018416423,0.0,0.0,-0.43380752,0
641156446,0.002877086,0.018742118,-0.017350057,0.0,0.0,-0.42256898,0
641161522,0.0033643923,0.020731151,-0.017062988,0.0,0.0,-0.42256898,0
641166446,0.0045886002,0.023799438,-0.016641438,0.0,0.0,-0.42662415,0
641171454,0.00404861,0.025042247,-0.01633423,0.0,0.0,-0.42662415,0
641176494,0.0032541144,0.017578958,-0.015522902,0.0,0.0,-0.41483137,0
641181454,0.0028549277,0.019491274,-0.015405746,0.0,0.0,-0.41483137,0
641186460,-0.0020145616,0.012472394,-0.014978921,0.0,0.0,-0.41925618,0
641191473,-0.0019800214,0.013404731,-0.0142498035,0.0,0.0,-0.41925618,0
641196460,0.010467527,0.044459015,-0.014718762,0.0,0.0,-0.41261578,0
641201459,0.010260323,0.044946857,-0.014794535,0.0,0.0,-0.41261578,0
641206530,0.0012981353,0.011989144,-0.013397974,0.0,0.0,-0.4171798,0
641211455,0.00054610084,0.012916945,-0.01300624,0.0,0.0,-0.4171798,0
641216454,0.0016101245,0.0220184,-0.013243409,0.0,0.0,-0.42208308,0
641221497,0.0011860263,0.021878013,-0.01274913,0.0,0.0,-0.42208308,0
641226440,0.024560269,0.048937313,-0.013078839,0.0,0.0,-0.42747155,0
641231454,0.023398219,0.04813163,-0.012997871,0.0,0.0,-0.42747155,0
641236497,-0.014685687,0.030193621,-0.012095092,0.0,0.0,-0.43271354,0
641241446,-0.016380012,0.029684886,-0.011590387,0.0,0.0,-0.43271354,0
641246462,-0.00031116593,0.03456201,-0.012186687,0.0,0.0,-0.43818447,0
641251506,-0.0012573064,0.033386942,-0.0118064685,0.0,0.0,-0.43818447,0
641256445,0.0018926485,0.05797303,-0.0122329425,0.0,0.0,-0.44423985,0
641261455,0.0007977369,0.05600729,-0.012518586,0.0,0.0,-0.44423985,0
641266501,-0.01302428,0.04036411,-0.011792287,0.0,0.0,-0.44836408,0
641271457,-0.014221035,0.038229063,-0.011474518,0.0,0.0,-0.44836408,0
641276447,-0.0015521478,0.027526667,-0.011471838,0.0,0.0,-0.45546764,0
641281502,-0.0019722458,0.0255942,-0.011204582,0.0,0.0,-0.45546764,0
641286450,0.0006803434,0.029184075,-0.011085639,0.0,0.0,-0.46113533,0
641291448,4.2938198e-05,0.026244905,-0.011341604,0.0,0.0,-0.46113533,0
641296500,-0.0129692815,-0.015959742,-0.010182772,0.0,0.0,-0.46540657,0
641301455,-0.014077562,-0.017950684,-0.009896203,0.0,0.0,-0.46540657,0
641306463,-0.014224141,-0.028054547,-0.009988001,0.0,0.0,-0.46924153,0
641311496,-0.014079985,-0.029401371,-0.009705314,0.0,0.0,-0.46924153,0
641316456,-0.012027369,-0.011207873,-0.009887623,0.0,0.0,-0.47729895,0
641321455,-0.012675376,-0.012665152,-0.010195375,0.0,0.0,-0.47729895,0
641326471,-0.019502195,-0.010714043,-0.01003452,0.0,0.0,-0.48026678,0
641331459,-0.02007558,-0.010707261,-0.009848476,0.0,0.0,-0.48026678,0
641336470,-0.026462475,-0.046940934,-0.0094114775,0.0,0.0,-0.487179,0
641341496,-0.02594216,-0.047534578,-0.009287914,0.0,0.0,-0.487179,0
641346449,-0.020006439,-0.022382393,-0.009790245,0.0,0.0,-0.490756,0
641351455,-0.020298129,-0.02194821,-0.01024294,0.0,0.0,-0.490756,0
641356493,-0.00042158202,-0.03164583,-0.009979747,0.0,0.0,-0.49736175,0
641361455,-0.0006367038,-0.031100547,-0.009823399,0.0,0.0,-0.49736175,0
641366461,-0.02546016,-0.05465782,-0.009261715,0.0,0.0,-0.49987927,0
641371507,-0.024768123,-0.0543996,-0.009652011,0.0,0.0,-0.49987927,0
641376442,-0.017950973,-0.025024662,-0.010494604,0.0,0.0,-0.50769085,0
641381460,-0.01845084,-0.02333867,-0.010484466,0.0,0.0,-0.50769085,0
641386493,-0.03733869,-0.047300585,-0.010208658,0.0,0.0,-0.5087983,0
641391446,-0.036432043,-0.0460434,-0.010518267,0.0,0.0,-0.5087983,0
641396459,0.0076887663,-0.045645487,-0.010256973,0.0,0.0,-0.5166381,0
641401496,0.007955669,-0.043978225,-0.0102700535,0.0,0.0,-0.5166381,0
641406460,-0.017463863,-0.0012805387,-0.011605062,0.0,0.0,-0.51794213,0
641411463,-0.017191418,0.0004868245,-0.011986063,0.0,0.0,-0.51794213,0
641416499,-0.011324154,-0.048096184,-0.010806636,0.0,0.0,-0.5260076,0
641421447,-0.011740325,-0.04656962,-0.010465756,0.0,0.0,-0.5260076,0
641426449,0.0063452567,-0.041788176,-0.011150755,0.0,0.0,-0.52709544,0
641431495,0.0066985204,-0.040030133,-0.011468415,0.0,0.0,-0.52709544,0
641436452,0.0035329638,-0.0062577743,-0.012331977,0.0,0.0,-0.5364299,0
641441449,0.0026411992,-0.00519778,-0.0126712425,0.0,0.0,-0.5364299,0
641446498,-0.03801903,0.0022012189,-0.013122478,0.0,0.0,-0.5372344,0
641451455,-0.03876932,0.004106894,-0.013534873,0.0,0.0,-0.5372344,0
641456453,0.008130071,-0.02270276,-0.013079513,0.0,0.0,-0.54517204,0
641461500,0.0065002954,-0.021660725,-0.013150977,0.0,0.0,-0.54517204,0
641466457,-0.03628481,0.004798053,-0.014048407,0.0,0.0,-0.54590493,0
641471453,-0.03702895,0.005939625,-0.0142574,0.0,0.0,-0.54590493,0
641476472,-0.01546176,-0.035853945,-0.013588835,0.0,0.0,-0.54619724,0
641481451,-0.017173849,-0.03496301,-0.013918926,0.0,0.0,-0.54619724,0
641486461,-0.05491392,-0.005178512,-0.014960413,0.0,0.0,-0.5461757,0
641491474,-0.055901926,-0.0048910305,-0.015394194,0.0,0.0,-0.5461757,0
641496453,0.0039291345,-0.025272876,-0.014908309,0.0,0.0,-0.54659986,0
641501465,0.0030156416,-0.024077995,-0.015026505,0.0,0.0,-0.54659986,0
641506505,-0.022202926,-0.055126432,-0.014648766,0.0,0.0,-0.5453333,0
641511455,-0.022273036,-0.054791424,-0.0150936805,0.0,0.0,-0.5453333,0
641516458,-0.011242301,-0.0077558355,-0.016732607,0.0,0.0,-0.54541105,0
641521499,-0.010797281,-0.0069037247,-0.016591825,0.0,0.0,-0.54541105,0
641526448,-0.015660627,-0.03270628,-0.015998075,0.0,0.0,-0.5440605,0
641531457,-0.015885953,-0.03148064,-0.016654046,0.0,0.0,-0.5440605,0
641536494,-0.06973834,-0.016563427,-0.017617323,0.0,0.0,-0.5431463,0
641541446,-0.07015308,-0.015354773,-0.018035939,0.0,0.0,-0.5431463,0
641546456,0.00011041218,-0.021815667,-0.017813604,0.0,0.0,-0.5424209,0
641551513,0.00036370888,-0.01996534,-0.017824268,0.0,0.0,-0.5424209,0
641556446,-0.012276069,-0.0012393236,-0.018959753,0.0,0.0,-0.5417691,0
641561471,-0.0130296815,3.721008e-05,-0.019327872,0.0,0.0,-0.5417691,0
641566496,-0.0094205635,-0.018336624,-0.018985966,0.0,0.0,-0.54154295,0
641571447,-0.008625436,-0.01658953,-0.018957827,0.0,0.0,-0.54154295,0
641576461,-0.02694524,-0.0083816685,-0.019541414,0.0,0.0,-0.54027563,0
641581501,-0.027082222,-0.0069545438,-0.020236908,0.0,0.0,-0.54027563,0
641586450,-0.051717415,-0.018385153,-0.020589646,0.0,0.0,-0.53966534,0
641591453,-0.051575452,-0.016583161,-0.020947468,0.0,0.0,-0.53966534,0
641596510,-0.024051445,0.026571818,-0.021897992,0.0,0.0,-0.5387086,0
641601455,-0.023083393,0.02754329,-0.022141892,0.0,0.0,-0.5387086,0
641606468,-0.018663079,-0.012693088,-0.021650355,0.0,0.0,-0.53860784,0
641611500,-0.017903922,-0.011655753,-0.022311464,0.0,0.0,-0.53860784,0
641616453,-0.016300056,-0.034425206,-0.022156423,0.0,0.0,-0.5381795,0
641621448,-0.014585377,-0.033397656,-0.0222471,0.0,0.0,-0.5381795,0
641626493,-0.013573975,0.026914869,-0.023951463,0.0,0.0,-0.5366303,0
641631453,-0.012444235,0.028611317,-0.024573449,0.0,0.0,-0.5366303,0
641636464,-0.009593132,-0.042803828,-0.023125445,0.0,0.0,-0.5361315,0
641641475,-0.009242908,-0.04250796,-0.023571936,0.0,0.0,-0.5361315,0
641646459,-0.024945827,-0.0162018,-0.025023853,0.0,0.0,-0.5354456,0
641651463,-0.023245642,-0.015369527,-0.025390254,0.0,0.0,-0.5354456,0
641656473,-0.04504574,0.0013475356,-0.025858032,0.0,0.0,-0.533811,0
641661454,-0.0455956,0.0024299452,-0.026232284,0.0,0.0,-0.533811,0
641666457,-0.00930888,-0.044072498,-0.025635999,0.0,0.0,-0.5341766,0
641671495,-0.008044248,-0.043434158,-0.026514573,0.0,0.0,-0.5341766,0
641676456,-0.03165342,-0.0068002986,-0.027871463,0.0,0.0,-0.53309005,0
641681467,-0.03188357,-0.005156876,-0.027812483,0.0,0.0,-0.53309005,0
641686499,0.013560034,-0.015995463,-0.028010665,0.0,0.0,-0.532458,0
641691445,0.014292159,-0.014983324,-0.028688934,0.0,0.0,-0.532458,0
641696463,-0.020489145,-0.036572013,-0.029151224,0.0,0.0,-0.53167254,0
641701499,-0.019483635,-0.034552123,-0.029576607,0.0,0.0,-0.53167254,0
641706501,-0.0040714955,-0.019615918,-0.030044548,0.0,0.0,-0.52962935,0
641711457,-0.0042713806,-0.018483626,-0.030439809,0.0,0.0,-0.52962935,0
641716474,-0.022465793,-0.046706818,-0.03043684,0.0,0.0,-0.52972037,0
641721449,-0.021595214,-0.04545821,-0.031149972,0.0,0.0,-0.52972037,0
641726473,-0.0017934267,-0.022721667,-0.03192307,0.0,0.0,-0.52902186,0
641731498,-0.002015282,-0.021281937,-0.03194947,0.0,0.0,-0.52902186,0
641736455,0.008411128,-0.022508806,-0.032562055,0.0,0.0,-0.5286449,0
641741447,0.008708011,-0.021919634,-0.033171806,0.0,0.0,-0.5286449,0
641746496,-0.033672966,-0.014734118,-0.033807907,0.0,0.0,-0.5275327,0
641751458,-0.033295702,-0.013611173,-0.034062486,0.0,0.0,-0.5275327,0
641756452,0.011703736,-0.035334166,-0.034004323,0.0,0.0,-0.52747166,0
641761495,0.012084655,-0.034351032,-0.034577604,0.0,0.0,-0.52747166,0
641766455,-0.046459906,0.009127188,-0.0359079,0.0,0.0,-0.5266135,0
641771460,-0.046345703,0.009498564,-0.03602004,0.0,0.0,-0.5266135,0
641776499,0.018184261,-0.023990279,-0.03538044,0.0,0.0,-0.52678454,0
641781454,0.01864419,-0.022892568,-0.035853792,0.0,0.0,-0.52678454,0
641786455,-0.026236326,-0.011995052,-0.036687553,0.0,0.0,-0.52576137,0
641791475,-0.026157709,-0.011912362,-0.036819015,0.0,0.0,-0.52576137,0
641796452,0.0068994127,0.026668975,-0.03804,0.0,0.0,-0.52640086,0
641801460,0.007585327,0.02758671,-0.038417514,0.0,0.0,-0.52640086,0
641806499,-0.04331422,-0.022807656,-0.03742405,0.0,0.0,-0.5253616,0
641811463,-0.04362616,-0.02295801,-0.03746814,0.0,0.0,-0.5253616,0
641816452,0.0014382543,0.00027410896,-0.03845348,0.0,0.0,-0.52635896,0
641821495,0.002228619,0.00046526932,-0.038531575,0.0,0.0,-0.52635896,0
641826457,-0.021425586,0.00896409,-0.038937517,0.0,0.0,-0.52461547,0
641831460,-0.02078585,0.009139428,-0.039015513,0.0,0.0,-0.52461547,0
641836498,-0.0113208,0.0021683828,-0.03927273,0.0,0.0,-0.5252542,0
641841449,-0.011118569,0.0021736007,-0.039900407,0.0,0.0,-0.5252542,0
641846457,0.010071799,0.005843778,-0.039924644,0.0,0.0,-0.52488554,0
641851494,0.010860108,0.0062305843,-0.0399613,0.0,0.0,-0.52488554,0
641856461,-0.022190835,0.005046675,-0.040629055,0.0,0.0,-0.52416474,0
641861454,-0.022421986,0.00523,-0.040808138,0.0,0.0,-0.52416474,0
641866495,0.04101051,0.029096067,-0.04138391,0.0,0.0,-0.52528465,0
641871447,0.041165292,0.029505672,-0.041381005,0.0,0.0,-0.52528465,0
641876451,-0.050884057,0.014474206,-0.04114887,0.0,0.0,-0.52340126,0
641881497,-0.052169587,0.014705278,-0.041743215,0.0,0.0,-0.52340126,0
641886452,0.03218993,0.0088010505,-0.04170433,0.0,0.0,-0.52559173,0
641891452,0.031632505,0.009151276,-0.041687407,0.0,0.0,-0.52559173,0
641896509,-0.028983334,0.042781778,-0.042712092,0.0,0.0,-0.523773,0
641901457,-0.030316295,0.043768834,-0.043220174,0.0,0.0,-0.523773,0
641906460,0.00071634847,-0.013032767,-0.04202086,0.0,0.0,-0.52387124,0
641911500,-0.0005388997,-0.013349806,-0.04185848,0.0,0.0,-0.52387124,0
641916454,-0.019574827,0.007864609,-0.042536136,0.0,0.0,-0.5239808,0
641921448,-0.020202825,0.008558803,-0.04305604,0.0,0.0,-0.5239808,0
641926496,-0.029717457,-0.033016376,-0.04230976,0.0,0.0,-0.52291095,0
641931462,-0.030868098,-0.03273954,-0.042120285,0.0,0.0,-0.52291095,0
641936443,0.01183353,0.006705948,-0.043438334,0.0,0.0,-0.5238963,0
641941474,0.011946811,0.0072787805,-0.043810345,0.0,0.0,-0.5238963,0
641946455,-0.026065392,0.02782497,-0.044476137,0.0,0.0,-0.52220803,0
641951454,-0.027208496,0.028099097,-0.04462811,0.0,0.0,-0.52220803,0
641956472,0.024167338,-0.011516397,-0.04373371,0.0,0.0,-0.5238909,0
641961470,0.024388209,-0.0118914135,-0.044131268,0.0,0.0,-0.5238909,0
641966454,-0.010961282,0.048037354,-0.045968655,0.0,0.0,-0.522812,0
641971494,-0.011040859,0.047754038,-0.046097852,0.0,0.0,-0.522812,0
641976459,-0.006116714,-0.004728623,-0.04502464,0.0,0.0,-0.5223502,0
641981453,-0.005889412,-0.006124977,-0.045151714,0.0,0.0,-0.5223502,0
641986508,-0.008567208,0.03520954,-0.0464108,0.0,0.0,-0.52299505,0
641991449,-0.008645842,0.03436221,-0.047084462,0.0,0.0,-0.52299505,0
641996458,-0.008236342,-0.008412328,-0.04607755,0.0,0.0,-0.5223384,0
642001507,-0.00859373,-0.009909809,-0.04621431,0.0,0.0,-0.5223384,0
642006460,0.025313474,0.03189686,-0.047958445,0.0,0.0,-0.5235803,0
642011455,0.025753642,0.030942747,-0.048027158,0.0,0.0,-0.5235803,0
642016495,0.027921837,0.010651858,-0.048006494,0.0,0.0,-0.5226527,0
642021450,0.027590808,0.01004961,-0.0481375,0.0,0.0,-0.5226527,0
642026453,0.015922379,0.016189989,-0.048514836,0.0,0.0,-0.5222351,0
642031495,0.01620896,0.014981262,-0.04927827,0.0,0.0,-0.5222351,0
642036453,0.0064248783,0.0053930865,-0.049517445,0.0,0.0,-0.52214086,0
642041454,0.005625804,0.0051316256,-0.04979011,0.0,0.0,-0.52214086,0
642046501,0.0042870888,0.020657912,-0.050486647,0.0,0.0,-0.52163506,0
642051457,0.004040612,0.019907992,-0.050875966,0.0,0.0,-0.52163506,0
642056444,-0.022603542,0.010905437,-0.051092714,0.0,0.0,-0.52206534,0
642061495,-0.023961615,0.010483636,-0.051454566,0.0,0.0,-0.52206534,0
642066455,-0.039117645,0.010703812,-0.05175706,0.0,0.0,-0.52128273,0
642071450,-0.03919243,0.010104586,-0.052075986,0.0,0.0,-0.52128273,0
642076498,-0.009090477,0.017596357,-0.05296406,0.0,0.0,-0.5221146,0
642081498,-0.010031025,0.017090566,-0.0534058,0.0,0.0,-0.5221146,0
642086446,-0.010192068,-0.0011365173,-0.053326022,0.0,0.0,-0.52138907,0
642091495,-0.010118211,-0.0017839181,-0.053987756,0.0,0.0,-0.52138907,0
642096459,-0.008436505,0.031998064,-0.055278488,0.0,0.0,-0.5217315,0
642101454,-0.008597334,0.031751104,-0.05575878,0.0,0.0,-0.5217315,0
642106514,-0.04914217,0.0139446175,-0.055937592,0.0,0.0,-0.5211618,0
642111460,-0.04933838,0.013505028,-0.056250174,0.0,0.0,-0.5211618,0
642116463,-0.0164266,-0.001794988,-0.05633072,0.0,0.0,-0.5220469,0
642121496,-0.015676863,-0.0018924879,-0.05677748,0.0,0.0,-0.5220469,0
642126454,-0.02116768,0.016012369,-0.05799247,0.0,0.0,-0.5214194,0
642131456,-0.02134661,0.016253358,-0.058828432,0.0,0.0,-0.5214194,0
642136495,-0.033432484,0.054802958,-0.060003895,0.0,0.0,-0.52144724,0
642141462,-0.032094724,0.05515244,-0.06063282,0.0,0.0,-0.52144724,0
642146453,-0.056213204,-0.0028855028,-0.060007464,0.0,0.0,-0.5209588,0
642151496,-0.05661636,-0.0024153471,-0.060449485,0.0,0.0,-0.5209588,0
642156448,-0.016640242,0.030225324,-0.061861,0.0,0.0,-0.5215151,0
642161458,-0.015228815,0.030350273,-0.062254813,0.0,0.0,-0.5215151,0
642166498,-0.03815887,0.03613484,-0.06287667,0.0,0.0,-0.52131724,0
642171448,-0.038539864,0.03696897,-0.064134344,0.0,0.0,-0.52131724,0
642176458,-0.039115816,0.004265293,-0.06367182,0.0,0.0,-0.5212705,0
642181501,-0.03860882,0.00426944,-0.063830875,0.0,0.0,-0.5212705,0
642186449,-0.044647798,0.052049328,-0.06560916,0.0,0.0,-0.52153414,0
642191454,-0.04381252,0.052770093,-0.06660092,0.0,0.0,-0.52153414,0
642196497,-0.018190727,0.018705374,-0.06663646,0.0,0.0,-0.5214249,0
642201462,-0.018566204,0.01915056,-0.06700063,0.0,0.0,-0.5214249,0
642206457,-0.02945389,0.048693918,-0.06809854,0.0,0.0,-0.52203614,0
642211502,-0.028186291,0.049154967,-0.06910737,0.0,0.0,-0.52203614,0
642216453,-0.0573287,0.041349947,-0.069669314,0.0,0.0,-0.5208588,0
642221447,-0.057519235,0.041533627,-0.069782965,0.0,0.0,-0.5208588,0
642226501,0.017231446,0.03414604,-0.07009732,0.0,0.0,-0.52312654,0
642231457,0.017970927,0.033356722,-0.07105771,0.0,0.0,-0.52312654,0
642236446,-0.03888332,0.06629477,-0.07273496,0.0,0.0,-0.5235136,0
642241497,-0.03886164,0.06567457,-0.07311525,0.0,0.0,-0.5235136,0
642246457,-0.020080874,0.0653736,-0.07355214,0.0,0.0,-0.52298003,0
642251454,-0.019209804,0.06412348,-0.074146196,0.0,0.0,-0.52298003,0
642256472,-0.023246082,0.031261593,-0.07436292,0.0,0.0,-0.51511884,0
642261470,-0.02322695,0.029673235,-0.07531372,0.0,0.0,-0.51511884,0
642266451,-0.005700684,0.03855495,-0.07601284,0.0,0.0,-0.5146523,0
642271470,-0.0051324903,0.037130006,-0.07624549,0.0,0.0,-0.5146523,0
642276456,-0.009134244,0.051114082,-0.07750901,0.0,0.0,-0.50509256,0
642281465,-0.00920177,0.048821703,-0.07855142,0.0,0.0,-0.50509256,0
642286497,-0.0039410256,0.012846592,-0.078465395,0.0,0.0,-0.50536907,0
642291464,-0.0043646954,0.011260875,-0.07863001,0.0,0.0,-0.50536907,0
642296455,-0.01354595,0.048874,-0.08007473,0.0,0.0,-0.4959578,0
642301495,-0.013252577,0.04682172,-0.08103707,0.0,0.0,-0.4959578,0
642306463,-0.017517745,0.018690985,-0.0811576,0.0,0.0,-0.49716744,0
642311453,-0.018156556,0.017317062,-0.081962585,0.0,0.0,-0.49716744,0
642316507,-0.00919235,0.026758753,-0.08276223,0.0,0.0,-0.5037993,0
642321446,-0.008845524,0.025311837,-0.08352246,0.0,0.0,-0.5037993,0
642326453,-0.016659696,0.046543412,-0.08464479,0.0,0.0,-0.5050277,0
642331496,-0.017712828,0.045443036,-0.08533628,0.0,0.0,-0.5050277,0
642336447,0.015639905,0.023999497,-0.0856743,0.0,0.0,-0.513251,0
642341455,0.016068002,0.023432633,-0.08637347,0.0,0.0,-0.513251,0
642346496,-0.006968472,0.016634675,-0.08676173,0.0,0.0,-0.5140229,0
642351459,-0.0073240763,0.01643581,-0.08763197,0.0,0.0,-0.5140229,0
642356447,-0.01791828,0.0347586,-0.08890178,0.0,0.0,-0.5225384,0
642361514,-0.01841268,0.0344716,-0.089569464,0.0,0.0,-0.5225384,0
642366450,-0.025314057,0.027980072,-0.09000232,0.0,0.0,-0.52310306,0
642371446,-0.025241338,0.028091135,-0.09098887,0.0,0.0,-0.52310306,0
642376499,8.19596e-05,0.0046136207,-0.091532275,0.0,0.0,-0.5332538,0
642381454,-0.0006280478,0.0042822054,-0.092125304,0.0,0.0,-0.5332538,0
642386446,-0.004088219,0.06730771,-0.09432357,0.0,0.0,-0.532994,0
642391499,-0.0034985757,0.067247696,-0.095130995,0.0,0.0,-0.532994,0
642396451,-0.021654762,0.01568037,-0.09465972,0.0,0.0,-0.5422195,0
642401447,-0.022582501,0.015823685,-0.09563844,0.0,0.0,-0.5422195,0
642406504,0.006333707,0.04687697,-0.0967084,0.0,0.0,-0.5422125,0
642411462,0.006904265,0.04656493,-0.097410634,0.0,0.0,-0.5422125,0
642416452,-0.06332511,0.03182357,-0.097671226,0.0,0.0,-0.55165696,0
642421495,-0.06370257,0.03208886,-0.09863664,0.0,0.0,-0.55165696,0
642426448,0.026690472,0.042065807,-0.09967389,0.0,0.0,-0.5515235,0
642431454,0.026521927,0.04157886,-0.09971364,0.0,0.0,-0.5515235,0
642436496,-0.030972328,0.0626984,-0.100985885,0.0,0.0,-0.56164503,0
642441454,-0.030540762,0.062692165,-0.10233744,0.0,0.0,-0.56164503,0
642446457,-0.04907512,0.036907025,-0.10208211,0.0,0.0,-0.5591461,0
642451502,-0.049535073,0.037172355,-0.10263995,0.0,0.0,-0.5591461,0
642456445,0.014098353,0.048746537,-0.10340884,0.0,0.0,-0.56882876,0
642461459,0.01502014,0.048843797,-0.104160875,0.0,0.0,-0.56882876,0
642466498,-0.04957184,0.030850224,-0.10446596,0.0,0.0,-0.56662065,0
642471447,-0.049875498,0.03120034,-0.10545274,0.0,0.0,-0.56662065,0
642476499,-0.06782173,0.04108626,-0.105980955,0.0,0.0,-0.5629028,0
642481500,-0.06688386,0.040788952,-0.10617831,0.0,0.0,-0.5629028,0
642486441,-0.040304024,0.017325792,-0.10639943,0.0,0.0,-0.5620847,0
642491455,-0.039091878,0.017302677,-0.10762571,0.0,0.0,-0.5620847,0
642496498,-0.054745812,0.053371213,-0.10908665,0.0,0.0,-0.55604136,0
642501447,-0.05442583,0.05246111,-0.10934099,0.0,0.0,-0.55604136,0
642506461,0.0025222243,0.02994195,-0.10973726,0.0,0.0,-0.55403703,0
642511499,0.003819552,0.029478954,-0.110600956,0.0,0.0,-0.55403703,0
642516455,-0.024500135,0.0601266,-0.11200562,0.0,0.0,-0.5522946,0
642521452,-0.023694191,0.059244156,-0.11212969,0.0,0.0,-0.5522946,0
642526508,-0.0017469113,0.04638063,-0.11285614,0.0,0.0,-0.55168223,0
642531451,-0.0008641697,0.046028506,-0.11399342,0.0,0.0,-0.55168223,0
642536448,-0.034059007,0.0730009,-0.11530184,0.0,0.0,-0.54422283,0
642541497,-0.034076598,0.072477646,-0.11568053,0.0,0.0,-0.54422283,0
642546453,-0.016273376,0.05843383,-0.11589996,0.0,0.0,-0.54332954,0
642551447,-0.015383911,0.058166947,-0.11693235,0.0,0.0,-0.54332954,0
642556503,-0.034851786,0.07206844,-0.11746597,0.0,0.0,-0.54100925,0
642561454,-0.034745704,0.07235088,-0.11773906,0.0,0.0,-0.54100925,0
642566456,-0.035011996,0.037041888,-0.11589799,0.0,0.0,-0.5387337,0
642571499,-0.032080278,0.03867781,-0.11446157,0.0,0.0,-0.5387337,0
642576454,-0.027194364,0.06742346,-0.1144563,0.0,0.0,-0.54175085,0
642581457,-0.023152139,0.07121444,-0.114683874,0.0,0.0,-0.54175085,0
642586499,-0.020946575,0.046695296,-0.11440309,0.0,0.0,-0.5392449,0
642591456,-0.014724214,0.05076845,-0.1146301,0.0,0.0,-0.5392449,0
642596456,-0.02434275,0.06437511,-0.11538508,0.0,0.0,-0.5415361,0
642601505,-0.017432524,0.0683905,-0.116438575,0.0,0.0,-0.5415361,0
642606466,-0.035101313,0.095403165,-0.117039464,0.0,0.0,-0.53816664,0
642611460,-0.029215626,0.09825151,-0.116645694,0.0,0.0,-0.53816664,0
642616500,0.055819467,0.1061728,-0.116847634,0.0,0.0,-0.5406117,0
642621447,0.061401576,0.10771442,-0.117155775,0.0,0.0,-0.5406117,0
642626456,0.041048944,0.11962467,-0.11712213,0.0,0.0,-0.5388502,0
642631504,0.04512702,0.1199198,-0.117207564,0.0,0.0,-0.5388502,0
642636440,0.023073375,0.08103376,-0.116649166,0.0,0.0,-0.53385764,0
642641459,0.025703544,0.07970806,-0.11741297,0.0,0.0,-0.53385764,0
642646502,0.10019201,0.10030165,-0.11941715,0.0,0.0,-0.5326522,0
642651452,0.100760974,0.09864853,-0.11978206,0.0,0.0,-0.5326522,0
642656454,0.09040526,0.079971105,-0.11938728,0.0,0.0,-0.53226495,0
642661512,0.09093905,0.07714779,-0.11966914,0.0,0.0,-0.53226495,0
642666452,0.029761873,0.09459925,-0.12037412,0.0,0.0,-0.5309406,0
642671448,0.027813759,0.09232054,-0.12082214,0.0,0.0,-0.5309406,0
642676502,0.07259163,0.09494469,-0.12120509,0.0,0.0,-0.5223819,0
642681456,0.0696186,0.09177179,-0.121426396,0.0,0.0,-0.5223819,0
642686448,0.09171747,0.112036,-0.122499615,0.0,0.0,-0.52237123,0
642691497,0.08972914,0.10859275,-0.12333997,0.0,0.0,-0.52237123,0
642696452,0.025765724,0.066493034,-0.122525916,0.0,0.0,-0.5140612,0
642701447,0.021972772,0.063654594,-0.12320088,0.0,0.0,-0.5140612,0
642706538,0.07438718,0.0821433,-0.12421531,0.0,0.0,-0.51349336,0
642711455,0.07115102,0.078735344,-0.124628276,0.0,0.0,-0.51349336,0
642716464,0.035218902,0.098422185,-0.12507696,0.0,0.0,-0.51050913,0
642721533,0.031786025,0.09540962,-0.12500831,0.0,0.0,-0.51050913,0
642726454,0.055006728,0.06989059,-0.12520298,0.0,0.0,-0.5115225,0
642731454,0.05199929,0.066618815,-0.12587546,0.0,0.0,-0.5115225,0
642736496,0.0017325842,0.07327736,-0.1263541,0.0,0.0,-0.5104742,0
642741458,-0.0007552739,0.070353955,-0.12671983,0.0,0.0,-0.5104742,0
642746455,0.018497746,0.1012364,-0.12781993,0.0,0.0,-0.51049656,0
642751503,0.015560023,0.099059395,-0.12890393,0.0,0.0,-0.51049656,0
642756451,0.0153009165,0.06865094,-0.1283504,0.0,0.0,-0.51055324,0
642761464,0.013106066,0.06581039,-0.12834029,0.0,0.0,-0.51055324,0
642766505,-0.010633937,0.089553446,-0.12943481,0.0,0.0,-0.51078784,0
642771445,-0.011816019,0.08732278,-0.12992622,0.0,0.0,-0.51078784,0
642776454,-0.0073882197,0.047056563,-0.12967347,0.0,0.0,-0.51065177,0
642781495,-0.00930975,0.04448888,-0.12951806,0.0,0.0,-0.51065177,0
642786444,-0.005188357,0.037395142,-0.12989593,0.0,0.0,-0.51158583,0
642791461,-0.0057933335,0.035000045,-0.13053316,0.0,0.0,-0.51158583,0
642796503,-0.05832961,0.050805233,-0.1310992,0.0,0.0,-0.51045215,0
642801446,-0.059910025,0.04927517,-0.13162036,0.0,0.0,-0.51045215,0
642806468,-0.029176002,0.024631774,-0.13122542,0.0,0.0,-0.5112089,0
642811503,-0.030376948,0.022761526,-0.13162427,0.0,0.0,-0.5112089,0
642816449,-0.040650103,0.08743431,-0.13305844,0.0,0.0,-0.5030834,0
642821448,-0.040654156,0.08645164,-0.13365458,0.0,0.0,-0.5030834,0
642826500,-0.030769508,0.061349716,-0.13385832,0.0,0.0,-0.5032387,0
642831454,-0.031525657,0.060278,-0.13415766,0.0,0.0,-0.5032387,0
642836448,-0.032024115,0.029148882,-0.13343705,0.0,0.0,-0.49510393,0
642841504,-0.0315703,0.027635077,-0.13397127,0.0,0.0,-0.49510393,0
642846451,-0.032223124,0.05195808,-0.13530043,0.0,0.0,-0.4960357,0
642851509,-0.032445624,0.05051897,-0.13557379,0.0,0.0,-0.4960357,0
642856505,-0.056709796,0.02953561,-0.13499269,0.0,0.0,-0.48811793,0
642861454,-0.055832893,0.027842589,-0.13521507,0.0,0.0,-0.48811793,0
642866455,-0.032409746,0.06432895,-0.13651535,0.0,0.0,-0.48963827,0
642871473,-0.03194887,0.06196385,-0.13667767,0.0,0.0,-0.48963827,0
642876450,-0.06956505,0.030448275,-0.13644321,0.0,0.0,-0.47971618,0
642881460,-0.06846774,0.029262574,-0.1368532,0.0,0.0,-0.47971618,0
642886470,-0.028765045,-0.0007884759,-0.13665724,0.0,0.0,-0.48070604,0
642891460,-0.027754879,-0.0031566112,-0.13686498,0.0,0.0,-0.48070604,0
642896455,-0.08642084,0.050513335,-0.1379399,0.0,0.0,-0.4707077,0
642901504,-0.0855848,0.049190495,-0.13858654,0.0,0.0,-0.4707077,0
642906465,-0.04635167,0.013039514,-0.13835473,0.0,0.0,-0.4717118,0
642911454,-0.045379158,0.011941828,-0.13820183,0.0,0.0,-0.4717118,0
642916496,-0.049782477,0.040465828,-0.13925116,0.0,0.0,-0.4622105,0
642921451,-0.048603185,0.039370578,-0.13997261,0.0,0.0,-0.4622105,0
642926461,-0.065500066,0.03965085,-0.13970926,0.0,0.0,-0.46380264,0
642931501,-0.064875446,0.039043117,-0.13980736,0.0,0.0,-0.46380264,0
642936445,-0.058621693,0.012706954,-0.13993748,0.0,0.0,-0.45414564,0
642941455,-0.057649698,0.01210212,-0.1400744,0.0,0.0,-0.45414564,0
642946504,-0.049641214,0.050781958,-0.14104043,0.0,0.0,-0.4568794,0
642951445,-0.048770826,0.050542034,-0.1412796,0.0,0.0,-0.4568794,0
642956460,-0.04348304,0.05300267,-0.14132307,0.0,0.0,-0.4518951,0
642961514,-0.0425512,0.052601404,-0.1416387,0.0,0.0,-0.4518951,0
642966444,-0.031013206,0.0457772,-0.14217359,0.0,0.0,-0.45500174,0
642971447,-0.03046067,0.04578783,-0.14204265,0.0,0.0,-0.45500174,0
642976495,-0.037138622,0.022402888,-0.1420178,0.0,0.0,-0.44853207,0
642981498,-0.036028877,0.022431577,-0.14241941,0.0,0.0,-0.44853207,0
642986447,-0.04893423,0.031110305,-0.14272358,0.0,0.0,-0.45138645,0
642991503,-0.04839926,0.030429062,-0.14290102,0.0,0.0,-0.45138645,0
642996456,-0.037837055,0.03548485,-0.14327265,0.0,0.0,-0.4528081,0
643001448,-0.03661992,0.03516342,-0.14347701,0.0,0.0,-0.4528081,0
643006510,-0.046138756,0.028391203,-0.1435095,0.0,0.0,-0.4553793,0
643011455,-0.045469344,0.027548563,-0.1433473,0.0,0.0,-0.4553793,0
643016447,-0.054185122,0.031394515,-0.14366122,0.0,0.0,-0.46309206,0
643021472,-0.052858535,0.030465376,-0.14373562,0.0,0.0,-0.46309206,0
643026456,-0.057385005,0.050129842,-0.14409314,0.0,0.0,-0.4658542,0
643031459,-0.056903187,0.04866346,-0.1441936,0.0,0.0,-0.4658542,0
643036493,-0.05193472,0.06115113,-0.14451191,0.0,0.0,-0.47384274,0
643041453,-0.050627213,0.05915349,-0.14476936,0.0,0.0,-0.47384274,0
643046455,-0.06538345,0.04048785,-0.14457604,0.0,0.0,-0.47663856,0
643051503,-0.06470282,0.038954224,-0.1440959,0.0,0.0,-0.47663856,0
643056448,-0.049005162,0.04747051,-0.14471725,0.0,0.0,-0.48558053,0
643061455,-0.047748566,0.045437012,-0.14491826,0.0,0.0,-0.48558053,0
643066496,-0.04317724,0.041776296,-0.14480647,0.0,0.0,-0.48766598,0
643071448,-0.04235561,0.03969423,-0.14493982,0.0,0.0,-0.48766598,0
643076459,-0.03416931,0.022444192,-0.14472428,0.0,0.0,-0.49623722,0
643081502,-0.032809794,0.019859765,-0.1448103,0.0,0.0,-0.49623722,0
643086443,-0.02945564,0.026999002,-0.14519572,0.0,0.0,-0.49889654,0
643091454,-0.028447105,0.024954334,-0.14510442,0.0,0.0,-0.49889654,0
643096498,-0.044433102,0.006604658,-0.14455779,0.0,0.0,-0.5072334,0
643101447,-0.043558784,0.0041367626,-0.14461131,0.0,0.0,-0.5072334,0
643106469,-0.01944033,0.002245453,-0.14496435,0.0,0.0,-0.509874,0
643111502,-0.019320954,0.0003685078,-0.14498138,0.0,0.0,-0.509874,0
643116448,-0.005040433,-0.0094853975,-0.14437072,0.0,0.0,-0.5181391,0
643121460,-0.0046781357,-0.010646563,-0.1443813,0.0,0.0,-0.5181391,0
643126502,-0.035506222,-0.009944774,-0.14480823,0.0,0.0,-0.51955944,0
643131453,-0.035247475,-0.011083726,-0.14457959,0.0,0.0,-0.51955944,0
643136447,-0.019513084,-0.0068553137,-0.14438412,0.0,0.0,-0.52842927,0
643141498,-0.01957503,-0.00729355,-0.1441885,0.0,0.0,-0.52842927,0
643146452,-0.03814513,-0.030729143,-0.14364415,0.0,0.0,-0.52973616,0
643151446,-0.038527273,-0.03131472,-0.14328453,0.0,0.0,-0.52973616,0
643156502,-0.01087544,0.00028591134,-0.1434536,0.0,0.0,-0.53113794,0
643161454,-0.0115500465,-0.00029063318,-0.14346112,0.0,0.0,-0.53113794,0
643166453,0.014182887,0.012115673,-0.14311564,0.0,0.0,-0.530908,0
643171499,0.013960558,0.012128529,-0.1428682,0.0,0.0,-0.530908,0
643176455,-0.02166002,-0.026113318,-0.14210756,0.0,0.0,-0.5315182,0
643181461,-0.02238868,-0.025832009,-0.14170817,0.0,0.0,-0.5315182,0
643186466,-0.012236158,-0.03626488,-0.14114507,0.0,0.0,-0.53182524,0
643191455,-0.012246267,-0.035882596,-0.14103004,0.0,0.0,-0.53182524,0
643196467,-0.055005565,-0.007695958,-0.14084974,0.0,0.0,-0.5306803,0
643201474,-0.056106098,-0.00755155,-0.14015624,0.0,0.0,-0.5306803,0
643206467,-0.032201517,-0.0034197168,-0.14013034,0.0,0.0,-0.53094524,0
643211459,-0.032489914,-0.0024800028,-0.13960181,0.0,0.0,-0.53094524,0
643216494,-0.033614207,0.0013165207,-0.13881762,0.0,0.0,-0.5308223,0
643221455,-0.03380812,0.0016242375,-0.13820854,0.0,0.0,-0.5308223,0
643226462,-0.047507405,0.0019773543,-0.13697565,0.0,0.0,-0.5307259,0
643231495,-0.04726254,0.003559852,-0.13608918,0.0,0.0,-0.5307259,0
643236447,-0.04261509,-0.0066656456,-0.13472205,0.0,0.0,-0.52963924,0
643241467,-0.041445296,-0.005391992,-0.13415682,0.0,0.0,-0.52963924,0
643246496,-0.02419523,-0.011272636,-0.13303365,0.0,0.0,-0.5292278,0
643251448,-0.021552559,-0.009527427,-0.13207306,0.0,0.0,-0.5292278,0
643256456,-0.07762927,-0.005462559,-0.1311009,0.0,0.0,-0.52806455,0
643261502,-0.07522465,-0.0035784608,-0.13058652,0.0,0.0,-0.52806455,0
643266444,-0.023608485,0.0010927022,-0.12952365,0.0,0.0,-0.5281181,0
643271459,-0.020821404,0.0027266438,-0.1287678,0.0,0.0,-0.5281181,0
643276496,-0.026720406,0.006077516,-0.12748119,0.0,0.0,-0.5271285,0
643281460,-0.024055412,0.0076112812,-0.1267218,0.0,0.0,-0.5271285,0
643286449,-0.04230151,0.0067651197,-0.12587178,0.0,0.0,-0.5266214,0
643291499,-0.039876584,0.008434855,-0.124735065,0.0,0.0,-0.5266214,0
643296455,-0.0028793414,-0.0064716726,-0.12317943,0.0,0.0,-0.5265384,0
643301455,-0.0010642415,-0.005580866,-0.122247845,0.0,0.0,-0.5265384,0
643306506,0.016359404,0.0036645744,-0.12159426,0.0,0.0,-0.5268621,0
643311455,0.01821623,0.0041165557,-0.120738275,0.0,0.0,-0.5268621,0
643316448,-0.06047243,-0.00538223,-0.11929516,0.0,0.0,-0.5254866,0
643321496,-0.06023882,-0.0048211715,-0.11855765,0.0,0.0,-0.5254866,0
643326456,0.004535905,0.007925538,-0.11767591,0.0,0.0,-0.5254679,0
643331460,0.004482947,0.008305191,-0.11650187,0.0,0.0,-0.5254679,0
643336473,-0.023117196,0.020963673,-0.11551544,0.0,0.0,-0.52495104,0
643341455,-0.02302174,0.0203506,-0.11467687,0.0,0.0,-0.52495104,0
643346456,-0.023889817,0.027202351,-0.114018805,0.0,0.0,-0.5250817,0
643351468,-0.025086192,0.027352415,-0.113256395,0.0,0.0,-0.5250817,0
643356459,-0.009805372,-0.018046109,-0.111252755,0.0,0.0,-0.5253816,0
643361469,-0.01025711,-0.017997105,-0.10979155,0.0,0.0,-0.5253816,0
643366500,-0.00921146,0.007327069,-0.10936928,0.0,0.0,-0.52617055,0
643371472,-0.008613836,0.0065807733,-0.10868159,0.0,0.0,-0.52617055,0
643376461,-0.039222594,0.01955626,-0.108141884,0.0,0.0,-0.52493894,0
643381499,-0.0404884,0.019203933,-0.106819645,0.0,0.0,-0.52493894,0
643386448,0.025121564,0.010469784,-0.105811775,0.0,0.0,-0.52497953,0
643391459,0.025749473,0.010229075,-0.10459404,0.0,0.0,-0.52497953,0
643396494,-0.019532857,-0.0011212716,-0.10330633,0.0,0.0,-0.5253911,0
643401448,-0.019557681,-0.001619589,-0.102615125,0.0,0.0,-0.5253911,0
643406470,-0.012765318,-0.007537282,-0.10204453,0.0,0.0,-0.52431506,0
643411495,-0.013475253,-0.0076223924,-0.10079606,0.0,0.0,-0.52431506,0
643416447,-0.00876117,-0.00078883424,-0.09993833,0.0,0.0,-0.52310216,0
643421467,-0.008014563,-0.0011109615,-0.0986035,0.0,0.0,-0.52310216,0
643426502,-0.00024727415,0.024662329,-0.0983727,0.0,0.0,-0.5236988,0
643431445,-0.0009707867,0.024373729,-0.097455435,0.0,0.0,-0.5236988,0
643436451,-0.013833851,-0.011601295,-0.09609269,0.0,0.0,-0.5226468,0
643441495,-0.014455332,-0.011689007,-0.094928876,0.0,0.0,-0.5226468,0
643446455,-0.0056837616,-0.004277395,-0.09402187,0.0,0.0,-0.52279305,0
643451450,-0.005636491,-0.0047848932,-0.09290128,0.0,0.0,-0.52279305,0
643456494,-0.030924963,0.005256175,-0.092227936,0.0,0.0,-0.52321583,0
643461455,-0.03196487,0.005218496,-0.091146536,0.0,0.0,-0.52321583,0
643466447,0.0076289657,-0.004614852,-0.090367615,0.0,0.0,-0.5227317,0
643471502,0.007587852,-0.005418171,-0.08905268,0.0,0.0,-0.5227317,0
643476453,-0.02746315,0.002667717,-0.087972626,0.0,0.0,-0.52273405,0
643481453,-0.027803957,0.0021821,-0.087206565,0.0,0.0,-0.52273405,0
643486496,-0.013461378,-0.012430129,-0.08630793,0.0,0.0,-0.52261066,0
643491453,-0.013949038,-0.013002903,-0.08551687,0.0,0.0,-0.52261066,0
643496458,-0.037953194,-0.0012560409,-0.084022895,0.0,0.0,-0.52110624,0
643501498,-0.037454966,-0.0021555666,-0.08309066,0.0,0.0,-0.52110624,0
643506470,-0.025974365,0.00055840675,-0.08246714,0.0,0.0,-0.5211989,0
643511455,-0.026888013,-3.5108475e-05,-0.081491366,0.0,0.0,-0.5211989,0
643516474,-0.015639257,-0.030755086,-0.079684354,0.0,0.0,-0.52128154,0
643521455,-0.014324818,-0.03158834,-0.07889791,0.0,0.0,-0.52128154,0
643526459,-0.053962946,-0.0055785133,-0.07857433,0.0,0.0,-0.5201981,0
643531498,-0.053315293,-0.006348615,-0.0778288,0.0,0.0,-0.5201981,0
643536447,-0.032541063,-0.01902645,-0.076090276,0.0,0.0,-0.5205627,0
643541457,-0.03227892,-0.019626476,-0.07505979,0.0,0.0,-0.5205627,0
643546474,0.0040267105,-0.016306974,-0.07430686,0.0,0.0,-0.5206541,0
643551448,0.005266714,-0.017891241,-0.073224366,0.0,0.0,-0.5206541,0
643556455,-0.032648813,-0.017751975,-0.07214046,0.0,0.0,-0.52039975,0
643561500,-0.03197038,-0.01797235,-0.07071838,0.0,0.0,-0.52039975,0
643566447,-0.00069428445,-0.041571766,-0.070025325,0.0,0.0,-0.52053744,0
643571461,-0.00056714035,-0.042779475,-0.069128014,0.0,0.0,-0.52053744,0
643576505,0.014324962,-0.012544677,-0.06799032,0.0,0.0,-0.5203434,0
643581445,0.0152734965,-0.012698663,-0.06681928,0.0,0.0,-0.5203434,0
643586457,-0.030502012,-0.05386931,-0.06575057,0.0,0.0,-0.5198201,0
643591494,-0.031188427,-0.05411634,-0.064746045,0.0,0.0,-0.5198201,0
643596460,0.005259915,-0.018121801,-0.06362753,0.0,0.0,-0.520125,0
643601457,0.006323593,-0.01810661,-0.06200861,0.0,0.0,-0.520125,0
643606507,-0.016475406,-0.0038720283,-0.06134104,0.0,0.0,-0.5198908,0
643611456,-0.016532412,-0.0035380595,-0.06065686,0.0,0.0,-0.5198908,0
643616448,-0.033581894,-0.03148331,-0.058880165,0.0,0.0,-0.5203367,0
643621495,-0.03316682,-0.030627336,-0.057595666,0.0,0.0,-0.5203367,0
643626457,-0.016092353,-0.030101243,-0.056408014,0.0,0.0,-0.51990724,0
643631456,-0.016048603,-0.029864833,-0.055816825,0.0,0.0,-0.51990724,0
643636499,-0.039725114,-0.02835216,-0.054595165,0.0,0.0,-0.5197755,0
643641454,-0.039617017,-0.027136972,-0.053497408,0.0,0.0,-0.5197755,0
643646457,-0.019553047,-0.05379235,-0.05150785,0.0,0.0,-0.5202921,0
643651468,-0.019793997,-0.053536247,-0.05034842,0.0,0.0,-0.5202921,0
643656456,-0.016742695,-0.0038764393,-0.049889594,0.0,0.0,-0.5201313,0
643661470,-0.01572672,-0.0029945662,-0.048746873,0.0,0.0,-0.5201313,0
643666469,-0.023977293,-0.036657743,-0.0469428,0.0,0.0,-0.5200674,0
643671461,-0.02414627,-0.035768595,-0.045727916,0.0,0.0,-0.5200674,0
643676455,-0.010793674,-0.03867222,-0.044287477,0.0,0.0,-0.52007365,0
643681501,-0.010049511,-0.03759417,-0.043163255,0.0,0.0,-0.52007365,0
643686451,-0.0052954745,-0.013820799,-0.042190563,0.0,0.0,-0.51971066,0
643691457,-0.004826312,-0.012900186,-0.041092392,0.0,0.0,-0.51971066,0
643696475,-0.041134324,-0.03925432,-0.039403323,0.0,0.0,-0.5189847,0
643701448,-0.040078856,-0.038169056,-0.037908588,0.0,0.0,-0.5189847,0
643706475,-0.02104729,0.010460496,-0.03701001,0.0,0.0,-0.5191132,0
643711500,-0.020292059,0.0112371165,-0.035458248,0.0,0.0,-0.5191132,0
643716458,-0.05105287,-0.04288357,-0.033580605,0.0,0.0,-0.51898956,0
643721457,-0.050220538,-0.041713517,-0.032497294,0.0,0.0,-0.51898956,0
643726499,-0.04191183,-0.014669477,-0.030940942,0.0,0.0,-0.5187713,0
643731447,-0.04155025,-0.013941259,-0.029347464,0.0,0.0,-0.5187713,0
643736457,-0.053936537,-0.024569143,-0.027830582,0.0,0.0,-0.5197145,0
643741497,-0.05321405,-0.023038853,-0.026906459,0.0,0.0,-0.5197145,0
643746455,-0.010372813,0.0006840894,-0.025475385,0.0,0.0,-0.5190564,0
643751448,-0.009926658,0.0012430225,-0.023537548,0.0,0.0,-0.5190564,0
643756494,-0.02171058,-0.025777377,-0.021697393,0.0,0.0,-0.519677,0
643761474,-0.02071482,-0.024886683,-0.02050247,0.0,0.0,-0.519677,0
643766449,-0.022960255,-0.010371407,-0.01923052,0.0,0.0,-0.5190891,0
643771503,-0.022337079,-0.009723628,-0.017213278,0.0,0.0,-0.5190891,0
643776460,-0.022342794,-0.017720701,-0.015311189,0.0,0.0,-0.5196822,0
643781451,-0.021337269,-0.017407928,-0.013556168,0.0,0.0,-0.5196822,0
643786500,0.005412206,0.0013635549,-0.012645752,0.0,0.0,-0.52069676,0
643791453,0.0060617053,0.0014848312,-0.01082186,0.0,0.0,-0.52069676,0
643796460,-0.048884097,-0.031768527,-0.008539329,0.0,0.0,-0.51957625,0
643801471,-0.04815423,-0.032406993,-0.0067329914,0.0,0.0,-0.51957625,0
643806474,-0.017408025,-0.012132611,-0.0052189277,0.0,0.0,-0.5199639,0
643811456,-0.01762302,-0.0127867265,-0.0036725975,0.0,0.0,-0.5199639,0
643816465,-0.040865157,-0.012211218,-0.0016369617,0.0,0.0,-0.5196835,0
643821458,-0.040328015,-0.013404569,0.00013291492,0.0,0.0,-0.5196835,0
643826454,-0.015438962,-0.048996367,0.0021809814,0.0,0.0,-0.5192279,0
643831494,-0.014722113,-0.050037444,0.0037477643,0.0,0.0,-0.5192279,0
643836457,-0.011637777,-0.018069845,0.0053299195,0.0,0.0,-0.5190414,0
643841459,-0.011195451,-0.019006265,0.0073487284,0.0,0.0,-0.5190414,0
643846507,-0.026057716,-0.050580535,0.009088467,0.0,0.0,-0.5187451,0
643851447,-0.024568908,-0.05089157,0.010622784,0.0,0.0,-0.5187451,0
643856460,0.0051543866,-0.043878045,0.012538502,0.0,0.0,-0.5185346,0
643861499,0.005835313,-0.043915763,0.014734255,0.0,0.0,-0.5185346,0
643866448,0.010974762,-0.02442523,0.016040223,0.0,0.0,-0.51855093,0
643871457,0.012366298,-0.024515435,0.01752382,0.0,0.0,-0.51855093,0
643876473,-0.020575905,-0.04155752,0.019496694,0.0,0.0,-0.5184193,0
643881446,-0.020018926,-0.04092391,0.0215163,0.0,0.0,-0.5184193,0
643886456,0.0070801163,-0.023210853,0.023188781,0.0,0.0,-0.51871383,0
643891516,0.0075712297,-0.022849848,0.024665821,0.0,0.0,-0.51871383,0
643896453,-0.011785758,-0.048784252,0.026628513,0.0,0.0,-0.51823175,0
643901454,-0.011270198,-0.04808211,0.028531414,0.0,0.0,-0.51823175,0
643906512,0.011535415,-0.02357074,0.030252514,0.0,0.0,-0.51835877,0
643911456,0.011439411,-0.02325394,0.0318325,0.0,0.0,-0.51835877,0
643916449,-0.0002119312,-0.06282993,0.033511136,0.0,0.0,-0.51818633,0
643921495,0.0009956087,-0.06275855,0.035361364,0.0,0.0,-0.51818633,0
643926454,0.032843694,-0.056574456,0.037283473,0.0,0.0,-0.51880926,0
643931450,0.033094525,-0.056089044,0.038825028,0.0,0.0,-0.51880926,0
643936493,0.036950585,-0.0522324,0.04035128,0.0,0.0,-0.5184258,0
643941456,0.037592996,-0.05245403,0.04191168,0.0,0.0,-0.5184258,0
643946452,-0.012682126,-0.025332503,0.043345112,0.0,0.0,-0.5177627,0
643951494,-0.012556484,-0.025157442,0.044952914,0.0,0.0,-0.5177627,0
643956455,0.018449342,-0.08049855,0.04717147,0.0,0.0,-0.5182031,0
643961465,0.0180856,-0.081079505,0.048888307,0.0,0.0,-0.5182031,0
643966466,0.031668827,-0.06021599,0.050212372,0.0,0.0,-0.51902163,0
643971454,0.031898,-0.06018969,0.05188645,0.0,0.0,-0.51902163,0
643976461,0.04733071,-0.054224912,0.053437583,0.0,0.0,-0.5185839,0
643981493,0.04631489,-0.05371943,0.05515552,0.0,0.0,-0.5185839,0
643986455,0.010102474,-0.035238504,0.05633028,0.0,0.0,-0.5181825,0
643991459,0.009492507,-0.03507842,0.057678085,0.0,0.0,-0.5181825,0
643996501,-0.0034828994,-0.06471736,0.059847567,0.0,0.0,-0.51772285,0
644001447,-0.0047306945,-0.06385544,0.061582815,0.0,0.0,-0.51772285,0
644006475,0.01841537,-0.06195237,0.06282949,0.0,0.0,-0.51868457,0
644011499,0.017974261,-0.061477058,0.064275146,0.0,0.0,-0.51868457,0
644016445,0.009401839,-0.036389902,0.06553711,0.0,0.0,-0.51839167,0
644021469,0.008469943,-0.034474287,0.06717656,0.0,0.0,-0.51839167,0
644026475,0.020886367,-0.041923054,0.068563245,0.0,0.0,-0.51770973,0
644031447,0.019778673,-0.040993,0.06959058,0.0,0.0,-0.51770973,0
644036460,-0.029424109,-0.010868579,0.07058532,0.0,0.0,-0.5180112,0
644041500,-0.030274404,-0.009092499,0.07197628,0.0,0.0,-0.5180112,0
644046446,-0.016844025,-0.054616943,0.07349518,0.0,0.0,-0.51785487,0
644051460,-0.017580004,-0.053733207,0.07455007,0.0,0.0,-0.51785487,0
644056495,-0.0017598671,-0.01029247,0.075289935,0.0,0.0,-0.51876676,0
644061455,-0.0016650334,-0.008443095,0.076390624,0.0,0.0,-0.51876676,0
644066447,-0.006933735,-0.0077477996,0.077499785,0.0,0.0,-0.5175251,0
644071495,-0.007054742,-0.0061255903,0.07827632,0.0,0.0,-0.5175251,0
644076453,-0.021075752,-0.108445115,0.079944745,0.0,0.0,-0.51892114,0
644081459,-0.021019703,-0.10727185,0.080974326,0.0,0.0,-0.51892114,0
644086498,-0.03198144,-0.11188325,0.081604056,0.0,0.0,-0.51847714,0
644091454,-0.031668406,-0.11016965,0.081885986,0.0,0.0,-0.51847714,0
644096453,-0.031155786,-0.10674506,0.08263702,0.0,0.0,-0.5188977,0
644101493,-0.030486252,-0.10494901,0.0833901,0.0,0.0,-0.5188977,0
644106469,-0.008978479,-0.07963981,0.08346128,0.0,0.0,-0.5191507,0
644111465,-0.007760789,-0.07722859,0.08385902,0.0,0.0,-0.5191507,0
644116467,-0.020517685,-0.056256324,0.08405833,0.0,0.0,-0.5194488,0
644121460,-0.01989292,-0.053671084,0.08429978,0.0,0.0,-0.5194488,0
644126464,-0.025030268,-0.03189103,0.08447844,0.0,0.0,-0.51971394,0
644131500,-0.02360155,-0.028560724,0.08453752,0.0,0.0,-0.51971394,0
644136454,-0.017633041,-0.045252934,0.08476661,0.0,0.0,-0.5189134,0
644141456,-0.0158844,-0.042083513,0.08503835,0.0,0.0,-0.5189134,0
644146474,0.033955023,-0.0059504216,0.084666766,0.0,0.0,-0.5205618,0
644151470,0.035570975,-0.0022890612,0.08457088,0.0,0.0,-0.5205618,0
644156456,0.0130265225,0.014033734,0.0842254,0.0,0.0,-0.5197471,0
644161496,0.014661136,0.017631643,0.0839894,0.0,0.0,-0.5197471,0
644166454,-0.01829175,0.024387967,0.084213816,0.0,0.0,-0.5194226,0
644171464,-0.0172167,0.02665755,0.08380363,0.0,0.0,-0.5194226,0
644176499,0.01813026,0.0024836338,0.083422795,0.0,0.0,-0.51973075,0
644181447,0.019808346,0.0045286682,0.08296514,0.0,0.0,-0.51973075,0
644186456,-0.010093073,0.02776564,0.08283421,0.0,0.0,-0.5197024,0
644191498,-0.009761104,0.02926546,0.08255079,0.0,0.0,-0.5197024,0
644196448,-0.020408502,0.061697647,0.082099825,0.0,0.0,-0.5196233,0
644201471,-0.019860156,0.062229212,0.08116358,0.0,0.0,-0.5196233,0
644206514,-0.0069114845,0.034951843,0.08040675,0.0,0.0,-0.5197532,0
644211453,-0.007071365,0.035140444,0.08028689,0.0,0.0,-0.5197532,0
644216449,0.03009881,0.07457936,0.07958866,0.0,0.0,-0.52013355,0
644221500,0.029985,0.07434838,0.078841545,0.0,0.0,-0.52013355,0
644226454,-0.014905529,0.07880491,0.07819635,0.0,0.0,-0.52019995,0
644231449,-0.014982361,0.07778037,0.077207915,0.0,0.0,-0.52019995,0
644236496,0.01824498,0.06330365,0.07671178,0.0,0.0,-0.5202335,0
644241454,0.017576803,0.062149413,0.07620866,0.0,0.0,-0.5202335,0
644246447,0.01904475,0.09354365,0.07472526,0.0,0.0,-0.5205574,0
644251495,0.01921223,0.09185171,0.07379625,0.0,0.0,-0.5205574,0
644256457,0.017715843,0.098459974,0.07316004,0.0,0.0,-0.5209018,0
644261470,0.017838694,0.096659385,0.07258157,0.0,0.0,-0.5209018,0
644266475,0.011976852,0.07038158,0.071900494,0.0,0.0,-0.52063745,0
644271455,0.011362862,0.06810966,0.070774175,0.0,0.0,-0.52063745,0
644276458,0.014507484,0.13623913,0.06967753,0.0,0.0,-0.52165484,0
644281494,0.014447403,0.1337297,0.06903681,0.0,0.0,-0.52165484,0
644286455,0.03468397,0.1225944,0.06754864,0.0,0.0,-0.5219347,0
644291458,0.034120727,0.120652616,0.066796795,0.0,0.0,-0.5219347,0
644296475,0.045390643,0.15383603,0.06565827,0.0,0.0,-0.5227567,0
644301456,0.045423828,0.15122798,0.064944774,0.0,0.0,-0.5227567,0
644306474,0.0036040263,0.14438495,0.06439687,0.0,0.0,-0.5222981,0
644311507,0.0037414369,0.1421651,0.06305785,0.0,0.0,-0.5222981,0
644316445,0.02605071,0.12451115,0.062037952,0.0,0.0,-0.52259636,0
644321462,0.025465177,0.121678926,0.061567858,0.0,0.0,-0.52259636,0
644326495,0.041119553,0.1624021,0.06000563,0.0,0.0,-0.5228033,0
644331448,0.041148886,0.15919527,0.058774155,0.0,0.0,-0.5228033,0
644336455,0.007870662,0.15657401,0.058216255,0.0,0.0,-0.52268463,0
644341495,0.007165463,0.15357113,0.057457216,0.0,0.0,-0.52268463,0
644346447,0.09174204,0.14610137,0.05596327,0.0,0.0,-0.5240357,0
644351456,0.091492124,0.14216161,0.05471641,0.0,0.0,-0.5240357,0
644356493,0.03218697,0.16074882,0.053493425,0.0,0.0,-0.5233043,0
644361456,0.031850528,0.15712512,0.052628346,0.0,0.0,-0.5233043,0
644366451,0.052537937,0.12634656,0.05214075,0.0,0.0,-0.5238879,0
644371502,0.051944584,0.12206873,0.05113237,0.0,0.0,-0.5238879,0
644376455,0.04577324,0.14317061,0.04946739,0.0,0.0,-0.52434576,0
644381449,0.044704758,0.13844891,0.048313994,0.0,0.0,-0.52434576,0
644386498,0.030959643,0.11642223,0.04773098,0.0,0.0,-0.5240228,0
644391455,0.030236743,0.111939356,0.046715662,0.0,0.0,-0.5240228,0
644396455,0.042555008,0.06879928,0.045914393,0.0,0.0,-0.5238578,0
644401497,0.0411333,0.063456394,0.045057867,0.0,0.0,-0.5238578,0
644406475,0.026230365,0.083826385,0.043867733,0.0,0.0,-0.5247243,0
644411457,0.02528129,0.079256356,0.042719964,0.0,0.0,-0.5247243,0
644416474,0.015607671,0.096633494,0.04146575,0.0,0.0,-0.5230494,0
644421454,0.014448807,0.092022486,0.04041323,0.0,0.0,-0.5230494,0
644426454,0.00016675497,0.048676785,0.040184803,0.0,0.0,-0.5231025,0
644431472,-0.0010685372,0.04480455,0.038943194,0.0,0.0,-0.5231025,0
644436454,0.0010055094,0.07336759,0.037496336,0.0,0.0,-0.52216536,0
644441462,0.00081139384,0.06985885,0.036915265,0.0,0.0,-0.52216536,0
644446494,-0.04493818,0.03646996,0.03641508,0.0,0.0,-0.5218893,0
644451457,-0.045070805,0.033338137,0.035198182,0.0,0.0,-0.5218893,0
644456466,0.018448632,0.00572698,0.03421098,0.0,0.0,-0.52221626,0
644461499,0.018496785,0.002950013,0.033374645,0.0,0.0,-0.52221626,0
644466447,-0.032055803,0.030552724,0.032708522,0.0,0.0,-0.5211826,0
644471455,-0.031592898,0.02844767,0.03223261,0.0,0.0,-0.5211826,0
644476495,0.0064452454,0.026746806,0.031230127,0.0,0.0,-0.5217146,0
644481446,0.007151236,0.02588779,0.030206392,0.0,0.0,-0.5217146,0
644486455,-0.022427313,-0.00044278306,0.029858895,0.0,0.0,-0.5196891,0
644491495,-0.020150479,-0.0017624979,0.029115338,0.0,0.0,-0.5196891,0
644496458,-0.014014555,0.059961997,0.027946059,0.0,0.0,-0.5197594,0
644501471,-0.012556758,0.05970589,0.0266579,0.0,0.0,-0.5197594,0
644506512,-0.013770554,0.0069121514,0.02643294,0.0,0.0,-0.52008396,0
644511448,-0.012465206,0.0066730785,0.025801964,0.0,0.0,-0.52008396,0
644516453,0.04830046,0.03918225,0.024512501,0.0,0.0,-0.52010864,0
644521502,0.04994264,0.038899634,0.02388825,0.0,0.0,-0.52010864,0
644526450,-0.005514716,0.04382858,0.023417892,0.0,0.0,-0.5190571,0
644531448,-0.0052482113,0.043107383,0.022983924,0.0,0.0,-0.5190571,0
644536494,0.04166869,0.055720277,0.0221998,0.0,0.0,-0.5201917,0
644541455,0.042094547,0.055400774,0.021332376,0.0,0.0,-0.5201917,0
644546449,0.027230522,0.08824014,0.020212365,0.0,0.0,-0.51908875,0
644551495,0.026082579,0.08781988,0.019455342,0.0,0.0,-0.51908875,0
644556457,0.03292837,0.06774289,0.019450316,0.0,0.0,-0.5191893,0
644561464,0.032776803,0.06652672,0.018702962,0.0,0.0,-0.5191893,0
644566475,0.031066328,0.0755442,0.017631818,0.0,0.0,-0.51981616,0
644571456,0.03015338,0.07487966,0.0173443,0.0,0.0,-0.51981616,0
644576455,0.05903341,0.1120429,0.016453495,0.0,0.0,-0.5201831,0
644581473,0.057646815,0.11057553,0.016367877,0.0,0.0,-0.5201831,0
644586454,0.044141106,0.09042537,0.015812833,0.0,0.0,-0.52026135,0
644591457,0.042813964,0.08857337,0.015043785,0.0,0.0,-0.52026135,0
644596494,0.0036192536,0.121055216,0.014596624,0.0,0.0,-0.51990205,0
644601454,0.0020203695,0.119597025,0.014356769,0.0,0.0,-0.51990205,0
644606475,0.020884559,0.13773327,0.013798633,0.0,0.0,-0.51975596,0
644611501,0.018565409,0.13535744,0.01307221,0.0,0.0,-0.51975596,0
644616448,-0.016896073,0.14683664,0.012819769,0.0,0.0,-0.51976764,0
644621457,-0.019213865,0.14375208,0.012450732,0.0,0.0,-0.51976764,0
644626507,0.023829367,0.10300431,0.012190416,0.0,0.0,-0.52005017,0
644631445,0.021803591,0.099742524,0.012101061,0.0,0.0,-0.52005017,0
644636455,-0.001078261,0.14890839,0.011178957,0.0,0.0,-0.5207578,0
644641495,-0.0030955453,0.14513211,0.011040335,0.0,0.0,-0.5207578,0
644646447,-0.00078618125,0.11875095,0.0114110485,0.0,0.0,-0.5209193,0
644651461,-0.0019602547,0.11485852,0.01107403,0.0,0.0,-0.5209193,0
644656498,0.000879864,0.12774934,0.010595591,0.0,0.0,-0.52040005,0
644661448,-0.001110704,0.12381205,0.010269977,0.0,0.0,-0.52040005,0
644666456,0.0049053566,0.09423809,0.010811483,0.0,0.0,-0.52108675,0
644671495,0.0037481012,0.09012849,0.011013699,0.0,0.0,-0.52108675,0
644676458,0.012901857,0.10068393,0.010466429,0.0,0.0,-0.5209813,0
644681448,0.011578152,0.0967462,0.010761854,0.0,0.0,-0.5209813,0
644686494,0.0019980706,0.08753792,0.011104506,0.0,0.0,-0.52119654,0
644691460,0.0014050526,0.08395604,0.011208046,0.0,0.0,-0.52119654,0
644696455,-0.0016258949,0.07249225,0.011612525,0.0,0.0,-0.5205659,0
644701499,-0.001259432,0.069505215,0.01170988,0.0,0.0,-0.5205659,0
644706470,-0.012117321,0.08822025,0.011744151,0.0,0.0,-0.5199759,0
644711450,-0.0121283475,0.08527831,0.012392584,0.0,0.0,-0.5199759,0
644716495,0.020527173,0.020605441,0.013698034,0.0,0.0,-0.51992726,0
644721456,0.022273641,0.017822117,0.014243712,0.0,0.0,-0.51992726,0
644726454,-0.008514082,0.07360791,0.01386672,0.0,0.0,-0.51914394,0
644731494,-0.0071467264,0.07133422,0.014105867,0.0,0.0,-0.51914394,0
644736458,0.02587727,0.034241166,0.014985535,0.0,0.0,-0.5196469,0
644741464,0.02748886,0.031520136,0.015169734,0.0,0.0,-0.5196469,0
644746474,0.019492257,0.06289092,0.015243902,0.0,0.0,-0.5187912,0
644751455,0.021485696,0.059983578,0.015616738,0.0,0.0,-0.5187912,0
644756462,0.037152387,0.057811733,0.016228475,0.0,0.0,-0.5194689,0
644761495,0.037728976,0.054711312,0.01692478,0.0,0.0,-0.5194689,0
644766456,0.056651883,0.025952907,0.01744661,0.0,0.0,-0.5198161,0
644771463,0.058016807,0.022455372,0.018253596,0.0,0.0,-0.5198161,0
644776495,0.04744903,0.057109494,0.018171338,0.0,0.0,-0.51928,0
644781456,0.04741136,0.053873062,0.018566407,0.0,0.0,-0.51928,0
644786460,0.061783902,0.012578656,0.019698834,0.0,0.0,-0.51919407,0
644791501,0.061203275,0.009018246,0.01999983,0.0,0.0,-0.51919407,0
644796446,0.038323786,0.045709226,0.020007204,0.0,0.0,-0.51916325,0
644801462,0.037739534,0.043173242,0.020612614,0.0,0.0,-0.51916325,0
644806507,0.029459048,0.015197327,0.021726174,0.0,0.0,-0.51838374,0
644811448,0.027254676,0.012201579,0.022484755,0.0,0.0,-0.51838374,0
644816455,0.04380528,0.0041464423,0.023287915,0.0,0.0,-0.5193396,0
644821496,0.042651847,0.0016587042,0.02374138,0.0,0.0,-0.5193396,0
644826457,0.047989316,8.999719e-05,0.02459028,0.0,0.0,-0.5185442,0
644831454,0.045547158,-0.0018995735,0.025233252,0.0,0.0,-0.5185442,0
644836504,0.06256673,0.04314595,0.025141243,0.0,0.0,-0.5191732,0
644841453,0.060491614,0.041228987,0.02577708,0.0,0.0,-0.5191732,0
644846448,0.01135519,0.035597432,0.026498213,0.0,0.0,-0.5190405,0
644851497,0.008655076,0.034457512,0.027501756,0.0,0.0,-0.5190405,0
644856456,0.04799423,0.021619426,0.028475635,0.0,0.0,-0.51934606,0
644861459,0.046101056,0.020500597,0.029343199,0.0,0.0,-0.51934606,0
644866474,0.029201271,0.05932888,0.029339386,0.0,0.0,-0.5190785,0
644871456,0.026918678,0.0583802,0.029862676,0.0,0.0,-0.5190785,0
644876461,0.038306568,0.023189202,0.03130014,0.0,0.0,-0.51902246,0
644881493,0.036752436,0.022299899,0.03234273,0.0,0.0,-0.51902246,0
644886513,0.024346605,0.031408176,0.03274019,0.0,0.0,-0.5196502,0
644891459,0.02301416,0.030510288,0.03306236,0.0,0.0,-0.5196502,0
644896469,0.0071854326,0.054415792,0.033459306,0.0,0.0,-0.5190858,0
644901456,0.0062556216,0.053965792,0.034970343,0.0,0.0,-0.5190858,0
644906470,0.007188152,0.056225922,0.03556707,0.0,0.0,-0.5193424,0
644911495,0.0061140954,0.055053387,0.03571985,0.0,0.0,-0.5193424,0
644916459,-0.015744494,0.0477164,0.036778107,0.0,0.0,-0.5198556,0
644921461,-0.016385663,0.046928942,0.037734497,0.0,0.0,-0.5198556,0
644926498,0.0006830537,0.06323641,0.038531516,0.0,0.0,-0.520216,0
644931446,-0.00013470113,0.062241834,0.038827457,0.0,0.0,-0.520216,0
644936456,-0.013021733,0.07872892,0.039102264,0.0,0.0,-0.51973,0
644941503,-0.01402952,0.07722645,0.04043994,0.0,0.0,-0.51973,0
644946444,-6.5427334e-06,0.08857104,0.040841118,0.0,0.0,-0.51993144,0
644951462,-0.00023490914,0.08701882,0.04155252,0.0,0.0,-0.51993144,0
644956499,-0.025091806,0.070600934,0.042451683,0.0,0.0,-0.51949906,0
644961448,-0.026131412,0.06824178,0.043102805,0.0,0.0,-0.51949906,0
644966456,-0.014404604,0.0667853,0.044187885,0.0,0.0,-0.519713,0
644971495,-0.014575807,0.064217955,0.04477076,0.0,0.0,-0.519713,0
644976445,0.009209716,0.08069529,0.04507816,0.0,0.0,-0.52003026,0
644981456,0.008124897,0.07778115,0.046024896,0.0,0.0,-0.52003026,0
644986492,-0.020031866,0.09776221,0.04658151,0.0,0.0,-0.5199857,0
644991455,-0.020182818,0.09449045,0.047752097,0.0,0.0,-0.5199857,0
644996455,-0.031004896,0.06834246,0.048706133,0.0,0.0,-0.5197972,0
645001500,-0.031376448,0.0653027,0.04943956,0.0,0.0,-0.5197972,0
645006470,0.010092029,0.0500037,0.05053409,0.0,0.0,-0.5206124,0
645011448,0.009881404,0.046731807,0.051116418,0.0,0.0,-0.5206124,0
645016533,-0.009561815,0.10770178,0.050999105,0.0,0.0,-0.52060336,0
645021454,-0.010133684,0.10528411,0.051525474,0.0,0.0,-0.52060336,0
645026447,-0.014066864,0.062066987,0.05284434,0.0,0.0,-0.5198895,0
645031471,-0.014840651,0.058967434,0.05408757,0.0,0.0,-0.5198895,0
645036460,-0.008749446,0.12127501,0.053281583,0.0,0.0,-0.52045864,0
645041464,-0.008342302,0.118655704,0.053839415,0.0,0.0,-0.52045864,0
645046498,-0.048764247,0.06832507,0.055996966,0.0,0.0,-0.5191978,0
645051453,-0.049150266,0.065421306,0.056614365,0.0,0.0,-0.5191978,0
645056456,-0.009031012,0.06917798,0.056973405,0.0,0.0,-0.52027875,0
645061497,-0.007955542,0.06633857,0.05745113,0.0,0.0,-0.52027875,0
645066453,0.0005381133,0.08944687,0.057962723,0.0,0.0,-0.5196058,0
645071457,-6.642487e-05,0.08668572,0.058866233,0.0,0.0,-0.5196058,0
645076493,-0.02239369,0.09728187,0.059208006,0.0,0.0,-0.5191516,0
645081447,-0.021368472,0.09330895,0.059940692,0.0,0.0,-0.5191516,0
645086460,-0.021919617,0.06984036,0.06076683,0.0,0.0,-0.5194711,0
645091505,-0.021410763,0.06687373,0.061650466,0.0,0.0,-0.5194711,0
645096448,-0.032124277,0.055842306,0.06278357,0.0,0.0,-0.51879996,0
645101463,-0.031404227,0.05198147,0.06282401,0.0,0.0,-0.51879996,0
645106507,-0.009777681,0.03671977,0.063737005,0.0,0.0,-0.5193127,0
645111447,-0.009224479,0.03344504,0.06472829,0.0,0.0,-0.5193127,0
645116456,0.019771859,0.026851451,0.06519689,0.0,0.0,-0.51910686,0
645121495,0.019852033,0.023508597,0.0657468,0.0,0.0,-0.51910686,0
645126446,0.01002762,0.056220666,0.06537133,0.0,0.0,-0.5194057,0
645131463,0.01063184,0.053711344,0.06633948,0.0,0.0,-0.5194057,0
645136499,-0.023391731,0.03516188,0.06746749,0.0,0.0,-0.51814675,0
645141454,-0.024204114,0.03286931,0.06760316,0.0,0.0,-0.51814675,0
645146511,0.0074598994,0.03603264,0.06799811,0.0,0.0,-0.5189084,0
645151493,0.0073970826,0.033831675,0.06840072,0.0,0.0,-0.5189084,0
645156454,-0.023931874,0.029420363,0.06949299,0.0,0.0,-0.51790214,0
645161466,-0.02503116,0.027773235,0.069775574,0.0,0.0,-0.51790214,0
645166476,-0.021767953,0.008637791,0.070218176,0.0,0.0,-0.5190792,0
645171456,-0.02230118,0.006689158,0.071265094,0.0,0.0,-0.5190792,0
645176448,0.015111003,0.037860204,0.07114795,0.0,0.0,-0.5191389,0
645181497,0.014965567,0.03686732,0.071640514,0.0,0.0,-0.5191389,0
645186454,-0.0027691734,0.032802258,0.07211342,0.0,0.0,-0.51887035,0
645191462,-0.0029961874,0.03150515,0.072347075,0.0,0.0,-0.51887035,0
645196472,0.010578816,0.025980564,0.07310089,0.0,0.0,-0.519379,0
645201455,0.010663506,0.025611255,0.073790915,0.0,0.0,-0.519379,0
645206469,0.012802372,0.029343963,0.07396448,0.0,0.0,-0.51886624,0
645211470,0.011886606,0.028189536,0.0742596,0.0,0.0,-0.51886624,0
645216454,-0.028596459,0.024860153,0.07485462,0.0,0.0,-0.5190427,0
645221462,-0.02831504,0.023715839,0.07559929,0.0,0.0,-0.5190427,0
645226494,-0.013889188,-0.005267173,0.076320626,0.0,0.0,-0.51950634,0
645231454,-0.014551655,-0.0061436878,0.07602526,0.0,0.0,-0.51950634,0
645236454,-0.042720605,0.022003395,0.07636448,0.0,0.0,-0.5190988,0
645241496,-0.043254167,0.020547923,0.07681862,0.0,0.0,-0.5190988,0
645246448,0.0035159588,-0.022480406,0.07794874,0.0,0.0,-0.5194188,0
645251466,0.003832422,-0.023613341,0.07813881,0.0,0.0,-0.5194188,0
645256496,0.016073748,0.013310634,0.077612676,0.0,0.0,-0.5203234,0
645261447,0.015992194,0.011832685,0.078580946,0.0,0.0,-0.5203234,0
645266455,-0.00034136735,-0.0018080682,0.078840636,0.0,0.0,-0.5196171,0
645271496,0.0005615457,-0.0030038236,0.07913458,0.0,0.0,-0.5196171,0
645276450,0.006555007,-0.0013660473,0.079430215,0.0,0.0,-0.5192848,0
645281455,0.0060518035,-0.0026697288,0.07951028,0.0,0.0,-0.5192848,0
645286498,-0.007466099,0.009887421,0.07989643,0.0,0.0,-0.519255,0
645291453,-0.0064743073,0.008805882,0.0800207,0.0,0.0,-0.519255,0
645296456,0.0073881014,-0.021842923,0.08080554,0.0,0.0,-0.5196901,0
645301496,0.006842089,-0.022830645,0.081262656,0.0,0.0,-0.5196901,0
645306474,-0.006880632,-0.0029776653,0.081355534,0.0,0.0,-0.5195277,0
645311451,-0.006217579,-0.0041589676,0.08153077,0.0,0.0,-0.5195277,0
645316493,-0.022258842,-0.027401354,0.08213007,0.0,0.0,-0.51874363,0
645321456,-0.022887677,-0.028245255,0.08244943,0.0,0.0,-0.51874363,0
645326447,0.007793477,-0.017461572,0.08254989,0.0,0.0,-0.51906055,0
645331494,0.008073666,-0.017961113,0.08251616,0.0,0.0,-0.51906055,0
645336455,-0.013266395,-0.0022516653,0.08241059,0.0,0.0,-0.5184137,0
645341460,-0.013849251,-0.0024390717,0.08278523,0.0,0.0,-0.5184137,0
645346472,-0.0042752055,-0.04709634,0.08366553,0.0,0.0,-0.5181219,0
645351455,-0.0042489492,-0.047463365,0.08363437,0.0,0.0,-0.5181219,0
645356462,0.0037605513,-0.013280402,0.08325439,0.0,0.0,-0.5188375,0
645361468,0.003988973,-0.012981578,0.08356662,0.0,0.0,-0.5188375,0
645366456,-0.012694172,-0.031505264,0.08395931,0.0,0.0,-0.5185683,0
645371458,-0.0123286275,-0.031100834,0.084015295,0.0,0.0,-0.5185683,0
645376499,0.010142667,-0.03263298,0.08437194,0.0,0.0,-0.5199442,0
645381454,0.010657147,-0.03182386,0.08445352,0.0,0.0,-0.5199442,0
645386455,0.016618023,-0.024894238,0.08461229,0.0,0.0,-0.5189938,0
645391496,0.017735217,-0.023858434,0.08481853,0.0,0.0,-0.5189938,0
645396447,0.020828782,-0.026314138,0.08452458,0.0,0.0,-0.51946455,0
645401469,0.022134654,-0.025080048,0.08505945,0.0,0.0,-0.51946455,0
645406525,0.038875014,0.010723052,0.08469381,0.0,0.0,-0.51882863,0
645411447,0.039966855,0.012169844,0.0846317,0.0,0.0,-0.51882863,0
645416458,-0.0013059468,-0.035089433,0.08530259,0.0,0.0,-0.51815546,0
645421495,4.6021552e-05,-0.03361649,0.08541734,0.0,0.0,-0.51815546,0
645426445,0.022342648,-0.016877174,0.08572983,0.0,0.0,-0.5184,0
645431457,0.023499068,-0.014822537,0.08574052,0.0,0.0,-0.5184,0
645436475,-0.019335143,-0.015204351,0.08561575,0.0,0.0,-0.51766497,0
645441446,-0.018649803,-0.013772261,0.08562646,0.0,0.0,-0.51766497,0
645446448,0.019024942,-0.036262464,0.08651485,0.0,0.0,-0.51841086,0
645451508,0.020263024,-0.034015477,0.08670316,0.0,0.0,-0.51841086,0
645456460,0.008933485,0.008656872,0.08605599,0.0,0.0,-0.5180627,0
645461473,0.010116701,0.010743614,0.08598335,0.0,0.0,-0.5180627,0
645466494,0.023700997,-0.015865548,0.08647037,0.0,0.0,-0.5178057,0
645471454,0.024833804,-0.013689911,0.08672688,0.0,0.0,-0.5178057,0
645476447,0.036733575,0.017838534,0.08658194,0.0,0.0,-0.5178127,0
645481495,0.038007416,0.019558264,0.08665285,0.0,0.0,-0.5178127,0
645486456,0.04467883,-0.0035167993,0.0867115,0.0,0.0,-0.5178789,0
645491451,0.04559767,-0.0016806033,0.08684161,0.0,0.0,-0.5178789,0
645496467,0.070918866,0.03308808,0.086822785,0.0,0.0,-0.5180146,0
645501461,0.0718981,0.03391497,0.08678338,0.0,0.0,-0.5180146,0
645506474,0.047722965,-0.014680827,0.087117545,0.0,0.0,-0.51839864,0
645511475,0.047985326,-0.012993643,0.08729372,0.0,0.0,-0.51839864,0
645516454,0.05927597,0.043793183,0.087012544,0.0,0.0,-0.5185965,0
645521456,0.059508648,0.04444363,0.08695336,0.0,0.0,-0.5185965,0
645526498,0.040289976,0.011653547,0.08716255,0.0,0.0,-0.5187631,0
645531453,0.039781954,0.012983143,0.08720417,0.0,0.0,-0.5187631,0
645536474,0.045643184,0.038007595,0.08702982,0.0,0.0,-0.5186032,0
645541496,0.044958293,0.03877017,0.0871199,0.0,0.0,-0.5186032,0
645546448,0.022618815,0.027432129,0.086921595,0.0,0.0,-0.51857215,0
645551460,0.021587897,0.028947664,0.086979985,0.0,0.0,-0.51857215,0
645556498,0.05820316,0.033638697,0.087022945,0.0,0.0,-0.5181946,0
645561448,0.05780401,0.0347409,0.08683381,0.0,0.0,-0.5181946,0
645566461,0.023849195,0.030486234,0.08668736,0.0,0.0,-0.51750493,0
645571500,0.02304711,0.031460024,0.086639784,0.0,0.0,-0.51750493,0
645576447,0.06613849,0.016813288,0.08729166,0.0,0.0,-0.51771206,0
645581458,0.06636669,0.017941939,0.08682244,0.0,0.0,-0.51771206,0
645586493,0.025634697,-0.0058352165,0.08672654,0.0,0.0,-0.51758415,0
645591450,0.025344457,-0.0050976505,0.086870536,0.0,0.0,-0.51758415,0
645596469,0.09299979,0.026740476,0.08643003,0.0,0.0,-0.5184217,0
645601499,0.09374666,0.028043848,0.085869625,0.0,0.0,-0.5184217,0
645606470,0.042903185,0.00090161874,0.08588243,0.0,0.0,-0.51690906,0
645611451,0.04283721,0.0017473054,0.085931644,0.0,0.0,-0.51690906,0
645616493,0.096833535,0.053065818,0.08499769,0.0,0.0,-0.51832134,0
645621456,0.09749389,0.054305375,0.084819034,0.0,0.0,-0.51832134,0
645626446,0.021242337,0.042752806,0.084444955,0.0,0.0,-0.51665676,0
645631496,0.020999724,0.04346851,0.0844477,0.0,0.0,-0.51665676,0
645636457,0.0561601,0.040880006,0.084414184,0.0,0.0,-0.51761556,0
645641451,0.05616788,0.04173628,0.08412595,0.0,0.0,-0.51761556,0
645646497,0.0005095712,0.06346558,0.0833743,0.0,0.0,-0.51680726,0
645651455,0.00043533798,0.06442886,0.082929805,0.0,0.0,-0.51680726,0
645656455,0.022790778,0.011595305,0.08386705,0.0,0.0,-0.51698244,0
645661469,0.022328123,0.012005236,0.08324539,0.0,0.0,-0.51698244,0
645666462,0.04049531,0.05902952,0.08182556,0.0,0.0,-0.51753074,0
645671462,0.041251693,0.059535805,0.08123616,0.0,0.0,-0.51753074,0
645676466,0.044516426,0.0031779883,0.081644095,0.0,0.0,-0.5171667,0
645681459,0.04529141,0.0036640586,0.08109982,0.0,0.0,-0.5171667,0
645686466,0.09521112,0.046648566,0.07965213,0.0,0.0,-0.5189871,0
645691499,0.09688529,0.04703623,0.07920531,0.0,0.0,-0.5189871,0
645696455,0.0644613,0.030829903,0.07891325,0.0,0.0,-0.5178068,0
645701464,0.06521798,0.031782757,0.07829147,0.0,0.0,-0.5178068,0
645706507,0.10395442,0.07324578,0.07686954,0.0,0.0,-0.51866275,0
645711447,0.1052624,0.07326277,0.07628456,0.0,0.0,-0.51866275,0
645716455,0.044729117,0.06983797,0.07584384,0.0,0.0,-0.51776856,0
645721498,0.04559853,0.07081038,0.07517004,0.0,0.0,-0.51776856,0
645726448,0.08458387,0.024137855,0.075114034,0.0,0.0,-0.5178586,0
645731460,0.0847862,0.023762632,0.0742239,0.0,0.0,-0.5178586,0
645736498,0.039061304,0.06766515,0.07299112,0.0,0.0,-0.51801133,0
645741447,0.03925093,0.067391515,0.07181134,0.0,0.0,-0.51801133,0
645746455,0.08041651,-0.007891542,0.07211085,0.0,0.0,-0.51815295,0
645751495,0.080273636,-0.008696412,0.071412444,0.0,0.0,-0.51815295,0
645756454,0.10880159,0.06436047,0.06897173,0.0,0.0,-0.5195459,0
645761461,0.107995704,0.06360479,0.06802767,0.0,0.0,-0.5195459,0
645766498,0.08307691,0.030107122,0.06740456,0.0,0.0,-0.5188134,0
645771455,0.08170049,0.029016498,0.0664157,0.0,0.0,-0.5188134,0
645776454,0.091880314,0.06077147,0.064605445,0.0,0.0,-0.5199253,0
645781475,0.0899162,0.059391618,0.06346221,0.0,0.0,-0.5199253,0
645786459,0.07669194,0.060367007,0.062340584,0.0,0.0,-0.51957065,0
645791452,0.07440016,0.059247546,0.06095436,0.0,0.0,-0.51957065,0
645796497,0.018875109,0.05410044,0.05960965,0.0,0.0,-0.5189027,0
645801456,0.014717208,0.051619206,0.05772646,0.0,0.0,-0.5189027,0
645806475,0.073762424,0.027912596,0.05545231,0.0,0.0,-0.5210592,0
645811497,0.068330124,0.023723356,0.05158385,0.0,0.0,-0.5210592,0
645816462,0.051093318,0.028416403,0.046105523,0.0,0.0,-0.5222995,0
645821459,0.042579353,0.022510132,0.040270504,0.0,0.0,-0.5222995,0
645826468,0.07447811,0.020740435,0.03366511,0.0,0.0,-0.526248,0
645831456,0.058372702,0.008437843,0.02551629,0.0,0.0,-0.526248,0
645836454,0.09133245,0.017134834,0.016636837,0.0,0.0,-0.53038156,0
645841496,0.06649908,-0.0025470667,0.0075221607,0.0,0.0,-0.53038156,0
645846456,0.026273008,-0.019748552,-0.0024158629,0.0,0.0,-0.536948,0
645851461,-0.009295871,-0.04593763,-0.013445198,0.0,0.0,-0.536948,0
645856498,-0.04536455,-0.08649382,-0.0251155,0.0,0.0,-0.5454568,0
645861448,-0.09164473,-0.12077466,-0.038014457,0.0,0.0,-0.5454568,0
645866455,-0.12734973,-0.13473913,-0.052373037,0.0,0.0,-0.5538629,0
645871497,-0.18591765,-0.176814,-0.06696281,0.0,0.0,-0.5538629,0
645876448,-0.22784418,-0.20537151,-0.08343416,0.0,0.0,-0.5644511,0
645881500,-0.29758468,-0.25378776,-0.09959392,0.0,0.0,-0.5644511,0
645886497,-0.36705709,-0.28057662,-0.11750489,0.0,0.0,-0.5753795,0
645891447,-0.44651198,-0.33486146,-0.1342293,0.0,0.0,-0.5753795,0
645896463,-0.52738565,-0.37005097,-0.15351586,0.0,0.0,-0.58736587,0
645901496,-0.61693364,-0.42948875,-0.17202803,0.0,0.0,-0.58736587,0
645906469,-0.7127567,-0.5188038,-0.18926716,0.0,0.0,-0.6003608,0
645911450,-0.80798614,-0.5800118,-0.20980135,0.0,0.0,-0.6003608,0
645916494,-0.9057563,-0.62836105,-0.2322279,0.0,0.0,-0.61462265,0
645921456,-1.0066737,-0.6905209,-0.25422925,0.0,0.0,-0.61462265,0
645926468,-1.1128321,-0.73590183,-0.27863136,0.0,0.0,-0.63010556,0
645931501,-1.2183856,-0.7998369,-0.30193242,0.0,0.0,-0.63010556,0
645936455,-1.3315226,-0.86061805,-0.26523128,0.0,0.0,-0.64593476,0
645941451,-1.4391348,-0.9240596,-0.2890404,0.0,0.0,-0.64593476,0
645946496,-1.5767667,-0.9982858,-0.3135747,0.0,0.0,-0.6619514,0
645951456,-1.6872827,-1.0591161,-0.33802333,0.0,0.0,-0.6619514,0
645956448,-1.8409374,-1.1185532,-0.2864171,0.0,0.0,-0.67836356,0
645961472,-1.9574635,-1.1771983,-0.31168443,0.0,0.0,-0.67836356,0
645966461,-2.0926142,-1.2424666,-0.33657554,0.0,0.0,-0.69514227,0
645971462,-2.2128472,-1.2984829,-0.36168775,0.0,0.0,-0.69514227,0
645976474,-2.3643918,-1.3402505,-0.292227,0.0,0.0,-0.7125752,0
645981456,-2.4882784,-1.3928666,-0.31723636,0.0,0.0,-0.7125752,0
645986462,-2.6442363,-1.454609,-0.34240887,0.0,0.0,-0.73040676,0
645991494,-2.7738073,-1.5033251,-0.36662006,0.0,0.0,-0.73040676,0
645996456,-2.9567773,-1.5492828,-0.2757621,0.0,0.0,-0.74769557,0
646001470,-3.0909553,-1.592215,-0.29989287,0.0,0.0,-0.74769557,0
646006508,-3.2476206,-1.647435,-0.3220786,0.0,0.0,-0.76549476,0
646011461,-3.386414,-1.6859647,-0.34478673,0.0,0.0,-0.76549476,0
646016456,-3.5648966,-1.69766,-0.2368372,0.0,0.0,-0.7839027,0
646021497,-3.7099257,-1.7306592,-0.2591634,0.0,0.0,-0.7839027,0
646026448,-3.8397243,-1.7888578,-0.27592933,0.0,0.0,-0.8019915,0
646031463,-3.8397243,-1.8164469,-0.2964191,0.0,0.0,-0.8019915,0
646036501,-3.8397243,-1.8227484,-0.1704046,0.0,0.0,-0.8203882,0
646041448,-3.8397243,-1.844712,-0.19009545,0.0,0.0,-0.8203882,0
646046455,-3.8397243,-1.8870715,-0.20406745,0.0,0.0,-0.83945876,0
646051497,-3.8397243,-1.9033763,-0.22283724,0.0,0.0,-0.83945876,0
646056469,-3.8397243,-1.8904166,-0.08676875,0.0,0.0,-0.858875,0
646061457,-3.8397243,-1.9000088,-0.10461038,0.0,0.0,-0.858875,0
646066476,-3.8397243,-1.9132307,-0.12309162,0.0,0.0,-0.8787981,0
646071458,-3.8397243,-1.9184414,-0.13902128,0.0,0.0,-0.8787981,0
646076454,-3.8397243,-1.8792044,0.0017393436,0.0,0.0,-0.8990027,0
646081501,-3.8397243,-1.8785272,-0.013964942,0.0,0.0,-0.8990027,0
646086458,-3.8397243,-1.8885969,-0.0283838,0.0,0.0,-0.9197984,0
646091457,-3.8397243,-1.8830667,-0.042069282,0.0,0.0,-0.9197984,0
646096493,-3.8397243,-1.8282354,0.09882521,0.0,0.0,-0.9416567,0
646101456,-3.8397243,-1.8175814,0.0850582,0.0,0.0,-0.9416567,0
646106462,-3.8397243,-1.8171892,0.0733316,0.0,0.0,-0.9631115,0
646111471,-3.8397243,-1.8028643,0.060720585,0.0,0.0,-0.9631115,0
646116460,-3.8397243,-1.7249743,0.1896515,0.0,0.0,-0.9860195,0
646121462,-3.8397243,-1.7056527,0.17698002,0.0,0.0,-0.9860195,0
646126499,-3.8397243,-1.6842747,0.15969844,0.0,0.0,-1.0,0
646131456,-3.8397243,-1.6619937,0.14761864,0.0,0.0,-1.0,0
646136457,-3.8397243,-1.5769464,0.26475343,0.0,0.0,-1.0,0
646141509,-3.8397243,-1.5506815,0.25135818,0.0,0.0,-1.0,0
646146501,-3.8397243,-1.4670007,0.28523225,0.0,0.0,-0.99999994,0
646151459,-3.8397243,-1.437074,0.27096376,0.0,0.0,-0.99999994,0
646156501,-3.8397243,-1.370345,0.24114648,0.0,0.0,-1.0,0
646161465,-3.8397243,-1.294447,0.22982082,0.0,0.0,-1.0,0
646166471,-3.8397243,0.7791831,-0.6943176,0.0,0.0,-0.88238734,0
646171510,-3.8397243,0.96924853,-0.84058696,0.0,0.0,-0.88238734,0
646176455,-3.8397243,2.232885,-1.4068772,0.0,0.0,-0.8853881,0
646181465,-3.8397243,2.3460531,-1.489634,0.0,0.0,-0.8853881,0
646186507,-3.8397243,3.5252912,-1.8413731,0.0,0.0,-0.9415869,0
646191459,-3.8397243,3.6250553,-1.8881202,0.0,0.0,-0.9415869,0
646196464,-3.8397243,3.562159,-1.5906632,0.0,0.0,-0.90657663,0
646201498,-3.8397243,3.6369169,-1.5807228,0.0,0.0,-0.90657663,0
646206465,-3.8397243,3.5381415,-1.4053478,0.0,0.0,-0.92079544,0
646211467,-3.8397243,3.6041024,-1.3828186,0.0,0.0,-0.92079544,0
646216501,-3.8397243,3.3333135,-1.2132027,0.0,0.0,-0.9027698,0
646221457,-3.8397243,3.4109423,-1.1943345,0.0,0.0,-0.9027698,0
646226449,-3.8397243,3.170466,-1.1083331,0.0,0.0,-0.86246264,0
646231499,-3.8397243,3.277341,-1.1270373,0.0,0.0,-0.86246264,0
646236455,-3.8397243,2.7536578,-0.91038525,0.0,0.0,-0.8311928,0
646241450,-3.8397243,2.8739831,-0.9400546,0.0,0.0,-0.8311928,0
646246494,-3.8397243,2.8175151,-0.8979729,0.0,0.0,-0.8332041,0
646251461,-3.8397243,2.945037,-0.93365824,0.0,0.0,-0.8332041,0
646256455,-3.8397243,2.7079878,-0.77773935,0.0,0.0,-0.83653796,0
646261502,-3.8397243,2.8611147,-0.82576805,0.0,0.0,-0.83653796,0
646266455,-3.8397243,2.8244228,-0.80125976,0.0,0.0,-0.8529156,0
646271464,-3.8397243,3.0105696,-0.86017287,0.0,0.0,-0.8529156,0
646276471,-3.8397243,3.1518164,-0.88031596,0.0,0.0,-0.8678658,0
646281456,-3.8397243,3.3841581,-0.9536335,0.0,0.0,-0.8678658,0
646286457,-3.8397243,3.4107006,-0.92766196,0.0,0.0,-0.88067347,0
646291494,-3.8397243,3.6859128,-0.9988846,0.0,0.0,-0.88067347,0
646296455,-3.8397243,3.5830753,-0.8495601,0.0,0.0,-0.8754453,0
646301474,-3.8397243,3.8397243,-0.9007077,0.0,0.0,-0.8754453,0
646306508,-3.8397243,3.6308846,-0.7422357,0.0,0.0,-0.8589215,0
646311458,-3.8397243,3.8397243,-0.7780744,0.0,0.0,-0.8589215,0
646316495,-3.8397243,3.3789477,-0.5718003,0.0,0.0,-0.82999974,0
646321497,-3.8397243,3.612539,-0.59477735,0.0,0.0,-0.82999974,0
646326449,-3.8397243,3.2283487,-0.42494488,0.0,0.0,-0.79790413,0
646331466,-3.8397243,3.5156834,-0.44964635,0.0,0.0,-0.79790413,0
646336500,-3.8397243,3.0404627,-0.32432657,0.0,0.0,-0.76551545,0
646341448,-3.8397243,3.3841631,-0.34701923,0.0,0.0,-0.76551545,0
646346456,-3.8397243,3.7463427,-0.36929834,0.0,0.0,-0.7342894,0
646351496,-3.8397243,3.8397243,-0.40024486,0.0,0.0,-0.7342894,0
646356447,-3.8397243,3.8397243,-0.41015142,0.0,0.0,-0.70140404,0
646361472,-3.8397243,3.8397243,-0.44942635,0.0,0.0,-0.70140404,0
646366497,-3.8397243,3.8397243,-0.5570746,0.0,0.0,-0.679502,0
646371458,-3.8397243,3.8397243,-0.63493973,0.0,0.0,-0.679502,0
646376454,-3.8397243,3.8397243,-0.920751,0.0,0.0,-0.6654125,0
646381501,3.8397243,3.8397243,0.99177736,0.0,0.0,-0.6654125,0
646386456,3.8397243,3.8397243,1.1010871,0.0,0.0,-0.66568214,0
646391462,3.8397243,3.8397243,1.0693351,0.0,0.0,-0.66568214,0
646396500,3.8397243,3.8397243,1.2609391,0.0,0.0,-0.67645764,0
646401462,3.8397243,3.8397243,1.2476754,0.0,0.0,-0.67645764,0
646406463,3.8397243,3.8397243,1.4612403,0.0,0.0,-0.6971117,0
646411503,3.8397243,3.8397243,1.450585,0.0,0.0,-0.6971117,0
646416455,3.8397243,3.8397243,1.5323375,0.0,0.0,-0.7157501,0
646421462,3.8397243,3.8397243,1.5321106,0.0,0.0,-0.7157501,0
646426497,3.8397243,3.8397243,1.6429651,0.0,0.0,-0.74136096,0
646431456,3.8397243,3.8244145,1.6469431,0.0,0.0,-0.74136096,0
646436454,3.8397243,3.6800437,1.6558447,0.0,0.0,-0.7743963,0
646441469,3.8397243,3.3085718,1.6413306,0.0,0.0,-0.7743963,0
646446473,3.8397243,3.0302346,1.6321819,0.0,0.0,-0.8055534,0
646451458,3.8397243,2.755195,1.6206244,0.0,0.0,-0.8055534,0
646456496,3.8397243,2.9056485,1.7186342,0.0,0.0,-0.8206716,0
646461468,3.8397243,2.6676126,1.7042532,0.0,0.0,-0.8206716,0
646466453,3.8397243,2.4568005,1.6256489,0.0,0.0,-0.82805145,0
646471496,3.8397243,2.2484686,1.6314471,0.0,0.0,-0.82805145,0
646476455,3.8397243,1.8103361,1.4858757,0.0,0.0,-0.8303257,0
646481452,3.8397243,1.6508242,1.5007939,0.0,0.0,-0.8303257,0
646486496,3.8397243,1.5128083,1.4407384,0.0,0.0,-0.83123803,0
646491449,3.8397243,1.3716565,1.4547068,0.0,0.0,-0.83123803,0
646496458,3.8397243,0.86889976,1.2842901,0.0,0.0,-0.8306918,0
646501506,3.8397243,0.7366689,1.2871205,0.0,0.0,-0.8306918,0
646506461,3.8397243,0.49004567,1.174165,0.0,0.0,-0.8225342,0
646511457,3.8397243,0.38031885,1.1798121,0.0,0.0,-0.8225342,0
646516495,3.8397243,-0.014543536,0.9981119,0.0,0.0,-0.8114279,0
646521447,3.8397243,-0.112144426,1.0059805,0.0,0.0,-0.8114279,0
646526442,3.8397243,-0.38628787,0.89203507,0.0,0.0,-0.79883194,0
646531500,3.8397243,-0.4723388,0.8955509,0.0,0.0,-0.79883194,0
646536461,3.8397243,-0.83878577,0.7205058,0.0,0.0,-0.792095,0
646541445,3.8397243,-0.9485921,0.70923436,0.0,0.0,-0.792095,0
646546495,3.8397243,-1.1983783,0.62467235,0.0,0.0,-0.7903195,0
646551456,3.8397243,-1.2959673,0.6097207,0.0,0.0,-0.7903195,0
646556444,3.8397243,-1.1514087,0.6667541,0.0,0.0,-0.7864524,0
646561495,3.8397243,-1.2783031,0.6368943,0.0,0.0,-0.7864524,0
646566457,3.8397243,-0.9903286,0.745593,0.0,0.0,-0.78624654,0
646571443,3.8397243,-1.101336,0.72329605,0.0,0.0,-0.78624654,0
646576500,3.8397243,-0.6109605,0.93465453,0.0,0.0,-0.78215605,0
646581460,3.8397243,-0.7052473,0.92549855,0.0,0.0,-0.78215605,0
646586461,3.8397243,0.04727167,1.2777151,0.0,0.0,-0.77974844,0
646591473,3.8397243,-0.028005492,1.2801559,0.0,0.0,-0.77974844,0
646596461,3.8397243,0.6930184,1.5981431,0.0,0.0,-0.7840748,0
646601452,3.8397243,0.63100433,1.6147709,0.0,0.0,-0.7840748,0
646606514,3.8397243,1.3730289,1.9144514,0.0,0.0,-0.79257953,0
646611453,3.8397243,1.3272439,1.9389478,0.0,0.0,-0.79257953,0
646616454,3.8397243,1.7274017,2.088592,0.0,0.0,-0.7975567,0
646621497,3.8397243,1.709139,2.1206708,0.0,0.0,-0.7975567,0
646626461,3.8397243,1.6786671,2.1142967,0.0,0.0,-0.79117584,0
646631450,3.8397243,1.6876968,2.1404269,0.0,0.0,-0.79117584,0
646636496,3.8397243,1.488822,2.0329912,0.0,0.0,-0.7909904,0
646641456,3.8397243,1.5179282,2.0438817,0.0,0.0,-0.7909904,0
646646454,3.8397243,1.1558869,1.828382,0.0,0.0,-0.7947524,0
646651495,3.8397243,1.220406,1.8380975,0.0,0.0,-0.7947524,0
646656448,3.8397243,0.68972814,1.5797054,0.0,0.0,-0.8039182,0
646661455,3.8397243,0.787875,1.601408,0.0,0.0,-0.8039182,0
646666498,3.8397243,0.46747482,1.4551448,0.0,0.0,-0.8159377,0
646671453,3.8397243,0.5641775,1.4753484,0.0,0.0,-0.8159377,0
646676459,3.8397243,0.2033355,1.3239876,0.0,0.0,-0.8329958,0
646681500,3.8397243,0.27174416,1.3297116,0.0,0.0,-0.8329958,0
646686457,3.8397243,0.00082952576,1.2098986,0.0,0.0,-0.84924674,0
646691443,3.8397243,0.027696643,1.2014867,0.0,0.0,-0.84924674,0
646696496,3.8397243,-0.24930198,1.0972208,0.0,0.0,-0.86352044,0
646701457,3.8397243,-0.24593627,1.0867957,0.0,0.0,-0.86352044,0
646706462,3.8397243,-0.4160784,1.0220991,0.0,0.0,-0.86870104,0
646711508,3.8397243,-0.42264482,1.0103185,0.0,0.0,-0.86870104,0
646716453,3.8397243,-0.54376966,0.969861,0.0,0.0,-0.86906946,0
646721442,3.8397243,-0.56667584,0.9544972,0.0,0.0,-0.86906946,0
646726498,3.8397243,-0.52883613,0.97940737,0.0,0.0,-0.86706656,0
646731456,3.8397243,-0.5739118,0.95627564,0.0,0.0,-0.86706656,0
646736451,3.8397243,-0.5721917,0.9514388,0.0,0.0,-0.8659049,0
646741473,3.8397243,-0.6326744,0.924238,0.0,0.0,-0.8659049,0
646746461,3.8397243,-0.5687448,0.9565528,0.0,0.0,-0.8621509,0
646751464,3.8397243,-0.6269304,0.93295306,0.0,0.0,-0.8621509,0
646756477,3.8397243,-0.521944,1.0004704,0.0,0.0,-0.8592931,0
646761467,3.8397243,-0.5742485,0.9802167,0.0,0.0,-0.8592931,0
646766450,3.8397243,-0.40526012,1.051046,0.0,0.0,-0.86061865,0
646771497,3.8397243,-0.452229,1.0310371,0.0,0.0,-0.86061865,0
646776462,3.8397243,-0.4090938,1.04447,0.0,0.0,-0.86768895,0
646781454,3.8397243,-0.45501307,1.0240277,0.0,0.0,-0.86768895,0
646786497,3.8397243,-0.3966467,1.0583938,0.0,0.0,-0.8781901,0
646791452,3.8397243,-0.43478748,1.0390338,0.0,0.0,-0.8781901,0
646796453,3.8397243,-0.45623818,1.0349609,0.0,0.0,-0.8902267,0
646801500,3.8397243,-0.48465008,1.0192503,0.0,0.0,-0.8902267,0
646806463,3.8397243,-0.55244255,1.0046573,0.0,0.0,-0.9005469,0
646811451,3.8397243,-0.5751157,0.99102265,0.0,0.0,-0.9005469,0
646816507,3.8397243,-0.5988843,0.9938502,0.0,0.0,-0.9120127,0
646821449,3.8397243,-0.61694264,0.9813181,0.0,0.0,-0.9120127,0
646826451,3.8397243,-0.6343619,0.98001635,0.0,0.0,-0.92093444,0
646831497,3.8397243,-0.6560485,0.9652845,0.0,0.0,-0.92093444,0
646836461,3.8397243,-0.77876693,0.9153158,0.0,0.0,-0.92586005,0
646841449,3.8397243,-0.8008308,0.90165037,0.0,0.0,-0.92586005,0
646846500,3.8397243,-0.92511135,0.86854196,0.0,0.0,-0.9297699,0
646851455,3.8397243,-0.94381917,0.8578564,0.0,0.0,-0.9297699,0
646856446,3.8397243,-1.0341928,0.8353775,0.0,0.0,-0.9332697,0
646861508,3.8397243,-1.0495988,0.8264311,0.0,0.0,-0.9332697,0
646866455,3.8397243,-1.1146919,0.8132344,0.0,0.0,-0.9358762,0
646871444,3.8397243,-1.1297657,0.805104,0.0,0.0,-0.9358762,0
646876497,3.8397243,-1.1993127,0.79473567,0.0,0.0,-0.9401499,0
646881456,3.8397243,-1.2144077,0.7867618,0.0,0.0,-0.9401499,0
646886442,3.8397243,-1.250006,0.7816914,0.0,0.0,-0.9445252,0
646891472,3.8397243,-1.2618171,0.7756359,0.0,0.0,-0.9445252,0
646896462,3.8397243,-1.327046,0.750872,0.0,0.0,-0.9466949,0
646901452,3.8397243,-1.3368819,0.7470105,0.0,0.0,-0.9466949,0
646906504,3.8397243,-1.3146031,0.76750284,0.0,0.0,-0.9530446,0
646911465,3.8397243,-1.3248072,0.7642324,0.0,0.0,-0.9530446,0
646916461,3.8397243,-1.2411135,0.80805737,0.0,0.0,-0.9644575,0
646921508,3.8397243,-1.2519313,0.80503184,0.0,0.0,-0.9644575,0
646926452,3.8397243,-1.234512,0.8179242,0.0,0.0,-0.9758772,0
646931451,3.8397243,-1.2454073,0.814471,0.0,0.0,-0.9758772,0
646936496,3.8397243,-1.2428917,0.81370974,0.0,0.0,-0.9857485,0
646941449,3.8397243,-1.249011,0.81180185,0.0,0.0,-0.9857485,0
646946458,3.8397243,-1.1855025,0.83811253,0.0,0.0,-0.99849975,0
646951499,3.8397243,-1.1857954,0.838525,0.0,0.0,-0.99849975,0
646956448,3.8397243,-1.1320832,0.8740066,0.0,0.0,-1.0,0
646961453,3.8397243,-1.1283413,0.87579155,0.0,0.0,-1.0,0
646966496,3.8397243,-1.0558482,0.9230607,0.0,0.0,-1.0,0
646971451,3.8397243,-1.0515448,0.92507124,0.0,0.0,-1.0,0
646976457,3.8397243,-1.05205,0.9154545,0.0,0.0,-1.0,0
646981496,3.8397243,-1.0481633,0.9176629,0.0,0.0,-1.0,0
646986453,3.8397243,-1.0682671,0.9146566,0.0,0.0,-1.0,0
646991442,3.8397243,-1.0634124,0.91866845,0.0,0.0,-1.0,0
646996497,3.8397243,-1.0245283,0.95165664,0.0,0.0,-1.0,0
647001461,3.8397243,-1.0183576,0.95719326,0.0,0.0,-1.0,0
647006461,3.8397243,-0.9957443,0.98479277,0.0,0.0,-1.0,0
647011500,3.8397243,-0.9899613,0.99137557,0.0,0.0,-1.0,0
647016455,3.8397243,-1.0370693,0.96682656,0.0,0.0,-0.99999994,0
647021445,3.8397243,-1.0296369,0.9739719,0.0,0.0,-0.99999994,0
647026502,3.8397243,-1.0437471,0.964682,0.0,0.0,-1.0,0
647031454,3.8397243,-1.0353893,0.9726302,0.0,0.0,-1.0,0
647036443,3.8397243,-0.95766777,1.0194004,0.0,0.0,-1.0,0
647041493,3.8397243,-0.9489286,1.0273093,0.0,0.0,-1.0,0
647046461,3.8397243,-0.8877193,1.0743562,0.0,0.0,-0.99999994,0
647051514,3.8397243,-0.8768046,1.0829023,0.0,0.0,-0.99999994,0
647056471,3.8397243,-0.89007485,1.0715429,0.0,0.0,-1.0,0
647061465,3.8397243,-0.87741965,1.079932,0.0,0.0,-1.0,0
647066454,3.8397243,-0.891992,1.0559407,0.0,0.0,-0.99999994,0
647071496,3.8397243,-0.8764012,1.0645992,0.0,0.0,-0.99999994,0
647076461,3.8397243,-0.90410244,1.0600613,0.0,0.0,-1.0,0
647081462,3.8397243,-0.8861034,1.0690389,0.0,0.0,-1.0,0
647086505,3.8397243,-0.78160834,1.1182268,0.0,0.0,-1.0,0
647091456,3.8397243,-0.7620152,1.1274307,0.0,0.0,-1.0,0
647096452,3.8397243,-0.7564686,1.1302248,0.0,0.0,-1.0,0
647101495,3.8397243,-0.7334955,1.1404276,0.0,0.0,-1.0,0
647106462,3.8397243,-0.71243954,1.1280872,0.0,0.0,-1.0,0
647111454,3.8397243,-0.689382,1.1376591,0.0,0.0,-1.0,0
647116496,3.8397243,-0.6737637,1.1437294,0.0,0.0,-0.99999994,0
647121453,3.8397243,-0.6502592,1.1537157,0.0,0.0,-0.99999994,0
647126458,3.8397243,-0.5341165,1.2131804,0.0,0.0,-1.0,0
647131509,3.8397243,-0.51252204,1.2227911,0.0,0.0,-1.0,0
647136447,3.8397243,-0.48502764,1.2318571,0.0,0.0,-1.0,0
647141452,3.8397243,-0.46593943,1.2410978,0.0,0.0,-1.0,0
647146496,3.8397243,-0.49031556,1.2091647,0.0,0.0,-1.0,0
647151461,3.8397243,-0.47587755,1.2166568,0.0,0.0,-1.0,0
647156445,3.8397243,-0.46307874,1.2233608,0.0,0.0,-1.0,0
647161495,3.8397243,-0.4531152,1.22944,0.0,0.0,-1.0,0
647166461,3.8397243,-0.41651642,1.2639235,0.0,0.0,-1.0,0
647171446,3.8397243,-0.4112656,1.2687473,0.0,0.0,-1.0,0
647176496,3.8397243,-0.43366063,1.2670146,0.0,0.0,-1.0,0
647181514,3.8397243,-0.43211973,1.2704765,0.0,0.0,-1.0,0
647186444,3.8397243,-0.5026213,1.2221837,0.0,0.0,-0.99999994,0
647191498,3.8397243,-0.5048096,1.2242762,0.0,0.0,-0.99999994,0
647196458,3.8397243,-0.6095703,1.1842825,0.0,0.0,-1.0,0
647201451,3.8397243,-0.61338466,1.1852002,0.0,0.0,-1.0,0
647206503,3.8397243,-0.6232926,1.1913054,0.0,0.0,-1.0,0
647211461,3.8397243,-0.62933785,1.1909726,0.0,0.0,-1.0,0
647216458,3.8397243,-0.66427284,1.186904,0.0,0.0,-1.0,0
647221471,3.8397243,-0.6720612,1.1860167,0.0,0.0,-1.0,0
647226455,3.8397243,-0.7189694,1.1515837,0.0,0.0,-1.0,0
647231453,3.8397243,-0.7271474,1.1498022,0.0,0.0,-1.0,0
647236502,3.8397243,-0.7766071,1.1240655,0.0,0.0,-1.0,0
647241464,3.8397243,-0.7844921,1.1221689,0.0,0.0,-1.0,0
647246455,3.8397243,-0.7578427,1.1345446,0.0,0.0,-1.0,0
647251496,3.8397243,-0.7681151,1.1311439,0.0,0.0,-1.0,0
647256448,3.8397243,-0.7032494,1.1734003,0.0,0.0,-0.99999994,0
647261453,3.8397243,-0.7127577,1.1700449,0.0,0.0,-0.99999994,0
647266498,3.8397243,-0.730147,1.1518499,0.0,0.0,-0.99999994,0
647271448,3.8397243,-0.737473,1.1487253,0.0,0.0,-0.99999994,0
647276460,3.8397243,-0.73564506,1.1423758,0.0,0.0,-1.0,0
647281505,3.8397243,-0.74072844,1.1404958,0.0,0.0,-1.0,0
647286447,3.8397243,-0.6463472,1.1804892,0.0,0.0,-1.0,0
647291452,3.8397243,-0.6505528,1.1782814,0.0,0.0,-1.0,0
647296496,3.8397243,-0.5967289,1.2179468,0.0,0.0,-1.0,0
647301466,3.8397243,-0.5987514,1.2163931,0.0,0.0,-1.0,0
647306461,3.8397243,-0.5398647,1.2335942,0.0,0.0,-0.99999994,0
647311523,3.8397243,-0.53941756,1.2327409,0.0,0.0,-0.99999994,0
647316450,3.8397243,-0.59492713,1.2042655,0.0,0.0,-1.0,0
647321447,3.8397243,-0.59242016,1.2040291,0.0,0.0,-1.0,0
647326507,3.8397243,-0.56003815,1.2208979,0.0,0.0,-1.0,0
647331452,3.8397243,-0.55642813,1.2205298,0.0,0.0,-1.0,0
647336451,3.8397243,-0.54996026,1.2329684,0.0,0.0,-0.99999994,0
647341503,3.8397243,-0.5450323,1.233024,0.0,0.0,-0.99999994,0
647346451,3.8397243,-0.5378925,1.2392777,0.0,0.0,-0.99999994,0
647351456,3.8397243,-0.53292274,1.2387521,0.0,0.0,-0.99999994,0
647356473,3.8397243,-0.62534463,1.1822317,0.0,0.0,-1.0,0
647361454,3.8397243,-0.6195078,1.1820987,0.0,0.0,-1.0,0
647366461,3.8397243,-0.6538056,1.1762434,0.0,0.0,-1.0,0
647371494,3.8397243,-0.649515,1.1751481,0.0,0.0,-1.0,0
647376452,3.8397243,-0.6664053,1.1715219,0.0,0.0,-1.0,0
647381455,3.8397243,-0.6631019,1.1702656,0.0,0.0,-1.0,0
647386495,3.8397243,-0.67227054,1.1813327,0.0,0.0,-1.0,0
647391457,3.8397243,-0.67057526,1.1796823,0.0,0.0,-1.0,0
647396461,3.8397243,-0.7070167,1.1498893,0.0,0.0,-1.0,0
647401508,3.8397243,-0.707156,1.1479859,0.0,0.0,-1.0,0
647406459,3.8397243,-0.75036794,1.1249523,0.0,0.0,-1.0,0
647411461,3.8397243,-0.75251913,1.1229244,0.0,0.0,-1.0,0
647416496,3.8397243,-0.7165849,1.1519194,0.0,0.0,-0.9896961,0
647421440,3.8397243,-0.72226864,1.1489354,0.0,0.0,-0.9896961,0
647426455,3.8397243,-0.68250674,1.1802579,0.0,0.0,-0.9963687,0
647431497,3.8397243,-0.68939435,1.177639,0.0,0.0,-0.9963687,0
647436447,3.8397243,-0.6947507,1.1725558,0.0,0.0,-0.97602844,0
647441458,3.8397243,-0.703135,1.1696832,0.0,0.0,-0.97602844,0
647446508,3.8397243,-0.711378,1.1637203,0.0,0.0,-0.97866106,0
647451441,3.8397243,-0.7198637,1.1611873,0.0,0.0,-0.97866106,0
647456447,3.8397243,-0.68857664,1.1790466,0.0,0.0,-0.9635263,0
647461503,3.8397243,-0.69887936,1.1757957,0.0,0.0,-0.9635263,0
647466460,3.8397243,-0.6352798,1.2257941,0.0,0.0,-0.97299665,0
647471447,3.8397243,-0.6445009,1.2232674,0.0,0.0,-0.97299665,0
647476504,3.8397243,-0.6324099,1.2252399,0.0,0.0,-0.9564554,0
647481450,3.8397243,-0.6406623,1.2231193,0.0,0.0,-0.9564554,0
647486447,3.8397243,-0.66452146,1.2063478,0.0,0.0,-0.95845526,0
647491506,3.8397243,-0.6705436,1.2047255,0.0,0.0,-0.95845526,0
647496451,3.8397243,-0.66520524,1.2091097,0.0,0.0,-0.9501891,0
647501449,3.8397243,-0.6692101,1.2080808,0.0,0.0,-0.9501891,0
647506503,3.8397243,-0.6190456,1.2432883,0.0,0.0,-0.9566685,0
647511457,3.8397243,-0.6213351,1.242518,0.0,0.0,-0.9566685,0
647516460,3.8397243,-0.60505784,1.253738,0.0,0.0,-0.9472736,0
647521496,3.8397243,-0.6039795,1.2544452,0.0,0.0,-0.9472736,0
647526450,3.8397243,-0.62870324,1.2293656,0.0,0.0,-0.94521,0
647531455,3.8397243,-0.6261625,1.230334,0.0,0.0,-0.94521,0
647536496,3.8397243,-0.63272375,1.2284759,0.0,0.0,-0.9348287,0
647541450,3.8397243,-0.62666917,1.2305237,0.0,0.0,-0.9348287,0
647546458,3.8397243,-0.59155256,1.2543789,0.0,0.0,-0.938456,0
647551506,3.8397243,-0.58527493,1.2564377,0.0,0.0,-0.938456,0
647556443,3.8397243,-0.5604429,1.2743173,0.0,0.0,-0.9312716,0
647561454,3.8397243,-0.5511444,1.2772331,0.0,0.0,-0.9312716,0
647566497,3.8397243,-0.5874671,1.2460166,0.0,0.0,-0.9293335,0
647571447,3.8397243,-0.5777888,1.2494162,0.0,0.0,-0.9293335,0
647576462,3.8397243,-0.572794,1.2451992,0.0,0.0,-0.9223355,0
647581508,3.8397243,-0.5626282,1.2482407,0.0,0.0,-0.9223355,0
647586446,3.8397243,-0.5105062,1.2876378,0.0,0.0,-0.928329,0
647591455,3.8397243,-0.5016701,1.2903588,0.0,0.0,-0.928329,0
647596502,3.8397243,-0.45182806,1.3148733,0.0,0.0,-0.9269288,0
647601445,3.8397243,-0.44464493,1.3170416,0.0,0.0,-0.9269288,0
647606463,3.8397243,-0.4428248,1.3127218,0.0,0.0,-0.92884624,0
647611501,3.8397243,-0.4349777,1.3154218,0.0,0.0,-0.92884624,0
647616451,3.8397243,-0.43981743,1.305864,0.0,0.0,-0.9255517,0
647621447,3.8397243,-0.4347204,1.3080994,0.0,0.0,-0.9255517,0
647626498,3.8397243,-0.3914236,1.3425071,0.0,0.0,-0.932473,0
647631461,3.8397243,-0.38862336,1.3436415,0.0,0.0,-0.932473,0
647636448,3.8397243,-0.31127965,1.3875462,0.0,0.0,-0.9324229,0
647641497,3.8397243,-0.3108654,1.3883493,0.0,0.0,-0.9324229,0
647646451,3.8397243,-0.3001243,1.3814096,0.0,0.0,-0.9333482,0
647651454,3.8397243,-0.3007502,1.382054,0.0,0.0,-0.9333482,0
647656506,3.8397243,-0.3120473,1.3763139,0.0,0.0,-0.92858106,0
647661452,3.8397243,-0.31372663,1.3771565,0.0,0.0,-0.92858106,0
647666459,3.8397243,-0.27423683,1.4021652,0.0,0.0,-0.93197155,0
647671468,3.8397243,-0.27816862,1.402229,0.0,0.0,-0.93197155,0
647676454,3.8397243,-0.2669629,1.426888,0.0,0.0,-0.93319505,0
647681456,3.8397243,-0.27222502,1.4265513,0.0,0.0,-0.93319505,0
647686472,3.8397243,-0.3067388,1.3997185,0.0,0.0,-0.93219936,0
647691457,3.8397243,-0.3125556,1.3992534,0.0,0.0,-0.93219936,0
647696471,3.8397243,-0.3484593,1.3781948,0.0,0.0,-0.9289206,0
647701517,3.8397243,-0.35360372,1.3779072,0.0,0.0,-0.9289206,0
647706468,3.8397243,-0.3830571,1.3649873,0.0,0.0,-0.931093,0
647711458,3.8397243,-0.38851932,1.3642138,0.0,0.0,-0.931093,0
647716475,3.8397243,-0.3575789,1.3912083,0.0,0.0,-0.9362836,0
647721447,3.8397243,-0.3618463,1.3903885,0.0,0.0,-0.9362836,0
647726461,3.8397243,-0.36798346,1.3906041,0.0,0.0,-0.9392851,0
647731498,3.8397243,-0.3719716,1.38946,0.0,0.0,-0.9392851,0
647736444,3.8397243,-0.37937254,1.3783095,0.0,0.0,-0.94412273,0
647741458,3.8397243,-0.38046697,1.3778895,0.0,0.0,-0.94412273,0
647746494,3.8397243,-0.4308587,1.3505199,0.0,0.0,-0.9457162,0
647751445,3.8397243,-0.43091497,1.3499299,0.0,0.0,-0.9457162,0
647756455,3.8397243,-0.3850562,1.3774682,0.0,0.0,-0.9573674,0
647761503,3.8397243,-0.38344127,1.3768343,0.0,0.0,-0.9573674,0
647766459,3.8397243,-0.34157103,1.3980626,0.0,0.0,-0.9617375,0
647771447,3.8397243,-0.33914337,1.3980472,0.0,0.0,-0.9617375,0
647776494,3.8397243,-0.30636147,1.4049182,0.0,0.0,-0.9692376,0
647781453,3.8397243,-0.30236676,1.405138,0.0,0.0,-0.9692376,0
647786449,3.8397243,-0.31625205,1.3901786,0.0,0.0,-0.9684837,0
647791497,3.8397243,-0.31099814,1.3911414,0.0,0.0,-0.9684837,0
647796458,3.8397243,-0.29990074,1.3943688,0.0,0.0,-0.9770802,0
647801449,3.8397243,-0.29554796,1.394778,0.0,0.0,-0.9770802,0
647806507,3.8397243,-0.23863457,1.4352893,0.0,0.0,-0.981223,0
647811454,3.8397243,-0.23360035,1.4364005,0.0,0.0,-0.981223,0
647816457,3.8397243,-0.18599184,1.4522136,0.0,0.0,-0.99001694,0
647821468,3.8397243,-0.18181564,1.4531219,0.0,0.0,-0.99001694,0
647826459,3.8397243,-0.22957881,1.4283032,0.0,0.0,-0.98876566,0
647831466,3.8397243,-0.22575565,1.429283,0.0,0.0,-0.98876566,0
647836471,3.8397243,-0.2243137,1.4258244,0.0,0.0,-0.9962573,0
647841460,3.8397243,-0.2228651,1.425712,0.0,0.0,-0.9962573,0
647846464,3.8397243,-0.21962667,1.4481939,0.0,0.0,-0.99999994,0
647851500,3.8397243,-0.21958862,1.4478021,0.0,0.0,-0.99999994,0
647856461,3.8397243,-0.17170326,1.4746906,0.0,0.0,-0.99999994,0
647861464,3.8397243,-0.17259489,1.4739087,0.0,0.0,-0.99999994,0
647866501,3.8397243,-0.24531324,1.4348626,0.0,0.0,-1.0,0
647871444,3.8397243,-0.2476179,1.4338951,0.0,0.0,-1.0,0
647876455,3.8397243,-0.2978994,1.40579,0.0,0.0,-0.99999994,0
647881474,3.8397243,-0.29747263,1.40414,0.0,0.0,-0.99999994,0
647886447,3.8397243,-0.2871912,1.4132055,0.0,0.0,-1.0,0
647891460,3.8397243,-0.27705655,1.4150146,0.0,0.0,-1.0,0
647896498,3.8397243,-0.2176577,1.438987,0.0,0.0,-0.99999994,0
647901451,3.8397243,-0.19971193,1.4440889,0.0,0.0,-0.99999994,0
647906475,3.8397243,-0.20801018,1.4288484,0.0,0.0,-1.0,0
647911473,3.8397243,-0.18392554,1.4353974,0.0,0.0,-1.0,0
647916445,3.8397243,-0.11547495,1.4508224,0.0,0.0,-1.0,0
647921447,3.8397243,-0.08734656,1.4572766,0.0,0.0,-1.0,0
647926496,3.8397243,-0.038824707,1.4703727,0.0,0.0,-0.99999994,0
647931454,3.8397243,-0.005007049,1.4790001,0.0,0.0,-0.99999994,0
647936447,3.8397243,0.07122024,1.5068556,0.0,0.0,-0.99999994,0
647941494,3.8397243,0.112598985,1.5178697,0.0,0.0,-0.99999994,0
647946455,3.8397243,0.1667797,1.527159,0.0,0.0,-1.0,0
647951451,3.8397243,0.21042198,1.5385576,0.0,0.0,-1.0,0
647956474,3.8397243,0.25525162,1.5550882,0.0,0.0,-0.99999994,0
647961461,3.8397243,0.29791155,1.5649964,0.0,0.0,-0.99999994,0
647966451,3.8397243,0.34774253,1.5765871,0.0,0.0,-1.0,0
647971494,3.8397243,0.38679406,1.5846336,0.0,0.0,-1.0,0
647976453,3.8397243,0.41973263,1.5928782,0.0,0.0,-1.0,0
647981455,3.8397243,0.45420164,1.5996803,0.0,0.0,-1.0,0
647986468,3.8397243,0.49253133,1.6085502,0.0,0.0,-1.0,0
647991453,3.8397243,0.5203333,1.6141517,0.0,0.0,-1.0,0
647996460,3.8397243,0.52959,1.6265678,0.0,0.0,-1.0,0
648001475,3.8397243,0.54842186,1.6299741,0.0,0.0,-1.0,0
648006468,3.8397243,0.5708566,1.6464628,0.0,0.0,-1.0,0
648011459,3.8397243,0.5794744,1.6471044,0.0,0.0,-1.0,0
648016506,3.8397243,0.5624754,1.6356516,0.0,0.0,-0.99999994,0
648021446,3.8397243,0.56048584,1.6340817,0.0,0.0,-0.99999994,0
648026455,3.8397243,0.5478964,1.6355431,0.0,0.0,-0.99999994,0
648031475,3.8397243,0.53526914,1.6318965,0.0,0.0,-0.99999994,0
648036446,3.8397243,0.49515173,1.6238964,0.0,0.0,-1.0,0
648041455,3.8397243,0.47384548,1.6183956,0.0,0.0,-1.0,0
648046507,3.8397243,0.42662945,1.6030691,0.0,0.0,-0.99773127,0
648051446,3.8397243,0.39704072,1.5958282,0.0,0.0,-0.99773127,0
648056459,3.8397243,0.33158356,1.567712,0.0,0.0,-0.997667,0
648061498,3.8397243,0.29541877,1.558682,0.0,0.0,-0.997667,0
648066444,3.8397243,0.22211543,1.5312086,0.0,0.0,-0.9948772,0
648071462,3.8397243,0.18241325,1.5214146,0.0,0.0,-0.9948772,0
648076499,3.8397243,0.10397009,1.4934665,0.0,0.0,-0.9994418,0
648081456,3.8397243,0.06415066,1.4838275,0.0,0.0,-0.9994418,0
648086446,3.8397243,0.0033730774,1.4587806,0.0,0.0,-1.0,0
648091511,3.8397243,-0.034769922,1.4492553,0.0,0.0,-1.0,0
648096456,3.8397243,-0.07852948,1.4332621,0.0,0.0,-1.0,0
648101461,3.8397243,-0.11261547,1.4239503,0.0,0.0,-1.0,0
648106510,3.8397243,-0.13682716,1.4144413,0.0,0.0,-0.99999994,0
648111464,3.8397243,-0.16478366,1.4058954,0.0,0.0,-0.99999994,0
648116447,3.8397243,-0.15319122,1.4095373,0.0,0.0,-1.0,0
648121473,3.8397243,-0.17396455,1.4024835,0.0,0.0,-1.0,0
648126458,3.8397243,-0.15061148,1.4099063,0.0,0.0,-1.0,0
648131455,3.8397243,-0.1624814,1.4046704,0.0,0.0,-1.0,0
648136468,3.8397243,-0.10599505,1.4252349,0.0,0.0,-1.0,0
648141459,3.8397243,-0.10864222,1.4221495,0.0,0.0,-1.0,0
648146460,3.8397243,-0.042334102,1.4461964,0.0,0.0,-1.0,0
648151473,3.8397243,-0.035976294,1.4456791,0.0,0.0,-1.0,0
648156457,3.8397243,0.039406084,1.4672831,0.0,0.0,-1.0,0
648161463,3.8397243,0.053919785,1.469228,0.0,0.0,-1.0,0
648166474,3.8397243,0.13645785,1.495452,0.0,0.0,-1.0,0
648171453,3.8397243,0.15771122,1.4994535,0.0,0.0,-1.0,0
648176471,3.8397243,0.24464439,1.5281578,0.0,0.0,-1.0,0
648181502,3.8397243,0.2715521,1.534247,0.0,0.0,-1.0,0
648186445,3.8397243,0.35042408,1.561515,0.0,0.0,-1.0,0
648191464,3.8397243,0.38100353,1.5693555,0.0,0.0,-1.0,0
648196499,3.8397243,0.44641644,1.591826,0.0,0.0,-1.0,0
648201445,3.8397243,0.47860995,1.6005809,0.0,0.0,-1.0,0
648206470,3.8397243,0.5248253,1.6175033,0.0,0.0,-0.99999994,0
648211475,3.8397243,0.5569267,1.6264645,0.0,0.0,-0.99999994,0
648216446,3.8397243,0.58538723,1.6371039,0.0,0.0,-1.0,0
648221473,3.8397243,0.6155133,1.6456091,0.0,0.0,-1.0,0
648226494,3.8397243,0.6188568,1.6467443,0.0,0.0,-0.99999994,0
648231455,3.8397243,0.64620966,1.6544569,0.0,0.0,-0.99999994,0
648236449,3.8397243,0.62778246,1.6460451,0.0,0.0,-1.0,0
648241496,3.8397243,0.65148234,1.6525717,0.0,0.0,-1.0,0
648246455,3.8397243,0.6156132,1.6385729,0.0,0.0,-1.0,0
648251447,3.8397243,0.6337977,1.6432334,0.0,0.0,-1.0,0
648256500,3.8397243,0.5787923,1.6162314,0.0,0.0,-1.0,0
648261454,3.8397243,0.5903443,1.6186332,0.0,0.0,-1.0,0
648266446,3.8397243,0.52558535,1.5882802,0.0,0.0,-1.0,0
648271475,3.8397243,0.5301658,1.5884535,0.0,0.0,-1.0,0
648276459,3.8397243,0.4612182,1.5574673,0.0,0.0,-1.0,0
648281462,3.8397243,0.45862645,1.5556984,0.0,0.0,-1.0,0
648286495,3.8397243,0.39615592,1.5292165,0.0,0.0,-0.99999994,0
648291454,3.8397243,0.38629055,1.5256094,0.0,0.0,-0.99999994,0
648296456,3.8397243,0.33148837,1.5030965,0.0,0.0,-1.0,0
648301468,3.8397243,0.31495318,1.4978174,0.0,0.0,-1.0,0
648306471,3.8397243,0.2771381,1.4827279,0.0,0.0,-1.0,0
648311455,3.8397243,0.2549453,1.4761853,0.0,0.0,-1.0,0
648316494,3.8397243,0.2324912,1.4689355,0.0,0.0,-0.99999994,0
648321459,3.8397243,0.20643269,1.4617798,0.0,0.0,-0.99999994,0
648326462,3.8397243,0.20608953,1.4657196,0.0,0.0,-0.99999994,0
648331494,3.8397243,0.17704427,1.4582295,0.0,0.0,-0.99999994,0
648336447,3.8397243,0.19106857,1.4684505,0.0,0.0,-0.99999994,0
648341455,3.8397243,0.16081254,1.4610028,0.0,0.0,-0.99999994,0
648346494,3.8397243,0.18974952,1.4784861,0.0,0.0,-1.0,0
648351459,3.8397243,0.16065018,1.4715693,0.0,0.0,-1.0,0
648356456,3.8397243,0.19827792,1.4883864,0.0,0.0,-1.0,0
648361493,3.8397243,0.17136039,1.4822701,0.0,0.0,-1.0,0
648366448,3.8397243,0.21179087,1.4999408,0.0,0.0,-1.0,0
648371462,3.8397243,0.18909684,1.4949641,0.0,0.0,-1.0,0
648376499,3.8397243,0.23218718,1.511665,0.0,0.0,-1.0,0
648381453,3.8397243,0.21487871,1.5078638,0.0,0.0,-1.0,0
648386448,3.8397243,0.25600904,1.5225608,0.0,0.0,-1.0,0
648391498,3.8397243,0.24471237,1.5201074,0.0,0.0,-1.0,0
648396453,3.8397243,0.2828279,1.5317265,0.0,0.0,-0.99999994,0
648401452,3.8397243,0.2787666,1.5309279,0.0,0.0,-0.99999994,0
648406510,3.8397243,0.306575,1.5361022,0.0,0.0,-0.99999994,0
648411452,3.8397243,0.30987692,1.5371127,0.0,0.0,-0.99999994,0
648416445,3.8397243,0.3271833,1.5372826,0.0,0.0,-0.99999994,0
648421475,3.8397243,0.33729354,1.5399648,0.0,0.0,-0.99999994,0
648426453,3.8397243,0.3458859,1.5354422,0.0,0.0,-1.0,0
648431447,3.8397243,0.361868,1.5395482,0.0,0.0,-1.0,0
648436474,3.8397243,0.363306,1.5315312,0.0,0.0,-1.0,0
648441454,3.8397243,0.3840003,1.5368689,0.0,0.0,-1.0,0
648446460,3.8397243,0.3758667,1.5249728,0.0,0.0,-1.0,0
648451497,3.8397243,0.40044937,1.5314065,0.0,0.0,-1.0,0
648456456,3.8397243,0.3823907,1.5137407,0.0,0.0,-1.0,0
648461459,3.8397243,0.40875185,1.5206286,0.0,0.0,-1.0,0
648466475,3.8397243,0.39619827,1.5072212,0.0,0.0,-1.0,0
648471453,3.8397243,0.4226483,1.5139972,0.0,0.0,-1.0,0
648476493,3.8397243,0.41271707,1.5022162,0.0,0.0,-0.99999994,0
648481506,3.8397243,0.43811056,1.5086254,0.0,0.0,-0.99999994,0
648486446,3.8397243,0.43224356,1.5014837,0.0,0.0,-1.0,0
648491460,3.8397243,0.45488226,1.507154,0.0,0.0,-1.0,0
648496509,3.8397243,0.45490527,1.5053302,0.0,0.0,-1.0,0
648501445,3.8397243,0.47384697,1.50999,0.0,0.0,-1.0,0
648506469,3.8397243,0.4801046,1.511712,0.0,0.0,-0.99999994,0
648511495,3.8397243,0.49418974,1.5150481,0.0,0.0,-0.99999994,0
648516447,3.8397243,0.5036097,1.5189439,0.0,0.0,-1.0,0
648521450,3.8397243,0.51150095,1.5205452,0.0,0.0,-1.0,0
648526493,3.8397243,0.52112436,1.5260006,0.0,0.0,-0.99999994,0
648531448,3.8397243,0.5224252,1.5258814,0.0,0.0,-0.99999994,0
648536444,3.8397243,0.5341044,1.5333428,0.0,0.0,-1.0,0
648541475,3.8397243,0.52893907,1.5317557,0.0,0.0,-1.0,0
648546457,3.8397243,0.53798985,1.5389913,0.0,0.0,-1.0,0
648551442,3.8397243,0.5267936,1.5361218,0.0,0.0,-1.0,0
648556499,3.8397243,0.520705,1.5333308,0.0,0.0,-1.0,0
648561471,3.8397243,0.5039434,1.5293436,0.0,0.0,-1.0,0
648566448,3.8397243,0.4955766,1.5263047,0.0,0.0,-1.0,0
648571499,3.8397243,0.47414422,1.5214744,0.0,0.0,-1.0,0
648576455,3.8397243,0.45814154,1.5149297,0.0,0.0,-1.0,0
648581442,3.8397243,0.43380892,1.5097027,0.0,0.0,-1.0,0
648586475,3.8397243,0.4083969,1.498321,0.0,0.0,-0.99999994,0
648591462,3.8397243,0.38264593,1.4931142,0.0,0.0,-0.99999994,0
648596452,3.8397243,0.352066,1.4801526,0.0,0.0,-1.0,0
648601475,3.8397243,0.32628536,1.4750674,0.0,0.0,-1.0,0
648606467,3.8397243,0.296622,1.4617051,0.0,0.0,-0.99999994,0
648611466,3.8397243,0.27279252,1.4570341,0.0,0.0,-0.99999994,0
648616467,3.8397243,0.24485455,1.4432026,0.0,0.0,-1.0,0
648621455,3.8397243,0.22457173,1.4392151,0.0,0.0,-1.0,0
648626455,3.8397243,0.20330605,1.4273031,0.0,0.0,-0.99999994,0
648631493,3.8397243,0.18779837,1.4241853,0.0,0.0,-0.99999994,0
648636460,3.8397243,0.17751011,1.4167231,0.0,0.0,-1.0,0
648641451,3.8397243,0.16776493,1.4145786,0.0,0.0,-1.0,0
648646493,3.8397243,0.16991302,1.4100993,0.0,0.0,-1.0,0
648651447,3.8397243,0.1662199,1.4088691,0.0,0.0,-1.0,0
648656451,3.8397243,0.1686058,1.4010073,0.0,0.0,-1.0,0
648661475,3.8397243,0.17095283,1.4007394,0.0,0.0,-1.0,0
648666449,3.8397243,0.18850149,1.3994911,0.0,0.0,-1.0,0
648671455,3.8397243,0.19688116,1.4004322,0.0,0.0,-1.0,0
648676500,3.8397243,0.22719711,1.4037867,0.0,0.0,-1.0,0
648681446,3.8397243,0.24091157,1.4059665,0.0,0.0,-1.0,0
648686450,3.8397243,0.2786254,1.4125774,0.0,0.0,-0.99999994,0
648691497,3.8397243,0.29655278,1.4158274,0.0,0.0,-0.99999994,0
648696463,3.8397243,0.33950204,1.4248037,0.0,0.0,-0.99999994,0
648701444,3.8397243,0.36004394,1.4287931,0.0,0.0,-0.99999994,0
648706518,3.8397243,0.40578306,1.4401321,0.0,0.0,-1.0,0
648711453,3.8397243,0.42747042,1.4447285,0.0,0.0,-1.0,0
648716441,3.8397243,0.4670327,1.4553269,0.0,0.0,-0.99999994,0
648721498,3.8397243,0.48886865,1.4603555,0.0,0.0,-0.99999994,0
648726455,3.8397243,0.5194433,1.4679552,0.0,0.0,-1.0,0
648731444,3.8397243,0.5394411,1.4728591,0.0,0.0,-1.0,0
648736495,3.8397243,0.5639639,1.4803972,0.0,0.0,-1.0,0
648741465,3.8397243,0.58085793,1.4847202,0.0,0.0,-1.0,0
648746452,3.8397243,0.59165406,1.488202,0.0,0.0,-1.0,0
648751466,3.8397243,0.60486424,1.4917226,0.0,0.0,-1.0,0
648756455,3.8397243,0.5872187,1.4820853,0.0,0.0,-1.0,0
648761451,3.8397243,0.5959095,1.4844831,0.0,0.0,-1.0,0
648766469,3.8397243,0.56571025,1.4711629,0.0,0.0,-0.99999994,0
648771455,3.8397243,0.5697672,1.4723274,0.0,0.0,-0.99999994,0
648776455,3.8397243,0.5309625,1.4568607,0.0,0.0,-1.0,0
648781494,3.8397243,0.5300925,1.4565761,0.0,0.0,-1.0,0
648786459,3.8397243,0.48071194,1.4355135,0.0,0.0,-0.99999994,0
648791451,3.8397243,0.47497165,1.4338249,0.0,0.0,-0.99999994,0
648796495,3.8397243,0.42185137,1.4113798,0.0,0.0,-0.99999994,0
648801461,3.8397243,0.41182256,1.408482,0.0,0.0,-0.99999994,0
648806466,3.8397243,0.3591214,1.387034,0.0,0.0,-0.99999994,0
648811501,3.8397243,0.34511533,1.383061,0.0,0.0,-0.99999994,0
648816450,3.8397243,1.4005662,0.56821364,0.0,0.0,-1.0,0
648821460,3.8397243,1.3839046,0.56393695,0.0,0.0,-1.0,0
648826501,3.8397243,1.3458115,0.54914546,0.0,0.0,-0.99999994,0
648831446,3.8397243,1.3271757,0.5442844,0.0,0.0,-0.99999994,0
648836452,3.8397243,1.3050839,0.5363,0.0,0.0,-1.0,0
648841495,3.8397243,1.2855736,0.5312102,0.0,0.0,-1.0,0
648846456,3.8397243,1.2793784,0.5297152,0.0,0.0,-1.0,0
648851443,3.8397243,1.2605349,0.5248534,0.0,0.0,-1.0,0
648856495,3.8397243,1.2592802,0.52481675,0.0,0.0,-0.9998344,0
648861463,3.8397243,1.2420802,0.5203343,0.0,0.0,-0.9998344,0
648866446,3.8397243,1.2595739,0.52758944,0.0,0.0,-0.9979354,0
648871501,3.8397243,1.24488,0.52372634,0.0,0.0,-0.9979354,0
648876461,3.8397243,1.2757428,0.5359961,0.0,0.0,-0.99714303,0
648881442,3.8397243,1.2649206,0.5331791,0.0,0.0,-0.99714303,0
648886500,3.8397243,1.3035554,0.5480761,0.0,0.0,-0.9973494,0
648891456,3.8397243,1.2972795,0.5464858,0.0,0.0,-0.9973494,0
648896446,3.8397243,1.3390425,0.56161726,0.0,0.0,-0.9982978,0
648901497,3.8397243,1.3376689,0.56124157,0.0,0.0,-0.9982978,0
648906474,3.8397243,1.3808897,0.5760302,0.0,0.0,-0.9999799,0
648911457,3.8397243,1.3842254,0.57677525,0.0,0.0,-0.9999799,0
648916497,3.8397243,1.42259,0.58954936,0.0,0.0,-1.0,0
648921453,3.8397243,1.4303662,0.5913254,0.0,0.0,-1.0,0
648926450,3.8397243,1.4660093,0.6016704,0.0,0.0,-1.0,0
648931494,3.8397243,1.4782221,0.6045205,0.0,0.0,-1.0,0
648936453,3.8397243,1.4996067,0.609034,0.0,0.0,-0.99999994,0
648941451,3.8397243,1.5149759,0.6126055,0.0,0.0,-0.99999994,0
648946496,3.8397243,1.5276991,0.61394686,0.0,0.0,-1.0,0
648951448,3.8397243,1.5451685,0.61790496,0.0,0.0,-1.0,0
648956460,3.8397243,1.5331073,0.6087194,0.0,0.0,-1.0,0
648961498,3.8397243,1.5514386,0.61275786,0.0,0.0,-1.0,0
648966446,3.8397243,1.5245013,0.598093,0.0,0.0,-1.0,0
648971449,3.8397243,1.542385,0.60194564,0.0,0.0,-1.0,0
648976495,3.8397243,1.5126046,0.586599,0.0,0.0,-0.99992603,0
648981446,3.8397243,1.529133,0.59011555,0.0,0.0,-0.99992603,0
648986450,3.8397243,1.5001056,0.5756671,0.0,0.0,-0.9982408,0
648991495,3.8397243,1.5141891,0.57851565,0.0,0.0,-0.9982408,0
648996459,3.8397243,1.4832033,0.5637214,0.0,0.0,-0.9971636,0
649001444,3.8397243,1.4938673,0.5656693,0.0,0.0,-0.9971636,0
649006510,3.8397243,1.467682,0.553679,0.0,0.0,-0.9969844,0
649011454,3.8397243,1.4743379,0.5546524,0.0,0.0,-0.9969844,0
649016443,3.8397243,1.4550889,0.5467594,0.0,0.0,-0.9980943,0
649021505,3.8397243,1.4577858,0.54685986,0.0,0.0,-0.9980943,0
649026452,3.8397243,1.4412634,0.5400416,0.0,0.0,-1.0,0
649031440,3.8397243,1.4395335,0.53917754,0.0,0.0,-1.0,0
649036495,3.8397243,1.4246635,0.5337156,0.0,0.0,-0.99999994,0
649041454,3.8397243,1.4186429,0.53191125,0.0,0.0,-0.99999994,0
649046445,3.8397243,1.4192108,0.53328544,0.0,0.0,-0.99999994,0
649051471,3.8397243,1.4093871,0.5307012,0.0,0.0,-0.99999994,0
649056460,3.8397243,1.4077,0.53202003,0.0,0.0,-1.0,0
649061458,3.8397243,1.3945688,0.5288146,0.0,0.0,-1.0,0
649066494,3.8397243,1.3953391,0.5308351,0.0,0.0,-1.0,0
649071455,3.8397243,1.379932,0.52724737,0.0,0.0,-1.0,0
649076450,3.8397243,1.3727611,0.5258795,0.0,0.0,-1.0,0
649081494,3.8397243,1.3554642,0.521971,0.0,0.0,-1.0,0
649086457,3.8397243,1.3596284,0.52569586,0.0,0.0,-1.0,0
649091450,3.8397243,1.3418999,0.52179134,0.0,0.0,-1.0,0
649096496,3.8397243,1.3472211,0.5258186,0.0,0.0,-0.99999994,0
649101472,3.8397243,1.330324,0.522248,0.0,0.0,-0.99999994,0
649106473,3.8397243,1.3245865,0.52095056,0.0,0.0,-1.0,0
649111498,3.8397243,1.3091614,0.51779413,0.0,0.0,-1.0,0
649116446,3.8397243,1.30275,0.5159398,0.0,0.0,-1.0,0
649121450,3.8397243,1.2899723,0.5133733,0.0,0.0,-1.0,0
649126501,3.8397243,1.2827493,0.51105934,0.0,0.0,-1.0,0
649131446,3.8397243,1.2733278,0.50917125,0.0,0.0,-1.0,0
649136453,3.8397243,1.2669096,0.50572497,0.0,0.0,-1.0,0
649141494,3.8397243,1.261772,0.5047342,0.0,0.0,-1.0,0
649146447,3.8397243,1.2566776,0.5014067,0.0,0.0,-0.99999994,0
649151450,3.8397243,1.2558764,0.50125045,0.0,0.0,-0.99999994,0
649156496,3.8397243,1.2439467,0.49487892,0.0,0.0,-1.0,0
649161465,3.8397243,1.2476981,0.49554378,0.0,0.0,-1.0,0
649166446,3.8397243,1.2434673,0.4910108,0.0,0.0,-1.0,0
649171496,3.8397243,1.251104,0.4923463,0.0,0.0,-1.0,0
649176457,3.8397243,1.2477477,0.48755774,0.0,0.0,-1.0,0
649181441,3.8397243,1.2590495,0.48956183,0.0,0.0,-1.0,0
649186495,3.8397243,1.2653575,0.48858923,0.0,0.0,-1.0,0
649191465,3.8397243,1.2793075,0.49110922,0.0,0.0,-1.0,0
649196444,3.8397243,1.289032,0.49104598,0.0,0.0,-1.0,0
649201496,3.8397243,1.3047446,0.49396715,0.0,0.0,-1.0,0
649206474,3.8397243,1.3197422,0.4961242,0.0,0.0,-1.0,0
649211451,3.8397243,1.3359537,0.49915472,0.0,0.0,-1.0,0
649216534,3.8397243,1.3519535,0.5017562,0.0,0.0,-0.99999994,0
649221454,3.8397243,1.3675103,0.50468606,0.0,0.0,-0.99999994,0
649226453,3.8397243,1.384877,0.5087663,0.0,0.0,-1.0,0
649231493,3.8397243,1.3987105,0.5114485,0.0,0.0,-1.0,0
649236452,3.8397243,1.4101815,0.5140143,0.0,0.0,-1.0,0
649241455,3.8397243,1.4213467,0.51625216,0.0,0.0,-1.0,0
649246497,3.8397243,1.4272226,0.51699847,0.0,0.0,-1.0,0
649251459,3.8397243,1.4348481,0.51855636,0.0,0.0,-1.0,0
649256450,3.8397243,1.4260373,0.5148364,0.0,0.0,-0.99999994,0
649261495,3.8397243,1.4297637,0.51561165,0.0,0.0,-0.99999994,0
649266446,3.8397243,1.4126589,0.5095699,0.0,0.0,-1.0,0
649271456,3.8397243,1.412495,0.50962204,0.0,0.0,-1.0,0
649276500,3.8397243,1.385951,0.5002277,0.0,0.0,-0.99999994,0
649281445,3.8397243,1.3818861,0.49948892,0.0,0.0,-0.99999994,0
649286450,3.8397243,1.3532273,0.48974934,0.0,0.0,-1.0,0
649291495,3.8397243,1.345528,0.4882194,0.0,0.0,-1.0,0
649296453,3.8397243,1.3128557,0.47767967,0.0,0.0,-1.0,0
649301452,3.8397243,1.3021791,0.47549373,0.0,0.0,-1.0,0
649306510,3.8397243,1.2651755,0.46320033,0.0,0.0,-0.99999994,0
649311459,3.8397243,1.2521778,0.4604423,0.0,0.0,-0.99999994,0
649316443,3.8397243,1.2150452,0.44768298,0.0,0.0,-0.99999994,0
649321494,3.8397243,1.2004523,0.44452757,0.0,0.0,-0.99999994,0
649326455,3.8397243,1.1648707,0.43284306,0.0,0.0,-1.0,0
649331444,3.8397243,1.1497682,0.42947742,0.0,0.0,-1.0,0
649336508,3.8397243,1.121094,0.41991764,0.0,0.0,-1.0,0
649341452,3.8397243,1.1063712,0.41654834,0.0,0.0,-1.0,0
649346508,3.8397243,1.0847102,0.40905914,0.0,0.0,-1.0,0
649351497,3.8397243,1.0710243,0.40583655,0.0,0.0,-1.0,0
649356454,3.8397243,1.0480984,0.39771128,0.0,0.0,-1.0,0
649361442,3.8397243,1.0364228,0.3948278,0.0,0.0,-1.0,0
649366472,3.8397243,1.0281416,0.3918695,0.0,0.0,-0.99999994,0
649371459,3.8397243,1.0192671,0.38956967,0.0,0.0,-0.99999994,0
649376454,3.8397243,1.0229973,0.39027596,0.0,0.0,-1.0,0
649381473,3.8397243,1.0173322,0.38864297,0.0,0.0,-1.0,0
649386454,3.8397243,1.0313689,0.39272687,0.0,0.0,-0.99999994,0
649391450,3.8397243,1.0293741,0.39194515,0.0,0.0,-0.99999994,0
649396500,3.8397243,1.05442,0.3999598,0.0,0.0,-1.0,0
649401456,3.8397243,1.0560904,0.39999875,0.0,0.0,-1.0,0
649406464,3.8397243,1.0883598,0.41004565,0.0,0.0,-1.0,0
649411495,3.8397243,1.0935667,0.41092446,0.0,0.0,-1.0,0
649416451,3.8397243,1.1261177,0.4206435,0.0,0.0,-1.0,0
649421451,3.8397243,1.1344739,0.42226636,0.0,0.0,-1.0,0
649426498,3.8397243,1.1664617,0.43180123,0.0,0.0,-1.0,0
649431447,3.8397243,1.1772512,0.4339977,0.0,0.0,-1.0,0
649436458,3.8397243,1.2036602,0.44140062,0.0,0.0,-1.0,0
649441506,3.8397243,1.2162826,0.44404164,0.0,0.0,-1.0,0
649446446,3.8397243,1.2323059,0.44751886,0.0,0.0,-1.0,0
649451451,3.8397243,1.2458775,0.4504151,0.0,0.0,-1.0,0
649456496,3.8397243,1.2372534,0.44505417,0.0,0.0,-1.0,0
649461455,3.8397243,1.2505226,0.44784826,0.0,0.0,-1.0,0
649466443,3.8397243,1.2322036,0.43924156,0.0,0.0,-0.99999994,0
649471497,3.8397243,1.2446823,0.44188267,0.0,0.0,-0.99999994,0
649476513,3.8397243,1.2175356,0.43036473,0.0,0.0,-1.0,0
649481449,3.8397243,1.2281135,0.43255076,0.0,0.0,-1.0,0
649486500,3.8397243,1.1905221,0.41740867,0.0,0.0,-0.99999994,0
649491455,3.8397243,1.1983466,0.41893953,0.0,0.0,-0.99999994,0
649496444,3.8397243,1.1563717,0.4026956,0.0,0.0,-0.99999994,0
649501495,3.8397243,1.1612915,0.4035597,0.0,0.0,-0.99999994,0
649506468,3.8397243,1.1197293,0.3881706,0.0,0.0,-1.0,0
649511442,3.8397243,1.1212208,0.3882447,0.0,0.0,-1.0,0
649516470,3.8397243,1.0809813,0.373603,0.0,0.0,-1.0,0
649521454,3.8397243,1.079092,0.37290433,0.0,0.0,-1.0,0
649526453,3.8397243,1.0411019,0.35942885,0.0,0.0,-1.0,0
649531469,3.8397243,1.0358295,0.35796848,0.0,0.0,-1.0,0
649536460,3.8397243,1.0100605,0.34952763,0.0,0.0,-1.0,0
649541450,3.8397243,1.0018947,0.3474501,0.0,0.0,-1.0,0
649546506,3.8397243,0.98391026,0.3421415,0.0,0.0,-1.0,0
649551452,3.8397243,0.9733221,0.3395539,0.0,0.0,-1.0,0
649556452,3.8397243,0.9503346,0.33240882,0.0,0.0,-1.0,0
649561495,3.8397243,0.9377766,0.3294005,0.0,0.0,-1.0,0
649566453,3.8397243,0.9286752,0.3276115,0.0,0.0,-1.0,0
649571449,3.8397243,0.9152519,0.32448545,0.0,0.0,-1.0,0
649576501,3.8397243,0.9156064,0.32615888,0.0,0.0,-1.0,0
649581447,3.8397243,0.9021469,0.32308903,0.0,0.0,-1.0,0
649586457,3.8397243,0.9081073,0.32638782,0.0,0.0,-0.99999994,0
649591505,3.8397243,0.89530945,0.32355186,0.0,0.0,-0.99999994,0
649596449,3.8397243,0.9043719,0.32778943,0.0,0.0,-1.0,0
649601457,3.8397243,0.8932674,0.32539457,0.0,0.0,-1.0,0
649606512,3.8397243,0.90334964,0.32983136,0.0,0.0,-0.99999994,0
649612991,3.8397243,0.053831305,0.13555732,0.0,0.0,-0.77968955,0
649617986,3.8397243,0.6131716,0.36280996,0.0,0.0,-0.7766014,0
649623006,3.8397243,0.6078056,0.36161068,0.0,0.0,-0.7766014,0
649628040,3.8397243,0.35234544,0.27901223,0.0,0.0,-0.7711296,0
649632998,3.8397243,0.3501401,0.27852678,0.0,0.0,-0.7711296,0
649637995,3.8397243,0.44150972,0.31144997,0.0,0.0,-0.76910204,0
649643000,3.8397243,0.44251385,0.31174392,0.0,0.0,-0.76910204,0
649648003,3.8397243,0.72119266,0.4227412,0.0,0.0,-0.76057464,0
649653001,3.8397243,0.7252885,0.42371663,0.0,0.0,-0.76057464,0
649658006,3.8397243,0.77732724,0.43899602,0.0,0.0,-0.75949484,0
649663053,3.8397243,0.78432727,0.440517,0.0,0.0,-0.75949484,0
649667996,3.8397243,0.83032644,0.45421055,0.0,0.0,-0.74932456,0
649673013,3.8397243,0.83972925,0.4562125,0.0,0.0,-0.74932456,0
649678001,3.8397243,0.86526674,0.4611973,0.0,0.0,-0.74910784,0
649682994,3.8397243,0.8764926,0.4635293,0.0,0.0,-0.74910784,0
649687999,3.8397243,0.86624026,0.45540634,0.0,0.0,-0.7533946,0
649693008,3.8397243,0.87839425,0.45786282,0.0,0.0,-0.7533946,0
649698047,3.8397243,0.89294255,0.4596893,0.0,0.0,-0.75396466,0
649702999,3.8397243,0.9051938,0.46211323,0.0,0.0,-0.75396466,0
649707999,3.8397243,0.8827112,0.45004496,0.0,0.0,-0.7681465,0
649712998,3.8397243,0.89435005,0.45228243,0.0,0.0,-0.7681465,0
649717995,3.8397243,0.90079236,0.45216626,0.0,0.0,-0.7684629,0
649722998,3.8397243,0.9109581,0.45406893,0.0,0.0,-0.7684629,0
649728009,3.8397243,0.8835445,0.44180456,0.0,0.0,-0.7683691,0
649733052,3.8397243,0.89161867,0.4432854,0.0,0.0,-0.7683691,0
649737995,3.8397243,0.89209783,0.44217965,0.0,0.0,-0.76804465,0
649743002,3.8397243,0.89735466,0.4430764,0.0,0.0,-0.76804465,0
649747999,3.8397243,0.8607848,0.42828026,0.0,0.0,-0.76717174,0
649752991,3.8397243,0.8629397,0.42855012,0.0,0.0,-0.76717174,0
649758002,3.8397243,0.8581203,0.4268458,0.0,0.0,-0.76632917,0
649763003,3.8397243,0.8569404,0.4263897,0.0,0.0,-0.76632917,0
649768048,3.8397243,0.81079966,0.40913194,0.0,0.0,-0.76524127,0
649773010,3.8397243,0.80653876,0.40806207,0.0,0.0,-0.76524127,0
649777997,3.8397243,0.7938318,0.4039619,0.0,0.0,-0.7644726,0
649782998,3.8397243,0.78671265,0.40230203,0.0,0.0,-0.7644726,0
649787997,3.8397243,0.73398095,0.38347757,0.0,0.0,-0.7637702,0
649792999,3.8397243,0.7245112,0.38132888,0.0,0.0,-0.7637702,0
649797997,3.8397243,0.71002305,0.37735137,0.0,0.0,-0.763739,0
649803047,3.8397243,0.6988857,0.3748706,0.0,0.0,-0.763739,0
649807997,3.8397243,0.6373254,0.35256094,0.0,0.0,-0.7637194,0
649812997,3.8397243,0.6255624,0.34994513,0.0,0.0,-0.7637194,0
649817999,3.8397243,0.608848,0.344942,0.0,0.0,-0.7640362,0
649823000,3.8397243,0.5969171,0.34224528,0.0,0.0,-0.7640362,0
649827997,3.8397243,0.5352918,0.31999406,0.0,0.0,-0.76427096,0
649833002,3.8397243,0.5240733,0.31741852,0.0,0.0,-0.76427096,0
649838048,3.8397243,0.51087576,0.3132587,0.0,0.0,-0.76465195,0
649843000,3.8397243,0.50115913,0.31095493,0.0,0.0,-0.76465195,0
649848008,3.8397243,0.36963785,0.26036936,0.0,0.0,-0.76402545,0
649852998,3.8397243,0.36196136,0.25845894,0.0,0.0,-0.76402545,0
649857999,3.8397243,0.34744632,0.25293657,0.0,0.0,-0.76349175,0
649862994,3.8397243,0.3422379,0.25150192,0.0,0.0,-0.76349175,0
649868000,3.8397243,0.33648196,0.24950527,0.0,0.0,-0.76261914,0
649873068,3.8397243,0.33413047,0.24866122,0.0,0.0,-0.76261914,0
649877998,3.8397243,0.33432353,0.2479059,0.0,0.0,-0.7612134,0
649882994,3.8397243,0.335031,0.24771221,0.0,0.0,-0.7612134,0
649887998,3.8397243,0.34077573,0.2492703,0.0,0.0,-0.75956976,0
649892995,3.8397243,0.34432802,0.24970986,0.0,0.0,-0.75956976,0
649897997,3.8397243,0.35703197,0.2530922,0.0,0.0,-0.75803536,0
649903003,3.8397243,0.3631152,0.25410947,0.0,0.0,-0.75803536,0
649908050,3.8397243,0.37865427,0.25884476,0.0,0.0,-0.7566833,0
649912995,3.8397243,0.38680005,0.26037255,0.0,0.0,-0.7566833,0
649918000,3.8397243,0.4025476,0.2643468,0.0,0.0,-0.75558263,0
649923004,3.8397243,0.41233838,0.2662835,0.0,0.0,-0.75558263,0
649927996,3.8397243,0.42908838,0.2714242,0.0,0.0,-0.7550208,0
649933007,3.8397243,0.43973824,0.27362347,0.0,0.0,-0.7550208,0
649937992,3.8397243,0.45333996,0.27704015,0.0,0.0,-0.7549136,0
649943047,3.8397243,0.46423194,0.27936336,0.0,0.0,-0.7549136,0
649947995,3.8397243,0.4680923,0.27961358,0.0,0.0,-0.7551128,0
649953016,3.8397243,0.47823274,0.28183228,0.0,0.0,-0.7551128,0
649957996,3.8397243,0.471057,0.2773814,0.0,0.0,-0.7554773,0
649962993,3.8397243,0.47989345,0.27929455,0.0,0.0,-0.7554773,0
649967998,3.8397243,0.46662125,0.27367082,0.0,0.0,-0.75589156,0
649973021,3.8397243,0.47369093,0.27523553,0.0,0.0,-0.75589156,0
649978048,3.8397243,0.44956064,0.26510218,0.0,0.0,-0.7562027,0
649982993,3.8397243,0.45436656,0.26616335,0.0,0.0,-0.7562027,0
649987999,3.8397243,0.4217314,0.2536766,0.0,0.0,-0.75613755,0
649992996,3.8397243,0.42396572,0.25414017,0.0,0.0,-0.75613755,0
649997997,3.8397243,0.39054,0.24126531,0.0,0.0,-0.7557868,0
650002997,3.8397243,0.39008623,0.24108125,0.0,0.0,-0.7557868,0
650008001,3.8397243,0.35364148,0.22792888,0.0,0.0,-0.75518596,0
650013053,3.8397243,0.3505402,0.22713429,0.0,0.0,-0.75518596,0
650017996,3.8397243,0.31222373,0.21289192,0.0,0.0,-0.75429606,0
650022994,3.8397243,0.30669612,0.21148583,0.0,0.0,-0.75429606,0
650027996,3.8397243,0.27204478,0.19955751,0.0,0.0,-0.7532836,0
650033005,3.8397243,0.2644918,0.19765016,0.0,0.0,-0.7532836,0
650038001,3.8397243,0.23842593,0.18869671,0.0,0.0,-0.75252676,0
650042997,3.8397243,0.22932294,0.18639667,0.0,0.0,-0.75252676,0
650048043,3.8397243,0.20677052,0.1793962,0.0,0.0,-0.7519903,0
650052995,3.8397243,0.1969417,0.17693533,0.0,0.0,-0.7519903,0
650058001,3.8397243,0.17805731,0.17075332,0.0,0.0,-0.75160813,0
650063002,3.8397243,0.16781816,0.16815686,0.0,0.0,-0.75160813,0
650067993,3.8397243,0.15894847,0.16646184,0.0,0.0,-0.7515796,0
650073014,3.8397243,0.14909258,0.16397236,0.0,0.0,-0.7515796,0
650077996,3.8397243,0.1495945,0.16514602,0.0,0.0,-0.7518293,0
650083058,3.8397243,0.14064737,0.16289456,0.0,0.0,-0.7518293,0
650087996,3.8397243,0.146285,0.1663628,0.0,0.0,-0.7519831,0
650093000,3.8397243,0.13906018,0.16453853,0.0,0.0,-0.7519831,0
650098008,3.8397243,0.15115954,0.16966023,0.0,0.0,-0.752048,0
650103001,3.8397243,0.14597857,0.16834587,0.0,0.0,-0.752048,0
650107997,3.8397243,0.16037185,0.17455755,0.0,0.0,-0.75201535,0
650112991,3.8397243,0.15756573,0.1738279,0.0,0.0,-0.75201535,0
650118049,3.8397243,0.16969967,0.1782565,0.0,0.0,-0.7515191,0
650122994,3.8397243,0.16951752,0.17817047,0.0,0.0,-0.7515191,0
650127994,3.8397243,0.18017851,0.1821219,0.0,0.0,-0.75054556,0
650133001,3.8397243,0.18251546,0.1826116,0.0,0.0,-0.75054556,0
650137994,3.8397243,0.19177656,0.18531142,0.0,0.0,-0.74933535,0
650143003,3.8397243,0.19651832,0.18634687,0.0,0.0,-0.74933535,0
650147994,3.8397243,0.19882685,0.18662643,0.0,0.0,-0.7479179,0
650153044,3.8397243,0.20569223,0.18813802,0.0,0.0,-0.7479179,0
650157994,3.8397243,0.19777708,0.18361676,0.0,0.0,-0.7463942,0
650162995,3.8397243,0.20607819,0.1853682,0.0,0.0,-0.7463942,0
650167997,3.8397243,0.19474058,0.17995737,0.0,0.0,-0.745095,0
650173020,3.8397243,0.20414165,0.1819293,0.0,0.0,-0.745095,0
650177996,3.8397243,0.1915533,0.17556375,0.0,0.0,-0.74420196,0
650182999,3.8397243,0.20137879,0.1775965,0.0,0.0,-0.74420196,0
650188042,3.8397243,0.18348406,0.16969115,0.0,0.0,-0.74363065,0
650192993,3.8397243,0.19289242,0.17157048,0.0,0.0,-0.74363065,0
650198001,3.8397243,0.17254369,0.16225977,0.0,0.0,-0.74346566,0
650203004,3.8397243,0.18098569,0.1638668,0.0,0.0,-0.74346566,0
650207998,3.8397243,0.16107553,0.15555191,0.0,0.0,-0.7436832,0
650213002,3.8397243,0.16804697,0.15681027,0.0,0.0,-0.7436832,0
650217997,3.8397243,0.14852904,0.14835091,0.0,0.0,-0.74415,0
650223042,3.8397243,0.15362933,0.14919253,0.0,0.0,-0.74415,0
650227999,3.8397243,0.13258985,0.14093585,0.0,0.0,-0.7445813,0
650233003,3.8397243,0.13531642,0.14126483,0.0,0.0,-0.7445813,0
650237996,3.8397243,0.11875634,0.13467404,0.0,0.0,-0.744818,0
650242996,3.8397243,0.118957885,0.1344585,0.0,0.0,-0.744818,0
650248003,3.8397243,0.10484667,0.12968916,0.0,0.0,-0.7449152,0
650252992,3.8397243,0.102532454,0.1289685,0.0,0.0,-0.7449152,0
650258042,3.8397243,0.08684395,0.12340999,0.0,0.0,-0.7446287,0
650262998,3.8397243,0.08220456,0.12218368,0.0,0.0,-0.7446287,0
650267997,3.8397243,0.067600645,0.11790736,0.0,0.0,-0.74392307,0
650273021,3.8397243,0.06092789,0.11629923,0.0,0.0,-0.74392307,0
650277996,3.8397243,0.05075631,0.11355872,0.0,0.0,-0.7431104,0
650282996,3.8397243,0.042364754,0.111605145,0.0,0.0,-0.7431104,0
650287996,3.8397243,0.030941304,0.109119326,0.0,0.0,-0.7422028,0
650293053,3.8397243,0.021621713,0.107029945,0.0,0.0,-0.7422028,0
650298009,3.8397243,0.011567864,0.104611054,0.0,0.0,-0.74124295,0
650303001,3.8397243,0.0019681165,0.102499984,0.0,0.0,-0.74124295,0
650307993,3.8397243,-0.00862827,0.100448124,0.0,0.0,-0.74048835,0
650312996,3.8397243,-0.017950417,0.098441795,0.0,0.0,-0.74048835,0
650317998,3.8397243,-0.026412394,0.09657124,0.0,0.0,-0.7401018,0
650322998,3.8397243,-0.034817778,0.09475142,0.0,0.0,-0.7401018,0
650328046,3.8397243,-0.045040075,0.09248545,0.0,0.0,-0.7398481,0
650333000,3.8397243,-0.05186611,0.0910076,0.0,0.0,-0.7398481,0
650338005,3.8397243,-0.062219195,0.0878618,0.0,0.0,-0.7397016,0
650343004,3.8397243,-0.06712219,0.08677337,0.0,0.0,-0.7397016,0
650348009,3.8397243,-0.07407682,0.08505025,0.0,0.0,-0.73971707,0
650352998,3.8397243,-0.07680312,0.08440612,0.0,0.0,-0.73971707,0
650358002,3.8397243,-0.084038675,0.081696294,0.0,0.0,-0.73956794,0
650363050,3.8397243,-0.0843696,0.08148896,0.0,0.0,-0.73956794,0
650367993,3.8397243,-0.092210084,0.07854193,0.0,0.0,-0.73920083,0
650373015,3.8397243,-0.09012742,0.07880606,0.0,0.0,-0.73920083,0
650377996,3.8397243,-0.0937612,0.07662539,0.0,0.0,-0.7385757,0
650382998,3.8397243,-0.089382604,0.07737572,0.0,0.0,-0.7385757,0
650387997,3.8397243,-0.08950572,0.076668754,0.0,0.0,-0.7376524,0
650393000,3.8397243,-0.08320106,0.07779299,0.0,0.0,-0.7376524,0
650398057,3.8397243,-0.0829396,0.07644939,0.0,0.0,-0.7364219,0
650403001,3.8397243,-0.075200886,0.07787337,0.0,0.0,-0.7364219,0
650408000,3.8397243,-0.072557285,0.07769453,0.0,0.0,-0.7351131,0
650412998,3.8397243,-0.063852,0.07932427,0.0,0.0,-0.7351131,0
650417996,3.8397243,-0.057228338,0.08017381,0.0,0.0,-0.7338755,0
650422996,3.8397243,-0.048239227,0.08188705,0.0,0.0,-0.7338755,0
650428007,3.8397243,-0.045657862,0.0817247,0.0,0.0,-0.7329187,0
650433043,3.8397243,-0.036857188,0.08344327,0.0,0.0,-0.7329187,0
650437995,3.8397243,-0.03675826,0.08203911,0.0,0.0,-0.73220605,0
650443001,3.8397243,-0.028970685,0.083570726,0.0,0.0,-0.73220605,0
650448001,3.8397243,-0.031212805,0.082022905,0.0,0.0,-0.7318556,0
650453000,3.8397243,-0.024840202,0.083316945,0.0,0.0,-0.7318556,0
650457996,3.8397243,-0.030318098,0.08051339,0.0,0.0,-0.74331677,0
650462994,3.8397243,-0.025733609,0.08147104,0.0,0.0,-0.74331677,0
650468048,3.8397243,-0.039648954,0.07623247,0.0,0.0,-0.7547524,0
650473029,3.8397243,-0.037064053,0.0768206,0.0,0.0,-0.7547524,0
650477996,3.8397243,-0.05494131,0.070093594,0.0,0.0,-0.7658943,0
650483000,3.8397243,-0.054630637,0.07021895,0.0,0.0,-0.7658943,0
650488003,3.8397243,-0.07544045,0.063109495,0.0,0.0,-0.77684736,0
650493010,3.8397243,-0.077467576,0.062734485,0.0,0.0,-0.77684736,0
650497994,3.8397243,-0.10288003,0.05386299,0.0,0.0,-0.78733915,0
650503045,3.8397243,-0.107014515,0.053036362,0.0,0.0,-0.78733915,0
650507996,3.8397243,-0.13583687,0.04345537,0.0,0.0,-0.79710555,0
650512995,3.8397243,-0.14164814,0.042225588,0.0,0.0,-0.79710555,0
650517996,3.8397243,-0.16944696,0.032916896,0.0,0.0,-0.80631566,0
650522993,3.8397243,-0.17654495,0.03137605,0.0,0.0,-0.80631566,0
650528002,3.8397243,-0.20061253,0.023865078,0.0,0.0,-0.81511384,0
650533005,3.8397243,-0.2086117,0.02208526,0.0,0.0,-0.81511384,0
650538047,3.8397243,-0.23285891,0.014275808,0.0,0.0,-0.82335395,0
650542994,3.8397243,-0.24101226,0.012429333,0.0,0.0,-0.82335395,0
650547997,3.8397243,-0.26007867,0.006787603,0.0,0.0,-0.831273,0
650552996,3.8397243,-0.2679734,0.0049586734,0.0,0.0,-0.831273,0
650558014,3.8397243,-0.28010607,0.0014830494,0.0,0.0,-0.8396601,0
650562994,3.8397243,-0.28722134,-0.00022519943,0.0,0.0,-0.8396601,0
650568001,3.8397243,-0.29312763,-0.0012235813,0.0,0.0,-0.84787434,0
650573066,3.8397243,-0.29896936,-0.002660106,0.0,0.0,-0.84787434,0
650577992,3.8397243,-0.29975203,-0.0023341044,0.0,0.0,-0.856085,0
650582995,3.8397243,-0.30394864,-0.0034102397,0.0,0.0,-0.856085,0
650587993,3.8397243,-0.2970932,-0.00015855665,0.0,0.0,-0.8644325,0
650592993,3.8397243,-0.29930928,-0.0007813408,0.0,0.0,-0.8644325,0
650597998,3.8397243,-0.28692013,0.0038655044,0.0,0.0,-0.87272465,0
650603011,3.8397243,-0.28707278,0.0037301844,0.0,0.0,-0.87272465,0
650608044,3.8397243,-0.2753947,0.008121619,0.0,0.0,-0.8807575,0
650612999,3.8397243,-0.27356237,0.0084345555,0.0,0.0,-0.8807575,0
650618003,3.8397243,-0.2614377,0.01242093,0.0,0.0,-0.8885466,0
650622995,3.8397243,-0.2576847,0.0131998,0.0,0.0,-0.8885466,0
650627995,3.8397243,-0.24558076,0.01717466,0.0,0.0,-0.8960229,0
650632997,3.8397243,-0.24020638,0.018327197,0.0,0.0,-0.8960229,0
650637994,3.8397243,-0.23386465,0.019747209,0.0,0.0,-0.9030982,0
650643041,3.8397243,-0.22712134,0.02123144,0.0,0.0,-0.9030982,0
650647994,3.8397243,-0.22654799,0.020622885,0.0,0.0,-0.9097025,0
650652994,3.8397243,-0.21888222,0.022332331,0.0,0.0,-0.9097025,0
650657998,3.8397243,-0.22327335,0.019576598,0.0,0.0,-0.9158995,0
650663010,3.8397243,-0.21533462,0.021321284,0.0,0.0,-0.9158995,0
650667998,3.8397243,-0.224968,0.016904105,0.0,0.0,-0.9219289,0
650673023,3.8397243,-0.2172151,0.018577613,0.0,0.0,-0.9219289,0
650678048,3.8397243,-0.23473434,0.011047916,0.0,0.0,-0.9278494,0
650682994,3.8397243,-0.2277632,0.012534717,0.0,0.0,-0.9278494,0
650688024,3.8397243,-0.24839048,0.0042860894,0.0,0.0,-0.93379515,0
650692997,3.8397243,-0.24260902,0.0054688,0.0,0.0,-0.93379515,0
650697995,3.8397243,-0.26297522,-0.002817964,0.0,0.0,-0.9400127,0
650703001,3.8397243,-0.25867882,-0.0019870892,0.0,0.0,-0.9400127,0
650707997,3.8397243,-0.28329042,-0.0112807425,0.0,0.0,-0.9463803,0
650713046,3.8397243,-0.2806836,-0.010818762,0.0,0.0,-0.9463803,0
650717998,3.8397243,-0.3051898,-0.02012383,0.0,0.0,-0.9527901,0
650722994,3.8397243,-0.3046002,-0.020128293,0.0,0.0,-0.9527901,0
650727997,3.8397243,-0.32474127,-0.02729808,0.0,0.0,-0.95933884,0
650733001,3.8397243,-0.32622492,-0.027752284,0.0,0.0,-0.95933884,0
650737995,3.8397243,-0.3452318,-0.03448941,0.0,0.0,-0.9659035,0
650742999,3.8397243,-0.34867787,-0.035364803,0.0,0.0,-0.9659035,0
650748054,3.8397243,-0.36583266,-0.040862482,0.0,0.0,-0.97209424,0
650752992,3.8397243,-0.37077075,-0.042043544,0.0,0.0,-0.97209424,0
650757995,3.8397243,-0.38425803,-0.04622374,0.0,0.0,-0.9776985,0
650762998,3.8397243,-0.39056745,-0.047699377,0.0,0.0,-0.9776985,0
650768003,3.8397243,-0.39838818,-0.04934384,0.0,0.0,-0.982977,0
650773013,3.8397243,-0.4056167,-0.05099822,0.0,0.0,-0.982977,0
650777997,3.8397243,-0.411197,-0.05193777,0.0,0.0,-0.98776,0
650783041,3.8397243,-0.4188211,-0.053618796,0.0,0.0,-0.98776,0
650787996,3.8397243,-0.42475307,-0.054285545,0.0,0.0,-0.9921277,0
650793002,3.8397243,-0.432193,-0.055919502,0.0,0.0,-0.9921277,0
650797995,3.8397243,-0.43342376,-0.055224158,0.0,0.0,-0.9964271,0
650802998,3.8397243,-0.44012418,-0.056645725,0.0,0.0,-0.9964271,0
650807997,3.8397243,-0.43955123,-0.055080347,0.0,0.0,-1.0,0
650812995,3.8397243,-0.44519764,-0.05627626,0.0,0.0,-1.0,0
650818043,3.8397243,-0.4472284,-0.05609306,0.0,0.0,-0.99999994,0
650822996,3.8397243,-0.45122808,-0.056914225,0.0,0.0,-0.99999994,0
650827995,3.8397243,-0.45312843,-0.05662002,0.0,0.0,-1.0,0
650833001,3.8397243,-0.4554456,-0.057092924,0.0,0.0,-1.0,0
650837997,3.8397243,-0.45504248,-0.056605287,0.0,0.0,-1.0,0
650842999,3.8397243,-0.45539042,-0.056652583,0.0,0.0,-1.0,0
650847994,3.8397243,-0.45971698,-0.057824515,0.0,0.0,-1.0,0
650853048,3.8397243,-0.45820534,-0.057522275,0.0,0.0,-1.0,0
650858000,3.8397243,-0.46320146,-0.059551146,0.0,0.0,-1.0,0
650863006,3.8397243,-0.45970201,-0.058852617,0.0,0.0,-1.0,0
650867999,3.8397243,-0.4649757,-0.061023835,0.0,0.0,-1.0,0
650873028,3.8397243,-0.45996597,-0.060049936,0.0,0.0,-1.0,0
650877997,3.8397243,-0.4649414,-0.062678844,0.0,0.0,-1.0,0
650882998,3.8397243,-0.4586389,-0.06146099,0.0,0.0,-1.0,0
650888043,3.8397243,-0.46717897,-0.06518894,0.0,0.0,-1.0,0
650892992,3.8397243,-0.460142,-0.06384923,0.0,0.0,-1.0,0
650897999,3.8397243,-0.4669793,-0.06748345,0.0,0.0,-0.99999994,0
650903007,3.8397243,-0.45956877,-0.06608711,0.0,0.0,-0.99999994,0
650907996,3.8397243,-0.46441078,-0.068753004,0.0,0.0,-0.99999994,0
650912996,3.8397243,-0.457205,-0.06742261,0.0,0.0,-0.99999994,0
650917997,3.8397243,-0.4649897,-0.07136949,0.0,0.0,-1.0,0
650923047,3.8397243,-0.45830402,-0.07013548,0.0,0.0,-1.0,0
650927996,3.8397243,-0.4673598,-0.07412361,0.0,0.0,-1.0,0
650933002,3.8397243,-0.46191326,-0.073134534,0.0,0.0,-1.0,0
650937995,3.8397243,-0.46746442,-0.076035194,0.0,0.0,-1.0,0
650942997,3.8397243,-0.46351853,-0.07533827,0.0,0.0,-1.0,0
650948002,3.8397243,-0.47233638,-0.07878425,0.0,0.0,-0.99999994,0
650953006,3.8397243,-0.47009927,-0.07840406,0.0,0.0,-0.99999994,0
650958041,3.8397243,-0.482014,-0.08294212,0.0,0.0,-0.99999994,0
650962998,3.8397243,-0.4816178,-0.08293911,0.0,0.0,-0.99999994,0
650967993,3.8397243,-0.49524364,-0.08739937,0.0,0.0,-1.0,0
650973015,3.8397243,-0.4967624,-0.08776076,0.0,0.0,-1.0,0
650978003,3.8397243,-0.5101642,-0.09220695,0.0,0.0,-1.0,0
650982994,3.8397243,-0.5134543,-0.0929014,0.0,0.0,-1.0,0
650987996,3.8397243,-0.53226244,-0.098577395,0.0,0.0,-1.0,0
650993048,3.8397243,-0.53714365,-0.09958758,0.0,0.0,-1.0,0
650997998,3.8397243,-0.5569837,-0.105781324,0.0,0.0,-1.0,0
651003002,3.8397243,-0.5630345,-0.107047975,0.0,0.0,-1.0,0
651008017,3.8397243,-0.5815583,-0.11221215,0.0,0.0,-1.0,0
651012994,3.8397243,-0.5883727,-0.11362399,0.0,0.0,-1.0,0
651017997,3.8397243,-0.6079225,-0.11940419,0.0,0.0,-1.0,0
651023000,3.8397243,-0.6149472,-0.12087164,0.0,0.0,-1.0,0
651028047,3.8397243,-0.6371083,-0.12714092,0.0,0.0,-0.99999994,0
651033000,3.8397243,-0.64383525,-0.12858494,0.0,0.0,-0.99999994,0
651037996,3.8397243,-0.6599633,-0.1331615,0.0,0.0,-1.0,0
651042996,3.8397243,-0.66607046,-0.13450599,0.0,0.0,-1.0,0
651047999,3.8397243,-0.67624855,-0.13682134,0.0,0.0,-1.0,0
651052994,3.8397243,-0.6812066,-0.13796428,0.0,0.0,-1.0,0
651057997,3.8397243,-0.6898269,-0.14016417,0.0,0.0,-1.0,0
651063047,3.8397243,-0.6932788,-0.14103247,0.0,0.0,-1.0,0
651067994,3.8397243,-0.6995958,-0.14224523,0.0,0.0,-1.0,0
651073019,3.8397243,-0.7013843,-0.14279233,0.0,0.0,-1.0,0
651078009,3.8397243,-0.6993385,-0.14184916,0.0,0.0,-1.0,0
651082991,3.8397243,-0.69945306,-0.14205964,0.0,0.0,-1.0,0
651087995,3.8397243,-0.6951953,-0.1401056,0.0,0.0,-0.99999994,0
651092994,3.8397243,-0.6934576,-0.1399107,0.0,0.0,-0.99999994,0
651098043,3.8397243,-0.6877027,-0.13803746,0.0,0.0,-0.99999994,0
651102995,3.8397243,-0.6843789,-0.13750906,0.0,0.0,-0.99999994,0
651108017,3.8397243,-0.67652905,-0.1348658,0.0,0.0,-1.0,0
651113002,3.8397243,-0.67179984,-0.13400686,0.0,0.0,-1.0,0
651118000,3.8397243,-0.66387653,-0.13191164,0.0,0.0,-1.0,0
651123002,3.8397243,-0.6582109,-0.13082804,0.0,0.0,-1.0,0
651127996,3.8397243,-0.65480894,-0.13002793,0.0,0.0,-0.99999994,0
651133050,3.8397243,-0.64836717,-0.12874831,0.0,0.0,-0.99999994,0
651137994,3.8397243,-0.6466484,-0.12901478,0.0,0.0,-1.0,0
651142998,3.8397243,-0.6401112,-0.12769361,0.0,0.0,-1.0,0
651147996,3.8397243,-0.6381906,-0.12761615,0.0,0.0,-1.0,0
651153002,3.8397243,-0.6319055,-0.12633024,0.0,0.0,-1.0,0
651158002,3.8397243,-0.6396512,-0.12987082,0.0,0.0,-0.99999994,0
651162998,3.8397243,-0.6338866,-0.12869057,0.0,0.0,-0.99999994,0
651168041,3.8397243,-0.5549642,-0.19406167,0.0,0.0,-1.0,0
651173015,3.8397243,-0.55028677,-0.19311474,0.0,0.0,-1.0,0
651177995,3.8397243,-0.5690888,-0.20031746,0.0,0.0,-1.0,0
651183003,3.8397243,-0.5656968,-0.19964567,0.0,0.0,-1.0,0
651188000,3.8397243,-0.58639693,-0.20732473,0.0,0.0,-1.0,0
651193006,3.8397243,-0.58448875,-0.20697874,0.0,0.0,-1.0,0
651197996,3.8397243,-0.61016166,-0.21610664,0.0,0.0,-1.0,0
651203042,3.8397243,-0.6100007,-0.2161633,0.0,0.0,-1.0,0
651208014,3.8397243,-0.6371523,-0.22560087,0.0,0.0,-1.0,0
651212995,3.8397243,-0.6385826,-0.22601435,0.0,0.0,-1.0,0
651218002,3.8397243,-0.661597,-0.23382092,0.0,0.0,-1.0,0
651223000,3.8397243,-0.6645313,-0.23454708,0.0,0.0,-1.0,0
651228002,3.8397243,-0.6869352,-0.24184462,0.0,0.0,-0.99999994,0
651233002,3.8397243,-0.69124657,-0.24287935,0.0,0.0,-0.99999994,0
651238047,3.8397243,-0.71200967,-0.24927509,0.0,0.0,-1.0,0
651242994,3.8397243,-0.7173534,-0.25052357,0.0,0.0,-1.0,0
651247998,3.8397243,-0.731759,-0.25463426,0.0,0.0,-1.0,0
651252998,3.8397243,-0.7377477,-0.25599656,0.0,0.0,-1.0,0
651258000,3.8397243,-0.74500847,-0.2575778,0.0,0.0,-1.0,0
651262995,3.8397243,-0.7513005,-0.2590281,0.0,0.0,-1.0,0
651267992,3.8397243,-0.7571259,-0.2597984,0.0,0.0,-1.0,0
651273058,3.8397243,-0.76327765,-0.2611899,0.0,0.0,-1.0,0
651277995,3.8397243,-0.765379,-0.26061186,0.0,0.0,-1.0,0
651282993,3.8397243,-0.7708847,-0.2618476,0.0,0.0,-1.0,0
651288004,3.8397243,-0.7667677,-0.25938663,0.0,0.0,-0.99999994,0
651292992,3.8397243,-0.7712522,-0.26036724,0.0,0.0,-0.99999994,0
651297996,3.8397243,-0.76792914,-0.2582375,0.0,0.0,-1.0,0
651303002,3.8397243,-0.77116346,-0.25894535,0.0,0.0,-1.0,0
651308065,3.8397243,-0.77008414,-0.25765914,0.0,0.0,-1.0,0
651312991,3.8397243,-0.77178276,-0.25805417,0.0,0.0,-1.0,0
651317996,3.8397243,-0.76516837,-0.25531185,0.0,0.0,-0.99999994,0
651322996,3.8397243,-0.7652437,-0.2553631,0.0,0.0,-0.99999994,0
651327992,3.8397243,-0.7618061,-0.25384066,0.0,0.0,-0.99999994,0
651332998,3.8397243,-0.7602887,-0.25354,0.0,0.0,-0.99999994,0
651338009,3.8397243,-0.7624514,-0.25402138,0.0,0.0,-0.99999994,0
651343046,3.8397243,-0.7592928,-0.25339037,0.0,0.0,-0.99999994,0
651347994,3.8397243,-0.762763,-0.25469783,0.0,0.0,-0.99999994,0
651352998,3.8397243,-0.75838894,-0.2538509,0.0,0.0,-0.99999994,0
651357997,3.8397243,-0.76108694,-0.25528267,0.0,0.0,-1.0,0
651362991,3.8397243,-0.75575435,-0.25427055,0.0,0.0,-1.0,0
651367995,3.8397243,-0.76312613,-0.2572449,0.0,0.0,-0.99999994,0
651373019,3.8397243,-0.75712657,-0.25610605,0.0,0.0,-0.99999994,0
651378047,3.8397243,-0.76823735,-0.2605255,0.0,0.0,-1.0,0
651382992,3.8397243,-0.7620935,-0.25938135,0.0,0.0,-1.0,0
651387998,3.8397243,-0.77167714,-0.26356035,0.0,0.0,-0.99999994,0
651393004,3.8397243,-0.76569337,-0.26246667,0.0,0.0,-0.99999994,0
651397996,3.8397243,-0.77788377,-0.26736924,0.0,0.0,-1.0,0
651402996,3.8397243,-0.7725398,-0.26640862,0.0,0.0,-1.0,0
651408014,3.8397243,-0.78673834,-0.27199325,0.0,0.0,-0.99999994,0
651413054,3.8397243,-0.7821944,-0.271212,0.0,0.0,-0.99999994,0
651417995,3.8397243,-0.79542106,-0.27641577,0.0,0.0,-0.99999994,0
651422996,3.8397243,-0.7922545,-0.27591053,0.0,0.0,-0.99999994,0
651427996,3.8397243,-0.8028572,-0.28010285,0.0,0.0,-0.99999994,0
651432997,3.8397243,-0.80119133,-0.27989787,0.0,0.0,-0.99999994,0
651438000,3.8397243,-0.81314147,-0.28423977,0.0,0.0,-1.0,0
651442992,3.8397243,-0.8129157,-0.28431806,0.0,0.0,-1.0,0
651448048,3.8397243,-0.8269535,-0.2890831,0.0,0.0,-1.0,0
651452994,3.8397243,-0.8282402,-0.28945172,0.0,0.0,-1.0,0
651457996,3.8397243,-0.8349733,-0.2916037,0.0,0.0,-1.0,0
651462994,3.8397243,-0.83777577,-0.29227772,0.0,0.0,-1.0,0
651467996,3.8397243,-0.8452796,-0.2944622,0.0,0.0,-0.99999994,0
651473019,3.8397243,-0.84930587,-0.29535654,0.0,0.0,-0.99999994,0
651477993,3.8397243,-0.86043984,-0.29827592,0.0,0.0,-1.0,0
651483053,3.8397243,-0.8654532,-0.2993451,0.0,0.0,-1.0,0
651487997,3.8397243,-0.8759638,-0.30187726,0.0,0.0,-1.0,0
651492993,3.8397243,-0.8815051,-0.30302078,0.0,0.0,-1.0,0
651498003,3.8397243,-0.88859487,-0.30434382,0.0,0.0,-1.0,0
651502995,3.8397243,-0.8944472,-0.3055307,0.0,0.0,-1.0,0
651508016,3.8397243,-0.90413094,-0.30753636,0.0,0.0,-1.0,0
651512995,3.8397243,-0.9097355,-0.30867103,0.0,0.0,-1.0,0
651518051,3.8397243,-0.9211422,-0.31118944,0.0,0.0,-1.0,0
651522994,3.8397243,-0.9260927,-0.31219372,0.0,0.0,-1.0,0
651527996,3.8397243,-0.9341518,-0.3138311,0.0,0.0,-0.99999994,0
651533003,3.8397243,-0.9382388,-0.3146656,0.0,0.0,-0.99999994,0
651537994,3.8397243,-0.94504917,-0.31591052,0.0,0.0,-1.0,0
651542997,3.8397243,-0.94788086,-0.31652778,0.0,0.0,-1.0,0
651547996,3.8397243,-0.9578872,-0.31882736,0.0,0.0,-1.0,0
651553040,3.8397243,-0.9591797,-0.31915912,0.0,0.0,-1.0,0
651557995,3.8397243,-0.9614829,-0.3193755,0.0,0.0,-1.0,0
651562996,3.8397243,-0.96120024,-0.3194313,0.0,0.0,-1.0,0
651568002,3.8397243,-0.9593994,-0.31871027,0.0,0.0,-1.0,0
651573019,3.8397243,-0.95765644,-0.31850427,0.0,0.0,-1.0,0
651578002,3.8397243,-0.9580031,-0.31847617,0.0,0.0,-0.99999994,0
651583007,3.8397243,-0.9547475,-0.31799176,0.0,0.0,-0.99999994,0
651588056,3.8397243,-0.9536506,-0.31786227,0.0,0.0,-0.99999994,0
651592994,3.8397243,-0.9493041,-0.31715056,0.0,0.0,-0.99999994,0
651598045,3.8397243,-0.9426697,-0.31549874,0.0,0.0,-1.0,0
651603001,3.8397243,-0.9374515,-0.31461343,0.0,0.0,-1.0,0
651608011,3.8397243,-0.933597,-0.31391585,0.0,0.0,-0.99999994,0
651612998,3.8397243,-0.9278655,-0.31290528,0.0,0.0,-0.99999994,0
651617997,3.8397243,-0.9277642,-0.3134804,0.0,0.0,-1.0,0
651623047,3.8397243,-0.921819,-0.3124112,0.0,0.0,-1.0,0
651628000,3.8397243,-0.92044145,-0.31276068,0.0,0.0,-1.0,0
651632997,3.8397243,-0.9149496,-0.3117427,0.0,0.0,-1.0,0
651637998,3.8397243,-0.9161737,-0.31288368,0.0,0.0,-1.0,0
651642993,3.8397243,-0.91130537,-0.31194782,0.0,0.0,-1.0,0
651647996,3.8397243,-0.9193985,-0.31506214,0.0,0.0,-1.0,0
651653002,3.8397243,-0.9155234,-0.31429872,0.0,0.0,-1.0,0
651658044,3.8397243,-0.92534274,-0.31800148,0.0,0.0,-0.9994706,0
651662993,3.8397243,-0.92258024,-0.31744945,0.0,0.0,-0.9994706,0
651667997,3.8397243,-0.9325903,-0.3211027,0.0,0.0,-0.99832934,0
651673013,3.8397243,-0.9312678,-0.32084432,0.0,0.0,-0.99832934,0
651677993,3.8397243,-0.946842,-0.32609418,0.0,0.0,-0.9971121,0
651683000,3.8397243,-0.9469333,-0.3261196,0.0,0.0,-0.9971121,0
651688000,3.8397243,-0.9665461,-0.33241296,0.0,0.0,-0.99572825,0
651693045,3.8397243,-0.9680551,-0.33273745,0.0,0.0,-0.99572825,0
651697995,3.8397243,-0.98844147,-0.33914736,0.0,0.0,-0.9943927,0
651702998,3.8397243,-0.99116373,-0.33971968,0.0,0.0,-0.9943927,0
651708021,3.8397243,-1.0094051,-0.34522834,0.0,0.0,-0.99315155,0
651712993,3.8397243,-1.013162,-0.34603557,0.0,0.0,-0.99315155,0
651717997,3.8397243,-1.0333544,-0.35192478,0.0,0.0,-0.9917888,0
651722995,3.8397243,-1.037826,-0.3528955,0.0,0.0,-0.9917888,0
651728081,3.8397243,-1.0569774,-0.35823858,0.0,0.0,-0.9906168,0
651732994,3.8397243,-1.0619305,-0.35933205,0.0,0.0,-0.9906168,0
651737994,3.8397243,-1.0748858,-0.36271736,0.0,0.0,-0.98963517,0
651742996,3.8397243,-1.0800471,-0.36387286,0.0,0.0,-0.98963517,0
651747996,3.8397243,-1.0907778,-0.36627623,0.0,0.0,-0.9887599,0
651752995,3.8397243,-1.0956523,-0.3673618,0.0,0.0,-0.9887599,0
651757998,3.8397243,-1.1013672,-0.36794123,0.0,0.0,-0.9871752,0
651763051,3.8397243,-1.1056602,-0.36891434,0.0,0.0,-0.9871752,0
651767992,3.8397243,-1.1053832,-0.36773357,0.0,0.0,-0.98566544,0
651773014,3.8397243,-1.1088312,-0.3685294,0.0,0.0,-0.98566544,0
651778000,3.8397243,-1.1026443,-0.36561257,0.0,0.0,-0.9840773,0
651783007,3.8397243,-1.1049141,-0.36613688,0.0,0.0,-0.9840773,0
651787997,3.8397243,-1.1015222,-0.36402,0.0,0.0,-0.982387,0
651792995,3.8397243,-1.102444,-0.36425722,0.0,0.0,-0.982387,0
651798040,3.8397243,-1.0993035,-0.36243552,0.0,0.0,-0.98060757,0
651802995,3.8397243,-1.0988824,-0.3623964,0.0,0.0,-0.98060757,0
651808021,3.8397243,-1.0906708,-0.3593873,0.0,0.0,-0.97873074,0
651813002,3.8397243,-1.0889864,-0.3590867,0.0,0.0,-0.97873074,0
651817995,3.8397243,-1.0845978,-0.35736138,0.0,0.0,-0.9767845,0
651822997,3.8397243,-1.0816323,-0.3567963,0.0,0.0,-0.9767845,0
651827994,3.8397243,-1.0822765,-0.35680833,0.0,0.0,-0.9747881,0
651833042,3.8397243,-1.0781984,-0.35602534,0.0,0.0,-0.9747881,0
651837997,3.8397243,-1.0776849,-0.35617593,0.0,0.0,-0.9727858,0
651843000,3.8397243,-1.0728927,-0.35525766,0.0,0.0,-0.9727858,0
651848006,3.8397243,-1.0745467,-0.35621494,0.0,0.0,-0.97105813,0
651852993,3.8397243,-1.0693172,-0.35521427,0.0,0.0,-0.97105813,0
651858001,3.8397243,-1.0786399,-0.35851824,0.0,0.0,-0.9687013,0
651862996,3.8397243,-1.0730983,-0.35746273,0.0,0.0,-0.9687013,0
651868049,3.8397243,-1.0829118,-0.36119512,0.0,0.0,-0.96648157,0
651873019,3.8397243,-1.0778209,-0.36024502,0.0,0.0,-0.96648157,0
651877995,3.8397243,-1.0861791,-0.36356896,0.0,0.0,-0.96456176,0
651882996,3.8397243,-1.0817277,-0.36277387,0.0,0.0,-0.96456176,0
651887997,3.8397243,-1.0958025,-0.36774644,0.0,0.0,-0.9628718,0
651892997,3.8397243,-1.0922171,-0.36712322,0.0,0.0,-0.9628718,0
651897993,3.8397243,-1.1096659,-0.37313333,0.0,0.0,-0.9611717,0
651903047,3.8397243,-1.1070805,-0.3726979,0.0,0.0,-0.9611717,0
651908014,3.8397243,-1.1210984,-0.37756282,0.0,0.0,-0.9595506,0
651912991,3.8397243,-1.1199138,-0.37741956,0.0,0.0,-0.9595506,0
651918005,3.8397243,-1.1331679,-0.38180754,0.0,0.0,-0.957985,0
651922994,3.8397243,-1.1332767,-0.38191026,0.0,0.0,-0.957985,0
651927999,3.8397243,-1.148808,-0.38673565,0.0,0.0,-0.95618343,0
651933002,3.8397243,-1.1501832,-0.38708964,0.0,0.0,-0.95618343,0
651938047,3.8397243,-1.1629816,-0.3909021,0.0,0.0,-0.95423573,0
651942994,3.8397243,-1.1656411,-0.39152613,0.0,0.0,-0.95423573,0
651947996,3.8397243,-1.173981,-0.3937737,0.0,0.0,-0.9523323,0
651953000,3.8397243,-1.177615,-0.39456213,0.0,0.0,-0.9523323,0
651958004,3.8397243,-1.1842705,-0.39589798,0.0,0.0,-0.9495428,0
651962996,3.8397243,-1.1884037,-0.39679214,0.0,0.0,-0.9495428,0
651967997,3.8397243,-1.1947656,-0.39774615,0.0,0.0,-0.94674116,0
651973059,3.8397243,-1.199417,-0.39873105,0.0,0.0,-0.94674116,0
651977993,3.8397243,-1.2039448,-0.3991704,0.0,0.0,-0.9441049,0
651982995,3.8397243,-1.2085241,-0.4001111,0.0,0.0,-0.9441049,0
651988003,3.8397243,-1.2109435,-0.3998463,0.0,0.0,-0.94156265,0
651993015,3.8397243,-1.2152762,-0.40071774,0.0,0.0,-0.94156265,0
651997998,3.8397243,-1.2211573,-0.4012459,0.0,0.0,-0.93910384,0
652003001,3.8397243,-1.2249583,-0.40201327,0.0,0.0,-0.93910384,0
652008065,3.8397243,-1.2293764,-0.40216836,0.0,0.0,-0.9368389,0
652012998,3.8397243,-1.2322717,-0.40274003,0.0,0.0,-0.9368389,0
652017998,3.8397243,-1.2340136,-0.4023486,0.0,0.0,-0.93469375,0
652023003,3.8397243,-1.2359359,-0.40270585,0.0,0.0,-0.93469375,0
652027993,3.8397243,-1.2414087,-0.40333346,0.0,0.0,-0.93254125,0
652032998,3.8397243,-1.2421597,-0.40348288,0.0,0.0,-0.93254125,0
652037999,3.8397243,-1.2491444,-0.4047428,0.0,0.0,-0.93036,0
652043052,3.8397243,-1.2485445,-0.4046451,0.0,0.0,-0.93036,0
652047999,3.8397243,-1.250303,-0.40477136,0.0,0.0,-0.9280864,0
652052993,3.8397243,-1.2485291,-0.40445113,0.0,0.0,-0.9280864,0
652057996,3.8397243,-1.2483221,-0.40402517,0.0,0.0,-0.9250418,0
652062991,3.8397243,-1.2452878,-0.40350276,0.0,0.0,-0.9250418,0
652067996,3.8397243,-1.2502168,-0.40462554,0.0,0.0,-0.92192113,0
652073017,3.8397243,-1.2461705,-0.40391925,0.0,0.0,-0.92192113,0
652078041,3.8397243,-1.2487613,-0.40480405,0.0,0.0,-0.918716,0
652082994,3.8397243,-1.2441144,-0.4039978,0.0,0.0,-0.918716,0
652088001,3.8397243,-1.2448407,-0.40464166,0.0,0.0,-0.91555583,0
652093000,3.8397243,-1.2398341,-0.40380117,0.0,0.0,-0.91555583,0
652098003,3.8397243,-1.243296,-0.40510327,0.0,0.0,-0.912501,0
652103001,3.8397243,-1.2380943,-0.40420076,0.0,0.0,-0.912501,0
652108012,3.8397243,-1.2429304,-0.40600723,0.0,0.0,-0.9095822,0
652113042,3.8397243,-1.2380033,-0.40517807,0.0,0.0,-0.9095822,0
652118015,3.8397243,-1.2399873,-0.4063533,0.0,0.0,-0.90686,0
652122995,3.8397243,-1.2358409,-0.4056511,0.0,0.0,-0.90686,0
652128003,3.8397243,-1.2401142,-0.40725976,0.0,0.0,-0.9044288,0
652133000,3.8397243,-1.2368811,-0.40669918,0.0,0.0,-0.9044288,0
652138001,3.8397243,-1.2463709,-0.4097657,0.0,0.0,-0.9021314,0
652143003,3.8397243,-1.2441542,-0.40938678,0.0,0.0,-0.9021314,0
652148056,3.8397243,-1.25153,-0.41199258,0.0,0.0,-0.89987797,0
652152993,3.8397243,-1.2506523,-0.4118446,0.0,0.0,-0.89987797,0
652157995,3.8397243,-1.2542027,-0.41277876,0.0,0.0,-0.8971037,0
652163000,3.8397243,-1.2544956,-0.41282752,0.0,0.0,-0.8971037,0
652167994,3.8397243,-1.2661048,-0.41586298,0.0,0.0,-0.894298,0
652173015,3.8397243,-1.2675766,-0.41611046,0.0,0.0,-0.894298,0
652178012,3.8397243,-1.2814949,-0.41966787,0.0,0.0,-0.89137137,0
652183045,3.8397243,-1.2840999,-0.42011333,0.0,0.0,-0.89137137,0
652187995,3.8397243,-1.2955502,-0.4228947,0.0,0.0,-0.8884281,0
652192998,3.8397243,-1.299003,-0.4235232,0.0,0.0,-0.8884281,0
652197994,3.8397243,-1.3119414,-0.42659828,0.0,0.0,-0.88540816,0
652203009,3.8397243,-1.3159851,-0.4273516,0.0,0.0,-0.88540816,0
652208013,3.8397243,-1.3322294,-0.43115065,0.0,0.0,-0.88221,0
652212992,3.8397243,-1.3365308,-0.43199256,0.0,0.0,-0.88221,0
652218050,3.8397243,-1.3490955,-0.434665,0.0,0.0,-0.87907845,0
652222996,3.8397243,-1.3533359,-0.43551666,0.0,0.0,-0.87907845,0
652227999,3.8397243,-1.3631674,-0.43742615,0.0,0.0,-0.8760396,0
652233007,3.8397243,-1.3670491,-0.43820086,0.0,0.0,-0.8760396,0
652238000,3.8397243,-1.3780453,-0.44021514,0.0,0.0,-0.8729867,0
652243013,3.8397243,-1.3812575,-0.44088584,0.0,0.0,-0.8729867,0
652248011,3.8397243,-1.3883097,-0.44175136,0.0,0.0,-0.87003773,0
652253042,3.8397243,-1.3907357,-0.44229648,0.0,0.0,-0.87003773,0
652257994,3.8397243,-1.3853486,-0.43942255,0.0,0.0,-0.86658716,0
652262996,3.8397243,-1.3867195,-0.4397547,0.0,0.0,-0.86658716,0
652267998,3.8397243,-1.3817953,-0.43707797,0.0,0.0,-0.86326176,0
652273017,3.8397243,-1.3819326,-0.43714172,0.0,0.0,-0.86326176,0
652278002,3.8397243,-1.3789183,-0.43495834,0.0,0.0,-0.85999084,0
652282996,3.8397243,-1.3779316,-0.434818,0.0,0.0,-0.85999084,0
652288047,3.8397243,-1.3713723,-0.43194345,0.0,0.0,-0.85675806,0
652292995,3.8397243,-1.369379,-0.4315832,0.0,0.0,-0.85675806,0
652297997,3.8397243,-1.3600967,-0.4282766,0.0,0.0,-0.8534672,0
652302997,3.8397243,-1.357119,-0.42771384,0.0,0.0,-0.8534672,0
652308014,3.8397243,-1.3531684,-0.42593312,0.0,0.0,-0.8500917,0
652312999,3.8397243,-1.3493439,-0.42521444,0.0,0.0,-0.8500917,0
652317994,3.8397243,-1.3479146,-0.424425,0.0,0.0,-0.8467323,0
652323048,3.8397243,-1.3435313,-0.42358384,0.0,0.0,-0.8467323,0
652328002,3.8397243,-1.3390495,-0.42229936,0.0,0.0,-0.8433303,0
652333001,3.8397243,-1.334428,-0.4214044,0.0,0.0,-0.8433303,0
652338010,3.8397243,-1.338135,-0.42247927,0.0,0.0,-0.8400127,0
652343000,3.8397243,-1.3334701,-0.42157236,0.0,0.0,-0.8400127,0
652347995,3.8397243,-1.3431154,-0.42440307,0.0,0.0,-0.8367305,0
652353000,3.8397243,-1.338837,-0.42357948,0.0,0.0,-0.8367305,0
652358042,3.8397243,-1.3416557,-0.4243984,0.0,0.0,-0.83289784,0
652362991,3.8397243,-1.3379308,-0.4236795,0.0,0.0,-0.83289784,0
652367999,3.8397243,-1.3428468,-0.42513064,0.0,0.0,-0.8292919,0
652373018,3.8397243,-1.3399575,-0.4245645,0.0,0.0,-0.8292919,0
652378006,3.8397243,-1.3537163,-0.42831656,0.0,0.0,-0.82593566,0
652382997,3.8397243,-1.3517783,-0.42795312,0.0,0.0,-0.82593566,0
652387997,3.8397243,-1.3658502,-0.4318508,0.0,0.0,-0.82264996,0
652393039,3.8397243,-1.3650193,-0.43169567,0.0,0.0,-0.82264996,0
652397995,3.8397243,-1.3754461,-0.43455803,0.0,0.0,-0.81954056,0
652403003,3.8397243,-1.3758798,-0.43464178,0.0,0.0,-0.81954056,0
652408016,3.8397243,-1.3903333,-0.43824723,0.0,0.0,-0.81659806,0
652413003,3.8397243,-1.3917445,-0.43850762,0.0,0.0,-0.81659806,0
652418002,3.8397243,-1.4066402,-0.44216278,0.0,0.0,-0.8135369,0
652422996,3.8397243,-1.4090669,-0.44262356,0.0,0.0,-0.8135369,0
652428041,3.8397243,-1.4188765,-0.4447232,0.0,0.0,-0.81048405,0
652432995,3.8397243,-1.4220791,-0.44532162,0.0,0.0,-0.81048405,0
652437994,3.8397243,-1.4296864,-0.44647735,0.0,0.0,-0.8074702,0
652443002,3.8397243,-1.433344,-0.4471526,0.0,0.0,-0.8074702,0
652447996,3.8397243,-1.4406626,-0.44804356,0.0,0.0,-0.8041841,0
652452999,3.8397243,-1.4446559,-0.44879138,0.0,0.0,-0.8041841,0
652457996,3.8397243,-1.4422762,-0.44621813,0.0,0.0,-0.8003379,0
652463054,3.8397243,-1.4461228,-0.44691348,0.0,0.0,-0.8003379,0
652467998,3.8397243,-1.4412853,-0.44379643,0.0,0.0,-0.79653084,0
652473015,3.8397243,-1.4447715,-0.44440582,0.0,0.0,-0.79653084,0
652477997,3.8397243,-1.4399371,-0.44126672,0.0,0.0,-0.79264987,0
652482998,3.8397243,-1.4426591,-0.4417222,0.0,0.0,-0.79264987,0
652487996,3.8397243,-1.4392667,-0.43891752,0.0,0.0,-0.7888036,0
652492999,3.8397243,-1.4411677,-0.4392325,0.0,0.0,-0.7888036,0
652498052,3.8397243,-1.4358838,-0.4360879,0.0,0.0,-0.7851518,0
652502994,3.8397243,-1.4369316,-0.43623877,0.0,0.0,-0.7851518,0
652508022,3.8397243,-1.4319366,-0.43339965,0.0,0.0,-0.78161985,0
652513001,3.8397243,-1.4318001,-0.43332076,0.0,0.0,-0.78161985,0
652517995,3.8397243,-1.4313571,-0.4318476,0.0,0.0,-0.7781113,0
652522996,3.8397243,-1.4301128,-0.43155357,0.0,0.0,-0.7781113,0
652527995,3.8397243,-1.4302044,-0.4304262,0.0,0.0,-0.77475154,0
652533042,3.8397243,-1.4280306,-0.4299826,0.0,0.0,-0.77475154,0
652538002,3.8397243,-1.4271715,-0.42901814,0.0,0.0,-0.7715163,0
652542998,3.8397243,-1.4241307,-0.42840526,0.0,0.0,-0.7715163,0
652548013,3.8397243,-1.4267064,-0.42843965,0.0,0.0,-0.76829726,0
652552994,3.8397243,-1.4229033,-0.42769986,0.0,0.0,-0.76829726,0
652557999,3.8397243,-1.4224131,-0.42635477,0.0,0.0,-0.7647487,0
652562994,3.8397243,-1.418057,-0.4255178,0.0,0.0,-0.7647487,0
652568049,3.8397243,-1.4149764,-0.4240117,0.0,0.0,-0.761163,0
652573011,3.8397243,-1.4105139,-0.42316216,0.0,0.0,-0.761163,0
652577996,3.8397243,-1.4088582,-0.42224482,0.0,0.0,-0.7574885,0
652583001,3.8397243,-1.4044474,-0.42142373,0.0,0.0,-0.7574885,0
652587994,3.8397243,-1.4085343,-0.42201072,0.0,0.0,-0.7538275,0
652593005,3.8397243,-1.4043941,-0.42126516,0.0,0.0,-0.7538275,0
652597999,3.8397243,-1.4081059,-0.42189342,0.0,0.0,-0.75020456,0
652603050,3.8397243,-1.4045634,-0.42126128,0.0,0.0,-0.75020456,0
652608015,3.8397243,-1.4039836,-0.42090523,0.0,0.0,-0.74511385,0
652613001,3.8397243,-1.4013362,-0.42041937,0.0,0.0,-0.74511385,0
652618005,3.8397243,-1.4067187,-0.4213845,0.0,0.0,-0.7401754,0
652623002,3.8397243,-1.4050319,-0.42108497,0.0,0.0,-0.7401754,0
652628002,3.8397243,-1.4118148,-0.42232037,0.0,0.0,-0.73532844,0
652632994,3.8397243,-1.4111475,-0.42217943,0.0,0.0,-0.73532844,0
652638062,3.8397243,-1.41377,-0.42242083,0.0,0.0,-0.7306513,0
652642995,3.8397243,-1.4142517,-0.4224684,0.0,0.0,-0.7306513,0
652647994,3.8397243,-1.4180104,-0.42257497,0.0,0.0,-0.72633874,0
652653002,3.8397243,-1.4195249,-0.4227809,0.0,0.0,-0.72633874,0
652657999,3.8397243,-1.4214679,-0.42138237,0.0,0.0,-0.7217349,0
652663001,3.8397243,-1.4237901,-0.4217137,0.0,0.0,-0.7217349,0
652668001,3.8397243,-1.4235252,-0.4199146,0.0,0.0,-0.71706843,0
652673063,3.8397243,-1.4265659,-0.42034513,0.0,0.0,-0.71706843,0
652677998,3.8397243,-1.4271858,-0.41873312,0.0,0.0,-0.71251446,0
652682994,3.8397243,-1.4307573,-0.4192345,0.0,0.0,-0.71251446,0
652687997,3.8397243,-1.435207,-0.41837505,0.0,0.0,-0.70786214,0
652692993,3.8397243,-1.4388661,-0.41889215,0.0,0.0,-0.70786214,0
652697998,3.8397243,-1.4450198,-0.41861388,0.0,0.0,-0.7029519,0
652703002,3.8397243,-1.4485868,-0.4191333,0.0,0.0,-0.7029519,0
652708061,3.8397243,-1.4506378,-0.41783187,0.0,0.0,-0.6980508,0
652712995,3.8397243,-1.4537761,-0.41828465,0.0,0.0,-0.6980508,0
652717998,3.8397243,-1.456216,-0.4170715,0.0,0.0,-0.69306767,0
652723007,3.8397243,-1.4586687,-0.41741344,0.0,0.0,-0.69306767,0
652727996,3.8397243,-1.4619583,-0.41638356,0.0,0.0,-0.6878261,0
652732999,3.8397243,-1.4635375,-0.4166085,0.0,0.0,-0.6878261,0
652737994,3.8397243,-1.4630407,-0.4148386,0.0,0.0,-0.68259794,0
652743057,3.8397243,-1.4637064,-0.4149288,0.0,0.0,-0.68259794,0
652747996,3.8397243,-1.4596779,-0.4124095,0.0,0.0,-0.67762774,0
652752992,3.8397243,-1.4593055,-0.41231537,0.0,0.0,-0.67762774,0
652758002,3.8397243,-1.4517605,-0.4080877,0.0,0.0,-0.6724217,0
652762992,3.8397243,-1.4501833,-0.40777615,0.0,0.0,-0.6724217,0
652768012,3.8397243,-1.4427646,-0.40381065,0.0,0.0,-0.6673791,0
652773015,3.8397243,-1.4402963,-0.4033568,0.0,0.0,-0.6673791,0
652778055,3.8397243,-1.4286553,-0.39870486,0.0,0.0,-0.6626138,0
652782993,3.8397243,-1.4254814,-0.39811462,0.0,0.0,-0.6626138,0
652787998,3.8397243,-1.4161241,-0.39437893,0.0,0.0,-0.6578514,0
652792994,3.8397243,-1.4122406,-0.3936691,0.0,0.0,-0.6578514,0
652797996,3.8397243,-1.4078726,-0.39128047,0.0,0.0,-0.6530997,0
652803000,3.8397243,-1.4036539,-0.39050582,0.0,0.0,-0.6530997,0
652808014,3.8397243,-1.3956541,-0.3874136,0.0,0.0,-0.64846563,0
652813048,3.8397243,-1.391398,-0.38662788,0.0,0.0,-0.64846563,0
652817995,3.8397243,-1.384384,-0.38408396,0.0,0.0,-0.6438155,0
652822998,3.8397243,-1.3803521,-0.38331833,0.0,0.0,-0.6438155,0
652827994,3.8397243,-1.3790112,-0.38208148,0.0,0.0,-0.6389991,0
652832997,3.8397243,-1.375354,-0.38136452,0.0,0.0,-0.6389991,0
652837999,3.8397243,-1.3795435,-0.38157523,0.0,0.0,-0.63415694,0
652843000,3.8397243,-1.3765026,-0.38096264,0.0,0.0,-0.63415694,0
652848042,3.8397243,-1.3781695,-0.38087493,0.0,0.0,-0.62929326,0
652853029,3.8397243,-1.376112,-0.38044164,0.0,0.0,-0.62929326,0
652857995,3.8397243,-1.3758581,-0.37890273,0.0,0.0,-0.624335,0
652863006,3.8397243,-1.3744519,-0.3785483,0.0,0.0,-0.624335,0
652867992,3.8397243,-1.3806744,-0.37849703,0.0,0.0,-0.61944604,0
652873107,3.8397243,-1.3802038,-0.37831068,0.0,0.0,-0.61944604,0
652878006,3.8397243,-0.29866356,-0.11247107,0.0,0.0,-0.001,0
652883061,3.8397243,-0.2994293,-0.112548694,0.0,0.0,-0.001,0
652888000,3.8397243,-0.30024964,-0.11295689,0.0,0.0,-0.001,0
652893004,3.8397243,-0.3018695,-0.113240436,0.0,0.0,-0.001,0
652898017,3.8397243,-0.3032722,-0.11396303,0.0,0.0,-0.001,0
652903018,3.8397243,-0.30542153,-0.11435712,0.0,0.0,-0.001,0
652908026,3.8397243,-0.30716452,-0.11535206,0.0,0.0,-0.001,0
652913007,3.8397243,-0.30994877,-0.11590958,0.0,0.0,-0.001,0
652918054,3.8397243,-0.3120201,-0.11712224,0.0,0.0,-0.001,0
652923002,3.8397243,-0.3150042,-0.11770201,0.0,0.0,-0.001,0
652928007,3.8397243,-0.31715235,-0.11900995,0.0,0.0,-0.001,0
652933013,3.8397243,-0.3203476,-0.119662024,0.0,0.0,-0.001,0
652938004,3.8397243,-0.32230034,-0.12097812,0.0,0.0,-0.001,0
652943005,3.8397243,-0.32519877,-0.12155555,0.0,0.0,-0.001,0
652948014,3.8397243,-0.32693443,-0.12277671,0.0,0.0,-0.001,0
652953061,3.8397243,-0.32955295,-0.12331027,0.0,0.0,-0.001,0
652958004,3.8397243,-0.33089826,-0.124319166,0.0,0.0,-0.001,0
652963003,3.8397243,-0.33279827,-0.12466157,0.0,0.0,-0.001,0
652968013,3.8397243,-0.33364773,-0.12542811,0.0,0.0,-0.001,0
652973024,3.8397243,-0.33476233,-0.12559146,0.0,0.0,-0.001,0
652978013,3.8397243,-0.33501413,-0.12605374,0.0,0.0,-0.001,0
652983012,3.8397243,-0.33532923,-0.12604557,0.0,0.0,-0.001,0
652988059,3.8397243,-0.33489475,-0.12612544,0.0,0.0,-0.001,0
652993008,3.8397243,-0.3344461,-0.12594263,0.0,0.0,-0.001,0
652998004,3.8397243,-0.33342215,-0.12569346,0.0,0.0,-0.001,0
653003011,3.8397243,-0.3320248,-0.12528561,0.0,0.0,-0.001,0
653008022,3.8397243,-0.33042878,-0.12468109,0.0,0.0,-0.001,0
653013011,3.8397243,-0.32825816,-0.124100655,0.0,0.0,-0.001,0
653018007,3.8397243,-0.32616004,-0.12318865,0.0,0.0,-0.001,0
653023058,3.8397243,-0.32342398,-0.12248826,0.0,0.0,-0.001,0
653028019,3.8397243,-0.3210099,-0.1212967,0.0,0.0,-0.001,0
653033007,3.8397243,-0.3177419,-0.12047445,0.0,0.0,-0.001,0
653038004,3.8397243,-0.31503123,-0.11909389,0.0,0.0,-0.001,0
653043009,3.8397243,-0.3115054,-0.11821597,0.0,0.0,-0.001,0
653048007,3.8397243,-0.30874342,-0.116773486,0.0,0.0,-0.001,0
653053004,3.8397243,-0.3051826,-0.1158955,0.0,0.0,-0.001,0
653058069,3.8397243,-3.8397243,3.4906585,0.0,0.0,-0.001,0
653063012,3.8397243,-3.8397243,3.4906585,0.0,0.0,-0.001,0
653068003,3.8397243,-0.29735002,-0.11240886,0.0,0.0,-0.001,0
653073032,3.8397243,-0.29450285,-0.11174402,0.0,0.0,-0.001,0
653078005,3.8397243,-0.29270265,-0.11056405,0.0,0.0,-0.001,0
653083008,3.8397243,-0.29046375,-0.11003535,0.0,0.0,-0.001,0
653088005,3.8397243,-0.2892217,-0.10916385,0.0,0.0,-0.001,0
653093060,3.8397243,-0.2877023,-0.10881095,0.0,0.0,-0.001,0
653098004,3.8397243,-0.2871155,-0.10824157,0.0,0.0,-0.001,0
653103006,3.8397243,-0.28644258,-0.108080186,0.0,0.0,-0.001,0
653108025,3.8397243,-0.28647396,-0.10785649,0.0,0.0,-0.001,0
653113005,3.8397243,-0.28668457,-0.10789855,0.0,0.0,-0.001,0
653118007,3.8397243,-0.28728375,-0.10803992,0.0,0.0,-0.001,0
653123016,3.8397243,-0.28837326,-0.10828446,0.0,0.0,-0.001,0
653128056,3.8397243,-0.28958037,-0.10877945,0.0,0.0,-0.001,0
653133004,3.8397243,-0.29136944,-0.10916314,0.0,0.0,-0.001,0
653138008,3.8397243,-0.29298183,-0.10994658,0.0,0.0,-0.001,0
653143004,3.8397243,-0.2953513,-0.11044079,0.0,0.0,-0.001,0
653148006,3.8397243,-0.29729125,-0.111482516,0.0,0.0,-0.001,0
653153008,3.8397243,-0.30013713,-0.11207562,0.0,0.0,-0.001,0
653158013,3.8397243,-0.302565,-0.11324495,0.0,0.0,-0.001,0
653163066,3.8397243,-0.3061259,-0.11385968,0.0,0.0,-0.001,0
653168008,3.8397243,-0.30835786,-0.11539203,0.0,0.0,-0.001,0
653173019,3.8397243,-0.31186858,-0.11598094,0.0,0.0,-0.001,0
653178013,3.8397243,-0.31386295,-0.11748239,0.0,0.0,-0.001,0
653183002,3.8397243,-0.31711325,-0.11801575,0.0,0.0,-0.001,0
653188012,3.8397243,-0.31881037,-0.11940045,0.0,0.0,-0.001,0
653193003,3.8397243,-0.3216711,-0.11984487,0.0,0.0,-0.001,0
653198055,3.8397243,-0.32310784,-0.121106274,0.0,0.0,-0.001,0
653203004,3.8397243,-0.32532004,-0.121411845,0.0,0.0,-0.001,0
653208026,3.8397243,-0.32619566,-0.12238072,0.0,0.0,-0.001,0
653213010,3.8397243,-0.32774934,-0.12254828,0.0,0.0,-0.001,0
653218011,3.8397243,-0.32802066,-0.123205505,0.0,0.0,-0.001,0
653223006,3.8397243,-0.32870954,-0.12320523,0.0,0.0,-0.001,0
653228006,3.8397243,-0.32845375,-0.12350011,0.0,0.0,-0.001,0
653233065,3.8397243,-0.3283838,-0.123331964,0.0,0.0,-0.001,0
653238010,3.8397243,-0.32753596,-0.123305246,0.0,0.0,-0.001,0
653243005,3.8397243,-0.32664013,-0.1229796,0.0,0.0,-0.001,0
653248006,3.8397243,-0.3252701,-0.122606285,0.0,0.0,-0.001,0
653253012,3.8397243,-0.32355952,-0.12211207,0.0,0.0,-0.001,0
653258005,3.8397243,-0.3222829,-0.12122042,0.0,0.0,-0.001,0
653263010,3.8397243,-0.32056174,-0.120437674,0.0,0.0,-0.001,0
653268058,3.8397243,-0.31834182,-0.11983431,0.0,0.0,-0.001,0
653273018,3.8397243,-0.3162778,-0.11898479,0.0,0.0,-0.001,0
653278005,3.8397243,-0.3138932,-0.11821424,0.0,0.0,-0.001,0
653283017,3.8397243,-0.311603,-0.11731239,0.0,0.0,-0.001,0
653288004,3.8397243,-0.30919802,-0.116478704,0.0,0.0,-0.001,0
653293007,3.8397243,-0.3069845,-0.115601115,0.0,0.0,-0.001,0
653298008,3.8397243,-0.30478737,-0.11478484,0.0,0.0,-0.001,0
653303058,3.8397243,-0.302783,-0.113940306,0.0,0.0,-0.001,0
653308024,3.8397243,-0.30088356,-0.11323042,0.0,0.0,-0.001,0
653313005,3.8397243,-0.29939285,-0.11248488,0.0,0.0,-0.001,0
653318008,3.8397243,-0.29782265,-0.112011194,0.0,0.0,-0.001,0
653323002,3.8397243,-0.29691723,-0.111389086,0.0,0.0,-0.001,0
653328009,3.8397243,-0.2957929,-0.11114477,0.0,0.0,-0.001,0
653333014,3.8397243,-0.2956093,-0.11066262,0.0,0.0,-0.001,0
653338070,3.8397243,-0.29519027,-0.110764734,0.0,0.0,-0.001,0
653343006,3.8397243,-0.29584706,-0.110461734,0.0,0.0,-0.001,0
653348007,3.8397243,-0.2958624,-0.11090154,0.0,0.0,-0.001,0
653353003,3.8397243,-0.29728872,-0.11076682,0.0,0.0,-0.001,0
653358004,3.8397243,-0.29804304,-0.111659154,0.0,0.0,-0.001,0
653363006,3.8397243,-0.3003237,-0.11178658,0.0,0.0,-0.001,0
653368009,3.8397243,-0.30160877,-0.11291554,0.0,0.0,-0.001,0
653373077,3.8397243,-0.30457962,-0.1131942,0.0,0.0,-0.001,0
653378091,3.8397243,-0.3062124,-0.11459519,0.0,0.0,-0.001,0
653383008,3.8397243,-0.30965024,-0.114987925,0.0,0.0,-0.001,0
653388012,3.8397243,-0.31154844,-0.116577186,0.0,0.0,-0.001,0
653393004,3.8397243,-0.31526557,-0.11704523,0.0,0.0,-0.001,0
653398006,3.8397243,-0.31719813,-0.118741885,0.0,0.0,-0.001,0
653403009,3.8397243,-0.32103333,-0.11924159,0.0,0.0,-0.001,0
653408074,3.8397243,-0.3231313,-0.12098557,0.0,0.0,-0.001,0
653413000,3.8397243,-0.32687476,-0.121482916,0.0,0.0,-0.001,0
653418008,3.8397243,-0.32875535,-0.12318788,0.0,0.0,-0.001,0
653423004,3.8397243,-0.33226627,-0.12366028,0.0,0.0,-0.001,0
653428010,3.8397243,-0.3338825,-0.12521501,0.0,0.0,-0.001,0
653433005,3.8397243,-0.3369043,-0.12557966,0.0,0.0,-0.001,0
653438009,3.8397243,-0.33823305,-0.12696159,0.0,0.0,-0.001,0
653443053,3.8397243,-0.34074998,-0.12721644,0.0,0.0,-0.001,0
653448011,3.8397243,-0.34143972,-0.12830794,0.0,0.0,-0.001,0
653453014,3.8397243,-0.3432228,-0.12839928,0.0,0.0,-0.001,0
653458010,3.8397243,-0.3436106,-0.12921609,0.0,0.0,-0.001,0
653463003,3.8397243,-0.34479094,-0.12915519,0.0,0.0,-0.001,0
653468006,3.8397243,-0.34454593,-0.12971936,0.0,0.0,-0.001,0
653473018,3.8397243,-0.34495333,-0.12950876,0.0,0.0,-0.001,0
653478055,3.8397243,-0.3442017,-0.12975068,0.0,0.0,-0.001,0
653483003,3.8397243,-0.3439245,-0.1293839,0.0,0.0,-0.001,0
653488017,3.8397243,-0.3427568,-0.12932616,0.0,0.0,-0.001,0
653493031,3.8397243,-0.34181786,-0.12883364,0.0,0.0,-0.001,0
653498008,3.8397243,-0.34024036,-0.12851113,0.0,0.0,-0.001,0
653503011,3.8397243,-0.33886597,-0.12794052,0.0,0.0,-0.001,0
653508024,3.8397243,-0.3370579,-0.12739795,0.0,0.0,-0.001,0
653513060,3.8397243,-0.33535355,-0.12674384,0.0,0.0,-0.001,0
653518008,3.8397243,-0.33345816,-0.12607817,0.0,0.0,-0.001,0
653523009,3.8397243,-0.33158106,-0.12538692,0.0,0.0,-0.001,0
653528011,3.8397243,-0.32960036,-0.124677554,0.0,0.0,-0.001,0
653533009,3.8397243,-0.3277305,-0.123989984,0.0,0.0,-0.001,0
653538012,3.8397243,-0.3260262,-0.12334872,0.0,0.0,-0.001,0
653543009,3.8397243,-0.3243987,-0.12272834,0.0,0.0,-0.001,0
653548060,3.8397243,-0.32299906,-0.122177735,0.0,0.0,-0.001,0
653553001,3.8397243,-0.3218946,-0.12168731,0.0,0.0,-0.001,0
653558012,3.8397243,-0.32119656,-0.121307865,0.0,0.0,-0.001,0
653563006,3.8397243,-0.32092845,-0.12093042,0.0,0.0,-0.001,0
653568004,3.8397243,-0.320436,-0.12097408,0.0,0.0,-0.001,0
653573019,3.8397243,-0.32075518,-0.12073445,0.0,0.0,-0.001,0
653578006,3.8397243,-0.32081547,-0.121059075,0.0,0.0,-0.001,0
653583055,3.8397243,-0.3219454,-0.1210309,0.0,0.0,-0.001,0
653588004,3.8397243,-0.32251596,-0.121638685,0.0,0.0,-0.001,0
653593014,3.8397243,-0.3242937,-0.12175478,0.0,0.0,-0.001,0
653598004,3.8397243,-0.32538718,-0.12266564,0.0,0.0,-0.001,0
653603007,3.8397243,-0.32789072,-0.12296961,0.0,0.0,-0.001,0
653608026,3.8397243,-0.32940227,-0.12412142,0.0,0.0,-0.001,0
653613011,3.8397243,-0.33237144,-0.124537334,0.0,0.0,-0.001,0
653618065,3.8397243,-0.33421323,-0.12592141,0.0,0.0,-0.001,0
653623007,3.8397243,-0.33756793,-0.12642798,0.0,0.0,-0.001,0
653628006,3.8397243,-0.33966863,-0.1279693,0.0,0.0,-0.001,0
653633006,3.8397243,-0.34331757,-0.12855713,0.0,0.0,-0.001,0
653638006,3.8397243,-0.34537363,-0.13017544,0.0,0.0,-0.001,0
653643005,3.8397243,-0.34902442,-0.13077646,0.0,0.0,-0.001,0
653648007,3.8397243,-0.35111976,-0.13240184,0.0,0.0,-0.001,0
653653057,3.8397243,-0.35467222,-0.13295764,0.0,0.0,-0.001,0
653658004,3.8397243,-0.3566396,-0.1344648,0.0,0.0,-0.001,0
653663009,3.8397243,-0.36006144,-0.13492872,0.0,0.0,-0.001,0
653668008,3.8397243,-0.3614861,-0.13641883,0.0,0.0,-0.001,0
653673018,3.8397243,-0.36436072,-0.13675556,0.0,0.0,-0.001,0
653678006,3.8397243,-0.36546528,-0.13804783,0.0,0.0,-0.001,0
653683010,3.8397243,-0.36773863,-0.13823234,0.0,0.0,-0.001,0
653688061,3.8397243,-0.36839962,-0.13929962,0.0,0.0,-0.001,0
653693003,3.8397243,-0.36994454,-0.13932888,0.0,0.0,-0.001,0
653698015,3.8397243,-0.37005582,-0.14008637,0.0,0.0,-0.001,0
653703000,3.8397243,-0.37099478,-0.14000697,0.0,0.0,-0.001,0
653708022,3.8397243,-0.37064743,-0.14045112,0.0,0.0,-0.001,0
653713006,3.8397243,-0.37083068,-0.14021355,0.0,0.0,-0.001,0
653718009,3.8397243,-0.37002796,-0.1403417,0.0,0.0,-0.001,0
653723067,3.8397243,-0.36952567,-0.13995312,0.0,0.0,-0.001,0
653728005,3.8397243,-0.36823434,-0.13980599,0.0,0.0,-0.001,0
653733007,3.8397243,-0.3670619,-0.1392846,0.0,0.0,-0.001,0
653738006,3.8397243,-0.365444,-0.13887125,0.0,0.0,-0.001,0
653743004,3.8397243,-0.36386964,-0.13828191,0.0,0.0,-0.001,0
653748006,3.8397243,-0.36202097,-0.13769187,0.0,0.0,-0.001,0
653753005,3.8397243,-0.36021224,-0.13706733,0.0,0.0,-0.001,0
653758053,3.8397243,-0.3583515,-0.13638762,0.0,0.0,-0.001,0
653763054,3.8397243,-0.35641238,-0.1357787,0.0,0.0,-0.001,0
653768010,3.8397243,-0.354648,-0.13500121,0.0,0.0,-0.001,0
653773019,3.8397243,-0.35272142,-0.1344032,0.0,0.0,-0.001,0
653778009,3.8397243,-0.35113445,-0.13368073,0.0,0.0,-0.001,0
653783006,3.8397243,-0.34956157,-0.13318282,0.0,0.0,-0.001,0
653788005,3.8397243,-0.3484438,-0.13260838,0.0,0.0,-0.001,0
653793060,3.8397243,-0.34731084,-0.13220339,0.0,0.0,-0.001,0
653798007,3.8397243,-0.3464971,-0.13182457,0.0,0.0,-0.001,0
653803017,3.8397243,-0.34599334,-0.13156815,0.0,0.0,-0.001,0
653808028,3.8397243,-0.3456453,-0.13143368,0.0,0.0,-0.001,0
653813003,3.8397243,-0.345664,-0.13128376,0.0,0.0,-0.001,0
653818005,3.8397243,-0.34578946,-0.13139932,0.0,0.0,-0.001,0
653823004,3.8397243,-0.34651673,-0.13139561,0.0,0.0,-0.001,0
653828063,3.8397243,-0.34712866,-0.13180023,0.0,0.0,-0.001,0
653833007,3.8397243,-0.34852406,-0.13195148,0.0,0.0,-0.001,0
653838009,3.8397243,-0.34954986,-0.13263653,0.0,0.0,-0.001,0
653843010,3.8397243,-0.35153824,-0.13291638,0.0,0.0,-0.001,0
653848014,3.8397243,-0.35289842,-0.13384154,0.0,0.0,-0.001,0
653853009,3.8397243,-0.35540128,-0.13425958,0.0,0.0,-0.001,0
653858011,3.8397243,-0.35708994,-0.13539784,0.0,0.0,-0.001,0
653863062,3.8397243,-0.3599105,-0.13585986,0.0,0.0,-0.001,0
653868005,3.8397243,-0.36169136,-0.13712913,0.0,0.0,-0.001,0
653873020,3.8397243,-0.36472505,-0.13767095,0.0,0.0,-0.001,0
