timestamp,timestamp_sample,xyz[0],xyz[1],xyz[2],xyz_derivative[0],xyz_derivative[1],xyz_derivative[2]
630568784,630568690,-0.0042059096,0.00086411583,-0.006604739,-1.1562396,0.14650796,-0.9839285
630570075,630569981,-0.0024815453,0.0017463678,-0.006782684,-0.43240902,0.29467896,-0.7493926
630573785,630573688,-9.497409e-05,-0.0006309296,-0.0073436922,-0.2212123,-0.29748586,-0.43741894
630576275,630576187,-0.00029526738,-0.0015230674,-0.00613188,-0.07215428,-0.3654454,0.001394828
630580078,630579982,0.00050337944,-0.0008884758,-0.002900783,0.10408764,0.055798694,0.5203395
630583781,630583688,-0.00011255813,0.0011819081,-0.0018822969,0.31836325,0.47530708,0.4202015
630587529,630587437,-0.0045123836,-0.00023749628,0.008501626,-0.8464839,0.08402903,1.913399
630591273,630591188,0.002168479,-0.00033314183,0.011352734,0.2934568,-0.08450809,1.1438459
630593780,630593688,0.0014120332,0.0017560067,0.013900942,0.22668672,0.3272661,1.1128008
630597529,630597437,0.00027721163,-0.0013276725,0.020846298,-0.36202312,-0.20675494,1.6225283
630601313,630601215,-0.0015128194,0.0012360599,0.027441064,-0.50549936,0.25232318,1.6786861
630605080,630604982,-0.0036604693,-0.0004992702,0.032282844,-0.7850834,-0.28010237,1.2359436
630608781,630608688,-0.00086014287,0.0016253443,0.024088185,0.120972626,0.13054374,-0.918743
630611289,630611194,-0.003008394,0.0008732889,0.01971323,-0.20734209,0.045376875,-1.2269335
630615074,630614982,-0.00046418735,-0.00041884248,0.008506924,-0.0546401,-0.42657062,-2.2442954
630618779,630618687,0.002923641,0.0006762246,0.009401981,0.6310129,-0.030334178,-0.73140764
630622522,630622438,0.0009565095,-0.002891124,0.004046704,0.029864885,-0.67559636,-1.3231814
630626274,630626188,0.0002740628,-0.00023015024,-0.0029925583,-0.09371012,0.3312531,-1.6665219
630628779,630628687,-0.0044389064,-0.0010132977,-0.0111388555,-0.81953496,-0.006765868,-2.4004757
630632530,630632438,-0.002993762,0.0010688008,-0.020728705,-0.30790323,0.33444068,-2.5734398
630636281,630636189,0.00024884567,0.0010774778,-0.029846905,0.47237706,0.06289765,-2.453729
630640078,630639979,-0.0014761778,0.00028419896,-0.036978155,-0.10315367,0.1154567,-2.1594572
630643782,630643688,0.0018771334,-0.0024588793,-0.040001072,0.37055102,-0.48920813,-1.272807
630646303,630646211,-0.00047585648,-0.0026573103,-0.03973086,-0.21559627,-0.25779325,-0.65829694
630650075,630649981,0.00097095687,-0.0014034208,-0.037795477,-0.047798313,-0.067854345,0.16903657
630653785,630653690,0.00056259707,-0.0010344813,-0.029239172,0.13320675,0.11354803,1.4978353
630657531,630657439,-0.0008437742,-0.001398961,-0.021381443,-0.23739482,0.0044611148,1.8496792
630661306,630661213,0.0040145693,0.0001122399,-0.016757635,0.7708035,0.37867874,1.4112785
630663782,630663689,0.00013011851,0.001418014,-0.012470569,-0.34859917,0.3856232,1.5973151
630667530,630667437,0.0026117843,0.001384724,-0.0070192027,0.052211173,0.22059529,1.5052037
630671280,630671188,0.003977551,0.002846302,-0.00029095818,0.6872106,0.37040535,1.7432528
630675083,630674982,-0.0030082967,-0.00061878335,0.006437852,-0.92886144,-0.24130553,1.7848049
630678780,630678687,-0.00032134372,-0.001410289,0.011356368,-0.20567751,-0.45016044,1.5869193
630681284,630681189,-0.0009769012,-5.402597e-05,0.0150557095,-0.103648566,0.071864545,1.5177536
630685071,630684978,0.0009811339,0.00035724265,0.019461906,0.1577262,0.13927597,1.2736847
630688776,630688691,-0.00054191775,-0.0012919,0.025415013,0.072927035,-0.24090283,1.4919178
630692531,630692438,-0.003867725,0.0014027623,0.027272554,-0.7583194,0.14264117,0.9520883
630696288,630696190,-0.001669913,0.0016181243,0.027291724,-0.081249505,0.1003019,0.30330494
630698778,630698687,-0.003904014,0.0011325867,0.02645894,-0.3524549,0.052472696,-0.004281422
630702532,630702439,-0.0020645359,0.00063828804,0.02197931,-0.112538554,-0.24482882,-0.70243335
630706306,630706212,-0.0008778748,0.0036675269,0.016398966,0.39260077,0.21947527,-1.2506795
630710070,630709979,-0.0025045048,0.0015032337,0.010737209,-0.20397604,-0.112528965,-1.4323857
630713796,630713702,0.00097151217,0.00049500336,0.005580328,0.35994563,-0.327626,-1.4564968
630716277,630716187,-0.0018107911,-0.0028800964,0.0019664946,-0.19667175,-0.7733612,-1.4252822
630720077,630719982,0.0009108236,-0.00017471099,-0.0015953148,0.07420924,0.0682968,-1.1302338
630723780,630723688,0.0023486577,-0.00029794,-0.006871167,0.5398366,0.14243643,-1.3220378
630727530,630727437,0.0009645316,0.00045940402,-0.008131429,-0.14758235,0.18261226,-0.75743926
630731281,630731188,0.0032769376,0.0017330671,-0.012478815,0.19149998,0.25008485,-0.9554105
630733780,630733688,0.0024384377,0.0016965138,-0.013065097,0.053487625,0.11210531,-0.6046205
630737528,630737437,0.0033626803,0.00073893997,-0.013989252,-0.11273249,-0.07729775,-0.4546052
630741278,630741190,0.005476194,1.374977e-05,-0.012210102,0.50719184,-0.14198235,0.15368257
630745074,630744982,0.0014302158,-0.0028351035,-0.010965268,-0.4697299,-0.43374297,0.23481098
630748781,630748687,0.0029247776,-0.0015147858,-0.009435781,-0.03883216,-0.04223154,0.40122896
630751305,630751213,0.00034789823,-0.0014521002,-0.008086185,-0.42736366,0.0010354979,0.4431286
630755070,630754978,0.0013034147,-0.0010690636,-0.0071292673,-0.3189451,0.11714668,0.34851354
630758778,630758687,0.0021056132,0.0003286063,-0.004735999,0.2679455,0.20026898,0.5277017
630762531,630762439,-0.002967754,0.00086838385,-0.0017248149,-0.79734623,0.23915023,0.6746367
630766306,630766212,-0.0004900097,0.0019439303,0.0020324616,0.0018975433,0.22633065,0.92179286
630768780,630768688,-0.005282539,0.0017630707,0.0033477705,-0.8425123,0.08997195,0.70281166
630772531,630772437,-0.0023585428,0.0006393646,0.006479042,0.003888091,-0.16694699,0.86334604
630776271,630776187,-0.003142484,-0.000506376,0.0077233044,0.2085717,-0.19183075,0.4490939
630780076,630779982,-0.005477307,-0.0020051377,0.010026583,-0.49138317,-0.40612963,0.6006847
630783782,630783688,-0.0024699336,0.00039558962,0.009873307,0.2021195,0.26645944,0.18630597
630786280,630786188,-0.0065558665,-3.0499308e-05,0.0105274,-0.57763696,0.07006631,0.23459807
630790083,630789981,-0.0025557904,0.0016988878,0.011305227,0.19141802,0.28768116,0.1436002
630793781,630793688,-0.0011026866,0.0028163667,0.010928504,0.67172045,0.29210785,-0.010934048
630797531,630797438,-0.0034636469,0.002250709,0.010275466,-0.30565417,0.08103439,-0.108770624
630801287,630801191,0.0015866973,0.0006389407,0.008121253,0.56981844,-0.27477285,-0.4242743
630803780,630803688,-0.0015606135,0.0016199311,0.0065898546,-0.18996282,0.047311187,-0.5006619
630807528,630807437,0.0028899475,-0.0015174968,0.0027286753,0.3519957,-0.42389882,-0.8698525
630811313,630811217,0.0035686241,-0.0014644981,-0.00077718415,0.5633719,-0.2681884,-0.8555386
630815076,630814982,0.0013776507,-0.00093095796,-0.003078531,-0.31807372,0.01057852,-0.7067381
630818782,630818688,0.006393842,0.00040201948,-0.0065507037,0.501228,0.2593257,-0.8002577
630821273,630821188,0.0032296977,-0.00011069159,-0.0062161307,-0.20874257,0.05458044,-0.38081393
630825076,630824978,0.004678438,0.0013474802,-0.009804383,-0.16614814,0.08943368,-0.7027211
630828778,630828687,0.0043916507,0.0025922519,-0.011691399,0.08592201,0.27553526,-0.60271174
630832531,630832438,0.001938847,0.00019284767,-0.01349809,-0.31566596,-0.097947456,-0.4947618
630836282,630836188,0.0036231154,-0.0029118992,-0.013113989,0.108244464,-0.57927847,-0.076696135
630838780,630838688,0.0008101941,-0.0011028814,-0.011676515,-0.46935093,-0.003529299,0.22793627
630842529,630842438,0.0033058287,-0.0018341661,-0.008845128,0.07734648,-0.02086553,0.51045346
630846279,630846188,0.002281237,-0.00072949525,-0.0055821715,0.14897472,0.1653233,0.753934
630850076,630849982,-0.0034975978,0.00019684357,-0.0031446717,-0.9285345,0.19394553,0.7330697
630853782,630853688,-0.0027845898,0.0010463918,-0.000626558,-0.32577592,0.082173295,0.73295254
630856309,630856213,-0.0043804995,0.0016061959,0.0016824758,-0.4624951,0.1913689,0.8026366
630860077,630859984,-0.0007859799,-0.00031469623,0.0046218806,0.33350083,-0.2647376,0.83920836
630863780,630863688,-0.0021429816,-0.00016317294,0.0068188338,0.2044973,-0.1774105,0.6142832
630867528,630867438,-0.0054578604,-0.00023337206,0.010152441,-0.4982486,-0.0664953,0.8249802
630870069,630869978,-0.004353284,1.9415791e-05,0.011536161,-0.04793599,0.010040534,0.6788816
630873781,630873688,-0.0063248253,-0.0007808981,0.012412503,-0.37681168,-0.034944575,0.42870814
630877530,630877438,-0.0021508825,-0.0013395206,0.011864116,0.4289354,-0.1936334,0.06695261
630881280,630881188,-0.0017727587,0.0013914567,0.0109945275,0.38652214,0.34533608,-0.15327126
630885071,630884979,-0.002676182,0.0008574428,0.009800837,-0.24259908,0.15808155,-0.24733016
630888780,630888687,3.5910212e-05,0.0010998636,0.007217492,0.24219424,0.1694224,-0.55099964
630891273,630891188,-0.0031519872,0.00074226176,0.0060803746,-0.39968464,-0.021575514,-0.5011175
630895076,630894982,0.00017572282,2.0970125e-05,0.0030583346,0.24998756,-0.16620061,-0.752215
630898779,630898688,0.002653698,-0.0002384073,-0.0005957892,0.7197227,-0.09923276,-0.9081516
630902530,630902438,0.0016132366,-0.00094541506,-0.0047308733,-0.058562282,0.005513015,-1.0056359
630906274,630906188,0.0062283296,-0.0021349906,-0.009184339,0.6023591,-0.2528149,-1.1593153
630908779,630908688,0.0027897847,0.00034193078,-0.009967591,-0.20907469,0.29328257,-0.7731774
630912528,630912438,0.0028789882,-0.00081899704,-0.012443994,-0.3253534,-0.002560599,-0.66918576
630916302,630916211,0.0033988408,0.00059548055,-0.012607912,0.20295677,0.237404,-0.3068262
630920075,630919982,0.0014692848,0.00017086933,-0.0123068355,-0.31669155,0.049065176,-0.059987348
630923782,630923688,0.0044520614,-0.0005203511,-0.012996593,0.24524178,-0.16967124,-0.14215124
630926280,630926188,0.0012893449,0.00041576521,-0.011610483,-0.39344394,0.11056497,0.22915332
630930074,630929982,0.0022033085,-0.0012492232,-0.008686709,-0.18623407,-0.25717074,0.53000855
630933780,630933688,0.0018446462,-0.00044049777,-0.004727872,0.07903585,-0.042702556,0.8638514
630937521,630937438,-0.0013081509,-0.0011915799,0.00015540834,-0.56775147,-0.025651513,1.1748456
630941277,630941190,0.0006634762,-0.001402566,0.0047658947,0.05886864,-0.10708136,1.209485
630943780,630943688,-0.003650201,0.0002100838,0.008170963,-0.6891259,0.242056,1.282583
630947530,630947438,-0.00031767588,0.000633748,0.010878449,0.068840146,0.16635308,0.8964903
630951281,630951188,-0.0002303842,0.001120747,0.01354764,0.20059356,0.1520756,0.74183357
630955081,630954981,-0.0031589998,-0.00022829873,0.0140897995,-0.40464136,-0.08764166,0.39990467
630958780,630958687,-0.002704682,-0.0015491465,0.01411567,-0.07379322,-0.3510268,0.16658959
630961304,630961213,-0.0052210293,0.000117575706,0.014016516,-0.51770926,0.1605389,0.05838123
630965076,630964982,-0.0017637706,-0.0017681827,0.012025075,0.2994753,-0.26049745,-0.30667236
630968779,630968688,-0.0023968301,-0.00033569318,0.0104170125,0.2598424,0.11816635,-0.41228715
630972529,630972437,-0.0042715766,6.673882e-05,0.006677524,-0.28593,0.14066613,-0.76795137
630976305,630976212,0.00020326697,0.0002065923,0.0024986204,0.52102697,-0.05093785,-1.0014107
630978779,630978687,-0.002351607,0.0015734669,-0.00075829297,-0.16488592,0.29641682,-1.1365957
630982529,630982438,0.00037260307,8.512348e-05,-0.005020174,0.2865595,-0.19507256,-1.1072094
630986280,630986188,-0.0012842306,0.00049748854,-0.0079619065,0.08195494,-0.01673298,-0.9135582
630990081,630989982,-0.0012666893,-0.0017100774,-0.009578705,-0.15187322,-0.3409232,-0.57740265
630993786,630993688,0.0037025227,-0.0013511374,-0.011692087,0.74908996,-0.16678324,-0.59733486
630996280,630996189,-0.00033537406,-0.00045031623,-0.011389502,-0.31562898,0.123931356,-0.2391822
631000071,630999979,0.004032295,-0.0009035408,-0.012951484,0.419907,-0.0659687,-0.33607185
631003774,631003688,0.0034636087,0.00030355563,-0.011730771,0.27608383,0.12246123,0.03285657
631007530,631007438,0.002406155,0.00025909883,-0.009824969,-0.23467575,0.0710432,0.40399477
631011282,631011188,0.004479151,0.0002538142,-0.0072805453,0.31825322,-0.0999327,0.55084735
631013792,631013699,0.00055020594,0.0013239521,-0.0048506744,-0.5650905,0.19748716,0.7317098
631017528,631017437,0.0047926526,-0.0016779694,-0.0023391806,0.2864893,-0.4848507,0.63048
631021305,631021212,0.004388897,-0.00033986627,0.0009840332,0.2287428,0.02185403,0.75220615
631025087,631024985,0.001736295,-0.0012415786,0.0029323676,-0.39544645,-0.08077913,0.6451705
631028780,631028687,0.00332691,-0.0007301306,0.005377774,0.07683792,-0.060338557,0.5986825
631031284,631031188,-0.00095656526,-0.00091482996,0.007886473,-0.7968568,0.01897022,0.79159325
631035074,631034982,9.483026e-05,-0.0012241076,0.009406128,-0.16205221,-0.14654733,0.5666723
631038779,631038688,-0.0013279611,0.0010541605,0.011595906,-0.101000264,0.32234964,0.573773
631042529,631042438,-0.0015999698,0.001197314,0.011666339,-0.25458658,0.15756364,0.3053175
631046282,631046188,0.00078031,0.0022299201,0.00975881,0.2960724,0.12935117,-0.25658366
631048778,631048687,-0.00030042892,0.0005094793,0.008787171,-0.032867856,-0.2266987,-0.31467244
631052531,631052438,-0.0005957476,-0.0026686937,0.005852916,-0.097648956,-0.74237543,-0.59561664
631056273,631056188,-0.0037531657,-0.0018082206,0.003915674,-0.3514402,-0.1287859,-0.5778268
631060070,631059979,-0.0062481095,-0.003957816,0.001384382,-0.6888383,-0.3149998,-0.622841
631063781,631063688,-0.00292462,-0.002650084,8.9589346e-05,0.21590437,0.048081655,-0.48940232
631066303,631066211,-0.004338767,-0.0005789537,-0.0014944158,-0.12185096,0.4390752,-0.5537689
631070076,631069982,0.0014243956,0.00026606896,-0.0040230635,0.8471286,0.24737051,-0.63238066
631073784,631073688,0.0007818043,0.003394376,-0.0053998046,0.34787276,0.6897827,-0.48374212
631077528,631077438,-0.00083233113,0.0027717848,-0.008805283,-0.30952653,0.07598243,-0.68044645
631081306,631081213,0.0016635117,0.0006515014,-0.010273368,0.27249318,-0.37621114,-0.52883
631083780,631083688,-0.002972746,-7.832831e-05,-0.009561545,-0.6816872,-0.27926254,-0.131891
631087522,631087438,-0.000234874,-0.0030844654,-0.009536539,0.16218776,-0.7391108,-0.09595718
631091278,631091190,0.00037173167,-0.004655284,-0.0076991105,0.19308023,-0.4588143,0.29179326
631095074,631094982,0.002413796,-0.0025381665,-0.0064000315,0.16162618,0.17300586,0.3146602
631098781,631098688,0.006772652,0.000853662,-0.0058675422,0.85996747,0.53895634,0.13725445
631101280,631101188,0.00054990913,0.0012416783,-0.004104664,-0.68499166,0.44647944,0.43673956
631105076,631104978,0.002582669,0.004935131,-0.0031073887,-0.1275457,0.53821254,0.24373126
631108779,631108687,0.0016653365,0.0053785047,-0.00083258253,0.03206793,0.25920892,0.53379345
631112531,631112439,-0.0012372454,0.001506889,0.001891181,-0.52207285,-0.3205221,0.6785809
631116281,631116187,0.0017220172,-0.001998838,0.004278994,0.304002,-0.7361496,0.59592694
631118779,631118688,-0.0005615591,-0.005132688,0.0058070873,-0.2720119,-1.0275967,0.6171049
631122529,631122438,0.0017420162,-0.0056085954,0.0069305426,0.21804169,-0.3576998,0.42978543
631126303,631126211,0.0015054455,-0.0028006113,0.0076805353,0.32990566,0.4709785,0.2066037
631130076,631129982,-0.0022559385,-0.00018790254,0.0076682274,-0.6161904,0.5905485,0.106179684
631133782,631133688,-0.00033473547,0.0048350217,0.008140052,-0.0014049609,0.8372891,0.03032528
631136281,631136188,-0.002511736,0.006991322,0.0066111605,-0.39075583,0.8914953,-0.22960769
631140084,631139982,-0.0015046512,0.003507923,0.006131319,-0.14719895,-0.2673204,-0.18474348
631143781,631143688,-0.0020753471,0.0015925021,0.0060728523,0.09094438,-0.44219792,-0.18301867
631147531,631147438,-0.0030976045,-0.0046606665,0.004470075,-0.25622562,-1.1754068,-0.25106177
631151282,631151189,-0.0013949206,-0.0064954734,0.0031883847,0.19175968,-0.68601596,-0.30210355
631153773,631153688,-0.001500101,-0.005920831,0.0014332602,0.07659961,-0.3003957,-0.49300897
631157529,631157438,0.00062930153,-0.0012263355,-0.0013677431,0.2964099,0.71196437,-0.684257
631161281,631161188,0.0008525818,0.0033680983,-0.0026658075,0.4519661,1.166012,-0.47449633
631165071,631164980,-0.001199748,0.005026376,-0.0063526686,-0.35930142,0.73231965,-0.7748758
631168781,631168688,-0.00048445657,0.0050773295,-0.0074645136,-0.0022257185,0.011137891,-0.48973608
631171304,631171212,-0.003112425,0.004426852,-0.0076704584,-0.48759347,-0.06954463,-0.3082296
631175075,631174980,-0.0012031775,-0.0011526585,-0.008953355,0.10493818,-0.8925738,-0.30375642
631178779,631178688,-0.0012548183,-0.00561121,-0.008202956,0.23412068,-1.1486666,-0.057563704
631182529,631182438,-0.00084098196,-0.0065319594,-0.008056763,-0.045907397,-0.6165287,0.07633694
631186305,631186212,0.0043238327,-0.0012784835,-0.0073430664,0.79440415,0.56419855,0.14735436
631188779,631188688,0.003310165,-0.00096995826,-0.006925167,0.24467167,0.41606778,0.15398079
631192530,631192438,0.0022536675,0.0031352893,-0.0053368257,-0.053067338,0.6903157,0.24926306
631196279,631196187,-0.0014694231,0.006798214,-0.0032461067,-0.39288282,0.7630307,0.44737116
631200077,631199982,-0.0066421027,0.0045391824,0.000683976,-1.340624,0.047474768,0.97337884
631203776,631203688,-0.001017413,0.0010686248,0.0025126063,0.32437834,-0.5329676,0.6560744
631206272,631206187,-0.0010105604,-0.0027645933,0.0047441153,0.2708399,-1.0367074,0.75268203
631210077,631209982,0.0027980933,-0.004165948,0.008708872,0.7201041,-0.611519,0.92203784
631213797,631213701,0.0042459685,-0.0025385977,0.009617764,0.609153,0.15558921,0.6171204
631217529,631217437,0.00052083214,-0.0009715549,0.01045558,-0.77280194,0.414275,0.44613832
631221274,631221188,0.0015850674,0.0019075334,0.008461775,0.055171777,0.5810095,-0.24515773
631223780,631223688,-0.005416575,0.0033106636,0.009740729,-1.2399989,0.5633174,0.13310091
631227527,631227437,-0.0049511017,0.0034850826,0.010022951,-0.61021173,0.233938,0.12367221
631231312,631231219,-0.0011625725,0.0021469542,0.008405064,0.6121739,-0.08582665,-0.24555077
631235078,631234982,0.0023651652,-0.0007706849,0.006940679,0.70616275,-0.4416276,-0.34476444
631238781,631238687,0.0068017817,-0.0025882104,0.003558245,1.218109,-0.5755459,-0.82716197
631241276,631241190,0.0025695828,-0.0038764898,0.0019861911,-0.23774882,-0.4961638,-0.66618735
631245069,631244978,0.0022543087,-0.0028136445,-0.0018576558,-0.3348518,-0.09431163,-0.9402682
631248778,631248687,-0.0036135577,-0.0018066309,-0.005519984,-0.6987828,0.13966021,-1.0221217
631252532,631252439,-0.0059612757,0.0007759787,-0.0070769945,-0.5847905,0.49574456,-0.6277179
631256274,631256188,-0.0016053297,0.0018649403,-0.007442807,0.64630306,0.32961157,-0.32116798
631258779,631258688,0.00068801595,0.0014527198,-0.00872767,0.6730922,0.124556296,-0.37685007
631262530,631262438,0.0076905745,0.0013753119,-0.010276015,1.3848848,-0.030189643,-0.45776042
631266278,631266187,0.00707698,-0.00044630188,-0.010547564,0.70898557,-0.33654577,-0.2879228
631270068,631269978,0.00044531206,-0.0022342515,-0.008961834,-0.93369454,-0.30074126,0.1759064
631273782,631273688,-0.0029450762,-0.0030295954,-0.008559615,-0.842415,-0.36608237,0.14636919
631276309,631276214,-0.0071864366,-0.004093675,-0.0071289414,-1.2816468,-0.349923,0.37496904
631280076,631279982,-0.0030492218,-0.00041784986,-0.004551264,0.2902813,0.37905014,0.51038647
631283788,631283691,0.0019186564,0.0030728148,-0.0006398915,1.1492912,0.77088827,0.7953122
631287529,631287438,0.006427129,0.0031160845,0.002047322,1.0206354,0.42231628,0.81854653
631291298,631291212,0.010277976,0.0019898077,0.004225745,1.1593194,-0.17308596,0.5753423
631293781,631293688,0.002094942,0.0011432793,0.005846787,-0.9861073,-0.25566798,0.6448215
631297531,631297437,-0.001888847,-0.0010062123,0.0067667686,-1.0048058,-0.37418398,0.37746218
631301287,631301190,-0.007985032,-0.0022483177,0.007633986,-1.1652277,-0.24148946,0.3418056
631305083,631304982,-0.0074435784,-0.0026102911,0.008871282,-0.38949105,-0.14390679,0.32088503
631308781,631308687,0.0040365513,-0.00017610156,0.009182852,1.8406007,0.19220221,0.114145964
631311288,631311193,0.0045208475,0.0009535709,0.010011776,0.9973848,0.38600522,0.24055749
631315074,631314982,0.009297288,0.002960769,0.007334511,1.193177,0.34226295,-0.37486398
631318780,631318688,0.0045254603,0.0016571727,0.0057143895,-0.22126083,-0.11138686,-0.43043554
631322520,631322437,-0.004920417,0.0003883724,0.0027524347,-1.6568433,-0.27332485,-0.655587
631326282,631326188,-0.006748065,-0.002430767,-0.00023054073,-0.889539,-0.5960306,-0.8539435
631328778,631328687,-0.009351281,-0.0022410725,-0.000851543,-0.9992362,-0.23617686,-0.53338015
631332530,631332438,0.0015586884,-0.0031247647,-0.003136757,1.6047257,-0.2690113,-0.62931705
631336304,631336212,0.0079736095,0.0008771114,-0.004408977,1.8704817,0.56917435,-0.39304703
631340081,631339981,0.005723778,0.0014512887,-0.004913601,0.21311148,0.26351848,-0.24901924
631343784,631343689,0.0056758635,0.0022888815,-0.0072725173,-0.19912404,0.025015363,-0.5323056
631346279,631346188,-0.0008211422,0.0012527454,-0.007143471,-1.3170698,-0.082205944,-0.23940995
631350069,631349978,-0.0040636137,-0.0019444752,-0.008398809,-0.6485098,-0.6329957,-0.34407818
631353772,631353688,-0.008853446,-0.0022499785,-0.007954505,-0.8742403,-0.32673594,-0.030729808
631357528,631357438,-0.005379894,-0.0022115645,-0.0069141528,-0.086355396,-0.18639377,0.19267313
631361287,631361190,0.007944292,-0.0009256357,-0.006437493,1.8076234,0.136592,0.1994752
631363784,631363688,0.009506854,0.000989267,-0.004090455,1.2970426,0.48507154,0.532039
631367530,631367437,0.0076697636,0.0013671316,-0.0025971388,0.4134525,0.08231523,0.35630938
631371278,631371190,-0.001660698,0.0035691892,0.00034763748,-1.4278679,0.51903784,0.72180974
631375082,631374988,-0.009181001,-0.0009447281,0.0011818021,-1.9736967,-0.62633854,0.4910821
631378781,631378688,-0.006462071,-0.0026198633,0.0026557902,-0.27291924,-0.5535288,0.42016333
631381304,631381212,-0.0066382224,-0.0022517988,0.0040056338,-0.13917892,-0.18765777,0.48235512
631385072,631384980,0.003623793,-0.0022055095,0.0044615297,1.6599874,-0.10459459,0.2286525
631388778,631388687,0.008368121,0.0010446273,0.0059757987,1.3664943,0.5642674,0.36134118
631392532,631392439,0.0068282867,0.0023475743,0.0064352085,0.13805206,0.2886358,0.20225433
631396306,631396212,0.002476276,0.002353653,0.0071199154,-0.5037331,0.06118138,0.1008908
631398779,631398687,-0.008494166,0.0012178605,0.0076693785,-2.3707352,-0.11513758,0.17487939
631402522,631402438,-0.007398297,-0.003073286,0.006502905,-0.6647755,-0.9267438,-0.15261668
631406279,631406188,-0.006979741,-0.0018304794,0.0057638935,0.037285615,-0.12490572,-0.18306257
631410068,631409978,0.0016082891,-0.0016348022,0.0030238822,1.2931381,0.0017632598,-0.5363751
631413789,631413695,0.011610773,-6.895555e-05,0.0015176695,2.0648088,0.28378516,-0.5256991
631416277,631416187,0.008482734,0.0008920653,0.0010672057,0.532346,0.4001426,-0.31371927
631420077,631419982,0.0057832147,0.0008147309,-0.00038126495,-0.2535858,-0.09308421,-0.34671888
631423783,631423690,-0.006172991,0.0026332664,-0.00045434872,-1.9376081,0.21665722,-0.20228393
631427529,631427438,-0.010285807,-0.00066266384,-0.0027358062,-1.538793,-0.51883364,-0.48530284
631431281,631431188,-0.0044790674,-0.000989973,-0.0040742755,0.41707337,-0.21835847,-0.49347892
631433781,631433688,-0.001642387,-0.0034896375,-0.0047925618,0.84376174,-0.48322034,-0.35718718
631437527,631437437,0.008943231,-0.0030882175,-0.007331483,1.9747205,-0.30002677,-0.5631578
631441312,631441217,0.008235153,0.0006191028,-0.0068853037,0.4956136,0.42005965,-0.14978178
631445074,631444982,0.003432809,0.0029790248,-0.0077115027,-0.96307427,0.54933274,-0.15403445
631448780,631448687,-0.0045002126,0.0028531128,-0.006023905,-1.6619401,0.26278168,0.11729492
631451285,631451192,-0.0099256905,0.00024307684,-0.0051592006,-1.7272936,-0.33960262,0.2360928
631455077,631454978,-0.009023261,-0.00095575943,-0.004319211,-0.5844362,-0.4687909,0.24766517
631458778,631458687,-0.003615613,0.00024657993,-0.00273914,0.6620293,0.13447729,0.36491105
631462531,631462438,0.0058419905,-0.0022562025,-0.0030396422,1.457858,-0.251204,0.16329266
631466281,631466188,0.008435617,0.00089731655,-0.0013410826,1.0352367,0.38412285,0.26307043
631468779,631468688,0.004761117,-8.2493745e-05,-0.0006532878,-0.09022284,0.007846348,0.2663126
631472525,631472438,-0.0028639887,0.0030256894,0.0014788266,-1.4259282,0.5155255,0.5137928
631476277,631476187,-0.009633608,0.0021938237,0.004795172,-1.4837099,0.15466733,0.7242591
631480076,631479982,-0.009241984,-0.0001420334,0.0053590303,-0.6656854,-0.27314588,0.43119997
631483785,631483690,-0.003229078,-0.0004725241,0.007245452,0.95897424,-0.24620791,0.37947977
631486303,631486212,0.0015896588,-0.0014390005,0.0056664636,1.3609811,-0.2766547,-0.07687734
631490085,631489982,0.0076713,-0.00043141365,0.005509053,1.4300693,-0.030557275,-0.044624608
631493787,631493690,0.0064004604,0.0001271768,0.0050833686,0.47428787,0.09371048,-0.11947354
631497529,631497438,0.00077612326,-0.00055885373,0.0035957985,-0.9898013,0.023342283,-0.24964847
631501306,631501213,-0.0048282878,0.0024970458,0.0043697064,-0.9790991,0.33406016,-0.05022351
631503781,631503688,-0.00785943,-0.0013827916,0.0033257138,-1.1621271,-0.47975957,-0.21137989
631510078,631509984,-0.002935829,-0.0006025033,0.0012617592,0.53122175,-0.10991391,-0.3027549
631511279,631511188,0.002230667,-0.0013517966,0.00045287504,1.4921429,-0.24292597,-0.40272665
631515069,631514979,0.007049965,-0.00077557424,-0.002543528,1.1314185,0.10545537,-0.5328688
631518769,631518687,0.01050374,0.00020908813,-0.0038750104,1.077513,0.22507875,-0.505744
631521270,631521188,0.0056160707,-0.002693163,-0.005042268,-0.34251055,-0.3874956,-0.4797698
631525070,631524979,-0.0008705392,-0.00015446928,-0.0048768385,-1.2123464,0.12152725,-0.1230536
631528777,631528687,-0.0063650794,-0.00072126795,-0.004536613,-1.0240122,-0.14983474,-0.015572907
631532528,631532438,-0.0077349157,0.0006015359,-0.0043468927,-0.7682026,0.22569998,0.092755154
631536268,631536186,2.4052119e-05,0.0008547599,-0.0033954193,0.91834104,0.16831717,0.094936036
631538777,631538687,0.0042963712,-0.0033471321,-0.0031257353,1.2745571,-0.60931253,0.11470186
631542525,631542437,0.007771895,-0.00022773579,-0.0032622684,1.0492184,0.010959753,0.01759044
631546301,631546211,0.0044585755,8.089848e-05,-0.0024173327,-0.037906457,0.07266668,0.14828664
631550071,631549980,-0.004369718,0.0005082473,-0.0015130019,-1.7610364,0.13134463,0.23610026
631553779,631553688,-0.0061909026,0.0005935527,0.00027057793,-0.98818237,0.1734485,0.36394572
631556271,631556188,-0.0071407584,-0.0018741272,0.0037049495,-0.6260314,-0.4095898,0.81491005
631560073,631559982,-0.0041714148,0.0025718065,0.0047750594,0.43844408,0.4889681,0.48892477
631563778,631563687,0.00014631769,0.0021740317,0.0059312363,0.7884653,0.31673738,0.43132707
631567526,631567437,0.0031962923,0.0016173118,0.003714129,0.38129032,0.17325997,-0.10928902
631571275,631571188,0.0054365043,0.00012706725,0.0029041604,0.4275485,-0.2120905,-0.20160593
631573779,631573688,0.00055762054,-0.0012701408,0.0034956182,-0.59596187,-0.4190667,-0.008231008
631577525,631577437,-0.0041083354,0.0001097253,0.002329384,-0.88640875,0.09490442,-0.17591937
631581280,631581188,-0.007244939,0.00014721871,0.003318574,-0.91008294,0.16918613,0.18131043
631585075,631584980,-0.0044255494,-0.00012488168,0.0027241444,-0.19251919,0.1331537,-0.038880367
631588780,631588687,0.004837894,0.0007749478,0.0021437292,1.6492465,0.046728782,-0.1222822
631591301,631591210,0.0022282144,0.0015129828,0.002183234,0.37738463,0.17402448,-0.063462116
631595069,631594979,0.007139975,0.0019539935,-0.0024087266,0.7982156,0.13946459,-0.75042737
631598776,631598687,0.002250999,0.0002479097,-0.0019156229,-0.49288988,-0.05146423,-0.22812639
631602518,631602437,-0.00048670496,-0.003621625,-0.0046285414,-0.6975431,-0.72978234,-0.5659947
631606297,631606211,0.00017712175,-0.0017628237,-0.003397683,0.2074406,-0.16949287,-0.08784483
631608776,631608687,-0.0043450957,0.0007679379,-0.0021022414,-0.8034546,0.42753524,0.23225245
631612529,631612438,0.002661562,0.0011513261,-0.0020085322,0.782859,0.30729023,0.06926394
631616276,631616187,0.004658177,0.0007335289,-0.00023365731,0.7953971,0.04727761,0.29212484
631620072,631619977,0.005596978,0.00050361885,-0.0026177296,0.52357596,-0.16398177,-0.2964166
631623777,631623687,0.0052000103,0.0002386484,-0.0009819153,0.38559633,-0.23388432,0.10985579
631626277,631626187,-0.0017690593,-0.0006735341,-0.001105956,-1.2487973,-0.19334885,0.07350999
631630070,631629980,-0.000549839,-0.003324217,-0.0012019712,-0.24942037,-0.5697959,-0.007131347
631633786,631633691,-0.0033803515,-0.0021049127,0.0006636497,-0.19369298,-0.06790384,0.23552333
631637521,631637438,-0.0010105817,-0.0010604048,0.0025277343,0.3270567,-0.04956141,0.36480516
631641277,631641187,0.0026535662,0.0033068128,0.0030363244,0.92702025,0.7734858,0.21980643
631643778,631643687,0.0011531523,0.002357042,0.0030410786,0.08074573,0.28294608,0.16218518
631647525,631647436,0.0037060787,-9.643361e-05,0.0013891315,0.48930296,-0.44081402,-0.28281426
631651304,631651213,-0.0018517401,-0.00017323332,0.0012736052,-0.5263439,-0.32367775,-0.15166086
631655078,631654980,-0.0047072656,-0.0035321922,0.00041885037,-0.694193,-0.70201164,-0.18040092
631658777,631658687,-0.0045743743,-0.00038513378,0.0006326273,-0.070955984,0.2895643,-0.01737353
631661278,631661188,-0.0037986212,-0.0010321304,0.00045352543,0.009900113,0.100879766,-0.02255357
631665066,631664978,0.002856543,0.00056512764,0.0010151777,1.1326282,0.12063982,-0.0045753033
631668768,631668687,0.0028560094,0.005062271,0.00072722253,0.66364425,0.7716415,-0.06799584
631672528,631672437,0.0015544567,0.0023905297,-0.0010783465,-0.2212717,-0.15290603,-0.2472128
631676277,631676187,-0.0017352579,0.0015783523,-0.0019444478,-0.5171098,-0.15402114,-0.2454135
631678777,631678687,-0.0017298171,-0.0021648007,-0.0022364347,-0.34822792,-0.78421116,-0.18087031
631682526,631682437,-0.0021542576,-0.0033353474,-0.0022528935,0.046822272,-0.53175324,-0.13818662
631686267,631686186,-0.002231715,-3.1039468e-05,-0.0013841214,0.15734263,0.4567872,0.12852293
631690072,631689980,0.003798603,0.0010213692,-0.0015280119,0.6715666,0.47270802,0.09711814
631693779,631693687,0.0053293924,0.0037902952,0.00014747227,0.6426,0.62282676,0.24916513
631696304,631696214,0.0057091005,0.0035719657,-0.001310745,0.36081636,0.17149077,-0.12502393
631700071,631699980,0.0019556738,0.0033358862,-0.00028167744,-0.31427935,0.14857134,0.10379249
631703778,631703687,-0.0053729457,0.00025745947,-0.0006040915,-1.1804156,-0.2638439,0.025982229
631707526,631707437,-0.00280221,-0.0051432704,-0.0013066147,-0.37208697,-0.8262944,-0.040530898
631711302,631711211,0.0006992755,-0.0038073421,-0.000678632,0.7410383,-0.3420321,0.045639142
631713782,631713692,0.003155055,-0.0009999769,-0.0005704752,0.81497324,0.3149854,0.061072186
631717527,631717437,0.0060786996,0.0034949316,0.00034530903,0.64579904,0.98850423,0.13421841
631721271,631721188,0.0031553458,0.004407634,0.00158671,-0.2233502,0.6768652,0.21273364
631725070,631724980,0.00022470028,0.0006428853,0.00085044623,-0.69011325,-0.37106344,0.021955034
631728777,631728687,-0.0049780514,-0.00084216666,0.001228814,-0.47911185,-0.6027317,-0.009766714
631731277,631731187,-0.009993623,-0.0030912228,-8.685616e-06,-1.3404878,-0.73147595,-0.1886402
631735071,631734980,-0.003362281,-0.0023796626,0.00054936117,0.42092362,-0.03267168,-0.049787126
631738777,631738687,0.002532532,-0.0022935495,0.00056417764,1.2722725,0.12263114,-0.051634174
631742527,631742437,0.0076007596,-0.0007559362,0.0014601446,1.2468461,0.27599466,0.10503023
631746275,631746186,0.0041742413,0.0030118937,0.0028089865,0.37681773,0.35336494,0.15966381
631748776,631748687,-0.004601331,0.0036134792,0.0021414512,-1.5902212,0.39316496,0.014556243
631752525,631752437,-0.0076880013,0.002674241,0.0016748337,-1.1964833,0.00087622873,-0.1251012
631756294,631756211,-0.007941372,-0.0030099058,0.0010889202,-0.20165963,-0.9690667,-0.17515789
631760071,631759980,-0.0019746204,-0.0033030768,0.00037343593,1.0255898,-0.5734344,-0.17715888
631763778,631763687,0.0042695147,-0.0020289395,-0.00036117664,1.7205751,-0.1502101,-0.26063305
631766278,631766188,0.0074559497,-0.0019729366,-0.0006382335,1.2658482,0.07476164,-0.13208775
631770074,631769978,0.008609628,0.0022887504,-0.0008806864,0.78206754,0.5806743,-0.16283537
631773778,631773687,0.0006147718,0.0028536743,-0.00029386158,-0.80972576,0.2167383,0.047650043
631777527,631777437,-0.0065980055,0.0030624594,-0.002053419,-1.4338534,-0.010579359,-0.27227902
631781278,631781188,-0.0075923367,0.0008112642,-0.0024053094,-0.5714438,-0.3878518,-0.19555779
631783778,631783687,-0.002832101,-0.0033227652,-0.0034385114,0.45466396,-0.8866333,-0.2772111
631787520,631787437,0.005262871,-0.00288765,-0.0036080154,1.828053,-0.41738772,-0.16563584
631791278,631791188,0.008244841,-0.003277586,-0.0029930677,1.1807015,-0.23924172,0.07246341
631795070,631794979,0.009813701,0.0013822292,-0.003408333,0.3695113,0.68618137,0.011640785
631798777,631798687,0.001705918,0.003026724,-0.0014391942,-1.135308,0.54788584,0.27925268
631801303,631801212,-0.0032026726,0.0013577148,-0.0008691707,-1.5833439,0.023600018,0.24303992
631805078,631804980,-0.0065512685,0.0008023887,-8.030621e-05,-0.765814,-0.38238314,0.21263124
631808780,631808687,-0.007212389,-0.0007278439,0.0023001297,-0.33218962,-0.28372037,0.50459623
631812526,631812437,0.002556675,-0.0044438904,0.0013638021,1.2172146,-0.6535653,0.06976609
631816302,631816211,0.008583882,-0.0025330493,0.0024299463,1.4746895,0.16563012,0.18882944
631818768,631818687,0.010394966,-0.0032906246,0.002502597,1.090358,-0.08441702,0.13079728
631822527,631822437,0.007601692,0.00061026675,0.0037086788,0.1636507,0.5008127,0.24241865
631826278,631826188,-0.006637232,0.0033985688,0.0066741053,-2.2282786,0.78101426,0.6563685
631830068,631829979,-0.0111026745,0.0013141973,0.004776827,-1.740666,0.012253095,-0.012557676
631833778,631833687,-0.008136976,0.0006534102,0.004797965,-0.110191725,-0.13753551,-0.04551423
631836268,631836187,-0.0033023069,-0.0015084929,0.0035723592,0.8900514,-0.5202432,-0.27685884
631840076,631839980,0.0070585865,-0.0024722263,0.001652204,2.065583,-0.32000178,-0.42331988
631843779,631843688,0.0063358555,0.0006240315,0.0018403226,0.57294124,0.6119525,-0.05800717
631847526,631847437,0.0041966327,-0.0012926054,-0.00090522814,-0.4786614,0.03537706,-0.3884799
631851270,631851187,-0.0035934993,0.0016859032,-0.000642815,-1.4648771,0.28268284,-0.109264776
631853780,631853687,-0.009607234,0.00495111,-0.0014184864,-1.8383585,0.7329077,-0.22250177
631857526,631857437,-0.009960958,0.003655836,-0.0028831984,-0.6795699,0.29248786,-0.28258562
631861303,631861211,-0.0063632866,0.0018072,-0.0032455956,0.25594127,-0.0038048201,-0.16551659
631865070,631864980,0.007414892,-0.0045810128,-0.006038156,2.242947,-1.317113,-0.45380253
631868770,631868687,0.010394777,-0.00087224785,-0.0047650156,1.5845748,-0.15459338,-0.073413454
631871271,631871188,0.005442145,0.00060850114,-0.004975197,-0.118201226,0.28117973,-0.051664874
631875068,631874979,0.001431475,-0.00063475396,-0.004297363,-0.96290535,0.088662684,0.08714657
631878775,631878687,-0.008573777,0.00085471076,-0.003230639,-2.0423312,0.120339654,0.18913299
631882527,631882437,-0.0063519613,-0.0014386348,-0.0028628143,-0.23474121,-0.5930873,0.032056928
631886270,631886188,-0.00368314,0.003715045,-0.0010644455,0.8475764,0.4881865,0.29162124
631888777,631888687,0.0004517492,-0.00020243957,-5.0512834e-05,1.0652814,-0.34810436,0.36595172
631892526,631892437,0.010587173,-0.0028473,-0.00024021234,1.9312884,-0.6695582,0.018824633
631896275,631896187,0.009221938,-0.0021178809,0.0015080095,0.65653443,-0.24983,0.28376442
631900072,631899980,0.005882302,-0.0037672585,0.001263043,-0.22760771,-0.54795146,0.077775866
631903779,631903687,-0.006163994,0.0013196933,0.0037076892,-1.8600653,0.6619294,0.5542784
631906299,631906210,-0.00734114,-0.0012659248,0.0023248512,-1.355324,-0.061067138,0.02983402
631910071,631909980,-0.0039524557,-0.0013340395,0.0029224397,0.34547338,-0.16376695,-0.024784287
631913780,631913690,8.798628e-05,0.0016783425,0.0046334965,1.2524177,0.31386068,0.26482803
631917522,631917437,0.0073587713,-0.0013755265,0.0030576573,1.555429,-0.42682782,-0.030172559
631921294,631921211,0.0060065147,0.0004890248,0.0026257779,0.15938507,0.2298289,0.019201014
631923778,631923687,0.007891509,-0.0035503304,1.9937055e-05,0.32519984,-0.58456534,-0.5225528
631927527,631927437,0.001618262,-0.0024102293,0.001542931,-0.5914245,-0.22195385,-0.074158646
631931278,631931188,-0.008360674,-0.000752025,0.0023419065,-1.5054578,0.20330176,0.18700694
631935068,631934979,-0.008842292,0.00073114835,0.0011187304,-0.87241197,0.32233402,0.031666107
631938777,631938687,-0.0042966055,0.0023775685,-0.00018564929,0.4024206,0.5414489,-0.21544126
631941277,631941187,0.00434645,0.00042527146,-0.0012011955,1.7863603,-0.106554665,-0.34449536
631945072,631944980,0.008325707,0.00072501163,-0.00037491982,1.4269421,-0.11984218,-0.0333148
631948777,631948687,0.004889608,0.00052789383,-0.0011279578,0.053201538,0.021395333,0.030658871
631952519,631952437,-0.00028321144,0.00022386025,-0.0018909402,-1.2334936,0.07210891,-0.022446698
631956270,631956187,-0.0065001016,-0.00012749332,-0.003337895,-1.3853426,0.024137996,-0.2965844
631958777,631958687,-0.007855494,-0.0024278993,-0.0036086203,-0.9251068,-0.44456705,-0.23167175
631962527,631962437,-0.0060606664,0.0031856634,-0.0021400156,0.063685365,0.5925637,0.17177917
631966301,631966211,-0.0007024151,0.003411775,-0.002212105,0.93359375,0.47899657,0.108175874
631970079,631969980,0.0060510207,0.0022781265,-0.0017069582,1.0297143,0.12741041,0.18901716
631973778,631973687,0.0062751435,0.0018408489,-0.0026289222,0.40221205,0.008122615,-0.15912876
631976278,631976188,0.004398711,-0.000867821,-0.0025800494,-0.08536567,-0.56078464,-0.068999544
631980069,631979979,-0.0051924605,0.0009021821,-0.0015622609,-1.5010155,0.14863038,0.105733305
631983778,631983687,-0.008958528,-0.0016218228,-0.001306409,-1.2529553,-0.1653848,0.14287744
631987527,631987437,-0.0057263738,-0.00044154597,-0.0006785996,-0.27021882,0.18822639,0.16902545
631991279,631991188,2.9037823e-05,0.0013889915,0.001029857,1.0231863,0.27601433,0.28724697
631993778,631993687,0.004580235,0.0016816874,0.00090749504,1.3889681,0.18730709,0.12458913
631997528,631997438,0.0066896016,0.0025856101,0.0019963211,0.8443316,0.2092782,0.25437826
632001271,632001188,0.0040817144,-0.0003674463,0.0014617424,-0.16527928,-0.2352684,0.06404745
632005071,632004980,-0.00026681178,-0.0033432012,0.0013103099,-0.96572214,-0.586727,-0.023851462
632008777,632008687,-0.0046773315,-0.0038304895,0.0025485074,-0.78086716,-0.44248754,0.12463078
632011303,632011211,-0.0056412453,-0.0031128316,0.0023975833,-0.6812279,-0.08872481,0.060931254
632015073,632014982,-0.00081198046,0.0017679234,0.0027938394,0.75163674,0.8380919,0.101107016
632018776,632018687,0.0025345853,0.0015234556,0.0035546408,0.9170796,0.46492374,0.11596044
632022527,632022437,0.008034627,0.001899123,0.0026808204,1.0793389,0.036930516,-0.10870376
632026303,632026212,0.0056342967,-0.00047428047,0.0027990595,0.14735469,-0.52103984,-0.06388333
632028776,632028687,0.0009270576,-0.00048676395,0.0007312107,-0.9213077,-0.25821602,-0.3820239
632032527,632032437,-0.0014751152,-0.002764277,-4.655157e-05,-0.5642631,-0.3750983,-0.36849746
632036270,632036188,-0.007070279,-0.0036625662,0.00028783988,-0.99467474,-0.18643115,-0.086222574
632040067,632039978,-0.0023166619,-0.0010859631,-0.00028554947,0.35400614,0.17286837,-0.12854208
632043778,632043687,0.0035941266,0.0028408887,-0.00019051571,1.2739466,0.59259653,-0.04725722
632046276,632046187,0.0038838473,0.003916525,-0.0016089276,0.64753664,0.5880526,-0.2690063
632050071,632049980,0.0068318676,0.0029732443,-0.0022130986,0.73454446,0.026273258,-0.24590413
632053780,632053688,-0.0012075435,0.0006150263,-0.0019090476,-1.1033853,-0.32070944,-0.042849038
632057526,632057437,-0.0030922727,-0.0024290194,-0.0033188786,-0.73753685,-0.8269521,-0.202469
632061278,632061188,-0.004875021,-0.0026606421,-0.0035328309,-0.42061913,-0.21793501,-0.14969483
632063778,632063687,-0.006696313,-0.0013159349,-0.002745329,-0.58463335,0.16617064,0.064746946
632067518,632067437,0.0020505912,0.00063019886,-0.002211269,1.2202474,0.36853135,0.102552414
632071296,632071212,0.0031614115,0.004258744,-0.0011130893,0.558048,0.67442524,0.26977733
632075070,632074980,0.007124808,0.0031165662,-0.0011123331,0.8835814,-0.088754885,0.08244728
632078777,632078687,0.0013511408,0.0028076037,-0.00058227254,-0.46563447,-0.07102955,0.01988181
632081278,632081188,-0.0050106975,-0.0004646531,0.00081078697,-1.4931154,-0.6289413,0.28830582
632085074,632084978,-0.0028962567,-0.0035753835,0.00011350363,-0.16075468,-0.70893043,0.019382771
632088776,632088687,-0.0057385555,-0.0025275226,0.0012354454,-0.4662801,-0.06952897,0.26530752
632092529,632092438,0.0029039383,-0.0022616507,0.0007532916,1.2410369,-0.13339753,-0.10497832
632096278,632096187,0.0058993436,0.003164398,0.002375386,1.080552,0.86046696,0.24729607
632098777,632098687,0.005189931,0.0028068856,0.0031882157,0.3775611,0.38807502,0.28960204
632102519,632102437,0.006279154,0.0017439738,0.0016305407,0.5062817,-0.05517296,-0.12590414
632106280,632106187,-0.005989448,0.00081320544,0.002328157,-1.8892006,-0.15898858,0.068665095
632110071,632109979,-0.0039540017,-0.0044055115,3.669117e-05,-0.5336752,-0.9471592,-0.39293742
632113782,632113688,-0.0036123241,-0.0031365333,0.001814778,0.013686829,-0.11927629,0.11375121
632116301,632116211,-0.0011769898,-0.004029109,0.00059818494,0.45364484,-0.21173236,-0.14901786
632120078,632119980,0.0075183217,-0.0009141932,-0.0010183208,1.6998682,0.4081866,-0.35982895
632123778,632123687,0.0033064499,0.002139544,0.00011777344,-0.13714941,0.67779374,0.06474088
632127524,632127436,0.0028844234,0.0012894761,-0.00092147035,-0.3376783,0.016066972,-0.184289
632131302,632131211,-0.004310586,0.0007199631,0.00019469684,-1.2962377,-0.0894423,0.059254747
632133770,632133687,-0.006548991,-0.0004956965,-0.0014201027,-1.1282784,-0.26712397,-0.25131753
632137527,632137437,-0.0033889613,-0.0030557364,-0.0018365175,0.35494465,-0.5210588,-0.19618133
632141278,632141188,-0.0034703377,-0.0025391695,-0.0017680284,0.13625248,-0.13314618,-0.04918913
632145068,632144979,0.0049850713,-0.0005000172,-0.0016118005,1.061734,0.2491565,0.018307658
632148776,632148687,0.0055318167,0.0037682399,-0.0017619707,0.4376497,0.7885056,-0.034024984
632151270,632151187,0.002866206,0.0032628893,-0.0014758351,-0.22275713,0.33798203,0.05258411
632155073,632154980,-0.002349141,0.003865078,-0.0012587445,-0.89457023,0.19444937,0.01607962
632158777,632158687,-0.010104968,0.0014566408,-0.00092376384,-1.7246789,-0.2767806,0.14337368
632162526,632162437,-0.0048438916,-0.0011758382,-0.0013171704,-0.08549749,-0.5810394,-0.0012879495
632166276,632166187,0.0015955071,-0.0005866217,-0.0014988158,1.2256366,-0.124642536,-0.07522038
632168776,632168687,0.004367532,-0.0009845648,-0.00060941424,1.2330266,-0.1368678,0.12403766
632172526,632172437,0.0069295033,0.0021138047,-0.0009499253,0.7878289,0.46315196,0.010435264
632176302,632176211,0.0009992365,0.0029887194,-0.00071360555,-0.86610276,0.32336766,0.14119127
632180073,632179982,-0.0021178264,0.0027940879,-0.0007056278,-0.98429734,-0.056198984,-0.013806361
632183771,632183687,-0.0068153287,0.001239813,0.0002171945,-0.8118042,-0.2698722,0.13661553
632186270,632186188,-0.0056461017,-0.001160344,0.001199454,-0.26700723,-0.54282117,0.27319777
632190067,632189978,-0.00028226545,-0.0025896304,0.00079123274,0.9436611,-0.564274,0.02385338
632193778,632193687,0.0040125563,-0.002589148,0.0014315906,0.85508674,-0.20698833,0.15861137
632197530,632197437,0.00883338,-0.0013843541,0.00078152504,0.85925317,0.020033691,-0.09448355
632201271,632201187,0.0037862156,0.0013379961,0.0012296692,-0.26656717,0.5494123,-0.018734818
632203778,632203687,-0.00020105523,-0.0001671429,0.0018941624,-0.9846826,0.05191097,0.14506048
632207526,632207437,-0.006127563,0.00014696745,0.0022527277,-1.1637397,-0.2033097,0.07912545
632211278,632211188,-0.0075123715,-0.00093831937,0.0016481322,-0.74902606,-0.24512069,-0.0154818995
632215072,632214980,0.0005705424,-0.001244186,0.001117405,0.9770664,-0.20333482,-0.15290186
632218777,632218687,0.00688394,-0.002496651,0.0015433069,1.5878849,-0.05267781,-0.032724395
632221295,632221211,0.008995397,-0.0043725115,0.0015041847,1.1303533,-0.3984339,0.007956499
632225070,632224980,0.0061697713,-0.0016987562,0.0009518501,0.14542042,-0.013942422,-0.14834642
632228776,632228687,-0.0026442,0.0019504798,-0.0006680566,-1.4738375,0.712327,-0.25834638
632232526,632232437,-0.006682669,0.0038735843,-0.0011134754,-1.2961521,0.74060154,-0.1361743
632236294,632236211,-0.0067541217,0.00089060934,-0.00031687235,-0.32107016,0.10200655,0.06866999
632238775,632238687,-0.0036620272,-0.0010482508,-0.0017769259,0.31277734,-0.45889232,-0.20281428
632242532,632242438,0.004999075,0.00015284066,-0.0009549777,1.8175995,-0.09471385,-0.030940361
632246277,632246187,0.0057818056,0.0009873543,-0.0014726847,0.65716094,0.50917083,-0.055035025
632250066,632249978,0.0056942017,0.0017033019,-0.0016764161,0.068885654,0.46702585,-0.053313356
632253778,632253687,-0.0003316663,0.0007519391,-0.0025642647,-0.8325791,0.07360403,-0.25282037
632256275,632256187,-0.0067796754,0.0031631156,-0.002606026,-1.6774616,0.369204,-0.10423576
632260072,632259980,-0.0077356207,0.0035894345,-0.0015028897,-0.6298904,0.32386896,0.11623753
632263778,632263687,-0.0068815877,0.0017971197,-0.0008179205,-0.40626773,0.15594943,0.23593855
632267518,632267437,0.003925333,-0.0004231905,0.00032348928,1.5958205,-0.43700975,0.21507975
632271270,632271188,0.008341466,0.00015250783,0.00057354866,1.5368825,-0.14529665,0.028024238
632273778,632273687,0.005692038,0.0009399769,0.0011091386,0.3133021,0.08447591,0.15497498
632277525,632277437,0.0018602962,0.0013775426,0.00087347435,-0.6112894,0.009923694,-0.012856054
632281302,632281211,-0.0069499067,0.00075637305,0.00050766004,-1.8863443,0.027917841,0.040188573
632285078,632284980,-0.0040984973,2.9890332e-05,0.00043749725,-0.069356866,-0.24187288,-0.062387504
632288777,632288687,-0.0029720955,0.0005448074,0.0021608882,0.5730572,-0.023923082,0.19807892
632291278,632291188,-0.0010821524,0.0010297203,0.0017562503,0.55740756,0.10537737,0.07300522
632295068,632294979,0.008633645,0.0005259505,0.0020957787,1.7605538,-0.058015477,0.07236965
632298775,632298687,0.007400753,-0.0012312133,0.0016646364,0.3448179,-0.2798957,-0.067774035
632302527,632302437,0.0069557442,-0.0011056061,0.00028454018,0.2884107,-0.21741472,-0.31148168
632306282,632306188,-0.0037202637,-0.0006478,0.00053828384,-1.365924,-0.06252796,-0.068962954
632308779,632308688,-0.006098144,-0.0023769867,-0.00028896896,-1.3312106,-0.29577312,-0.16038565
632312526,632312437,-0.002750888,-0.0007600847,-0.001040316,0.31665465,0.078532204,-0.2631837
632316267,632316187,-0.000547417,-0.0013724411,0.0006993088,0.5434571,-0.07439109,0.20617022
632320078,632319980,0.009669062,-0.00016362553,4.0462553e-05,1.9903473,-0.0057419613,-0.02911607
632323778,632323687,0.0068326504,0.00082734285,0.0018807818,0.31483737,0.20851375,0.25974974
632326302,632326211,0.006836383,-0.0016741273,-0.00014404624,0.029047754,-0.34819546,-0.24564731
632330073,632329980,0.000186294,-0.0007699179,1.0363838e-05,-0.6747359,-0.040844977,-0.10802444
632333771,632333688,-0.009469679,-0.0025314048,-0.00038170468,-1.7603343,-0.3037708,0.0030169403
632337525,632337437,-0.0062104026,-0.0006275965,-0.0014699344,-0.20305578,0.18209648,-0.13077164
632341305,632341211,-0.0028620597,0.001995882,0.00064714235,0.3876688,0.5918805,0.35643518
632343779,632343688,0.005151416,0.00018169166,0.00020434838,1.605456,-0.0071691154,0.06639538
632347527,632347437,0.009107084,0.0027423839,0.00037876173,1.6534824,0.25111377,-0.0027162777
632351270,632351187,0.0023924508,0.0028625678,0.00052321475,-0.47932526,0.19886623,0.049564615
632355066,632354978,-0.002970974,0.0010604437,-0.00033922415,-1.2860733,-0.17923759,-0.013469325
632358776,632358687,-0.008044216,0.0006930341,-0.0012567985,-1.3736843,-0.03627385,-0.18994519
632361277,632361188,-0.006969966,-0.0012546446,-0.002269536,-0.50639427,-0.43318915,-0.2883793
632365071,632364980,-0.003435264,0.0021869007,-0.0013460331,0.5896352,0.3539991,-0.017483534
632368776,632368687,0.0011402237,0.003067446,-0.00013379985,0.861681,0.5126091,0.28196618
632372526,632372437,0.007899061,0.0036010232,-8.0463746e-05,1.3121692,0.37140518,0.0890877
632376275,632376187,0.0067120907,0.0025175582,0.0003588125,0.42751825,-0.0729766,0.08851014
632378776,632378687,0.001982884,0.001555128,0.00045909968,-0.65729815,-0.30135682,0.07500895
632382526,632382437,-0.006139675,0.0023212782,-0.00011294221,-1.5951073,0.12630041,-0.06268981
632386294,632386211,-0.008745126,-0.0021724845,-0.0014606237,-1.2489583,-0.48769012,-0.17567159
632390070,632389980,-0.0007508666,-0.0033232113,-0.0015639234,0.9901839,-0.463687,-0.23702179
632393778,632393687,0.005099679,-0.0012625341,0.00012760189,1.6188555,0.034487065,0.17033009
632396278,632396187,0.007015368,0.000271995,0.0020521653,1.1549313,0.3175828,0.4655245
632400066,632399978,0.0067534214,0.0027896015,0.0022234318,0.33856228,0.6182216,0.2156198
632403778,632403687,0.0023667705,-6.478105e-06,0.002477952,-0.8894167,-0.17845477,0.17729944
632407529,632407437,-0.0015743293,-0.0011523054,0.0003633124,-0.7816815,-0.41666755,-0.4187562
632411278,632411188,-0.005486146,-0.0036069253,0.0006610774,-0.61699843,-0.6028645,-0.13615286
632413777,632413687,-0.005148523,-0.004206469,0.00039273401,-0.31694472,-0.41241515,-0.06996721
632417519,632417437,0.000806213,-0.0025114026,0.00042101252,0.9666534,0.15599081,-0.036036875
632421270,632421188,0.005683371,-0.0018342973,0.0011687884,0.96444786,0.31199428,0.12899916
632425071,632424979,0.008794358,0.00086265884,0.0017798297,0.8721716,0.4024402,0.021262398
632428777,632428687,0.004414365,0.0020702507,0.0023515224,-0.15005782,0.24331808,0.1088544
632431303,632431212,-0.0023855874,0.0011049013,0.0011574033,-1.423858,-0.016221581,-0.11950074
632435078,632434980,-0.00734837,-0.00015856094,-0.001071681,-1.2097534,-0.19052292,-0.5003163
632438778,632438687,-0.00851137,-0.0032216413,-0.0014706554,-0.79310584,-0.51222014,-0.29859272
632442525,632442437,-0.00056023186,-0.0021748897,-0.001981786,1.0319158,-0.22090584,-0.2496974
632446301,632446211,0.0069207624,5.5191427e-05,-0.001441952,1.79049,0.37505147,0.026784385
632448775,632448687,0.0071203886,0.0010648154,-0.0022375693,0.8810778,0.42573372,-0.07765152
632452528,632452437,0.0055772774,0.0034810316,-0.0012258721,0.10749383,0.44335103,0.00088102557
632456278,632456188,-0.00095904805,0.0028068612,-0.0013060357,-1.0723174,0.06585757,0.033006333
632460070,632459979,-0.007164307,0.001315625,-0.0011967269,-1.1317375,-0.36507797,-0.051544774
632463778,632463687,-0.0070383307,0.00049844815,-0.0017396328,-0.22676806,-0.14438167,0.03914327
632466267,632466186,-0.004155069,-0.0019744192,-0.0030333698,0.30204612,-0.5558288,-0.21850587
632470077,632469979,0.0054241586,-0.00067080016,-0.0031405548,1.891754,-0.13094603,-0.2161757
632473778,632473688,0.009224147,0.000572572,-0.0014679265,1.3602699,0.16633506,0.16091698
632477526,632477437,0.008501223,0.0041704318,0.00021571614,0.5440202,0.61601365,0.37429813
632481277,632481187,-0.00013951972,0.0035777243,0.0014018895,-1.148737,0.46128216,0.4278916
632483777,632483687,-0.004412393,0.00050525775,0.00044238486,-1.5061713,-0.41511905,0.06065863
632487525,632487437,-0.007980548,0.00016462617,0.00042507608,-0.93225056,-0.3758686,-0.10194772
632491303,632491211,-0.0053061624,-0.0010674931,0.0014005863,-0.013003898,-0.08987311,0.21298002
632495071,632494980,0.0035582548,-0.001079249,0.0007153173,1.3796927,0.12943462,-0.01664047
632498777,632498687,0.010110154,-0.00050585845,0.0019047597,1.5875167,0.4419963,0.26225448
632501271,632501188,0.009833435,0.000105445564,0.0020053897,0.8296481,0.18918146,0.114987716
632505082,632504991,0.0032132932,0.002489426,0.0034350967,-0.68682194,0.5070566,0.3232564
632508776,632508687,-0.0065109283,0.0018644114,0.0026985542,-2.2245948,0.34192595,0.04058229
632512528,632512437,-0.0073528057,-0.0021526888,0.0027461739,-1.0388694,-0.46094975,0.051268525
632516271,632516188,-0.005534694,-0.0045427736,0.00078487175,0.08565042,-0.5770694,-0.343476
632518777,632518687,-0.00090958306,-0.0027233213,0.0005970663,0.91338074,-0.018718623,-0.24187465
632522526,632522437,0.0059103784,-0.0005246886,0.0012876976,1.4415323,0.5072841,0.04725648
632526276,632526187,0.0074150288,-0.0007231986,-0.00017376756,0.46250725,0.40238833,-0.06551743
632530070,632529980,0.005564066,-0.000972112,-0.001092694,-0.17726056,-0.13052139,-0.19203255
632533778,632533688,-0.0033546044,0.0008100218,-0.0014466798,-1.2720679,0.06513271,-0.17390293
632536294,632536211,-0.008307255,0.0023649903,-0.001357834,-1.6715547,0.33117786,-0.07472345
632540071,632539980,-0.009206367,-0.00026540912,-0.0007684699,-0.6879004,-0.0016012561,0.057658624
632543778,632543687,-0.003061214,-0.002451131,-0.0025765912,0.73631257,-0.37703457,-0.15296927
632547529,632547437,0.00708245,-0.0030278098,-0.002615063,2.0144866,-0.4850593,-0.12546359
632551303,632551212,0.008753714,0.0008253758,-0.003128164,1.2811191,0.21235052,-0.1841196
632553777,632553687,0.007044272,0.0032779486,-0.0030035435,0.2135928,0.6577418,-0.050532356
632557527,632557437,0.0005529638,0.0036617806,-0.001482236,-0.7784586,0.41724232,0.20798653
632561281,632561190,-0.008061052,0.0008803081,-0.0011388438,-1.5809147,-0.46080253,0.09979157
632565066,632564978,-0.007042447,0.00087570224,-0.00045030107,-0.1746127,-0.4622909,0.10602003
632568776,632568687,-0.004379278,0.0021378177,0.0002042111,0.66734153,0.06829886,0.06965017
632571278,632571188,0.0022665202,0.0004920315,-0.0011454027,1.362221,-0.20450974,-0.14907607
632575069,632574979,0.009502184,0.0009903734,-0.00080456503,1.6959267,-0.05333644,-0.08918849
632578777,632578687,0.008535191,-8.3875275e-05,-0.0015366827,0.5922074,-0.29487112,-0.1948784
632582519,632582437,0.0037535531,0.0015503856,-0.00038263842,-0.26615232,0.06838546,0.042586356
632586267,632586186,-0.008731729,0.0026399062,0.00089188386,-1.8704052,0.21946661,0.25699115
632588778,632588687,-0.0065156086,0.00015038301,-0.00044854873,-0.83831865,-0.3138362,-0.063718244
632592531,632592440,-0.003030991,0.0014644656,0.0006599283,0.6903779,0.06109014,0.06196812
632596305,632596214,0.0026225692,-0.002500726,-6.304691e-05,1.4784259,-0.63812923,-0.1896663
632600071,632599979,0.009828852,-0.0006775514,0.00010496611,1.8905151,-0.12904549,-0.11423871
632603779,632603687,0.004239654,-0.00013932539,0.0010795905,-0.321543,0.09876836,0.18382783
632606282,632606188,0.007167469,-0.0027648641,-0.0011313729,0.19415407,-0.38627708,-0.29478362
632610068,632609979,-0.0014034178,-0.0018415126,0.00025981254,-0.84957063,-0.11474387,0.046245143
632613777,632613687,-0.008642344,-0.00293651,0.0012726854,-1.327092,-0.2730263,0.13116533
632617527,632617437,-0.005384951,-0.00070183707,0.0019870305,-0.0440467,0.3668598,0.16815053
632621282,632621192,-0.0007978198,-0.00016932479,0.002851508,0.6816534,0.34400225,0.182715
632623778,632623687,0.008288458,-0.003779741,0.0008002627,1.9570861,-0.51632917,-0.25294253
632627527,632627438,0.008482093,0.0004979208,0.00031374663,1.0737861,0.40954784,-0.2172293
632631278,632631188,0.0012802565,-0.001938003,-0.0006791532,-1.0097945,-0.10095661,-0.18396367
632635078,632634980,-0.00395612,-0.00055522146,-0.0021030235,-1.5467011,0.28505576,-0.35857347
632638778,632638687,-0.0074915527,-0.0015760578,0.000299477,-1.0390563,0.025229061,0.18853426
632641303,632641211,-0.0049858624,-0.0013389782,8.610228e-05,-0.06836815,0.016595468,0.095003165
632645070,632644980,-0.0022041267,0.0007288829,0.0012483947,0.7336937,0.2916592,0.23799737
632648769,632648687,0.0020201812,0.0014595119,0.00015575523,0.5898755,0.30201912,-0.12446746
632652526,632652437,0.0076202927,0.0028225868,-0.0013506828,0.82826775,0.43721,-0.37641189
632656300,632656210,0.004721718,0.0020579102,-0.0013184785,0.08304758,0.14597434,-0.19109938
632658776,632658687,-0.00035467514,0.0004582333,-0.0021226604,-0.86005294,-0.34230113,-0.22408485
632662527,632662437,-0.009251041,0.003482557,-0.0018696969,-1.6685137,0.48694938,-0.07228277
632666272,632666188,-0.007554322,0.0022324636,0.00026897466,-0.7771447,0.33976862,0.32565024
632670068,632669979,-0.00089418155,0.0012029832,0.0018440321,0.8284031,0.023096379,0.34687334
632673778,632673687,0.0061450177,0.0009251975,0.0025761465,1.6338748,-0.21192594,0.28515944
632676276,632676187,0.0072277547,0.0049271313,0.0013481043,1.0497856,0.51439416,-0.07207431
632680065,632679977,0.0042290986,0.0037792441,0.00075008173,-0.016401077,0.36554787,-0.13478567
632683778,632683687,-0.0002856266,-0.0008015596,0.0003397896,-1.0519503,-0.37899762,-0.09080418
632687529,632687438,-0.0045244917,-0.0030416676,0.00031269752,-0.97042316,-0.8509619,-0.069542594
632691278,632691188,-0.005414564,-0.001338854,0.0018332261,-0.26350003,-0.26523566,0.2753944
632693779,632693688,-0.003561314,0.0018068862,0.0022553804,0.16067429,0.4847413,0.2225024
632697525,632697437,0.0018564638,0.0005908199,0.0036066868,0.9802656,0.19890897,0.23196016
632701294,632701211,0.006710345,-0.0009465032,0.0038460842,0.8643482,-0.27046868,0.16309759
632705071,632704980,0.0075301873,-0.0018941936,0.001736494,0.6798957,-0.53155893,-0.35254532
632708777,632708687,-0.0002550863,-0.0020381184,0.001329976,-0.7710023,-0.29036295,-0.20472871
632711280,632711188,-0.0046619577,-0.0022188872,-0.0001241923,-1.3513867,-0.09721132,-0.37109396
632715070,632714979,-0.0054370235,-0.0044921865,0.00036049625,-0.4670888,-0.34816298,-0.054667268
632718777,632718687,-0.0036026041,-0.0033696196,0.0011269203,0.036528412,-0.13003433,0.15646027
632722526,632722437,0.00615511,-0.0018868931,0.001999035,1.9567252,-0.057178944,0.107847355
632726279,632726188,0.004602337,0.002562336,0.0007678802,0.6791371,0.7342495,-0.12930632
632728777,632728687,0.0059494525,-0.00024601264,-0.0005457187,0.37882724,-0.05631519,-0.28022358
632732521,632732438,0.00277343,-0.0020524333,-0.0024761218,-0.06854569,-0.36865473,-0.47370437
632736268,632736187,-0.004476946,-0.004176408,-0.0028466769,-1.1145551,-0.6812785,-0.21395321
632740066,632739977,-0.004497066,-0.004055601,-0.0024706011,-0.17762995,-0.38739488,-0.08057515
632743778,632743687,-0.005005541,-0.0007946907,-0.0014601748,-0.15146464,0.51565677,0.19682528
632746299,632746210,0.0031315794,-0.0013316749,-0.0013915201,1.3151726,0.21853684,0.109850004
632750078,632749979,0.0060565174,0.0014877678,0.00026348128,1.2867237,0.5324035,0.25298804
632753781,632753688,0.0030980392,0.004138211,0.0004622346,-0.08501614,0.5286395,0.19707431
632757526,632757437,0.0003942136,0.003126164,-0.00026610596,-0.609029,-0.043540847,-0.07266904
632761300,632761210,-0.0060648406,0.0021966698,0.00044795175,-1.3415072,-0.055044606,0.13192901
632763777,632763687,-0.0029714543,-0.0027519893,0.00017211307,-0.12568714,-0.95148766,0.003491057
632767526,632767437,-0.004506732,-0.0023474724,0.0015775611,-0.033991925,-0.36146504,0.25833952
632771281,632771189,0.00080283417,0.0007004613,0.0025096163,0.7198153,0.36541143,0.29115668
632775071,632774980,0.0065440573,0.00455219,0.003464135,1.0553414,0.8353504,0.23538333
632778776,632778687,0.0035854247,0.0069723814,0.0035875018,-0.1078305,0.9210824,0.022705724
632781279,632781188,0.0057156025,0.0045689,0.0014271615,0.3236735,-0.06796934,-0.34686235
632785073,632784978,-0.00424821,0.0029240437,0.0016804027,-1.2167598,-0.3674922,-0.1685751
632788776,632788687,-0.005601424,0.00074434927,-0.000560717,-0.96096087,-0.3737954,-0.37245804
632792529,632792438,-0.0029156941,-0.002896523,-0.00034090847,-0.02469703,-0.49449956,-0.14965405
632796278,632796188,0.0009294221,-0.002486939,-0.00029415052,0.66664994,0.051369354,-0.038795464
632798769,632798687,0.007923338,-0.0016633046,-0.001284422,1.7468791,0.05696957,-0.20756687
632802527,632802437,0.0023870005,0.0041706823,0.00033520442,-0.2148355,1.058537,0.16326874
632806301,632806209,0.001271392,0.0029513636,-0.0012591875,-0.86024547,0.4240823,-0.13071515
632810071,632809980,-0.0018627392,0.0019325507,-0.0014095178,-0.9570428,0.0963837,-0.0745252
632813777,632813687,-0.0051319315,-0.0016193805,-0.0026570926,-0.5843375,-0.43917003,-0.23399961
632816271,632816187,-0.0034849427,-0.003498306,-0.002950707,0.04625663,-0.6610747,-0.18476689
632820070,632819980,-0.0048330724,-0.002815602,-0.00117482,-0.3313446,-0.05445384,0.2525085
632823778,632823687,0.0041859983,-0.0030684492,-0.0016428928,0.81461865,0.11552148,0.13183863
632827526,632827437,0.0074145654,0.000108501525,7.408085e-05,0.85759753,0.55092925,0.29685196
632831278,632831188,0.0038319132,0.0018573939,0.0009341122,0.072380364,0.5358134,0.16615774
632833777,632833687,-0.0014015406,0.001795882,2.7091417e-05,-0.9929622,0.24768612,-0.07971029
632837528,632837438,-0.008093614,0.002022516,0.0023785634,-1.5047969,0.21830572,0.41307566
632841278,632841188,-0.0043786424,-0.0029131894,-0.0010923125,-0.20299944,-0.5977178,-0.28983456
632845066,632844978,0.0010432171,-0.0038773268,0.00024970897,1.0462368,-0.4602589,0.020582207
632848770,632848687,0.004079055,-0.0035809418,-4.1466985e-05,1.2051367,-0.27412024,-0.070086755
632851293,632851210,0.008424981,-0.0004453321,-4.292924e-06,1.2822527,0.50996464,-0.023606438
632855071,632854980,0.003944104,0.0030484002,0.0017161554,-0.09199746,0.82350624,0.2622509
632858777,632858687,0.00045726137,0.0026763615,0.0008395071,-0.6429551,0.24536747,0.032152418
632862526,632862437,-0.006028124,0.0020066244,0.00020235374,-1.0280061,-0.31633204,-0.12935722
632866300,632866210,-0.0075960956,0.0003535847,0.00028181862,-0.610784,-0.43882668,-0.03738336
632868777,632868687,0.00014150547,-0.0025376282,-0.001580528,1.0097495,-0.73580706,-0.36680502
632872526,632872437,0.003264442,-0.0016328755,-0.0009158293,1.2453576,-0.067625165,-0.053196914
632876278,632876187,0.0079904925,-0.0023099175,-0.0014748967,1.2075663,-0.24924251,-0.09961998
632880071,632879980,0.0057322006,0.0041023376,-0.001673511,0.1407562,0.7952542,-0.0854271
632883779,632883687,-0.001973437,0.0042190677,0.0002782381,-1.3132614,0.50345653,0.34317747
632886270,632886188,-0.0024994116,0.0038550757,-0.0009936369,-0.8508691,0.1590696,-0.071327515
632890066,632889978,-0.007814433,0.001692831,-0.00023150654,-0.9628365,-0.39191273,0.1020038
632893777,632893687,-0.003310597,-0.0012464133,-0.0007555817,0.24570073,-0.59896874,-0.1273864
632897530,632897438,0.004920494,-0.0021361532,-0.0010189135,1.5490824,-0.3421936,-0.12760852
632901272,632901188,0.007052858,-0.00175108,0.00033902389,0.97565675,0.13027684,0.21299012
632903778,632903687,0.009439333,-0.0033712145,-0.00046898655,0.9135568,-0.3238964,-0.024109745
632907526,632907437,0.0027102563,0.0023296454,0.0010084029,-0.7046811,0.7369784,0.28797072
632911302,632911211,-0.005136297,0.0027253863,0.0008402184,-1.7106485,0.5043144,0.03353987
632915072,632914980,-0.0071739713,0.0022321118,0.00066079886,-0.84385574,0.18875177,-0.023569044
632918777,632918687,-0.0058940314,-0.0013355433,0.0014266457,0.015323281,-0.43135083,0.12924924
632921278,632921188,0.0006876978,-0.0025753872,-0.0003198763,1.2349005,-0.5610852,-0.2586317
632925071,632924980,0.0053448207,-0.0024342006,0.00027751538,1.2107296,-0.05590128,0.05868914
632928776,632928687,0.0065744976,-0.0025791402,-0.0005809658,0.3379733,0.13250114,-0.09026455
632932527,632932437,0.0045549283,-0.0015973013,-0.0009562081,-0.2585874,0.19698465,-0.13201745
632936271,632936187,-0.005957794,0.0021083443,0.00062435225,-1.6522238,0.5583979,0.14350294
632938776,632938687,-0.008059963,0.0010772829,-0.00064876484,-1.2519842,0.09146169,-0.16955589
632942528,632942438,-0.009832474,0.0019613076,8.7408705e-05,-0.72838056,0.3724401,0.098133504
632946279,632946188,-0.0018488688,-0.0024983746,-3.2009106e-05,0.94574124,-0.6108127,0.07620214
632950074,632949978,0.008606651,-0.002808016,-0.0010880654,2.114348,-0.4097914,-0.22173956
632953778,632953687,0.006769691,-0.0011554381,-3.5516576e-05,0.6153066,0.043365434,0.090522215
632956300,632956210,0.007513292,4.4112676e-05,-0.0004760693,0.34484407,0.26433933,-0.051818937
632960072,632959980,-0.0023237055,0.0011877042,-0.00035175472,-1.3954073,0.4718015,0.07363064
632963778,632963688,-0.008470122,0.00064598134,0.0010385616,-1.4357578,-0.008451542,0.19192298
632967526,632967437,-0.0068264105,0.0010485912,5.844516e-05,-0.20525305,-0.13726848,-0.095920086
632971307,632971211,-0.0029517298,0.0021939788,0.0021087904,0.6630514,0.13789192,0.34330744
632973778,632973687,0.0059115193,-0.00012423482,1.6045102e-05,1.8955129,-0.38091427,-0.22328998
632977526,632977437,0.009423011,0.0010163506,-0.00066165405,1.3796561,0.18308172,-0.18968853
632981271,632981188,0.007312552,-0.00036678836,-0.001244672,0.26586193,-0.19380756,-0.20608573
632985078,632984980,1.8181308e-05,0.00044660812,-0.0019016969,-0.9418877,0.021650001,-0.19117704
632988777,632988687,-0.009603869,0.0008054005,-0.00050249766,-1.8866293,0.13288796,0.22691238
632991278,632991188,-0.006683644,0.0009634069,-0.0015164735,-0.51282144,0.0544328,-0.06527154
632995066,632994978,-0.0046355454,0.0017771772,0.00012358133,0.35292605,0.22320871,0.18926212
632998776,632998687,0.0040764306,0.0008771411,-0.001232885,1.6529465,-0.08660872,-0.1504234
633002529,633002438,0.008499493,-0.0010797116,-0.00081537914,1.3069574,-0.34539,-0.020787818
633006282,633006188,0.004993765,0.0004283255,-0.0011069411,-0.19798626,0.23512806,0.032373484
633008777,633008687,0.0048584356,-0.0025811053,-0.0009248073,-0.16574737,-0.45837134,0.030901678
633012527,633012437,-0.0075593204,-0.0006263328,-0.00075655483,-1.9187671,0.10354498,0.042562526
633016299,633016210,-0.008917501,-0.0013433605,0.0008242877,-1.0545732,-0.17780948,0.33235183
633020072,633019980,-0.005260866,0.0011626263,0.0012159653,0.27945557,0.38208666,0.1335001
633023778,633023687,0.0020883915,0.0018469476,0.0020652267,1.388679,0.4879659,0.21966152
633026277,633026188,0.009810546,-0.0006952645,0.0022871739,2.1381671,-0.27749518,0.1516482
633030070,633029980,0.006705357,-8.926769e-05,0.0025788122,0.38776878,-0.031530462,0.12331821
633033777,633033687,0.001902813,-0.0016103549,0.0012027634,-0.9832713,-0.24275705,-0.07803752
633037526,633037437,-0.0047358354,-0.001228841,0.0007740356,-1.4595044,-0.029540574,-0.21823539
633041279,633041188,-0.008774062,-0.0008147163,0.0014633589,-1.1002134,0.20736545,0.0748927
633043778,633043687,-0.0059241285,-0.00059025135,0.0024912988,-0.026869731,0.080648646,0.20117432
633047520,633047438,-0.0017493707,0.0017091187,0.0029388152,0.8691039,0.5912372,0.21748672
633051271,633051188,0.0060089887,0.0013213237,0.001693845,1.3472078,0.15970254,-0.06289556
633055067,633054978,0.010148659,0.0011613853,0.00054912956,1.0900961,-0.008369151,-0.28343135
633058777,633058687,0.0039052865,-0.0010192725,-0.0009592171,-0.6135497,-0.42598864,-0.32894546
633061301,633061211,-0.0007328043,-0.00043935084,-0.00017638858,-1.1849517,-0.124447614,-0.052881792
633065073,633064980,-0.0072236783,-0.000660175,-0.0011031515,-1.4308859,0.0063479305,-0.097306885
633068777,633068687,-0.007596814,-0.0008308228,-0.0009276669,-0.7212942,0.07977617,0.07886366
633072526,633072437,0.00052235066,0.0016279655,-0.0013986963,1.0964357,0.2934256,-0.13808294
633076301,633076211,0.0057933284,0.0033428299,-0.0010275738,1.328582,0.3422405,-0.04582179
633078777,633078687,0.009254298,0.0044178865,-0.0005627507,1.3181663,0.35542238,0.04943684
633082527,633082437,0.007047974,0.002210545,-0.0014146232,0.045880925,-0.046071973,-0.061147872
633086278,633086188,0.00024772258,-0.0020938735,-0.0020512727,-1.1726075,-0.8168882,-0.07864542
633090071,633089980,-0.0041283956,-0.0025583783,-0.0014920259,-0.91649157,-0.46708173,-0.06508777
633093779,633093687,-0.009070033,-0.0010602647,0.00029105603,-0.94616425,0.057763755,0.22001676
633096277,633096188,-0.004902677,0.0005581389,0.0012754456,0.21077655,0.32511342,0.33536947
633100077,633099980,0.0020196193,0.002224616,0.0012223723,1.1725062,0.5413977,0.1624299
633103778,633103687,0.0076537025,0.0016682635,0.0016525866,1.2185235,0.022824936,0.11931733
633107527,633107437,0.009335705,0.000815913,0.0020359827,1.0323027,-0.2523363,0.027513945
633111279,633111188,-0.0028930504,0.00048988994,0.0031780982,-1.5230738,-0.14202194,0.21444672
633113770,633113687,-0.004880834,-0.0019378391,0.0026156872,-1.2738712,-0.5704489,0.042925417
633117526,633117437,-0.0091071455,-0.0038738863,0.0017805239,-1.1204728,-0.41178325,-0.16602503
633121300,633121210,-0.0067976103,-0.003714419,0.0009417069,-0.10904554,-0.19349504,-0.24861561
633125072,633124979,0.0030861828,-0.0016100243,0.001155688,1.8817792,0.1931116,-0.17414805
633128778,633128687,0.004198787,0.004006937,0.0024017314,0.9330899,0.99237806,0.21546583
633131274,633131191,0.008547016,0.0028739334,0.00034043624,1.2159231,0.3356909,-0.26415867
633135071,633134980,0.0042606667,0.00046403514,-0.00053090404,-0.06192336,-0.24045892,-0.25675732
633138777,633138687,-0.004783734,-0.0026904298,-0.0016816941,-1.4107966,-0.75387734,-0.42937252
633142527,633142437,-0.005469801,-0.0055476874,-0.0023887071,-0.3549183,-0.7599852,-0.31966656
633146277,633146188,-0.008519769,-0.0020035123,-0.001130188,-0.63567895,0.4170933,0.13303462
633148776,633148687,0.001572442,-0.001341985,-0.0041675447,1.4665422,0.32594448,-0.46990004
633152529,633152437,0.00710789,0.001931291,-0.0019641854,1.792811,0.70762813,0.08630506
633156279,633156188,0.0071348394,0.004358196,-0.0027431706,0.6659946,0.5948466,-0.18938802
633160066,633159978,0.0056530386,0.0030113622,-0.0011437928,-0.01168509,0.119302325,0.17585051
633163770,633163687,-0.005225942,0.00010801344,-0.0005422198,-1.989431,-0.38378698,0.26450413
633166294,633166210,-0.0023257623,-0.0011472219,-0.0022661209,-0.51553446,-0.5562177,-0.17763376
633170073,633169982,-0.005975027,-0.0014088288,-0.0003306858,-0.5643848,0.04333567,0.15528627
633173778,633173688,-0.0011679279,0.00047410763,-0.001031721,0.5868225,0.43900874,-0.051641572
633177527,633177438,0.006476789,0.0012589258,0.00065309275,1.5167043,0.39337465,0.24131961
633181301,633181211,0.005523586,0.003837072,0.0016655218,0.39004126,0.4004455,0.30412185
633183778,633183687,0.008256608,0.0056603444,0.001177611,0.69314283,0.5021962,0.07614131
633187531,633187437,-0.0016794143,0.004349174,0.0018738605,-1.3054855,0.26803052,0.08856504
633191279,633191188,-0.007124076,-0.0011282786,0.0010428235,-1.5717478,-0.8247881,-0.13833676
633195071,633194980,-0.0059183966,-0.0026560028,0.00020132257,-0.3831943,-0.58616185,-0.22500674
633198776,633198687,-0.0037811596,-0.0010769233,0.0010334763,0.35448235,0.12189514,0.046397906
633201271,633201188,0.002411632,-0.00048018852,-0.00042555417,1.3835355,0.13896106,-0.23934223
633205067,633204978,0.0016094346,0.0023312687,0.00047238404,0.22628254,0.5538078,0.07979457
633208777,633208687,0.0046370975,0.004243042,-0.00091487146,0.10620399,0.44946867,-0.20226076
633212528,633212438,0.0006588503,0.002475398,-0.00024099888,-0.48290956,-0.08597134,-0.021332238
633216270,633216188,-0.005873467,-0.0003201072,-0.0006458425,-1.0528207,-0.46404952,-0.13357538
633218776,633218687,-0.00592237,-0.0028116796,-0.0007588512,-0.55968535,-0.76719064,-0.09361326
633222527,633222437,-0.00621498,-0.0032263391,-0.00057465327,-0.26378125,-0.12404725,0.09206857
633226299,633226210,0.002336851,-0.003881501,-0.0020529379,1.0086032,-0.090233326,-0.15221599
633230076,633229984,0.007026738,0.0003565487,-0.0013718086,1.3133988,0.5369765,-0.026742969
633233778,633233688,0.0037293022,0.0011402064,-0.0003309421,-0.030255614,0.22042131,0.11866505
633236277,633236187,0.0037920612,0.0025816658,0.00054435077,-0.03198206,0.38656732,0.20903039
633240070,633239979,-0.0037644987,4.9865062e-05,0.0013531451,-1.0847424,-0.15609673,0.2963862
633243778,633243687,-0.0048741875,-0.0032816937,0.0008196088,-0.75318485,-0.654087,0.074947834
633247519,633247437,-0.00030782077,-0.003628521,9.169598e-05,0.620781,-0.33005083,-0.20070256
633251272,633251188,0.0009800503,-0.00205294,0.0010138294,0.35986635,0.12475342,0.07409584
633253778,633253687,0.0067515266,-0.0012193216,0.0005211338,1.1996878,0.27442473,-0.040168844
633257524,633257436,0.0045982674,0.001967399,0.00054413563,0.2455435,0.536348,0.05416126
633261279,633261188,-2.2430177e-05,0.0019432969,0.00062895037,-0.8674623,0.13065709,0.015282182
633265078,633264979,-0.000940043,0.0025295897,0.00069475593,-0.31848398,-0.046245087,-0.07300698
633268777,633268687,-0.006322043,0.002087738,0.0016209631,-0.9868317,0.077361286,0.11857371
633271301,633271211,-0.0013648679,-0.0006132086,-0.00014089086,0.4092201,-0.4568595,-0.25351235
633275069,633274979,0.0009751216,-0.0020117357,0.0007135524,0.5427626,-0.4710095,0.05466634
633278776,633278687,0.0030293064,-0.00024245717,0.00011822406,0.33489367,-0.036222722,-0.064429104
633282529,633282438,0.0045748483,0.0034091938,-0.00055895967,0.4693705,0.6197158,-0.17577498
633286300,633286210,-0.0035876662,0.004663093,0.00055220275,-1.2765224,0.67320186,0.18079539
633288777,633288687,-0.002593144,0.0030654492,0.000767434,-0.43792868,-0.0058366302,0.104917765
633292527,633292437,-0.00573706,0.0010237668,0.0010474654,-0.6186894,-0.45371884,0.089537926
633296279,633296190,-0.0029884158,0.0009720497,0.0012147101,0.151344,-0.15383895,0.08365822
633300082,633299980,0.0030593353,-0.0006861608,0.0009394199,1.1111666,-0.19421446,-0.012127954
633303779,633303688,0.0008021322,-0.00083520915,0.00042653142,-0.09204016,0.14124842,0.011698474
633306282,633306188,0.005386398,-0.00015311307,-0.00020595633,0.8206671,0.065388046,-0.15521264
633310069,633309979,-0.002460462,0.0018350057,-0.0010297719,-0.9389861,0.4545141,-0.13799155
633313770,633313686,-0.004989699,0.0015504607,0.00014422055,-0.88686615,0.27496895,0.16429839
633317527,633317437,-0.0033665344,0.00047316425,-0.0009975572,0.19369589,-0.015905386,-0.08326705
633321279,633321188,-0.004462785,-0.0027036977,0.00062181614,-0.09693163,-0.49730924,0.2675249
633323778,633323687,0.003836535,-0.0017429098,-0.0014602179,1.4486912,-0.20461504,-0.30029452
633327528,633327438,0.0040964843,-0.0010857285,-0.00084121723,0.5871722,0.25877908,0.046306707
633331302,633331211,0.004338729,-0.0007445627,-0.0013405696,0.046155546,0.3630272,-0.051285617
633335069,633334980,0.00072258495,-0.0013313862,-0.0019355337,-0.35428536,-0.0020560462,-0.07269335
633338777,633338687,-0.008652793,-0.0002418446,-0.0013316253,-1.6699511,0.081204765,0.11008363
633341277,633341187,-0.004609925,0.001184311,-0.0027694483,-0.13326989,0.23428613,-0.258897
633345071,633344980,-0.0045700213,-0.00032870474,0.00024174458,0.0010903524,0.13504042,0.475582
633348777,633348687,0.002274542,-0.00189982,8.91775e-05,0.9326372,-0.19764924,0.20380238
633352526,633352437,0.009140503,-0.0019758758,0.0012218651,1.6160438,-0.19609702,0.27788228
633356276,633356187,0.004223918,-0.00063354505,0.00073134067,-0.19658154,0.060901023,0.008382745
633358777,633358687,0.0022971672,0.0007428328,0.00045182742,-0.44781023,0.30751204,-0.07089724
633362526,633362437,-0.0070211687,0.0015537965,0.0009788286,-1.8135792,0.36834267,0.109185345
633366270,633366188,-0.007855161,0.0010747857,0.00048613898,-0.91351974,-0.032378312,0.038505737
633370070,633369979,-0.0018401968,0.00060069753,0.0018063666,0.8857055,-0.21107191,0.088929094
633373778,633373687,0.0022559771,0.0012466944,0.002645003,0.9961167,0.037198905,0.13168406
633376302,633376211,0.008866076,0.0015449598,0.0030248235,1.7376215,0.113701105,0.14237243
633380068,633379979,0.006681721,0.0013165993,0.0028535423,0.1849996,0.10338301,0.10747092
633383777,633383687,0.0027194642,-0.00020192933,0.0017432536,-0.619436,-0.39059305,-0.1668631
633387527,633387438,-0.005430196,0.0011179233,0.000998628,-1.3478702,-0.12744366,-0.34852263
633391302,633391211,-0.011367137,0.0018654157,-0.00046888244,-1.6095685,0.12439696,-0.3580583
633393778,633393688,-0.0050721574,0.00067650666,0.00023466889,0.32058334,-0.089925535,-0.058014188
633397520,633397437,0.0005736545,-0.00042059342,7.0317656e-05,1.1677717,-0.23266858,0.017845131
633401270,633401187,0.008511542,-0.0011374603,-0.00031486922,1.791371,-0.42881387,-0.10860575
633405071,633404980,0.00904364,0.0017945109,-0.00082632375,0.99162155,0.2059341,-0.21062566
633408780,633408687,-0.0010448127,0.0010003333,-0.0006262092,-1.5866305,0.11043816,-0.0246506
633411283,633411188,-0.0007593308,-0.0015934389,-0.0022434457,-0.81825054,-0.3923339,-0.28593072
633415077,633414980,-0.00963526,-0.002692785,-0.0031335452,-1.4847513,-0.46761286,-0.27590346
633418777,633418687,-0.0072529633,-0.0025411542,-0.0035565153,-0.04344167,-0.23895317,-0.19625303
633422526,633422437,-0.0011449099,0.00066958554,-0.0009960332,1.0599675,0.526559,0.30002248
633426279,633426189,0.0048993663,0.0016357491,5.6891586e-06,1.0231193,0.6217366,0.42915428
633428776,633428687,0.013668275,3.9548773e-05,-2.5170702e-05,2.1574814,-0.06471617,0.19776446
633432529,633432438,0.0062905136,0.0013221651,-0.0006019693,-0.15465619,0.1455093,-0.06827306
633436301,633436211,-0.0012324094,-4.358519e-05,0.0004739348,-1.4266059,-0.09662802,0.094493575
633440067,633439978,-0.010164659,-0.00027171825,0.00011900489,-1.9138644,0.031480465,0.024447273
633443778,633443687,-0.011027293,-0.0022499112,0.0010768251,-1.1396413,-0.12223581,0.25744614
633446267,633446187,-0.0019913279,-0.00091030163,1.5320693e-05,1.1578027,0.10724586,-0.082238466
633450078,633449980,0.004947078,-1.4172023e-05,0.0017636783,1.7482417,0.2828592,0.2804652
633453779,633453688,0.010364723,0.00208938,0.00093159726,1.3177205,0.49086636,0.019627435
633457527,633457437,0.007123952,0.0020374497,0.00232095,-0.079368815,0.14037746,0.22163889
633461277,633461188,-0.0014970256,0.0011946409,0.0012284694,-1.7392683,-0.069609314,-0.012731666
633463771,633463688,-0.00444722,-0.00014974832,0.0003687889,-1.409557,-0.3140208,-0.21636035
633467525,633467437,-0.011803398,-0.00083074067,-0.0005831569,-1.5429536,-0.1622427,-0.16432822
633471278,633471188,-0.00705559,-0.0016572598,-0.0021984803,-0.08916734,-0.18911166,-0.24140401
633475071,633474980,0.0032026733,0.00032060477,-0.0016365662,1.6644756,0.13379869,0.004521891
633478777,633478687,0.009245323,0.0022369265,-0.001398623,1.3494232,0.4978305,-0.0028518671
633481301,633481211,0.010758006,0.003994186,-0.0004494788,1.121758,0.54038835,0.1505069
633485074,633484983,0.0016658144,0.0023091882,0.0006024471,-1.1830175,0.003892915,0.26188895
633488776,633488687,-0.005681192,0.00077913515,-0.0007170006,-1.9513465,-0.3891069,0.0122007895
633492529,633492438,-0.00960288,-0.00035330333,-0.0020601456,-1.1526835,-0.27826497,-0.2790937
633496302,633496211,-0.0066858646,-0.0023434055,-0.0034640406,0.03340956,-0.26584408,-0.33314344
633498777,633498687,-0.002699478,-0.0011559507,-0.002067046,0.8653556,0.02457543,0.060262628
633502527,633502437,0.0050785705,0.0002720325,-0.0009248216,1.3629872,0.3285072,0.3287054
633506279,633506187,0.01011529,0.0015525285,-8.1234975e-05,1.1289529,0.327828,0.2546436
633510070,633509980,0.007025503,0.0021175893,0.0004793356,0.16538428,0.15672411,0.11954531
633513778,633513687,-0.0044358443,-0.000105586005,-5.120336e-05,-1.9195887,-0.29534468,-0.041517213
633516270,633516188,-0.007990882,-0.0007242855,0.00065664394,-1.645571,-0.32636464,0.112821445
633520070,633519980,-0.009732996,-0.0022444313,-0.0012807129,-0.8723577,-0.16388005,-0.2215055
633523778,633523687,-0.0020184752,-0.003925215,-0.0021390852,0.97136813,-0.33405435,-0.2261312
633527524,633527437,0.005832926,-0.0012797378,-0.001436312,1.9334798,0.18767889,-0.06850086
633531273,633531188,0.0068894615,0.00039673073,0.0006823388,0.7006392,0.31102282,0.39969474
633533777,633533687,0.00972096,0.0026935532,0.0014039548,0.8932576,0.59322643,0.33536416
633537528,633537438,0.00041551905,0.002003433,0.0019825965,-1.2290794,0.23263164,0.27053133
633541302,633541211,-0.005411204,-0.0006334705,0.0011559713,-1.4693074,-0.40808922,-0.07733478
633545067,633544978,-0.0076847402,-0.0015411362,0.0008973793,-0.6112289,-0.41420332,-0.16912292
633548776,633548687,-0.005789514,-0.0019210001,0.0005904733,0.09860761,-0.079002544,-0.018043382
633551271,633551188,0.001811996,-0.00072125223,-3.5950565e-05,1.4841465,0.17204738,-0.12798129
633555071,633554980,0.006554491,0.0006053131,0.00080210867,1.2428707,0.25840566,0.15814456
633558777,633558687,0.009498565,0.0027402225,0.0013851665,0.7201819,0.295456,0.08167188
633562520,633562437,0.0043898686,0.0042908825,0.0029312563,-0.44125515,0.46669015,0.24365889
633566267,633566186,-0.0054664793,0.0024875952,0.0033859047,-1.7751139,0.08351165,0.17428197
633568776,633568687,-0.007323815,0.00035910355,0.001941578,-1.2268243,-0.4200011,-0.1628459
633572526,633572437,-0.007880731,-0.0017448873,0.0006269143,-0.54586804,-0.5209261,-0.32760057
633576277,633576188,0.00022160361,-0.0004044437,-0.0011053416,0.9194087,-0.026218805,-0.3761876
633580071,633579980,0.00653937,0.0024086933,-9.9134006e-05,1.3369633,0.53863996,-0.02398579
633583778,633583687,0.0067560724,0.0020473031,-0.00026500714,0.42336425,0.28902835,0.060881786
633586301,633586211,0.0054412666,0.0033056226,0.0008462035,0.11585071,0.30215096,0.19620043
633590067,633589978,-0.0030270864,0.0021861407,0.00053495436,-1.475849,0.027422544,0.029401183
633593778,633593687,-0.007951068,1.6700942e-06,-0.00083887955,-1.5389448,-0.36850762,-0.17429061
633597528,633597438,-0.005697331,-0.0006133235,-0.0007945922,-0.15303183,-0.271239,-0.06926742
633601295,633601211,-0.0018264197,-0.0033772734,-0.0024038232,0.62997675,-0.43933922,-0.19494717
633603779,633603687,0.0026543525,-0.0010963437,-0.0015448295,1.2681912,0.14883082,0.028417228
633607529,633607437,0.0040117684,0.0012011947,-0.00194387,0.35757443,0.44628704,-0.0013684004
633611278,633611188,0.004789723,0.00081393745,-0.00062066,0.041946195,0.11786737,0.18330894
633615078,633614980,0.00050376845,0.0014177045,-0.0008418847,-0.3611139,0.16121739,-0.0069551663
633618777,633618687,-0.007043393,-0.001963951,0.00046939286,-1.3293389,-0.39252302,0.2504388
633621278,633621188,-0.008187969,-0.0012376568,0.00045129808,-0.9212419,-0.13880639,0.10515842
633625070,633624980,-0.00371392,-0.0008437449,0.000291146,0.19197355,0.09280161,0.07617379
633628778,633628687,0.0025252358,-0.000981463,-0.0016866055,1.0673636,0.08607653,-0.33291116
633632518,633632437,0.009322806,0.001474268,-0.00034325622,1.8872164,0.47397494,0.03786762
633636277,633636188,0.0028797346,-0.00090909895,0.0006487884,-0.3936831,-0.10009076,0.25513008
633638775,633638687,0.00034371097,0.0011448631,0.0014230361,-0.68811244,0.27041668,0.26305124
633642528,633642438,-0.0050167427,1.6783728e-05,0.0015282857,-1.2862556,-0.016329477,0.14764407
633646301,633646211,-0.006958603,4.278186e-05,0.0016506369,-0.8515655,-0.052503064,0.103845105
633650070,633649979,0.00029048213,0.0011224084,0.00067568436,1.1655557,0.18265224,-0.15375042
633653778,633653687,0.0021401555,0.00017483356,-0.00014575821,0.72211397,0.012934011,-0.16244276
633656276,633656187,0.006847611,0.0011971026,-0.00024253117,1.2344369,0.16171971,-0.15558133
633660070,633659980,0.006752553,0.0015612104,0.00039081642,0.27890995,0.22067335,0.1675
633663779,633663688,0.00012851878,0.00031430583,0.0012742123,-0.9195556,-0.23184969,0.23432775
633667527,633667437,-0.0038757597,0.0006274635,0.0012474067,-0.7923108,-0.077775285,0.06345954
633671279,633671188,-0.007865907,-0.00013971426,0.0023270904,-1.0301548,-0.13790143,0.20254834
633673778,633673687,-0.001485951,0.0019570272,0.0016576266,0.6791448,0.32754168,-0.08664695
633677525,633677437,0.0038696718,0.0010770587,0.00043376413,1.1855361,0.069664136,-0.09960846
633681271,633681188,0.0054993615,0.0013327915,-0.0014387141,0.6894032,-0.057208188,-0.31349763
633685070,633684980,0.0033111456,0.000805108,-0.0009010484,-0.2134294,-0.20666865,0.016615286
633688777,633688687,-0.0048131244,0.0011256069,-0.0008889616,-1.782066,0.039320573,-0.005900368
633691302,633691211,-0.003912477,-0.00019118545,-0.000105375744,-0.6748658,-0.2090123,0.10521837
633695069,633694979,-0.0061635724,-0.0017127185,0.00034070894,-0.4773835,-0.30108148,0.16433677
633698775,633698687,-0.003033127,-0.0004033253,-0.0010369811,0.43475297,-0.10011021,-0.1444229
633702528,633702438,0.0028812513,0.0016807079,-0.0018481447,1.1419448,0.33812535,-0.24524008
633706304,633706211,0.0046896413,0.0010869686,-0.0032691257,0.32632837,0.18740356,-0.33468705
633708779,633708687,0.0054944595,-0.0004908682,-0.001256971,0.3828047,-0.22979933,0.18135409
633712520,633712437,-0.002199641,-0.0034882785,-0.0016778157,-1.253762,-0.62878424,0.10388515
633716270,633716187,-0.007848754,-0.0017991617,-0.00034525403,-1.4094157,-0.038561277,0.23397616
633720070,633719980,-0.008331274,-0.0013731851,0.00040258595,-0.5314013,0.2759657,0.12854055
633723778,633723687,-0.0026489634,6.9882517e-06,0.00050084747,0.44550946,0.52697587,0.09118136
633726278,633726188,0.005566114,0.00064064097,0.0003931066,1.9260334,0.26079294,-0.021079283
633730077,633729980,0.00838611,0.0011356567,-0.0005066527,1.1645026,0.19969355,0.011476573
633733778,633733687,0.0040625827,0.000978903,0.00027342784,-0.51120317,0.18033934,0.08568493
633737524,633737437,-0.003637085,-0.0015228372,0.0013500502,-1.4831314,-0.13074389,0.20734355
633741280,633741189,-0.011197563,-0.0028015394,0.0021686489,-1.9581573,-0.09748336,0.22173922
633743777,633743687,-0.007256672,-0.00096269575,0.0015496265,-0.15926167,0.15120284,-0.027303323
633747527,633747438,-0.0029334617,0.0015797375,0.0015355914,0.6186398,0.63660073,0.07704448
633751301,633751211,0.0065181693,0.0050410368,-0.00034736114,1.4527054,0.89642614,-0.24591392
633755067,633754978,0.010762278,0.003883832,7.0646194e-05,1.1423931,0.31253007,-0.015340104
633758777,633758687,0.004079424,-0.00021972742,0.0008556537,-0.8004627,-0.5816876,0.13496657
633761277,633761187,-0.0022884794,0.0010345047,0.0023126423,-1.4541575,-0.1568847,0.3134594
633765072,633764978,-0.012736768,-0.0017408913,0.0026025686,-2.3101661,-0.409783,0.22578993
633768776,633768687,-0.009069272,0.0009656287,0.0018719569,-0.46560946,0.30407953,-0.053991646
633772528,633772437,0.001968354,0.0028907259,-0.0003217131,1.776481,0.6201728,-0.3836893
633776276,633776187,0.010809037,0.003962796,-0.00060581235,2.0223773,0.47093529,-0.11898265
633778770,633778687,0.011767363,0.0048303423,-0.00020397482,1.3310655,0.32274777,-0.019537035
633782526,633782437,0.0032460385,0.003591963,0.0014689828,-1.0231807,0.029153712,0.34804556
633786274,633786187,-0.0070100967,-0.001486703,0.003701471,-2.2340946,-0.6208832,0.45556942
633790070,633789980,-0.012913894,-0.0009690951,0.0018708326,-1.5312381,-0.07652668,-0.103949375
633793779,633793688,-0.0061846166,-0.003602165,0.00091514154,0.5280346,-0.32681647,-0.19450147
633796306,633796211,0.001523232,0.0020226971,-0.0035704868,1.7869614,0.76549655,-0.95167726
633800067,633799978,0.010371844,0.002132552,-0.0020878403,2.0307362,0.41885462,-0.05161085
633803778,633803687,0.01090276,0.002233645,-0.0017812871,0.49755648,0.18979324,0.000943969
633807525,633807437,-0.00078402576,-0.0016683504,0.00323301,-1.4698936,-0.4449256,0.9654628
633811306,633811215,-0.012631527,-0.003268849,0.0019528326,-2.6471279,-0.3870325,0.11889283
633813777,633813687,-0.013936045,-0.0036282714,-0.0006920021,-1.5852244,-0.29938263,-0.4132102
633817528,633817438,-0.0052849245,-0.0010294114,-0.0019686173,0.7402176,0.27691373,-0.5124373
633821277,633821188,0.006938769,-0.0003476577,-0.0058465498,2.0780375,0.2951617,-0.72587943
633825065,633824978,0.012230468,0.0015199651,-0.0018319358,1.6664087,0.251519,0.42764202
633828769,633828687,0.0047829663,-0.0019795457,0.00030135375,-0.7642797,-0.26521248,0.716696
633831269,633831187,-0.001174146,0.0014209255,0.0019175336,-1.3640915,0.4008599,0.64330953
633835070,633834980,-0.011808128,-0.003987898,0.0014360565,-2.2368817,-0.47370413,0.0066462443
633838777,633838687,-0.007679254,0.0016827256,-0.0016475918,-0.30857852,0.65808433,-0.49415535
633842526,633842437,0.0019732735,2.9801813e-05,-0.00328178,1.6822505,0.15730174,-0.48934752
633846268,633846186,0.0073084175,0.0027916247,-0.003757976,1.2561829,0.34497708,-0.14666612
633848777,633848687,0.009339286,-0.00021481485,-0.0012906035,1.0621432,-0.35075936,0.3726105
633852525,633852437,0.0016296235,0.0026590826,0.0010179685,-1.0408779,0.43384063,0.5304789
633856299,633856210,-0.0033122057,-0.002107559,0.0027593935,-1.1783667,-0.613199,0.40190995
633860071,633859980,-0.0039451066,0.0037675172,0.0008732357,-0.12709573,0.67077285,-0.24170639
633863779,633863688,-0.0025567224,-0.00036949024,0.00026572222,0.23982997,-0.33157405,-0.13987954
633866271,633866188,0.00152795,0.0042346693,-0.0009978972,0.85747236,0.6715767,-0.32873654
633870070,633869979,0.002585145,0.0012770212,-6.456072e-05,0.34264487,-0.2254326,0.10512043
633873777,633873687,0.0034745461,0.0033528395,0.00052890525,0.18251419,0.3902372,0.05381244
633877526,633877437,0.0022657113,0.001465843,0.0022358533,0.30171168,-0.16745517,0.28381243
633881272,633881188,-0.0024461302,0.0020411538,0.0010213433,-0.70298463,0.09418412,-0.0015003941
633883778,633883687,-0.0010431423,0.0010989327,0.0012296718,-0.07261502,-0.18936771,0.059107568
633887527,633887437,-0.0030750032,0.0007723004,0.0008975,-0.5825406,0.053013638,-0.08921719
633891278,633891188,-0.0013462775,-0.0012208504,0.001315956,0.23880304,-0.41338468,0.045664378
633895065,633894977,-0.0029414236,0.0013821974,-0.0012833186,-0.18924293,0.3444452,-0.5630241
633898776,633898687,0.0024029524,-0.00084180495,-0.0012445266,0.7449812,-0.2469146,-0.05600367
633901301,633901211,0.004743394,-8.45381e-05,-0.0015935637,0.852433,0.052459672,-0.1781121
633905072,633904980,0.0034473108,-0.001664098,-0.0011212076,0.024011627,-0.3337885,0.2545186
633908777,633908687,0.0017625553,-0.0024912711,0.002547534,-0.3695332,-0.27130157,0.4428831
633912519,633912437,-0.0071981656,-0.0023425713,0.0025004405,-1.3891138,-0.20071411,0.25692624
633916292,633916210,-0.006686813,-0.0022705682,-0.0006228298,-0.6448611,0.09933406,-0.56391263
633918775,633918687,-0.004067184,-0.0008639867,-0.005754577,0.25895083,0.22685066,-1.1992828
633922526,633922437,0.0063073942,-0.0012302267,-0.0031701685,1.6544956,0.0997456,0.023104986
633926279,633926188,0.008556707,-0.0031068807,-0.003735435,1.0027438,-0.31430897,0.040530607
633930074,633929978,0.0034361794,-0.0019049825,0.0059460984,-0.32544005,0.19367899,1.4644198
633933778,633933687,-0.009595515,-0.0026902154,0.0029127626,-2.4048107,-0.050856687,0.147747
633936278,633936187,-0.0083484575,0.00017763842,0.003912473,-0.97433114,0.45838642,0.21397881
633940068,633939979,-0.008860772,-4.650785e-05,-0.0050473586,-0.6248326,0.07174885,-1.4128458
633943778,633943687,0.0063922205,0.000599661,-0.0043510874,2.240874,0.13297667,-0.33335406
633947521,633947438,0.0061989776,-0.001286589,-0.0025557468,0.91438735,-0.18537363,0.118051775
633951278,633951187,0.0049550124,0.00061635254,0.006069835,-0.21551321,0.29467452,1.4979467
633953780,633953688,-0.00066953385,0.000251405,0.0070817014,-1.0442231,0.042932875,0.9084396
633957527,633957437,-0.008451506,0.0025593815,0.005215286,-1.6894711,0.45106685,0.12977548
633961301,633961211,-0.0051780944,-0.001183581,-0.0015950426,-0.07310728,-0.56695443,-1.0718782
633965079,633964980,-7.8373676e-05,0.0028454475,-0.0031886005,0.89232403,0.41047117,-0.6779647
633968777,633968687,0.007109111,-6.880692e-05,0.000449426,1.3490852,-0.18632837,0.435346
633971280,633971188,0.00677453,0.0041907234,0.0017045462,0.6892489,0.67583853,0.39684704
633975071,633974980,0.0053491,0.002682313,0.0036154867,-0.07428578,-0.05761981,0.61970687
633978769,633978687,-0.0024031708,0.0024405976,-0.00024494634,-1.1751108,-0.07086811,-0.5551947
633982527,633982437,-0.004839616,-0.0021632467,0.0005102006,-0.7840453,-0.76986235,0.098886035
633986278,633986187,-0.005745899,-0.0016608583,-0.0033612228,-0.34797943,-0.16391419,-0.6229687
633988776,633988687,0.0004428121,5.6516583e-05,-0.0017985518,1.005037,0.17889835,0.009122717
633992529,633992438,0.0065759,0.004008226,-0.0014487223,1.2768167,0.74127537,-0.09211728
633996270,633996188,0.009584824,0.0025419665,-0.002733782,1.055295,-0.01110998,-0.13056572
634000068,633999980,0.0020195928,-7.2577066e-05,-0.001985453,-0.83380294,-0.4099973,-0.10131821
634003778,634003687,-0.0051681134,-0.0033560274,0.00029979905,-1.4459306,-0.63083947,0.57960135
634006301,634006210,-0.007892046,-0.004779093,0.0024827484,-1.2403249,-0.5943322,0.58543646
634010071,634009979,-0.0026953085,0.00046075677,0.0005876497,0.5185373,0.7095325,0.14122084
634013777,634013687,0.00443622,-0.0012159147,0.00028007227,1.3099461,-0.10199201,-0.29993433
634017540,634017451,0.008328912,-0.00051146396,-7.567811e-05,1.0762377,-0.098081954,0.043380484
634021303,634021213,0.00030995085,-0.00479199,-0.0010751584,-0.92153186,-0.5767316,-0.30188423
634023778,634023687,-0.0013341128,-0.0031970215,0.0015630033,-0.77247465,-0.045415837,0.40092203
634027526,634027437,-0.007897591,-0.0016959303,0.0035259486,-1.1627127,0.51013523,0.3706077
634031272,634031188,-0.0015597853,0.00091565336,0.0036372058,0.47910354,0.4286734,0.17192757
634035072,634034980,0.0010306844,0.00054966897,0.0023328497,0.8106163,0.07730363,-0.19901296
634038777,634038687,-0.00017242465,-0.0016932627,0.0005213079,-0.07439044,-0.2725389,-0.3157339
634041278,634041187,-0.00044644176,-0.0038837313,-0.0011866181,-0.03280165,-0.5593385,-0.4985167
634045067,634044978,-0.0059119174,-0.0016039971,-0.001159725,-1.0685693,0.21353322,-0.08315293
634048776,634048687,0.0005543853,-0.0009225139,-0.0011636417,0.6354338,0.050933223,-0.08744129
634052528,634052438,-0.0014858621,0.0040805833,0.0038234235,0.09858412,0.7073824,0.8466913
634056278,634056188,-0.002648969,-0.00040764024,0.0013244683,-0.28310442,-0.14072366,-0.14119935
634058777,634058687,-0.0042730654,0.0006467616,0.0029001758,-0.43042132,0.04056273,0.21813414
634062527,634062437,-0.0021388426,0.001049184,-0.0052704876,0.054293524,0.30485332,-1.3076442
634066292,634066210,0.0038045153,0.0016577472,-0.004189596,0.9809918,-0.0037604233,-0.3435578
634070066,634069978,0.004566335,0.004327256,-0.0012918517,0.6466952,0.4345868,0.57684106
634073778,634073687,-0.0017413171,-0.0024141695,0.0031592255,-0.8465286,-0.80103403,0.7858542
634076275,634076186,-0.0019776588,-0.0005337407,0.004226864,-0.46384642,-0.10519624,0.64739263
634080078,634079980,-0.0026301122,-0.0011905958,-3.3774144e-05,0.025372902,-0.057510532,-0.5929972
634083778,634083688,0.001565953,0.0011717335,-0.0034101375,0.48993692,0.2523718,-0.7457406
634087527,634087437,0.0109679,0.0029396247,-0.0023714725,1.5291318,0.5195124,-0.18812506
634091278,634091188,0.0033156876,0.0010873664,0.002044879,-0.55242634,-0.17675982,0.76070905
634093778,634093687,0.0037373556,0.0007948659,0.0026113987,-0.27918914,-0.14673832,0.43819577
634097517,634097437,-0.0050013196,0.00052707526,0.0012619549,-1.2496625,-0.16254391,0.1511897
634101282,634101188,-0.00013789904,-0.0021182462,-0.0028345783,-0.07057114,-0.38202164,-0.7047937
634105075,634104981,0.004317778,-0.0025200723,0.0012881302,0.7829559,-0.24469732,0.33129445
634108778,634108687,0.0039681727,-0.0017607317,0.0022172115,0.22083963,0.06762347,0.44100127
634111305,634111213,0.0033584305,0.00026356487,0.00096995145,0.06477168,0.35336328,-0.13593067
634115067,634114978,0.00014584177,-0.0009551133,-0.0017055692,-0.76370615,0.2009487,-0.30972573
634118776,634118687,0.0010372268,-0.0029846483,-0.0057031377,-0.04579087,-0.6755441,-0.8012773
634122525,634122437,-0.005102498,0.0017256059,0.00079930096,-1.136125,0.73087806,0.7006483
634126302,634126211,-0.0002555591,-0.0043657618,0.0032742592,0.38408425,-0.6373534,0.8009692
634128775,634128687,-0.007480592,0.0033077358,0.0022745482,-1.0855638,1.0924578,0.20658718
634132528,634132438,0.002546936,-0.0032550793,-0.00031819183,0.91936314,-0.56998515,-0.34125438
634136275,634136187,0.0063505755,-0.003449978,-0.0027234787,1.4643965,-0.6184752,-0.3524329
634140065,634139978,-0.0020643086,-0.000952702,-0.0011946722,-0.9122985,0.50423175,0.10083575
634143778,634143687,-0.003791344,-0.00088936836,0.0014092973,-0.7015728,0.23973754,0.31717476
634146268,634146187,-0.008808306,0.0052670497,0.0016952239,-1.2630765,1.2417738,0.27324077
634150073,634149980,-0.0052515403,-0.0003390379,0.00081090454,-0.053455744,-0.3071795,-0.10811298
634153780,634153688,0.0018039129,-0.0030472388,0.00301091,1.0128886,-0.757793,0.3342479
634157526,634157437,0.0043632663,0.0013405883,0.0019758411,1.0598286,0.6470607,0.14711876
634161270,634161188,-0.00075896416,0.0034719235,3.112927e-05,-0.4603426,0.57883805,-0.40364566
634163778,634163687,0.0031286268,0.0049035363,-6.358804e-05,0.47623435,0.58398217,-0.17273535
634167526,634167437,-0.0021982598,-0.0006919356,-0.002572991,-0.35586104,-0.8475776,-0.5179416
634171302,634171211,-0.0055158758,-0.0036393728,0.00062203285,-1.1276448,-0.86957085,0.2053199
634175071,634174980,0.0021546169,0.0014279122,0.0016767324,0.94372916,0.79894525,0.40976664
634178777,634178687,0.00089497736,0.0027130798,-0.00093188597,0.5167353,0.47731996,-0.3716597
634181270,634181188,0.006584905,0.009004154,-0.0012091501,1.1641576,1.3849175,-0.18331754
634185066,634184978,0.007110296,-0.0020090952,-0.0029919539,0.9840279,-1.2710813,-0.5111149
634188775,634188687,-0.0013577566,-0.0026925204,-0.0009117041,-1.1982745,-0.7286012,0.25355494
634192531,634192440,0.0009108521,0.0018057562,-0.0036871745,-0.5435043,0.9000304,-0.19111767
634196270,634196187,-0.00043015584,-0.00035388293,-0.0031624783,0.16025268,-0.074348934,-0.20457616
634198776,634198687,-0.0014964235,0.0038745056,0.00033920666,-0.35124934,0.5961734,0.62738556
634202527,634202437,0.0060114465,-0.0014508893,-0.00015155139,1.4662135,-0.40491804,-0.0049026185
634206278,634206187,0.0047587263,-0.0034625623,0.0018600931,0.4468453,-0.29436773,0.14582588
634210072,634209979,0.0061798096,-0.0009689378,-0.0009330657,0.082300596,0.17741734,-0.067154065
634213778,634213687,0.0028017652,0.0014605438,-0.002581864,-0.2561898,0.1913782,-0.34088087
634216301,634216211,-0.0017259205,-0.0006684074,0.0025828027,-1.1135294,-0.15628932,0.7878338
634220070,634219980,-0.004281879,-0.006747016,0.0030298226,-0.39053681,-1.2476416,0.3848371
634223777,634223687,-0.006317654,-0.0015092324,0.0016037659,-0.47280347,0.32450372,-0.2569598
634227517,634227436,0.0008044084,0.0028655801,0.002924544,0.47378016,1.2340814,0.27946576
634231295,634231211,0.00795342,-0.00148389,0.002050217,1.5786775,-0.28322262,0.06537149
634233778,634233687,-0.0031813306,0.0008207777,0.0047170417,-1.094425,0.11312478,0.46786505
634237527,634237437,-0.00084656914,0.00045367423,0.0013441131,-0.6074712,0.40653223,-0.2789358
634241278,634241188,0.00070889783,-0.0015822886,-0.003513874,0.35390705,-0.12698843,-0.94540495
634245076,634244979,-0.008234605,-0.00060683815,-0.0004167136,-1.1126455,-0.119851165,0.060545202
634248776,634248687,-0.0072005265,0.00015325041,0.003009012,-0.60721546,-0.05345496,0.72889495
634251277,634251188,-0.0082680145,-6.343525e-05,0.0014087094,-0.19639707,0.08496489,-0.0051547987
634255074,634254982,-0.0013318758,-0.0017535938,-0.0021464168,0.19165659,-0.47441334,-0.48610395
634258776,634258687,0.009039896,0.0020654895,-0.0051549287,1.7261834,0.38069993,-0.44942173
634262519,634262437,4.5475885e-05,0.0015853022,-0.0043996116,-0.2547288,0.19235356,-0.053725272
634266277,634266187,-0.007898817,0.0004621807,-0.0027378497,-1.7447021,-0.21801403,0.1143349
634268776,634268687,-0.0029717602,0.002687705,-0.0028471614,0.15614171,0.26693064,0.040381525
634272526,634272437,-0.0069328137,0.0008821226,-0.002827508,-1.0702178,0.0033836227,0.18577236
634276301,634276211,0.0043726796,0.0011094608,-0.0039248387,1.1615285,0.07929641,-0.19395278
634280078,634279980,0.0052401167,-0.00067331304,-0.00044353522,1.4470934,-0.28191304,0.23903967
634283777,634283687,-0.000990977,-0.00049350795,2.2583037e-05,-0.6278858,-0.63512665,0.29541868
634286278,634286188,0.011571209,0.002218482,-0.0036895236,1.8330795,0.40904096,-0.5388578
634290067,634289978,0.0020209728,-0.0045827487,0.0010494182,-0.29031268,-0.94779485,0.46373317
634293770,634293687,-0.0028460154,-0.0032790885,0.0038773078,-1.0588208,-0.749135,0.7622861
634297528,634297438,-0.0032087043,0.0044017057,0.0045649526,-0.7350374,0.8738231,0.40986565
634301278,634301188,0.0078050946,0.003542073,0.003137619,1.4303974,0.74225384,-0.0015185284
634303778,634303687,0.0028423525,-0.0038789012,0.0032467057,0.1093197,-0.9741784,-0.013561471
634307526,634307437,-0.001748366,-0.0020922835,0.002651314,-1.5165983,-0.5202069,-0.13848332
634311271,634311188,0.0035755816,0.0027099422,0.0044636866,0.03125321,0.933066,0.3268897
634315072,634314980,-0.0011910181,0.0008926937,0.003165495,-0.0969569,0.7542817,0.034147453
634318777,634318687,-0.0030351798,-0.00969179,0.0029023634,-0.45498705,-1.6042123,-0.09272442
634321302,634321212,-0.0008878207,0.0034608147,0.0041712294,0.15337248,1.3405819,0.10312858
634325073,634324982,-0.00044584385,0.0017095278,0.0017044477,0.25893068,1.1753546,-0.10359144
634328776,634328687,0.0008356715,-0.004124391,0.0006477876,0.1445345,-0.4593128,-0.2984129
634332526,634332437,0.00013055684,-0.0057011954,0.00048682836,-0.2114471,-1.2948915,-0.19521475
634336301,634336211,-0.0011595285,0.0016332071,-0.0018152364,-0.24751984,0.23518185,-0.73304766
634338776,634338687,-0.007376346,-0.0008189577,-0.0002551256,-1.281216,0.1149473,0.020708734
634342528,634342437,-0.0056470227,-0.0059320084,-0.0015162576,-0.7026652,-1.3231438,0.014887362
634346271,634346188,0.0041084946,-0.0040928256,-0.002878533,1.708158,-0.86800414,-0.5071167
634350067,634349978,0.0018182602,0.0027839486,-0.0019295672,1.153619,1.1416458,-0.3638655
634353778,634353687,-0.0032326416,0.0022271222,-0.0041351784,-0.47650537,0.8988436,-0.35034359
634356277,634356187,0.0022315485,-0.0002509167,-0.0030415067,0.4682173,-0.122899525,0.15356164
634360070,634359979,0.003379317,0.0026816984,-0.00548383,0.8778824,0.36175522,-0.54397845
634363778,634363687,0.002620442,0.0024888436,-0.00380493,0.63185084,0.4784172,-0.3182376
634367526,634367437,-0.004303904,-0.0027459336,-0.0023221713,-0.88652277,-0.8160415,0.11740859
634371278,634371188,-0.0072663412,-0.0032861652,0.0021825605,-1.5662441,-0.97538817,1.0342264
634373778,634373687,0.00031251815,0.002261299,0.0006419865,0.74510825,0.7965271,0.31910273
634377517,634377437,0.0022888288,-0.0067932364,-0.0010461356,1.0068818,-1.3445488,-0.3642535
634381294,634381211,-0.0013009624,-0.004060048,-0.0022302507,-0.443377,-1.247273,-0.43755412
634385070,634384980,-0.0024966472,0.004314069,0.004475748,-0.9421691,0.7351449,0.900561
634388777,634388687,0.0015644378,0.008893394,0.0070878095,-0.12380718,2.0882626,1.0524818
634391278,634391187,0.0008712688,-0.005859777,0.0034346706,0.05686195,-1.6090167,-0.08621442
634395073,634394978,-0.0038923798,-0.0028546196,0.0008514274,-0.9166944,-1.2692941,-0.7108064
634398776,634398687,-0.003135209,0.0037441947,0.0061764834,-0.45736098,0.80964816,0.5043231
634402527,634402437,0.0005550162,0.0032925874,0.0031219523,0.4921169,1.262129,-0.22603434
634406281,634406188,0.004990633,-0.0009985066,0.002338876,0.90769535,-0.04012671,-0.08484817
634408778,634408687,0.0023803553,0.0022205468,0.0012344865,-0.04070538,0.36757588,-0.21436964
634412520,634412437,1.35060545e-05,0.0005627069,0.0036498357,-0.44430822,0.1504876,0.3964326
634416274,634416187,0.0011473757,-0.0027620322,0.0012107601,0.2037817,-0.46684846,-0.4793665
634420069,634419979,-0.001348047,-0.0011723356,-0.0013835647,-0.051738393,-0.41423562,-0.76104414
634423778,634423687,-0.0020858617,0.0011545415,-0.0009356634,-0.45519605,0.116136104,-0.49280143
634426301,634426211,0.0033497454,-0.0025570896,0.0028313494,0.6997369,-0.19831692,0.6193936
634430078,634429980,0.0074908207,-0.0055557494,-0.0013629696,1.2655017,-1.0962532,-0.3224156
634433777,634433687,0.003852965,0.0008495312,-0.006946495,0.33454263,-0.2776425,-1.3378217
634437524,634437436,-0.004600098,0.0036340056,-0.0044537,-1.3546652,0.28723738,-0.6732098
634441303,634441211,-0.009070361,0.0029217459,-0.0020360046,-1.955725,0.5723067,-0.33154622
634443770,634443687,0.0042609447,-0.005724048,0.00056010694,1.3517022,-1.1265253,0.5648193
634447527,634447437,0.0016878105,-0.0035306762,-0.0055031125,0.91520953,-0.8823703,-0.59944713
634451278,634451187,0.0015645104,-0.0014391697,-0.0055164755,0.7058773,-0.50701594,-0.638964
634455067,634454978,5.220383e-05,0.0020878015,-0.004696184,-0.50877273,0.4841175,-0.76953435
634458776,634458687,-0.002806874,0.0019082332,-0.004083337,-1.6275735,0.42040253,-0.45217758
634461270,634461188,0.0032472673,0.0007652089,0.0012264661,0.5417331,0.029144412,0.9306489
634465066,634464978,-0.0049212105,-0.0011563036,0.0010716624,-0.5170683,-0.29892033,0.5455268
634468776,634468687,-0.006348851,-0.00214637,0.0008689402,-0.7295595,-0.0941422,-0.14975983
634472527,634472437,-0.008317825,-0.0017973857,0.0010175167,-1.744645,0.06008132,-0.3478507
634476268,634476187,-0.0018478229,-0.00428389,0.0034500198,-0.6032711,-0.91756344,-0.044420026
634478777,634478687,0.010422496,0.0029720813,0.008051753,2.1910663,0.8394913,0.9750908
634482525,634482437,0.008626737,0.0030010843,0.0045707175,1.1630576,1.1222496,0.23001106
634486301,634486211,-0.0011890791,0.0018296833,0.0020365426,-0.54575473,0.5638632,-0.43198487
634490073,634489982,-0.0053182966,-0.0036638563,0.0028083506,-0.5750931,-0.86715007,-0.39779472
634493774,634493688,-0.008055592,-0.008340262,0.00059977866,-0.97431976,-1.8322396,-0.97035056
634496275,634496188,0.00011258855,0.0020665901,0.004117723,0.42633975,0.91196775,0.25753948
634500068,634499979,0.0064472244,0.0023383633,-0.00041521015,1.9113874,1.0305763,-0.18861586
634503778,634503687,0.012673191,9.770613e-05,-0.0051747165,3.4035933,0.2565431,-0.9461169
634507527,634507437,0.009034084,-0.0027393166,-0.007867311,2.00772,-0.123287134,-1.1661952
634511272,634511188,-0.008457598,-0.0011704371,-0.007208978,-2.1656318,0.13524653,-1.0058341
634513777,634513687,-0.0039842534,0.0018050882,0.0027695962,-1.3933604,0.5021028,1.427061
634517528,634517438,0.0037698504,-0.0026264375,0.000401937,1.1943742,-0.63596094,1.0416178
634521278,634521187,0.012426156,-0.0017551,-0.0021866593,3.5065382,-0.18885277,0.6471897
634525067,634524979,0.010373198,-3.6683938e-05,-0.0040897964,3.1516664,0.16203631,0.2515373
634528776,634528687,0.008362413,-0.0039204024,-0.00939424,2.3233085,-0.8804011,-1.2745204
634531294,634531211,-0.004456781,0.0010974382,0.0025653564,-1.6845667,0.3953968,1.0512381
634535074,634534980,-0.0048566293,0.00428552,0.005339062,-2.1250546,1.3081542,1.3750734
634538777,634538687,-0.0015599346,0.005537721,0.008865452,-0.89881337,1.2617266,1.9493451
634542527,634542437,0.0033751563,0.00071036036,0.0065304358,0.6597133,0.41722485,1.5130025
634546292,634546210,0.0070281513,-0.0016566885,0.00084317755,1.6768522,-0.13518053,0.15630569
634548776,634548687,-0.006133211,0.0009651172,-0.006221388,-1.3591958,0.0740748,-1.5950569
634552527,634552437,-0.0042390963,-0.0014971888,-0.003911432,-1.7711316,-0.7074641,-0.910196
634556275,634556186,0.00037624332,-0.0001674818,0.0020814333,-1.0468017,-0.12696767,0.40050313
634560073,634559980,0.0032481595,0.0027306601,0.0025456848,0.16615209,0.60476124,0.5100408
634563780,634563688,0.00621042,0.0008665822,0.0018487405,1.2809179,-0.14092954,0.71674836
634566278,634566188,-0.0053226743,-0.0009673933,-0.005785808,-0.87652415,-0.34942037,-0.868092
634570070,634569980,-0.007916681,0.0018257303,-0.0049014105,-1.7678728,0.3979436,-0.9915594
634573778,634573687,-0.0050958972,0.0033118539,-0.005613096,-1.5190781,0.4637332,-1.2224324
634577518,634577437,-0.005244526,-0.00012763761,-0.0016569358,-1.812521,0.13211326,-0.32997224
634581273,634581188,-0.006529688,0.002564953,0.0026079908,-2.022955,1.0751389,0.57015157
634583778,634583687,0.0014502341,0.0014976938,0.0013632649,0.8014765,0.3494591,0.44431818
634587527,634587438,-0.0029786064,-0.0012147911,0.0008876915,0.016505234,-0.78347594,0.2982549
634591301,634591211,-0.0054231444,0.00058021705,0.0025592726,-0.5208049,0.01059564,0.31271264
634595074,634594978,-0.007760608,0.0040418296,0.0012938934,-1.1092904,0.9436481,-0.39474303
634598776,634598687,-0.0031834247,-0.0026584696,0.0014044407,-0.61083835,-0.40954992,-0.04954742
634601277,634601188,0.0042777974,-0.0058071134,0.005920709,1.485163,-0.7900319,1.0793605
634605071,634604980,0.0021165125,-0.002738136,0.0067165173,1.373282,-0.18403716,0.857682
634608780,634608687,0.005428528,-0.0023486274,0.00067561807,2.3538306,-0.4853177,-0.4317125
634612527,634612437,-0.00034821493,-0.0024042702,0.002459661,0.8724467,-0.47191307,0.09750783
634616276,634616187,0.0018280053,0.0009641321,-0.00019421609,1.0849674,0.10832627,-0.7765852
634618777,634618687,-0.006157958,0.0035259747,0.0012848983,-1.6092007,0.81235313,-0.5825663
634622525,634622437,-0.0066621704,0.0002183874,0.00085491594,-1.8769352,0.015833586,-0.23293173
634626270,634626188,-0.00093225105,-0.00023969717,0.004934355,-0.3155467,-0.2190487,0.59461755
634630077,634629980,0.0005987096,0.00038760132,-0.0006949883,-0.1574586,-0.08810813,-0.54027
634633778,634633687,0.005165103,-0.0016806517,-0.0014300798,0.6994205,-0.48729116,-0.33269775
634636301,634636211,0.0065813176,0.0024417476,0.00047916794,1.4702139,0.36997223,0.25289384
634640070,634639979,0.009146626,-0.0011456152,0.00031865254,1.5717998,-0.6918079,0.21480453
634643778,634643687,0.00586805,-0.0015719153,-0.0029726424,0.7835627,-0.4195152,-0.20133646
634647527,634647437,0.00095838675,0.0006182382,0.00029334583,0.039053425,0.38178694,0.59721017
634651302,634651211,0.0029212083,0.0007515277,-0.0018267317,0.60124516,0.057436626,0.034146268
634653780,634653689,-0.0054052384,-0.001288265,-0.003769715,-2.368784,0.27220693,-0.43746406
634657526,634657437,-0.009564451,0.004669368,-0.002502146,-3.399569,1.3430916,-0.080279216
634661271,634661188,-0.001342125,0.001348618,-0.0008290551,-1.2866817,-0.15915297,-0.058295168
634665070,634664980,-0.0013580325,-0.009184427,-0.0024895512,-1.4602951,-1.9006662,-0.39457715
634668777,634668687,-0.003281289,-0.0056645884,0.0005553911,-1.3872955,-0.67099535,0.23373191
634671279,634671188,0.008001667,-0.0014984543,0.0015267406,2.091415,-0.2841076,0.13304412
634675068,634674979,0.0066712266,-0.008155583,-0.0015339665,1.2623817,-1.0968907,-0.56283045
634678776,634678687,-0.0074279085,0.0027811239,-0.00012039802,-1.3323785,1.4402778,-0.3585256
634682525,634682437,-0.0072675166,0.004013051,-0.0017406321,-1.0886589,0.82712054,-0.90612257
634686277,634686188,-0.012031065,-0.0045794086,-0.0029307327,-2.0866122,-0.79187006,-1.0294937
634688777,634688687,-0.014574996,0.0027562224,0.0040671052,-3.1945632,1.5791289,0.44013974
634692522,634692438,-0.0045865173,0.0036011396,0.001243615,-0.6269012,0.9064437,-0.1334776
634696292,634696210,-0.0037662764,-0.005266905,0.0016076798,-0.9739041,-0.6616833,-0.03639897
634700070,634699979,-0.006844164,-0.0028592185,-0.0024289999,-1.4837033,0.09886151,-0.7050264
634703778,634703687,-0.0040637855,-0.0025195242,0.00022675305,-0.96613383,-0.021277579,-0.24687442
634706280,634706188,0.014893011,-0.008487056,0.005310073,4.5714455,-1.4924743,1.0564234
634710070,634709980,0.009075757,-0.004096999,0.00652673,3.5912669,-0.07154833,1.3094089
634713777,634713687,0.010209048,0.002320153,0.0051838155,4.169301,0.45995766,0.7366302
634717527,634717437,0.0080334935,-0.0015440253,0.0036960419,3.0427194,-0.45657492,0.49592966
634721278,634721188,0.0058983644,0.0034528028,0.003730904,2.0572217,0.47168517,0.40540314
634723781,634723687,-0.0031170405,0.0029454627,0.005605853,-0.04648463,0.12750003,1.1442688
634727519,634727437,0.00030312545,-0.004415858,0.009602343,0.34982556,-1.1242397,1.798734
634731278,634731188,0.0007697025,0.0007458477,0.010810217,0.5071776,0.59982616,1.7762702
634735075,634734978,0.005014483,-0.0047920914,0.013637532,1.5146072,-0.76795596,2.469694
634738776,634738687,0.006693607,-0.0021010877,0.008044571,1.5236144,0.54835504,1.3009158
634741300,634741210,-0.005440197,0.008396041,-0.004961615,-1.2803345,2.6141546,-1.0748036
634745077,634744980,-0.0021756992,0.0024429036,-0.00044364616,-1.0050732,0.9604627,0.10771988
634748776,634748687,-0.0032137842,0.010493585,0.00043933594,-1.442098,2.7214496,0.4286829
634752529,634752438,-0.0016513297,0.013075789,0.004029285,-0.94758683,2.0734336,0.9460683
634756300,634756210,0.00238111,0.0016124074,-9.2754955e-05,-0.7029451,-0.52259654,0.1543707
634758769,634758687,0.002466018,0.0032275096,-0.005752724,-0.8989515,0.57077265,-0.8454196
634762527,634762437,0.0047585205,0.00482927,-0.0051016356,-0.30380604,1.0626,-0.22219077
634766277,634766188,-0.0005210319,0.00010090893,-0.0038263472,-1.4925437,0.42931673,0.19452788
634770072,634769980,-0.012786275,0.0034503418,0.00017738377,-3.2406626,1.2037503,0.77949923
634773778,634773687,-0.010090632,0.0030971242,0.0002794576,-2.0933888,0.3594147,0.40817505
634776271,634776188,0.0033938398,-0.0005081296,-0.0039709113,0.64208835,-0.18435007,-0.80891204
634780067,634779978,-0.0024253016,0.005844502,-0.008013723,-1.1453615,1.3430369,-1.632817
634783778,634783688,-0.002146025,0.002125581,-0.00813672,-1.9277817,0.26740342,-0.9611986
634787526,634787437,-0.01293725,-0.001188189,-0.0036574614,-4.476162,0.4588458,0.22922729
634791280,634791188,-0.011376225,-0.0018894668,-0.00048922293,-2.8080373,-0.16317765,0.8745951
634793778,634793688,-0.0148640005,-0.0003865014,-0.0024541146,-3.4889262,0.6634638,0.089220464
634797528,634797438,-0.025307698,0.0013736258,-0.003767709,-4.4394383,1.4902332,-0.72473043
634801301,634801211,-0.007114948,-0.00046325935,-0.006176023,0.6899936,0.2610271,-0.7949474
634805071,634804980,0.0031339235,-0.011356412,-0.00562676,1.8320942,-1.8184673,-0.34743378
634808769,634808687,0.003912188,-0.004016135,-0.0021841584,1.3715917,-0.15639398,0.6859971
634811271,634811188,-0.0039030174,0.00021542585,-0.005126385,-0.97892225,0.4004679,-0.53804326
634815072,634814980,-0.007757491,-0.0029099172,-0.0010724845,-1.8452151,-0.37749472,-0.2388989
634818777,634818687,-0.013006377,0.00358579,0.004424137,-2.5236902,1.0725812,0.93221104
634822526,634822437,-0.017619897,-0.0010668647,0.012871396,-2.6140006,-0.31009772,2.7443845
634826270,634826187,-0.010866914,-0.008447469,0.0073489863,-0.2579405,-1.3808815,1.3126408
634828776,634828687,-0.01834339,0.0015881511,0.0014766657,-2.214638,1.1303163,0.7485244
634832527,634832437,-0.006484693,-0.0035608676,0.01699259,0.38668048,-0.4854941,3.449187
634836278,634836188,0.0074000275,-0.006110907,0.009046016,2.7615464,-1.0698394,0.8806719
634840042,634839953,0.0075166635,-0.0053573796,0.0051958314,1.4428757,-1.0905156,0.3343868
634843779,634843688,-0.0008364423,-0.004306146,-0.0010910791,-0.8824399,-0.70066756,-1.0390744
634846292,634846210,-0.00568538,-0.005008443,0.0023104006,-1.6647581,-0.7911746,0.4285353
634850071,634849980,-0.016498454,-0.0042678905,0.0038221185,-3.284763,-0.49349666,0.93205494
634853777,634853687,-0.009770737,0.0018384873,0.00015402568,-0.32389426,0.5438139,-0.20457242
634857527,634857437,0.010940296,0.00031095222,-0.0077292533,3.982701,-0.20098326,-1.6779214
634861294,634861211,0.015641231,0.0056745904,-0.0055908253,3.3678327,1.0397403,-1.1065125
634863778,634863688,0.014197336,-0.0011222842,-0.002008501,2.8088157,-1.0492173,-0.48229465
634867526,634867437,0.019930335,-0.0053272834,-0.0052328943,2.6452308,-1.3026183,-0.92725897
634871279,634871188,0.008045712,0.008560358,0.0024822708,-0.297529,2.5196836,0.4197675
634875071,634874980,-0.0014106103,0.0008451208,0.0028977385,-1.5431132,0.19879656,0.03899658
634878777,634878687,-0.0037307008,-0.0034400388,0.0024459271,-1.4073424,-0.39219794,0.016191883
634881279,634881188,0.00054038805,0.015806613,-0.0029586074,0.082086466,3.5440137,-1.3509128
634885068,634884978,-0.003627812,-0.0051791957,-0.003366397,-0.91936845,-2.1284354,-0.8235437
634888776,634888687,-0.002977812,-0.0016328201,0.0061135767,-0.7497926,-0.37367678,1.3113292
634892520,634892438,0.0040236954,0.0012797834,0.012371526,0.25990072,-0.3863273,2.3868701
634896273,634896188,0.010975317,-0.004866485,0.0052240626,1.4726859,-0.78736794,0.13756771
634898776,634898687,0.0038693668,-0.00096090516,0.0009490614,0.29696563,-0.024346493,-0.15030384
634902528,634902438,0.011927005,-0.0021846294,-0.0015775342,2.1553776,-0.779494,-0.008373055
634906302,634906210,-0.010217921,0.0035999285,-0.005316693,-2.083293,1.2767097,-0.92926794
634910078,634909980,-0.016868955,0.005395789,-0.006882029,-2.2971625,0.7797519,-0.76177853
634913778,634913687,-0.008603233,-0.004033628,0.0018389227,-0.1182408,-1.3770766,0.81273085
634916278,634916188,-0.010764404,0.003988571,0.001728233,-1.282297,0.42712274,0.06467814
634920073,634919980,0.0050267684,-0.007311814,-0.005819533,1.0664126,-2.3355834,-1.4325007
634923778,634923687,0.009031503,-0.0006087328,-0.0065308716,0.48566684,0.3247393,-1.1896787
634927526,634927437,0.011040166,0.000665362,-0.018115455,0.92476517,0.6152064,-1.9403898
634931278,634931188,-0.0046396125,-0.02106834,-0.038417052,-1.0929801,-2.9767523,-3.6102526
634933777,634933687,-0.023587393,-0.019812567,-0.047378533,-3.1872568,-1.4595635,-3.4818637
634937528,634937438,-0.022965433,-0.034964956,-0.046991006,-0.52002794,-3.2374718,-1.0307708
634941281,634941188,-0.036421124,-0.029905122,-0.06647527,-1.7918591,-0.7100421,-3.3264797
634945074,634944978,-0.022399642,-0.031989016,-0.071453884,1.6023214,-0.6270647,-2.0212202
634948777,634948687,-0.025263019,-0.025488663,-0.056622922,-0.6814191,1.6645801,0.7539877
634951301,634951211,-0.007208408,-0.016639642,-0.038701594,2.676793,2.8127666,2.8708606
634955071,634954980,-0.022328436,-0.01866357,-0.026410287,-2.2594762,1.1627814,2.360167
634958769,634958687,-0.014697597,-0.009420421,8.244799e-05,-0.27001137,2.4331079,5.323255
634962530,634962437,-0.019452801,-0.026607074,0.0062968154,-1.2156532,-2.9822252,3.1937423
634966299,634966210,-0.025552183,-0.016133446,0.017812854,-1.7145935,0.7941197,3.0781243
634968777,634968687,-0.029336596,-0.005099461,0.03593723,-0.4193727,2.063405,5.4420123
634972526,634972437,-0.01452225,-0.0029184348,0.06000639,2.2165358,1.209301,6.129409
634976270,634976187,-0.005399052,0.019801905,0.060486306,3.4419577,4.8205466,2.1842055
634980070,634979980,-0.011301835,0.012198318,0.0675179,0.18532477,0.37297148,1.8643196
634983778,634983687,0.016279504,0.010076913,0.051137257,3.4000134,0.5486332,-1.5587535
634986278,634986188,0.008166913,0.01806363,0.046005152,0.49893218,0.8695915,-1.3096569
634990067,634989978,0.019977452,-0.012519969,0.04475778,1.2288015,-3.86116,-0.7334038
634993778,634993687,0.0075140838,0.012994539,0.029730039,-0.6056692,2.1013117,-2.5294125
634997526,634997437,-0.010411207,-0.0100182975,0.023993993,-3.6617103,-2.598845,-2.0703883
635001282,635001188,-0.019357318,0.019209024,0.004654527,-2.9614365,4.3745985,-3.7378204
635003778,635003688,-0.011523196,0.012739578,0.008048077,-0.36686558,1.1516355,-1.500225
635007527,635007437,-0.002174284,0.0076493043,0.004879426,1.0290489,0.8062953,-1.5684543
635011294,635011211,0.015773375,0.014841782,0.026597898,3.1188955,0.7078996,3.1524973
635015072,635014980,0.037111904,-0.010255969,0.026406989,4.4065194,-3.5471373,0.9145531
635018776,635018687,0.032452844,0.02183436,0.027265072,1.1589869,3.6781971,0.4574739
635021278,635021188,0.027776748,0.0033883445,0.02447705,0.17587104,-0.87913674,-0.6298219
635025073,635024980,0.013423841,0.008858737,0.014300368,-2.1466966,1.3728113,-1.920975
635028777,635028687,-0.015105463,0.008899299,0.018665744,-5.459214,-0.3275782,-0.2245796
635032526,635032437,-0.0077510756,-0.0017221835,0.012656147,-0.9712217,-0.83140695,-1.030376
635036278,635036188,0.000949578,0.014892607,0.0024864243,1.100289,1.5239035,-2.1683848
635038776,635038687,0.010847162,-0.0052252538,-0.0063478304,2.7887561,-2.9344,-3.412831
635042519,635042437,0.023998637,0.009640033,-0.021334555,3.1692624,1.6667778,-3.8028896
635046270,635046188,0.022923939,0.0062033106,-0.0081533585,1.0420755,-1.131604,0.31804973
635050068,635049979,0.028023692,0.010095438,-0.022401558,1.1566881,1.2174609,-1.7914124
635053778,635053687,0.004455465,0.00905431,-0.020997075,-3.5307019,-0.72496474,-0.8735408
635056300,635056210,-0.00016900268,-0.0041571665,-0.03068686,-2.7875543,-2.901426,-2.4515834
635060077,635059980,-0.016583709,0.01547791,-0.021228451,-3.9517934,1.6481607,0.919117
635063777,635063687,-0.015652,0.0018272302,-0.012890884,-1.6337062,-1.1943085,1.5140676
635067527,635067438,-0.0013727484,0.023604104,-0.0043356474,2.0075815,3.1431904,2.3411598
635071301,635071210,0.0022638582,0.0001265347,-0.010039526,1.4936299,-3.0873532,-0.55349004
635073778,635073687,0.008063109,0.0062480713,-0.022265553,1.4607598,-0.62752944,-2.3948195
635077528,635077437,-0.0030351363,0.016580585,-0.019248167,-1.6779902,0.3774741,-0.5390675
635081277,635081188,-0.006966903,-0.008872907,-0.023629399,-1.7581147,-3.0685778,-0.97145385
635085071,635084980,-0.01814412,0.0039200885,-0.011013815,-2.412505,0.1964609,2.106417
635088777,635088687,-0.033841223,-0.009393315,-0.023268959,-3.585969,-1.6883789,-1.5485677
635091283,635091191,-0.028366644,-0.0024788768,-0.025377953,-1.4602869,0.67672044,-1.4670844
635095077,635094979,-0.01535839,-0.0020760838,-0.013915183,1.5020388,0.22648025,0.86566347
635098777,635098687,-0.0018365434,-0.005869237,-0.011503059,3.2466362,-0.47927335,1.29262
635102528,635102438,0.0032168818,0.0020058139,-0.0010526201,1.8326153,0.8987191,2.0160806
635106281,635106188,-0.00037662502,4.444286e-06,0.0076683126,0.11943672,0.12926415,2.393726
635108769,635108687,0.00226344,-0.0013374963,0.014770151,0.9050002,0.28452644,2.855591
635112528,635112438,-0.0067153974,-0.015572402,0.00019359583,-1.6481961,-2.0879111,-1.4990408
635116299,635116210,-0.005239013,-0.01637841,0.014566097,0.015417398,-1.2630533,1.8666292
635120070,635119979,-0.012148297,-0.0032895037,-0.0018324385,-1.6447191,2.045853,-2.1409764
635123778,635123687,-0.004679138,-0.015099074,0.019018637,0.25494793,-1.7286265,2.3120341
635126270,635126188,0.0032100922,-0.004580916,0.009134251,2.4523504,0.5544922,0.07280248
635130070,635129980,-0.0133092245,-0.0027424132,-0.007922683,-1.8046117,-0.19709997,-2.311009
635133778,635133687,0.00229169,-0.0032742168,-0.009658538,2.258497,0.68351644,-1.9322522
635137526,635137437,-0.017182449,0.009999256,-0.012648209,-3.007016,1.2861607,-0.5444981
635141271,635141188,-0.0059373816,0.0021338647,0.011086935,0.79492116,0.064996526,3.4471738
635143778,635143687,-0.01665732,0.025371214,0.0027793897,-0.94448006,4.5371547,0.7509395
635147526,635147437,-0.013701516,-0.0075587602,0.011786353,-0.10815547,-4.2213874,2.1155357
635151278,635151188,-0.017324256,0.023949295,-0.007970741,-0.8230029,4.3510456,-2.7558672
635155067,635154977,-0.015676739,-0.017077636,0.0075131287,-0.15249138,-6.2338147,2.3854527
635158771,635158687,-0.016257392,0.00930919,0.016872102,-0.38955492,3.0752478,2.0500617
635161294,635161211,-0.018818956,0.0047775717,0.021732938,-0.23675996,0.91086394,1.9162571
635165069,635164978,0.0005305959,-0.037915118,0.049382433,1.493471,-5.130265,4.725313
635168777,635168687,-0.007542344,-0.006575288,0.032413185,0.7950874,1.5325835,-0.34950104
635172527,635172437,0.014792543,-0.04418299,0.030150436,2.8008642,-4.418308,-0.6398882
635176299,635176210,-0.00541042,-0.009998955,0.015885543,-2.2672424,2.9986935,-2.8748631
635178777,635178687,0.010753098,-0.029310169,0.011468016,1.3290541,-1.592318,-1.8800337
635182526,635182437,0.0038827602,-0.027439198,0.030660648,-1.8973819,0.9101809,1.4924371
635186278,635186188,0.024034215,-0.012177242,0.01564644,4.2952266,1.7992833,-1.3161765
635190073,635189980,0.011317362,-0.009220023,0.032318804,-2.0470078,2.3883183,1.5047339
635193778,635193687,0.02503159,-0.00019478622,0.0054726913,1.8543446,1.2668933,-4.088046
635196273,635196188,0.03379523,-0.0035865607,0.0035336819,3.2714446,0.72673666,-1.9949676
635200067,635199978,-0.0036588223,-0.00235088,-0.0342867,-5.370174,-0.07531493,-8.180599
635203777,635203687,-0.00047963051,0.003228683,-0.017758064,-1.4682814,1.5748272,0.4597402
635207519,635207437,-0.038856845,-0.0010262614,0.002566491,-6.82428,-0.74593025,2.7944412
635211272,635211189,-0.033087317,0.004319145,0.009359767,-1.8294882,0.9017846,1.6284319
635213777,635213687,-0.038972307,0.0077499608,0.014286594,-1.0589676,1.0393622,2.134294
635217560,635217471,-0.051766556,-0.006770898,-0.039797015,-2.6306796,-1.975344,-8.439202
635221300,635221210,-0.048403244,-0.010047548,-0.05433715,-1.1365446,-1.2426944,-5.209869
635225071,635224979,-0.08058904,-0.028271744,-0.09128509,-5.905263,-3.7014928,-8.704835
635228777,635228687,-0.09799264,-0.022483405,-0.0561548,-5.8537726,-0.28326082,3.2549548
635231278,635231188,-0.10314012,-0.024814405,-0.02410559,-3.9665413,-0.07404547,7.2567983
635235071,635234980,-0.111195385,-0.02552471,-0.012828409,-3.475628,-0.45003688,5.3302693
635238777,635238687,-0.11243919,0.000111574336,-0.01371184,-1.3185747,4.1025763,0.8340943
635242526,635242437,-0.118389614,-0.017226292,-0.03908367,-2.0197685,-0.98866653,-3.1088743
635246271,635246188,-0.109378204,-0.011081244,-0.048757717,-0.11104906,0.48601297,-3.8047595
635248776,635248687,-0.12016776,-0.0047862893,-0.056974057,-1.523634,1.8744378,-3.335128
635252526,635252437,-0.14165542,-0.008860843,-0.032207616,-5.1427007,-0.13035509,2.3229873
635256279,635256188,-0.14875615,-0.009824853,0.005352174,-2.4041662,0.061568085,7.319918
635260075,635259979,-0.20194271,-0.02587145,-0.0044560996,-9.464395,-2.9598532,0.65156233
635263778,635263687,-0.19108367,0.0007176664,0.0014202719,-2.8762167,4.050646,0.5697514
635266299,635266210,-0.21151945,-0.0018109963,-0.020858845,-4.5493736,1.8237062,-3.4255934
635270070,635269979,-0.2093524,-0.016901053,-0.030884296,-2.9292908,-0.2973463,-2.4243305
635273778,635273687,-0.21752377,-0.001572398,-0.041461777,-1.8651366,0.732519,-2.3980622
635277527,635277438,-0.20685895,-0.02476728,-0.022963697,0.23685761,-2.2816975,2.7493355
635281301,635281211,-0.21402071,0.0075074043,-0.0191315,-1.0178307,3.227856,1.1469853
635283778,635283688,-0.2279194,-0.008183358,-0.022831414,-3.2251058,0.09882757,-0.27098164
635287526,635287437,-0.20026754,-0.0065876585,-0.020300357,2.9615712,0.030101212,-0.10385295
635291271,635291188,-0.20901932,-0.018777594,-0.03862638,0.62092656,-2.3682296,-2.5035563
635295087,635294984,-0.18776143,0.001424934,-0.023610186,3.1316087,2.2544358,1.24363
635298777,635298687,-0.1731006,-0.020813193,-0.012413312,3.624756,-3.452742,2.4314916
635301282,635301188,-0.16505003,-0.01922721,0.005337293,3.4205606,-1.8362199,5.2215953
635305067,635304978,-0.16430125,-0.008775225,0.008608176,1.0223758,0.17876996,1.6661538
635308776,635308687,-0.14261378,-0.042931125,0.00998028,4.4174,-5.147821,1.4008741
635312527,635312437,-0.1462926,-0.016149366,-0.01454471,0.6375406,1.5215005,-4.0091424
635316279,635316188,-0.120236896,-0.058387518,-0.016062155,4.0701084,-6.2368336,-1.0485424
635318777,635318687,-0.12002778,-0.042231474,-0.004853121,2.9187288,-0.6655086,1.723294
635322529,635322438,-0.09984978,-0.058279075,-0.0072511607,4.7832146,-3.2743788,0.15049843
635326292,635326210,-0.094389625,-0.024854755,0.008348448,3.6270509,4.6715837,2.4198275
635330070,635329980,-0.06772976,-0.052417208,0.004082965,6.058749,-3.36902,-0.042270906
635333778,635333687,-0.059159476,-0.020346936,0.0029519135,3.8862693,4.696622,0.069227755
635336278,635336188,-0.05466493,-0.015961917,0.0040517473,2.7206032,3.7077067,-0.1262499
635340071,635339980,-0.03833437,-0.026503175,0.013791897,3.1435468,0.8904787,2.138365
635343779,635343688,-0.036766097,0.014927092,0.039382014,1.911879,6.3115187,4.900636
635347526,635347437,-0.02456218,0.0061218664,0.051851533,1.880354,1.7147411,3.9289162
635351278,635351188,-0.016693937,0.03505337,0.0709815,2.6569839,4.4562225,4.395987
635353778,635353687,-0.01563061,0.024321314,0.06806128,1.2934785,0.81383467,2.0876627
635357519,635357437,-0.021201815,0.06791972,0.07024296,-0.20946969,7.9780474,1.5499916
635361279,635361188,-0.020268477,0.052507956,0.06803528,0.16950119,0.18851966,-0.102497205
635365074,635364984,-0.029176842,0.07799916,0.07485749,-1.7109311,5.1840177,1.6259825
635368776,635368687,-0.015578996,0.06265043,0.082737155,1.4565699,-1.2291917,1.7240237
635371300,635371211,-0.02946383,0.06865467,0.08532102,-1.8367635,0.7780152,1.334819
635375077,635374980,-0.01844833,0.08074724,0.09967068,1.0991396,0.99297553,2.7685766
635378777,635378687,-0.024307942,0.072259106,0.09188484,-0.56278205,0.18481427,-0.03555266
635382527,635382438,-0.007506681,0.0924692,0.081788205,2.7194252,2.3878021,-1.4062719
635386299,635386210,0.009061686,0.065885544,0.079492554,3.9830995,-2.1796339,-0.508126
635388778,635388688,0.021250086,0.090835124,0.08146862,5.5799007,3.1398697,0.64430326
635392527,635392437,0.026427625,0.07320235,0.09409782,2.773003,-2.3602774,2.1574395
635396278,635396188,0.054701608,0.08470943,0.103018686,6.550402,1.1428701,2.1660578
635400071,635399980,0.0764587,0.07411728,0.116229445,5.931421,-1.7141273,2.7686954
635403782,635403688,0.095070936,0.07555852,0.10940796,6.138455,0.23787571,-0.04794164
635406281,635406188,0.11751525,0.075067416,0.10736575,8.193935,-0.85891986,-0.15911603
635410078,635409979,0.11062412,0.06859464,0.10445674,1.3540002,-0.54454094,-0.9433758
635413777,635413687,0.1452064,0.08614393,0.113195404,6.5636115,2.2436204,1.6446823
635417526,635417437,0.13125512,0.06729183,0.120017976,-0.27408907,-2.2114596,1.020757
635421281,635421188,0.16840248,0.08118197,0.11868751,6.1412444,1.2971423,0.34576535
635423770,635423687,0.16828364,0.070015304,0.12533918,4.235281,-0.96269757,1.6450526
635427527,635427438,0.13398148,0.04676854,0.11522168,-3.8402913,-3.5954516,-1.5077568
635431301,635431211,0.14244954,0.043118156,0.11931702,-0.31867197,-2.7137823,0.6227291
635435069,635434979,0.087551594,0.024427429,0.09133454,-9.235859,-3.3561344,-5.124738
635438777,635438687,0.09594902,0.0010740499,0.099491864,-4.562181,-5.974002,-0.5743563
635441276,635441188,0.075134106,-0.014741596,0.098475665,-6.148603,-6.300749,-0.02158907
635445072,635444980,0.07194392,-0.010529592,0.07950501,-2.3789263,-1.6542007,-2.6930757
635448777,635448687,0.042104065,-0.009715191,0.08666181,-5.429806,-0.6254392,-0.34300625
635452526,635452437,0.044326838,-0.015826857,0.06324832,-1.7717866,-1.475566,-3.9163332
635456278,635456187,0.026750611,-0.026862979,0.0678867,-3.8439832,-2.894016,-0.6637859
635458777,635458687,0.009851961,-0.03169465,0.06093219,-5.965656,-1.9178033,-1.8545256
635462527,635462437,0.021873405,-0.022283522,0.04845777,-0.069949925,0.11185264,-1.7313656
635466278,635466188,-0.0063431915,-0.01779858,0.033471208,-5.7687254,1.7419889,-4.680737
635470067,635469978,-0.0046609947,0.003844673,0.023035686,-2.2333498,3.5297725,-2.3769329
635473770,635473687,0.0049286755,-0.009842393,0.030389268,1.4148234,-0.8377909,0.33514595
635476293,635476210,-0.021113493,0.01321394,0.015848437,-4.4620776,4.187054,-2.7374263
635480072,635479982,-0.010376548,0.01205464,0.02921871,-0.28288016,0.13430281,1.0921731
635483778,635483687,-0.022491565,0.007622099,0.009547018,-2.1725378,0.2749308,-2.7256937
635487528,635487438,-0.033576228,0.012336501,-0.007913868,-2.7897913,-0.17530361,-3.5739775
635491300,635491210,-0.06296559,-0.016899869,-0.019099528,-5.75845,-3.6495147,-3.6286287
635493778,635493687,-0.08473416,-0.0038940853,-0.02079516,-6.814761,-0.25845006,-1.8377599
635497528,635497437,-0.084501505,-0.03901215,-0.0074623693,-2.780305,-5.7532196,0.48370466
635501278,635501188,-0.10443133,-0.018056244,-0.007390021,-4.4747834,1.5065746,0.5682697
635505073,635504980,-0.0964498,-0.03884097,-0.011063365,-0.012708901,-3.3263173,-0.84656286
635508780,635508687,-0.099565476,-0.026758837,-0.020000542,-1.4807069,1.1632409,-1.6992303
635511273,635511190,-0.09825469,-0.03083531,-0.018424734,-0.30054805,0.03777336,-0.63386714
635515066,635514978,-0.08243818,-0.037791103,-0.013849121,2.2106197,-0.6103878,0.787159
635518776,635518687,-0.08221848,-0.020926036,-0.0019905113,0.7699473,2.493587,1.9789648
635522526,635522437,-0.07866872,-0.020343944,0.0067585246,0.46404406,0.9400532,2.619078
635526270,635526188,-0.05860753,-0.020988263,0.015337119,3.913733,0.36479494,2.116403
635528777,635528687,-0.054960813,-0.013034283,0.005253596,3.6516244,1.8151901,-0.6680886
635532528,635532438,-0.06403027,-0.0035917384,-0.008590649,0.2896275,1.8018079,-2.8533168
635536299,635536210,-0.050521646,-0.020051584,-0.028830102,2.6042302,-1.7503086,-4.2029495
635540073,635539982,-0.07322223,-0.0048938342,-0.0527806,-2.3225577,1.4852729,-5.492576
635543779,635543687,-0.08436171,-0.0252618,-0.058729485,-2.923241,-2.351185,-3.8020449
635546276,635546187,-0.08879832,-0.02770007,-0.075215735,-2.6064227,-1.4411083,-4.210579
635550072,635549980,-0.10377275,-0.06394621,-0.06300624,-3.4204876,-6.4067245,0.5354805
635553784,635553690,-0.11136085,-0.038691953,-0.06116297,-1.3808333,1.7496084,0.75172186
635557527,635557437,-0.12106593,-0.04144909,-0.05479588,-2.1820042,0.22274052,1.2145325
635561271,635561188,-0.11444863,-0.007469901,-0.06822911,-0.09658298,5.928798,-2.1143677
635563778,635563688,-0.10990899,-0.011983171,-0.06594481,-0.123840794,2.2456722,-0.5477791
635567526,635567437,-0.08833605,-0.018934313,-0.049067535,4.055768,0.350158,2.0640738
635571277,635571187,-0.10436456,-0.009609384,-0.036007725,-1.0855559,1.214105,3.447293
635575079,635574979,-0.084127694,0.004522045,0.011033497,2.3191817,3.0689123,8.305048
635578777,635578687,-0.08223549,0.017682243,-0.0035481444,1.9947101,2.9985745,1.637278
635581301,635581211,-0.092659846,0.005386368,0.010140144,-1.0787725,-0.9556857,2.6737278
635585070,635584980,-0.08399491,0.0239516,0.004318274,0.86413974,3.5481753,-0.2737519
635588777,635588687,-0.07314109,0.021783696,0.023988206,2.0412788,-0.019170353,3.5820365
635592526,635592437,-0.084303744,0.01715751,0.016692115,-1.4178588,-0.093504585,-0.6604487
635596303,635596211,-0.08689777,-0.0010778352,0.021773793,-0.4153476,-4.0698195,1.0504565
635598776,635598687,-0.08458605,-0.016004186,0.018805262,0.0815435,-4.043963,0.15293507
635602527,635602437,-0.08666421,-0.019662565,-0.012798816,0.2994981,-2.9602559,-4.9131374
635606272,635606188,-0.06955324,-0.025621854,-0.005436066,2.852381,-1.5864601,-0.8462265
635610074,635609978,-0.069872476,-0.014640783,-0.018462898,1.445192,0.521375,-2.2420983
635613777,635613686,-0.039501343,-0.030177403,0.016880501,5.7875037,-2.4523766,5.201815
635616275,635616187,-0.037166595,-0.014149631,0.021117635,3.773185,0.9562615,3.570749
635620070,635619980,-0.01831049,-0.006720202,0.015673194,4.83627,1.4987088,1.2892162
635623770,635623687,0.00417572,-0.005995804,0.02957721,5.368691,1.3238938,2.5459082
635627526,635627437,0.023368387,0.014894579,0.012710347,5.4526453,3.6571746,-1.1555642
635631278,635631188,0.04438289,0.029778484,0.034250587,5.567184,4.146727,2.6395745
635633778,635633687,0.04379208,0.04399375,0.024798464,2.66256,5.1387205,-0.2937349
635637526,635637437,0.056836154,0.030808436,0.044928845,3.505122,-0.113136366,3.6982749
635641306,635641212,0.05620602,0.057655938,0.043140862,0.798666,4.4673786,0.4253054
635645073,635644982,0.06694116,0.04584318,0.038184047,2.447005,-0.09890835,-0.07352522
635648777,635648687,0.060567893,0.06388555,0.023114262,-0.99146926,2.986442,-3.3200905
635651277,635651188,0.04043227,0.058117967,-0.0017542563,-4.167613,0.49489838,-6.002268
635655067,635654978,0.034427825,0.02714107,-0.006100455,-2.6485734,-4.4438477,-3.131834
635658776,635658687,0.020404888,0.038169336,-0.03554419,-3.5086317,-0.16908534,-5.9570904
635662529,635662439,0.03429251,0.016436556,-0.0053031966,0.92604774,-3.3192186,2.7645426
635666278,635666188,0.0011384584,0.014822469,-0.02174584,-4.3446856,-2.3490045,-1.5291663
635668777,635668687,0.007862785,-0.018690055,-0.019925525,-0.93631184,-7.8940363,-0.31143424
635672519,635672437,-0.014618931,-0.025897497,-0.050826933,-4.139975,-3.7843907,-5.58345
635676267,635676187,-0.044298798,-0.052643638,-0.061246663,-6.284136,-6.225734,-3.88468
635680071,635679978,-0.056737103,-0.058483478,-0.0525079,-5.5079203,-1.9561154,-0.37902394
635683778,635683687,-0.086738385,-0.05625764,-0.022013953,-5.895458,-1.3856754,6.014134
635686301,635686211,-0.07200967,-0.054379027,0.026611004,-0.19579436,0.5877533,11.696547
635690070,635689980,-0.09983872,-0.043562006,0.063589536,-4.69249,1.1572226,10.401459
635693778,635693687,-0.119931795,-0.05432057,0.07566027,-5.4551992,-1.31834,5.8016515
635697525,635697437,-0.13083614,-0.034655668,0.06097386,-4.238551,2.6617427,0.12513474
635701303,635701212,-0.1745916,-0.05140212,0.075686045,-8.91491,-1.6321667,2.1445575
635703778,635703687,-0.18198958,-0.04190282,0.09297041,-6.711835,0.9151295,3.919936
635707531,635707437,-0.21553458,-0.037049323,0.1391901,-8.136282,0.58800596,9.486823
635711270,635711188,-0.22919354,-0.030185869,0.16995947,-6.0251994,2.1272085,7.79838
635715066,635714978,-0.24917077,-0.032738473,0.16455269,-5.10344,-0.7300556,2.560605
635718777,635718687,-0.26886293,-0.060642496,0.1228519,-5.1816874,-4.640905,-6.157195
635721277,635721187,-0.2795685,-0.06287885,0.104083225,-4.188775,-2.9029849,-5.9124174
635725077,635724980,-0.29339418,-0.09486648,0.10597981,-3.264039,-6.9840703,-1.9571515
635728776,635728687,-0.2874862,-0.10409837,0.09752226,-0.41948736,-3.0232685,-2.403431
635732527,635732437,-0.2814921,-0.11412581,0.110608704,0.81575453,-3.960577,1.1039813
635736276,635736187,-0.26356417,-0.1283721,0.10319421,2.9193075,-3.263198,-0.5961184
635738776,635738687,-0.24599895,-0.12745272,0.09572086,4.256855,-1.572997,-1.1268331
635742526,635742437,-0.20461862,-0.1460684,0.08286268,8.925758,-3.6074777,-2.3522873
635746301,635746211,-0.1843515,-0.12809604,0.06638914,6.601231,1.6144488,-3.2817283
635750070,635749980,-0.12955144,-0.14212148,0.10282713,11.204818,-1.7211865,4.680513
635753779,635753687,-0.102914,-0.1203127,0.1130853,9.035674,3.167761,3.3065114
635756271,635756188,-0.075319074,-0.10898388,0.11848412,9.198124,3.75979,3.1772687
635760066,635759978,-0.028882133,-0.111991376,0.11774678,11.024071,1.1108992,0.51096934
635763778,635763687,-0.02759878,-0.10886474,0.10297234,4.4768424,0.9249969,-1.7231153
635767529,635767437,0.0016729018,-0.11663306,0.104861036,5.858264,-0.92267823,-0.5940847
635771278,635771188,0.00034105885,-0.11551143,0.086313255,2.8786104,0.0027092844,-2.652361
635773779,635773688,0.0056727896,-0.10956103,0.10403593,1.8995652,0.825953,1.6716386
635777526,635777437,0.005140505,-0.11283547,0.09665577,0.13094755,-0.19787654,-1.1644211
635781277,635781188,0.01974796,-0.10637157,0.10158098,2.555052,1.1680235,0.3673485
635785071,635784980,0.016879352,-0.1190259,0.086275525,0.7017993,-1.5181657,-2.4678824
635788777,635788687,0.03621256,-0.08592198,0.083942965,3.8216457,5.0612974,-1.1866909
635791304,635791212,0.03049909,-0.08261424,0.08620754,1.77306,3.268793,-0.8349802
635795071,635794979,0.024375742,-0.0807471,0.09972713,0.050554708,2.244978,2.0683353
635798777,635798687,0.036402386,-0.063320145,0.1279809,1.6591604,3.5874324,4.9296865
635802534,635802437,0.048835564,-0.05451176,0.13834102,2.9041648,3.1981401,4.0402102
635806304,635806211,0.053111073,-0.010636863,0.12575115,1.6750613,8.014642,-0.9428821
635808778,635808687,0.06489836,-0.015169449,0.12259208,3.5634189,4.0112553,-1.0709525
635812528,635812437,0.06224684,0.0066576037,0.13560358,0.96041447,5.566404,1.401941
635816277,635816188,0.06316417,0.026073286,0.14785178,-0.054454032,4.8794575,2.6089613
635820066,635819978,0.05686837,0.040295884,0.16977644,-0.7692519,4.6533375,4.2870507
635823778,635823687,0.044292644,0.06665926,0.15754463,-2.1015038,5.8058133,-0.052665602
635826268,635826187,0.046232007,0.06550649,0.16282077,-0.80861396,3.1345265,0.96348935
635830070,635829979,0.05145414,0.08105544,0.14584915,0.4732116,4.3267207,-3.0570064
635833778,635833687,0.05479971,0.09756263,0.15565743,0.8585716,3.60588,0.9944011
635837527,635837437,0.054521482,0.11946996,0.15632977,0.34425712,5.642422,0.15428925
635841271,635841188,0.061839815,0.13219297,0.15764543,1.9514683,3.8321567,0.6332029
635843779,635843688,0.08599821,0.120354295,0.16762976,5.474993,0.1704011,2.7256975
635847525,635847437,0.053746715,0.16112173,0.13375816,-3.842239,6.8784223,-5.13501
635851303,635851212,0.07315998,0.1325519,0.15076362,0.7370354,-2.6916704,0.42359415
635855071,635854980,0.04646221,0.14182685,0.14181797,-3.4091525,0.82997614,-0.82301825
635858778,635858687,0.089415036,0.13883787,0.14609529,5.9973373,-0.39818314,0.6291713
635861279,635861188,0.08302873,0.14333482,0.156372,2.5863163,1.1546597,2.4038708
635865066,635864978,0.07066331,0.14746305,0.14379166,-1.3829397,-0.1287645,-1.3697889
635868775,635868687,0.068260476,0.1278036,0.14013068,-1.6059012,-3.1895092,-1.2262217
635872520,635872437,0.08585578,0.11798498,0.14285958,3.109344,-3.161507,-0.108015366
635876270,635876187,0.079082124,0.11863674,0.13683763,-0.0953323,-0.77807665,-0.84298605
635878776,635878687,0.07947875,0.10208111,0.14779359,-0.8704973,-3.4242601,1.2542682
635882526,635882437,0.07994328,0.07594574,0.14939304,-0.4061608,-4.587507,0.9444926
635886274,635886187,0.08732692,0.054007165,0.15979023,1.4382467,-5.558279,1.4181069
635890077,635889980,0.09513573,0.049420178,0.1425467,1.6330761,-2.2261226,-2.0425782
635893778,635893687,0.10265419,0.03467308,0.13261907,1.77183,-4.064301,-2.2886696
635896303,635896211,0.106088385,0.017262667,0.13738954,1.2396356,-5.012869,-0.03651152
635900070,635899980,0.1285016,0.018616661,0.1356546,4.3022313,-1.7944127,-0.6612466
635903778,635903687,0.12624353,-0.0011174831,0.14246285,1.191469,-3.8011565,0.79038393
635907527,635907437,0.12630013,0.0046856566,0.13801965,0.39087194,-0.8426221,-0.3914704
635911302,635911211,0.11795682,-0.0038868203,0.11629805,-0.4563273,-1.3118341,-3.359528
635913777,635913687,0.12864725,-0.001674616,0.12174594,1.516393,-0.5708076,-0.9462742
635917527,635917437,0.13754524,0.017565174,0.12942034,1.1644739,3.598498,1.0259964
635921278,635921188,0.13281903,0.023855144,0.16673237,0.27445894,1.9514387,5.980617
635925073,635924978,0.09591134,0.03840281,0.1615125,-6.1930237,3.450557,1.5942752
635928776,635928687,0.117723696,0.04490873,0.15186086,1.5008807,2.0225742,-0.7424479
635931276,635931187,0.10564406,0.046732537,0.15931879,-0.3386691,1.7069508,1.3412784
635935072,635934980,0.08815855,0.055030126,0.1745746,-2.21836,1.3316662,2.747306
635938770,635938687,0.06750784,0.06306989,0.17294142,-4.606568,1.9655579,0.6262489
635942526,635942437,0.06332033,0.07311208,0.18615705,-2.5072312,2.3664148,1.9926151
635946275,635946187,0.054334756,0.058094017,0.18143193,-2.831586,-1.6191555,0.6286799
635948777,635948687,0.040881433,0.047033288,0.18565035,-4.792599,-2.9246893,1.6621807
635952526,635952437,0.049016397,0.03523951,0.16782366,0.18585005,-2.6826162,-1.9240507
635956299,635956210,0.029932305,0.025042843,0.15769377,-2.816789,-3.6627994,-2.967319
635960071,635959979,0.038131967,0.014621213,0.15062493,-0.3269628,-2.4125333,-2.399697
635963779,635963688,0.023976816,0.0010821731,0.15187958,-1.5003592,-3.7050056,-0.34112096
635966279,635966188,0.041750602,-0.021875702,0.15799116,2.0056179,-6.0166574,1.6126708
635970070,635969979,0.05078654,-0.014842322,0.16094348,1.0616548,-1.1311018,0.99905765
635973778,635973687,0.09086554,-0.027695652,0.1516918,8.009384,-2.8504364,-0.988009
635977526,635977437,0.07789102,-0.034194563,0.1402584,0.6473019,-2.4083378,-2.7926075
635981279,635981188,0.10196101,-0.02349216,0.14329527,3.3732204,1.1813042,-0.6408972
635983778,635983687,0.10624922,-0.023507114,0.14727466,1.5501223,1.4573967,-0.40382203
635987528,635987438,0.12693326,-0.021986209,0.1603325,4.0088663,1.3637617,1.9427197
635991270,635991188,0.1270377,-0.021282293,0.16920076,1.5171877,0.13307323,2.7257318
635995066,635994978,0.1434435,-0.017217087,0.1530584,3.5203211,0.86331904,-1.9147465
635998777,635998687,0.13229124,-0.003914595,0.14642245,-0.041954584,2.2287211,-2.106575
636001301,636001211,0.13714501,-0.012180908,0.13991757,0.6389935,-0.35642973,-2.4292994
636005071,636004980,0.12260342,0.00073882577,0.131068,-2.8114214,2.043058,-2.399538
636008777,636008687,0.11357816,0.007519846,0.1293963,-2.6136222,2.0451097,-1.6961014
636012526,636012437,0.08998055,0.003386537,0.1367238,-5.608642,-0.27296326,0.6730891
636016300,636016210,0.08134807,0.020861948,0.13279727,-3.6450055,2.787371,-0.19106334
636018776,636018687,0.067807816,0.018050049,0.12429357,-4.1748376,1.1613336,-1.4695808
636022519,636022437,0.060165096,0.01595719,0.121051,-2.6068633,0.36769545,-1.0191982
636026271,636026188,0.034973666,0.024582569,0.10297536,-6.0766487,1.5258791,-3.4100668
636030067,636029978,0.066744275,0.020565247,0.09829321,2.703645,-0.33425328,-2.046384
636033778,636033687,0.051045705,0.02150729,0.100027926,-0.51512504,-0.0056112744,0.053719815
636036276,636036187,0.06475147,0.026592046,0.09981592,2.499972,0.744054,0.2529176
636040073,636039978,0.06055678,0.040914476,0.0938586,-0.11826137,2.4351482,-0.9609718
636043777,636043687,0.06282115,0.04734545,0.070711836,-0.17375511,2.3098674,-4.3770056
636047528,636047438,0.080635674,0.02819211,0.054047205,2.6306064,-2.4838629,-3.8628213
636051278,636051187,0.08480334,0.03386551,0.033126723,2.0190032,-0.11608438,-4.9000826
636053781,636053687,0.09116002,0.030065177,0.042424895,2.636639,-0.7517383,-1.2272223
636057530,636057437,0.08639733,0.015142373,0.04536332,0.8851558,-2.8306181,-0.8175822
636061301,636061211,0.075165704,0.033550467,0.044166524,-2.6894827,2.2752762,-0.2817837
636065073,636064980,0.08472375,0.0084965285,0.021748211,1.2031293,-3.616705,-4.251267
636068777,636068687,0.06726807,0.014241033,0.009453176,-2.7723298,-0.52434623,-3.823783
636071282,636071190,0.05957016,0.007297675,0.001538379,-3.443037,-2.1376448,-3.470773
636075077,636074980,0.061044924,0.0045591216,0.009776174,-1.344818,-0.8495611,-0.06649671
636078777,636078687,0.04724484,-0.003268541,0.017047955,-2.9440777,-1.2482226,1.1248741
636082526,636082437,0.042542033,-0.0055201673,0.01713071,-2.5354583,-0.8306896,0.4036348
636086278,636086188,0.04649172,-0.0028321797,-0.003419323,-0.14074352,0.3953466,-3.261706
636088769,636088687,0.05011073,-0.007334245,-0.013190777,0.77030647,-0.5711068,-3.5469582
636092529,636092438,0.05568975,-0.01630516,-0.02250172,1.0407959,-1.2807102,-2.4006512
636096277,636096187,0.06259383,-0.0024814846,-0.020185294,2.1130166,1.1101054,-0.11417142
636100066,636099978,0.061014604,-0.012062013,-0.008124291,0.4616877,-0.9909372,1.3900604
636103778,636103687,0.076932624,0.01195828,0.0015771167,1.8000382,3.6317582,1.8572417
636106302,636106210,0.08288377,-0.0019110306,-0.007994135,2.361781,-0.31340823,-0.6186784
636110071,636109980,0.08943424,0.00010592195,-0.022596247,1.9785386,0.9462102,-2.5826168
636113777,636113687,0.08142482,-0.0021310023,-0.024711585,-0.68106925,-0.47516534,-0.8226004
636117575,636117486,0.09031987,-0.013387133,-0.012428896,1.4830511,-1.1007481,1.75401
636121301,636121211,0.06232698,-0.0033984547,-0.0010077253,-3.4220464,0.4769143,2.5544481
636123777,636123687,0.066138186,-0.015233695,0.01613398,-1.9635202,-2.174125,4.3484325
636127526,636127437,0.0615654,-0.005233009,-0.01063343,-1.8253702,1.3966255,-3.174982
636131281,636131190,0.06449902,-0.016795656,-0.0025509556,-0.108644426,-1.7568032,0.25588366
636135070,636134980,0.063503064,-0.015283184,-0.020132007,-0.32397094,0.1995866,-2.5379696
636138770,636138687,0.0724628,-0.01613221,-0.02581275,1.4683443,-0.5982781,-2.0598912
636141271,636141188,0.081102856,-0.021699337,-0.019501448,3.1127977,-1.4099704,-0.034705646
636145068,636144979,0.07077379,-0.01000837,-0.016444378,-0.87894326,1.1011709,0.15123805
636148776,636148687,0.08886905,-0.015990663,-0.01899089,2.3799791,-1.100957,-0.86753076
636152528,636152438,0.08460293,-0.016056225,-0.03040421,-0.124669775,0.30133796,-2.3786814
636156269,636156187,0.09873685,-0.005047924,-0.026396738,1.860269,1.2725382,0.17366375
636158777,636158687,0.08869486,-0.014381155,-0.03411156,-1.8643626,-0.4173573,-1.6352125
636162527,636162437,0.11056605,0.006350115,-0.031231029,3.0869007,2.9577594,0.23554778
636166299,636166210,0.09280675,-0.019258166,-0.025761655,-1.0582473,-3.236147,1.6839495
636170072,636169981,0.09847093,0.0047575217,-0.015981881,0.5502412,2.556324,1.8474268
636173778,636173687,0.08283776,-0.010412256,-0.0033006635,-1.7182019,-1.4913989,2.8115377
636176270,636176188,0.08029268,0.0034473923,-0.008796022,-1.2260557,1.845212,0.54617757
636180071,636179979,0.07910528,0.0026867248,-0.029469717,-1.1475323,-0.09092176,-2.6550238
636183777,636183687,0.06705055,0.006215169,-0.030080147,-2.1965652,1.087179,-1.7593998
636187526,636187437,0.059954602,0.004392466,-0.02688165,-2.9581265,0.2734089,0.65109026
636191273,636191188,0.07530613,0.0012176468,-0.015003366,1.956472,-0.7699357,2.1794043
636193777,636193687,0.07222684,0.007048303,-0.012771361,1.1520993,0.87568784,1.7499297
636197528,636197438,0.061710674,0.014908134,-0.012973212,-0.17434828,0.48577863,0.54439515
636201279,636201188,0.057653517,0.0011482765,-0.030253222,-1.323521,-1.1277659,-2.5133271
636205067,636204978,0.07908819,0.018745817,-0.038907994,2.8356817,1.73597,-2.619441
636208776,636208687,0.0685743,-0.0066874996,-0.028928455,-0.90392196,-2.9049737,0.7445817
636211301,636211211,0.06878348,0.013261737,-0.029498594,-1.3270886,1.8114003,0.29794776
636215071,636214980,0.060229793,-0.0054871445,-0.0254703,-2.5200567,-2.6028738,1.2186536
636218776,636218687,0.043432333,-0.014973018,-0.021281729,-4.1917925,-1.8150144,0.27842742
636222526,636222437,0.030504633,-0.03060461,-0.026728906,-3.5351706,-4.2995276,0.02662058
636226292,636226210,0.023475781,-0.026322553,-0.046542287,-2.1689463,-0.22438672,-4.1285954
636228776,636228687,0.024450779,-0.021575633,-0.04753413,-0.18119285,0.980766,-2.5593247
636232527,636232437,0.015553473,-0.042731557,-0.030676506,-1.40607,-3.4591029,0.9639325
636236278,636236188,0.0077575766,-0.033340476,-0.030184774,-2.9762745,1.1576071,0.4068493
636240078,636239980,-0.0019514727,-0.0406956,-0.028586475,-2.3111517,-1.2886561,-0.06442133
636243779,636243687,-0.005146426,-0.042101007,-0.040682703,-2.2719245,-0.06525261,-1.8032405
636246279,636246188,-0.012736253,-0.026327802,-0.052351415,-3.4917758,2.3772027,-2.9712055
636250066,636249977,0.021498716,-0.038403723,-0.055466976,4.5386634,-0.5324407,-1.4901578
636253780,636253687,0.014591978,-0.011303501,-0.0523297,2.0047536,3.4287608,0.1727915
636257520,636257438,0.023001634,-0.015667204,-0.04118253,2.2201953,0.97998357,1.6758149
636261277,636261188,0.03871081,0.00898731,-0.04515922,4.386461,4.761835,-0.52399415
636263778,636263688,0.043245494,0.0012910942,-0.05496713,3.5623434,1.3201026,-2.2222545
636267526,636267437,0.018565143,0.009137123,-0.06529207,-3.1123066,2.4465122,-2.8518794
636271301,636271211,0.024126189,0.012528531,-0.07220195,-1.0702672,1.0611384,-1.6112875
636275079,636274980,0.020823283,-0.00924069,-0.05565174,-0.63212574,-2.589956,1.7240996
636278777,636278687,0.0013528346,0.011300745,-0.050182868,-3.6392326,1.7952322,1.8345741
636281278,636281188,0.0048361784,-0.009933039,-0.0408805,-1.6185595,-2.9706883,2.6198845
636285069,636284980,-0.0044311015,-0.002952798,-0.06237618,-2.1994476,0.64756,-3.1147037
636288776,636288687,-0.0036775633,-0.008854982,-0.06675977,-0.44996315,-1.5912299,-1.8078601
636292526,636292437,-0.00087505335,-0.021979915,-0.076363824,-0.26950273,-1.6921434,-2.181721
636296280,636296188,-0.015370909,-0.01600485,-0.078378595,-1.4829831,-0.7303569,-0.9074758
636298776,636298687,-0.01050527,-0.035039075,-0.068447754,0.7948663,-4.2160296,1.5690339
636302528,636302438,-0.018533159,-0.008598599,-0.06563053,-1.777328,2.8721044,1.1161678
636306271,636306188,-0.008711153,-0.014846718,-0.064817406,1.4693408,-0.24709335,0.029412305
636310066,636309978,-0.018226778,-0.012106469,-0.080999926,-1.3361385,0.9459812,-2.8836176
636313777,636313687,-0.007441697,0.0021430405,-0.09553472,0.6914314,2.0040631,-3.0556753
636316299,636316210,-0.010749412,-0.0022514693,-0.09353283,-0.63232934,0.6630868,-0.9333488
636320071,636319980,0.005567779,0.012706581,-0.08119931,3.0102353,2.5354898,1.9099483
636323778,636323687,-0.020482302,0.0056724893,-0.07320054,-3.2897968,-0.24655618,1.9798946
636327526,636327437,-0.0066193426,0.024708472,-0.07723335,0.49965218,3.2690122,-0.6859939
636331301,636331210,-0.022606032,0.0086114975,-0.06854741,-1.8131498,-1.898547,1.5532488
636333778,636333687,-0.016287176,0.0072366707,-0.0797181,-0.07741115,-1.5022931,-0.74267507
636337519,636337437,-0.03277268,0.022426993,-0.09125758,-3.3272114,1.3657309,-1.8555906
636341273,636341188,-0.02154545,-0.0009306268,-0.086458094,1.3025979,-2.8019438,0.14556892
636345072,636344980,-0.046000514,0.0033773247,-0.08116196,-3.6786144,-0.8271188,1.137259
636348777,636348687,-0.014407725,-0.019460311,-0.079177625,4.116523,-4.0003004,0.31671146
636351278,636351188,-0.02280326,-0.006419899,-0.08669678,0.9996707,0.6845688,-1.5575696
636355066,636354978,-0.026927711,-0.012930613,-0.08975242,0.4946235,-1.775345,-1.0142518
636358776,636358687,-0.017369857,-0.02040108,-0.09772507,1.5967897,-1.1544003,-1.0625228
636362529,636362438,-0.013515756,-0.02587662,-0.09869694,1.0773294,-1.6652831,-1.0953895
636366278,636366188,-0.030767044,-0.028620537,-0.06988455,-2.6216357,-0.47769612,4.406744
636368777,636368687,-0.0402709,-0.012903443,-0.07306795,-4.023799,2.5058448,2.0947177
636372528,636372437,-0.025054412,-0.020806272,-0.07382441,0.77268964,-0.538489,0.9889763
636376292,636376210,-0.04080992,-0.02151107,-0.085056156,-1.702807,-0.06848636,-1.4450374
636380071,636379980,-0.041367926,-0.018403484,-0.087556615,-1.5749073,0.35402754,-0.56454474
636383781,636383687,-0.034677126,-0.0072700214,-0.0820428,0.7897832,2.4349062,0.11768479
636386277,636386187,-0.045566812,0.0053509325,-0.07542606,-1.33839,3.4027255,0.8046857
636390078,636389980,-0.050963838,-0.016366305,-0.06698577,-0.97219324,-2.4455764,1.1290277
636393778,636393687,-0.046779275,0.006879588,-0.07646511,0.62331957,3.1444821,-0.72206587
636397526,636397437,-0.056401707,-0.02046526,-0.083122104,-0.8847168,-3.4174316,-1.5962937
636401287,636401188,-0.07910344,-0.0013112798,-0.08132924,-4.7947364,2.022196,-0.5010058
636403770,636403687,-0.07637611,-0.011829297,-0.08865711,-3.1462972,-1.0397184,-1.9997159
636407527,636407437,-0.06509631,-0.018559095,-0.07728982,0.7316402,-0.102125525,0.97835124
636411279,636411188,-0.0834073,-0.017578635,-0.074770756,-1.9774486,-1.0337281,1.4012411
636415066,636414978,-0.084067516,-0.0246944,-0.075507514,-1.6025639,-0.9247015,0.25618175
636418776,636418687,-0.08932876,-0.02181322,-0.07247616,-0.8674816,-0.10419837,0.277112
636421301,636421211,-0.08296632,-0.03253055,-0.07279512,0.998714,-1.6793674,0.16028963
636425071,636424980,-0.10470838,-0.031548366,-0.08111625,-3.5951414,-0.69517404,-1.5945061
636428776,636428687,-0.09208917,-0.024601394,-0.08441416,0.40200114,0.35244474,-0.7435085
636432527,636432437,-0.09113001,-0.03419361,-0.07671352,1.0024571,-0.60687804,0.46787095
636436299,636436210,-0.115144,-0.024788735,-0.071043044,-4.1715274,0.19323818,0.8100946
636438777,636438687,-0.11675949,-0.02938425,-0.08499651,-3.9174855,-0.61689836,-2.6187978
636442527,636442437,-0.092826776,0.0064271814,-0.08632514,1.9125448,5.945524,-1.0061713
636446278,636446188,-0.0933514,-0.018726276,-0.09847164,1.7600026,-2.3567975,-1.6358958
636450070,636449979,-0.09234573,0.0005815901,-0.09665737,0.101951644,2.5185392,-0.7926863
636453771,636453688,-0.07238878,-0.005849902,-0.08288725,3.545078,-0.30551046,2.181852
636456271,636456188,-0.062742285,0.0022457624,-0.07748897,3.4882848,1.9679207,2.3568048
636460066,636459978,-0.080804616,0.0058133486,-0.09467732,-1.466209,0.051055137,-2.0185306
636463778,636463687,-0.07591752,-0.0058492185,-0.110054076,0.1851154,-1.7254493,-2.981642
636467527,636467438,-0.0784577,-0.004349756,-0.10394872,-0.22155614,0.003788278,-0.21662097
636471271,636471188,-0.08815934,-0.020938486,-0.08003427,-1.3756397,-3.2251883,3.8435538
636473778,636473687,-0.08088768,-0.01805369,-0.077027164,-0.10261875,-1.7397494,2.8121479
636477528,636477438,-0.07670002,-0.0024807404,-0.075463034,1.0490566,0.9994919,1.4907438
636481300,636481210,-0.07525841,-0.026902499,-0.0998216,0.8723567,-2.5588617,-4.1714487
636485073,636484980,-0.09806501,-0.03762962,-0.12178421,-3.880131,-3.8990507,-4.977671
636488777,636488687,-0.08946946,-0.061700862,-0.14953633,0.44841412,-4.985187,-5.853892
636491272,636491188,-0.1034645,-0.048118636,-0.12167707,-1.6601273,0.37832862,2.1958718
636495071,636494980,-0.118509695,-0.061923906,-0.09099367,-1.9476949,-2.4297864,5.626673
636498776,636498687,-0.1404272,-0.065229245,-0.07805939,-5.6854744,-0.65287614,3.8107598
636502526,636502437,-0.13013604,-0.075771034,-0.10024034,-0.41922918,-2.542114,-2.6107392
636506271,636506188,-0.12816428,-0.06866978,-0.12580496,0.4020713,0.5253274,-5.062031
636508776,636508687,-0.12888622,-0.06269306,-0.13370697,0.20225212,0.72314733,-4.0911317
636512528,636512438,-0.1386643,-0.059891004,-0.10885484,-2.3618326,1.0299363,2.839793
636516278,636516188,-0.13601016,-0.045603685,-0.06196442,-0.9226081,2.6717675,8.8784895
636520067,636519979,-0.13459764,-0.045482896,-0.038948633,0.22421248,1.2062826,6.3782206
636523778,636523687,-0.13476175,-0.020228527,-0.067204624,-0.15617834,4.6092496,-2.2759767
636526299,636526210,-0.1401342,-0.023151532,-0.084724,-1.9546701,2.130857,-4.883202
636530073,636529979,-0.12528636,-0.02095957,-0.10268781,2.2538283,2.2511897,-4.3422284
636533778,636533687,-0.1212339,-0.0054188264,-0.080497205,1.3174763,2.393722,2.3431246
636537519,636537437,-0.1167983,0.0021952305,-0.058968782,0.9477924,2.9763148,4.23125
636541294,636541211,-0.11178086,0.0034531867,-0.0388098,1.2747309,0.94295484,4.5981216
636543778,636543687,-0.1007665,-0.018077005,-0.05425575,3.3544092,-3.4178975,-0.17109333
636547526,636547437,-0.112363696,0.00539341,-0.09187647,-0.29660168,2.7219527,-6.0470047
636551279,636551188,-0.10837453,-0.019525617,-0.112087876,0.82836753,-3.6680942,-5.0805616
636555078,636554980,-0.09586525,-0.02007654,-0.09260018,2.2237556,-0.9945347,1.0970051
636558777,636558687,-0.078321226,-0.037795052,-0.061656512,4.059183,-3.4155235,5.9342957
636561278,636561188,-0.07957889,-0.041105513,-0.051489126,2.0350266,-2.2050905,4.7690067
636565071,636564981,-0.07682839,-0.025900748,-0.0664481,1.5051434,0.9631674,-0.36354515
636568776,636568687,-0.06802056,-0.044373613,-0.08739314,2.0472505,-2.591229,-3.9307637
636572522,636572437,-0.04461545,-0.038850304,-0.10199998,4.4778385,-0.38978004,-3.631451
636576279,636576188,-0.025071912,-0.06294889,-0.08738241,6.0945573,-3.8376818,1.5209862
636578777,636578687,-0.017156597,-0.04460835,-0.0761141,5.0094895,1.5641501,3.578747
636582526,636582437,-0.012403156,-0.04525712,-0.07291096,3.3362372,-0.753082,1.7178134
636586299,636586210,0.021638954,-0.028798345,-0.08690022,5.910215,3.176657,-2.339696
636590078,636589980,0.021950059,-0.05840466,-0.1053204,3.124468,-4.1123977,-3.4823742
636593778,636593687,0.016011178,-0.05143163,-0.12173531,-0.13613808,0.24879766,-4.1929584
636596281,636596190,0.019555142,-0.039030854,-0.12470141,-0.15697771,1.9890324,-2.882991
636600071,636599980,0.056231823,-0.04386342,-0.10905478,6.2502785,0.89198977,1.4835413
636603771,636603687,0.047113847,-0.042024534,-0.0958749,0.55868804,0.42468262,2.477677
636607527,636607437,0.059148535,-0.06484264,-0.096784376,2.5181594,-3.9556518,0.5654994
636611282,636611189,0.039622497,-0.0488153,-0.12400678,-2.4333951,1.1938598,-4.6960244
636613777,636613687,0.049054425,-0.060214467,-0.13629958,0.8268895,-1.4470341,-4.9999304
636617527,636617437,0.057921726,-0.050413944,-0.11675554,0.7051067,2.324182,1.281899
636621270,636621188,0.053824976,-0.055630933,-0.104412846,0.29769105,-0.8603791,2.6923501
636625068,636624979,0.038516883,-0.05062926,-0.09817522,-2.4416168,1.4320035,1.6925348
636628776,636628687,0.039439157,-0.064530164,-0.09626323,-1.0470873,-2.4825873,0.6600429
636631302,636631211,0.052118108,-0.07519129,-0.1036544,2.7452936,-3.3335013,-0.42507127
636635073,636634982,0.036079682,-0.04648144,-0.13756613,-1.8626444,3.0179105,-5.890333
636638776,636638687,0.047240656,-0.053014666,-0.14826505,1.5794325,0.5803882,-3.9535332
636642528,636642438,0.04169753,-0.04445057,-0.14856057,-0.64214694,1.4178951,-1.3799565
636646303,636646213,0.040522713,-0.07368671,-0.17141746,0.012836878,-4.5423274,-4.2657814
636648780,636648687,0.041177846,-0.08058024,-0.17073247,0.14395168,-3.6035135,-2.460758
636652527,636652437,0.02478771,-0.068884306,-0.17640783,-1.4499718,0.32799432,-1.9673827
636656268,636656187,0.032978363,-0.08011599,-0.16100498,0.19648468,-1.4603953,1.7679046
636660075,636659983,0.027114918,-0.07517546,-0.16606271,0.5946317,-0.1169879,-0.46253732
636663779,636663688,0.006636492,-0.105318494,-0.18534419,-3.4037094,-4.3167872,-2.808359
636666278,636666188,0.006905392,-0.10628304,-0.18436609,-2.5322719,-3.1777115,-1.7701705
636670067,636669978,-0.029933097,-0.121056,-0.18883112,-7.7266645,-3.7098198,-1.2831804
636673778,636673687,-0.01328548,-0.12296701,-0.15267542,-0.41150144,-1.3111792,5.4137354
636677525,636677437,-0.042029984,-0.13335943,-0.15699935,-4.543137,-3.1485355,1.6557897
636681280,636681189,-0.045874238,-0.13896002,-0.13362825,-3.630766,-1.5167706,3.7614648
636683777,636683687,-0.074549206,-0.14363058,-0.14616553,-7.6847754,-1.0116682,-0.16182539
636687528,636687438,-0.0760628,-0.1418412,-0.1440123,-2.037559,-0.065342136,0.5709273
636691293,636691211,-0.10001533,-0.12195258,-0.15919733,-4.2948666,3.289195,-2.6399024
636695068,636694979,-0.073982134,-0.14674649,-0.13890637,2.1239378,-3.160531,2.8386388
636698776,636698687,-0.083175495,-0.13323419,-0.14588384,-0.78204656,1.609986,-0.44723633
636701277,636701188,-0.07778119,-0.13365032,-0.14930479,-0.44076532,1.1304798,-1.5706363
636705077,636704979,-0.070004,-0.1230943,-0.14995919,1.409987,3.2603471,-0.2753454
636708779,636708687,-0.059917986,-0.12077551,-0.15213408,1.5013089,1.0602366,-0.25105128
636712527,636712437,-0.0378727,-0.1073236,-0.13723655,4.476513,3.273621,2.4434078
636716275,636716186,-0.010136415,-0.11551504,-0.13663001,6.5288143,-0.7156455,0.629005
636718779,636718687,0.0021737916,-0.1080124,-0.14084652,6.7261186,0.94704217,0.21923937
636722518,636722437,-0.0020685266,-0.095153145,-0.13851623,1.4935809,2.2798877,0.0025331075
636726278,636726188,0.020896208,-0.091393664,-0.13474834,4.9266386,1.6142145,0.91705585
636730070,636729979,0.037916746,-0.078203544,-0.13880056,5.033428,2.3221612,-0.6371825
636733778,636733687,0.071754366,-0.08609465,-0.13663204,7.015711,-0.2968358,0.34132758
636736300,636736210,0.086085714,-0.096798904,-0.12313133,6.5023103,-2.2791533,3.1506991
636740075,636739978,0.08692612,-0.08635,-0.15588897,3.0434048,0.88708365,-4.893481
636743777,636743687,0.09714933,-0.05523552,-0.15700841,2.8017256,5.891649,-1.7289929
636747528,636747438,0.13102823,-0.05436613,-0.16331263,6.5595903,1.9370277,-2.2005308
636751301,636751211,0.13081901,-0.0611903,-0.1567295,3.3639271,-0.06899186,0.29324627
636753780,636753688,0.14885102,-0.07348401,-0.17388307,5.22411,-1.9088,-3.7460256
636757526,636757437,0.12769227,-0.0782371,-0.20324479,-1.3593876,-0.8082796,-4.9923463
636761283,636761193,0.14337416,-0.08144374,-0.21880811,2.2540174,-1.5443771,-5.092623
636765070,636764979,0.14445876,-0.084059045,-0.18145257,0.63342726,-0.463761,4.1805944
636768777,636768687,0.17369907,-0.10444249,-0.15246429,5.7461424,-3.980187,6.22172
636771274,636771189,0.16383106,-0.11199621,-0.14304285,1.1299316,-3.3472977,5.0368104
636775068,636774979,0.12625642,-0.10527685,-0.15952432,-5.303814,-0.4347803,-1.0843759
636778776,636778687,0.11985404,-0.11703426,-0.17771238,-3.2822678,-1.8608075,-3.153306
636782525,636782437,0.11840265,-0.12940004,-0.17923486,-1.1990956,-2.9644904,-1.0070791
636786270,636786188,0.11417488,-0.13182972,-0.13346086,-1.9306511,-1.7594098,6.9020333
636788776,636788687,0.09965585,-0.1351063,-0.12089429,-3.883797,-1.0983391,6.0961804
636792529,636792438,0.09411006,-0.14500321,-0.10754185,-2.4384203,-2.5287886,3.9295459
636796301,636796210,0.085908346,-0.13743691,-0.12662311,-1.5955003,1.1408446,-1.1492394
636800068,636799980,0.095273145,-0.13578178,-0.14953561,0.80265117,-0.16354664,-4.365925
636803777,636803687,0.10000528,-0.10865947,-0.1494431,1.0394728,5.2978454,-1.204235
636806270,636806187,0.09655177,-0.1007337,-0.13568598,0.18084794,4.7730174,2.0803726
636810069,636809979,0.09801573,-0.10887164,-0.13863914,0.6426984,1.5446291,0.5757444
636813777,636813687,0.09862394,-0.091448605,-0.14362928,1.0493401,3.2751064,-0.8571025
636817526,636817437,0.112382196,-0.07896216,-0.16703095,2.5640602,3.3453774,-3.7346203
636821270,636821187,0.11180745,-0.06740174,-0.1699929,1.3349499,3.4187646,-2.1600144
636823778,636823687,0.11913701,-0.056053437,-0.17897601,1.7216847,3.9944415,-2.9052362
636827526,636827437,0.10743396,-0.072654724,-0.1450673,-1.5933596,-0.5296101,4.390532
636831279,636831188,0.107907675,-0.04834531,-0.13314354,-0.29855612,3.262457,3.6318707
636835067,636834978,0.09620315,-0.03226891,-0.12988186,-2.1499887,4.113049,1.710579
636838776,636838687,0.12566537,-0.016455347,-0.1427717,4.53168,3.0373652,-1.5712322
636841293,636841210,0.12526181,-0.03489987,-0.13004841,2.473914,-1.3897321,2.076702
636845068,636844979,0.12257842,-0.016524326,-0.12529027,0.48625842,1.9918345,0.6395649
636848776,636848687,0.10994218,-0.0058797523,-0.10962966,-1.4281665,3.3919823,3.2755232
636852521,636852438,0.12504269,0.0040887804,-0.11158594,2.030382,2.4366715,0.33678553
636856292,636856210,0.13986607,0.008666076,-0.10724393,3.904492,2.064457,1.4731332
636858777,636858687,0.16082384,0.0058476366,-0.10382176,6.090417,0.2652773,1.8659694
636862526,636862437,0.14475961,0.017913716,-0.15047988,0.2117218,2.7898016,-6.788723
636866274,636866186,0.15273549,0.041123085,-0.121168114,0.35357657,4.4921536,1.9895588
636870076,636869979,0.18216752,0.0375564,-0.125926,5.7430396,1.2000959,0.10521233
636873779,636873688,0.19808607,0.04177327,-0.10981538,4.656974,0.8165877,2.3185937
636876278,636876188,0.2078416,0.054040357,-0.12934214,4.319128,3.3144004,-2.4898245
636880067,636879979,0.20219502,0.0755766,-0.13332711,0.99645597,4.3574123,-0.5474398
636883778,636883687,0.21407863,0.08508053,-0.12042488,1.5524012,3.4651997,0.82168025
636887517,636887436,0.24601243,0.088218264,-0.0954554,5.7181044,1.67222,5.3359265
636891280,636891189,0.24202155,0.101100564,-0.09127409,1.4403458,2.8471315,2.3593273
636893778,636893687,0.23988424,0.11398054,-0.08620506,-0.3170313,3.9367936,2.3218381
636897530,636897438,0.2555492,0.14033736,-0.07892696,2.707099,5.2945247,1.4088695
636901301,636901211,0.24664097,0.15033875,-0.08776146,-0.6131832,3.8826003,-0.43744648
636905074,636904978,0.26695526,0.1572101,-0.07756632,4.213927,2.2729287,1.467436
636908776,636908687,0.24827673,0.17474084,-0.06714428,-1.9225624,4.4078684,1.9875735
636911277,636911188,0.25705713,0.19460905,-0.070070185,-0.520238,6.011505,0.0635391
636915071,636914980,0.2800092,0.19373257,-0.07006225,3.1047525,2.640058,-0.036768004
636918770,636918688,0.2450567,0.20643584,-0.084877074,-4.413558,2.8792005,-2.1862178
636922527,636922437,0.22750434,0.21715288,-0.08384538,-4.5787325,3.100181,-1.1918579
636926276,636926187,0.21980795,0.2225007,-0.10220499,-3.010581,1.6573429,-3.426164
636928777,636928687,0.21516861,0.21520518,-0.1047748,-3.3596504,-0.24623899,-2.7213476
636932526,636932437,0.2069671,0.20877643,-0.11046448,-2.9778557,-1.1807518,-2.1632633
636936271,636936188,0.15583324,0.1905052,-0.10549069,-9.281254,-3.4340024,0.17546253
636940067,636939978,0.13827842,0.20865212,-0.09150218,-6.309172,1.4030972,2.4152167
636943778,636943687,0.11456432,0.19728526,-0.07728834,-6.4254904,-1.2629656,3.0894115
636946300,636946210,0.10583538,0.19152592,-0.07872519,-6.101782,-1.7752898,0.9805872
636950071,636949980,0.06942285,0.17387599,-0.07849293,-8.181266,-3.4505916,0.38919368
636953777,636953687,0.046815205,0.16347216,-0.08900269,-7.255742,-3.0610905,-1.1953416
636957531,636957437,0.037668332,0.1686418,-0.068854496,-3.6768012,-0.79768324,2.9605515
636961302,636961211,0.013585327,0.15720272,-0.06309172,-5.4080687,-1.9135393,1.9894127
636963782,636963691,0.001529761,0.15716517,-0.054300345,-5.13125,-0.4276722,2.422991
636967525,636967437,-0.0023970436,0.1445003,-0.058477107,-2.486668,-2.4369063,-0.43686584
636971270,636971187,-0.014665741,0.15839556,-0.07061747,-1.4473071,1.7362405,-1.3372012
636975070,636974980,-0.028531881,0.14309493,-0.09703864,-3.315026,-2.3984208,-5.462693
636978777,636978687,-0.035206366,0.14521785,-0.100398324,-1.8926816,-0.08879526,-2.7203605
636981280,636981188,-0.03518142,0.12654632,-0.11199475,-1.1325864,-3.797838,-3.5552
636985068,636984979,-0.062052477,0.118567765,-0.09288864,-4.3591943,-1.6745718,2.1112761
636988776,636988687,-0.060167763,0.11587206,-0.081505775,-1.6866654,-1.9015279,2.6717849
636992528,636992437,-0.09167351,0.10142039,-0.08907154,-5.3983727,-2.4600153,-0.29975855
636996282,636996188,-0.09526224,0.088051796,-0.11186746,-2.8193505,-3.8298984,-3.532714
636998776,636998687,-0.097574815,0.08337563,-0.10824469,-2.32582,-2.8271854,-1.2302245
637002521,637002438,-0.09882178,0.08308779,-0.10219898,-1.0073948,-1.451096,0.79386944
637006302,637006210,-0.12403747,0.06404408,-0.06341426,-4.337816,-3.3193483,6.3856697
637010066,637009977,-0.13409819,0.053670514,-0.048770636,-2.866973,-3.5611157,4.9470854
637013777,637013686,-0.12599604,0.05463663,-0.039474443,0.27217597,-0.3506804,3.2153914
637016277,637016187,-0.12910566,0.06242689,-0.048921145,-0.14155026,1.0508547,-0.35240546
637020078,637019980,-0.116974734,0.059384,-0.050935637,2.5237808,0.4222923,-0.1443734
637023778,637023688,-0.13567223,0.05902347,-0.053284895,-2.023842,-0.56619745,-0.40768442
637027526,637027437,-0.107633814,0.06043441,-0.027759362,3.760017,0.507932,4.066241
637031277,637031187,-0.107150376,0.06177841,-0.022049742,1.9568951,-0.02425819,2.3453214
637033778,637033687,-0.08680694,0.07208106,-0.033446074,4.4873605,2.02305,-1.1243507
637037518,637037436,-0.083886735,0.07518234,-0.045165304,2.3198361,0.7826368,-2.1495845
637041280,637041188,-0.07450326,0.07320981,-0.060196027,1.5568193,0.5808315,-3.3873994
637045068,637044979,-0.052440774,0.082564235,-0.037384357,4.751988,1.3555155,2.6270914
637048777,637048687,-0.038898196,0.08951334,-0.029414285,4.1022253,1.6299685,2.4313486
637051301,637051211,-0.030525884,0.089208186,-0.018351618,3.2979176,0.60317713,3.197131
637055076,637054979,-0.0096723065,0.09920215,-0.010637741,4.306058,2.2434237,2.0771842
637058776,637058687,-0.0007013452,0.10153554,-0.013385034,3.2750053,1.2795684,0.31668234
637062528,637062438,0.03809603,0.11143547,-0.013618261,7.9320197,2.3968616,0.27825618
637066301,637066210,0.04920914,0.113467224,-0.008142922,5.086345,0.8661867,1.1185567
637068769,637068687,0.065133885,0.11052313,0.00092933717,5.6086526,-0.04068663,2.0907788
637072529,637072437,0.0727666,0.11668135,0.015080002,2.6533754,1.5257899,2.910874
637076275,637076187,0.09765333,0.122771606,0.008601598,5.5843554,1.569666,0.37587944
637080070,637079980,0.10514119,0.12860158,0.006050499,2.6254165,1.110591,-0.8969513
637083778,637083687,0.12406786,0.13167803,-0.012380991,3.534046,1.287004,-3.1353385
637086271,637086188,0.14198957,0.13262089,-0.00940447,4.613069,1.2578588,-1.5062119
637090070,637089980,0.17840944,0.12529647,-0.008161467,7.8190274,-0.5255062,-0.35730094
637093777,637093687,0.17471425,0.13314568,0.017700985,2.8325214,0.82492787,4.1633162
637097525,637097437,0.17986201,0.12931007,0.0066865687,1.3588816,-0.41721675,-0.58084226
637101281,637101188,0.20747846,0.12158782,0.017695,5.5203037,-1.729262,1.3095796
637103778,637103687,0.21418099,0.12521681,-0.001501868,5.261436,-0.22367024,-2.4166842
637107528,637107437,0.22116655,0.12679778,0.006579899,2.8383493,0.14774956,0.9380839
637111301,637111211,0.23308057,0.13176788,0.0020837856,3.515423,0.9401491,-0.51142335
637115069,637114979,0.23397537,0.12453009,0.020516526,1.7932122,-1.2219294,3.0983276
637118769,637118687,0.2502568,0.12130098,0.018135574,3.9021912,-0.7193582,1.1134397
637121270,637121188,0.2508391,0.12727402,0.025453052,2.2955477,0.55663645,2.2789402
637125072,637124980,0.2510023,0.12758404,-0.0039252415,1.531176,0.55392414,-4.399392
637128776,637128687,0.24793215,0.12380719,0.00022901091,-0.3473067,-0.51160187,-0.8939355
637132527,637132437,0.25485623,0.1295544,-0.0038451417,1.2340627,0.8935959,-0.82739633
637136269,637136186,0.24739909,0.1275785,0.012687848,-1.079824,0.24112108,2.0270116
637138777,637138687,0.24923986,0.13203354,0.0019456388,-0.6364548,0.690177,-1.3587517
637142525,637142437,0.26092324,0.14565904,0.022880906,1.7515876,2.434694,3.6264553
637146278,637146188,0.24477169,0.13057108,0.0053388714,-1.8883286,-1.4416971,-1.3602405
637150070,637149980,0.24115938,0.13378994,0.029102055,-1.6626829,0.296541,3.228596
637153779,637153688,0.2359782,0.13939287,0.0179741,-1.1496115,0.8796465,0.02184681
637156294,637156211,0.23309457,0.13980211,0.034003053,-1.5741727,0.6082206,3.1142352
637160067,637159978,0.23012087,0.14240912,0.02820705,-0.9644051,0.5039314,-0.26396915
637163777,637163687,0.21689436,0.1373552,0.037915237,-2.816615,-0.38598034,1.404375
637167527,637167438,0.21587104,0.13116583,0.01948363,-1.1068779,-1.3831649,-2.4940279
637171294,637171211,0.196869,0.14152195,0.024878787,-3.5541358,1.4125341,-0.0136035625
637173779,637173688,0.19691621,0.13587818,0.019561756,-1.8384126,-0.14388317,-1.0719285
637177527,637177437,0.17981978,0.13115896,0.030286962,-3.302937,-0.15697376,1.3250529
637181278,637181188,0.17219095,0.12914285,0.027805232,-2.5140145,-0.9984882,0.2008747
637185072,637184980,0.15518574,0.13632363,0.024331065,-4.190304,1.3584428,-0.6746573
637188777,637188687,0.15242329,0.12361278,0.012937945,-1.681599,-1.7439266,-2.0036871
637191280,637191188,0.14649618,0.118597806,0.012430325,-1.7799928,-2.1880264,-1.1474911
637195070,637194980,0.13630097,0.11825779,0.012316159,-2.2182498,-1.4101326,-0.0058551626
637198777,637198687,0.1268193,0.12885496,0.033657894,-3.2295513,2.1082587,3.025325
637202518,637202437,0.12441836,0.12620842,0.04881354,-1.0902781,-0.42149937,3.7439659
637206272,637206188,0.10517992,0.12067531,0.043271635,-3.6331236,-0.5005032,0.38554156
637208776,637208687,0.10128175,0.11387451,0.03749808,-3.2047832,-1.5275273,-0.96710217
637212528,637212438,0.10544733,0.11254353,0.040788174,-0.79059356,-0.15051953,-0.14204933
637216302,637216211,0.09878901,0.109058894,0.041394882,-0.95021576,-1.1976851,0.52872235
637220074,637219978,0.087111376,0.100538574,0.04312045,-2.1460433,-1.7515736,0.2097952
637223777,637223687,0.08963169,0.08753376,0.052006654,-0.6841992,-2.817943,1.7323841
637226275,637226187,0.08676274,0.087429576,0.049774162,-0.5585545,-1.2604917,0.43311885
637230070,637229980,0.07315288,0.091384694,0.032934148,-1.6978782,-0.06462446,-2.239421
637233778,637233688,0.07312395,0.08193132,0.027532563,-0.71966934,-1.7195077,-2.0550225
637237527,637237437,0.06521426,0.07178237,0.034893475,-1.8691263,-2.4425375,0.70183355
637241278,637241187,0.06551718,0.06766688,0.042619083,-0.4861289,-1.1924738,1.1899114
637243778,637243687,0.061173137,0.06377016,0.043456584,-1.0554962,-1.4198494,0.94896954
637247526,637247437,0.055894915,0.06695818,0.0428821,-0.6419991,-0.22677629,-0.040258113
637251272,637251188,0.04676674,0.05259001,0.037629522,-2.3513746,-2.429925,-0.53859705
637255078,637254980,0.058509607,0.04727095,0.03881292,1.1972675,-1.3633896,-0.2183833
637258777,637258687,0.031486664,0.046898413,0.050253574,-3.8274968,-0.7897933,1.9911404
637261296,637261205,0.036809687,0.049445715,0.05560644,-1.1516678,-0.31293398,2.1049166
637265067,637264978,0.029366054,0.04428109,0.05899285,-2.0592926,-0.949858,1.3003324
637268769,637268687,0.034323078,0.03443399,0.05159714,0.27204755,-2.0488338,-0.9266477
637272530,637272437,0.01836948,0.026387349,0.04388638,-2.1727517,-2.1243804,-1.3077949
637276301,637276211,0.018516248,0.031512417,0.03566955,-0.9738999,-0.31939104,-1.9356111
637278777,637278687,0.008971029,0.020871323,0.045824904,-2.6923387,-2.017804,0.61798584
637282527,637282437,0.01039957,0.017500296,0.048808653,-0.56236315,-1.3688182,0.29214755
637286268,637286186,-0.0017423994,0.004319122,0.04916802,-2.2407625,-2.4599977,0.44798097
637290070,637289980,0.0029135263,0.003427764,0.03875802,-0.4175323,-1.8554832,-1.9991187
637293778,637293687,-0.009520831,-0.000102006874,0.04991785,-2.0571597,-0.5030059,1.047819
637296279,637296189,-0.004549019,-0.006629978,0.038569596,0.29674488,-1.5328794,-1.3743377
637300080,637299979,-0.013568245,-0.02435835,0.050052844,-0.95929927,-2.9364083,1.7947654
637303778,637303687,-0.013363435,-0.017749215,0.05113926,-0.23412848,-0.8602843,0.9277836
637307525,637307437,-0.026919134,-0.015098814,0.05604936,-2.2540452,0.67092735,0.8643796
637311280,637311189,-0.024830377,-0.032876782,0.04170619,-0.22950171,-2.8345788,-1.5478272
637313777,637313687,-0.034853954,-0.03744538,0.04650923,-1.6018095,-2.2878387,0.08546848
637317523,637317438,-0.039625075,-0.033570662,0.04206477,-1.1683412,-0.98198736,-0.61731654
637321294,637321211,-0.05261306,-0.016961686,0.050340123,-2.8063598,3.0836458,0.720448
637325067,637324978,-0.04232623,-0.029626042,0.05050329,0.5368499,-1.3062878,0.6003021
637328776,637328687,-0.058295675,-0.030538918,0.053475875,-1.5779401,-0.6545006,0.56136656
637331277,637331187,-0.058334563,-0.029887771,0.048000816,-0.64527565,-0.47588697,-0.4458359
637335071,637334979,-0.07204614,-0.012711977,0.044022806,-2.779376,3.1856868,-1.2146119
637338777,637338687,-0.058077935,-0.016327215,0.04383162,0.81752926,0.51321995,-0.0536324
637342527,637342437,-0.06978457,-0.018291542,0.050429408,-0.97760534,0.040693864,0.74652934
637346278,637346187,-0.07566477,-0.025294147,0.050669298,-1.4184899,-1.4835078,0.48166308
637348777,637348687,-0.080488354,-0.018265257,0.051706433,-1.800716,0.4445331,0.07682183
637352522,637352437,-0.07550277,-0.0155945355,0.056778505,0.12728286,0.5017751,1.2085752
637356268,637356187,-0.07330033,-0.023868732,0.056447677,0.46620122,-1.1873546,0.19138168
637360072,637359980,-0.07117274,-0.032494623,0.05415407,0.63261265,-2.0222025,-0.24339741
637363779,637363688,-0.071575865,-0.022018136,0.05253857,0.6507591,0.8327889,-0.2193862
637366302,637366211,-0.06479914,-0.02558074,0.05930552,1.4566967,-0.36998096,1.3420681
637370076,637369979,-0.0691973,-0.019571539,0.054363333,0.2749164,1.170348,-0.6192046
637373778,637373687,-0.0635411,-0.03978235,0.054001145,0.64476246,-3.0917861,-0.20586236
637377527,637377437,-0.047777332,-0.028807048,0.0476487,3.3117778,0.46316063,-1.1767441
637381304,637381213,-0.041609228,-0.029492512,0.04793673,2.0748026,0.27161053,-0.38586792
637383777,637383687,-0.03257248,-0.02423469,0.040636644,2.9559696,1.139063,-1.61905
637387528,637387437,-0.025519794,-0.03749702,0.042393815,2.4753506,-1.7937238,-0.09874791
637391278,637391188,-0.015270996,-0.024327207,0.0489608,2.8345046,1.6727865,1.0950029
637395066,637394977,-0.0030550377,-0.023927638,0.05601526,2.6148474,0.82460964,1.197263
637398776,637398687,0.01217074,-0.020772763,0.04770416,4.160661,0.642846,-0.60099447
637401271,637401188,0.017128421,-0.031339217,0.047401436,3.3775036,-1.872245,-0.36766475
637405071,637404980,0.022003548,-0.023775581,0.045760915,2.6670444,0.68665344,-0.13136287
637408777,637408687,0.021934634,-0.02490313,0.04575945,0.20354232,0.5973001,-0.33108416
637412526,637412437,0.041933883,-0.015712148,0.048625164,3.8070722,1.1223667,0.7049233
637416276,637416187,0.034684274,-0.029691543,0.055194005,0.73681074,-1.5334095,1.4319255
637418776,637418687,0.043329205,-0.028663594,0.058566708,2.2348173,-0.9192244,1.4986628
637422525,637422437,0.031341445,-0.020966813,0.052972566,-1.4434319,1.443628,-0.73751223
637426302,637426211,0.05157174,-0.014101832,0.047564786,2.0182307,1.1226845,-1.1419485
637430068,637429979,0.04408065,-0.01863071,0.049438205,0.14165092,0.17832708,-0.18586993
637433770,637433687,0.050122578,-0.030628359,0.046653625,0.6846047,-2.3575094,-0.35948652
637436269,637436187,0.043476775,-0.031322684,0.047498643,-0.73758054,-1.186969,-0.10299544
637440066,637439978,0.04482618,-0.019642424,0.050616786,-0.6071673,0.8603326,0.5727516
637443777,637443687,0.03831494,-0.023376113,0.054766692,-0.5168219,0.19600032,0.6813152
637447528,637447437,0.0361096,-0.035291143,0.05140083,-1.2360961,-2.0074053,-0.3098582
637451270,637451187,0.03761705,-0.030422907,0.04298965,0.6658128,-0.19092695,-1.1559614
637453779,637453688,0.038651295,-0.04142615,0.050231006,0.6612437,-2.2725854,0.95669687
637457527,637457437,0.027500723,-0.03276389,0.053967074,-0.7810255,0.75579613,0.7769949
637461277,637461188,0.00724696,-0.04687755,0.061840784,-4.5608582,-1.8434932,1.0281993
637465069,637464979,0.02018701,-0.05140861,0.059344105,0.6638096,-1.7948879,0.2570124
637468777,637468687,-0.002316336,-0.053622972,0.052425485,-3.2708654,-0.7346967,-0.7630746
637471295,637471212,0.016949918,-0.052844513,0.055209484,2.1163425,-0.42076916,0.1708238
637475070,637474980,-0.015375959,-0.059926502,0.06106561,-4.2095265,-1.1373926,0.80040383
637478777,637478687,-0.005199617,-0.06557295,0.06832745,-0.779643,-1.293162,1.4200962
637482526,637482437,-0.023785315,-0.07098435,0.07469735,-2.7258224,-1.1356038,1.3139
637486293,637486211,-0.020200528,-0.07095619,0.059925284,-1.2444012,-0.52246505,-1.471646
637488775,637488687,-0.031033136,-0.066165574,0.05770957,-2.3035512,0.6014081,-1.2857702
637492528,637492437,-0.014418862,-0.07656056,0.056739695,1.3771291,-1.8537198,-0.18216547
637496278,637496188,-0.030886762,-0.0688961,0.06829257,-1.4721854,1.0351962,1.298274
637500070,637499979,-0.030618144,-0.076214634,0.0745392,-1.3171761,-0.56233686,1.6794206
637503778,637503687,-0.017710999,-0.06731186,0.0736286,2.7783425,0.7843219,0.6278467
637506279,637506187,-0.012094385,-0.07714723,0.07471118,2.3804069,-1.2985114,0.8665545
637510072,637509980,-0.021922734,-0.06597637,0.06186008,0.28342357,1.0269041,-1.9971828
637513778,637513687,-0.025523808,-0.07737368,0.06585554,-1.8574942,-0.83701915,-0.09135924
637517518,637517437,0.0026542926,-0.065896034,0.06279137,4.5136766,0.94583535,-0.5934747
637521270,637521187,-0.0054225586,-0.0594062,0.07553879,0.93114066,1.85776,1.7681499
637523778,637523687,0.012181384,-0.066129096,0.06889127,3.9834964,-0.4416699,-0.19653285
637527524,637527437,0.0007038397,-0.06592708,0.07370678,0.03608492,0.5838734,0.8908377
637531303,637531212,0.014439026,-0.06182593,0.06507535,2.2674909,0.5534934,-0.63514286
637535078,637534980,0.00538656,-0.05144362,0.06593442,-0.43948033,1.9746147,-0.8177877
637538777,637538687,0.02299328,-0.06818886,0.06612839,2.3519163,-1.8939033,0.44792897
637541278,637541188,0.014798706,-0.06329082,0.059642654,-0.2305936,-0.40387243,-1.1479676
637545067,637544978,0.024154717,-0.06418756,0.06568486,1.3784273,-0.32605729,1.8293917
637548776,637548687,0.0032053296,-0.05961964,0.051613677,-2.2945056,0.30550972,-2.4931283
637552527,637552437,0.0036739386,-0.06071393,0.053388402,-1.1078402,0.26919475,-0.28050098
637556278,637556187,-0.011740401,-0.07739611,0.038137633,-2.3353856,-2.6396813,-2.0650134
637558777,637558687,-0.02536761,-0.06914795,0.051367477,-4.0534463,0.42157003,1.124048
637562526,637562437,-0.022084564,-0.07727212,0.053374425,-1.0619406,-1.5847977,0.33004275
637566277,637566187,-0.041171566,-0.06882736,0.058882143,-3.3452725,0.5162971,0.9167355
637570077,637569979,-0.04441611,-0.089700416,0.04298655,-1.8971357,-3.0629964,-1.5866662
637573779,637573687,-0.07216739,-0.08459813,0.04750032,-4.662089,-0.4692764,-0.705959
637576301,637576211,-0.05846994,-0.09403119,0.042405732,-0.17854486,-1.8854862,-1.0874175
637580071,637579980,-0.091975264,-0.07734806,0.052343003,-5.571398,2.099121,0.33155653
637583770,637583687,-0.079258606,-0.096351065,0.06061529,-1.3605536,-2.0125046,2.2551842
637587529,637587437,-0.09429486,-0.088795714,0.058271445,-1.3472109,-0.10639219,-0.21374246
637591304,637591211,-0.11104869,-0.073232025,0.052454114,-3.95439,3.0910883,-0.6529583
637593778,637593687,-0.09876193,-0.07309363,0.04866113,0.15855502,1.6412765,-1.5332227
637597529,637597438,-0.099283405,-0.07494966,0.05781455,-0.565906,1.1361433,1.3738098
637601271,637601188,-0.09213601,-0.08083781,0.05332797,1.281772,-0.6511352,-0.3929204
637605067,637604978,-0.09364541,-0.055524506,0.062691934,0.23918939,3.7421358,1.4857191
637608779,637608687,-0.08618261,-0.06016811,0.049489047,1.9075568,0.6317348,-0.78925467
637611277,637611187,-0.08557879,-0.05162488,0.061663263,1.3486849,1.6009464,1.901737
637615071,637614979,-0.08476697,-0.05910671,0.04271748,1.0528076,-0.56367534,-2.1410482
637618777,637618687,-0.0731035,-0.045263577,0.048374455,1.9251714,1.829252,-0.58680457
637622526,637622437,-0.066293254,-0.03731697,0.048501182,2.0982192,2.5913417,0.34936616
637626274,637626186,-0.061904777,-0.038747862,0.055809926,1.3128512,-0.030304486,1.0390637
637628776,637628687,-0.058365874,-0.041475166,0.055884812,1.5128981,-0.30947462,0.8109986
637632526,637632437,-0.050980955,-0.04240505,0.05503691,1.6266444,-0.9045365,0.2435601
637636294,637636211,-0.040150475,-0.026263552,0.04752303,2.7805643,2.6331096,-1.4842596
637640071,637639980,-0.040043447,-0.042292733,0.037010156,0.76430964,-1.8370283,-2.149586
637643778,637643687,-0.028206922,-0.03782209,0.03733991,2.5385444,0.0057475627,-0.8018041
637646278,637646188,-0.031749703,-0.047362287,0.04433951,0.9311844,-1.8650408,1.2492536
637650066,637649978,-0.025725342,-0.02653767,0.052639246,1.9420401,3.0735118,1.520818
637653781,637653687,-0.032358702,-0.038823415,0.04154268,-1.1401454,-0.8330296,-1.296129
637657528,637657437,-0.015685005,-0.03835322,0.023197867,2.6460054,-0.66436106,-3.4651458
637661279,637661188,-0.030594435,-0.043054417,0.020163978,-1.1032679,-0.3649512,-1.4634635
637663779,637663688,-0.022782352,-0.034832627,0.024840863,0.9384035,1.1355535,-0.004417536
637667518,637667437,-0.028804647,-0.0423863,0.037314344,-0.60290354,-0.37031287,2.3347638
637671270,637671188,-0.025606964,-0.037774637,0.03405917,0.084674,0.08177039,0.057020057
637675072,637674980,-0.026741836,-0.0449978,0.041341055,-0.5771108,-0.5058026,1.0510572
637678778,637678687,-0.026675468,-0.037170086,0.022821544,0.4944493,0.6694828,-2.1499822
637681301,637681211,-0.024931988,-0.033403836,0.021476598,0.8560032,0.9443567,-1.2059613
637685078,637684980,-0.021516573,-0.036237463,0.014617951,1.6015452,-0.4172926,-1.1594827
637688776,637688687,-0.028722584,-0.041805167,0.03843206,-1.2218457,-0.86361146,3.0952358
637692528,637692438,-0.023988059,-0.032633804,0.039909028,0.55735147,1.0226418,1.4017467
637696303,637696212,-0.032230064,-0.03462303,0.02539987,-1.1096094,0.18975651,-2.3321714
637698777,637698687,-0.021167133,-0.03213827,0.014790391,1.4832819,0.415145,-2.9859343
637702527,637702437,-0.02099828,-0.042773448,0.015955998,0.5196625,-1.5937028,-1.2104166
637706282,637706188,-0.014518215,-0.036468867,0.015670892,1.425911,0.5811004,-0.043423787
637710067,637709978,-0.019474044,-0.031055896,0.028132673,-0.321781,1.3290989,1.4266294
637713777,637713686,-0.00962352,-0.03404764,0.040567026,1.1641393,-0.44509372,2.8009334
637716267,637716187,-0.018304316,-0.039096173,0.03283661,-0.90214324,-1.1281061,0.08107091
637720080,637719980,-0.014481691,-0.0370008,0.018608263,0.4203628,-0.27623618,-1.598134
637723778,637723688,-0.015057036,-0.03496582,0.008155796,0.4156586,0.52510595,-2.3191752
637727526,637727437,-0.0057084537,-0.03762415,0.022263698,1.2715203,-0.9663459,1.510124
637731278,637731188,-0.013557425,-0.029568344,0.033472106,0.44957045,1.2711252,2.6134205
637733771,637733688,-0.014421969,-0.032512706,0.042191528,-0.18914436,0.098708704,3.1160653
637737524,637737436,-0.020513475,-0.026799377,0.030099632,-0.16540267,1.5774791,-0.7492801
637741305,637741212,-0.02009427,-0.032180976,0.016887568,-1.1766742,-0.6541725,-2.688249
637745071,637744980,-0.006945347,-0.03198475,0.0007603632,2.3744974,-0.05104601,-3.2623334
637748777,637748687,-0.023950309,-0.03652766,0.017065963,-1.6686141,-0.71567184,1.3945392
637751271,637751188,-0.008759783,-0.034011707,0.021783648,2.4466593,-0.13117112,2.0566504
637755067,637754978,-0.021842612,-0.04064328,0.034345604,-1.4122101,-0.7573137,2.6980057
637758776,637758687,-0.008671621,-0.03610735,0.017048722,1.0120838,-0.017471181,-1.7937564
637762526,637762437,-0.021779567,-0.041866753,0.0049979654,-0.93008095,-0.6479507,-3.009658
637766271,637766188,-0.0087897,-0.046832398,-0.0020916515,0.65232164,-1.0689108,-1.7354695
637768776,637768687,-0.021065157,-0.042226125,0.006917961,-1.6487489,0.32230267,0.5469468
637772530,637772439,-0.0009358233,-0.04648146,0.023892414,1.9266402,-0.97710437,3.4963934
637776276,637776187,-0.0075193928,-0.048265398,0.023350643,0.9819245,-0.67699945,0.5852884
637780066,637779978,-0.008429572,-0.043180108,0.01967808,-0.9681033,0.7694389,-0.0725395
637783777,637783687,-0.0022052925,-0.04824805,-0.00034453877,1.730329,-0.89261955,-3.439415
637786293,637786210,-0.0114346165,-0.04957491,-0.00026276486,-1.2954165,-0.75226265,-1.5905849
637790073,637789982,-0.011174864,-0.04512256,-0.0015102077,0.48322928,0.40885732,-1.2147079
637793779,637793688,-0.022423578,-0.043529917,0.016437536,-2.7078176,0.61824465,2.7191122
637797526,637797437,-0.002569433,-0.043024316,0.011582589,2.64168,-0.05932958,-0.091908306
637801301,637801211,-0.028529268,-0.03701724,0.012067133,-2.836988,1.3154811,-0.2758616
637803777,637803687,-0.014740154,-0.04067612,-0.005791183,0.9396804,0.0426681,-3.5504127
637807526,637807437,-0.032041058,-0.048043616,-0.0024014283,-2.460639,-0.6974261,-0.4974848
637811280,637811188,-0.019817613,-0.049628872,-0.0114384685,0.92690086,-0.74007636,-1.1601185
637815069,637814979,-0.03650277,-0.042701956,0.0060380385,-1.8690833,0.585207,2.038917
637818776,637818687,-0.036230728,-0.05415139,0.010601637,-1.1763228,-1.5082883,2.0965781
637821270,637821188,-0.045701593,-0.054798365,0.013952539,-2.3011262,-1.1501316,1.38774
637825065,637824977,-0.04194227,-0.058061823,-0.0049461285,-0.27847075,-0.7733106,-1.867907
637828777,637828687,-0.045047484,-0.060989987,-0.014377913,-0.24381445,-1.1542321,-2.641764
637832529,637832438,-0.04725963,-0.062411755,-0.0021821056,-0.59962654,-0.40301147,1.5346521
637836268,637836187,-0.048415508,-0.0663182,-0.0005526243,-0.18937522,-0.8785115,0.64782995
637838777,637838687,-0.05763736,-0.06356036,0.0022141812,-1.8074753,0.1456691,1.0459319
637842526,637842437,-0.052865297,-0.07684489,-0.0069707083,-0.20922247,-2.1770847,-1.512101
637846299,637846210,-0.052792493,-0.06553977,-0.005737205,0.3557687,0.8998685,-0.24791771
637850071,637849980,-0.050864924,-0.06551964,-0.023741325,0.42070788,0.5844054,-2.9356544
637853779,637853688,-0.044457432,-0.06081102,-0.014944109,1.1790498,0.665066,-0.20648398
637856278,637856187,-0.044674415,-0.06254011,-0.017904853,0.4145994,0.1725116,-0.48750818
637860071,637859980,-0.038048238,-0.052146133,-0.0016029812,1.536927,1.4234827,2.0390048
637863778,637863687,-0.04131555,-0.045833956,-0.01563182,0.06750925,2.0905411,-0.81788296
637867526,637867437,-0.028084079,-0.04237996,-0.014581908,2.257061,0.8131817,-0.70715374
637871271,637871188,-0.029119119,-0.028662514,-0.009041777,0.66407794,3.13069,1.1464237
637873778,637873687,-0.021614783,-0.025892599,-0.011388398,1.675763,1.9416697,-0.14147669
637877527,637877437,-0.019435173,-0.014812759,-0.010013766,1.3603758,3.2460866,0.9289281
637881278,637881188,-0.00771731,-0.014997533,-0.0145679945,2.1432698,0.9228418,-0.7375225
637885077,637884979,-0.0078625735,0.0040436867,-0.0016223333,1.1093103,3.5078793,2.100336
637888777,637888687,-0.009863408,-0.007745658,-0.014130789,0.23925449,-0.22076346,-1.0397699
637891301,637891211,-0.008954434,0.0018725101,-0.011981958,0.24737935,1.4820256,-0.12951855
637895070,637894980,-0.010060681,-0.00089637213,-0.01918437,-0.058099866,0.11794356,-1.2913102
637898777,637898687,-0.0064633987,0.006568812,-0.015421068,0.03835782,0.9074991,0.02265825
637902526,637902437,-0.004879737,0.0013974579,-0.022615628,0.6010744,-0.23767662,-1.3347857
637906303,637906210,-0.0072468114,-0.00034863595,-0.007228327,-0.69981307,-0.78749645,1.978807
637908779,637908687,-0.0027441992,-0.0018355714,-0.016920494,0.9500581,-0.7335176,-0.5007733
637912527,637912437,-0.0067594717,-0.0016187641,-0.013164584,-0.5835726,-0.3974737,0.5631957
637916272,637916188,-0.0005226348,-0.005923259,-0.03510275,1.6104116,-0.83653265,-3.0842595
637920070,637919980,-0.015861612,-0.011234115,-0.028599363,-2.3837292,-1.4097747,-0.5664902
637923778,637923687,-0.0009032227,-0.013111192,-0.020068428,1.2167737,-0.7475078,1.7990354
637926277,637926187,-0.018053312,-0.016273921,-0.010555302,-2.4882145,-0.9661848,2.494018
637930068,637929979,-0.00010360601,-0.01905035,-0.015575175,2.3710284,-0.8234766,0.5865691
637933778,637933687,-0.019246235,-0.024090689,-0.025951853,-2.0218337,-1.2145131,-2.013344
637937527,637937438,-0.008880344,-0.026544696,-0.03537688,0.2825999,-0.8637253,-1.7294521
637941278,637941188,-0.014197813,-0.027790202,-0.041733712,0.13544056,-0.22029509,-1.754668
637943778,637943687,-0.0039925557,-0.028550679,-0.032655235,1.6076242,-0.38474795,0.9531702
637947526,637947437,-0.022843212,-0.03378716,-0.023734966,-1.8168262,-0.8031894,1.4940745
637951302,637951211,-0.019393781,-0.037374057,-0.022550369,-1.4087366,-1.0449635,0.5060468
637955074,637954983,-0.013637851,-0.03172526,-0.04024461,1.2477497,0.54640126,-2.9386222
637958777,637958687,-0.018208848,-0.037071206,-0.039934374,-1.0062466,-0.6951691,-0.9156751
637961282,637961188,-0.007428603,-0.034456443,-0.044246726,2.0383942,0.037783537,-1.2022697
637965070,637964980,-0.018002188,-0.036376826,-0.033849552,-1.4995476,-0.031651165,1.3825532
637968777,637968687,-0.003186183,-0.031483613,-0.032828555,2.3485339,0.505374,0.76192665
637972526,637972437,-0.011848532,-0.030845186,-0.023838457,-0.7030867,0.6455913,1.3271871
637976278,637976188,0.001490256,-0.02701132,-0.034195803,1.4838747,0.61799365,-0.83450496
637978776,637978686,-0.010727787,-0.024064768,-0.041445687,-1.2965875,0.91831607,-1.8644246
637982521,637982438,0.011212638,-0.029381325,-0.051599078,2.9695985,-0.6592314,-1.7587519
637986270,637986187,-0.0024319284,-0.019573731,-0.043248713,-0.44354555,1.5637845,0.3615853
637990066,637989978,0.0059079016,-0.020971442,-0.028386006,0.58889973,0.30637005,2.6866903
637993778,637993687,0.006493073,-0.016294522,-0.035528988,1.3830141,0.8910725,-0.29411992
637996299,637996210,0.00026804407,-0.019115241,-0.041865442,-0.80969757,-0.02809859,-1.2520655
638000082,637999979,0.0029194078,-0.014928822,-0.054299783,1.0155319,0.58871806,-2.5677385
638003778,638003687,-0.0064555197,-0.020746997,-0.052976646,-1.9686996,-0.48632652,-0.664979
638007531,638007437,0.0025871373,-0.013074729,-0.05147562,0.94887376,0.7597608,-0.116601184
638011302,638011211,-0.0104528675,-0.010367289,-0.03488374,-1.4980242,1.2133704,2.4113276
638013777,638013687,-0.00012251303,-0.012270708,-0.03828552,0.9752129,0.019669093,0.7175904
638017527,638017437,-0.017488208,-0.0070354515,-0.037414208,-2.163199,1.5263119,0.35360786
638021279,638021188,-0.007710302,-0.008691049,-0.054641362,-0.040760446,-0.2678626,-2.4431126
638025070,638024980,-0.008897267,0.0042380556,-0.05420084,0.48128718,2.2081978,-1.1191689
638028778,638028687,-0.014961069,-0.0025622488,-0.043196294,-1.5555165,-0.05836329,1.8887179
638031278,638031188,-0.011062247,0.010191463,-0.038531236,0.29770145,2.1873224,1.7180847
638035074,638034978,-0.01208549,0.009443766,-0.033982124,-0.5790194,0.72801536,1.7601861
638038776,638038687,-0.0050820266,0.019267326,-0.046012543,1.5613384,1.52366,-1.6169065
638042528,638042437,-0.013319812,0.02273259,-0.05375937,-1.0276492,1.6997659,-1.7156388
638046278,638046188,0.0016257169,0.024617013,-0.061035383,2.2036252,0.37111473,-1.3925846
638048769,638048687,-0.012712111,0.026589878,-0.0515958,-1.3924782,0.8101625,1.0748247
638052527,638052437,-0.0004341823,0.03367315,-0.044750083,1.6632429,0.72976756,1.3640677
638056299,638056210,-0.014404848,0.03573353,-0.042615976,-1.4644481,1.2954141,0.6033269
638060070,638059980,0.0010965943,0.02897585,-0.05424143,1.317929,-1.2042923,-1.618861
638063778,638063688,-0.0040405323,0.040804073,-0.058409095,0.51243335,1.700182,-1.1941303
638066271,638066188,0.002122602,0.03135123,-0.05811043,1.3037891,-0.9754082,-0.46551615
638070071,638069980,-0.0112398425,0.038473416,-0.047564402,-0.88540864,1.2177447,1.5847079
638073780,638073687,-0.008522183,0.021193624,-0.044613253,-0.92953116,-2.3769534,1.0324823
638077526,638077437,-0.0011268016,0.033069752,-0.044780523,1.5820787,0.7161912,0.15769029
638081279,638081188,-0.008789701,0.01993261,-0.0526423,-1.1521871,-1.206672,-0.94875354
638083778,638083687,0.001640246,0.028106125,-0.057543732,1.6280453,0.59511745,-1.3959833
638087542,638087453,-0.011067973,0.005016847,-0.055174667,-1.8996096,-2.8119063,0.22631033
638091277,638091188,0.0018288321,0.008250571,-0.05017361,1.1497475,-1.2944069,0.6386652
638095068,638094979,-0.0109191025,0.0062487274,-0.043788962,-1.475615,-0.026841223,1.3540901
638098768,638098687,0.0023762956,-0.008675271,-0.05118838,1.1989207,-2.9989164,-0.612644
638101293,638101211,-0.006282446,-0.012937894,-0.05475987,-0.6955906,-2.1475148,-0.9641103
638105074,638104982,0.0043980847,-0.025297917,-0.06046852,0.92422026,-3.4169817,-1.2833384
638108777,638108687,-0.004132929,-0.01822438,-0.061567664,-0.3200749,0.07127493,-0.6279302
638112527,638112438,-0.0033408252,-0.035775818,-0.052215926,-0.6108556,-3.0170028,1.2034198
638116304,638116210,-0.0013739003,-0.036398657,-0.04356724,0.63572174,-1.3686767,1.9882888
638118776,638118687,-0.003439317,-0.049134642,-0.046763353,-0.11770305,-3.2382183,0.35060188
638122527,638122437,-0.002224407,-0.040457055,-0.052704215,0.69890493,0.2540548,-0.6026121
638126278,638126188,-0.010409776,-0.055019114,-0.05770037,-1.5786395,-2.0550306,-1.1468962
638130071,638129980,-0.005715413,-0.055830188,-0.050106417,0.33708626,-1.4335841,0.89281726
638133778,638133687,-0.016201995,-0.059106033,-0.055814866,-1.5514917,-0.57226247,-0.34310845
638136271,638136188,-0.009647247,-0.051165093,-0.045753684,0.2113692,0.9039072,1.6108667
638140067,638139978,-0.017528065,-0.055822987,-0.04688823,-1.4205035,0.22693011,0.34249628
638143777,638143687,-0.010560523,-0.06215318,-0.045003265,0.1482329,-1.5236886,-0.009788521
638147528,638147438,-0.015872084,-0.052696608,-0.059207924,-0.031297408,1.2642381,-1.7989287
638151270,638151188,-0.021778822,-0.053891,-0.06057875,-1.6202357,0.42375088,-1.3295496
638153781,638153688,-0.01761401,-0.042181805,-0.058042817,0.19628888,2.3951995,0.045164064
638157526,638157437,-0.022518607,-0.04915071,-0.04877276,-1.5758574,-0.020757914,0.8597288
638161301,638161211,-0.009479874,-0.0443753,-0.04474875,1.6719078,0.4936117,1.4282188
638165071,638164980,-0.026294727,-0.03313002,-0.060221665,-1.8711684,2.5619142,-2.426743
638168777,638168687,-0.020612752,-0.029357001,-0.0557043,-0.5107972,1.2638879,-0.32923758
638171281,638171190,-0.02494572,-0.02214978,-0.06431572,-0.7290432,2.1225486,-1.6966901
638175069,638174979,-0.010888204,-0.030096902,-0.04757079,1.6454571,-0.6444555,2.4358814
638178776,638178687,-0.017460693,-0.010765157,-0.050075687,0.6106421,2.9538624,0.68588734
638182522,638182438,-0.030182939,-0.006953631,-0.04625893,-2.4151433,1.9929477,0.5178068
638186270,638186187,-0.017670274,-0.00019567035,-0.05518471,1.779031,1.5162364,-0.6897576
638188776,638188687,-0.025207207,-0.008711638,-0.05521797,-0.8208406,-0.45890298,-0.63574654
638192528,638192438,-0.012884407,0.0040158625,-0.054316334,2.296189,1.6011962,0.5228207
638196278,638196188,-0.028106244,0.009265713,-0.051876638,-1.777128,2.1880717,0.122473165
638200074,638199978,-0.011785805,0.013025537,-0.04174879,1.7887634,0.4349241,1.8942086
638203781,638203687,-0.028263984,0.01689511,-0.049924456,-1.115351,1.3893847,-0.34236813
638206303,638206210,-0.017511474,0.011927298,-0.050461028,1.2380316,-0.5421239,-0.32254186
638210072,638209979,-0.030080423,0.02403447,-0.062354524,-0.94144493,2.488306,-2.0648348
638213777,638213687,-0.016213167,0.014735743,-0.05382959,0.5621003,-0.93384415,0.37491566
638217526,638217437,-0.011644947,0.024614396,-0.04547465,1.876987,1.2262346,1.8470303
638221301,638221211,-0.027418483,0.012368454,-0.04598253,-2.4571207,-1.0712898,0.21293508
638223778,638223687,-0.021026913,0.026815336,-0.048565667,0.4006005,1.9267197,-0.121377595
638227526,638227437,-0.023018861,0.017819237,-0.054840546,-0.7172703,-0.5969738,-1.4420613
638231278,638231188,-0.008208874,0.019622214,-0.052121043,2.2470653,-0.44013992,0.056968346
638235078,638234980,-0.022571113,0.019280042,-0.056017764,-1.4284023,0.3777225,-0.6974473
638238777,638238687,-0.0145588005,0.020330284,-0.04482367,0.3326564,0.029765366,1.3237231
638241278,638241188,-0.022259207,0.022375349,-0.04540701,-1.085555,0.46181604,0.6049264
638245067,638244979,-0.008061177,0.019222736,-0.03836188,1.7194676,-0.48882365,1.4094832
638248770,638248687,-0.013642963,0.019026907,-0.051399883,0.059163198,-0.08800526,-1.4504833
638252528,638252438,-0.0136698065,0.023912333,-0.054733545,-0.34696633,0.84918755,-1.4582585
638256278,638256188,-0.011973184,0.02836653,-0.054029062,0.5334306,0.8082147,0.18690443
638258776,638258687,-0.009365392,0.029969206,-0.044821102,0.6317815,0.70953524,1.519789
638262527,638262437,-0.006892143,0.025094923,-0.039767347,0.7575817,-0.6559852,1.8086065
638266299,638266210,-0.0036636582,0.03426168,-0.045369387,0.87203497,1.3573415,-0.72876304
638270072,638269980,-0.0021428561,0.041005976,-0.049790967,0.6765263,1.8134432,-0.75595754
638273780,638273688,-0.0061735967,0.043637726,-0.059134204,-0.24399234,0.70751774,-1.5077727
638276278,638276187,-0.009599549,0.03521751,-0.05320538,-0.6231284,-0.96956664,0.333111
638280070,638279980,-0.0061329724,0.041708034,-0.048951745,0.2961479,0.46557987,0.9176537
638283778,638283687,-0.0016518233,0.045423,-0.041943718,0.75210655,1.192585,1.2036743
638287526,638287437,-0.0025986792,0.049484894,-0.04684008,-0.043238442,0.48612228,-0.40650332
638291282,638291188,-0.0070156045,0.049131695,-0.05228526,-0.48985255,0.58939654,-0.891853
638293778,638293687,-0.0075762626,0.039983463,-0.056070194,-0.38926277,-1.6361891,-1.1603607
638297528,638297438,-0.009519623,0.046826467,-0.050138056,-0.04949259,1.0450435,0.96527696
638301271,638301188,-0.009081713,0.038565755,-0.046292033,-0.25267696,-1.1740538,0.6365601
638305070,638304978,-0.0085129365,0.049455546,-0.03774148,0.5492714,0.99167776,1.8494654
638308777,638308687,-0.019833546,0.027999448,-0.049725566,-1.5945787,-2.4051645,-1.1846023
638311301,638311211,-0.017539995,0.037373934,-0.04513559,-0.23235601,0.19546287,0.26251346
638315071,638314980,-0.019186407,0.026557015,-0.060204938,-0.47044957,-1.2871444,-2.4665263
638318776,638318687,-0.011558927,0.027986435,-0.044798747,0.69824564,-0.84253585,1.3455492
638322526,638322437,-0.01696706,0.021209335,-0.04640953,-0.45087704,-0.6702296,0.61941504
638326299,638326210,-0.024879433,0.010729936,-0.0402555,-1.9288067,-2.2636256,0.30835295
638328777,638328687,-0.024148671,0.016482564,-0.05089554,-0.7636388,-0.0995316,-1.4339279
638332526,638332437,-0.0175255,0.0025713565,-0.04578724,0.54703695,-2.6950326,-0.30583197
638336272,638336188,-0.007166516,-0.0018886013,-0.05001726,2.263514,-1.6211817,0.25695968
638340071,638339980,-0.018024478,-0.0063018133,-0.0532663,-0.9440005,-1.0695007,-1.5229615
638343779,638343688,-0.014336454,-0.004210449,-0.036908194,-0.45927632,-0.6738072,2.4806101
638346278,638346188,-0.019233586,-0.0111414995,-0.047604967,-1.3558125,-1.469287,-1.1315765
638350075,638349979,-0.008150265,-0.01980753,-0.03560848,0.7320752,-2.26973,2.4024441
638353778,638353687,-0.004562236,-0.02435202,-0.054379035,1.7430788,-1.3004779,-1.9774976
638357527,638357438,-0.011404318,-0.028824273,-0.039421786,-0.606445,-1.3922288,1.5758398
638361279,638361188,-0.005006348,-0.023257855,-0.05109476,1.0221915,0.08411999,-0.5494293
638363778,638363687,-0.014919756,-0.035124086,-0.039633628,-1.6996644,-2.0901914,1.4010794
638367527,638367437,-0.007247691,-0.03495832,-0.05096143,0.6417743,-0.991403,-1.0427828
638371301,638371211,-0.011232565,-0.04131773,-0.04244666,-0.1579513,-1.0038488,0.30329934
638375072,638374979,-0.0014737628,-0.035370193,-0.044967644,1.3903178,-0.007177925,0.26547956
638378777,638378687,-0.017005635,-0.03320067,-0.047293995,-1.4750124,0.7551704,-0.48321757
638381271,638381188,-0.012204851,-0.043242108,-0.04666353,-0.1965994,-1.6233495,-0.13966238
638385078,638384980,-0.022598045,-0.035359874,-0.047699485,-1.3808088,1.2804466,-0.50367725
638388776,638388687,-0.012826786,-0.042552993,-0.044930853,0.08105203,-0.7829924,0.13079703
638392527,638392437,-0.011589869,-0.02917543,-0.039817177,0.9914594,1.704744,1.0879747
638396282,638396190,-0.025854923,-0.034694646,-0.046936255,-2.2049286,0.2488057,-0.6681742
638398777,638398687,-0.019431464,-0.025645627,-0.04021623,0.12459784,1.7330389,0.9148935
638402529,638402438,-0.028472101,-0.029857075,-0.049703855,-1.9715893,0.5356368,-1.1588172
638406281,638406188,-0.015913669,-0.023684125,-0.043988314,1.095192,0.67136717,0.029978136
638410066,638409978,-0.021731399,-0.015637802,-0.04510712,-0.122705266,1.6816231,0.40610456
638413778,638413687,-0.02496438,-0.012763132,-0.04615046,-1.405547,1.0595618,-0.6382703
638416299,638416210,-0.023265721,-0.009302617,-0.040773787,-0.28445557,1.1932116,0.8075792
638420071,638419979,-0.02521573,-0.00745825,-0.046784658,-0.79420745,0.97632986,-1.2490731
638423778,638423687,-0.018539544,-0.007334868,-0.043267634,0.8037938,0.08730185,0.2119286
638427526,638427437,-0.023560755,0.008747164,-0.048534196,-0.6731837,2.8751562,-0.7653042
638431301,638431211,-0.021957546,0.004438287,-0.041517843,-0.589779,0.5470317,0.5856039
638433778,638433687,-0.022852244,0.0141599635,-0.041359015,-0.39176917,2.0570698,0.45260352
638437526,638437437,-0.018967139,0.00460183,-0.038777772,0.5451358,-0.5542133,0.21136993
638441281,638441188,-0.020502307,0.019608594,-0.04392055,0.15561968,1.656729,-0.33433256
638445071,638444980,-0.022548856,0.023392,-0.047774702,-0.63559353,2.1028972,-1.0505399
638448776,638448687,-0.021513484,0.021926934,-0.03889666,0.11713869,-0.009264787,0.9469988
638451270,638451188,-0.021773469,0.024589594,-0.044349894,0.1959615,0.8122283,-0.43723455
638455067,638454978,-0.0237963,0.024910962,-0.034802392,0.050884496,-0.26643354,1.4774
638458776,638458687,-0.027275845,0.03652986,-0.041889317,-0.57041085,2.0518076,-0.22442895
638462528,638462438,-0.029251212,0.031977005,-0.03751669,-0.5793796,0.22523072,0.15002841
638466270,638466188,-0.028548215,0.03938429,-0.044279657,-0.060778834,1.10666,-0.38436624
638468777,638468687,-0.030762486,0.036936972,-0.0416279,-0.50754637,0.10562098,-0.003927468
638472526,638472437,-0.03253171,0.03996307,-0.036471914,-0.62485725,0.34774402,1.4041178
638476299,638476210,-0.037900336,0.04056152,-0.03552465,-0.79340416,0.66659796,0.103874825
638480072,638479980,-0.033686776,0.038495842,-0.027917804,-0.18243586,-0.34578887,1.4690603
638483778,638483687,-0.03399447,0.047144257,-0.04165984,0.5178866,1.290964,-1.2681937
638486278,638486187,-0.03412159,0.04021702,-0.034523528,0.10291294,-0.69430184,0.5950166
638490072,638489980,-0.040024795,0.041575138,-0.0402896,-0.38727325,0.31782803,-0.59596854
638493778,638493687,-0.040534806,0.03281576,-0.0282425,-1.5331453,-1.3379041,1.2720227
638497518,638497437,-0.029489411,0.044225868,-0.029173832,2.0548792,1.1199132,0.89369226
638501281,638501191,-0.048298825,0.03401098,-0.030946873,-2.3789675,-0.69412094,-0.56112874
638503778,638503687,-0.029019954,0.04083869,-0.03486499,2.8615,0.8007645,-0.72875804
638507530,638507437,-0.044367615,0.027450483,-0.036899526,-1.7309425,-1.487668,-1.0572906
638511282,638511191,-0.024272334,0.03460623,-0.030975502,2.3454576,-0.00867806,0.8989317
638515075,638514979,-0.046542585,0.03350079,-0.035509426,-1.9878495,0.4121372,-0.80599076
638518777,638518687,-0.031798277,0.0278076,-0.023413166,0.37702036,-1.161355,1.6212537
638521301,638521211,-0.04152212,0.025690747,-0.02902494,-1.0311348,-0.883126,-0.1433324
638525068,638524979,-0.028458972,0.02729245,-0.02470873,0.8035161,-0.40560377,1.2564158
638528775,638528687,-0.032662217,0.029070182,-0.03771519,0.87902355,0.4026911,-1.8379284
638532528,638532438,-0.03937163,0.026263949,-0.027378004,-1.4591177,-0.48526302,1.1168731
638536300,638536210,-0.025783617,0.026600923,-0.03113629,1.9139141,-0.10250968,0.105182566
638538776,638538687,-0.03807559,0.026130525,-0.020406816,-1.5632696,-0.094661795,2.0049481
638542527,638542437,-0.0255133,0.024462814,-0.026124436,1.8051403,-0.3645546,-0.27737644
638546275,638546186,-0.0377513,0.023339968,-0.022768332,-1.2906203,-0.2634336,0.5143379
638550077,638549980,-0.024737379,0.020820132,-0.031679723,1.167,-0.5452704,-1.3486685
638553781,638553688,-0.027241645,0.022157608,-0.023040777,0.53836733,0.02874276,0.82777315
638556279,638556188,-0.026795547,0.019420847,-0.02787624,0.0985443,-0.65125525,-0.5673708
638560070,638559980,-0.024271596,0.018380323,-0.019343752,0.6774342,-0.3242196,1.6828926
638563772,638563687,-0.020063791,0.011981399,-0.022705318,1.0455103,-1.2402573,-0.1666533
638567526,638567437,-0.022451295,0.021969272,-0.013638935,0.009495375,0.9530951,1.7609336
638571279,638571188,-0.017055757,0.015310719,-0.028178342,1.1232232,-0.5492095,-1.7280418
638573778,638573687,-0.014261793,0.017674152,-0.020697633,1.3441519,0.11675938,0.69771016
638577528,638577438,-0.017364113,0.007365748,-0.028982002,0.07979014,-1.4562339,-1.5906943
638581301,638581211,-0.016005322,0.015765697,-0.015585822,0.0030380308,0.4499603,1.6683599
638585066,638584978,-0.016795637,0.019237801,-0.024254538,-0.013772244,0.8712311,-0.9927513
638588776,638588687,-0.019404575,0.01873552,-0.011175265,-0.8982425,0.22347993,1.5535789
638591277,638591187,-0.014857692,0.01677299,-0.020175472,0.41381723,-0.39080387,-0.92202973
638595071,638594980,-0.01721698,0.014580611,-0.01789281,-0.41213205,-0.20427676,0.5393638
638598776,638598687,-0.0153746335,0.018337386,-0.021420646,-0.0782779,0.25710288,-0.5104094
638602527,638602437,-0.02215642,0.023276316,-0.0118007315,-0.8624623,1.1816747,1.5653389
638606280,638606187,-0.018630508,0.013530359,-0.018652236,-0.06778309,-1.5139405,-0.5473589
638608781,638608687,-0.019939346,0.019342734,-0.015854334,-0.11787281,0.39333513,0.26732528
638612526,638612437,-0.020249862,0.014441058,-0.009015405,-0.5194211,-1.1405292,1.0902671
638616270,638616187,-0.023071568,0.020647602,-0.014727666,-0.45838213,0.94078726,-0.37292978
638620069,638619979,-0.022670865,0.012565306,-0.0109941,-0.31637022,-1.4498731,0.22460636
638623778,638623687,-0.023482807,0.017523205,-0.013455543,-0.062081955,0.33467278,0.22149298
638626303,638626213,-0.022087865,0.014932411,-0.003765552,-0.046051975,-0.4664016,1.7262533
638630067,638629978,-0.021214277,0.015210197,-0.014788151,0.38214663,0.30795714,-0.9132978
638633778,638633687,-0.023466796,0.013311744,-0.0042397464,-0.6602686,-0.58242184,1.0581084
638637528,638637437,-0.01446592,0.012297966,-0.010252227,1.5663391,-0.015107118,-0.09513572
638641302,638641211,-0.024266534,0.010935151,-0.0031864785,-1.122137,-0.5201848,0.44039527
638643778,638643688,-0.01848354,0.008269985,-0.015705138,0.45610094,-0.79454607,-1.8950024
638647519,638647437,-0.012760654,0.010838986,-0.0042068763,1.0735428,-0.09342835,1.1687613
638651272,638651187,-0.00934384,0.00045994384,-0.0112467045,1.1755357,-1.6469576,-0.71331525
638655072,638654980,-0.012997396,0.013302571,-0.0007404749,0.16406655,1.3092715,1.1658131
638658777,638658687,-0.003641103,0.0009550453,-0.013604594,1.1900016,-1.4259297,-1.2852863
638661283,638661188,-0.006087858,0.007851736,-0.0024739313,0.48098624,0.4465481,1.1965783
638665080,638664980,0.0010401318,-0.005626218,-0.00509393,0.8643409,-2.0774136,-0.106655486
638668777,638668687,0.00087029417,0.0054759355,-0.0015831603,0.857081,0.899904,0.44331214
638672526,638672437,0.0071020466,-0.0017748559,-0.00782698,0.8126028,-0.82897216,-0.8085231
638676278,638676188,0.0073141586,0.0009761734,-0.00046263234,0.8408426,-0.032782737,0.8576598
638678776,638678687,0.016231133,-0.0026614815,0.004125303,2.1393452,-0.66821826,1.2413155
638682527,638682437,0.0037946517,0.0016769571,0.0011708612,-1.19877,0.6294873,0.06350258
638686304,638686210,0.017445704,-0.0011493881,0.0025614968,1.4868233,-0.4040869,0.07681181
638690067,638689978,0.007687178,0.0019937444,9.320071e-05,-0.7472682,0.7381292,-0.24258061
638693777,638693687,0.014057443,-0.0005110981,0.0025384205,0.12312003,-0.42493147,0.08755395
638696274,638696186,0.011477059,0.00011629207,4.755697e-05,-0.13059586,0.10711672,-0.49051565
638700078,638699980,0.020047294,0.002463928,0.011771988,1.0666646,0.10136806,1.7973197
638703778,638703687,0.014426149,0.0019113095,0.0055483053,-0.23734653,0.15977494,-0.45833
638707527,638707437,0.016398802,0.0034501646,0.010295747,0.32076192,-0.064894974,0.68282276
638711281,638711187,0.012631268,0.0057726586,-0.000595491,-0.51469845,0.6588417,-1.4055755
638713770,638713687,0.015982758,0.0071960166,0.008431803,0.29384598,0.50154763,0.88644767
638717525,638717437,0.013085273,0.0017075022,0.008472688,-0.36613095,-0.4681578,-0.045368146
638721280,638721188,0.015768807,0.0031958262,0.014820517,0.38049212,-0.43960354,1.0955187
638725070,638724980,0.015647829,0.0061854254,0.009207423,0.14290573,0.71589077,-0.71581346
638728777,638728687,0.016759662,0.0035730575,0.014458863,-0.025769347,-0.23091696,0.59978
638731301,638731211,0.014574382,0.006650619,0.011327533,-0.22442892,0.41772178,-0.4477028
638735067,638734978,0.014093086,-0.00048162614,0.0143146,-0.24234538,-1.0249672,0.53217494
638738777,638738687,0.01826095,0.008518558,0.017482221,0.5836811,1.1491811,0.60127807
638742528,638742438,0.012303691,0.00033550273,0.0197683,-1.0452203,-0.6594216,0.6129961
638746302,638746211,0.01645639,0.0019746406,0.018509226,0.45268026,-0.4613054,-0.018416114
638748777,638748687,0.016567288,-0.0061541176,0.016875533,0.44125494,-1.73815,-0.34903893
638752527,638752437,0.017762592,0.0040695276,0.019734886,0.5378483,0.93763936,0.41153786
638756277,638756187,0.013998921,-0.006650699,0.018564045,-0.78935707,-1.1882931,-0.13721657
638760071,638759980,0.018156346,0.005654642,0.02393572,0.5373741,1.3049055,0.79677826
638763771,638763687,0.018440502,-0.0063587218,0.01820095,0.36433834,-1.2134757,-0.62531966
638766270,638766187,0.019322854,-0.00021628817,0.023109972,0.5318716,0.45087177,0.5231645
638770071,638769980,0.013639596,-0.0069939955,0.019118033,-0.9607866,-0.9968086,-0.8422723
638773779,638773688,0.018567458,0.0019195031,0.026121613,0.5844759,1.0198319,0.90625995
638777526,638777437,0.018217364,-0.006431996,0.019617047,0.28834516,-0.90983534,-0.9816183
638781271,638781187,0.016816081,-0.0014085174,0.026430618,-0.23555532,0.3992168,0.65695816
638783777,638783687,0.018225472,-0.0042497995,0.02213758,0.36340314,-0.24944675,-0.66466916
638787528,638787438,0.012694992,-0.0033234947,0.028894661,-1.0533217,0.26269206,1.2129065
638791301,638791211,0.02440172,-0.0028164133,0.024316054,1.7919345,-0.02625964,-0.42479968
638795066,638794978,0.011942756,-0.006794585,0.03126305,-1.1470859,-0.56679857,1.0850139
638798777,638798687,0.020668384,-0.005885815,0.028290981,0.7091241,-0.19145426,-0.019831516
638801270,638801188,0.009940959,-0.0054933084,0.027742788,-1.5293528,0.043798704,-0.15621473
638805070,638804979,0.02354047,-0.005499927,0.02810704,1.5952002,0.1009739,0.18713847
638808780,638808687,0.015268019,-0.013914577,0.03169285,-0.9347643,-1.2559673,0.5956469
638812527,638812437,0.021344429,-0.0097989775,0.037410386,0.7282335,-0.12088214,1.3243673
638816267,638816186,0.01791654,-0.013834406,0.029260311,-0.33789968,-0.42299724,-0.8577168
638818778,638818687,0.021950716,-0.0068536503,0.030350931,0.38411462,1.0294908,-0.12342963
638822525,638822437,0.023030162,-0.020402182,0.029518919,0.041401785,-1.6545583,-0.44786507
638826277,638826188,0.02272948,-0.014664675,0.037021853,-0.3207849,0.14099817,1.3064401
638830071,638829980,0.029477738,-0.016476437,0.027925057,1.053119,-0.15581886,-1.2421147
638833779,638833687,0.024873117,-0.015386247,0.03615727,-0.59521174,-0.017889678,0.9652787
638836301,638836211,0.029161781,-0.021750022,0.034075107,0.39494246,-1.2884012,0.08194445
638840069,638839979,0.02498097,-0.01684697,0.038990054,-0.41107848,0.76871943,1.1200678
638843779,638843688,0.03166477,-0.020624207,0.029007705,1.0909336,-0.696791,-1.254005
638847527,638847437,0.025150463,-0.014652788,0.035363562,-0.53510004,1.0147619,0.682071
638851294,638851211,0.029897425,-0.023708833,0.035373982,0.6703376,-1.5216504,0.2565164
638853782,638853688,0.010942127,-0.024377014,0.037543517,-3.3216624,-0.8198994,0.39383155
638857527,638857437,0.025506318,-0.01596162,0.03799664,1.2950644,0.5644246,0.22099805
638861277,638861188,0.008259822,-0.017144188,0.03678524,-2.503857,0.52693945,-0.1965285
638865080,638864981,0.018346004,-0.019969681,0.046675604,0.56007636,-0.91306216,1.5887169
638868777,638868687,-0.0013546658,-0.018300908,0.037320975,-2.648451,0.4740123,-0.995489
638871278,638871188,0.009010688,-0.014043425,0.03831335,0.72893816,0.81134695,-0.30195752
638875071,638874980,-0.0030483413,-0.021280656,0.039112538,-2.4225736,-0.56897205,-0.22764577
638878777,638878687,0.0025924887,-0.018673975,0.048546594,0.19838376,-0.15613154,1.4642737
638882517,638882437,-0.009756836,-0.020608334,0.041100785,-2.3224425,-0.13856052,-0.7958634
638886279,638886188,-0.0032490126,-0.01833762,0.04299725,-0.07902317,0.03076762,0.04044738
638888776,638888687,-0.0031966784,-0.02095383,0.04251763,0.10228285,-0.37128842,-0.08594888
638892533,638892438,-0.013656346,-0.020777903,0.04113908,-1.4130785,0.0033403074,-0.1860028
638896302,638896211,-0.007142458,-0.02358341,0.040474236,0.30484843,-0.6662756,-0.34000656
638900067,638899978,-0.013459094,-0.020644786,0.041232854,-0.5407782,0.35698962,0.030783368
638903778,638903687,-0.011292021,-0.024248678,0.048706975,-0.52177787,-0.58946484,1.069916
638906280,638906187,-0.02345785,-0.023318514,0.04406253,-2.4252937,-0.18795018,-0.28108823
638910072,638909980,-0.010492012,-0.028172718,0.043886356,0.95112437,-0.97949564,0.09257255
638913777,638913687,-0.017756032,-0.026229579,0.035439834,-0.6436939,0.24626216,-1.4357554
638917527,638917437,-0.011502877,-0.023202552,0.046384573,0.6089872,0.2865612,1.4360307
638921278,638921187,-0.021575114,-0.025056245,0.04218264,-1.0623852,-0.018415049,-0.026400266
638923778,638923687,-0.012641129,-0.026372615,0.053594608,1.0270873,-0.35866624,2.1199946
638927524,638927437,-0.019298146,-0.029232053,0.045959685,-1.012864,-0.30722117,-0.7819943
638931272,638931188,-0.012759088,-0.023673942,0.04543579,0.5964735,0.50439703,-0.42437163
638935070,638934980,-0.01532527,-0.027074965,0.037190318,-0.3112625,-0.2296479,-1.4187578
638938777,638938687,-0.009116798,-0.027099842,0.051328048,0.7865074,-0.16504534,1.7559506
638941303,638941212,-0.0092514325,-0.024397751,0.04853478,0.32952222,0.52342284,0.3875781
638945069,638944980,-0.007062597,-0.02634621,0.054920323,0.8790091,-0.12689857,1.2347206
638948775,638948687,-0.0041189617,-0.022600021,0.04584878,0.5731866,0.4810667,-0.9009406
638952528,638952438,1.818793e-05,-0.022488315,0.049500495,1.4374396,0.2911748,0.36800367
638956301,638956211,-0.0033661695,-0.025649982,0.044642247,-0.5460568,-0.5147861,-0.54073817
638958776,638958687,-0.007096559,-0.02307048,0.044959713,-0.79258484,0.2482529,-0.14533009
638962520,638962437,0.007499197,-0.021757834,0.04909663,1.6789742,0.09287439,0.68792844
638966267,638966187,0.0015230408,-0.023468995,0.050112486,0.32102507,-0.12585433,0.3708865
638970072,638969980,0.00018370943,-0.022589015,0.0547315,-0.7035502,0.22637908,0.7617041
638973779,638973688,0.0082434565,-0.023478556,0.044335954,1.6322527,-0.1578331,-1.0977693
638976278,638976188,0.009593795,-0.023814268,0.047490995,0.84727865,-0.17967235,-0.17664686
638980078,638979980,0.0021380133,-0.024618248,0.04299075,-0.49317172,-0.22407806,-0.5879474
638983778,638983687,0.007129118,-0.030159459,0.05350492,0.06263905,-0.99173087,1.0580679
638987524,638987437,0.008483867,-0.024740992,0.051634323,0.5862857,0.5470718,0.5768151
638991282,638991188,0.0069123954,-0.027195482,0.05458705,-0.46745473,-0.27619565,0.11967669
638993778,638993687,0.012509382,-0.02575158,0.05058067,1.0295031,0.092571065,-0.33354774
638997530,638997438,0.006725033,-0.031801853,0.05058954,-0.8088084,-0.80547184,-0.5259839
639001301,639001211,0.013840787,-0.031355742,0.042886928,1.0486385,-0.46866453,-1.011417
639005067,639004978,0.006484505,-0.025219915,0.04720112,-1.0343058,1.0707386,-0.30542693
639008777,639008687,0.015375846,-0.030536894,0.056866188,0.5735196,-0.5266954,1.8483982
639011277,639011187,0.014320836,-0.02215827,0.058939356,0.3153407,1.4098907,1.0830784
639015078,639014980,0.020082323,-0.033044696,0.057488643,0.8560808,-1.1694367,0.52859163
639018777,639018687,0.01229029,-0.0195818,0.04532709,-0.5635863,1.537379,-2.0395727
639022527,639022437,0.013539408,-0.028056994,0.044196777,-0.34907007,-0.34713218,-0.6704825
639026275,639026186,0.018608836,-0.023884494,0.047517914,1.1494374,0.095147096,0.5959045
639028770,639028687,0.015836243,-0.028093342,0.05568874,-0.088011324,-0.54625857,1.8710072
639032526,639032437,0.019613938,-0.020241616,0.061089292,0.89086413,0.6484027,1.4613352
639036278,639036188,0.014175828,-0.019509193,0.05355198,-0.6576426,1.0289233,-0.9069152
639040071,639039980,0.019605674,-0.023973163,0.048252545,0.39491463,-1.0997586,-0.93514824
639043778,639043687,0.013603401,-0.018243516,0.04018676,-0.4696823,0.88544565,-1.2493927
639046301,639046211,0.01737901,-0.02236563,0.04747784,0.36075398,-0.47538444,0.63632345
639050068,639049979,0.013572717,-0.012616791,0.054025672,-0.12849778,1.8777028,1.670058
639053778,639053687,0.018458836,-0.022292104,0.060532574,-0.13451497,-1.3529487,0.9352163
639057527,639057438,0.020686027,-0.010534157,0.058274005,0.77116203,1.513209,0.55570334
639061302,639061211,0.0111392485,-0.0165234,0.037876412,-1.4685969,-0.09172948,-3.395366
639063778,639063687,0.015979972,-0.008524811,0.03959363,0.50982636,1.4130374,-1.293834
639067527,639067437,0.016763058,-0.013100671,0.04073054,-0.54143286,-0.0060283854,-0.69814
639071278,639071188,0.025445368,-0.0065922076,0.06215635,1.3658744,0.68564117,3.1036954
639075070,639074980,0.013771806,-0.0023471073,0.056603055,-1.6466347,1.1245788,0.11551427
639078770,639078687,0.020972054,-0.005156954,0.05291097,0.22906026,0.101751946,-1.0745165
639081271,639081188,0.011929014,0.003156391,0.044321723,-1.1525513,1.5327511,-1.8480731
639085072,639084980,0.022714635,-0.0015267949,0.04422973,1.2445157,0.15068725,-0.853078
639088777,639088687,0.021667052,0.0019162047,0.052019935,0.50792605,-0.015712261,1.2027866
639092526,639092437,0.01915279,0.01277929,0.048789863,-0.7137277,2.4858766,-0.3910417
639096272,639096188,0.017629225,-0.0019828603,0.05847738,-0.98279226,-1.7532977,1.2054375
639098775,639098687,0.015450956,0.011899201,0.050835975,-0.69407964,1.8093883,-0.6730279
639102527,639102437,0.009471854,-0.005459618,0.05352815,-1.2760756,-2.5837784,0.14999749
639106303,639106211,0.017711412,0.01600821,0.043891452,1.4994276,2.1113973,-0.84761125
639110069,639109980,0.0012254419,0.0022422546,0.045096572,-2.0829248,-0.49790576,-0.57269615
639113777,639113687,0.011850854,-0.000508365,0.057623226,-0.28469083,-1.7216856,1.9090232
639116269,639116187,-0.0053003537,-0.002547465,0.054758642,-3.151831,-0.840195,0.3651544
639120071,639119980,0.0014635698,-0.007099511,0.06268283,-0.87336636,-2.4360406,1.7002397
639123778,639123687,-0.005596067,0.00021137622,0.051190086,0.18540813,1.2362268,-0.9179267
639127528,639127437,-0.01447854,-0.017048262,0.047275126,-2.1599803,-2.6022003,-1.4110469
639131270,639131187,-0.0011791129,-0.0049119447,0.054354537,1.899864,0.8136964,1.2023067
639133778,639133687,-0.018823968,-0.020003865,0.053998284,-2.460757,-2.3375251,0.26911867
639137525,639137436,-0.008860881,-0.011665397,0.06808284,1.3364316,0.49912074,2.9765952
639141282,639141188,-0.027039295,-0.020559972,0.05339925,-2.2292235,-0.73098433,-1.3823745
639145070,639144980,-0.016278492,-0.021626433,0.05805217,0.16055109,-0.77228254,-0.054113235
639148777,639148687,-0.019125432,-0.019899525,0.049601864,0.78783274,0.18998136,-0.30837083
639151301,639151211,-0.022349726,-0.021647427,0.05688532,-0.50840026,-0.29331943,0.8045663
639155067,639154978,-0.023273319,-0.022008544,0.057018194,0.36118177,-0.1326147,1.4512032
639158776,639158687,-0.027444746,-0.013640046,0.056128725,-1.3018254,1.2480586,-0.72929335
639162523,639162438,-0.017354157,-0.017814174,0.0700087,1.151199,-0.059243303,2.6963353
639166294,639166211,-0.024729872,-0.012208418,0.048159778,-0.018867351,0.59722894,-2.22118
639168777,639168687,-0.022159163,-0.016494019,0.05800183,0.49006936,-0.36505467,0.59037524
639172527,639172437,-0.021646006,-0.009356051,0.047020357,0.3176374,0.30409986,-1.5908281
639176274,639176186,-0.018266127,-0.006246586,0.059927855,-0.10581029,1.2529985,0.82634187
639180078,639179980,-0.011805524,-0.008456427,0.05946975,1.236872,-0.5837687,0.61839443
639183778,639183688,-0.019814543,0.0073920735,0.061700594,-1.1658168,2.6599085,0.24615435
639186278,639186188,-0.011947587,-0.002029581,0.060248252,0.91516507,-0.5210363,0.019204643
639190071,639189980,-0.018258655,0.01495083,0.053505905,-1.2506458,3.0345433,-1.2482994
639193778,639193687,-0.004013873,-0.0027463099,0.049205307,1.6183136,-1.3119276,-1.1968071
639197518,639197437,-0.0055774655,0.0153009575,0.05565131,0.89814895,1.5253438,0.75482684
639201280,639201188,-0.0054218504,0.01188488,0.055157524,-0.343014,1.5521712,0.15470181
639203777,639203687,-0.01127731,0.017311376,0.06590167,-1.2898538,1.2743955,1.9558941
639207528,639207437,-0.009487384,0.011042949,0.0529852,-0.7997291,0.9972477,-1.1722835
639211301,639211211,-0.007493892,-0.0007765623,0.056198675,0.061090168,-2.6965537,-0.7957578
639215077,639214979,-0.0048643956,0.026177129,0.055370163,0.6833373,3.5690262,0.7150361
639218776,639218687,-0.012498143,0.00081412087,0.0447283,-0.87325966,-2.1198187,-2.1776867
639221277,639221188,-0.014068715,0.024529377,0.05983504,-0.6887416,3.0153723,2.026336
639225072,639224980,-0.027929887,-0.0039305757,0.051630646,-2.6764045,-2.8159528,-1.8989545
639228769,639228687,-0.020424953,0.011852775,0.070031434,-0.6133077,0.29274923,2.442604
639232527,639232437,-0.021161307,0.008074208,0.04647339,-0.21300149,0.8125375,-2.6416981
639236275,639236186,-0.02785909,-0.0024523416,0.055497084,-1.8811737,-2.5197499,-0.8762672
639238776,639238687,-0.026932377,0.007183665,0.040538207,-0.42166677,0.89618814,-2.7573857
639242525,639242437,-0.03549498,0.001951421,0.057875924,-2.0985136,-1.1182165,0.9578637
639246270,639246188,-0.026839841,0.013516307,0.05738589,0.90220016,1.3256586,1.555665
639250071,639249980,-0.03808296,0.0035034018,0.056516036,-1.9719852,-0.5959087,-0.84301615
639253779,639253688,-0.028614787,0.0065400456,0.06015183,0.44060132,-0.5127855,0.463546
639256302,639256211,-0.03749778,0.0037931271,0.04552112,-1.3083647,-0.44639236,-2.8054934
639260070,639259979,-0.023185823,0.0028380223,0.057807207,2.1889212,-0.76830786,1.65323
639263778,639263687,-0.035088275,0.0044461777,0.049126852,-0.28472358,0.115531825,-0.58418304
639267527,639267437,-0.026855884,0.0026357467,0.062302943,0.63073266,-0.23664585,1.6181471
639271302,639271211,-0.025060283,-0.00522806,0.056914505,1.3170637,-1.4757568,0.62745166
639273779,639273688,-0.030292079,-0.0030446113,0.062415335,-0.6591352,-0.23383707,1.0099875
639277527,639277437,-0.03036304,-0.014811087,0.054082714,0.28985575,-2.4115152,-0.53822774
639281270,639281187,-0.032305397,-0.01192902,0.04905449,-0.38264933,-0.16386308,-1.3003198
639285072,639284980,-0.019794514,-0.02356321,0.055540953,1.9202871,-1.7453151,1.0134572
639288777,639288687,-0.026972102,-0.01924005,0.06128182,-0.0020939691,-0.5908032,1.3556926
639291279,639291188,-0.024709284,-0.024399702,0.059170928,0.4821366,-1.0148947,0.36731553
639295070,639294980,-0.033060096,-0.031742267,0.054091305,-1.0846063,-2.2434702,-0.7734236
639298778,639298687,-0.028594827,-0.030967735,0.047919963,0.3049817,-0.033405967,-1.2659315
639302525,639302437,-0.03334629,-0.035954356,0.047446083,-0.50578654,-1.4243433,-0.8835743
639306282,639306188,-0.027776986,-0.023959706,0.052814998,-0.18183962,1.7213471,0.95923203
639308776,639308687,-0.027918322,-0.035498332,0.05703403,-0.18206403,-1.2560486,1.076529
639312528,639312438,-0.025832638,-0.023230333,0.0610935,-0.05103427,1.9489903,1.387564
639316294,639316211,-0.024227064,-0.037747543,0.04457881,0.6084077,-1.5889415,-2.7840793
639320068,639319979,-0.025927551,-0.023367085,0.045434024,-0.16759881,1.4306902,-0.32861504
639323777,639323687,-0.014653065,-0.025143841,0.038021274,1.4763627,0.9361973,-1.0318954
639326278,639326187,-0.017746516,-0.02051972,0.056944884,-0.0077091465,1.1092095,2.915108
639330088,639329980,-0.016173096,-0.019796044,0.04480381,0.20533702,1.3900546,-1.2302384
639333778,639333687,-0.0054121376,-0.019333107,0.051670548,1.9175055,-0.33955213,0.1581633
639337527,639337437,0.0002791934,-0.009297117,0.03709012,1.7901083,2.0373209,-1.6638339
639341281,639341187,-0.010162242,-0.017711723,0.03619737,-1.9283283,-0.42072728,-1.8401713
639343779,639343688,-0.001108602,-0.0013191622,0.03137382,0.80170554,2.8719683,-1.4646244
639347518,639347437,0.0051403493,-0.006687665,0.04323921,0.52444124,0.15373276,0.6575398
639351278,639351188,0.016966531,0.0022324445,0.04990373,2.514643,0.9487497,2.1492677
639355070,639354980,-0.00151736,0.0015724913,0.03467854,-2.52739,0.8530162,-2.7113974
639358777,639358687,0.021573449,0.0048863012,0.03909414,1.7393092,0.21453378,-0.23738535
639361301,639361211,0.00833465,0.008594491,0.02827256,-1.486282,1.1023736,-2.408957
639365075,639364978,0.033756617,0.008128976,0.044350915,3.1808362,-0.2254925,2.14805
639368776,639368687,0.017995993,0.014299028,0.032917906,0.3727531,1.2902503,-0.8433154
639372527,639372437,0.017460769,0.0053263525,0.04892801,-1.44355,-1.0166662,2.0887954
639376302,639376211,0.031763803,0.014906465,0.040158197,3.0018935,1.1129713,-0.1277557
639378770,639378687,0.020586828,0.011162327,0.04279488,-1.211988,0.039530635,0.12265631
639382527,639382437,0.03070291,0.010688243,0.023867961,2.6057673,-0.022787778,-2.5682719
639386276,639386187,0.01115528,0.00078725896,0.028177017,-2.904173,-1.1550975,-0.6359322
639390072,639389980,0.033412237,0.0022653502,0.03985602,2.887266,-0.6776879,2.1508849
639393779,639393687,0.001092279,0.0055025727,0.042090856,-3.2835598,0.40435553,0.63896734
639396278,639396188,0.017325466,0.0025652503,0.036895577,0.92877406,-0.52724034,-0.5413764
639400070,639399979,-0.003860702,-0.0005206792,0.03393655,-2.8625412,-0.42448702,-1.0182543
639403778,639403687,0.015976481,-0.0040243166,0.030597676,0.9604244,-0.9445575,-0.64260745
639407526,639407437,0.0013301204,0.0015040452,0.025048144,-1.2126402,0.71507406,-1.5394987
639411273,639411188,-0.0010759763,-0.0056694294,0.036606662,-2.0637205,-0.78044784,1.2773594
639413777,639413687,-0.005629322,-0.002905017,0.03909358,-1.5990568,0.15070854,1.138937
639417527,639417438,0.00022097433,-0.0041684723,0.040555928,-0.3937891,-0.1655482,0.7340722
639421302,639421211,0.0051848656,-0.0096736355,0.027970133,1.7552617,-1.2188177,-2.0154483
639425070,639424979,-0.0044326927,-0.008761326,0.027982716,-1.3900406,-0.20894659,-0.5439085
639428776,639428687,0.00973929,-0.0116391545,0.032703523,1.9275393,-0.62387466,0.44451606
639431270,639431187,-0.0008434857,-0.011464143,0.038922783,-0.9729351,-0.27064902,1.7008197
639435073,639434980,0.010689003,-0.011927237,0.035808563,2.1309967,-0.1805632,-0.049466692
639438776,639438687,0.0065995855,-0.018630752,0.033695728,-0.0048107384,-1.3814377,-0.20252247
639442528,639442437,0.01095681,-0.023271468,0.028508108,0.30072656,-0.87160134,-1.172822
639446268,639446186,0.008845154,-0.021696867,0.036668826,-0.07424938,-0.3548057,0.79050565
639448776,639448687,0.019233871,-0.02365767,0.029399075,2.1871867,-0.6357494,-0.8295531
639452525,639452437,0.017943278,-0.031130271,0.04493798,0.24221636,-1.7626868,2.3232687
639456278,639456188,0.029468864,-0.022783319,0.03124195,2.4364517,0.6741412,-1.215867
639460070,639459980,0.017563647,-0.029285641,0.035292286,-1.4043884,-0.39278668,-0.2289558
639463778,639463687,0.033712365,-0.021875808,0.026853126,2.071903,0.74561274,-0.8264752
639466294,639466211,0.014040436,-0.024198513,0.036155693,-2.4837267,0.06981672,1.0614274
639470069,639469979,0.04495476,-0.022773197,0.028730594,3.7697055,-0.10263734,-0.42113975
639473779,639473688,0.0272078,-0.015944274,0.030646589,-0.38233015,1.5344285,-0.60963076
639477520,639477438,0.04194952,-0.0155193,0.030889014,1.2663019,0.27580884,0.44287664
639481294,639481211,0.03274005,0.00088561967,0.014847999,0.54308623,2.9513407,-2.9095488
639483778,639483688,0.033763323,-0.005518393,0.015509218,0.17550239,0.2345032,-1.0757169
639487527,639487437,0.028570347,0.005817914,0.015769565,0.23395264,2.3019292,-1.1516618
639491279,639491188,0.028717233,0.0068010776,0.031524617,-1.323317,1.0763713,2.2831304
639495072,639494980,0.036718212,0.029372714,0.023120688,1.2191013,4.1577907,-0.6449391
639498777,639498687,0.018630713,0.022130169,0.02458182,-3.2180567,0.6327468,-0.34453973
639501283,639501190,0.033556964,0.037753645,0.020013584,1.4373205,2.9588504,-0.9766009
639505071,639504980,0.016551508,0.036346544,0.023079284,-2.8886614,0.91703963,-0.032641683
639508777,639508687,0.033635538,0.054120965,0.026224883,2.027334,2.6323082,0.70458585
639512518,639512437,0.013348457,0.05861174,0.02858064,-2.8001919,2.877336,0.68055004
639516278,639516188,0.026593622,0.060191892,0.033122476,0.23833916,0.4167851,0.7960885
639518776,639518687,0.009645933,0.06851731,0.035264935,-2.7063668,2.2277,0.9055694
639522528,639522438,0.022589084,0.06961215,0.02356205,0.70655406,0.11469457,-1.7189324
639526301,639526211,0.013399037,0.08285334,0.018960908,-0.48479536,2.7638452,-1.1159894
639530073,639529978,0.003325409,0.07061273,0.015876414,-2.8806417,-1.060272,-1.0349824
639533778,639533687,0.00058849284,0.084929295,0.03218009,-1.1685663,1.6000316,2.1903007
639536275,639536186,-0.0024155867,0.079690486,0.03027292,-1.0693156,0.07369482,0.8823279
639540071,639539980,-0.0065405904,0.086891316,0.030772548,-0.4720777,0.99485767,0.6964484
639543771,639543688,-0.0101372395,0.07778443,0.017092139,-1.3388567,-0.8627299,-1.9591658
639547527,639547437,-0.016930934,0.07598645,0.0130888,-1.0158324,-0.79378957,-1.5483491
639551278,639551187,-0.028698288,0.07307721,0.010171008,-2.2685978,-0.75274,-0.5395529
639553779,639553688,-0.023011042,0.07166637,0.02460975,-0.101960644,-0.9591811,2.3514404
639557525,639557437,-0.0345347,0.066668175,0.028511897,-2.1514254,-1.2020102,1.8271722
639561279,639561192,-0.027948922,0.06486782,0.036256038,0.11272529,-0.86484706,1.2504386
639565070,639564980,-0.03219466,0.060124226,0.021940462,-0.26671475,-0.73312175,-1.2439142
639568777,639568687,-0.036494207,0.057132635,0.008019181,-1.0420345,-0.8880758,-3.2626834
639571302,639571211,-0.037437614,0.058346543,0.009305238,-0.32931447,-0.4303138,-1.0108981
639575069,639574979,-0.038489316,0.050651394,0.018244801,-0.68664646,-1.7463007,0.18840148
639578776,639578687,-0.032013472,0.053001337,0.035224777,0.99665576,-0.21316224,3.3174253
639582528,639582438,-0.034108814,0.04998418,0.02300353,0.25502414,-0.21788943,-1.2851956
639586301,639586211,-0.040401876,0.048020825,0.022229625,-1.4565856,-0.8430794,-0.781469
639588777,639588687,-0.041611645,0.048852973,0.00516746,-0.8418065,-0.19752017,-3.7050223
639592529,639592438,-0.03393514,0.044502504,0.015972162,0.48241735,-1.0007907,0.7578866
639596267,639596186,-0.026449159,0.048126277,0.0187462,1.598396,0.42823642,0.8705318
639600072,639599980,-0.030605804,0.044936858,0.03623936,-0.10122621,-0.30500692,3.166859
639603778,639603687,-0.028174264,0.048247814,0.01585103,0.5321737,-0.23407035,-1.9804299
639606281,639606188,-0.030067895,0.03976956,0.02153694,-0.3282303,-1.3908858,-0.23603086
639610070,639609980,-0.021133648,0.040721595,0.0052631507,1.1456171,-0.5179496,-2.6795626
639613777,639613687,-0.022291446,0.03604179,0.024444293,0.2860537,-0.42077547,1.6935
639617525,639617436,-0.016232677,0.035447437,0.024738194,1.0493575,-1.1178969,1.498447
639621278,639621188,-0.0171391,0.038251683,0.02824345,0.21737283,0.33044803,0.24456516
639623778,639623688,-0.008520356,0.027718443,0.025513617,1.5779568,-1.6054143,-0.071196534
639627520,639627438,-0.012342811,0.03612888,0.019815028,-0.2714513,1.2978852,-1.7601544
639631295,639631211,0.00290434,0.02480501,0.011471794,2.325071,-1.883001,-1.3175774
639635067,639634978,-0.008269759,0.036181297,0.015107706,-0.75408596,1.2890747,-0.39211786
639638776,639638687,-0.0062329415,0.027541216,0.028345201,-0.8893658,-0.68871856,1.9988406
639641278,639641187,-0.0033624663,0.03932937,0.022573285,0.25194117,1.942523,-0.14928998
639645078,639644979,0.00091456005,0.03299067,0.023904437,0.43906277,-0.2975088,0.67254
639648777,639648687,0.004770801,0.04341738,0.015069468,1.4441519,1.1578308,-1.4600478
639652527,639652437,-0.0045026233,0.035185035,0.018274242,-1.2128986,-0.25353953,0.12355316
639656277,639656187,0.005533061,0.040920526,0.008878677,1.214653,0.25568357,-1.3787855
639658777,639658687,-0.004536018,0.041202445,0.02006823,-1.2126861,0.31485888,1.456729
639662518,639662437,-0.0008316415,0.044436615,0.015734805,0.116523325,0.19130887,-0.44005734
639666278,639666188,-0.014926856,0.04014809,0.014629856,-2.1448493,0.021460583,-0.46299523
639670070,639669980,-0.010162828,0.033195596,0.0027982034,-0.62736195,-1.4849651,-1.8670437
639673779,639673687,-0.0076945005,0.044616763,0.014774228,0.39084303,1.3069375,1.0833143
639676301,639676211,-0.012005972,0.03553877,0.013673198,-0.7452248,-0.9937628,0.46491945
639680074,639679978,-0.01645694,0.031148942,0.011010197,-0.6558302,-1.1391776,-0.3928906
639683777,639683687,-0.015036641,0.023843877,0.004036755,-0.34934354,-1.5030037,-1.294373
639687527,639687438,-0.014997595,0.032640822,0.008750325,0.056520063,0.6246095,0.10476599
639691302,639691211,-0.0208412,0.026529126,0.0016685623,-0.9407194,-0.65471476,-1.131766
639693771,639693688,-0.010754703,0.025121044,0.0027680867,1.2321134,-0.51298183,-0.4646782
639697527,639697437,-0.012978682,0.015099287,0.005137496,-0.24160373,-1.5381726,0.1656972
639701278,639701188,-0.010344057,0.02763172,0.017978458,0.42133495,1.1594795,2.1878562
639705074,639704980,-0.017039686,0.025931114,0.0066632507,-0.77586174,0.6767502,-0.93593496
639708780,639708687,-0.008095101,0.019734785,0.005322717,0.30512738,-0.9308905,-0.99419355
639711276,639711188,-0.008020507,0.017898615,0.0028144605,0.3504479,-0.73880184,-0.91035235
639715077,639714980,-0.0018111721,0.021529324,0.016685188,0.87992895,0.0695116,1.6253785
639718777,639718687,-0.009541279,0.03361918,0.00388831,0.09881563,2.0523858,-0.82232356
639722526,639722437,-0.016804257,0.029536383,0.00893781,-1.8085216,-0.052240558,-0.0017694614
639726278,639726188,-0.00033995407,0.02358119,0.014464123,1.9092281,-0.8897468,1.3516617
639728775,639728687,-0.011489385,0.02668193,0.015309637,-1.0533655,0.12594637,0.7327457
639732528,639732438,0.0041701705,0.041136492,0.0011254292,2.9786956,2.1533964,-1.4241968
639736301,639736211,-0.008350825,0.034909245,-0.0010358979,-0.8608424,-0.27883774,-1.4526633
639740069,639739979,0.00072493154,0.036723536,0.0102366395,0.5976008,0.19509476,1.8048444
639743770,639743687,-0.00784557,0.042117264,0.00518028,-0.2582462,1.3500406,-0.35172588
639746269,639746187,0.0027284245,0.052542154,0.008053922,1.9327612,2.5769668,0.5645498
639750072,639749980,-0.0059415204,0.047889993,0.0016579479,-0.49797398,0.3374858,-1.4207878
639753781,639753689,-0.00060078606,0.048636835,0.008686626,-0.37605324,-0.04398589,0.8693652
639757527,639757437,-0.0040042065,0.054558992,-0.005102506,-0.26435924,1.4099662,-1.9788805
639761270,639761187,0.0047803214,0.05493761,0.010947067,0.9998158,0.40904653,1.8227853
639763778,639763687,0.009133268,0.062487397,0.009765478,1.738751,1.6648076,0.8320425
639767524,639767437,0.0034729773,0.056376025,0.020558335,-0.78641415,-0.72450656,2.0712547
639771280,639771188,0.0005668209,0.057593934,0.0015777027,-0.092139445,0.24665582,-2.2040875
639775070,639774980,-0.011157827,0.06181018,0.0050172154,-2.2516723,0.80567575,-0.4483944
639778777,639778687,0.0059793075,0.06345729,-0.0040608733,2.2482374,0.21207243,-1.2119471
639781293,639781211,-0.0033499862,0.055597186,0.007305321,-0.80282575,-1.2759727,1.2158872
639785070,639784978,0.0088925725,0.054742835,0.011429302,2.212161,-0.83739156,1.5252976
639788776,639788687,-0.005585463,0.06124278,0.020916823,-1.7424053,1.0877013,1.4407915
639792528,639792438,0.002328451,0.0592004,0.008344826,0.15899229,-0.2957042,-1.1001251
639796294,639796211,-0.004662918,0.04668899,-0.004115228,-0.47806817,-2.027608,-2.7047136
639798777,639798687,0.005679549,0.042207908,-0.002691776,1.6802987,-2.0111532,-0.88327384
639802527,639802437,-0.0010271571,0.041305985,0.012352786,-0.56494784,-0.5485063,1.548802
639806280,639806187,0.011805928,0.04939595,0.02044733,1.5788075,0.91020703,2.0178657
639810071,639809979,0.0066623352,0.040013418,0.014797339,0.026023211,-1.1870672,-0.43261135
639813778,639813687,0.016453402,0.029792782,0.015271706,0.88337517,-2.2620242,-0.088382624
639816278,639816188,0.00826561,0.031091465,0.007384196,-0.51288307,-0.7546754,-1.4277581
639820071,639819980,0.021008555,0.039614294,0.003699965,1.2800411,0.921926,-0.78833
639823778,639823687,0.024740728,0.04064069,0.0045992746,1.7756666,0.49409756,-0.16398324
639827518,639827437,0.01889073,0.027362771,0.020587865,-0.9634121,-1.9217659,2.5328474
639831272,639831188,0.027478205,0.029080398,0.009413137,1.4744266,-0.5689565,-0.940472
639833777,639833687,0.022330828,0.03300436,0.0045497594,-0.30497405,0.3786672,-1.3778124
639837527,639837438,0.030350048,0.04117268,-0.009016233,1.4762955,1.1552341,-2.602729
639841301,639841211,0.020590523,0.035941325,-0.005235354,-1.3642384,-0.4213238,-0.49672803
639845074,639844978,0.027022457,0.03170798,0.001570073,0.3485358,-0.5361199,1.0157468
639848776,639848687,0.01920999,0.03490948,0.003992118,-0.80688155,-0.1610486,0.77417135
639851278,639851188,0.029167296,0.03351179,0.009128493,1.399399,-0.5901207,1.4924811
639855071,639854979,0.0144329965,0.031279095,-0.0008076419,-2.1416843,-0.69941574,-1.3717548
639858776,639858687,0.019222274,0.023288859,-0.008519213,-0.1667976,-1.2952174,-1.7333937
639862527,639862437,0.0069671907,0.019628067,-0.007214959,-1.7843422,-1.3001658,-0.30584586
639866276,639866187,0.008957735,0.024468374,0.0015135154,-1.1201491,0.23292854,1.0099313
639868776,639868687,0.0043468596,0.020798838,0.0038425832,-1.2481267,-0.51752585,0.9817101
639872526,639872437,0.012660484,0.0059639974,-0.0018515139,0.2775394,-2.3620796,-0.7349833
639876271,639876188,0.011238223,0.0064481753,-0.003051278,0.56945497,-0.8312216,-0.2947584
639880077,639879980,0.005763638,0.0067162635,-0.01195223,-1.0692762,-0.29277855,-1.5510875
639883778,639883687,0.009257147,0.001324611,-0.009636633,0.27922887,-1.2584257,-0.39254788
639886301,639886211,0.00197843,-0.005786749,-0.015847158,-1.7158344,-1.753479,-1.488863
639890066,639889978,0.015892973,-0.007175317,-0.006894089,1.9670568,-0.96266234,0.9241047
639893771,639893687,0.017040145,0.0010504494,-0.011852625,0.87154454,1.1718659,-0.1686817
639897528,639897438,0.017359003,0.00018381335,-0.010701014,0.4830953,0.07934909,-0.07200914
639901302,639901211,0.018617524,-0.009575052,-0.018282589,0.21436954,-1.5761011,-1.0238532
639903778,639903687,0.0153584955,-0.0130393,-0.01484195,-0.6740112,-1.4805306,-0.005712611
639907528,639907437,0.014397328,-0.0022772504,-0.023829158,-0.5905701,1.248677,-1.2583765
639911270,639911188,0.015933529,-0.0020298457,-0.018673677,0.3144244,0.51706946,0.10248655
639915072,639914980,0.015835773,-0.007924738,-0.0146233905,-0.13406861,-0.87004024,1.0738355
639918777,639918687,0.021870308,-0.010989301,-0.014759862,1.0681884,-0.7333503,-0.19327049
639921278,639921188,0.010877777,-0.0075908015,-0.016331714,-1.4600502,0.38638836,-0.18106985
639925070,639924980,0.007200669,-0.0012053201,-0.020085102,-1.0884562,1.1086544,-1.2391207
639928777,639928687,-0.00084064016,-0.006851824,-0.0145027265,-1.6942589,-0.61290056,0.8096813
639932525,639932437,-0.0023225748,-0.0024791488,-0.022718597,-1.231329,0.6068689,-1.4076322
639936281,639936188,-0.012230982,-0.0029950666,-0.016646495,-2.013096,0.39129055,0.46911857
639938776,639938687,-0.013210667,0.0039549153,-0.020907957,-1.241834,1.764559,-0.6284207
639942528,639942438,-0.018989246,-0.0031142065,-0.010513703,-1.4384899,-0.48857903,1.7423439
639946294,639946211,-0.013178107,0.001486751,-0.010968799,0.63835067,0.39069492,0.66112214
639950067,639949978,-0.029587282,0.0061656027,-0.008469753,-2.3332732,1.4281559,0.6026166
639953778,639953687,-0.025613928,0.016250964,-0.017802512,-0.67373955,1.7061708,-1.1406194
639956276,639956187,-0.034436278,0.013055991,-0.016396737,-1.9999238,0.49549404,-0.4228507
639960071,639959980,-0.025159586,0.0070758783,-0.017143985,0.5438368,-1.0422317,-0.05542889
639963778,639963688,-0.045769993,0.01979263,-0.01438193,-2.7090468,2.168358,0.1707305
639967527,639967437,-0.039563775,0.023128476,-0.008773493,-0.83909523,1.1140411,1.1657726
639971278,639971187,-0.040638775,0.030434486,-0.011437874,0.4458333,1.640083,-0.17889771
639973779,639973688,-0.03867208,0.022339305,-0.011226671,0.50642747,-0.9268361,0.12069607
639977517,639977437,-0.050016284,0.031435926,-0.015964521,-1.2142943,1.3898553,-0.83912146
639981271,639981188,-0.05459692,0.03287758,-0.02033857,-1.9294102,0.8080963,-1.0947467
639985070,639984980,-0.046412632,0.043231722,-0.009591768,1.1779104,2.1372364,1.3158374
639988777,639988687,-0.052206054,0.035584133,-0.003912553,-1.1988419,-0.55566025,1.5083401
639991302,639991211,-0.054180082,0.043068122,0.0007633327,-0.5750491,1.0033964,1.7124065
639995074,639994978,-0.065280646,0.03972439,-0.008054003,-2.5758169,-0.31696013,-0.97081476
639998776,639998687,-0.04681645,0.04950886,-0.010873299,2.303843,1.3192086,-0.79997396
640002528,640002437,-0.060635135,0.043331847,-0.015660213,-1.666032,-0.15108302,-1.0498463
640006303,640006211,-0.052001745,0.041907787,-0.0063074925,0.48252967,-0.8114791,1.0690578
640008780,640008687,-0.064211816,0.041559048,-0.0016536402,-2.172849,-0.23774654,1.4054134
640012531,640012441,-0.044143334,0.055235162,0.0051858793,2.5755856,1.7082758,1.6526641
640016275,640016187,-0.051606555,0.04520968,-0.0031612453,0.6020376,-0.5555818,-0.7328461
640020071,640019980,-0.0467738,0.0375033,-0.011035183,0.38070515,-1.6745592,-1.5501025
640023781,640023687,-0.047311798,0.040995657,-0.017196346,0.7523466,0.2385629,-1.2324443
640026271,640026188,-0.03991981,0.042812012,-0.008267823,1.4442818,0.1865583,1.0447853
640030071,640029980,-0.03913702,0.040156517,-0.003579493,1.1994972,-0.09843371,1.2717725
640033778,640033687,-0.0384645,0.032013677,0.0036989255,0.15874311,-1.5632585,1.1915343
640037528,640037437,-0.028334768,0.030275235,-0.0064817653,2.0780282,-0.39510512,-0.8744809
640041280,640041188,-0.029423397,0.029039737,-0.0147134205,0.2783887,-0.6705983,-2.0139768
640043778,640043687,-0.021665243,0.029537905,-0.017565275,1.7600707,-0.27854428,-1.3991824
640047527,640047437,-0.010088436,0.023292622,-0.005244362,2.0899744,-1.478384,0.9926298
640051301,640051211,-0.004167717,0.015660107,0.0031976928,2.2917037,-1.5275168,2.4235964
640055067,640054978,-0.008162054,0.008249455,-0.00074673526,-0.3904093,-1.7727367,-0.4165697
640058769,640058687,0.011057294,0.022097295,-0.0002337163,2.6634736,1.3592237,0.042810902
640061270,640061187,0.004475332,0.010378238,-0.008016244,0.10667486,-1.429789,-1.5747707
640065070,640064980,0.017850667,0.005932901,-0.009910174,2.6694891,-1.0752525,-0.29108703
640068776,640068687,0.014928245,-0.0015552285,-0.014918272,0.8635772,-1.5179614,-1.1534806
640072527,640072437,0.023206728,0.010315357,0.0035553821,1.1135223,1.0641347,2.7330642
640076267,640076186,0.021081125,0.0038436765,0.00039641172,0.67619854,-0.43354657,0.6693924
640078777,640078687,0.021385998,0.0077226013,0.0023743338,0.11367051,0.54752266,0.67844826
640082525,640082437,0.019130718,-0.0020853325,-0.014642168,0.13613477,-1.4538456,-2.6199188
640086277,640086188,0.020559883,0.002762755,-0.013179568,0.00892077,-0.0818682,-0.6335078
640090071,640089980,0.021767672,0.0060392744,-0.018885238,0.12289043,1.0436285,-0.98908854
640093778,640093687,0.018177731,0.001273851,-0.0025783165,-0.5097681,-0.671985,1.9161265
640096295,640096211,0.016437221,0.0013584214,-0.0058040656,-0.18164463,-0.47188705,0.71219945
640100069,640099980,0.015014478,0.0023132507,0.0050506196,-0.5438481,-0.422085,1.8706468
640103779,640103688,0.014457689,0.012598636,-0.010940327,0.23809393,1.6495384,-1.597571
640107529,640107438,0.012164654,-1.3985584e-05,-0.015961632,-0.7381131,-1.3896934,-1.7637132
640111294,640111211,0.013647701,0.00032543464,-0.013484317,0.079111554,-0.512121,0.23391278
640113777,640113687,0.00232338,0.0035481083,-0.001544332,-1.9686135,0.20387721,2.138225
640117527,640117437,0.012454161,0.00724863,0.0060992325,0.97213894,0.37347776,2.219225
640121278,640121188,0.0044486597,0.008319461,-0.0012560032,-0.51296514,0.44454467,-0.7726669
640125070,640124979,0.0039678006,0.0035938115,-0.0044126436,-0.5762336,-0.5491338,-0.5463844
640128777,640128687,0.001721042,0.009452013,-0.013436573,-0.12136975,0.59800357,-1.6345409
640131279,640131189,0.0029515775,0.0052562864,-0.0065328283,0.038820226,-0.3180188,0.43306583
640135070,640134980,0.0011765838,0.014477473,0.00024504782,-0.103055514,1.1483636,1.0338409
640138777,640138687,0.0042964723,0.013341075,0.0123329135,0.050118063,0.38706842,2.3066041
640142518,640142437,0.00084454735,0.016334781,0.004681798,-0.37028667,0.6053389,-0.42364913
640146270,640146188,-0.0045584636,0.02016788,-0.0054212357,-1.3363857,0.7819485,-1.9434522
640148776,640148687,-0.00034980528,0.020011213,-0.01258547,-0.034567647,0.310857,-2.3529625
640152528,640152438,0.002250988,0.028086,-0.004275151,-0.19478042,1.4350559,0.43842846
640156301,640156211,0.007814291,0.023721948,0.0069275936,1.4201379,-0.20973237,2.0823488
640160074,640159978,-0.0039772065,0.02726294,0.00813615,-1.5321075,0.5331139,0.67120844
640163778,640163687,0.012002239,0.03055528,0.0011782706,1.8214926,0.6917165,-0.97551936
640166275,640166186,0.00036473072,0.036230583,-0.0021677269,-1.2361308,1.6887107,-1.2339951
640170073,640169980,0.010116753,0.028735178,-0.010749869,1.6534952,-0.7350684,-1.6688886
640173779,640173688,0.0016940108,0.03596943,-0.0027780184,-0.70433646,0.91204816,0.62792677
640177527,640177437,0.01554101,0.036318578,0.003808451,1.621504,0.37062293,1.5401262
640181278,640181187,-0.00043434591,0.033900287,0.0062831673,-1.3718066,-0.20843343,0.71764714
640183778,640183687,0.009351007,0.037584364,0.0008187333,1.1290047,0.123777926,-0.4109128
640187525,640187437,-0.0012382129,0.03676373,-0.009356049,-1.0762006,-0.33829927,-1.9954078
640191279,640191188,0.010272333,0.03665899,-0.015492167,0.83839613,0.19093858,-1.546087
640195078,640194979,0.0020729199,0.039408322,-0.010196534,-0.8004408,0.7064624,0.13712768
640198778,640198687,0.010055347,0.045674916,0.0007486528,0.6889963,0.8252253,2.049233
640201303,640201211,0.00672793,0.04054231,0.005477264,-0.19428793,-0.1996098,1.8611227
640205067,640204978,0.011973989,0.041643452,0.006118675,0.8488856,0.13989036,0.7675056
640208769,640208687,0.008960232,0.041592993,-0.013568903,0.96405894,0.23949897,-2.5931175
640212528,640212438,0.0063779815,0.038333517,-0.024196528,-0.24900667,-0.57300204,-2.3578167
640216301,640216211,0.0029761137,0.04122605,-0.015785607,-0.08823417,0.56141514,0.37396127
640218777,640218687,0.0026001108,0.033327546,-0.0023743361,-0.06314367,-1.266967,2.6678672
640222526,640222437,-0.006632024,0.034101635,-0.001504262,-1.4223187,0.2143428,0.8410923
640226268,640226187,-0.0029860905,0.028529754,-0.0013751598,0.25081116,-1.2822473,0.26931274
640230070,640229980,-0.015979636,0.027303787,-0.018012634,-2.573219,-0.15887427,-2.5591218
640233778,640233687,-0.013301329,0.011223471,-0.02348123,-1.1505427,-3.1271539,-1.8556108
640236277,640236188,-0.024105662,0.011791622,-0.022326684,-2.3184938,-1.5165008,-0.6409691
640240071,640239980,-0.017774558,0.012913982,-0.006726257,0.5544493,-0.8142375,2.287854
640243778,640243687,-0.02520675,0.009575245,0.0017825685,-0.96001536,-0.7475456,2.1662483
640247525,640247436,-0.025356855,-0.00022112209,-0.0065415967,-0.6649982,-2.0374167,-0.67526895
640251281,640251188,-0.032235593,0.00081309327,-0.020251084,-0.88705885,-0.43221742,-2.2763007
640253778,640253687,-0.032070015,-0.0009120605,-0.019399734,-0.4237186,-0.40902093,-1.1702478
640257528,640257438,-0.034097645,-0.004822841,-0.018197091,-0.3318235,-0.679641,-0.1885621
640261295,640261211,-0.038343225,-0.0030844002,-0.008534786,-1.1964093,-0.093952104,0.94301873
640265069,640264980,-0.035013,-0.0163869,-0.011991302,-0.37572563,-2.1131754,0.2513362
640268776,640268687,-0.044356167,-0.016440896,-0.02427451,-1.1829805,-0.63689744,-1.929372
640271277,640271188,-0.04777821,-0.017492726,-0.029470872,-1.1366761,-0.3514754,-1.9546558
640275070,640274980,-0.048312686,-0.026674448,-0.026338065,-0.21475439,-2.1094532,-0.17153116
640278776,640278687,-0.057466842,-0.028725937,-0.016376015,-1.8928573,-0.66601723,1.4556425
640282527,640282437,-0.051714163,-0.037939876,-0.020669593,0.022813553,-2.3434556,-0.17401797
640286277,640286187,-0.06586009,-0.028022677,-0.031669796,-1.2321852,1.009507,-1.8885081
640288776,640288687,-0.06663358,-0.039102294,-0.033310644,-0.82102084,-1.8645047,-1.0963966
640292518,640292437,-0.077081196,-0.038713954,-0.030558953,-1.9057616,-0.08565536,-0.14817588
640296274,640296190,-0.07773578,-0.045847606,-0.017965427,-1.6432418,-1.3641744,1.957162
640300070,640299980,-0.0734905,-0.03395561,-0.011850187,0.7706056,1.5428945,1.9189465
640303778,640303687,-0.07982704,-0.038979538,-0.017978784,-1.3201237,-0.24985977,-0.7197184
640306304,640306213,-0.071281075,-0.033255987,-0.023258848,1.1050277,0.81904185,-1.2268201
640310074,640309978,-0.08552469,-0.041734617,-0.03799381,-2.742495,-1.1837469,-3.2877524
640313777,640313687,-0.06440151,-0.026260931,-0.018822163,2.3159826,2.179653,2.294421
640317528,640317438,-0.068106,-0.02950997,-0.016741792,0.7913855,0.8210235,1.1436261
640321301,640321211,-0.060303338,-0.029954674,-0.013710052,1.4964283,-0.8433966,0.4166863
640323778,640323688,-0.06347921,-0.033372853,-0.027035357,0.52926564,-0.6389875,-2.2159438
640327527,640327437,-0.052945346,-0.02359175,-0.03068855,1.909541,0.5472322,-1.6660651
640331277,640331187,-0.050012648,-0.023038717,-0.032509655,1.4551915,1.3141973,-0.40241382
640335070,640334979,-0.041975044,-0.036013544,-0.024713073,1.2526422,-2.312883,0.72724086
640338778,640338687,-0.03301515,-0.021241061,-0.01470448,2.8279102,1.4257691,2.5828989
640341282,640341188,-0.042074792,-0.036923196,-0.015826197,-0.4631978,-1.9615772,0.74355036
640345078,640344980,-0.027803864,-0.020526214,-0.014362649,3.0780756,1.8684287,1.4635584
640348777,640348687,-0.03434219,-0.034979902,-0.032430943,0.1342051,-1.060367,-2.8836596
640352526,640352437,-0.018937502,-0.032879606,-0.01331811,2.4456003,-0.8970819,2.509388
640356279,640356188,-0.019569991,-0.025822552,-0.02030829,1.9225112,1.5934488,0.37733212
640358769,640358687,-0.010223985,-0.022539308,-0.004389368,2.413871,1.2248639,3.0266607
640362528,640362438,-0.0073307157,-0.019784888,-0.019028064,2.3876677,1.4115168,-1.0079838
640366301,640366211,-0.0076442314,-0.02520715,-0.009546841,-0.28311062,-0.65722644,0.24101248
640370067,640369978,0.006138866,-0.012213628,-0.0206548,2.6033404,2.1339495,-0.6216791
640373779,640373687,-0.0037696096,-0.010928363,-0.028030317,-0.9994202,1.6460903,-2.5293252
640376268,640376187,0.021315418,0.0006322729,-0.01844001,3.9527128,3.1236038,0.6963784
640380070,640379980,0.007851046,-0.0033211426,-0.016740745,-1.3492508,1.1883202,-0.8728885
640383778,640383687,0.038983565,0.00025246668,0.0005876535,3.7626474,0.3233995,2.5990312
640387527,640387437,0.04080228,0.0070232037,-0.013387334,3.3612509,1.5904974,-0.761193
640391269,640391187,0.03648656,0.009585721,-0.020018471,-0.22406667,0.882274,-1.948704
640393778,640393687,0.036773384,0.013547137,-0.027971977,0.35341504,1.1358002,-2.3495667
640397525,640397436,0.03959666,0.010012175,-0.019962575,-1.0873088,-0.009701821,0.005158334
640401284,640401188,0.059942193,0.014580077,-0.0041655647,3.360927,0.2767951,3.0622518
640405071,640404980,0.046149794,0.016957799,0.0044261245,-1.1180475,0.91562355,2.1153038
640408769,640408687,0.061305974,0.019514563,-0.0019627074,2.0902526,0.27481806,-0.8341219
640411294,640411211,0.05182806,0.01715752,-0.016914625,-0.48867318,-0.22306958,-2.9114206
640415071,640414980,0.073230304,0.01383943,-0.022042243,3.564443,-0.80566734,-2.1869495
640418775,640418687,0.050952572,0.01915206,-0.007333152,-0.9999596,0.8098356,2.2469077
640422528,640422438,0.051488243,0.02043738,0.0016298895,-1.9780378,0.60027194,1.85243
640426302,640426211,0.062204286,0.009835221,0.015194188,0.6444535,-1.6203816,2.3818707
640428777,640428687,0.05418772,0.018702049,0.0079385415,-1.5994511,0.9050934,0.05295678
640432527,640432437,0.06504718,0.01491689,0.0020229947,1.7037951,-0.9599029,-1.4782784
640436277,640436187,0.06136036,0.019155985,-0.005142462,0.37853917,0.4323408,-0.5925355
640440071,640439980,0.07424146,0.010158758,-0.0067783366,2.0658588,-1.0759841,-0.6171207
640443778,640443687,0.06262448,0.010094057,0.02504726,-0.7733698,-0.8347385,4.614548
640446271,640446188,0.073536195,0.007166739,0.021438472,1.5280926,-0.73246163,1.8743283
640450070,640449980,0.061579444,0.011947089,0.023817107,-0.78631014,0.22358452,0.72260404
640453778,640453688,0.071613416,0.008643558,0.0047443453,0.6174118,-0.29363543,-1.9051623
640457518,640457437,0.065638706,-0.010538378,-0.014338825,-0.4907731,-2.9973273,-4.528297
640461273,640461188,0.064522,-0.009311595,0.007996706,-1.0824938,-1.6263621,2.2774684
640463777,640463687,0.06756442,-0.009093792,0.0019163908,0.22108026,-0.85390806,0.09662693
640467527,640467438,0.06720947,-0.013747214,0.03798014,-0.7706405,-1.7063111,5.953567
640471301,640471211,0.08043492,-0.00784233,0.022306615,2.9455626,0.28875783,0.9948834
640475066,640474978,0.056428533,-0.0240495,0.0061117955,-1.4240702,-2.4822736,-3.3760996
640478776,640478687,0.06107452,-0.019584874,0.005128414,-1.3598125,-0.60226053,-1.0723121
640481279,640481188,0.0554686,-0.02357121,-0.008441205,-1.0056263,-0.87236446,-3.2587678
640485071,640484979,0.05565893,-0.02104737,0.013294292,-1.4446256,-0.23458655,3.0065832
640488777,640488687,0.060959775,-0.017316582,0.013973354,2.3529513,1.0322468,1.7206112
640492528,640492437,0.033335563,-0.034832314,0.040889647,-4.2035394,-2.589622,4.002166
640496267,640496186,0.057652604,-0.021313483,0.031307716,1.8782476,0.79852396,1.2680068
640498776,640498687,0.017819228,-0.030891344,0.011004077,-6.042771,-1.1315451,-3.8366373
640502527,640502437,0.043751564,-0.02703797,0.0064468775,0.7417133,-0.7034419,-0.65425617
640506281,640506188,0.03466389,-0.028151335,0.00013715836,1.5174162,-0.1737488,-1.0360647
640510079,640509980,0.015322412,-0.03389612,0.037608266,-3.9783957,-1.0495652,5.2153373
640513777,640513687,0.04116291,-0.024867252,0.036478005,4.001617,0.78472966,3.075388
640516301,640516211,0.0022498053,-0.03368078,0.04308637,-5.6109757,-0.8729919,2.161843
640520066,640519978,0.03524284,-0.027116967,0.021398313,4.072558,-0.24708658,-1.5423955
640523777,640523687,-0.00522693,-0.030783124,0.0025562313,-3.6427279,0.5790126,-4.7267127
640527527,640527438,0.013001587,-0.0424676,0.01859819,-1.1390208,-2.1324816,1.492018
640531301,640531211,0.018742636,-0.020750623,0.025333427,3.3687336,2.411176,2.363828
640533778,640533687,-0.0017620791,-0.038200114,0.05037972,-3.0699003,-1.8816001,5.687503
640537527,640537437,0.0159278,-0.02494199,0.033691596,3.2846372,0.98721045,-0.5376072
640541270,640541187,-0.007458985,-0.030776795,0.027809251,-3.088117,0.5461678,-2.0944388
640545070,640544979,0.028148163,-0.03610435,0.013307129,4.8071127,-1.8766402,-2.0486493
640548777,640548687,0.0043535098,-0.017632095,0.012635412,-0.5686724,2.9157615,-1.4215972
640551278,640551188,0.017823605,-0.030322105,0.020743359,1.6552761,-0.8746339,0.97423697
640555071,640554980,-0.0019368364,-0.015107618,0.02570114,-1.485335,2.5895665,0.5226764
640558777,640558687,0.008141696,-0.02882088,0.043437965,-0.8815088,-0.65760684,2.801582
640562525,640562437,0.027929878,-0.020007802,0.02633413,4.1591687,-0.41312176,-1.6038612
640566296,640566206,0.013942558,-0.01251331,0.014016032,-0.7547511,2.162949,-2.8768907
640568777,640568687,0.030631334,-0.028298447,0.009665801,3.1585763,-2.306118,-1.9199635
640572527,640572437,0.012630155,-0.004703919,0.026181225,-1.3003645,3.8439555,1.8651944
640576303,640576211,0.023101423,-0.017835217,0.031419,1.115021,-0.9228952,1.7840227
640580070,640579980,0.015134444,-0.0017069632,0.030378412,-0.91352594,1.6818055,0.04804191
640583777,640583687,0.016081119,-0.0115497885,0.03106122,-1.639477,0.6811357,0.059588622
640586275,640586187,0.012428448,-0.0029205706,0.022321718,-1.4934567,1.4480073,-1.7960817
640590071,640589980,0.018778777,0.007105233,0.01444958,-0.32866895,3.4057925,-1.6788201
640593778,640593687,0.028872365,-0.0033010624,0.016987441,2.2640872,-1.257384,-0.09968864
640597527,640597437,0.018456118,0.015661899,0.036786027,-1.1343235,2.9497092,3.2596047
640601278,640601188,0.022287501,0.005656103,0.029951245,0.4232254,0.44062218,0.1078879
640603778,640603687,0.01692774,0.03096297,0.027807014,-0.8197904,4.618082,-0.45111984
640607519,640607437,0.028611315,0.024562929,0.010392036,1.516679,1.3966537,-2.9651487
640611278,640611188,0.023657382,0.02653154,0.023070244,-0.67582816,-0.52130204,0.4474094
640615070,640614980,0.035488684,0.043535598,0.018745638,1.4436,3.613261,0.1453372
640618777,640618687,0.035132486,0.040162582,0.022793474,1.100213,0.6439606,0.14096278
640621301,640621211,0.043618828,0.06261276,0.02708352,2.1474195,4.501013,1.2725314
640625074,640624978,0.038001403,0.046898838,0.019604484,0.61423093,-0.89708155,-1.4328866
640628775,640628687,0.042545408,0.06364864,0.018944455,0.34091833,1.8800603,-0.24268189
640632528,640632437,0.048305005,0.0580388,0.001765429,1.2860793,0.92122746,-3.040471
640636301,640636211,0.044811595,0.05789565,0.027355101,-0.8608915,-0.6540479,2.143871
640638777,640638687,0.04474694,0.06988114,0.01853604,-0.037394654,2.1909335,-0.328543
640642527,640642437,0.04917386,0.054240957,0.029719798,0.27375126,-2.51324,1.310531
640646278,640646187,0.06413333,0.06806404,0.016482133,3.7460155,1.4562451,-0.5012148
640650072,640649980,0.043679234,0.05354662,0.010459161,-1.9107224,-1.6101465,-1.9942617
640653779,640653688,0.058044508,0.051726505,0.018521719,0.6052622,-1.544224,0.9376786
640656276,640656187,0.040508505,0.043715388,0.01220677,-2.8372564,-1.938546,-1.0478898
640660077,640659980,0.06215713,0.044623256,0.031356953,1.49161,-1.137364,3.271677
640663779,640663688,0.05701006,0.042855375,0.01906574,1.2293369,-0.24803552,-0.7066061
640667524,640667437,0.05440821,0.027042063,0.02097713,-1.1015067,-2.920269,-0.24686168
640671278,640671188,0.070304275,0.024224175,0.011196001,3.6604326,-1.999447,-0.4637816
640673771,640673687,0.05101896,0.011226597,0.019848045,-2.1007037,-3.5116699,1.05851
640677529,640677437,0.06383063,0.015769199,0.015652716,2.5977554,-0.96189404,0.24409047
640681305,640681214,0.038984332,0.007165246,0.012485515,-3.3598578,-1.4567108,-1.1806363
640685067,640684978,0.0679318,-0.0032964123,0.020697141,2.7204423,-2.5384476,1.5745046
640688776,640688687,0.044284053,-0.0033807496,0.012282033,-0.9338259,-0.96506006,-0.7942016
640691270,640691187,0.05263317,-0.011514952,0.016719384,0.5923475,-2.087327,0.5346388
640695065,640694978,0.03309125,-0.0059672883,-0.00084436825,-1.9336007,0.11209415,-3.0579278
640698777,640698687,0.03945685,-0.01804212,0.013570007,-1.4858606,-1.5641999,1.1726929
640702529,640702438,0.043244075,-0.01850628,0.011084995,1.4319648,-1.0478808,-0.01631987
640706280,640706187,0.018360252,-0.01237211,0.011647763,-4.067744,0.8304179,-0.20113716
640708777,640708687,0.035474278,-0.015747001,0.0070948475,1.3556553,-0.3058669,-0.81222546
640712526,640712437,0.011677218,-0.020693555,0.014068124,-4.1477747,-0.7707397,0.5751023
640716274,640716186,0.02998723,-0.018553475,0.013501392,1.6071582,0.21665284,0.29079035
640720073,640719980,0.0062986743,-0.015274157,0.005900636,-2.9676797,0.61473477,-1.4016124
640723771,640723688,0.022494866,-0.015306181,0.008659448,0.6555764,0.01501197,0.2525817
640726294,640726211,-0.00077870226,-0.013960877,0.01471096,-3.6921346,0.28422394,1.205578
640730069,640729979,0.017394781,-0.013859725,0.0137244165,1.2420316,-0.106051356,0.50174934
640733777,640733687,0.006325751,-0.00801926,0.010558557,0.18033032,1.1371403,-0.5580077
640737524,640737436,0.008322762,-0.012751489,0.012945662,-1.2693996,-0.24283068,0.42193007
640741303,640741211,0.014413904,-0.003840769,0.009060484,1.4180233,1.0450605,-0.84841675
640743778,640743688,-0.0003263076,-0.010496205,0.0029975665,-2.2778397,-0.6180146,-1.474925
640747529,640747437,0.014067663,0.0012077756,0.0064782207,2.4529197,1.5405248,-0.14102402
640751278,640751188,0.0014532201,-0.0014566053,0.016808702,-1.5393783,0.552772,1.983396
640755067,640754978,0.017209936,0.00092302426,0.013136166,1.7169241,0.072593264,-0.2834565
640758776,640758687,0.007313239,0.008326991,0.0050426214,-0.34494457,1.625637,-1.3960727
640761270,640761187,0.019083863,0.008538503,0.0016552014,1.6139721,0.6912579,-1.4405246
640765072,640764979,0.010077955,0.013692081,0.007883116,-0.2133043,1.6459204,0.70298475
640768777,640768687,0.013656231,0.0117063755,0.011532744,-0.10065392,0.18824773,0.6287645
640772528,640772437,0.018252412,0.022877464,0.012006137,1.5551126,1.9075239,0.4699618
640776267,640776186,0.0079446575,0.017713947,0.007317885,-1.3107531,-0.0771163,-0.66031
640778777,640778687,0.012849853,0.023175409,0.009383821,0.29602244,0.9453597,0.10118265
640782526,640782437,-0.0027709964,0.024972197,-0.003221839,-2.6490169,0.5521564,-2.2711284
640786301,640786211,0.012369483,0.029600767,0.0038810032,1.5240265,0.8608083,0.5696915
640790071,640789980,0.0018252821,0.028046897,0.00606663,-1.0400352,0.09207884,0.24991828
640793778,640793687,0.0017757558,0.0347823,0.015660046,-1.0253549,1.0703299,1.453386
640796278,640796188,-0.010181955,0.031136926,0.003315973,-2.6248798,-0.045632508,-1.5660102
640800070,640799979,-0.0022988415,0.031446032,0.0063711354,0.3215789,-0.032485336,0.1723288
640803777,640803687,-0.014176615,0.029378524,-0.00059799175,-1.2676419,-0.20257886,-0.7692985
640807520,640807437,-0.011768295,0.03253942,0.010257819,-0.55510604,0.13038279,1.3019673
640811272,640811188,-0.014482536,0.027937224,0.00859403,0.09105411,-0.3709363,0.6198499
640813777,640813687,-0.01771818,0.027447123,0.016111568,-0.7461338,-0.34338003,1.6772265
640817526,640817437,-0.025329128,0.025480079,0.0029106701,-1.0147051,-0.46269777,-1.4605122
640821278,640821188,-0.03138251,0.022071272,-4.025478e-05,-1.7658479,-0.81199974,-1.2717667
640825077,640824980,-0.028671898,0.019936958,-0.0012689973,-0.0893121,-0.5450766,-0.27325746
640828777,640828687,-0.031174444,0.01802856,0.009323803,-0.9578336,-0.7575229,1.2734196
640831302,640831211,-0.035905246,0.015206189,0.009152688,-1.0709243,-0.86963093,0.9061257
640835074,640834980,-0.04068055,0.015345851,0.009399887,-1.420738,-0.6127199,-0.03710312
640838776,640838687,-0.035807975,0.01294096,-0.00013126677,0.5708456,-0.37538072,-1.1301258
640842525,640842437,-0.044933118,0.010148754,-0.0060047368,-1.6825309,-0.744805,-1.7851167
640846302,640846211,-0.031080402,0.010289978,-0.0001658278,1.7300543,-0.13844122,0.67863643
640848775,640848687,-0.040252592,0.0045138528,0.004976964,-0.7999949,-1.2446393,1.1806719
640852527,640852437,-0.029502884,0.0067736045,0.013764167,1.637944,-0.01256936,2.2401917
640856270,640856187,-0.044178117,0.00026194754,0.0034771862,-1.4180107,-1.135301,-1.2815642
640860077,640859979,-0.03468066,0.0036856735,0.0010769822,0.5560267,0.24436812,-0.38395151
640863778,640863687,-0.029565461,-0.0031426037,-0.006227112,1.9275572,-1.1035779,-1.3070157
640866277,640866187,-0.025254956,-0.0014855472,0.005841004,1.7310513,-0.34036592,1.7592498
640870072,640869979,-0.03154213,-0.009572518,-0.00030709043,0.14809427,-1.3467674,-0.72968316
640873772,640873688,-0.030828675,-0.005064827,0.009151685,-0.32084668,0.03909728,1.230107
640877527,640877438,-0.021132456,-0.013148465,0.0005799898,1.6242982,-1.0232712,-0.83967406
640881278,640881187,-0.02475624,-0.0107795475,0.0021036093,0.019139145,-0.32849792,-0.4922731
640883778,640883687,-0.02049585,-0.014438565,-0.008668692,1.0913789,-0.7198148,-1.9795816
640887525,640887437,-0.01844693,-0.019476306,-0.0014916711,0.79235005,-1.3908049,0.44798237
640891305,640891212,-0.012550877,-0.015631756,0.003866007,1.4771847,0.30803463,1.3215543
640895071,640894980,-0.013611693,-0.019905884,0.0055166148,0.37294844,-0.713565,0.29192257
640898777,640898687,-0.0035233153,-0.019982968,-0.004087435,1.8153304,-0.4644351,-1.178474
640901280,640901188,-0.0059621236,-0.026966615,-0.0015006086,0.4040334,-1.5634658,-0.269076
640905067,640904978,0.0032865824,-0.0236741,-0.0051412764,2.305769,-0.20453039,-0.44737157
640908778,640908687,-0.0030305332,-0.024751503,-0.0019811473,-0.111036934,0.10124609,0.08298672
640912528,640912437,0.013473611,-0.025872681,0.0011944997,2.1459587,-0.466575,0.84850615
640916278,640916188,0.009093743,-0.02667478,0.0019366511,0.7399434,-0.06551299,0.20333196
640918777,640918687,0.015202535,-0.02941081,0.00054783374,1.2625357,-0.64231354,-0.06277596
640922526,640922437,0.013658479,-0.024445252,-0.007879239,0.92602444,0.69403917,-1.6411544
640926267,640926186,0.02213215,-0.031935975,-0.0051628863,0.971712,-1.010832,0.040796947
640930069,640929980,0.022819802,-0.026322303,-0.004075212,0.87780523,0.6426269,0.033904362
640933778,640933687,0.017941501,-0.027930195,0.0009928324,-1.150517,-0.000104455044,0.6769703
640936302,640936211,0.025450999,-0.023933047,-0.0034262624,0.9990043,0.76828206,-0.34376976
640940071,640939980,0.025022518,-0.03293094,0.0011254109,-0.096100695,-1.1504674,0.6237959
640943778,640943687,0.028116334,-0.02651961,-0.003523511,0.80446315,0.53924143,-0.41252545
640947526,640947437,0.017750086,-0.026284924,-0.00658229,-1.6727366,0.39833668,-0.8086185
640951303,640951212,0.033307035,-0.025861045,-0.004714777,1.5277143,-0.18006727,0.018660907
640953778,640953687,0.02189171,-0.029974718,-0.0009927568,-1.5374486,-0.71455956,0.71784943
640957527,640957437,0.030173423,-0.027967067,0.0050618197,0.76169735,-0.280039,1.223126
640961271,640961188,0.01721101,-0.025857134,-0.00013324607,-1.2277569,0.6692699,-0.14650519
640965069,640964979,0.028246872,-0.027475383,-0.004120958,0.6928584,-0.31169662,-0.93581164
640968777,640968687,0.023825033,-0.024043193,-0.001979822,0.23434381,0.5380148,0.15925796
640971277,640971188,0.025540989,-0.030995324,-0.0031622902,-0.0018712407,-1.054118,-0.22571193
640975078,640974980,0.018224135,-0.023820393,-0.00040465625,-0.4732446,1.0832723,0.5935201
640978777,640978687,0.023521334,-0.028676001,-0.0005125791,-0.043257758,-0.5169842,0.26709646
640982526,640982437,0.02750614,-0.02436741,0.0022603027,1.4523374,0.30648065,0.51613885
640986275,640986186,0.015287769,-0.024913263,-0.008366999,-1.6653636,0.24010651,-1.5959576
640988787,640988692,0.02661085,-0.02298473,-0.0062451786,1.2801638,0.41800267,-0.4867272
640992526,640992437,0.018984785,-0.028108748,-0.008057219,-1.2394781,-0.43502724,-0.5821486
640996305,640996213,0.030830901,-0.02303592,0.0034587898,1.5410874,0.24935512,1.703581
641000070,640999980,0.021280292,-0.020443002,-0.008451515,-0.77852553,0.7064302,-1.3745956
641003779,641003688,0.03006399,-0.016648144,-0.005172045,0.6722705,0.7494636,-0.35641792
641006271,641006188,0.024639884,-0.019696934,-0.007979207,-0.7798603,0.015868323,-0.7222037
641010067,641009978,0.03603846,-0.017656602,0.0027938301,1.4400198,0.06801626,1.2086693
641013776,641013686,0.029584737,-0.016052444,-0.008180613,0.13076292,0.70137334,-0.75355726
641017527,641017437,0.038364314,-0.0145460265,-0.007171072,1.0872283,0.008474171,-0.64029926
641021278,641021188,0.03561486,-0.008164887,0.00016393133,0.60874885,1.3253593,1.3977243
641023778,641023687,0.038236916,-0.009851106,0.003969517,0.39425406,0.42851537,1.3142225
641027526,641027437,0.03723694,-0.0074064173,-0.0031225893,0.44739056,0.90468603,-0.18703587
641031278,641031188,0.039036326,-0.013049319,-0.008249642,0.11790922,-0.8316754,-1.2232938
641035070,641034980,0.043469742,-0.0069672274,-0.006746954,1.1325691,0.7564047,0.22769669
641038777,641038687,0.03803958,-0.008265582,-0.009758719,-0.5896543,-0.0130481785,-0.73284835
641041306,641041213,0.043389495,-0.005976933,-0.0065091755,0.45934415,0.52100354,0.31459188
641045073,641044980,0.042214878,-0.010772127,-0.0029310652,0.07388564,-0.8656927,0.15248422
641048777,641048687,0.039430417,-0.007655236,-0.003407054,-0.5914333,0.4103942,0.38255876
641052526,641052437,0.037469745,-0.011084233,-0.015169388,-0.49878168,-0.69200534,-2.2188728
641056302,641056211,0.043661423,-0.0038588657,-0.004228559,0.65485495,1.1261723,1.054934
641058775,641058687,0.03928616,-0.011865791,-0.010022669,-0.41245797,-0.9172225,-0.6674001
641062529,641062438,0.0364545,-0.007683886,-0.0035372062,-0.77016014,0.6202688,1.2858872
641066277,641066188,0.036815405,-0.015655238,-0.012584066,-0.10846749,-1.220238,-1.114499
641070068,641069979,0.035520088,-0.004600015,-0.0008810371,-0.61770177,1.4290684,1.3870497
641073778,641073687,0.03867603,-0.013017987,-0.013511204,0.61249435,-0.80629927,-1.4220245
641076268,641076187,0.03527333,-0.009727018,-0.0058496944,-0.39362472,0.06825922,0.7300697
641080072,641079980,0.032625206,-0.015069888,-0.016138881,-0.17233805,-1.0351937,-1.6128608
641083778,641083687,0.025008287,-0.006849823,-0.0056329565,-1.6720048,1.10273,1.0658269
641087526,641087437,0.03670748,-0.0156727,-0.017003179,1.2206658,-0.9840844,-1.506108
641091270,641091187,0.023165131,-0.007902495,-0.0073841764,-1.5598725,0.7273074,0.86914223
641093778,641093687,0.035265744,-0.018715411,-0.014641972,1.4043419,-1.4958506,-0.9675741
641097530,641097437,0.022550454,-0.010680459,-0.0038094902,-1.76303,1.0973606,1.3284491
641101305,641101211,0.03015029,-0.02429712,-0.016611908,0.40656182,-1.8121437,-1.4876244
641105071,641104980,0.019339824,-0.013573241,-0.0095190555,-1.3646246,0.65857506,0.4547027
641108777,641108687,0.030026209,-0.025126608,-0.020293588,1.0202751,-1.3117033,-1.2396795
641111278,641111188,0.018704996,-0.020150557,-0.008360474,-1.6857761,0.2343787,1.4275838
641115068,641114979,0.031414155,-0.031380955,-0.015839653,1.7517308,-1.803801,-0.8478601
641118776,641118687,0.017897759,-0.0269817,-0.0071183494,-1.3937743,0.16751301,0.8700486
641122520,641122437,0.029280292,-0.03391293,-0.019601407,1.1888908,-1.1870059,-1.6317496
641126270,641126187,0.017568802,-0.033408854,-0.0102122035,-1.1315832,-0.42756116,0.6607463
641128777,641128687,0.03063781,-0.04325806,-0.019558216,1.7973961,-2.306588,-1.1878656
641132527,641132437,0.016206486,-0.040084228,-0.008682119,-1.4553506,0.19418724,1.4232534
641136275,641136187,0.025998842,-0.04800386,-0.01753273,1.174309,-1.5070809,-0.6271803
641140078,641139979,0.013784268,-0.046496972,-0.011234537,-1.6126037,-0.17482197,0.5769286
641143778,641143687,0.02596322,-0.053255543,-0.019193914,1.4426423,-1.3149989,-0.72072804
641146301,641146211,0.015539556,-0.057099096,-0.014306893,-1.139004,-1.1653807,0.41783172
641150071,641149980,0.022834955,-0.05637966,-0.020366954,1.1063856,-0.71190643,-0.73356485
641153778,641153687,0.008639498,-0.056610897,-0.013667095,-2.1917892,0.059712067,0.56161714
641157525,641157437,0.022580788,-0.062621795,-0.015941141,1.5421543,-1.3710111,0.07678463
641161308,641161214,0.0036972682,-0.06007897,-0.016418979,-2.606236,0.33966446,-0.3618769
641163778,641163687,0.016126383,-0.05773923,-0.019237947,0.78926104,0.27694285,-0.5850553
641167527,641167437,0.011044535,-0.06566083,-0.016393526,-0.67630947,-0.6716588,-0.01621375
641171278,641171188,0.008610632,-0.055631936,-0.014915061,-0.44606146,1.028397,0.628518
641175074,641174978,0.0066623664,-0.060981866,-0.016374517,-0.7554268,-0.01975224,-0.4973971
641178776,641178687,0.008053304,-0.051821902,-0.013110531,-0.15398504,1.1360177,0.7062035
641181278,641181188,0.007399964,-0.0611884,-0.012647156,-0.4706865,-1.0941298,0.17171447
641185071,641184979,0.0060137887,-0.045668554,-0.015138993,-0.19425023,2.0124767,0.07148664
641188769,641188687,0.0076086163,-0.05566522,-0.013817765,0.093827926,-0.6945979,-0.33481276
641192527,641192437,0.002970887,-0.03891735,-0.013710051,-0.26593515,2.3266232,0.44738105
641196278,641196187,0.0061985604,-0.045704678,-0.012867764,0.22623791,-0.1927658,-0.20243688
641198776,641198687,0.004053263,-0.03523414,-0.015148904,0.08235426,1.9924036,-0.25719863
641202525,641202437,0.0049901893,-0.03717138,-0.0063688536,0.5051208,0.038556285,0.7473161
641206306,641206215,-0.0014048343,-0.025901115,-0.012567957,-1.0810272,2.3843446,-0.05160721
641210071,641209980,0.010455973,-0.026433032,-0.009258651,1.5145862,0.4908102,0.012810893
641213777,641213687,-0.0042248517,-0.015616156,-0.015073148,-1.9742285,2.4217854,-0.35970354
641216277,641216188,0.0031953794,-0.015409203,-0.0073489677,-0.37092587,1.1285524,1.1062251
641220066,641219978,0.010465989,-0.014759316,-0.018225813,0.92897874,0.92075866,-1.2182913
641223777,641223687,0.0088942265,-0.0036181046,-0.002488848,0.0041016173,1.8547649,1.7897252
641227527,641227437,0.015126329,-0.00471984,-0.017132543,0.7091547,0.7026986,-1.6496904
641231278,641231188,0.017672874,0.005786638,-0.0071337246,1.0805964,1.666187,0.7434272
641233778,641233687,0.02005413,0.0023758484,-0.016532619,0.8835719,0.26303187,-1.4551859
641237526,641237437,0.022093093,0.017036995,-0.004122007,1.0917165,2.58806,2.140681
641241271,641241187,0.024425158,0.0116146095,-0.012916932,0.64120495,0.072458394,-0.953876
641245072,641244980,0.023434997,0.026443139,-0.0021020812,0.49061123,2.4669802,2.044971
641248779,641248688,0.034749866,0.02401679,-0.010577613,2.1852865,0.50439745,-1.0040237
641251306,641251214,0.033088468,0.028466621,-0.009379924,1.4414858,1.1304379,-0.0646554
641255073,641254982,0.025456041,0.037834853,-0.0042232187,-0.8904109,1.6747631,0.025080679
641258777,641258687,0.03126059,0.03679474,-0.009644399,0.27439585,0.71319705,-0.33994585
641262525,641262437,0.03060762,0.046691567,-0.002078582,-0.18011652,1.6067033,0.38516194
641266301,641266211,0.025198177,0.05029094,-0.005114682,-1.3795774,1.571399,0.23168446
641268776,641268687,0.033849213,0.059162263,0.0034586794,0.9547843,2.4074452,1.4076059
641272520,641272437,0.026033012,0.05429483,-0.010422816,-0.9848017,0.09495901,-1.5579255
641276270,641276188,0.027828949,0.06543329,-6.223265e-05,-0.05152925,2.11914,0.72434044
641280067,641279978,0.029587677,0.0590007,-0.009767513,0.04517862,-0.5051179,-1.1094688
641283778,641283687,0.026268868,0.07701989,0.0009419477,-0.12368712,2.9040065,1.0351909
641286275,641286187,0.03007956,0.07161515,-0.0055847117,0.56306237,0.5706217,-0.5225833
641290079,641289980,0.0154454475,0.07321255,0.0018119138,-1.5792286,1.1823617,1.1974586
641293781,641293687,0.023146989,0.06846899,-0.008066504,0.20036776,-0.9693943,-1.1212026
641297526,641297437,0.01765986,0.074876204,-0.0017324663,-0.28265828,1.3263212,0.7064113
641301278,641301188,0.025064277,0.06682022,-0.00605675,0.870768,-1.2693646,-0.43544692
641303778,641303687,0.013115313,0.06415479,-0.0018688029,-1.5179696,-1.0480926,0.80568975
641307526,641307437,0.015704941,0.063730195,-0.0014407744,-0.23571216,-1.0301671,0.0027164982
641311302,641311211,0.0074922517,0.05509011,-0.0028697124,-1.5745515,-1.0503821,-0.034853503
641315071,641314980,0.021221966,0.058315106,-0.004084292,1.384375,-0.792192,-0.71458435
641318777,641318687,0.0055891555,0.046945255,-0.006492911,-1.7900587,-1.2946864,-0.27902383
641321278,641321188,0.015231339,0.04815676,0.0020717618,0.6102914,-0.84722435,1.2454867
641325073,641324978,0.0069247764,0.030126939,-0.005042751,-1.1057174,-2.524308,-0.6698211
641328776,641328687,0.012213961,0.038713973,0.0026483824,0.42277256,-0.10957237,0.91123796
641332528,641332437,0.00806266,0.019574188,-0.0085425,-0.91797286,-2.6018102,-1.3955573
641336278,641336187,0.01291082,0.022371074,0.0039773774,1.0017713,-1.2135956,1.1165373
641338770,641338687,0.014581599,0.005266853,-0.0044485414,0.83753943,-3.6967194,-1.0021008
641342526,641342437,0.008458788,0.021492058,0.006805004,0.32754263,0.89676106,1.8701724
641346274,641346187,0.0062719993,-0.00033934892,-0.0047621313,-0.67219627,-2.7651024,-1.1770124
641350072,641349981,0.00890964,0.005785266,0.010341615,0.8926357,-0.8685127,2.0962536
641353778,641353688,0.0075792754,-0.009131941,-0.0015846674,0.047097657,-2.065884,-1.1840801
641356300,641356210,-0.0006079987,0.0010729481,0.003960128,-1.2440617,0.5473397,0.5541095
641360073,641359980,0.0027979948,-0.010299394,-0.0001646562,-0.17411894,-1.6632105,-0.8768024
641363779,641363688,-0.008517517,-0.009498876,0.0063448525,-1.955527,-0.7500588,1.0616666
641367525,641367437,0.006030805,-0.02095374,0.0006823066,1.4392984,-1.8400514,-0.7053776
641371302,641371211,-0.01273301,-0.013081139,0.0068340953,-2.4838703,0.30677977,0.5243852
641373778,641373687,-6.236907e-05,-0.020659126,0.0050031785,0.8601749,-1.1965771,-0.09013556
641377527,641377437,-0.015678125,-0.02347987,0.0073176255,-2.482394,-1.2222968,0.37766495
641381280,641381188,0.0022832043,-0.036784444,0.0014070172,2.4089668,-2.2795646,-0.5782518
641385067,641384978,-0.018817289,-0.03224631,0.00827783,-2.6319573,-0.4773741,0.7326589
641388769,641388687,-0.0014873493,-0.03269161,0.00677195,1.6669569,0.018035278,0.15593575
641391271,641391188,-0.013756108,-0.03619636,0.008337562,-1.3702575,-0.7965882,0.18674043
641395066,641394977,-0.002163626,-0.044737864,0.0025918826,1.9894016,-1.492217,-0.6036923
641398776,641398687,-0.014528405,-0.047375392,0.008427926,-1.4868486,-1.1269846,0.5134642
641402531,641402438,-0.0024820028,-0.045030538,0.0061517935,1.4788612,0.04723523,0.052628297
641406270,641406187,-0.009377694,-0.04893132,0.011386552,-0.13846616,-0.71818066,0.4795685
641408777,641408687,0.003170865,-0.054707475,0.005674043,2.486187,-1.5748003,-0.39489356
641412526,641412437,-0.011620776,-0.05133959,0.012803696,-1.3205183,0.07524122,0.71707886
641416300,641416210,-0.0030677957,-0.054343194,0.0026074422,0.45757014,-0.3564659,-0.933445
641420074,641419982,-0.0036344186,-0.049000792,8.503375e-05,0.71556056,0.50450873,-1.2019365
641423778,641423687,0.0015146075,-0.05780794,0.00625986,0.1638062,-1.0748979,0.83719224
641426271,641426188,-0.0016941956,-0.053262945,0.013332854,-0.13893077,0.28518268,1.593759
641430067,641429978,0.0021385255,-0.055817638,0.011329336,0.14543888,-0.59905285,0.5230037
641433777,641433687,0.00344526,-0.045159582,0.006813811,1.0564836,1.4203995,-0.86191314
641437526,641437437,0.003429811,-0.06116757,0.008684339,-0.36756286,-1.8879814,0.31456682
641441274,641441190,0.0141500095,-0.047544677,0.007851395,2.3095903,1.1603354,-0.23334457
641443777,641443687,0.010043675,-0.060527142,0.0066217594,0.2535201,-1.7135545,-0.28284878
641447529,641447438,0.014573463,-0.044357553,0.009153431,1.8734362,1.7527254,0.22160299
641451277,641451188,0.008799536,-0.053852513,0.018097889,-1.0185775,-0.38326964,1.6965317
641455066,641454978,0.026329156,-0.052221097,0.015615057,2.710111,-0.42652524,0.17064565
641458777,641458687,0.011858569,-0.0485773,0.01081808,-1.2825845,1.0553569,-0.79955643
641461301,641461211,0.033885024,-0.043534443,0.0038948476,3.4015431,1.1923069,-1.6575067
641465071,641464980,0.01850822,-0.04712281,0.009405307,-1.2975694,0.4643938,0.31387332
641468777,641468687,0.032288857,-0.050791964,0.010569232,1.3877704,-1.0116187,0.36522633
641472526,641472437,0.03024622,-0.038877767,0.017679306,1.0761566,1.9530522,1.1419286
641476291,641476210,0.029461754,-0.041894384,0.01393573,-0.7376264,0.61153716,-0.16005449
641478776,641478687,0.034544293,-0.026690353,0.013790397,0.7472464,3.136388,-0.2287749
641482528,641482437,0.03159168,-0.03961005,0.00071176246,-0.9603227,-0.7344219,-2.160543
641486278,641486188,0.035162386,-0.034593288,0.010759412,0.3976028,0.08911561,0.65293974
641490076,641489979,0.029980628,-0.028222444,0.013472616,-0.43201795,1.579251,1.1875848
641493778,641493687,0.03726618,-0.028799783,0.01793999,1.1365857,-0.03913368,0.4959798
641496276,641496187,0.030554308,-0.02318465,0.0136925895,-0.5580599,1.2307034,-0.10576318
641500065,641499977,0.027602546,-0.030676374,0.013553597,-0.44725236,-1.3937424,-0.76440966
641503778,641503687,0.019320745,-0.019252058,0.010696354,-1.6789502,1.7424151,-0.05221686
641507521,641507438,0.01829365,-0.029201776,-0.0015478684,-1.2076156,-0.86652935,-2.8355386
641511278,641511188,0.020285701,-0.019878915,0.020926958,-0.46461433,0.5949114,2.7556548
641513777,641513687,0.014860467,-0.032406524,0.010896007,-1.3597342,-1.7398002,-0.48637894
641517525,641517437,0.017721027,-0.0246497,0.03255491,0.16899712,0.0043424494,3.9150777
641521300,641521211,0.009106748,-0.025992222,0.0059345416,-0.2950774,0.7239138,-2.0891595
641525077,641524978,0.012373132,-0.03525753,0.011410839,0.2916372,-2.414187,-0.5005072
641528777,641528687,0.011717034,-0.028885463,0.0087384,0.56957763,0.8588138,0.2650308
641531281,641531188,0.0064833662,-0.040758196,0.015275685,-1.2228093,-2.03333,0.6877204
641535068,641534979,0.010191475,-0.027772896,0.016133558,0.94244283,1.9867383,1.2786894
641538776,641538687,-0.0006559249,-0.044683434,0.016446391,-2.0823493,-2.0788252,-0.27079237
641542526,641542437,0.0153526375,-0.036511112,0.02689394,2.0127385,0.02741966,2.3875484
641546278,641546188,0.00082055817,-0.047460355,0.005843589,-0.6836441,-0.60621387,-2.315869
641548776,641548687,0.014713812,-0.040186003,0.009883064,1.7890724,0.6575778,-0.48495904
641552528,641552437,-0.003349215,-0.04552999,0.0037774767,-1.9685159,0.11292462,-1.2108102
641556270,641556187,0.0058157644,-0.05121842,0.020360338,-0.61985695,-1.6971405,1.6227129
641560066,641559978,0.0076431353,-0.05081458,0.019195417,1.39261,0.010118324,0.9174411
641563778,641563687,-0.005196037,-0.057720933,0.0101140095,-2.3387983,-1.3342894,-1.5990958
641566299,641566210,0.011196973,-0.047937144,0.012627369,2.2348301,1.1205425,-0.06990194
641570071,641569979,-0.008190522,-0.05249716,0.0035061154,-3.0388088,-0.6029636,-1.9443053
641573779,641573688,0.0064557386,-0.052861065,0.012620776,0.90692264,-0.4623034,0.5533545
641577526,641577437,-0.007683332,-0.054650653,0.008348947,-1.5306144,-0.20996194,-0.2739916
641581302,641581211,-0.0026410501,-0.051110364,0.01832433,-1.0381,0.562208,0.7647828
641583777,641583687,-0.006895196,-0.04604542,0.016274795,-0.82323813,1.2543262,0.41506693
641587519,641587437,-0.005987908,-0.04632164,0.01775406,-0.7766542,0.5796084,-0.060995553
641591275,641591188,0.00021672132,-0.054927967,0.01771373,1.6116586,-1.2341013,0.701432
641595067,641594978,-0.019156925,-0.042438053,0.0030929646,-2.5364587,1.655324,-2.6234026
641598776,641598687,-0.012517585,-0.045319136,0.020436678,-0.6615494,0.02773832,1.4654973
641601277,641601188,-0.021401659,-0.04084763,0.01243692,-1.9807653,0.7932106,-0.6824938
641605066,641604977,-0.015950665,-0.047647465,0.03022537,-0.38643238,-0.6715129,2.3645067
641608776,641608687,-0.022985082,-0.03689369,0.015885118,-0.3003263,1.0525368,-0.5678712
641612529,641612438,-0.028187076,-0.03762553,0.008659301,-1.5933241,0.7020465,-2.088198
641616276,641616187,-0.022373896,-0.04052285,0.015000008,0.8576918,-0.32219088,0.82161963
641618777,641618687,-0.036794074,-0.039979015,0.012138486,-2.6217597,0.2501397,-0.5798235
641622526,641622437,-0.02558769,-0.037188686,0.023253992,1.3865523,0.25097004,2.1632411
641626300,641626210,-0.043933675,-0.027278922,0.012357997,-2.252803,2.2102416,-1.0183816
641630072,641629980,-0.024094988,-0.04222277,0.02456583,2.0496044,-2.0501914,1.6565555
641633779,641633688,-0.037106752,-0.032142844,0.013063978,0.26974216,0.691779,-0.54523194
641636282,641636190,-0.032546144,-0.04340029,0.013844315,0.26666614,-1.8140028,-0.4090928
641640075,641639979,-0.03641677,-0.02594235,0.009943636,0.8281061,2.0097094,-0.32160112
641643777,641643687,-0.037675496,-0.034464583,0.01861636,-1.5427749,-0.19898245,0.8696495
641647526,641647437,-0.01767592,-0.030366194,0.028578224,3.9631429,-0.13990846,2.308859
641651281,641651188,-0.042675145,-0.024469772,0.018649433,-2.2474782,1.8073915,-0.737554
641653771,641653687,-0.01808483,-0.026354356,0.017997071,3.554258,0.36774367,-0.4867231
641657527,641657438,-0.04387744,-0.024635555,0.011152651,-3.206569,1.3099871,-1.3908927
641661278,641661188,-0.013674273,-0.039977852,0.014725307,2.8903446,-2.579253,-0.2697173
641665066,641664978,-0.02745773,-0.02419648,0.020551376,0.17401743,1.7395513,0.86210686
641668776,641668687,-0.025387693,-0.03547048,0.026237201,-1.7385778,-0.78000593,1.2958661
641671301,641671211,-0.026965467,-0.024939789,0.025806494,-0.54800284,1.3123766,0.49037176
641675072,641674980,-0.020647626,-0.043536007,0.015158478,-0.9094439,-2.3200948,-1.4288179
641678777,641678687,-0.006820433,-0.0358697,0.010726555,3.5304892,-0.2798721,-1.3121356
641682527,641682437,-0.024330938,-0.03840103,0.017880654,-2.0595646,0.27765447,0.97212833
641686299,641686210,-0.0016712904,-0.050086167,0.022065302,2.6944556,-2.389173,0.73558015
641688776,641688687,-0.025746817,-0.045998693,0.02806333,-3.0501661,-0.34448794,1.4964409
641692527,641692437,-0.0007293181,-0.0509816,0.016912809,3.0081568,-1.6487544,-1.5594546
641696278,641696188,-0.020242674,-0.046719465,0.021300623,-1.2796788,0.34299132,0.07071603
641700071,641699980,-0.010757955,-0.058255758,0.010058088,-0.21097454,-1.96868,-1.5032167
641703770,641703687,-0.01306731,-0.046177976,0.020462345,0.61425513,0.9487547,0.5817747
641706287,641706187,-0.005133284,-0.05780725,0.018250505,1.1485286,-1.473825,0.090188324
641710069,641709979,-0.0067867134,-0.045701634,0.029853193,1.3494465,1.2588011,1.4540861
641713777,641713686,-0.015222323,-0.05151552,0.022922881,-1.7646607,0.23808935,0.2101767
641717528,641717438,-0.0004635726,-0.05474338,0.013208468,2.2951837,-1.3028672,-2.208582
641721271,641721188,-0.017155405,-0.04463368,0.019111121,-1.777686,1.8404559,0.44959348
641723778,641723687,-0.00050025596,-0.04932876,0.014503278,2.0187986,-0.12115086,-0.9707026
641727526,641727437,-0.007275634,-0.035831463,0.02510514,0.0021875747,2.8683355,1.9034231
641731301,641731211,-0.0046542566,-0.0477047,0.014600404,0.0077652074,-0.8654989,-1.2259539
641735071,641734979,-0.00024713614,-0.03620223,0.03134205,1.1102377,1.1708041,2.2346117
641738777,641738687,-0.0010609191,-0.040276587,0.012565241,0.7646474,0.48220798,-1.4519949
641741272,641741188,0.0020100526,-0.03283777,0.020022273,0.8651385,1.3558079,0.42296293
641745071,641744980,-0.0007664312,-0.037577655,0.010360371,0.10051808,0.5323003,-0.91295266
641748776,641748687,0.0006742254,-0.036899704,0.020643098,-0.08154797,-0.48725054,0.6007277
641752529,641752439,0.0043031955,-0.024857879,0.023076314,0.9635231,2.1703997,1.2282789
641756271,641756187,-0.004469992,-0.036606856,0.020265441,-1.1986214,-1.1755676,-0.516314
641758780,641758687,0.0021582386,-0.025203623,0.018001638,0.83166337,1.6122955,-0.27431828
641762528,641762438,-0.0064851632,-0.03509478,0.009147546,-1.6173549,-1.1823545,-2.2613373
641766277,641766188,0.006903384,-0.023065332,0.0145889735,1.4425899,1.0868648,0.5532914
641770067,641769978,-0.0073229363,-0.028732812,0.008156254,-1.3722452,0.21645474,-1.1346134
641773778,641773688,-0.0019187281,-0.026916027,0.023901675,-0.4697146,-0.4165017,1.7995782
641776300,641776210,-0.0071300617,-0.028567422,0.014208432,-0.8116477,-0.12795083,-0.7090194
641780072,641779980,0.00036934175,-0.024879571,0.019919619,0.46236867,-0.32729858,0.6036347
641783778,641783687,-0.0037065402,-0.01993379,0.006523723,0.52037823,1.4222231,-1.3566631
641787519,641787437,-0.009460876,-0.030457888,0.0075993123,-1.5150927,-1.7139748,-0.89175427
641791293,641791211,0.0029526753,-0.0137562845,0.015107034,1.9840188,2.321691,1.351105
641793778,641793687,-0.007920281,-0.025109272,0.015366526,-1.1590306,-1.0751226,0.45544404
641797526,641797437,0.003263984,-0.01201314,0.018362561,2.1242974,1.9112066,1.2053099
641801283,641801188,-0.01046438,-0.02546101,0.01132675,-1.2015499,-1.1983308,-0.8267339
641805083,641804981,-0.0023843693,-0.013741184,0.012536144,0.6398483,0.8924238,0.05885222
641808777,641808687,-0.009764791,-0.014141645,0.0067088585,-0.38276806,1.155169,-0.59712917
641811282,641811191,-0.00025822947,-0.012358056,0.010000458,1.2083299,0.66589034,0.097606614
641815069,641814979,-0.0067576016,-0.014764373,0.012417702,-0.086321175,0.6306101,0.54530585
641818776,641818687,-0.008540169,-0.013114323,0.0141921,-1.3174734,0.028520688,-0.026751556
641822518,641822437,-0.0014847085,-0.00027913373,0.010471975,1.517223,2.2447908,-0.1527706
641826279,641826188,-0.015777789,-0.012744206,0.0036478268,-1.6581271,-0.94506836,-1.2358414
641828776,641828687,-0.0017459196,-0.006122736,0.008029793,1.7652385,0.65838504,0.27316254
641832529,641832438,-0.016197644,-0.0118870335,0.0054156114,-1.7239616,-0.5797095,-0.70972335
641836299,641836210,-0.0066339877,-0.0018981656,0.011857416,-0.033068698,1.1348943,0.8683552
641840074,641839977,-0.006401088,-0.00097538263,0.011309846,0.695233,0.7914974,0.17734522
641843779,641843688,-0.012764545,-0.008517929,0.015351524,-1.2434937,-1.168068,0.4926243
641846276,641846187,-0.006094784,-0.0039055005,0.0045625404,1.021191,0.28392085,-1.6844096
641850072,641849979,-0.008209958,-0.0052261176,0.008636925,-0.59473896,-0.43021518,0.072955474
641853772,641853688,-0.0001491025,0.0005677162,0.007287925,1.7217462,0.89907146,0.271608
641857527,641857437,-0.016388696,-0.0056234756,0.01414459,-2.0289485,-0.54481894,0.5388237
641861278,641861187,0.002557285,-0.0051130666,0.014725502,1.8308527,-0.36412394,0.7053758
641863778,641863687,-0.011062619,-0.008081667,0.012406424,-1.6117741,-0.5654545,-0.3621287
641867526,641867437,0.01089068,-0.0015083847,0.007886166,2.562757,0.53209376,-0.3217563
641871271,641871188,-0.003597075,-0.0070857364,0.00027496566,-0.69525725,-0.2745273,-1.7912545
641875071,641874980,0.007712217,-0.011250145,0.011220207,0.5553403,-1.2714527,1.7106006
641878778,641878687,0.0145202335,-0.0023500733,0.010817271,2.909964,1.1035695,0.6883571
641881301,641881211,0.014774741,-0.014269113,0.020985726,1.2282133,-1.7222747,2.313181
641885066,641884978,0.014107837,-0.0054420778,0.0039523626,1.7805909,1.1125522,-2.1804123
641888776,641888687,0.011958133,-0.018382424,0.0066178236,-0.97354627,-1.599934,-0.49345788
641892528,641892438,0.030985959,-0.008372392,-0.001496736,3.2869678,0.4840361,-1.319286
641896302,641896211,0.006399831,-0.0147324195,0.01249401,-3.0200348,0.0037118907,1.4845978
641898779,641898687,0.030694962,-0.008343257,0.010088943,2.9234385,0.7943007,0.61516225
641902527,641902437,0.014535446,-0.01763312,0.019170122,-2.003951,-0.33726886,1.4744041
641906269,641906187,0.040902387,-0.019987093,0.007141393,3.1255045,-1.3213667,-0.91575205
641910072,641909980,0.018621072,-0.0076005836,0.00097628776,-1.4462328,2.2848315,-2.1361601
641913777,641913687,0.030325651,-0.026045963,0.005846177,-0.21734874,-2.2791152,0.4557821
641916277,641916188,0.025428943,-0.012272231,0.005452727,-0.4900245,1.3845562,-0.23224574
641920071,641919980,0.034328207,-0.024795955,0.0141344415,0.18874061,-1.7446738,1.8540326
641923778,641923687,0.03208014,-0.010897963,0.008855921,0.68824935,1.1940094,-0.4033447
641927524,641927436,0.023259832,-0.017782474,0.0120595535,-1.7714279,-0.08961752,0.6936513
641931280,641931190,0.041416008,-0.017053897,5.6094646e-05,3.0909455,-0.64532864,-1.4919174
641933778,641933687,0.024160597,-0.024071865,0.008878716,-1.7527317,-1.329715,0.88004774
641937527,641937437,0.03267323,-0.013888127,0.0071402933,1.3274062,0.48901945,-0.118663214
641941297,641941211,0.016292386,-0.011443118,0.013357635,-2.032545,1.2741567,0.6813022
641945067,641944978,0.02391606,-0.016843222,0.0042906622,-0.057291284,-1.042193,-1.0736923
641948777,641948687,0.011760878,-0.0053697308,0.009718028,-1.4715798,1.491332,0.08728641
641951278,641951188,0.018214269,-0.018616809,0.008198024,0.05323581,-1.5966281,-0.10946138
641955080,641954981,0.003896601,0.0013870811,0.010534482,-1.8545482,2.8201904,-0.14159304
641958776,641958687,0.008278574,-0.009933461,0.008786288,-0.68970984,-0.51238877,0.20065401
641962527,641962437,0.0075505767,0.00023147027,0.006796303,0.15784289,0.7190122,-0.62094617
641966278,641966187,-0.01531397,0.008588887,0.012399838,-3.9843671,2.66127,0.4771817
641968777,641968687,-0.0013300607,0.010386137,0.0054905526,0.43529317,1.3899138,-1.1575179
641972518,641972437,-0.007713519,0.014242156,0.009740788,-1.1676198,2.1402843,0.30357486
641976277,641976187,0.0023763753,0.009773701,0.008594137,1.0951971,-0.70590264,0.3220676
641980070,641979980,-0.010385031,0.02876727,0.011625979,-0.917483,3.1985438,0.31786197
641983778,641983687,-0.009596256,0.01619511,0.010642895,-0.8289464,-0.48876464,0.3441119
641986300,641986210,-0.011323561,0.037443854,0.008926871,-0.46634352,3.645274,-0.28174138
641990076,641989979,-0.0033758134,0.023487536,0.013317481,0.3211129,-0.85746515,0.9463395
641993778,641993687,-0.0053218245,0.03946753,0.0073185763,0.24054381,1.7691941,-0.8132742
641997530,641997438,-0.0070359367,0.03241742,0.015146139,-0.40880093,0.4439479,1.3175626
642001302,642001211,0.006471874,0.034965403,0.010820235,2.3360255,-0.36579704,-0.19882748
642003778,642003688,-0.0013368796,0.033498902,0.016722359,-0.38961855,-0.2284767,1.0266906
642007528,642007437,-0.00084184564,0.036764815,0.0074868193,0.4478129,-0.47703466,-1.4194582
642011278,642011188,-0.0043082125,0.038003616,0.010406202,-0.99883264,0.8298119,-0.17020814
642015071,642014980,0.010405587,0.030146573,0.008616151,1.989323,-1.5786666,-0.046997976
642018777,642018687,-0.0026005232,0.044486713,0.014319394,-0.9598443,1.8381965,0.25543287
642021273,642021188,0.009296458,0.029072598,0.010306109,1.7404299,-2.0123973,-0.4116188
642025070,642024980,-0.0033415281,0.03615185,0.01523742,-1.2247841,1.0460852,0.1855248
642028777,642028687,0.010405934,0.021731518,0.015841424,1.4738016,-1.890428,0.7052597
642032526,642032437,0.0017389557,0.03580118,0.007814907,-0.28814068,0.9734207,-1.654535
642036270,642036188,0.003938146,0.025822924,0.012855343,-0.19242017,-0.8243688,0.48476917
642038776,642038687,0.00459306,0.024183186,0.0122805275,0.3473942,-0.89530694,-0.02936957
642042528,642042437,0.0120930225,0.020011956,0.02533234,1.3271084,-0.4110802,2.653432
642046302,642046211,0.009613518,0.025817655,0.013638669,0.83600014,0.18239696,-1.0302955
642050066,642049978,0.0079271095,0.023993066,0.018045835,-0.3887544,-0.042456664,0.016243134
642053778,642053687,0.016434213,0.012118613,0.013571594,1.7250654,-1.9404068,-0.042041074
642056268,642056187,0.013169351,0.015371636,0.01857023,-0.07150149,-0.47903103,0.7283588
642060073,642059980,0.02089739,0.01599809,0.012097768,1.6954372,-0.3797137,-0.25878403
642063779,642063688,0.017827366,0.018674163,0.017098537,-0.24200687,0.1882313,0.3921378
642067526,642067437,0.029752783,0.012877033,0.022240952,1.9595238,-0.6834659,1.2082977
642071272,642071187,0.016609944,0.013391767,0.016351193,-1.0304096,-0.06631819,-0.7387657
642073778,642073688,0.027660627,0.014774112,0.010474779,1.3232839,0.17497188,-1.4389591
642077524,642077437,0.021772964,0.013318246,0.011290248,-0.5136331,-0.07256199,-0.776524
642081279,642081188,0.028391162,0.011577441,0.01918793,0.14905873,-0.2427994,1.0605742
642085071,642084980,0.02143852,0.006765098,0.017028993,-0.56772184,-1.0115535,0.14858873
642088776,642088687,0.017157612,0.013246857,0.023370907,-1.6570256,0.9177607,0.91571283
642091301,642091211,0.016209157,0.014520092,0.020980535,-0.7305209,0.6816056,0.16189657
642095068,642094979,0.014735923,0.014130003,0.022072615,-1.1338285,0.32930338,0.11249675
642098777,642098687,0.015411289,0.0051669874,0.012385081,0.15786505,-1.2676744,-1.2383006
642102520,642102438,0.0014942404,0.012817228,0.016666986,-2.5045466,0.74368614,0.017949594
642106300,642106215,0.0063587097,0.008887993,0.027057765,-0.7264186,-0.20059857,1.8594012
642108779,642108687,-0.0089866,0.0116653005,0.023291903,-3.2248976,0.33965456,0.098708935
642112527,642112437,0.003239528,0.005988074,0.024791356,0.5842931,-0.69319755,0.6339497
642116275,642116187,-0.005503611,0.0056858533,0.01713686,-0.8495965,-0.31572253,-0.8626772
642120078,642119979,-0.002130143,0.005356268,0.019097894,-0.54376036,-0.035426468,-0.0033528735
642123778,642123688,-0.005700722,0.0070338715,0.01414887,0.28086737,0.06434969,-0.5572559
642126277,642126188,-0.0042253006,-0.00095066585,0.022216585,-0.083903484,-1.424918,1.1964854
642130071,642129979,-0.0069255163,0.0004322807,0.02949769,0.5233464,-0.34303942,1.5856743
642133778,642133687,-0.0155370375,-0.00059592753,0.026051527,-2.3526027,0.17337254,-0.25260055
642137517,642137437,0.0039932043,-0.0025212942,0.0149612045,2.8213332,-1.0627534,-1.757618
642141280,642141189,-0.020218654,-0.00621002,0.017348226,-2.7596343,-0.42734927,-0.10841664
642143777,642143687,-0.00014311608,-0.008914942,0.021311516,2.4349768,-0.96052444,0.82774615
642147527,642147437,-0.022299243,-0.004984737,0.03039226,-2.8353338,1.1131343,1.6915694
642151302,642151211,0.00038277157,-0.010623524,0.026376864,1.9920394,-1.0498794,0.28607947
642155076,642154979,-0.015392126,-0.006465379,0.02467233,-0.5991566,0.3646396,-0.53218734
642158777,642158687,-0.0161365,-0.021379687,0.022910114,-1.5360378,-1.7938097,-0.357374
642161281,642161187,-0.022479437,-0.0051849117,0.015590235,-1.4816692,1.8968022,-1.8576826
642165071,642164980,-0.015127791,-0.01881227,0.020454949,-0.7682072,-1.491231,0.46090236
642168769,642168687,-0.0063833944,-0.010950712,0.025337022,2.3609905,0.18580317,1.016369
642172529,642172437,-0.02150349,-0.018036928,0.03620444,-2.0980656,-0.45652592,2.2016575
642176276,642176187,-0.0068495837,-0.014735831,0.021548053,1.8192222,-0.14530973,-1.2056065
642178777,642178687,-0.025015114,-0.013053063,0.02472288,-2.3125618,0.45278537,-0.17009586
642182526,642182437,-0.0054215672,-0.014652073,0.01392028,2.3974624,-0.5847506,-1.6669456
642186271,642186188,-0.024161145,-0.011658681,0.022361232,-2.002192,0.6984739,0.19235173
642190070,642189980,-0.0072159963,-0.018256204,0.02860133,1.1040232,-1.1752638,1.7611414
642192529,642192438,-0.020715985,-0.009347611,0.036628913,-1.4871657,1.0282252,2.3188667
642196302,642196211,-0.011830522,-0.015253392,0.032098874,-0.0016203877,-0.7700405,0.58699274
642200068,642199979,-0.014404543,-0.009149735,0.020069432,0.9741299,0.48464054,-2.3403826
642203777,642203687,-0.015917178,-0.01783225,0.021939239,-1.1358815,-0.76711625,-0.13235128
642207528,642207437,-0.003688027,-0.008485822,0.018002369,2.46872,0.45058697,-1.0070968
642211301,642211211,-0.026717767,-0.004391059,0.036573134,-3.0253334,1.5053654,2.3859913
642213777,642213687,-0.004117355,-0.011231902,0.02588713,2.8805623,-0.8698767,-0.60666275
642217527,642217437,-0.021970434,-0.0014306225,0.03783538,-1.803938,2.2964883,1.8315326
642221271,642221187,-0.003839684,-0.012124627,0.018817073,1.9868063,-1.3179914,-2.1262352
642225072,642224981,-0.021518746,0.0063618184,0.022284878,-1.6432525,2.557245,-0.9793893
642228777,642228687,-0.011199975,-0.0060698767,0.022053117,0.23212796,-0.61911917,0.90369165
642231281,642231188,-0.019571695,0.009030112,0.030053081,-1.4946264,2.2424202,1.5123025
642235070,642234980,-0.0075414777,0.0020285626,0.03418752,0.62263805,-0.024677299,2.197144
642238777,642238687,-0.015779385,0.017381152,0.025050245,-0.27982172,2.0168378,-1.2499285
642242525,642242437,-0.012388947,0.020114465,0.026243381,0.1304775,1.7584726,0.07858562
642246277,642246188,-0.007024857,0.02024471,0.018312022,1.6915364,0.5700511,-1.0545781
642248776,642248687,-0.008091723,0.025065409,0.02602368,0.5063728,1.2560104,0.7451569
642252521,642252438,-0.011048034,0.02909546,0.016749974,0.26945588,0.9528721,-1.3229764
642256294,642256211,-0.016305607,0.037616886,0.03011399,-1.1669022,1.7273133,1.2668912
642260069,642259979,-0.009555208,0.04053866,0.031785797,0.6798712,1.1983597,1.1382362
642263778,642263687,-0.0154351285,0.046824906,0.026277415,-0.918175,1.5045277,-1.1098971
642266275,642266187,-0.008029136,0.048960708,0.020841602,1.0496918,1.2974348,-1.3355556
642270078,642269980,-0.010312572,0.048920624,0.017755203,-0.05060274,0.2834408,-1.5544904
642273778,642273687,-0.0053166156,0.053810436,0.029873313,0.8305593,1.2508482,1.748753
642277527,642277437,-0.013153945,0.056378163,0.020428643,-0.7441437,0.65465003,-1.4133544
642281282,642281191,-0.009468556,0.062352225,0.03119678,-0.65059423,1.2799532,0.8778725
642283777,642283687,-0.005871937,0.054184288,0.022159021,0.5433818,-0.86229545,-1.1836363
642287520,642287437,-0.0070606107,0.06218269,0.032752022,-0.34777796,1.177148,1.3455752
642291282,642291188,0.004673609,0.057466906,0.020037713,2.2819154,-0.5005136,-1.0722016
642295070,642294980,-0.0060491627,0.06696764,0.02559029,-1.0089529,1.2385128,0.00043148163
642298777,642298687,0.0061906674,0.0598722,0.027373139,1.859237,-0.36765268,0.8942114
642301301,642301211,-0.0050624744,0.060321245,0.029968407,-1.1728638,-0.22877133,0.6080576
642305074,642304978,0.015141585,0.058416843,0.02742493,2.9962466,-0.018415965,0.3883105
642308776,642308687,-0.0016646151,0.057102725,0.028012263,-1.3505636,-0.5721268,-0.12566213
642312528,642312438,0.007696618,0.05714833,0.028094376,0.38020417,0.19259861,0.18651113
642316301,642316211,0.0014695025,0.050959498,0.026291307,-0.08495971,-1.0498971,-0.32151878
642318771,642318688,0.015201349,0.05066848,0.025749562,2.0483572,-0.72684896,-0.13413675
642322527,642322437,0.0060803853,0.046411537,0.032589808,-0.23645167,-1.3060335,0.9753748
642326276,642326187,0.008941045,0.04715058,0.029515257,-0.28712994,-0.48646381,0.14253063
642330070,642329980,0.008957978,0.03952478,0.024246393,1.012908,-1.3269145,-1.2175854
642333779,642333688,0.006030075,0.038993437,0.028786553,-0.8803908,-0.4406203,0.45926347
642336270,642336188,0.014770162,0.03752829,0.031635515,1.343041,-0.53395087,0.6440356
642340072,642339979,0.0048809685,0.030228572,0.027742095,-1.7701243,-1.3816667,-0.40823862
642343779,642343688,0.008929241,0.026133504,0.027321719,0.0805229,-1.0525639,-0.32984143
642347526,642347437,0.008765016,0.02505469,0.025737176,-0.0017912977,-0.764475,-0.10352413
642351282,642351191,0.011951862,0.020699197,0.02946059,0.09023617,-0.64330626,0.34372866
642353778,642353687,0.009046435,0.018229488,0.029718315,-0.18537116,-1.0391217,0.33691448
642357526,642357437,0.009567382,0.011436161,0.031707942,-0.26009595,-1.1266742,0.40922818
642361306,642361212,0.013867023,0.0088226255,0.028474918,0.89701277,-1.2816554,-0.18984275
642365067,642364978,0.003237819,0.0122337565,0.028064806,-1.7586181,0.2568384,-0.3996879
642368769,642368687,0.014423303,0.0028241307,0.02705438,1.018111,-1.9161674,-0.16226952
642371270,642371187,-0.00018312965,0.0015197862,0.029428804,-2.2835207,-0.91892195,0.09678944
642375073,642374983,0.017264688,0.0018688368,0.035681568,2.105355,-0.8767598,1.0183629
642378776,642378687,0.0032543621,0.00604396,0.036200617,-0.9304928,0.90941656,0.54532194
642382528,642382438,0.013066019,-0.0018136003,0.03147799,0.9191017,-1.4767852,-0.27795818
642386268,642386187,0.0022511098,0.0053304816,0.026714297,-0.31913787,0.7419615,-1.0413263
642388776,642388687,0.01597529,-0.0062076724,0.026258884,2.0851626,-1.7658454,-0.6402991
642392525,642392437,0.0013545046,0.0111311665,0.029352443,-0.76653886,2.5930445,-0.09594503
642396274,642396186,0.0046819905,-0.0048273355,0.03618308,-1.173484,-1.5088527,1.2021725
642400071,642399980,0.013228581,0.002047377,0.03436023,1.8041915,0.07463575,0.04652219
642403779,642403688,-0.00068710616,-0.00041123392,0.032242514,-2.0218096,0.13190249,-0.26771763
642406298,642406211,0.0169789,0.003741922,0.01992616,2.4360013,0.5714125,-2.3875136
642410070,642409980,-0.0030005155,0.0038272773,0.029287852,-2.8235545,0.5237768,0.83232605
642413777,642413687,0.015443768,0.00020185561,0.024963213,1.9739788,-0.8932011,0.112044886
642417540,642417452,0.00070150074,0.0047680903,0.030360177,-0.33763304,0.72610295,0.28853956
642421295,642421211,0.005440004,-0.0009800865,0.034976713,-0.73865753,-0.26560962,1.3019221
642423777,642423687,-0.0002311263,0.0111990655,0.031148013,-0.81288916,1.9475777,-0.441628
642427528,642427438,0.0031807697,-0.00046735723,0.028191347,-1.2697695,-0.68162984,-0.103961214
642431278,642431188,0.006789272,0.0024463986,0.013712027,1.6399312,-0.6972632,-2.650812
642435068,642434979,-0.0032482496,0.0009328946,0.033032093,-1.5838126,0.15303782,2.4331522
642438776,642438687,0.014552116,-0.0035496794,0.027616369,2.6046693,-0.919866,0.6287042
642441277,642441188,-0.0069452673,0.0058177486,0.03934889,-2.8237765,1.4058398,2.0608768
642445073,642444980,0.006980185,-0.006881014,0.019237123,1.401946,-2.0786002,-2.2072768
642448777,642448687,-0.013794227,0.00018617144,0.023192894,-3.1577663,0.34737486,-1.1802349
642452518,642452437,0.0055454304,-0.00791692,0.031366386,1.2813016,-1.0225288,1.6758446
642456269,642456187,-0.00074044056,-0.0024294031,0.018962068,0.88575006,-0.17112137,-1.5425237
642458776,642458687,0.0013800755,-0.008874815,0.028525185,0.61485785,-1.1711414,1.2478921
642462527,642462437,-0.009833945,-0.0090408595,0.019689443,-0.48518395,-0.86122924,-1.3074816
642466301,642466211,-0.015662799,-0.0037286086,0.032731093,-2.088299,0.7309658,0.90349215
642470078,642469980,-0.008959423,-0.0044176546,0.026275225,0.7688235,-0.21524446,0.06502307
642473779,642473687,-0.023603592,-0.005485463,0.02111075,-2.5927222,-0.21433839,-1.4974211
642476295,642476205,-0.011094621,-0.008302272,0.026447117,1.1235976,-0.57422626,0.718932
642480067,642479978,-0.030368578,-0.0026313749,0.019238522,-2.887809,0.6796701,-1.7176185
642483778,642483687,-0.023298506,0.0055546677,0.031017791,-0.8348642,1.5890895,1.4926152
642487527,642487437,-0.022943856,0.006068692,0.022647774,0.22535548,0.8631753,-0.76976144
642491278,642491188,-0.029808288,0.00046343682,0.034826037,-2.089616,-0.65764165,0.780287
642493778,642493688,-0.019806307,0.007950385,0.02228936,1.099778,1.1523544,-1.5132067
642497526,642497437,-0.033135664,0.012721352,0.023166422,-2.3069694,0.94089985,-0.9183695
642501270,642501188,-0.016407385,0.018673986,0.022770315,1.8373214,1.4175435,0.36089638
642505077,642504979,-0.03168271,0.014661827,0.024238823,-1.1167487,0.2510931,0.07445327
642508777,642508687,-0.021617047,0.021528166,0.032928605,-0.051992096,1.0296899,1.0545349
642511303,642511212,-0.024676774,0.019850506,0.029894404,-0.1665307,0.40482408,0.12208779
642515070,642514980,-0.026590807,0.024860092,0.0298681,-0.96966463,0.6714563,-0.0858971
642518776,642518687,-0.022076512,0.023604697,0.022826323,1.0330939,0.32232141,-0.7904989
642522526,642522437,-0.028203458,0.017061133,0.019790353,-0.41996744,-1.0799093,-0.58832955
642526302,642526211,-0.024655469,0.02377109,0.02983001,-0.20707577,0.76473695,1.1316925
642528776,642528687,-0.021569923,0.020608133,0.033970244,0.55971587,-0.25854623,1.5553083
642532528,642532437,-0.030085888,0.022364717,0.030855574,-1.3576012,0.25752312,-0.3297158
642536270,642536188,-0.022758182,0.014114639,0.030107895,0.8579256,-1.2655358,0.2369495
642540067,642539978,-0.0209406,0.014657878,0.019632066,1.2149084,-0.37591928,-1.6646392
642543778,642543687,-0.025126716,0.012904264,0.028741539,-1.3682414,-0.07726328,0.2859398
642546276,642546187,-0.015425549,0.015079771,0.024936657,1.4093584,0.16031067,-0.21805957
642550070,642549980,-0.023388544,0.008557745,0.03396623,-1.4976071,-0.60641754,1.0581347
642553780,642553688,-0.008313849,0.010389624,0.030770285,1.9281516,-0.2222553,0.07259476
642557527,642557437,-0.017109033,0.009442215,0.015344542,-0.5235843,0.5174075,-2.5587394
642561278,642561188,-0.009297302,-0.0048208083,0.01702065,0.15131173,-2.5492156,-1.0833323
642563777,642563687,-0.018099355,0.004827224,-0.0027003302,-1.0029291,0.8367897,-4.143962
642567518,642567437,-0.02070665,-0.018271156,-0.012961585,-1.1126841,-4.0712595,-3.45082
642571299,642571214,-0.04188169,-0.022675293,-0.019954585,-3.5567548,-1.7969625,-1.807151
642575073,642574982,-0.050429244,-0.043839965,-0.010035778,-3.2993398,-3.903811,0.4437698
642578777,642578687,-0.07051103,-0.053811714,0.0024414996,-4.1268034,-3.3778868,2.1504772
642581278,642581188,-0.083350286,-0.066162035,-0.003291368,-4.849618,-3.8948941,-0.021290097
642585066,642584978,-0.10494989,-0.07168738,-0.006763171,-5.2268853,-2.5504591,-0.550612
642588775,642588687,-0.1306525,-0.08963221,-0.022946239,-6.5109835,-3.7661347,-2.5212986
642592528,642592437,-0.14789402,-0.10530983,-0.016844401,-5.404472,-4.0055075,-0.2990188
642596278,642596188,-0.1637703,-0.10749276,0.00467055,-4.3565702,-1.7478392,3.576087
642598777,642598687,-0.17548941,-0.118896075,0.019434746,-4.9369326,-3.0298429,4.605542
642602528,642602437,-0.19861248,-0.11438556,0.023671452,-5.6382055,-0.046111457,2.2186625
642606279,642606187,-0.2037108,-0.114709914,0.020393921,-3.1384926,-0.17840381,0.4850055
642610071,642609980,-0.19888075,-0.11002352,0.008059367,0.11515871,0.77687806,-1.8601282
642613778,642613687,-0.20655042,-0.10332246,0.010719794,-1.0715196,1.6195384,-0.4748871
642616301,642616211,-0.1923825,-0.08613484,0.009728716,1.95955,3.9217787,-0.25291112
642620079,642619980,-0.19762847,-0.075758204,0.020052904,-0.07604308,3.2776468,1.4622915
642623778,642623687,-0.1779922,-0.05942429,0.02081848,3.137882,3.6825187,1.0020989
642627525,642627437,-0.1721425,-0.045040786,0.00082206,2.6160681,4.4379025,-3.30304
642631303,642631211,-0.15726066,-0.034404386,-0.007306834,2.6189194,3.1191387,-2.5099418
642633770,642633687,-0.14735374,-0.018360399,-0.008399261,3.4801412,5.0843377,-1.6087426
642637528,642637437,-0.12818359,-0.006333779,0.0061853984,3.9494443,3.3360755,1.847971
642641278,642641188,-0.10730086,0.017298656,0.016678672,5.0828695,5.395507,2.3159113
642645066,642644978,-0.091074005,0.017362993,0.018399945,4.79746,2.2887006,1.5243798
642648777,642648687,-0.07551154,0.040896285,0.018071566,4.485867,4.1091537,0.28894413
642651270,642651188,-0.053679883,0.04003939,0.01761896,6.709224,2.3013093,0.2701674
642655071,642654979,-0.05209653,0.059206,0.011499034,3.1333914,3.5197375,-1.209443
642658776,642658687,-0.028873963,0.06097057,0.020256456,3.8540506,2.3191803,1.4303277
642662526,642662437,-0.011450793,0.07020442,0.02288473,5.736438,2.1302998,1.1939569
642666276,642666187,-0.009325516,0.08630689,0.030125253,1.0792681,3.6465147,0.7098389
642668777,642668687,0.020647055,0.08282135,0.018818434,6.711712,1.3412708,-1.4418402
642672527,642672438,0.008450654,0.08728347,0.013732998,-0.8020156,1.758161,-2.0661829
642676302,642676212,0.04764211,0.08853386,0.012501692,6.073377,0.824548,-0.12445725
642680070,642679980,0.041600272,0.091832265,0.0004391324,2.872731,0.9010027,-2.1410856
642683770,642683687,0.055172805,0.09640771,0.018743401,1.3155545,1.1530751,1.7240645
642686271,642686188,0.06251423,0.09290294,0.016326074,2.9038498,-0.029647645,0.72685957
642690066,642689978,0.06168101,0.0964524,0.02666105,-0.3253983,0.79286176,1.5625914
642693777,642693687,0.09235271,0.09964241,0.011630527,6.2658143,0.69332147,-0.97154063
642697531,642697438,0.074195184,0.10087217,0.0033024112,-0.18272378,0.7808125,-2.1432533
642701270,642701188,0.0927072,0.092663325,0.01776375,1.3831152,-1.0493451,1.5929376
642703778,642703688,0.07993744,0.099694364,0.019038415,-1.2326021,0.82146287,0.92967546
642707527,642707437,0.10208981,0.09872023,0.024677081,1.9102297,0.26979053,1.2653574
642711277,642711188,0.105826296,0.10057693,0.022263847,2.392826,0.032489266,0.4303458
642715072,642714980,0.098338425,0.09350233,0.016214857,-0.94978327,-0.56550986,-0.8337414
642718776,642718687,0.10325011,0.091310486,0.009593251,0.8068886,-1.1711961,-1.5853633
642721295,642721212,0.104229994,0.09715874,0.0045827483,0.29975343,0.7691724,-1.6766758
642725070,642724979,0.110283434,0.092427984,0.017524065,1.3909346,-1.3402978,1.359077
642728776,642728687,0.0980753,0.09768936,0.021230228,-1.6569788,0.6263347,1.5975568
642732526,642732437,0.10034198,0.089211114,0.0120466435,-0.24139382,-1.222279,-1.2553787
642736294,642736211,0.10025536,0.08948932,0.013829575,0.012209394,-0.51658267,0.12948036
642738776,642738687,0.10162862,0.0869619,0.0146627575,0.069107704,-0.6810069,-0.052959662
642742528,642742437,0.09161949,0.090536304,0.013956913,-1.0789385,0.12370235,0.32949626
642746277,642746187,0.08338619,0.08666685,0.014461193,-1.848375,-0.1834946,-0.113257304
642750066,642749978,0.09534103,0.075210385,0.025050472,1.3139807,-2.1159196,2.1195166
642753778,642753687,0.07063286,0.086640395,0.024289733,-2.9941237,1.0882728,0.37894815
642756276,642756187,0.0855774,0.078400195,0.0180865,1.0494881,-1.2216121,-0.70168877
642760070,642759980,0.057915676,0.08201665,0.010589759,-3.4092367,0.57741517,-1.8850089
642763782,642763688,0.07105619,0.07058074,0.016456371,-1.2025852,-1.8441076,0.71211106
642767523,642767437,0.066923276,0.07683745,0.01582059,0.25830057,0.31794786,-0.4512651
642771270,642771187,0.04896814,0.07341929,0.021959493,-4.3203173,-0.20028171,0.9599512
642773779,642773687,0.062172428,0.07750756,0.012897192,0.82370347,0.49015036,-1.2361225
642777525,642777437,0.048229065,0.07132776,0.019103963,-3.383414,-0.7090881,0.7927931
642781302,642781211,0.06790099,0.070700854,0.008820006,2.4736464,-0.64138126,-0.9383888
642785077,642784980,0.04945033,0.07288627,0.014139816,-0.6292323,0.0067217667,0.33334285
642788777,642788687,0.049403597,0.073045105,0.014963638,-1.3611318,0.5271845,0.58641267
642791279,642791188,0.044626117,0.074681796,0.019360386,-1.1806843,0.4403537,0.7570624
642795066,642794978,0.041119255,0.067638345,0.012490144,-2.3197877,-0.23057985,-0.49166155
642798775,642798687,0.05111408,0.062912196,0.011250848,1.4395574,-1.8351228,-0.80574447
642802528,642802438,0.031310417,0.07238335,0.021208573,-3.0009856,1.6603107,1.5586305
642806281,642806187,0.047404908,0.047688045,0.013948493,0.92843634,-4.0281367,-0.4254321
642808777,642808687,0.02588487,0.061920464,0.012419799,-3.4344234,0.6338417,-0.59324855
642812527,642812437,0.039067365,0.044370808,0.013505913,0.2593576,-3.4520204,0.2983703
642816274,642816186,0.029187663,0.05466789,0.013148158,-0.5582801,0.26698232,-0.052120455
642820078,642819980,0.017121807,0.04037632,0.022296093,-2.8948271,-1.738598,1.3826574
642823779,642823687,0.031019852,0.042278875,0.012041132,1.4867722,-1.1962271,-0.78447425
642826301,642826211,0.012121725,0.034345295,0.019137738,-2.7450206,-1.7719216,0.8384221
642830071,642829980,0.024188472,0.038637094,0.0056695067,0.8555611,-0.44202322,-1.426448
642833774,642833687,0.0023518691,0.037165005,0.015425949,-2.9645963,0.034629267,0.11311914
642837525,642837437,0.017195629,0.030129407,0.015354316,0.435682,-1.5038947,1.1039773
642841303,642841211,0.0040705176,0.03858426,0.01503115,-0.7749239,0.77436924,-0.7288264
642843779,642843688,0.015219368,0.033583134,0.013608329,1.4409258,-0.48133323,-0.09608434
642847527,642847437,-0.009244854,0.042295285,0.011051053,-2.7819283,1.4263883,-1.5964156
642851271,642851188,-0.00048077418,0.038311966,0.015508697,-1.1772114,-0.023304451,0.78093517
642855068,642854979,-0.0071537094,0.043593287,0.0052903933,-0.45262223,0.5083592,-1.8896354
642858776,642858687,-0.013260217,0.047390215,0.017062597,-2.2876825,1.0186638,0.9600631
642861277,642861188,-0.009705195,0.04608431,0.009730646,-0.27762958,0.27615857,-0.88890725
642865071,642864980,-0.009368682,0.053055782,0.019132666,-0.45685747,1.0575969,1.3920004
642868778,642868688,-0.012781276,0.05131897,0.00908358,0.16735674,0.37288365,-0.7877848
642872526,642872437,-0.020145388,0.05894718,0.007400371,-1.1950761,0.82024443,-0.914638
642876275,642876186,-0.01657868,0.057232194,0.010859995,-0.13736935,0.9408159,0.19480047
642878777,642878687,-0.01941649,0.0662915,0.009960739,-0.4341173,1.7584983,-0.19647807
642882527,642882437,-0.027585652,0.053626645,0.014431467,-1.6011521,-0.36845475,0.7429068
642886293,642886211,-0.021160323,0.059309352,0.010887189,0.62137413,-0.2577778,-0.21973091
642890071,642889979,-0.024758099,0.06117447,0.014036272,-0.15913075,1.3693318,0.33130547
642893779,642893687,-0.025698872,0.05525016,0.011786785,-0.22843327,-1.2911532,0.26936376
642896278,642896188,-0.029087396,0.053604275,0.011045397,-0.87543386,-0.5431106,-0.17974809
642900069,642899979,-0.029673353,0.050347615,0.016213752,-0.5570337,-1.3515013,1.2312015
642903777,642903687,-0.026444752,0.054438766,0.010331673,0.46311483,0.46939924,-1.0412165
642907531,642907437,-0.031773545,0.04906426,0.021078516,-0.6141254,-0.813424,1.819149
642911278,642911188,-0.029673662,0.042121716,0.0017832076,-0.049269233,-1.5508152,-2.5084984
642913777,642913687,-0.028874664,0.04454079,0.014651417,0.44667122,-0.33270738,1.0998076
642917519,642917437,-0.03543153,0.03483244,0.0016035322,-1.0882944,-1.9091963,-2.2400873
642921271,642921188,-0.031735085,0.041396417,0.022391615,-0.25858495,0.37154695,2.5664084
642925071,642924980,-0.029047683,0.030071972,0.004526598,0.8338405,-1.4922508,-1.939849
642928777,642928687,-0.036776274,0.030287175,0.016808653,-1.5450037,-0.7552718,0.8630848
642931303,642931212,-0.022511497,0.023602638,0.0049634697,2.2199278,-1.6529081,-1.5375924
642935078,642934980,-0.033858825,0.029469533,0.014955687,-1.3826908,0.44298738,1.2982812
642938780,642938687,-0.030030036,0.02155822,0.0071799667,0.21269178,-0.97368425,-0.70261014
642942526,642942437,-0.033800352,0.020637417,0.0131628495,-0.751624,-0.7856892,0.71442324
642946302,642946211,-0.019864509,0.01721616,0.011354708,1.5430378,-0.38209736,0.04030477
642948775,642948687,-0.0299995,0.021383805,0.009600599,-1.1506934,0.43024057,-0.2525282
642952528,642952437,-0.020087928,0.011713349,0.011267332,1.538275,-1.2547332,0.31183687
642956279,642956188,-0.032018196,0.013697517,0.0029431414,-0.9744374,-0.57390493,-1.2742437
642960066,642959978,-0.023344532,0.010824284,0.016474232,0.5868889,-0.30945286,1.6319082
642963778,642963687,-0.026370253,0.009154321,0.0064339223,0.099606514,-0.60452956,-0.7763457
642966268,642966187,-0.024431227,0.013394159,0.014300652,0.4057166,0.60287255,1.1094733
642970076,642969979,-0.029435992,0.007472632,0.0034438525,-0.82348007,-0.8355943,-1.5734173
642973778,642973687,-0.023872973,0.008042543,0.011780134,0.30123258,-0.3240836,0.8245983
642977526,642977437,-0.026777435,0.009951878,0.0070903664,-0.023424435,0.4361043,-0.7780353
642981277,642981187,-0.03051977,0.004914718,0.012280973,-1.0426712,-0.59045136,0.6753451
642983770,642983687,-0.01747721,0.015562327,0.01063464,2.3880765,1.6435131,-0.11906674
642987526,642987437,-0.03633281,0.008127902,0.009661681,-3.0489862,-0.67328596,0.0077874507
642991303,642991212,-0.012908472,0.01269752,0.009627305,3.0193758,0.56597143,-0.101086795
642995070,642994980,-0.034797534,0.013007157,0.010601263,-1.987102,0.45278147,0.23639444
642998777,642998687,-0.012801643,0.015471161,0.00602003,2.4036725,0.2540461,-0.4733469
643001271,643001188,-0.029981157,0.014818786,0.010045894,-1.7770386,-0.11748131,0.5411811
643005068,643004979,-0.02049082,0.018652905,0.0025400887,0.8064725,0.70965964,-0.9091576
643008779,643008687,-0.028355604,0.019758089,0.011694756,-1.0405862,0.43593165,0.79588145
643012528,643012437,-0.023216587,0.023929823,0.0031539013,0.40197635,0.84808016,-0.6165757
643016270,643016188,-0.01824968,0.025077654,0.0055386717,1.1540252,0.46832022,-0.18768479
643018777,643018687,-0.027146416,0.02304856,0.0014198807,-1.0025638,-0.35638994,-0.74081063
643022527,643022438,-0.020178843,0.03035668,0.006972518,1.2882967,1.3102658,0.6070926
643026275,643026187,-0.035652354,0.028648632,0.002779672,-2.511806,0.11603476,-0.45463496
643030073,643029980,-0.018032517,0.037548102,0.0030463494,1.8980685,1.6808045,-0.12932573
643033779,643033688,-0.036356095,0.03185611,0.0052813115,-2.0887687,-0.35660616,0.32809705
643036294,643036211,-0.02430352,0.036282606,0.003426322,1.0380902,0.5129366,-0.108831316
643040071,643039980,-0.03209917,0.044888,0.007202159,-1.2597774,1.7021849,0.8209498
643043777,643043687,-0.030175714,0.044528846,-0.0017651906,-0.2848968,0.120951585,-1.3344437
643047524,643047436,-0.034056786,0.051335856,0.0127240075,-0.7380181,1.693724,2.1020494
643051303,643051211,-0.030252818,0.0431024,-0.00521255,0.14086081,-1.1968311,-1.9482557
643053778,643053687,-0.03522953,0.05386434,0.006257714,-1.1737452,1.5061002,1.1570594
643057527,643057437,-0.02511887,0.057845466,-0.004232574,1.023481,0.45701987,-1.8775257
643061278,643061188,-0.036057282,0.06237579,0.0056081247,-1.1790985,1.3984529,0.8116478
643065066,643064978,-0.036478482,0.060096078,-0.0026599145,-0.9737556,0.14290072,-1.2178618
643068778,643068687,-0.036126252,0.06741472,0.005407337,-0.4786914,1.1371707,0.6280825
643071270,643071188,-0.032009687,0.06375445,0.002854612,0.21967697,-0.016794778,-0.12013602
643075070,643074980,-0.032137785,0.06972744,0.0033388704,0.31549937,0.7269961,-0.01794428
643078776,643078687,-0.036491163,0.06874417,0.0011407385,-0.33440295,0.57878613,0.013414213
643082520,643082438,-0.03414602,0.07053159,-0.0023574766,0.22351053,0.19933242,-0.99736255
643086268,643086187,-0.039258815,0.071935825,0.007581709,-0.4964849,0.89651483,1.5395888
643088777,643088687,-0.03457596,0.07628693,0.0037108995,0.121515475,1.3203785,-0.24699523
643092528,643092437,-0.037039783,0.066260554,0.0077793766,-0.44811055,-0.7282576,1.2606623
643096303,643096211,-0.029831631,0.07051769,-0.004226305,1.1056648,0.12815471,-1.8549379
643100071,643099980,-0.036748003,0.068645,0.004316651,-0.3472063,-0.0047693807,0.98735327
643103778,643103687,-0.026157161,0.066104636,-0.0028319163,1.5019414,-0.53230196,-0.44014034
643106282,643106188,-0.031430073,0.066524446,0.0066520814,0.0017612559,-0.05360622,1.3193014
643110070,643109979,-0.022817876,0.054968905,-0.0017920485,1.3385065,-1.7461401,-0.6913675
643113777,643113687,-0.024522783,0.058948155,0.0009321952,0.024095276,-0.5859029,-0.66921365
643117528,643117437,-0.021010717,0.053340495,-0.0032940453,0.8611544,-0.6373922,-0.108851
643121279,643121188,-0.01567175,0.045449138,-0.003912854,0.9828997,-2.0935385,-0.9451939
643123778,643123688,-0.012884652,0.04470228,-0.0022194672,1.6892014,-1.146685,0.29795945
643127526,643127437,-0.0147024905,0.03924855,0.0005476488,-0.10652455,-1.738984,-0.2733359
643131277,643131188,-0.0071172635,0.039938167,-0.0010568069,1.1497538,-0.38969627,-0.06643025
643135078,643134980,-0.009353834,0.029488761,-0.009089008,0.39129916,-1.7022729,-1.3891532
643138777,643138687,-0.0073460294,0.03360983,-0.007698657,-0.11987397,-0.32860887,-0.5073062
643141302,643141212,-0.00460711,0.020891998,-0.005013441,0.55417836,-2.5541112,0.39330506
643145070,643144979,0.0026947493,0.028743733,-0.0031003212,0.9054755,0.4709053,0.24717858
643148769,643148687,0.0015942676,0.017622406,-0.0028336372,0.688178,-1.6695353,0.19494115
643152526,643152437,-0.0046858788,0.023380075,-0.013647281,-1.6539954,0.38927805,-1.8368844
643156300,643156210,0.0054162377,0.013331164,-0.012294996,0.92066264,-1.6205667,-0.8394896
643158776,643158687,0.0037841203,0.016484438,-0.020148989,0.19517843,-0.2090735,-1.7445389
643162527,643162437,0.012953379,0.009939305,-0.0035955654,1.3088923,-1.4499745,1.8285246
643166271,643166188,0.011462015,0.010897843,-0.010487651,0.92526585,-0.44853118,0.18608932
643170068,643169979,0.008800224,0.009611347,-0.004145089,-0.21676509,-0.45818126,0.3709172
643173778,643173687,0.016404754,0.0047785128,-0.014004823,1.5016184,-0.8381226,-0.6129642
643176278,643176188,0.008537944,0.0065032584,-0.009895746,-0.7414261,-0.08025538,-0.035006702
643180065,643179977,0.020782596,-0.0013169631,-0.019440463,2.078882,-1.3795402,-0.8016712
643183778,643183687,0.008741021,0.0030566491,-0.00872292,-0.7391354,0.15055773,1.1308901
643187528,643187438,0.020197999,-0.006196548,-0.010544221,0.9960715,-1.3951031,0.34559137
643191278,643191187,0.014147779,-0.0067809145,-0.007624822,0.4173482,-0.4935584,0.40356955
643193782,643193692,0.020884357,-0.0033299197,-0.017950282,1.0598226,0.40235987,-1.8364346
643197525,643197437,0.013439323,-0.013501269,-0.017090479,0.09572887,-1.4535986,-0.18673135
643201294,643201211,0.018257746,-0.0066054743,-0.021505961,0.21790664,0.6465315,-0.9755994
643205071,643204980,0.021550367,-0.021579344,-0.008713605,0.92995375,-1.9538225,1.9188292
643208777,643208687,0.020966016,-0.008132562,-0.007637407,0.5323828,0.85093594,1.3676465
643211282,643211190,0.017839013,-0.021847306,-0.016858626,-0.4474229,-2.0462394,-1.1979744
643215068,643214979,0.021606736,-0.01276475,-0.027776029,0.9828413,0.4360424,-1.5484612
643218775,643218687,0.015277226,-0.030382046,-0.031683963,-1.3564326,-2.3592312,-1.485076
643222526,643222437,0.02753658,-0.016285067,-0.012581163,2.678846,0.76431787,3.0629694
643226278,643226188,0.005423512,-0.0289098,-0.030808201,-1.7922808,-1.030232,-1.3589674
643228776,643228687,0.0002404094,-0.019638961,-0.029138051,-2.2861702,0.8743649,-0.64340305
643232521,643232438,-0.007269342,-0.038219206,-0.038847163,-2.9854746,-2.581446,-1.8594499
643236269,643236187,-0.0092348,-0.035561197,-0.035806913,-1.5608199,-1.1089021,-0.321113
643240066,643239978,-0.013254436,-0.035990596,-0.035668436,-0.5239165,0.07459581,0.17958638
643243778,643243687,-0.03604743,-0.042153608,-0.032225344,-4.2972093,-1.3041234,0.28853038
643246299,643246210,-0.025212474,-0.04401906,-0.03433309,-0.18476875,-0.8829813,-0.055480063
643250080,643249980,-0.05915403,-0.04601509,-0.042046197,-5.608948,-0.86252326,-1.3994609
643253782,643253688,-0.044907883,-0.04923309,-0.04604418,-0.079655476,-0.7052602,-1.3792025
643257526,643257437,-0.06548896,-0.055000752,-0.029505871,-2.8745186,-1.1960847,2.3108985
643261301,643261211,-0.07337763,-0.051596507,-0.028683769,-3.5434713,0.46019918,1.1969812
643263778,643263688,-0.074630156,-0.046422545,-0.024574375,-1.6196153,1.0913329,1.1017572
643267526,643267437,-0.082036585,-0.05512803,-0.038708895,-2.756722,-0.4307808,-1.7465048
643271281,643271190,-0.07735225,-0.057263363,-0.035714623,-0.44439682,-1.103773,-0.29999572
643275072,643274981,-0.08460145,-0.04922122,-0.042097908,-0.904055,1.3074231,-0.91414183
643278777,643278687,-0.090441495,-0.053308107,-0.036523774,-2.0166917,0.09652859,0.1899911
643281278,643281188,-0.08573927,-0.048188444,-0.029776812,0.105739266,0.87173975,1.3850929
643285074,643284978,-0.0902727,-0.052192606,-0.02723052,-2.042689,0.08508689,0.81015
643288776,643288687,-0.07421375,-0.046443164,-0.039553467,2.8852744,0.37538588,-1.7930726
643292528,643292438,-0.096755795,-0.041477084,-0.04735031,-2.6844501,1.5314631,-2.0267007
643296278,643296188,-0.06620359,-0.045182824,-0.046182673,2.9996765,-0.16365373,0.04619842
643298770,643298687,-0.089898214,-0.03827151,-0.033368096,-2.537719,1.2112015,2.2003098
643302528,643302438,-0.060520794,-0.03970971,-0.034680277,3.3870413,0.073532276,1.0183505
643306302,643306210,-0.06975737,-0.03331592,-0.036475483,1.1312354,1.0307038,-0.801754
643310073,643309980,-0.06240109,-0.023945801,-0.03814992,0.12269322,2.108848,-0.2836027
643313778,643313687,-0.039065793,-0.0321374,-0.049532376,4.798988,-0.5177046,-1.9498032
643316271,643316188,-0.054373473,-0.018544449,-0.0430326,-0.2812233,2.2676952,0.21074767
643320070,643319980,-0.029063521,-0.025479589,-0.0412646,4.4699383,-0.10352828,0.47910446
643323778,643323687,-0.0348868,-0.010782454,-0.030413123,1.3544211,1.6704041,1.2383592
643327527,643327437,-0.01954231,-0.00965646,-0.029886622,1.9761229,1.7621936,1.1301372
643331278,643331188,-0.0058456683,-0.019782504,-0.04652974,4.327836,-1.9937459,-2.1221735
643333778,643333687,-0.0105850035,-0.009714467,-0.039825752,1.3840224,1.0545373,0.18213527
643337527,643337438,0.0027694232,-0.013579068,-0.047087774,3.5783653,-1.0571203,-1.1959101
643341279,643341188,-0.011183238,0.005724946,-0.0380771,-1.5134524,2.88193,0.21039598
643345066,643344978,0.012621801,-0.008871792,-0.03230998,2.2797792,-1.1073244,1.6031471
643348769,643348687,0.0097017,-0.00074216607,-0.042261638,1.7317431,0.29680368,-1.1594675
643351294,643351211,0.013771574,-0.0020605002,-0.03100527,1.1550517,0.23433839,1.6788743
643355071,643354980,0.011796687,0.003428272,-0.052547317,1.1692101,0.5144859,-3.2122211
643358776,643358687,0.003237596,0.0027298867,-0.03586772,-2.34363,0.1732835,0.79279774
643362526,643362437,0.025309453,-0.0016846331,-0.036803592,2.8491118,-0.23882978,1.4259558
643366300,643366210,-0.000818062,0.0076105804,-0.03920767,-2.0808365,0.71459705,-1.0457464
643368777,643368687,0.02645872,0.003711751,-0.038853854,3.7882721,-0.15298869,0.048281092
643372526,643372437,-0.007470798,0.009366046,-0.046345726,-3.149514,0.40248194,-2.3747702
643376278,643376188,0.011545926,0.006524368,-0.031940117,-0.33745852,0.26390663,1.9686663
643380071,643379980,0.011282776,0.0044827107,-0.04878702,1.5135117,-0.22720952,-2.2181118
643383778,643383687,-0.0057285344,0.016711336,-0.037227582,-3.8109155,1.7363763,0.23490722
643386270,643386188,0.009983738,0.008777118,-0.040564455,1.1797508,-0.4733178,-0.23043662
643390066,643389978,-0.0038894187,0.008369502,-0.037551112,-2.6851652,-0.26167813,-0.11481843
643393777,643393687,0.00824422,0.006553008,-0.036695212,0.9950747,0.20654799,0.32206303
643397527,643397438,0.0037872295,0.0054147043,-0.04724736,0.033639837,-0.5605594,-1.4013565
643401272,643401188,-0.0010461783,0.010783646,-0.034377977,-1.541815,0.8877136,0.8084068
643403777,643403687,0.009361259,0.004487693,-0.040069327,1.3895755,-0.9423414,-0.34033248
643407527,643407437,-0.0006426823,0.0056742863,-0.035982683,-1.0671316,-0.002223132,-0.109686404
643411301,643411211,0.013109771,0.0023232438,-0.03922974,2.006264,-0.5433146,0.59916943
643415070,643414980,-0.0031268434,0.008876947,-0.04592341,-1.220007,0.7965658,-1.5865464
643418778,643418687,0.0035382167,0.001796927,-0.028350506,-1.0483116,-0.6964351,1.9954209
643421280,643421188,-0.0010445034,0.004179625,-0.043400552,-0.8559656,-0.012782331,-1.7705436
643425071,643424980,0.007024546,0.0010223788,-0.031623702,0.044069663,-0.7365536,1.488399
643428776,643428687,0.013730723,0.010586901,-0.03880179,2.402857,1.3998023,0.002619704
643432526,643432437,0.0020303114,0.0021601627,-0.0375137,-1.3800536,-0.8856315,-0.35443833
643436270,643436188,0.018686589,0.008691088,-0.037069168,2.1825128,0.7671769,0.6953262
643438776,643438687,0.006967335,0.0008256591,-0.034944758,-0.8856281,-1.1902806,0.49036095
643442528,643442438,0.022083476,0.01171273,-0.03177272,2.2376933,1.6180848,1.3162941
643446278,643446188,0.015556052,0.003466151,-0.041191652,0.60611254,-0.94157076,-1.2088302
643450074,643449978,0.016423032,0.009805268,-0.034995873,-0.017823404,0.66710466,0.7705052
643453777,643453687,0.02042748,0.0028471062,-0.043080878,1.4164186,-0.6523472,-0.6812243
643456300,643456210,0.018620497,0.013688232,-0.037392955,0.11549853,1.6523162,0.48869738
643460073,643459979,0.021942357,0.0043217023,-0.03990724,0.8231345,-0.8274501,-0.28144094
643463778,643463688,0.014946028,0.010517106,-0.03590239,-1.6498251,0.5649888,0.17391108
643467526,643467437,0.02580161,0.0065717394,-0.033776112,1.4649373,-0.27879646,0.2840892
643471301,643471211,0.01108223,0.011884713,-0.043419242,-1.4710718,0.47725308,-1.0166427
643473778,643473687,0.021089891,0.011543768,-0.043069813,1.0965809,0.23566325,-0.58762896
643477526,643477437,0.01211909,0.012056301,-0.036246732,-1.4284312,0.08414007,1.4017656
643481271,643481188,0.016965,0.01068089,-0.032280203,0.2035516,-0.35620576,0.78991246
643485078,643484980,0.012959387,0.019953461,-0.028534899,0.12094545,1.3022937,1.3523469
643488777,643488687,0.009087626,0.019464118,-0.045313694,-0.7918407,0.52359086,-2.305644
643491278,643491188,0.013053659,0.018487155,-0.035348892,0.17467888,0.11126177,0.7019283
643495069,643494979,-0.0025420275,0.019635499,-0.049001336,-2.4665828,0.57410544,-2.3380985
643498768,643498687,0.00643808,0.019322325,-0.03807394,-0.55844885,0.07502641,0.6937554
643502528,643502438,0.002019913,0.030467147,-0.039259743,-0.0838768,2.1383126,0.17564882
643506282,643506188,-0.007785541,0.017887017,-0.027320907,-3.129952,-1.1482514,1.5699466
643508777,643508687,0.00037724015,0.027812205,-0.03909581,0.5917062,1.1774297,-1.3178234
643512527,643512437,-0.006792142,0.016465437,-0.040175457,-2.3152475,-1.3548881,-0.5921166
643516299,643516210,0.010853963,0.028658226,-0.046228345,3.0432582,0.84932446,-0.755781
643520071,643519980,-0.026112542,0.021791486,-0.036458977,-4.992478,-0.1604391,1.144504
643523778,643523687,-0.00060018816,0.023142505,-0.036494352,1.1505316,-0.47992858,0.573573
643526278,643526187,-0.021304015,0.02314919,-0.029605277,-2.8089333,-0.10655334,1.6060804
643530071,643529980,-0.005852665,0.022721637,-0.034510706,0.5050979,-0.3749366,-0.05830114
643533778,643533687,-0.017328361,0.028668603,-0.04234183,-0.511745,0.7578651,-1.7402692
643537526,643537437,-0.024720235,0.028071037,-0.044829648,-2.4686058,0.38206393,-0.6472558
643541280,643541188,-0.007741685,0.019430732,-0.041342936,2.0372987,-1.2795613,0.46608377
643543778,643543687,-0.027398417,0.029853791,-0.030667301,-2.4505515,1.3232931,2.3480687
643547520,643547437,-0.0117869675,0.020341761,-0.03177892,1.6133274,-1.1479813,0.5923762
643551271,643551188,-0.030367617,0.034391,-0.03839286,-1.628788,1.6487428,-1.1047643
643555066,643554978,-0.02202939,0.01882812,-0.04403701,-0.3227534,-1.153662,-1.2196771
643558776,643558687,-0.015394675,0.026703207,-0.04838942,1.8037565,-0.16660948,-1.060138
643561301,643561211,-0.024602903,0.019735044,-0.047663834,-1.1450202,-0.90080214,-0.5105846
643565073,643564982,-0.012874611,0.02417006,-0.036518943,1.8957224,-0.3425796,1.699082
643568776,643568687,-0.023762649,0.023944872,-0.029184654,-1.365186,0.5782043,1.4737821
643572527,643572437,-0.012444645,0.020137649,-0.03300247,0.6426188,-0.9650964,0.1825165
643576300,643576210,-0.011892396,0.019851863,-0.0561545,1.8866949,-0.43244296,-3.6476612
643578777,643578687,-0.009956916,0.009315614,-0.047591805,0.7316963,-2.2190857,-0.30118945
643582526,643582437,-0.0080996575,0.015693031,-0.0500743,1.7962024,0.3479473,-0.822105
643586278,643586188,-0.021288252,0.013076904,-0.028614342,-2.6268606,-0.23437783,3.0026238
643590070,643589980,0.004746139,0.013001946,-0.04052328,3.7454495,-0.2116877,-0.6170492
643593778,643593687,-0.024842868,0.005951296,-0.03600921,-3.066018,-0.9707697,-0.4090604
643596278,643596188,0.0061975103,0.0012473568,-0.05043677,3.7905087,-1.3701814,-2.7122347
643600076,643599979,-0.01741631,0.0028905293,-0.052172396,-2.0512402,-0.2535668,-1.8088434
643603778,643603687,-4.93252e-05,-0.0011037599,-0.053319376,0.9459531,-0.6563172,-0.29885438
643607527,643607437,-0.011427402,-0.0041797757,-0.039895512,-0.4453384,-1.1899794,1.3936181
643611279,643611188,-0.0061536613,-0.008130022,-0.02999142,-0.6825683,-0.78099245,2.457096
643613777,643613687,-0.0053699934,-0.008326444,-0.036221236,0.24465828,-0.67930186,0.066847995
643617527,643617437,-0.007230138,-0.007914752,-0.048496198,-0.5805151,-0.12702599,-1.4742422
643621301,643621211,-0.0029011855,-0.015161397,-0.05538844,1.2200363,-1.4893445,-1.8000898
643625070,643624980,-0.0062560043,-0.010867769,-0.051245023,0.2202561,0.37126443,0.28411746
643628777,643628687,-0.0048334063,-0.014556347,-0.037345372,-0.32574406,-0.060875785,2.087089
643631273,643631188,-0.0017062573,-0.00837371,-0.03421032,0.6466413,0.990468,1.6908067
643635071,643634980,-0.01075525,-0.020340413,-0.037905984,-2.0158513,-1.1296966,-0.20657146
643638777,643638687,0.0023718143,-0.014407012,-0.05499098,1.9623855,-0.12802145,-2.7699008
643642526,643642437,-0.012781157,-0.017159494,-0.050380006,-1.5994031,0.30340093,-0.5597523
643646278,643646187,0.0039394703,-0.023921913,-0.048914485,1.4048461,-1.8436655,0.7987034
643648776,643648687,-0.017969519,-0.015952125,-0.039758183,-2.9348805,0.90214586,1.8233091
643652528,643652438,0.005047435,-0.027089925,-0.03932532,1.6098948,-2.4306252,1.3431336
643656278,643656188,-0.0068413722,-0.015154051,-0.040390797,-0.037244312,1.2856082,-0.57155305
643660070,643659979,-0.011813841,-0.024167547,-0.046999864,-1.7486885,-1.0790746,-0.5616379
643663770,643663687,0.0022668403,-0.0212579,-0.06372936,2.6524267,-0.4445959,-3.0483005
643666292,643666210,-0.009108905,-0.029478965,-0.049263783,-1.09772,-1.6049277,1.266293
643670070,643669980,-0.003595404,-0.026637247,-0.051886246,1.0763935,-0.31542832,-0.350435
643673778,643673687,-0.014731665,-0.024599383,-0.034030385,-1.7025732,0.47903183,2.2539313
643677526,643677437,-0.0025934195,-0.029486442,-0.046778284,1.359482,-0.7487818,-0.58302027
643681301,643681211,-0.019469343,-0.031303007,-0.054271065,-1.9284402,-0.84406066,-2.3339136
643683778,643683687,-0.009976682,-0.034605473,-0.059838865,0.41928312,-0.88026005,-2.0281653
643687526,643687437,-0.021092061,-0.034344517,-0.054714736,-1.6742327,-0.738248,-0.7293419
643691281,643691188,-0.018216813,-0.029142348,-0.042917497,-1.1493989,1.1389238,2.1800294
643695071,643694980,-0.017628789,-0.03637714,-0.051026657,0.012911977,-1.4551184,-0.9700917
643698777,643698687,-0.021997556,-0.031091334,-0.04180146,-1.2279019,0.5577907,0.79467475
643701271,643701188,-0.016263057,-0.038619965,-0.05285816,0.9098285,-1.2708517,-1.4302719
643705067,643704978,-0.017509941,-0.025255203,-0.048759513,0.07895274,2.1983466,0.33186722
643708776,643708687,-0.012650033,-0.036727693,-0.057714522,1.6853926,-1.1924862,-0.7058358
643712528,643712438,-0.02625683,-0.025359467,-0.058741912,-1.3941034,1.3696432,-0.800984
643716270,643716187,-0.019478915,-0.036406565,-0.04941956,-0.0014433103,-0.8965066,1.2155632
643718776,643718687,-0.024206847,-0.028655043,-0.0488096,-1.1154286,0.7392627,0.5756453
643722526,643722437,-0.02100635,-0.032701,-0.050516877,-0.045059603,-0.067467645,-0.09910178
643726300,643726210,-0.0159139,-0.0313897,-0.06021609,0.9662174,-0.52800745,-1.3396455
643730073,643729982,-0.019755581,-0.02896132,-0.059287786,0.0053985957,0.79156345,-0.5107417
643733778,643733687,-0.01929851,-0.03880035,-0.05557635,-0.16697145,-1.4858099,1.1119305
643736278,643736188,-0.019096179,-0.024800798,-0.050885353,0.23869525,1.9446102,1.2797109
643740070,643739980,-0.016387882,-0.03541555,-0.04879481,0.053676777,-1.4017104,1.5186571
643743778,643743687,-0.018424988,-0.025317445,-0.05956312,0.27001068,0.96548545,-1.8397872
643747519,643747437,-0.023417741,-0.036937676,-0.05289009,-1.0973247,-0.8299386,0.7262029
643751271,643751188,-0.013723327,-0.03456018,-0.06517924,1.8952223,-0.98457867,-1.4023376
643753777,643753687,-0.02288062,-0.03379829,-0.053603217,-0.7301812,-0.13252443,1.474608
643757527,643757438,-0.02256432,-0.029742992,-0.06538556,0.27420667,-0.15879367,-1.4180554
643761278,643761188,-0.029985268,-0.025734084,-0.05391725,-1.920114,1.1849661,0.6736922
643765075,643764979,-0.022066256,-0.027176067,-0.06140789,0.66457754,0.011664005,-0.44625455
643768776,643768687,-0.029288203,-0.019637588,-0.061952118,-1.1011736,1.166954,-0.8302813
643771300,643771210,-0.022380281,-0.024630565,-0.065635696,0.85980016,-0.3748831,-0.824127
643775075,643774980,-0.030511687,-0.022291826,-0.067767106,-1.6414269,0.42605895,-1.1765013
643778777,643778687,-0.015383301,-0.014077464,-0.064268894,1.9871297,1.2677643,0.46994254
643782527,643782437,-0.028908819,-0.010268013,-0.06688776,-1.1274527,1.4853783,-0.3516344
643786300,643786210,-0.024854764,-0.005778806,-0.058634218,-0.8532092,1.0338498,0.7611844
643788776,643788687,-0.027910272,-0.0108310785,-0.066149004,-0.8224801,-0.36009237,-0.8181232
643792526,643792437,-0.023011949,-0.004553219,-0.06752593,-0.12724732,1.0782809,-0.7403497
643796278,643796188,-0.020927377,0.003320652,-0.07313204,0.68910736,1.7322022,-0.73313594
643800080,643799980,-0.023748003,0.010906057,-0.06998711,-0.6685868,1.718563,-0.14250019
643803778,643803688,-0.010506196,0.008648918,-0.062349215,2.030006,0.2931291,1.5313169
643806279,643806188,-0.021725094,0.011885298,-0.06114622,-1.0336623,0.7704691,0.83758795
643810069,643809979,-0.0076858066,0.0138254445,-0.06463928,2.05203,0.5549217,0.22573775
643813770,643813687,-0.023169823,0.026190631,-0.075945325,-1.3734359,2.3528283,-2.097162
643817528,643817437,-0.014050796,0.025532402,-0.07064609,0.14272529,1.003574,0.38172808
643821282,643821188,-0.012665534,0.025187965,-0.07507236,1.3203539,-0.15858692,-0.38820547
643823778,643823687,-0.011691639,0.025051026,-0.065255664,0.35506314,-0.07703361,1.7170074
643827526,643827437,-0.01870357,0.03200514,-0.06933824,0.21189635,0.5624614,-0.032068375
643831301,643831211,-0.022379067,0.034349937,-0.06434927,-1.5192369,1.0132321,0.4274005
643835071,643834979,-0.007601857,0.032184087,-0.0732133,2.4776325,-0.15420525,-1.0528338
643838777,643838687,-0.03319287,0.032274727,-0.074551344,-3.6041303,0.04700298,-0.8755084
643841279,643841188,-0.012904269,0.030183325,-0.07514919,2.1103406,-0.41836607,-0.36015067
643845071,643844980,-0.03716354,0.029202228,-0.06586102,-3.5086136,-0.056910284,1.242201
643848777,643848687,-0.016989002,0.023773728,-0.061422426,1.687984,-1.1593742,1.3878198
643852526,643852437,-0.03364348,0.020278273,-0.06468586,-1.5017304,-0.80691886,-0.30210587
643856278,643856188,-0.02559737,0.020043176,-0.072776355,-0.28324303,-0.53551036,-1.3105758
643858777,643858687,-0.036399927,0.01735456,-0.07461211,-1.7128953,-0.8841644,-1.0620309
643862531,643862440,-0.02713236,0.0059176935,-0.07153838,-0.024238575,-2.2627442,0.44892973
643866271,643866188,-0.026890192,0.005519227,-0.06568114,0.9551217,-1.0076262,0.92226106
643870067,643869979,-0.03537841,0.00559023,-0.061332222,-1.4843763,-0.18183132,1.0397904
643873778,643873687,-0.019893754,-0.0008585433,-0.069219574,2.1901178,-1.3557433,-0.7720279
643876299,643876210,-0.03252917,0.00021673915,-0.06833924,-1.0552543,-0.47765455,-0.20612302
643880072,643879980,-0.019761287,-0.011201589,-0.07632764,1.8378383,-2.0807862,-1.3168099
643883778,643883688,-0.031693026,-0.009621795,-0.06917462,-1.0508201,-0.7002081,0.42217353
643887527,643887437,-0.018899344,-0.010407144,-0.06734951,0.9068213,-0.12974548,0.6839376
643891302,643891211,-0.013115198,-0.012708026,-0.064483695,2.5124564,-1.0970656,0.5148519
643893778,643893687,-0.017801423,-0.017695468,-0.06707244,0.26342526,-1.297565,-0.09968172
643897519,643897437,-0.020003404,-0.0152583355,-0.070609964,0.93887824,-0.65258116,-0.77502257
643901275,643901188,-0.025525521,-0.012350907,-0.07167959,-1.1677085,0.93574804,-0.25189498
643905070,643904980,-0.007864083,-0.019787624,-0.0726959,2.418905,-1.3499478,-0.56841725
643908780,643908687,-0.022549825,-0.010143011,-0.06382184,-1.3667684,1.0778967,1.3327448
643911279,643911188,-0.00991328,-0.016608723,-0.06595894,1.4488065,-0.7613299,0.3075461
643915074,643914978,-0.024332188,-0.009692039,-0.058989193,-1.5692503,1.0394452,1.5136772
643918776,643918687,-0.013805103,-0.013116043,-0.0697402,0.822358,-0.18922123,-1.060709
643922528,643922438,-0.017328227,-0.007250932,-0.0686084,0.41659203,0.6996858,-0.43486384
643926277,643926188,-0.020142624,-0.006020721,-0.07059382,-1.1514096,1.1031344,-0.10443737
643928777,643928687,-0.021636337,-0.0006130198,-0.06053525,-0.71183765,1.4143558,1.552459
643932527,643932437,-0.022761254,-0.007163,-0.06320496,-1.2029905,-0.11983844,0.20858525
643936299,643936210,-0.015797373,-0.0040204576,-0.062157523,1.3070571,-0.18253824,-0.15227467
643940072,643939979,-0.025771309,0.0017613055,-0.06420061,-1.2238423,1.2959332,0.008632668
643943778,643943687,-0.011071989,-0.0029177235,-0.06860923,1.5489959,-0.47245997,-0.8470509
643946271,643946188,-0.02166201,0.003961828,-0.064182974,-1.0119412,1.1223019,0.4646433
643950077,643949980,-0.008875506,-0.0016714917,-0.06658838,1.3846873,-0.8643397,-0.4997938
643953778,643953687,-0.014189611,0.005083079,-0.061603777,0.35554528,0.85812604,0.5176652
643957526,643957437,-0.012503067,0.002350099,-0.06632067,-0.3647002,0.34465662,-0.5881768
643961278,643961188,0.0023833718,0.005588334,-0.0644046,2.58639,-0.013771889,-0.181368
643963771,643963687,-0.0065629506,0.002378445,-0.066880375,-0.5819295,-0.40892118,-0.4911538
643967527,643967438,0.008374342,0.0041057873,-0.0631992,2.745472,-0.44459286,0.22744213
643971278,643971188,-0.0012910842,0.003062036,-0.06149255,-0.46039015,0.2773616,0.64088196
643975067,643974978,0.015428913,0.0013296767,-0.06329292,2.177421,-0.7513625,-0.23820402
643978776,643978687,0.011396444,0.00772241,-0.06447358,0.7621018,0.9446619,-0.15909235
643981301,643981211,0.019843383,-0.0026487038,-0.06585665,1.6534746,-1.4717731,-0.42228878
643985071,643984980,0.011460853,0.0037148276,-0.05774039,-0.34712678,0.97828954,1.3853856
643988777,643988687,0.018829366,-0.0085017765,-0.062575705,0.4505517,-1.6969435,-0.35155535
643992526,643992437,0.022490919,1.4266538e-05,-0.05892021,1.6136956,0.5689381,0.4738865
643996300,643996210,0.016502747,-0.012827623,-0.06441451,-0.9819116,-1.3616364,-0.271015
643998776,643998687,0.021511115,-0.008185563,-0.060027923,0.5733076,-0.04555136,0.5664533
644002527,644002437,0.018065054,-0.019639825,-0.06504823,-1.1451459,-1.4337326,-0.38829094
644006282,644006188,0.026338033,-0.016981326,-0.057758853,1.1663983,-0.81252563,0.7580881
644010070,644009980,0.02005268,-0.022641942,-0.05449996,-1.0598278,-0.4671276,1.051785
644013769,644013687,0.0332767,-0.029431738,-0.06085987,2.0327866,-2.073321,-0.93434817
644016270,644016187,0.022380754,-0.030132476,-0.06047431,-1.0163214,-0.9590397,-0.13215932
644020067,644019978,0.03218733,-0.03552795,-0.06193333,1.532834,-2.0112243,-0.43286964
644023778,644023687,0.020504138,-0.030286418,-0.050772652,-0.85619235,0.52913916,1.6997036
644027527,644027438,0.029047828,-0.043649033,-0.054791056,0.29502437,-1.989699,-0.2379564
644031270,644031188,0.031587042,-0.034540724,-0.0492666,1.1227049,0.41931307,0.56929994
644033778,644033687,0.031171184,-0.046262592,-0.054333195,0.37931237,-1.9139731,-0.56709576
644037526,644037437,0.029476317,-0.039902892,-0.047691576,0.74876994,0.17011642,0.85800225
644041301,644041211,0.021995297,-0.048053488,-0.052839104,-0.9120245,-0.9338696,-0.10903597
644045072,644044980,0.029379554,-0.04771208,-0.04763451,0.78914636,-0.6900824,0.5663918
644048777,644048687,0.020556597,-0.0434673,-0.042435765,-0.98397017,0.9630669,1.2224936
644051283,644051190,0.023942577,-0.041816533,-0.042894166,-0.17441931,0.59141254,0.36160517
644055071,644054980,0.018580463,-0.05019663,-0.047908843,-0.78501433,-0.58202505,-0.41207364
644058777,644058687,0.016749442,-0.049605016,-0.04778825,-0.95069045,-0.55815774,-0.32924783
644062519,644062437,0.015690206,-0.04673984,-0.04164527,-0.14339806,0.57247174,1.0272017
644066270,644066188,0.010442302,-0.050269373,-0.04040689,-0.99540746,-0.3296811,0.4640737
644068776,644068687,0.009537377,-0.04297617,-0.03788746,-0.41273323,1.1380413,0.71978074
644072527,644072437,0.0038775858,-0.053325683,-0.04023841,-1.4702566,-1.3195568,-0.26656494
644076277,644076187,0.0022127246,-0.04393602,-0.037935548,-0.66341364,0.79783326,0.1372191
644080066,644079978,-0.005504635,-0.049044576,-0.041457333,-1.7119539,-0.06830717,-0.37670517
644083778,644083687,0.00639129,-0.045712266,-0.03382872,1.0759332,-0.118659906,1.0562352
644086299,644086210,-0.009208733,-0.049149215,-0.02767613,-2.1506987,-0.36822096,1.8883998
644090070,644089980,-0.0036278197,-0.045175835,-0.020641664,0.29776525,-0.08622994,1.6349864
644093778,644093688,-0.017492536,-0.04390469,-0.03013181,-1.262477,0.9104703,-0.9136383
644097526,644097437,-0.013165761,-0.053279094,-0.03370706,-0.6805992,-1.6894766,-1.1089857
644101294,644101211,-0.008778012,-0.047394138,-0.02644997,0.77752006,0.4104478,1.0089719
644103778,644103687,-0.015559835,-0.05768301,-0.0202217,-1.2836397,-1.641282,1.5674669
644107527,644107437,-0.014376449,-0.05173471,-0.012350709,0.028166577,0.5113704,1.9364809
644111280,644111188,-0.02071337,-0.061604377,-0.015156059,-0.7648766,-1.3736551,0.370034
644115078,644114980,-0.022332462,-0.062415767,-0.016002364,-0.6133907,-0.9367538,-0.08632226
644118776,644118687,-0.030925052,-0.07351587,-0.019574624,-1.6770489,-1.6229957,-0.43191177
644121278,644121188,-0.027511168,-0.07310565,-0.01586255,-0.72434986,-0.97865486,0.40340295
644125067,644124978,-0.031401247,-0.08340384,-0.011782486,-1.1103815,-1.7105886,0.76718307
644128776,644128687,-0.03333385,-0.0844824,-0.003746466,-1.0083233,-1.2785128,1.6328791
644132521,644132438,-0.037115168,-0.09014387,-0.008361845,-0.6839013,-1.1500939,-0.026735887
644136277,644136188,-0.043657362,-0.10006237,-0.0075969673,-1.5184941,-2.1243486,-0.12809813
644138777,644138687,-0.03680426,-0.09906769,-0.009817814,0.47792065,-0.73735136,-0.40675738
644142526,644142437,-0.049111366,-0.10278559,-0.0066819317,-1.960967,-1.1263937,0.19629207
644146299,644146210,-0.04700415,-0.10109182,-0.0013187327,-0.63184625,-0.0001685341,1.1967006
644150071,644149979,-0.052849185,-0.10814132,0.0019199839,-1.0868564,-1.2158188,0.85152113
644153779,644153688,-0.046592575,-0.10480073,0.0036736114,-0.07953906,-0.024478951,0.7200286
644156278,644156188,-0.056041066,-0.10406124,0.0024053592,-1.547687,0.20248705,-0.049165703
644160070,644159980,-0.046085592,-0.103948876,-0.0003600177,0.5928228,-0.14510131,-0.09629869
644163778,644163687,-0.04907969,-0.09929829,0.0024593072,0.7409925,1.1125858,0.23118417
644167526,644167437,-0.05298227,-0.098115705,0.010064232,-0.98518634,0.6533064,1.8425971
644171281,644171188,-0.043025814,-0.08928302,0.0064527704,1.7221591,1.5764802,-0.43302473
644173778,644173687,-0.050590195,-0.087773845,0.0112875495,-0.75463784,1.2259778,0.88276494
644177528,644177438,-0.043195486,-0.08285484,0.003078072,1.0840954,1.2581099,-1.6037467
644181270,644181188,-0.049805105,-0.077545576,0.015633317,-1.1379304,1.6999564,1.61535
644185066,644184978,-0.028970266,-0.06867643,0.0035254492,2.9738832,1.7558653,-1.1804245
644188777,644188687,-0.032603163,-0.059438083,0.018082919,0.9100805,2.2410326,1.2658309
644191300,644191210,-0.024298897,-0.059496537,0.011979102,2.1320956,1.1921903,-0.29768524
644195072,644194980,-0.026102433,-0.048745118,0.020991249,0.966501,2.352623,0.9099528
644198776,644198687,-0.02034883,-0.03948076,0.01237561,1.4206709,2.733805,-0.2570026
644202526,644202437,-0.014654086,-0.03285294,0.015227384,1.4220617,1.8616358,-0.4147108
644206303,644206210,-0.010207244,-0.027552148,0.024865959,0.83648604,1.5457221,1.9378445
644208780,644208687,-0.0070358054,-0.025614178,0.020089868,0.7848991,1.1205372,-0.11901781
644212521,644212438,-0.0011655416,-0.011362441,0.024099622,1.2109151,2.9093227,1.2081707
644216271,644216188,0.0035490429,-0.009572013,0.01655334,1.2295234,1.4175729,-0.77647936
644220070,644219980,0.006021492,0.00016575931,0.03009089,1.3594146,1.735383,1.8583796
644223778,644223687,0.007522688,0.002164792,0.021825962,1.0691048,1.4329076,0.048286267
644226277,644226187,0.0090601295,0.010576732,0.030085579,0.83326507,2.2164993,1.2993045
644230073,644229978,0.0071838284,0.013495721,0.02189188,-0.058452833,1.5878502,-0.47933713
644233777,644233687,0.009089653,0.021444429,0.029290836,0.676366,1.6770988,0.38670397
644237528,644237437,0.0057415483,0.02571211,0.029565496,-0.27916223,1.7840796,0.9199224
644241278,644241188,0.012447895,0.023976566,0.025014749,0.9639486,-0.024087226,-0.76433337
644243778,644243687,0.0038521402,0.03324308,0.031647008,-0.8757633,1.8588731,1.1833886
644247526,644247437,0.004974587,0.037912674,0.027703831,-0.36167863,0.8335597,-0.86090255
644251301,644251211,0.005429682,0.046351593,0.036444336,0.16112833,1.9798402,1.3766835
644255072,644254979,0.0042671864,0.041183233,0.024444882,-0.029952403,0.013049958,-1.5748084
644258777,644258687,0.0076222843,0.05260259,0.033568557,0.033801667,1.4487667,0.47226834
644261279,644261188,0.0025733402,0.053003453,0.024934076,-0.54154897,1.0082031,-1.1235968
644265078,644264979,0.011153351,0.056073196,0.03993468,0.83920836,0.4266487,2.1032844
644268776,644268687,0.009017043,0.059521947,0.034230027,0.7439307,1.2187794,0.15772046
644272527,644272437,3.8478174e-05,0.05943502,0.033792257,-2.0169883,0.15966226,-0.38749203
644276279,644276188,0.01678446,0.06485214,0.027511632,2.3050814,0.6772708,-0.69832975
644278769,644278687,0.007515058,0.05864824,0.031871002,-0.6428616,-0.7667939,0.29429495
644282528,644282438,0.018306606,0.06821483,0.03242691,2.250178,1.0095302,0.50475043
644286278,644286188,3.1519012e-05,0.06456072,0.03994332,-1.9660466,0.211798,1.0899689
644290066,644289978,0.01834231,0.0660597,0.03397312,1.8500857,0.17113343,-0.19836995
644293778,644293687,0.01071796,0.06662006,0.03101597,0.15718843,0.3444448,-0.972199
644296299,644296210,0.02040004,0.062595665,0.030396037,1.6325066,-0.6456906,-0.51360416
644300072,644299980,-0.0011176105,0.06983359,0.032000892,-2.504341,1.2701204,-0.33490932
644303778,644303688,0.009101983,0.067567006,0.03728668,-0.1877238,-0.24094525,1.0551068
644307527,644307437,0.016570847,0.072255075,0.035410758,1.9438322,0.74948007,-0.11516263
644311301,644311211,0.0058750627,0.06744317,0.042173967,-1.5554568,-0.5284548,0.80260694
644313777,644313687,0.012767279,0.075714916,0.034730185,0.6240275,1.353431,-1.0385326
644317526,644317437,0.00436136,0.07564297,0.033933003,-1.5777524,0.38991016,-0.35048208
644321280,644321189,0.01805991,0.08062362,0.030775897,2.0098572,0.9813055,-0.1863313
644325071,644324980,0.009487718,0.08084167,0.037678175,-0.0751746,0.46824762,0.6074
644328769,644328687,0.012508368,0.08659788,0.042742405,-0.16273929,1.1326239,1.1796522
644331271,644331188,0.0059549767,0.091501445,0.04356464,-1.1590943,1.491079,0.3635352
644335066,644334978,0.013061749,0.08981256,0.03746114,-0.19855182,0.2881976,-0.46719345
644338776,644338687,0.013985454,0.095615745,0.030433001,0.8728008,0.8253194,-1.7615283
644342528,644342437,0.00439488,0.095534146,0.039398443,-1.6736053,0.55500746,1.5265523
644346270,644346187,0.025956156,0.10052709,0.032405004,3.1554165,0.7964285,-0.53889316
644348777,644348687,0.008488647,0.10500251,0.04782901,-1.5920922,1.5128083,2.6234512
644352526,644352437,0.020058949,0.10339838,0.03400591,1.4892032,-0.35697305,-1.8087264
644356299,644356210,0.0062919147,0.113510095,0.047018208,-1.2670951,2.000971,0.9645702
644360072,644359980,0.01619135,0.105873354,0.029829768,0.35175362,-0.3369264,-1.7903044
644363778,644363688,0.015513252,0.11703865,0.033804305,0.36473686,1.2455297,-1.0092114
644366271,644366188,0.023158198,0.111960016,0.032440793,1.5113056,-0.1364043,-0.29367095
644370070,644369980,0.016103502,0.1255964,0.043045245,-0.22106573,1.7740449,0.73838526
644373778,644373687,0.018313654,0.12623398,0.048490707,0.07903657,1.332977,1.7627985
644377526,644377437,0.019806895,0.123788,0.036173146,0.16204719,-0.25109786,-2.020676
644381271,644381188,0.024854638,0.136008,0.038866673,0.6170959,1.8915924,-0.2943733
644383778,644383687,0.02842781,0.13034199,0.0344589,1.1189377,0.009057353,-1.0453788
644387527,644387437,0.034729492,0.14269382,0.042564243,1.9698974,1.852084,1.2942773
644391279,644391188,0.028453466,0.14026171,0.04050704,0.37115607,0.6902014,0.37811226
644395066,644394978,0.032344434,0.14482985,0.046704315,0.78114384,0.6169147,0.7645446
644398776,644398687,0.03495446,0.147813,0.040254317,0.87862635,1.1499383,-0.471643
644401301,644401211,0.038477216,0.14896551,0.038092386,0.97478396,0.57845634,-0.8470212
644405070,644404980,0.036326207,0.15057047,0.032648277,0.37985915,0.8180504,-0.66445404
644408778,644408687,0.03519837,0.14604764,0.03816354,-0.4048843,-0.7839956,0.30029663
644412519,644412437,0.0359788,0.1527253,0.04944815,0.18041351,1.1323407,2.0173702
644416291,644416210,0.038898848,0.14224161,0.042910784,0.55387646,-1.3979837,0.0142955305
644418777,644418687,0.041519888,0.14930765,0.04261831,0.85962373,0.6256975,0.075882874
644422527,644422437,0.034968764,0.13652226,0.033246808,-0.5369771,-2.2101028,-1.4169214
644426277,644426188,0.03425779,0.1430418,0.03245424,-0.31905204,0.14905387,-0.8505249
644430078,644429979,0.034406316,0.13614632,0.0355651,0.050842926,-0.608447,0.38521427
644433778,644433687,0.026464919,0.12969485,0.044895798,-1.6254927,-1.6216466,1.2983513
644436277,644436188,0.026408006,0.1212979,0.045967046,-0.8708025,-2.1352165,0.8696002
644440066,644439978,0.018692313,0.1217734,0.035024658,-1.9783459,-1.1707364,-1.898894
644443778,644443687,0.024889067,0.11607656,0.028729646,0.019336767,-1.0725385,-1.5402141
644447520,644447437,0.016935661,0.10947079,0.032808986,-1.1734059,-1.7022548,0.14192314
644451278,644451188,0.01814874,0.10570559,0.04133666,-0.5314834,-1.199152,1.4057138
644453779,644453687,0.011184037,0.09827746,0.044234652,-1.3441156,-2.0650213,1.4048127
644457526,644457437,0.015921474,0.10081907,0.039070453,0.03808974,-0.35216343,-0.32139504
644461301,644461211,0.0057481984,0.0946221,0.03362746,-1.0125862,-0.95346594,-1.2227286
644465079,644464980,-0.0042696455,0.08545619,0.030257963,-2.5404303,-1.8548574,-1.0955156
644468777,644468687,0.0046387636,0.07915488,0.027206516,1.1063982,-1.8240985,-0.5345192
644471279,644471188,-0.013148957,0.073582694,0.026286265,-3.1664317,-1.9356605,-0.49066696
644475070,644474980,-0.009965589,0.069297075,0.037932012,-0.7554964,-1.5580864,1.7552043
644478769,644478687,-0.023525052,0.068336904,0.0337001,-2.1865604,-1.2050169,0.1500509
644482527,644482437,-0.02530328,0.0539254,0.028412543,-1.9679604,-2.3210087,-1.0597856
644486278,644486187,-0.02569834,0.046865202,0.02644708,0.13932773,-2.4168897,-0.5328838
644488776,644488687,-0.043324206,0.04502442,0.025692936,-3.9153664,-1.48609,-0.62248486
644492528,644492438,-0.037950926,0.039685275,0.024553353,0.46712944,-2.0694835,-0.11937978
644496272,644496188,-0.05563732,0.031076558,0.028022768,-3.0631514,-1.6164716,0.2773412
644500066,644499978,-0.040084,0.019448422,0.039490085,1.1470135,-2.8696926,2.2520401
644503779,644503687,-0.065055266,0.023403741,0.032127284,-2.6335547,-0.5050928,-0.45771605
644506302,644506210,-0.048909616,0.01809116,0.027626269,1.0399742,-1.2223948,-0.94114316
644510072,644509980,-0.062302694,0.017776825,0.02434464,-0.93504155,-0.53862816,-0.8886543
644513777,644513687,-0.05149515,0.002833208,0.034253832,-0.24960503,-2.4553816,1.2118781
644517526,644517437,-0.04437494,0.01431741,0.031202484,2.6702344,0.56350034,-0.097654514
644521301,644521211,-0.055532873,0.013862752,0.034460038,-1.3628558,0.55794096,0.57551974
644523778,644523687,-0.03413808,0.013352954,0.026146205,3.6678922,-0.07557571,-1.1434078
644527518,644527437,-0.043647792,0.0065753995,0.030934462,-0.8217065,-0.53742117,0.658365
644531271,644531188,-0.028122937,0.010399011,0.018131347,2.5735252,0.059746034,-1.8249921
644535070,644534979,-0.036426328,0.017015513,0.025491046,-0.35035244,1.5550393,0.08877758
644538777,644538687,-0.009455845,0.008303498,0.027434161,3.2485456,-0.89724267,0.80111885
644541278,644541188,-0.023395112,0.014821359,0.026121132,-0.8323154,0.802733,-0.05048256
644545068,644544979,-0.0061170245,0.010694195,0.025773743,1.3836638,-0.31771848,0.1949001
644548776,644548687,-0.008224321,0.025064532,0.021752188,1.5657321,1.6687799,-0.86125016
644552527,644552438,-0.001629305,0.015425977,0.030630086,0.38485423,-0.39866552,1.3845805
644556278,644556188,0.017242426,0.014298227,0.01811911,3.8063936,-0.7082105,-1.308032
644558776,644558687,-0.0018340944,0.019690242,0.02907472,-2.0035825,0.83242136,1.3674533
644562527,644562438,0.022893924,0.02116326,0.020768553,3.9383395,0.102101706,-0.9433078
644566291,644566210,0.008931322,0.034410536,0.031900838,-0.38754523,2.5611231,0.9994229
644570072,644569981,0.025736919,0.020010289,0.017923173,1.4598018,-1.3816886,-1.3970289
644573779,644573687,0.018614467,0.03222222,0.020493127,0.26087648,0.96123594,-1.1550685
644576278,644576188,0.034604616,0.026642857,0.01477254,2.5596213,-0.16143407,-1.196951
644580078,644579980,0.026920088,0.04459478,0.01925355,0.655536,2.278597,-0.75864553
644583778,644583687,0.034560297,0.03273598,0.0245281,0.21289678,-0.1902508,1.5058168
644587526,644587437,0.035673957,0.03765013,0.009545271,1.0094216,-0.14693825,-2.6502929
644591279,644591188,0.034458607,0.052455805,0.022845242,-0.5006408,2.9530551,1.1512408
644593777,644593687,0.04456318,0.047313012,0.011440859,1.6487896,0.38778648,-1.6667025
644597521,644597438,0.05104294,0.052265067,0.024377301,1.5246917,1.3835882,1.9356039
644601278,644601188,0.05205275,0.05097729,0.011538746,1.4197074,0.60893583,-1.2051976
644605068,644604978,0.054808784,0.061120335,0.018277384,0.8429154,1.4074268,0.36624822
644608777,644608687,0.060842942,0.064343676,0.013006808,1.5277416,1.5557963,-0.03078316
644611301,644611211,0.0612612,0.06532917,0.018094335,0.52398527,0.87148404,0.6591231
644615081,644614980,0.06228397,0.07025507,0.017455984,0.55505943,1.6821412,0.3201517
644618777,644618687,0.060253415,0.071029745,0.014942362,-0.4064053,0.51186216,-0.6130902
644622526,644622437,0.07432679,0.086468905,0.016538193,2.3695402,2.7698228,0.2941868
644626300,644626210,0.067908235,0.08170387,0.012711535,0.16995794,0.37136215,-0.29035196
644628778,644628687,0.07116324,0.08884193,0.014400609,0.62477034,1.5307404,0.30574197
644632527,644632437,0.06461436,0.09063491,0.010175855,-0.7412798,0.8773359,-0.5559131
644636278,644636187,0.06853971,0.11071087,0.012787305,0.24139474,3.4673536,0.031876396
644640071,644639980,0.06645434,0.10139015,0.00744904,-0.077454925,0.19109832,-0.8423615
644643778,644643687,0.0572941,0.11091059,0.00883237,-1.9733942,1.0963919,-0.5029808
644646270,644646188,0.059276402,0.10971621,0.003781022,-0.65850854,0.63254577,-1.1788473
644650069,644649979,0.0523685,0.11897338,0.009382112,-2.1616,1.393883,0.08625486
644653777,644653687,0.062009793,0.12080119,0.007050504,1.0431155,1.1445566,0.21206689
644657527,644657438,0.045972217,0.12138243,0.005706603,-2.049654,0.1360334,-0.39841852
644661271,644661188,0.057139173,0.12509416,0.006962162,0.21542522,0.90890783,0.20625433
644663778,644663687,0.04268671,0.12693521,0.0076083825,-2.3296685,0.7899468,0.065344885
644667526,644667437,0.052747753,0.12648897,0.00075394445,0.34082296,0.3680116,-0.7606326
644671301,644671210,0.044882894,0.12322197,-0.0018603541,-0.11188291,-0.22165963,-1.0540199
644675072,644674979,0.041752942,0.12241034,0.0035975445,-1.4828254,-0.34247267,0.8165427
644678777,644678687,0.047986712,0.12339169,-0.0018276047,1.0068204,-0.0022359954,-0.76651734
644681271,644681188,0.03904259,0.120450236,-0.0017607872,-1.603988,-0.45622462,-0.36391127
644685070,644684980,0.03976541,0.11713651,-0.008367741,0.22730038,-0.91385037,-1.5412647
644688777,644688687,0.022693165,0.11343011,-0.0019702082,-3.3066118,-0.84439415,0.57832503
644692527,644692437,0.032603037,0.11400038,-0.007215678,0.24755423,-0.3332966,-0.59959847
644696273,644696188,0.021581754,0.107777044,-0.0058160303,-0.9720483,-1.2771611,-0.11087361
644698776,644698687,0.028213434,0.10300393,-0.00814248,0.58323294,-1.5623394,-0.41730678
644702528,644702438,0.0103293015,0.10217435,-0.008558613,-1.5165173,-0.69841355,-0.2578879
644706281,644706188,-0.0037265362,0.102599055,-0.011911909,-3.5075784,-0.05388135,-0.58579
644710068,644709979,-0.0028389173,0.093745224,-0.023186479,-1.221058,-1.6864648,-2.17364
644713778,644713686,-0.018462546,0.09199336,-0.015324338,-3.7007885,-1.1270747,0.09957803
644716301,644716211,-0.0112813935,0.08009944,-0.015938547,-0.97805065,-2.811172,-0.022450613
644720073,644719982,-0.03684961,0.094079666,-0.01049795,-4.5057044,1.3724815,0.8780203
644723777,644723687,-0.024169479,0.07889986,-0.015912347,-0.24448834,-1.7291796,-0.2249279
644727520,644727438,-0.044385575,0.08520885,-0.015320053,-2.4402523,0.03523946,-0.048141044
644731293,644731211,-0.051396668,0.07562734,-0.017544352,-3.9085908,-0.9049528,-0.2662095
644733778,644733687,-0.04910679,0.084209844,-0.020064231,-0.88735956,0.7982356,-0.79597145
644737525,644737437,-0.052930836,0.07685306,-0.017636511,-2.3340683,-0.2737492,0.34298393
644741281,644741188,-0.047467776,0.07740537,-0.013275079,0.74684125,-0.69775367,0.6289817
644745078,644744980,-0.06669526,0.07677958,-0.009618969,-3.2261803,0.1126559,1.1100698
644748777,644748687,-0.04779821,0.079263374,-0.016221432,2.1120796,0.3262909,-0.4994545
644751278,644751188,-0.06344326,0.086398385,-0.011833348,-1.6554921,1.6385022,0.64594895
644755066,644754978,-0.044005327,0.080736935,-0.016262587,2.119773,-0.5139509,-0.63563764
644758776,644758687,-0.059088387,0.08994741,-0.019512273,-0.57450575,1.4395716,-0.9027902
644762523,644762438,-0.049766093,0.086043224,-0.021131236,0.11576393,-0.056847274,-0.55726343
644766277,644766188,-0.03355408,0.09179376,-0.012697123,3.4265814,0.26597697,1.1475401
644768777,644768687,-0.042064678,0.0890789,-0.012953139,-0.088645466,-0.1669819,0.6669524
644772526,644772437,-0.025821308,0.09821266,-0.022837996,3.4412239,0.6989944,-1.3931211
644776300,644776210,-0.03802424,0.10276163,-0.021947818,-0.768094,1.6911744,-0.17565574
644780086,644779982,-0.0139168585,0.09791898,-0.021058416,3.0953484,-0.66271687,0.085029975
644783781,644783687,-0.017039595,0.1090713,-0.019606821,1.8229362,1.6236867,-0.03627977
644786277,644786187,-0.00027047333,0.09452136,-0.023599086,3.755253,-1.9667455,-0.61298025
644790071,644789980,-0.007791779,0.10842318,-0.019878633,1.6127007,1.7462308,0.23228179
644793771,644793687,0.0021003531,0.09688606,-0.013921526,1.3633578,-0.8824608,1.2878919
644797526,644797437,0.0113206785,0.10491735,-0.024255326,3.0389256,0.28212595,-1.7280732
644801283,644801189,0.00775681,0.095991544,-0.020364143,-0.14728098,-0.72074455,0.44066685
644803778,644803687,0.024438057,0.09894704,-0.02419092,3.3580136,-0.15982746,-0.53986925
644807531,644807440,0.020495351,0.09312764,-0.013632827,0.050598834,-0.31615093,1.9643191
644811271,644811188,0.041318364,0.09018354,-0.028014403,3.9942245,-1.3036108,-1.635839
644815070,644814980,0.030319862,0.09339772,-0.020055575,-0.055018876,0.7070697,0.71841466
644818776,644818687,0.05044742,0.07733956,-0.027912209,3.008167,-2.4864678,-0.53737664
644821301,644821211,0.037732873,0.08580514,-0.021720318,-0.6823658,0.38664943,0.5464116
644825071,644824980,0.05918682,0.07215628,-0.037822224,2.8679273,-2.5420692,-2.1161282
644828777,644828687,0.049273495,0.07875294,-0.02343001,-0.29704386,0.10789662,1.0131462
644832526,644832437,0.061776612,0.06561408,-0.01839824,1.2832614,-1.8889542,1.880986
644836299,644836210,0.06664485,0.069610626,-0.030639509,2.5025973,-0.67902267,-1.7580314
644838777,644838687,0.07226525,0.05894363,-0.030079344,2.3845286,-2.192201,-0.3883366
644842527,644842437,0.07073713,0.059421465,-0.03241726,1.5269963,-1.200364,-1.1174386
644846271,644846188,0.058004234,0.055029243,-0.020987358,-2.077326,-0.51834553,1.5867062
644850070,644849980,0.07108604,0.047583513,-0.034937274,1.4389616,-2.029992,-1.9788375
644853779,644853688,0.07392229,0.04920727,-0.01980339,0.9235229,-0.5910344,1.61114
644856278,644856188,0.07647503,0.03646505,-0.026880924,1.1490852,-2.7361062,-0.3263518
644860067,644859978,0.06855089,0.043533817,-0.021989893,-0.34782988,0.056064848,0.52678037
644863777,644863687,0.06814988,0.035053547,-0.040417727,-0.07970031,-1.0695513,-2.2488778
644867527,644867437,0.06458146,0.034879625,-0.030007735,-1.0518649,-0.79986954,0.13533609
644871278,644871188,0.06786077,0.029554911,-0.021086806,-0.23374459,-0.7434516,2.1275945
644873779,644873687,0.06021445,0.027453184,-0.0249126,-1.7002053,-1.0292945,0.10313797
644877518,644877437,0.06617396,0.030889558,-0.02633924,0.15182501,0.49367628,0.58903104
644881294,644881211,0.062491458,0.02562413,-0.035741247,0.17010514,-1.0839791,-1.6336886
644885073,644884982,0.05569106,0.031937566,-0.02710094,-0.98390585,0.92460954,0.9512545
644888777,644888687,0.054759063,0.021359392,-0.038409542,-0.06666061,-1.285222,-1.0837547
644891282,644891188,0.047295734,0.028731294,-0.020793203,-1.6395836,0.7422589,2.6086285
644895078,644894980,0.04270304,0.021799391,-0.02603065,-1.383084,-0.84277374,-0.20529875
644898777,644898687,0.0322665,0.03185707,-0.025458392,-2.6316004,1.1366374,-0.72386146
644902526,644902437,0.038795922,0.020573406,-0.041534662,-0.031911258,-1.2222273,-2.110144
644906282,644906188,0.03129191,0.02419667,-0.033167914,-1.1854734,-0.18097991,-0.054865
644908777,644908687,0.036152203,0.02244722,-0.027984174,0.28204873,-0.21377337,1.2408462
644912521,644912438,0.024553312,0.02749533,-0.020694098,-1.7624892,0.5912073,0.9494952
644916278,644916187,0.02993949,0.024364317,-0.026686126,-0.045124643,-0.03069655,0.20200661
644920067,644919979,0.02071632,0.02318996,-0.03558658,-1.3269795,-0.26434267,-2.1415317
644923778,644923687,0.018938113,0.027744792,-0.030924914,-1.5782542,0.7105808,-0.22983319
644926300,644926210,0.01726168,0.025847906,-0.041656718,-1.1944239,0.011340734,-2.2077396
644930081,644929980,0.029446842,0.028252732,-0.024538046,0.830097,0.35654753,2.3315563
644933778,644933687,0.02200174,0.028167957,-0.023192817,-0.34005123,0.20390858,1.3615097
644937526,644937437,0.01581002,0.03383318,-0.020934906,-1.6107006,0.83555,0.64597154
644941302,644941211,0.02600609,0.0419816,-0.040161315,1.9552249,1.6790148,-2.3733523
644943771,644943687,0.023411835,0.035950787,-0.0355675,0.13089605,-0.0075037936,-0.74785674
644947526,644947437,0.020414421,0.0485003,-0.03163029,0.5659966,2.1685727,0.35494977
644951280,644951189,0.007490808,0.04396602,-0.028415773,-2.6734385,0.24381252,0.26103857
644955071,644954980,0.031302635,0.053097684,-0.027358506,2.8575664,1.1236662,0.933634
644958777,644958687,0.01406826,0.05404901,-0.02631711,-0.8561296,0.9628283,0.36909857
644961271,644961188,0.023197392,0.058418673,-0.027027125,1.2157243,1.2302967,0.18664655
644965066,644964978,0.009222598,0.068383664,-0.039232753,-1.3006222,2.4000254,-2.1667545
644968775,644968687,0.02043376,0.06856152,-0.03448621,0.39413518,0.90955466,0.16335759
644972527,644972437,0.019078953,0.07431918,-0.02458274,0.2743495,1.3996452,1.625015
644976270,644976188,0.009953439,0.07620765,-0.024775192,-2.2405908,0.9285752,0.24075712
644978778,644978687,0.014536582,0.08676741,-0.0366478,-0.047111,2.3782055,-1.9435848
644982527,644982437,0.016173726,0.08154786,-0.032574072,-0.506604,0.038901005,0.011637629
644986299,644986210,0.025473142,0.09163662,-0.030443093,2.0115912,1.5830343,0.49070722
644990072,644989979,0.0054673394,0.090265565,-0.034980953,-2.5424871,0.80595267,-0.836265
644993771,644993687,0.023226721,0.09585187,-0.03380448,1.3524573,0.78249025,0.14569984
644996271,644996188,0.009357292,0.09751161,-0.028664472,-1.9140543,0.9187522,0.96173084
645000070,644999980,0.017726544,0.0945098,-0.026394684,0.3044874,-0.49997684,0.7565988
645003782,645003687,0.008036098,0.103118986,-0.038579863,-0.70536053,1.5398715,-1.8263617
645007528,645007437,0.0181024,0.09386802,-0.033752915,0.6638341,-1.0771003,0.55424595
645011272,645011189,0.012270824,0.10216038,-0.02869101,0.46999046,0.78461874,0.9826961
645013777,645013687,0.0093241865,0.08947681,-0.025786484,-0.76010007,-1.8783902,0.9855028
645017527,645017437,0.009001736,0.10228629,-0.034297775,0.7658512,1.26125,-1.1593976
645021278,645021188,0.005773927,0.0885067,-0.027970823,-1.6873531,-1.2862779,0.5825716
645025068,645024979,0.022995004,0.09181324,-0.027522502,2.711565,-0.6337085,0.28303775
645028776,645028687,-0.0052908086,0.09212006,-0.031913146,-3.316133,0.39501,-0.79505557
645031293,645031211,0.017902898,0.08998713,-0.03756831,2.751932,-0.59808093,-1.3418787
645035071,645034979,0.00041235832,0.089349255,-0.024800237,-1.8100753,0.4577001,1.6157827
645038776,645038687,0.014364089,0.08467378,-0.023279143,0.9874296,-1.0205313,0.73266834
645042519,645042437,-0.0017358222,0.09220889,-0.027373461,-1.6855688,1.0550927,-0.4870284
645046293,645046210,0.009679981,0.077239186,-0.034439072,0.3361494,-1.9334921,-1.0535051
645048777,645048687,-0.0045512356,0.088999964,-0.029667778,-1.945015,1.178032,0.27859282
645052526,645052437,0.006781418,0.07867804,-0.031589545,0.30351943,-1.4708315,-0.15471074
645056278,645056188,0.00283992,0.09355544,-0.029303594,0.9980271,1.5731682,0.013833241
645060069,645059979,-0.0035018246,0.083105266,-0.024807578,-1.9271885,-0.4806133,0.96552074
645063778,645063687,0.002267211,0.09001341,-0.023304844,0.595708,0.21948169,0.32828888
645066277,645066187,-0.015136616,0.08697574,-0.030024089,-3.3392289,-0.057805702,-0.91398954
645070067,645069978,-0.0017277313,0.09287127,-0.03627217,1.5272777,0.06887823,-1.4638997
645073778,645073687,-0.015574126,0.09370157,-0.02754163,-1.9759372,1.084575,1.1871955
645077520,645077437,-0.007457614,0.087137096,-0.023829252,0.36199322,-1.2181196,0.7682097
645081270,645081188,-0.023616793,0.10724456,-0.022633776,-1.6201874,3.0526898,0.4247923
645083778,645083687,-0.009297655,0.0953973,-0.027429229,1.3817867,-0.7213402,-0.63104683
645087526,645087437,-0.01878329,0.10441716,-0.023291096,-0.2839975,1.5892253,0.6101406
645091301,645091211,-0.022117173,0.09433925,-0.03303657,-1.7033054,-0.79683304,-1.449844
645095080,645094980,-0.011832707,0.108956106,-0.030901637,1.8010056,1.589467,-0.13490956
645098777,645098687,-0.022782275,0.103521764,-0.025971757,-1.0984491,0.18492742,1.1110386
645101280,645101188,-0.013674507,0.10934593,-0.015124854,1.1716552,0.89221185,2.6140664
645105072,645104980,-0.02624298,0.103188545,-0.026196036,-1.4884176,-0.11485827,-0.866519
645108779,645108687,-0.014778846,0.10750103,-0.028690787,0.7331885,0.0905101,-0.8676594
645112527,645112437,-0.014028617,0.10993905,-0.028908763,0.58417016,0.85986686,-0.010676929
645116278,645116187,-0.012847546,0.10118212,-0.025724746,0.016256474,-1.4392081,0.07121065
645118776,645118687,-0.017431991,0.108263105,-0.028974682,-0.26066846,0.681481,-0.32614216
645122528,645122438,-0.007199272,0.09620801,-0.024160463,1.409191,-2.2607198,0.37330163
645126269,645126187,-0.0050360775,0.104660064,-0.014318441,1.3128662,0.74228865,2.0442636
645130066,645129978,-0.010262551,0.0921055,-0.026025942,-1.2437862,-1.7349206,-1.6585985
645133777,645133687,-0.004289986,0.09585101,-0.030033123,0.7899639,-0.40452653,-1.2018968
645136299,645136210,-0.00833429,0.08497316,-0.03243612,-0.4254952,-2.0385451,-1.0684156
645140071,645139980,0.00969518,0.0881121,-0.0111002475,3.4343522,-0.84198713,3.1293564
645143778,645143687,-0.007754972,0.07856651,-0.017890532,-1.5528352,-1.1611114,0.09205726
645147526,645147437,0.0043775723,0.0753797,-0.020433147,1.0737296,-1.8195401,-0.4316624
645151301,645151211,-0.00047447966,0.07593357,-0.023000574,-0.0024212513,0.008263804,-0.15075417
645153778,645153687,0.006955983,0.06776146,-0.019025737,0.92728174,-1.7589264,0.56420237
645157526,645157437,0.0030141575,0.07268503,-0.025230847,0.24751757,0.6244518,-0.5532372
645161276,645161189,0.0136620095,0.0576614,-0.019568319,1.2060326,-2.448983,0.47977117
645165070,645164980,0.010310689,0.06632814,-0.014070517,0.6764824,0.7372844,1.3876925
645168777,645168687,0.0007850372,0.055847622,-0.021624403,-1.7816219,-1.2813923,-1.113682
645171278,645171188,0.012984877,0.05975104,-0.026694112,1.4815515,-0.030126978,-1.2957634
645175066,645174977,0.007824189,0.047050696,-0.025804764,-0.7249194,-2.0403512,-0.7201245
645178778,645178687,0.018231153,0.05092618,-0.013656274,1.4746315,-0.23376058,1.8248289
645182528,645182438,0.0053438717,0.043666206,-0.025089541,-1.4654098,-0.90847266,-1.3777936
645186277,645186188,0.011303391,0.04455882,-0.018968469,-0.1592024,-0.80745614,0.21186602
645188776,645188687,0.009427624,0.035933796,-0.023169253,-0.2797744,-1.7274343,-0.46924505
645192521,645192438,0.012630703,0.037286278,-0.008920399,0.11660705,-0.87490654,2.0403671
645196291,645196210,0.009568409,0.034512334,-0.024599314,0.1457081,-0.38057345,-1.2981871
645200071,645199979,0.010863511,0.027881404,-0.022343248,-0.25889692,-1.6763114,-0.5057816
645203779,645203688,0.010475772,0.031183422,-0.013481824,0.19742358,0.14533101,1.6173071
645206282,645206188,0.00457606,0.026498869,-0.015140083,-1.1115919,-0.8372128,0.24120405
645210078,645209980,0.014788508,0.03079338,-0.018251803,1.9900512,0.47645107,0.16064768
645213777,645213687,0.0034150442,0.023889529,-0.019411564,-1.1900911,-0.79907495,-0.28241467
645217526,645217437,0.012836293,0.026385494,-0.008455426,0.7514759,-0.25631964,2.032035
645221279,645221188,0.0016869656,0.028790414,-0.023553403,-0.45084295,0.77367747,-1.7584077
645223778,645223687,0.0103315,0.029782077,-0.016544366,1.1854247,0.38483632,0.5468978
645227521,645227438,0.008874328,0.02644309,-0.019864205,0.7173958,-0.30118623,-0.62682724
645231278,645231188,0.005568528,0.02833164,-0.0065820278,-1.2819769,-0.033354666,1.5339677
645235067,645234978,0.0067253145,0.03585532,-0.024381485,0.60535884,1.2202431,-2.0753353
645238777,645238687,-0.00042781534,0.03630893,-0.013704631,-1.7340877,0.65357673,0.5103711
645241301,645241211,0.010717015,0.034727734,-0.015344825,1.4698769,0.040297884,0.2622885
645245078,645244980,-0.0016114523,0.033490874,-0.009019725,-1.9541479,0.02648754,0.72216475
645248777,645248687,0.017112393,0.040292494,-0.018913925,2.8608692,0.79224837,-0.802399
645252526,645252437,-0.0064376933,0.041456252,-0.017728966,-2.5960147,0.8163412,-0.74166816
645256300,645256210,0.007287774,0.040233564,-0.007095262,0.35765886,-0.18865274,1.5520061
645258769,645258687,-0.010994986,0.04198146,-0.0148500735,-3.2534552,0.43271506,-0.7416056
645262526,645262437,0.010849283,0.03991799,-0.014406737,1.9072884,-0.61576545,0.48701233
645266279,645266188,-0.0055718226,0.044970676,-0.014964432,-0.9867949,0.9880813,-0.04621737
645270071,645269980,-0.0009716657,0.0400593,-0.0056876508,-0.759307,-0.57157356,1.4747524
645273778,645273687,-0.0007421308,0.047394235,-0.018094584,1.425516,0.7893004,-1.0982945
645276271,645276187,-0.00047860408,0.03688577,-0.012726594,0.41684353,-1.43529,0.39215836
645280068,645279979,-0.003852661,0.043914676,-0.014240645,0.56093186,0.5536159,-0.17755644
645283778,645283687,-0.016678967,0.03867701,-0.006797025,-3.387551,-0.3408785,0.89987886
645287527,645287437,0.0059566516,0.039378818,-0.014412499,3.0161839,-0.54915375,-0.45498976
645291278,645291188,-0.015278151,0.03763202,-0.009794655,-1.8870026,0.13760893,0.15090242
645293778,645293687,0.0036117984,0.039601866,-0.011823025,2.620685,0.27598187,-0.1125083
645297526,645297437,-0.018389322,0.036081772,-0.014266939,-2.719211,-0.10594938,-0.8941514
645301301,645301211,-0.0012967931,0.030931305,-0.014463551,0.9280437,-1.1396925,0.11089351
645305069,645304978,-0.012553752,0.03713744,-0.01100982,-0.8788762,0.7594111,0.33948258
645308770,645308687,-0.006577929,0.030707957,-0.0071732756,-0.6582378,-0.83003235,0.7306418
645311273,645311188,-0.010556284,0.034568585,-0.013117413,-0.5478632,0.21490294,-0.7920168
645315071,645314980,0.0027400814,0.02635734,-0.012348286,1.217388,-1.4269595,0.2087507
645318778,645318687,-0.0028312744,0.0312916,-0.011970481,0.5247665,0.38041154,0.114628255
645322527,645322437,-0.0093419785,0.026487388,-0.011361882,-1.6668375,-0.38001508,0.17562394
645326270,645326188,0.010318308,0.028349925,-0.013357247,3.4867861,-0.381317,-0.11236213
645328776,645328687,0.0037993777,0.019352032,-0.008635697,0.43591756,-1.7049963,0.8280822
645332528,645332438,0.008226994,0.022316515,-0.0045258743,1.7025553,-0.5133697,0.84603435
645336278,645336188,-0.010120558,0.020218927,-0.008090257,-2.6893575,0.11526116,-0.21473722
645340067,645339978,0.00967697,0.016884143,-0.011632333,1.9429765,-1.0618614,-0.77362055
645343779,645343688,7.193934e-05,0.013509181,-0.0028718454,-0.30107573,-0.82772255,1.3933607
645346292,645346210,0.01275997,0.0028914635,-0.005907033,2.0165973,-2.4927378,0.06540006
645350072,645349980,0.0012867622,0.011559089,-0.005680189,-0.47964564,0.6886176,0.43614465
645353780,645353688,0.0031397718,0.0048086364,-0.0072381976,-0.75413775,-0.7671433,-0.2254251
645357527,645357437,-0.0029837396,-0.00012256175,-0.0004627604,-0.9494349,-1.367109,0.9816133
645361294,645361211,-0.0063047404,-0.003395645,-0.00904301,-1.1438249,-0.6715286,-0.9004393
645363777,645363687,-0.00018471482,-0.0018879467,-0.0054354663,0.73760045,-0.13597724,0.25738558
645367526,645367437,-0.0030942548,-0.005693905,-0.011254578,-0.3224327,-0.34506252,-0.9342475
645371280,645371190,-0.008506813,-0.014281672,-0.0033685127,-0.9619833,-1.8391364,0.5532813
645375070,645374980,-0.019487754,-0.013150294,-0.011075161,-2.3194513,-0.33296895,-0.6810714
645378777,645378687,-0.011176079,-0.018922951,-0.0037579508,0.23422495,-1.0335971,0.5194161
645381278,645381188,-0.013613801,-0.014146572,-0.005662496,-0.17700693,0.31437275,0.14423075
645385066,645384978,-0.014686782,-0.02405463,-0.0014961212,-0.2697595,-1.6195825,0.26327842
645388776,645388687,-0.024671063,-0.022291677,-0.007228401,-1.249575,-0.5373944,-0.06560349
645392520,645392438,-0.027558817,-0.028786745,-0.011981901,-1.3800156,-1.0117596,-1.3582423
645396270,645396188,-0.023431754,-0.025169488,0.002303315,0.23640262,-0.14808077,2.202463
645398778,645398687,-0.024406977,-0.03009573,-0.0033240307,-0.33842373,-0.8637202,-0.0750051
645402528,645402438,-0.022020957,-0.03271923,0.0011696428,0.6495786,-1.1531785,1.4709269
645406304,645406210,-0.0305704,-0.037077665,-0.008620597,-1.0156828,-0.5772133,-1.1609621
645410078,645409980,-0.02601816,-0.034755908,0.0015686656,0.69286966,-0.41502097,1.0451841
645413778,645413687,-0.036697514,-0.03871891,-0.010066298,-1.1970141,-0.66956306,-1.0996665
645416281,645416187,-0.030253425,-0.04545329,-0.001252979,0.28801766,-1.7423323,0.8188435
645420071,645419979,-0.03680058,-0.042629614,-0.0099402815,-0.9922217,0.011921121,-0.9140094
645423778,645423687,-0.03578479,-0.045319084,-0.000858735,-1.0933397,-0.39690045,0.39537704
645427526,645427437,-0.033137284,-0.046105035,-0.0038619142,0.60646623,-0.28511536,0.29020473
645431279,645431188,-0.0392522,-0.05295112,-0.00851399,-0.80469275,-1.0531734,-1.1481538
645433778,645433687,-0.031269446,-0.05443327,-0.005769044,1.3018428,-0.8834795,0.24729519
645437529,645437437,-0.045324575,-0.055858962,-0.0072205802,-1.8570913,-0.36936876,-0.8993632
645441271,645441188,-0.041831244,-0.054797355,-0.0028423588,-0.5619447,-0.024094375,0.73470193
645445073,645444978,-0.041949287,-0.059774626,-0.011974171,-0.39050376,-1.0260217,-1.48682
645448776,645448687,-0.040004715,-0.063436404,-0.00056918,0.059007525,-0.7953652,0.94904006
645451302,645451211,-0.041229896,-0.0653444,-0.009181788,0.08122651,-0.7041809,-1.010718
645455069,645454979,-0.03794989,-0.059218682,-0.0005246019,1.047797,0.74838275,1.0070022
645458769,645458687,-0.044163264,-0.064596675,-0.00825843,-0.5293212,-0.7081062,-0.395234
645462526,645462437,-0.04713972,-0.06429239,-0.0021780268,-1.0754266,-0.21177396,0.1652982
645466299,645466210,-0.039963447,-0.068659954,-0.0010017648,0.72254944,-0.58557653,1.0069052
645468776,645468687,-0.04135591,-0.064390145,-0.0009868848,-0.20497952,0.3698484,0.24590828
645472527,645472437,-0.037020445,-0.06573553,-0.00150626,0.6731308,-0.094767906,0.74297065
645476271,645476188,-0.041082323,-0.06056922,-0.011187367,-0.122124374,0.7859018,-1.7541379
645480070,645479980,-0.03740994,-0.06449997,0.0014216984,0.48759457,0.0032547708,1.7499874
645483778,645483687,-0.03026882,-0.061979998,-0.0046581402,1.6506629,-0.11993429,-0.06560094
645486278,645486188,-0.029769823,-0.06378244,0.0055236556,0.8174973,-0.31771052,1.8337194
645490068,645489979,-0.030590666,-0.0521942,-0.00906498,0.47377837,1.2440532,-1.7193755
645493778,645493687,-0.034711752,-0.05281981,-0.0021322956,-0.92448163,0.92846096,0.18612246
645497532,645497438,-0.020439448,-0.054660928,-0.009312812,2.2329772,-0.44245237,-0.5462634
645501278,645501188,-0.02396947,-0.040037375,-0.003009064,0.49485824,2.483123,0.12226512
645503777,645503687,-0.018171314,-0.04822054,-0.0019520298,1.4050177,-0.3696666,0.6405327
645507526,645507437,-0.0277403,-0.035874885,0.0020600553,-1.092446,2.4159799,0.16775247
645511294,645511211,-0.013639688,-0.043546584,-0.004388112,1.457564,-0.4437627,-0.43281537
645515070,645514979,-0.018327974,-0.030047616,-0.012529833,0.016331494,1.8823414,-2.050133
645518778,645518687,-0.012395261,-0.038164273,0.0017680505,0.32487372,-0.048037384,1.6659837
645521278,645521188,-0.008170179,-0.029009322,-0.0017599354,1.28192,1.5442299,0.09882014
645525071,645524980,-0.0026655898,-0.034245666,0.0072559174,1.1559783,0.17784071,1.7976584
645528776,645528687,-0.0033548183,-0.026582045,-0.0042812573,0.7993075,0.89890206,-1.1900073
645532527,645532437,-0.00085573073,-0.030552665,0.0005956698,0.38670006,0.09254069,0.25700712
645536278,645536188,0.010957453,-0.034059137,-0.0038021978,2.61388,-0.87404364,-0.29094148
645538776,645538687,0.010880947,-0.031640302,0.00020359407,1.1004003,0.20715462,0.5641492
645542520,645542438,0.015254447,-0.030913774,-0.0013161425,1.5117829,-0.15228637,0.1208725
645546270,645546188,0.006009902,-0.024820056,0.0051384107,-1.2992501,1.2432083,0.9105967
645550067,645549978,0.023163727,-0.03387041,0.00061798625,2.265423,-1.1982852,-0.23867297
645553778,645553687,0.021487236,-0.03216158,0.0023796503,0.90856445,-0.050820343,0.18928589
645556300,645556210,0.028803326,-0.034925867,-0.0026749403,1.8469328,-0.5552953,-0.76703215
645560078,645559980,0.018793728,-0.029439028,0.005408242,-0.64359254,0.5984516,1.0554457
645563778,645563688,0.019317402,-0.032543525,0.00054514426,-0.33486053,0.071789995,-0.22957727
645567526,645567437,0.018177537,-0.031495884,0.0027293386,-0.4599411,-0.17993702,-0.011267113
645571301,645571211,0.023699505,-0.031765137,0.004120403,0.34219477,0.21771473,0.5817724
645573778,645573687,0.01239032,-0.034767795,0.008039226,-1.9972308,-0.60026664,0.9648758
645577526,645577437,0.017130485,-0.02690556,0.0002113845,0.14596768,1.3640354,-0.6139494
645581281,645581190,0.008753449,-0.034884818,0.0032831652,-1.1368576,-0.8147898,-0.08725018
645585071,645584979,0.01119634,-0.030646456,0.005192957,-0.17810947,-0.10118924,0.7352269
645588777,645588687,0.0012906919,-0.03203197,0.0057454286,-1.2574273,0.4120453,-0.20336656
645591271,645591188,0.0076656966,-0.028346872,0.0040328386,0.21685986,0.79387814,-0.19961102
645595066,645594978,-0.004558643,-0.031266857,0.004356081,-1.6869583,0.34761223,-0.58980006
645598776,645598687,-0.0038592077,-0.03382953,0.011130623,-1.3133882,-0.69617844,1.5022103
645602528,645602438,-0.0035369634,-0.027777387,-0.0004302501,0.49118036,0.92376155,-1.951793
645606282,645606188,-0.013049177,-0.03578305,0.011558399,-1.8002238,-1.0506461,1.1287792
645608777,645608687,-0.0036196243,-0.030724594,0.0027358893,1.0840495,0.42614228,-1.0785583
645612529,645612437,-0.014192154,-0.03398577,0.018366503,-2.06926,-0.6145822,2.4439793
645616299,645616210,-0.010277923,-0.02291973,0.0038669992,0.32234293,1.5192149,-1.2928408
645620070,645619980,-0.01838253,-0.035871767,0.011396376,-1.3457792,-1.3664464,0.35883853
645623780,645623690,0.0010976351,-0.026621915,0.007644165,2.6260962,0.5503605,0.46555728
645626270,645626188,-0.015013995,-0.033457845,0.018003011,-1.4941697,-0.7768722,1.9020686
645630070,645629980,-0.005110769,-0.02350462,0.005908641,1.5176198,0.88769686,-0.8916681
645633777,645633687,-0.017053237,-0.026281405,0.008488075,-0.9770455,0.51352876,-0.51709205
645637526,645637437,0.00025691418,-0.028227435,0.0095732035,1.6188883,-0.76784337,0.55540866
645641271,645641188,-0.0009326958,-0.02243057,0.009135934,1.4519558,0.984033,-0.14640704
645643778,645643687,0.00045905277,-0.027808635,0.011099757,0.67944926,-0.6891692,0.60560256
645647527,645647438,-0.0042888536,-0.018319707,0.0113250185,0.5630316,1.6609586,-0.33073837
645651279,645651188,-0.0065916744,-0.028141577,0.0149488095,-0.96646553,-0.9883989,0.76759994
645655069,645654979,0.0027882261,-0.022120818,0.0038595854,1.6906345,0.19132578,-1.8048033
645658776,645658687,-0.009164488,-0.021925136,0.015345534,-1.671921,0.70518273,1.2291187
645661294,645661211,0.0052447743,-0.022721233,0.012005948,1.646356,-0.120763555,0.11994148
645665044,645664953,-0.013049641,-0.019169783,0.023254812,-2.5565622,1.1568584,2.0882785
645668777,645668687,-0.005469547,-0.023267094,0.01537819,-0.067895405,-0.7106025,-0.2922853
645672527,645672437,-0.013122054,-0.016156947,0.018386647,-0.5435578,0.9709864,0.022111256
645676292,645676210,-0.019091358,-0.026119033,0.019123504,-1.7769521,-1.1408855,0.3645096
645678777,645678687,-0.01728722,-0.013640125,0.01968382,-0.21561122,1.6280954,0.13763726
645682526,645682437,-0.021501204,-0.020811599,0.020562552,-1.29894,-0.47577888,0.44329232
645686278,645686188,-0.026733631,-0.012837743,0.022341067,-1.1233206,0.6970987,0.45116875
645690070,645689980,-0.032903895,-0.01938075,0.026940508,-1.6431782,-0.22892383,0.9105964
645693778,645693687,-0.024435492,-0.016188702,0.02292137,1.3100808,-0.112986624,-0.24189971
645696278,645696188,-0.038525343,-0.017401557,0.023843352,-1.8954425,0.08950842,0.059181187
645700068,645699979,-0.028350327,-0.013684157,0.022345064,1.3993913,-0.29918534,-0.21986036
645703778,645703687,-0.044552527,-0.011611703,0.023587177,-1.5772847,1.2451316,-0.025611233
645707520,645707437,-0.033828393,-0.020343313,0.023095837,0.4898436,-1.747144,-0.22589634
645711271,645711188,-0.034181725,-0.002583762,0.025270045,0.77659476,2.518778,0.45610937
645713777,645713687,-0.03185846,-0.018799415,0.024838008,0.4760996,-1.878763,0.20770937
645717527,645717438,-0.038129713,-0.0041977637,0.025962375,-0.25227505,1.9810563,0.1871141
645721301,645721211,-0.034958065,-0.02063325,0.024017463,-0.20162204,-1.6004002,-0.03698445
645725078,645724980,-0.018538637,-0.0030795548,0.027044265,2.9809191,1.6195078,0.27115196
645728778,645728688,-0.030462058,-0.0077106333,0.031361457,-1.0765642,0.7512024,0.89959186
645731278,645731188,-0.018254874,0.0008746057,0.028174968,1.6345572,1.5737324,-0.18004356
645735071,645734980,-0.025797285,-0.0066811517,0.026867177,-0.8032657,0.2870615,-0.032239366
645738776,645738687,-0.007942393,-0.0035443937,0.031439416,1.9162325,-0.13653712,0.7143578
645742530,645742437,-0.0056955,0.00901845,0.03886271,1.7639428,2.5027692,1.3697945
645746278,645746188,-0.0042826356,-0.00043932663,0.032374274,0.9319546,-0.8725327,-0.35746905
645748776,645748687,0.0031639487,0.008568774,0.032162078,2.1492941,1.3869207,-0.2011919
645752528,645752438,0.003975416,0.009566727,0.03439839,0.88811845,0.57350135,0.47947794
645756278,645756188,0.005945177,0.02127392,0.0381198,0.4762753,2.0302212,0.7074134
645760073,645759978,0.013026781,0.016229032,0.038642175,1.2853026,0.13298556,0.3944271
645763778,645763687,0.022287628,0.023254402,0.03989409,2.0026622,0.8867847,0.57805616
645766299,645766210,0.021908982,0.022992898,0.041942593,1.1916188,0.5619218,0.6726132
645770072,645769980,0.02789481,0.031065304,0.044444352,1.4355404,1.1636416,0.77182645
645773771,645773688,0.03701357,0.033949856,0.03749281,2.3943446,1.3036741,-0.8698466
645777526,645777437,0.039266825,0.03130823,0.042161893,0.93123144,-0.24605383,0.41753465
645781301,645781211,0.04850698,0.03961419,0.043941777,1.8385597,1.4931039,0.65834856
645783778,645783688,0.047024596,0.037310477,0.048476715,0.51134807,0.21865225,1.1318005
645787526,645787437,0.062461626,0.044159357,0.04604989,2.8294168,1.2221177,0.12855646
645791272,645791188,0.06124482,0.039948747,0.05027175,0.8414798,0.022688167,0.34933
645795071,645794980,0.07927479,0.0458285,0.05078739,3.0762973,0.74768156,0.73938364
645798777,645798687,0.081323296,0.055565625,0.056712728,2.3041067,2.3294191,0.9256321
645801279,645801188,0.09616817,0.057735626,0.06330712,3.862803,1.492906,1.9377576
645805070,645804980,0.09641165,0.06227255,0.07229661,2.2095394,1.786219,1.5615987
645808777,645808687,0.11420875,0.07016083,0.09364723,2.975952,1.9742827,4.5656824
645812532,645812437,0.14422226,0.09325286,0.11310581,6.797276,4.5808716,4.5304136
645816279,645816188,0.16537525,0.11612348,0.14729355,5.9889865,5.602983,7.6518345
645818777,645818687,0.19349,0.13603021,0.15875791,8.651956,6.7582545,6.1529007
645822526,645822437,0.22365317,0.1699533,0.18446071,8.269146,8.278543,7.1542435
645826291,645826210,0.29009604,0.21164098,0.19872493,14.503392,10.036252,5.023906
645830070,645829980,0.3470752,0.2643812,0.23538123,15.610346,13.022747,7.94778
645833778,645833687,0.4153388,0.31784227,0.26754668,16.222784,13.676587,8.331469
645836277,645836188,0.46780336,0.3614974,0.29272074,18.594877,15.498927,8.925582
645840072,645839980,0.56199396,0.4342661,0.3116046,22.442343,17.713562,6.693156
645843779,645843688,0.6577785,0.5068104,0.3379532,25.17477,19.447117,6.6957226
645847526,645847437,0.7621745,0.58579826,0.36331877,26.86211,20.480392,6.9828434
645851279,645851188,0.88153684,0.6691792,0.38514087,30.062494,21.88781,5.7607493
645853778,645853687,0.95187217,0.7291924,0.4006917,29.626545,22.994211,6.12624
645857520,645857438,1.0735497,0.81208456,0.43145365,31.577919,22.642078,7.4164405
645861270,645861188,1.2021123,0.9053625,0.46239963,33.47435,24.425867,7.8755155
645865066,645864978,1.3305262,0.9843526,0.4814597,34.379448,22.301712,6.1141095
645868776,645868687,1.4563354,1.0827727,0.50678426,33.85151,25.075134,6.3829546
645871302,645871211,1.5456663,1.1363909,0.5245531,34.20552,23.295324,6.7126303
645875081,645874983,1.6854756,1.2277131,0.56097835,36.019524,24.029758,8.344528
645878776,645878687,1.8055063,1.3027619,0.57961124,34.659824,21.981642,6.36942
645882528,645882437,1.9398088,1.3906461,0.6109406,35.009396,22.998104,7.196015
645886299,645886210,2.062418,1.4697217,0.6226056,33.204384,21.620245,4.66384
645888776,645888687,2.1576264,1.5189966,0.63657796,34.68263,20.992176,4.7179785
645892527,645892437,2.278803,1.5940007,0.64914614,35.664745,20.943594,4.3432755
645896280,645896187,2.38109,1.6498175,0.6791043,30.382174,17.323378,7.050417
645900071,645899980,2.5019794,1.7285635,0.6994787,31.073812,19.270838,5.854793
645903778,645903687,2.5972962,1.7820795,0.7218377,27.375956,16.050041,6.0492015
645906281,645906188,2.6681705,1.8212818,0.73002106,28.262495,16.036154,4.6540704
645910075,645909979,2.744361,1.8666657,0.75395924,22.549957,13.500684,5.790976
645913777,645913687,2.8324437,1.9046394,0.77250445,23.37885,11.986506,5.330323
645917527,645917437,2.9032514,1.9560224,0.7953944,20.609545,12.621443,6.219406
645921278,645921188,2.9794297,1.9699651,0.82583535,21.808685,7.2410636,7.902871
645923770,645923687,2.9904494,2.0008316,0.8425145,13.948391,9.871824,7.4129143
645927526,645927437,3.0526247,2.0240161,0.85718626,15.550645,6.69663,5.4107795
645931301,645931211,3.1178515,2.0447426,0.886286,17.537174,6.617415,6.876843
645935071,645934980,3.1406777,2.0604439,0.90388554,12.014658,4.709238,5.230014
645938777,645938687,3.1819983,2.0643299,0.9285834,10.9476385,2.7463663,5.8529243
645941274,645941188,3.2077713,2.0800881,0.92789847,10.774517,4.369303,3.2387052
645945070,645944980,3.2437527,2.0808845,0.95059115,10.567898,2.646595,5.1987333
645948777,645948687,3.28806,2.0778673,0.9636381,10.739783,0.44710657,4.023857
645952526,645952437,3.3128085,2.0717766,0.9731848,8.179184,-0.96564287,3.1580627
645956271,645956188,3.3653479,2.0741923,0.9809703,11.1208315,-0.6160094,2.7814686
645958776,645958687,3.3863308,2.0698464,0.99230146,10.217597,-0.9384053,3.478195
645962528,645962438,3.4250247,2.0467908,1.0076817,9.210161,-4.1664796,4.171399
645966278,645966188,3.472629,2.0430975,1.0077151,10.7830305,-3.3211849,1.7344447
645970069,645969979,3.5303712,2.023209,1.0179743,13.546728,-4.5083885,2.7294343
645973770,645973687,3.5665028,2.0136793,1.029635,11.549815,-3.4060767,2.8070097
645976292,645976210,3.6029344,1.991948,1.0362017,12.86478,-5.9584928,2.7608817
645980074,645979979,3.6518424,1.9763567,1.0435511,12.969569,-4.7320466,2.2964103
645983778,645983688,3.7122173,1.9397095,1.0497074,14.854939,-8.405421,1.9646474
645987526,645987437,3.7671337,1.9245701,1.0616744,15.186803,-5.41352,2.1968925
645991301,645991211,3.8159823,1.8915315,1.0579944,14.323235,-7.7327805,0.041937444
645993777,645993687,3.8638463,1.866961,1.0620584,17.023445,-8.784773,0.8584265
645997526,645997437,3.916657,1.8389068,1.0760965,15.083474,-8.072879,2.5541892
646001284,646001189,3.9769225,1.7969606,1.0829513,16.082058,-10.230915,2.147917
646005070,646004980,4.0478797,1.7656822,1.08526,17.317091,-9.395571,1.1180488
646008779,646008687,4.09626,1.7298616,1.0833781,15.172539,-9.774574,0.20921926
646011270,646011187,4.1506705,1.7028053,1.0907377,18.427603,-10.217042,1.3304182
646015067,646014979,4.2107854,1.6573051,1.092367,16.803062,-11.022944,0.59319556
646018776,646018687,4.2806745,1.6201738,1.0963193,17.885489,-10.517974,1.0948505
646022528,646022438,4.353246,1.5714462,1.1032176,18.539894,-12.244874,1.446273
646026270,646026188,4.414297,1.5374993,1.1040635,17.87865,-10.399584,0.7069011
646028777,646028687,4.459921,1.5016427,1.1080321,18.082218,-12.317159,0.95374244
646032530,646032437,4.529304,1.4521939,1.1085407,18.101501,-12.583315,0.60643166
646036300,646036210,4.601499,1.4121797,1.1210642,18.590595,-11.863442,2.1773403
646040074,646039983,4.6695895,1.3628634,1.1192467,18.721212,-12.181163,0.7658832
646043778,646043687,4.734609,1.3221122,1.1265416,18.23603,-12.020281,1.4492389
646046278,646046188,4.7834487,1.2840873,1.1330168,18.816925,-13.487701,1.8895532
646050070,646049980,4.8496637,1.2390333,1.1438155,17.96086,-12.495512,2.388409
646053778,646053687,4.915596,1.1980428,1.14664,17.50849,-11.357798,1.2052755
646057526,646057437,4.9881535,1.1469036,1.153013,19.423458,-13.425126,1.839538
646061279,646061188,5.0493627,1.0951456,1.1616238,16.928812,-13.344239,1.9714594
646063781,646063687,5.0954413,1.0697415,1.1658745,17.82324,-11.97092,1.8046404
646067527,646067437,5.160541,1.0223852,1.1694391,17.114428,-12.2748165,1.2804433
646071279,646071188,5.225052,0.9772877,1.1758391,17.295362,-12.287749,1.4703345
646075076,646074979,5.295623,0.92787635,1.190066,18.292244,-12.887812,3.0574777
646078776,646078687,5.346088,0.8838688,1.1909051,15.674133,-12.530367,1.2487137
646081301,646081211,5.391582,0.8575513,1.191214,16.883318,-11.639957,0.8392273
646085070,646084980,5.4521265,0.8131061,1.1961886,16.035393,-11.8135605,1.002386
646088776,646088687,5.51147,0.7703591,1.1951805,15.913081,-11.78666,0.21361893
646092527,646092437,5.569483,0.72432077,1.2041478,16.403322,-12.178772,1.4639202
646096299,646096210,5.619929,0.6888164,1.2104028,14.551415,-10.32531,1.706963
646098780,646098687,5.6578193,0.6705512,1.2155194,14.791316,-8.985855,2.0443947
646102527,646102437,5.7081933,0.62316614,1.2190013,13.632564,-11.130877,1.3398969
646106272,646106188,5.755812,0.5811781,1.2206283,13.337774,-11.671444,0.907727
646110078,646109980,5.810056,0.55051804,1.2263252,14.097643,-9.384079,1.0564425
646113777,646113687,5.8484945,0.5272431,1.2315509,11.949012,-7.651814,1.3756125
646116277,646116188,5.876341,0.5011912,1.236121,11.673156,-8.964871,1.589105
646120068,646119979,5.9169,0.45879275,1.2385815,11.216688,-10.568801,0.9976487
646123778,646123687,5.9569488,0.43831208,1.2485548,10.987615,-7.6444798,1.9771959
646127528,646127437,5.9873395,0.42517418,1.2534375,9.691153,-4.863116,1.4536383
646131278,646131188,6.017059,0.39135772,1.2587832,8.366301,-7.0878844,1.3624369
646133779,646133688,6.038931,0.36991122,1.259873,8.418281,-7.803155,0.7532903
646137526,646137437,6.0628304,0.3518044,1.2672424,7.2118115,-5.626006,1.3996212
646141307,646141212,6.093466,0.33839515,1.2704966,7.50955,-4.1809406,0.9291701
646145078,646144980,6.1081142,0.32171348,1.2762765,5.8417387,-4.4385643,1.2852374
646148777,646148687,6.127322,0.29805192,1.2858541,5.2721243,-5.564594,1.958193
646151280,646151190,6.14754,0.29667348,1.2907164,6.7783422,-2.8506165,1.9154366
646155070,646154980,6.122693,0.33992618,1.3693047,-0.8919842,5.3579917,14.303978
646158777,646158687,6.2989526,-0.07871273,1.4593076,32.4205,-69.65776,22.42587
646162526,646162437,6.7198486,-0.23983324,1.9082953,93.117516,-43.54972,80.64876
646166278,646166188,6.1946564,0.8826376,2.0457826,-101.23566,133.21742,89.053345
646168777,646168687,6.220081,0.91783357,3.2217846,-24.903923,86.80843,263.84393
646172521,646172438,7.8436427,1.5520158,3.4634805,247.47513,118.08574,113.617065
646176270,646176187,8.119067,1.1755635,2.8571615,133.70882,-3.5940583,-24.462933
646180069,646179979,7.883872,0.8217802,2.7497675,12.001408,-75.46717,-38.79137
646183778,646183687,7.756394,0.34775642,2.7954278,-2.4014153,-102.51649,-3.422587
646186299,646186210,7.408198,0.2980714,2.7783942,-67.1122,-65.94118,-7.859836
646190077,646189979,7.3905635,0.6724459,2.9248538,-45.470078,51.095104,18.064278
646193778,646193687,6.9131646,0.7201492,2.851788,-97.55371,22.724083,-5.967132
646197526,646197437,6.749972,0.13763557,2.3509886,-70.05856,-88.88943,-80.797966
646201302,646201211,6.097543,-0.725319,1.9593352,-137.03316,-171.65881,-96.071
646203778,646203687,5.7270093,-1.2558122,1.6373146,-146.48517,-188.75337,-108.581
646207527,646207437,4.987031,-1.7214891,1.3457446,-177.64879,-155.2327,-92.43376
646211282,646211188,4.3122716,-1.9336282,1.0299608,-173.23694,-90.978806,-88.05348
646215070,646214980,3.801845,-1.9323035,0.7972547,-152.06598,-31.919712,-70.91228
646218777,646218687,3.4321046,-2.2833633,0.8900657,-118.23882,-76.85735,-12.459033
646221278,646221188,3.5313337,-2.5310502,0.9868582,-42.5992,-84.929634,13.096884
646225074,646224978,3.7515602,-2.433133,1.2835029,20.632814,-8.435809,51.68687
646228781,646228690,3.9289777,-1.908008,1.410964,37.737114,82.03257,40.48933
646232528,646232438,4.1428823,-1.6205947,1.5297599,54.58132,72.57966,35.327747
646236277,646236188,4.7681737,-1.5068017,1.7479824,122.28697,48.452,46.63006
646238769,646238687,4.993688,-1.3862648,1.8470975,108.60275,50.521164,44.73633
646242526,646242437,5.3356233,-1.0519942,1.841273,100.32413,74.31885,16.093407
646246299,646246210,5.6245627,-0.842809,1.8448317,85.56464,62.458744,7.1070805
646250072,646249980,6.0259504,-0.6058468,1.853643,98.7131,62.774906,6.185929
646253779,646253688,6.29961,-0.36864987,1.8799573,79.08554,64.87382,5.3072596
646256271,646256188,6.4261327,-0.27015877,1.915344,68.7995,53.170036,10.4616165
646260071,646259980,6.318466,-0.13080971,1.98321,9.506884,44.718735,14.380606
646263778,646263687,6.393201,0.020607201,2.042282,17.45367,40.716095,14.11874
646267526,646267437,6.418366,0.19167915,2.1118975,13.02376,44.99288,14.445025
646271282,646271188,6.544686,0.22008601,2.1385105,22.444046,18.615187,11.385719
646273778,646273687,6.546217,0.30254543,2.212606,13.078905,26.655287,20.094963
646277527,646277438,6.5155754,0.4448084,2.3946416,2.5321794,32.771614,37.939407
646281278,646281188,6.614013,0.6328006,2.5112329,16.501835,42.795944,36.25414
646285066,646284978,6.7064657,0.68354076,2.6696622,23.509487,22.454086,40.18483
646288768,646288687,6.9261627,0.63750935,2.8877113,45.511303,3.4458084,51.909954
646291293,646291210,6.991744,0.6321546,2.9666605,34.8463,-0.29498652,42.545452
646295077,646294980,6.879379,0.48168877,2.9600456,-4.188579,-24.03411,12.398025
646298777,646298687,6.8849716,0.41740435,2.8744574,0.21645544,-17.609383,-7.9181213
646302526,646302437,6.961495,0.46617866,2.7370265,14.159295,0.2080576,-26.45542
646306302,646306210,7.0650163,0.37601882,2.5916083,20.548557,-17.156256,-33.49051
646308779,646308687,7.0155697,0.23760803,2.5220294,1.6406367,-35.71126,-31.659796
646312526,646312437,7.0156646,0.07989479,2.3235621,2.7170062,-39.020824,-46.44157
646316279,646316187,7.0582714,-0.09197201,2.1102426,8.363259,-42.924717,-52.325104
646320070,646319980,7.0977144,-0.23682623,1.8560505,9.695769,-40.06931,-62.235504
646323777,646323687,7.1111307,-0.2821965,1.6322579,5.799253,-22.263039,-61.50935
646326271,646326188,7.1504126,-0.26708063,1.4810382,10.752698,-9.153814,-61.16379
646330067,646329978,7.210147,-0.2503377,1.2661026,13.19611,-0.62802863,-58.302612
646333778,646333687,7.2467513,-0.2118867,1.1507891,10.934338,5.3812327,-40.908527
646337531,646337437,7.287422,-0.23735666,1.1162851,10.832853,-2.5558696,-20.442268
646341270,646341188,7.3476524,-0.27455786,1.1201004,15.18812,-6.938299,-7.404579
646343779,646343688,7.408846,-0.2846066,1.1371763,19.34787,-5.399918,-0.61923826
646347526,646347437,7.5110106,-0.2466486,1.2193823,24.778759,4.678148,13.344425
646351301,646351211,7.618941,-0.11745254,1.318773,26.836782,23.359808,20.927137
646355071,646354979,7.694304,-0.03307798,1.3970437,21.839458,21.981392,20.513016
646358778,646358687,7.7099514,-0.006395448,1.484495,10.584833,13.039362,23.962217
646361283,646361188,7.6959357,-0.0021354351,1.5713534,3.3373842,7.7045627,28.687944
646365070,646364980,7.679562,0.03093467,1.6748016,-1.0490593,8.791957,27.349195
646368777,646368687,7.6478453,0.06401184,1.7412281,-5.8365235,8.90434,21.028625
646372520,646372437,7.618283,0.13764328,1.7762097,-7.3157973,15.941607,14.198674
646376271,646376188,7.562681,0.18473455,1.8033231,-12.449989,13.784119,9.556125
646378776,646378687,7.500851,0.20260508,1.8089381,-18.494087,10.601118,6.0699573
646382528,646382438,7.348311,0.2015235,1.780383,-32.524864,4.1274605,-2.34593
646386278,646386188,7.1615014,0.1951945,1.7471702,-43.53483,0.1819659,-6.360225
646390074,646389978,6.9457417,0.16661899,1.6739427,-51.541656,-4.041983,-15.184336
646393778,646393687,6.7280717,0.14141102,1.5577077,-57.13662,-5.8342605,-25.394056
646396300,646396210,6.576618,0.13715264,1.4945883,-58.59394,-3.7184334,-25.373693
646400071,646399980,6.3982396,0.13257276,1.3858459,-51.12763,-2.2976997,-27.166502
646403777,646403687,6.273604,0.071424626,1.3421162,-39.21885,-11.169442,-17.742792
646407528,646407437,6.250445,0.010206504,1.2986002,-18.621714,-14.443742,-14.302478
646411302,646411211,6.307648,-0.018985279,1.2399976,2.1579387,-10.020192,-15.008329
646413777,646413687,6.4031715,-0.019777691,1.2450637,19.899733,-5.427301,-6.702452
646417527,646417437,6.6116962,-0.022014849,1.2915518,40.896603,-2.0315711,5.8516593
646421279,646421188,6.817976,0.059429534,1.4042362,49.12846,13.263826,19.927118
646425078,646424980,6.9320135,0.17779352,1.4663732,37.602993,23.655153,17.51626
646428777,646428687,7.080696,0.12180636,1.5225862,39.56574,-1.9721195,16.630388
646431279,646431188,7.1562166,0.06251959,1.6014365,34.71777,-11.314326,23.749163
646435068,646434979,7.158124,-0.010502776,1.7162868,12.983069,-17.931484,28.413937
646438769,646438687,7.1089807,-0.09478712,1.8465769,-3.1146836,-21.18995,32.58008
646442527,646442437,6.9362626,-0.18246756,1.9897588,-31.122461,-20.132013,36.462296
646446278,646446188,6.66574,-0.14403073,2.0974345,-58.81325,-0.32417735,31.45961
646448776,646448687,6.3865395,-0.092624374,2.1196375,-82.911476,8.49028,20.596056
646452529,646452438,5.895884,-0.17060857,2.1262,-114.000404,-11.134687,8.727029
646456300,646456210,5.425577,-0.32539025,2.1029823,-119.46752,-28.591208,-0.29662883
646460066,646459977,5.121237,-0.44335625,2.062717,-97.417534,-29.918648,-5.8733697
646463778,646463687,4.961934,-0.47983733,2.0564117,-64.165794,-16.732689,-2.8191416
646466276,646466187,4.8439527,-0.40949705,2.069127,-55.81746,4.301719,0.87065953
646470070,646469980,4.701299,-0.22414874,2.0900946,-46.126274,33.602543,3.619273
646473778,646473687,4.5916142,-0.04548397,2.1027982,-35.78644,41.67835,3.339486
646477527,646477437,4.5313563,0.053391326,2.0840297,-24.17282,31.86534,-2.163373
646481275,646481187,4.468449,0.16761804,2.0325184,-19.00177,30.937004,-9.293432
646483778,646483687,4.493615,0.2625457,2.0041022,-5.194432,34.44737,-9.938876
646487525,646487437,4.543887,0.41997963,1.9943335,5.189045,38.554867,-5.2937346
646491272,646491189,4.568625,0.48624912,2.0403616,5.714043,25.65187,6.099421
646495069,646494979,4.4284296,0.52093744,2.1216373,-22.289946,15.163628,15.443744
646498777,646498687,4.2681136,0.5185225,2.140933,-35.464027,5.4873085,8.584956
646501300,646501210,4.1066775,0.5058835,2.1141908,-49.03095,0.92028624,-0.95581335
646505067,646504977,3.862337,0.47110614,2.0480773,-58.60244,-5.888986,-10.710183
646508776,646508687,3.66609,0.4518582,2.0031948,-56.35449,-6.0058947,-11.054555
646512529,646512438,3.5805445,0.38342795,1.9641563,-34.831684,-13.854879,-10.221477
646516300,646516210,3.5542214,0.26945335,1.9319861,-16.963627,-23.421747,-9.408644
646518777,646518687,3.5409076,0.21282503,1.9082034,-11.185039,-23.105259,-9.217863
646522527,646522437,3.5545442,0.15238555,1.8609154,-2.6583555,-19.517212,-12.467735
646526268,646526186,3.4289591,0.1125264,1.7499031,-24.428032,-11.899714,-24.627275
646530070,646529980,3.288581,0.1162692,1.6728433,-29.19906,-5.974706,-20.782574
646533779,646533688,3.2361023,-0.04215552,1.6577381,-18.355642,-27.698784,-10.410527
646536278,646536188,3.3780122,-0.14583091,1.6652057,17.138067,-34.47247,-4.804964
646540075,646539978,3.6953533,-0.2777273,1.6179832,58.668068,-33.64805,-9.615112
646543777,646543687,3.8880045,-0.43027171,1.4926608,53.667812,-38.503407,-25.874723
646547525,646547436,3.901505,-0.491003,1.413134,19.55252,-25.632572,-22.218588
646551279,646551188,3.8043554,-0.62236965,1.3834494,-6.2927895,-33.38045,-10.830218
646553777,646553687,3.7584312,-0.832892,1.4310895,-11.86854,-57.014954,2.7831151
646557528,646557438,3.730554,-1.1048927,1.5159618,-9.52958,-67.407394,14.366056
646561300,646561210,3.8155007,-1.2617031,1.5076036,10.507676,-50.551872,4.4761205
646565067,646564978,3.9558804,-1.3624009,1.4197531,28.148949,-35.2358,-12.083115
646568776,646568687,4.0172176,-1.3854517,1.3819093,19.221857,-15.974478,-11.849921
646571267,646571186,4.0166306,-1.3496418,1.3662771,10.011196,-2.1528533,-8.973246
646575080,646574981,3.874238,-1.2328284,1.3920428,-19.497942,18.75358,1.13523
646578776,646578687,3.660644,-1.0883434,1.4614891,-43.469303,32.20897,11.2021475
646582527,646582437,3.4779077,-0.92201954,1.5294136,-46.659744,39.393887,14.933334
646586278,646586187,3.368659,-0.73431116,1.4903417,-35.427505,45.365974,-0.0069291755
646588776,646588687,3.290646,-0.6117941,1.4448129,-34.02512,48.801266,-9.076839
646592527,646592438,3.2129467,-0.38765913,1.3793151,-27.497381,54.95659,-13.485992
646596282,646596188,3.1591997,-0.102125995,1.3441015,-17.81985,67.9739,-9.87917
646600070,646599979,3.0942156,0.18711668,1.3282088,-16.5565,74.42753,-6.9565563
646603778,646603687,3.0574563,0.42882156,1.2798278,-13.91116,66.92197,-11.479695
646606302,646606210,2.9962459,0.5536164,1.2026968,-18.858109,58.942486,-20.443712
646610068,646609979,2.9284303,0.6633501,1.0871445,-18.982578,41.318977,-28.80116
646613777,646613686,2.9303133,0.7450088,0.929407,-6.289893,29.440071,-36.420185
646617529,646617438,2.9281712,0.8234118,0.7362758,-2.6105385,25.5251,-43.876366
646621301,646621210,2.894985,0.8947507,0.58004904,-7.83583,19.991837,-43.594498
646623779,646623688,2.8318639,0.9204306,0.4943993,-16.105204,15.915015,-40.364216
646627526,646627437,2.6462603,0.8748237,0.2924542,-38.922207,-1.5155025,-48.78748
646631274,646631187,2.4016266,0.7942876,0.094078876,-55.697052,-14.934886,-51.834892
646635072,646634980,2.09341,0.6589393,-0.12049678,-70.07446,-28.603392,-54.300476
646638777,646638687,1.7545496,0.5242531,-0.31839806,-85.628296,-33.394997,-54.98909
646641277,646641188,1.49823,0.42068723,-0.43622372,-93.6264,-37.172394,-51.584324
646645071,646644980,1.1189904,0.2747451,-0.66319335,-97.80087,-38.536335,-57.334835
646648776,646648687,0.7785186,0.15473709,-0.907735,-91.49822,-34.479248,-62.383236
646652528,646652438,0.49044773,0.08911766,-1.1456375,-83.10401,-22.670881,-62.248447
646656271,646656188,0.26134914,0.026230507,-1.3262105,-72.389915,-18.885065,-54.003754
646658776,646658687,0.110267624,0.022662714,-1.4375867,-66.50308,-11.32736,-49.90507
646662531,646662438,-0.13454063,0.015754646,-1.5688066,-65.58114,-3.9504204,-40.441475
646666301,646666211,-0.31135365,0.014456838,-1.6824263,-54.347797,-2.0826216,-32.600243
646670066,646669978,-0.44670257,0.017322302,-1.7495885,-42.537018,-1.3965707,-23.845451
646673778,646673687,-0.54047775,0.008355601,-1.7749004,-33.0815,-0.91161704,-15.323913
646676276,646676187,-0.6268683,0.019717472,-1.7665102,-33.780823,1.2646024,-5.3628206
646680073,646679980,-0.75195897,0.04779536,-1.7026603,-34.164917,5.9598794,7.676251
646683777,646683687,-0.8968118,0.04804092,-1.5633307,-35.476902,1.6301783,25.052174
646687519,646687437,-1.0545838,0.050775126,-1.3698939,-41.094364,-0.10452176,43.355347
646691267,646691187,-1.1650586,0.010702873,-1.1318368,-35.437893,-5.3261075,56.812477
646693778,646693688,-1.2727907,-0.029782305,-0.9530609,-38.167755,-10.8706045,63.419018
646697525,646697437,-1.3971461,-0.091379866,-0.67322606,-37.40278,-13.358397,69.43721
646701279,646701188,-1.5251292,-0.1307146,-0.47426474,-33.80363,-12.18278,59.666374
646705077,646704980,-1.6936333,-0.14666368,-0.30210957,-42.048588,-6.498175,51.76145
646708777,646708687,-1.7971935,-0.187549,-0.108019926,-33.62451,-9.963329,53.01055
646711301,646711211,-1.9100395,-0.18029165,0.032243468,-38.699642,-3.6633775,54.346336
646715069,646714979,-1.9693013,-0.11498415,0.21084827,-23.824165,8.917008,50.631996
646718776,646718687,-2.0274115,-0.08855739,0.35227904,-18.78799,8.372678,42.575867
646722528,646722438,-2.0285287,-0.055354472,0.46227962,-8.15833,8.507164,34.355114
646726302,646726211,-2.0126452,-0.062025353,0.5615343,0.59891856,0.6979414,29.10697
646728777,646728687,-2.00563,-0.076879635,0.61410713,1.5096351,-2.2684944,25.622293
646732527,646732437,-2.0175982,-0.11414846,0.6799461,-0.6723589,-6.842869,21.154245
646736274,646736186,-2.0354736,-0.17131378,0.75250083,-3.2976553,-12.724942,19.172138
646740078,646739980,-2.0653827,-0.20593496,0.8347214,-5.7780294,-10.620096,20.277004
646743778,646743687,-2.075782,-0.22744721,0.914604,-4.2275443,-7.6985693,21.28108
646746277,646746188,-2.0722337,-0.23939794,0.9584679,-1.4833943,-6.07893,19.82938
646750071,646749980,-2.0391188,-0.2557164,1.0370545,4.9383287,-5.6157465,19.986174
646753771,646753688,-2.0057628,-0.2524374,1.0963945,7.5302777,-1.5942272,17.330954
646757525,646757437,-1.9701934,-0.23321025,1.133337,8.104707,2.7114127,13.20904
646761281,646761191,-1.9555169,-0.2172266,1.1487633,5.1855516,4.0103216,7.073108
646763777,646763687,-1.9658123,-0.20430501,1.1478733,1.2600461,4.459234,3.5840678
646767528,646767438,-1.9472073,-0.16060178,1.1350421,3.1523135,9.249276,-0.45421568
646771301,646771211,-1.9207052,-0.106832705,1.1060227,4.8256025,12.285489,-4.7403994
646775066,646774978,-1.900506,-0.07918614,1.0769911,5.0939956,9.222955,-6.8717666
646778777,646778687,-1.8688384,-0.062326003,1.0575668,7.49935,6.0188475,-6.423154
646781276,646781187,-1.8519607,-0.061979167,1.0472192,7.2547827,3.310514,-5.2585616
646785071,646784980,-1.8500483,-0.07836061,0.9987462,2.374242,-1.2726378,-10.08738
646788777,646788687,-1.8654084,-0.08968581,0.95467585,-1.2923443,-2.6196842,-11.6661
646792528,646792438,-1.8799343,-0.099347815,0.9035072,-3.277215,-2.6002078,-12.608743
646796276,646796187,-1.8647429,-0.10008193,0.86045057,0.76864636,-1.072262,-11.765551
646798776,646798687,-1.8632249,-0.08901305,0.83860743,0.9376992,1.6468871,-10.481678
646802527,646802438,-1.8525467,-0.07321819,0.80857354,1.8810146,3.2339149,-8.993061
646806272,646806188,-1.864427,-0.052468788,0.7757495,-1.514147,4.610184,-8.96977
646810070,646809979,-1.864705,-0.026694657,0.7354793,-1.3073615,5.8568788,-9.954882
646813778,646813687,-1.857381,0.00067935546,0.69841355,0.54060245,6.7162404,-10.348827
646816301,646816210,-1.862205,0.019272044,0.67767966,-0.5786578,7.2230387,-9.292823
646820069,646819979,-1.8493056,0.04895538,0.63811356,2.0835323,7.484197,-9.773552
646823780,646823687,-1.8389364,0.055149343,0.6097989,2.850328,3.3903408,-8.998462
646827527,646827438,-1.8211604,0.04302136,0.5949935,3.6995919,-0.9850511,-6.3462033
646831301,646831211,-1.793403,0.036876254,0.5790637,5.61777,-1.2529912,-4.780229
646833778,646833687,-1.7666252,0.027529186,0.55565745,8.111554,-2.143904,-6.757267
646837519,646837437,-1.7252434,0.013603421,0.5380711,10.737568,-3.8924303,-6.2412653
646841268,646841187,-1.6836746,0.002921952,0.52502906,11.128742,-3.312736,-4.252122
646845072,646844982,-1.6271242,-0.0067275115,0.5103319,13.052239,-2.5713282,-3.6118875
646848777,646848687,-1.5717801,-0.013332853,0.49573722,13.703736,-2.060692,-4.0595226
646851278,646851188,-1.5337089,-0.010587266,0.49422082,14.374268,-0.6606301,-2.625063
646855078,646854980,-1.4732479,-0.008571902,0.47320843,15.860745,0.44607875,-3.967722
646858777,646858687,-1.4039235,-0.0068281707,0.44798297,18.262438,0.6829142,-5.8422027
646862526,646862437,-1.335254,0.004696314,0.4305599,18.486946,2.0270112,-5.557762
646866278,646866188,-1.2616057,0.020082368,0.41354942,18.875181,2.8757508,-4.945505
646868776,646868687,-1.1996878,0.021085104,0.39410582,21.484568,1.6702058,-6.1764235
646872529,646872438,-1.1191146,0.014684042,0.3653765,22.421127,-0.2587171,-7.753826
646876302,646876211,-1.0387006,0.0061820047,0.3333529,22.160376,-1.178874,-7.721347
646880069,646879979,-0.96537256,-0.0042000483,0.30461085,20.388767,-2.1235762,-7.135701
646883778,646883687,-0.88773686,-0.02078502,0.27907947,21.202215,-3.8070729,-7.5854216
646886268,646886187,-0.8401761,-0.030897599,0.26833317,20.593668,-4.0179524,-6.2194037
646890078,646889980,-0.74408036,-0.04206832,0.23199275,22.82075,-3.2209175,-8.1998
646893778,646893688,-0.6797827,-0.043986686,0.22353546,20.187986,-1.702162,-4.9365773
646897527,646897437,-0.6086414,-0.058675177,0.22359541,19.071276,-2.1951408,-1.6862813
646901275,646901186,-0.51881504,-0.06689758,0.20806202,22.606873,-2.3406126,-2.8355598
646903771,646903687,-0.47746637,-0.055783767,0.20275785,20.226068,0.9487681,-2.6931956
646907525,646907436,-0.399824,-0.057407748,0.19249125,20.123695,-0.29761243,-2.6321142
646911278,646911188,-0.34711778,-0.05033919,0.19264844,17.529114,-0.009172581,-1.3388811
646915070,646914980,-0.29560712,-0.04236494,0.19660167,14.956346,2.1881282,0.063731626
646918777,646918687,-0.22678292,-0.04625731,0.1850524,16.480148,0.43536407,-1.5809736
646921300,646921211,-0.1969613,-0.033868372,0.18726052,14.695814,2.4212434,-0.59302986
646925067,646924978,-0.16329136,-0.046622247,0.17807484,11.141338,-0.9940779,-1.6392232
646928776,646928687,-0.13250351,-0.057443168,0.16924827,9.676002,-3.164877,-2.5135179
646932528,646932438,-0.098342754,-0.051942017,0.15886909,8.6932535,0.35740012,-2.7191277
646936301,646936211,-0.063829616,-0.055342786,0.13621084,8.315165,-0.32615614,-4.6434665
646938777,646938687,-0.064324476,-0.052923147,0.13377763,4.8817415,0.120437995,-3.1260388
646942528,646942437,-0.026074314,-0.073577754,0.1113953,7.8504343,-2.576767,-4.7515497
646946276,646946187,0.007005134,-0.0667006,0.08336364,8.71639,-0.17885447,-6.4435434
646950071,646949979,0.016426513,-0.049462494,0.06387028,3.9076407,2.8803232,-5.7379293
646953771,646953688,0.04711943,-0.06139285,0.045998655,6.8267226,-1.0115732,-5.4409385
646956271,646956188,0.055193197,-0.0501846,0.027253518,5.3068366,1.5610198,-6.314785
646960071,646959979,0.09367808,-0.029656023,-0.0032378435,8.651252,4.2010646,-7.4048805
646963778,646963687,0.098922856,-0.012984168,-0.018265482,4.3441057,4.1719637,-4.872956
646967525,646967437,0.12512897,-0.025081478,-0.033384316,4.7027464,0.31861618,-4.8302226
646971273,646971188,0.1718891,-0.020541027,-0.056563895,10.599888,0.8879486,-5.7606215
646973777,646973687,0.2065085,-0.011866907,-0.07899109,11.955298,1.8533645,-7.2043695
646977528,646977438,0.24084651,-0.009827696,-0.086627185,11.023143,0.37271768,-3.822793
646981301,646981211,0.26210374,-0.017421419,-0.08834137,7.4761596,-0.42521295,-1.8382496
646985067,646984978,0.33382803,-0.016716208,-0.09871334,13.9194975,0.6418933,-2.7153873
646988776,646988687,0.37393257,-0.0054561524,-0.11117517,11.997726,2.1453276,-2.7627938
646991267,646991187,0.4180037,-0.017661685,-0.10468802,14.745763,-1.3228652,-0.25348994
646995070,646994980,0.45655861,-0.024433792,-0.09901996,12.826978,-1.6974968,0.78645426
646998777,646998687,0.5217122,-0.00674171,-0.10263653,15.516633,2.0975087,-0.75460917
647002527,647002437,0.5739213,-0.0033106625,-0.10349699,15.059088,0.8270408,-0.07204963
647006270,647006187,0.62461746,-0.014295703,-0.08774138,13.661592,-1.1198623,2.287811
647008777,647008687,0.65443075,-0.0034881232,-0.08570797,13.1478405,1.7494977,1.7321767
647012527,647012437,0.7184298,0.010710325,-0.092343,15.120494,2.3321843,-0.30044186
647016278,647016188,0.7691036,-0.0081235785,-0.08596833,14.581636,-2.109634,1.0633092
647020071,647019980,0.8076613,-0.000105347586,-0.096314274,11.514446,0.7412411,-1.7297966
647023779,647023687,0.8635665,0.013411766,-0.10085367,14.030196,2.1845756,-1.2050587
647026301,647026211,0.89152247,0.0013755312,-0.100979656,12.48418,-1.228488,-0.8061178
647030069,647029980,0.92960644,-0.006787473,-0.11092647,11.185096,-0.76667035,-2.0930452
647033777,647033687,0.956464,0.010608738,-0.13476974,8.192019,2.4709287,-4.7403564
647037528,647037438,0.9854658,-0.0055619413,-0.14252974,8.075633,-1.8878808,-3.03344
647041294,647041211,0.9993877,-0.009957951,-0.15673329,5.1037884,-1.0517261,-3.9075973
647043779,647043688,1.0054504,0.01585759,-0.17740461,3.8095012,4.169374,-6.056341
647047527,647047437,1.02594,0.008937154,-0.1874039,4.510296,-0.21862057,-3.5974286
647051275,647051186,1.0371186,0.0016976114,-0.2015859,4.0240865,-0.1480186,-3.949077
647055078,647054980,1.0402968,0.02764396,-0.2319,2.054156,3.8293285,-6.1953964
647058777,647058687,1.0437076,0.012680851,-0.23636745,1.7984163,-1.1568061,-2.7474058
647061281,647061188,1.0252725,0.0036975075,-0.24854055,-2.4980505,-2.172673,-3.9997346
647065071,647064980,1.0153658,0.033476673,-0.28268024,-2.0618532,3.8141043,-6.766361
647068777,647068687,0.9932878,0.019659651,-0.2830126,-4.5470853,-1.8254484,-2.9196148
647072519,647072437,0.9751745,0.018440804,-0.3004511,-4.842762,0.019927233,-4.131811
647076278,647076188,0.9474164,0.03449548,-0.32498774,-6.4890094,2.4048598,-5.3323903
647078776,647078687,0.9470198,0.027145695,-0.33339214,-3.667324,-0.07369301,-4.321154
647082529,647082438,0.91194826,0.020195011,-0.347132,-7.5832815,-0.9734045,-4.2680993
647086300,647086210,0.8959761,0.041428957,-0.36841208,-5.3749146,2.7647648,-5.1156564
647090068,647089979,0.8687031,0.027456528,-0.37693772,-7.4475956,-1.3315302,-3.8850338
647093778,647093687,0.8487027,0.042146396,-0.39524922,-5.936441,1.9747896,-4.5480967
647096275,647096186,0.82342726,0.04705527,-0.40538457,-7.814579,1.9275293,-4.377164
647100072,647099980,0.80775493,0.046589043,-0.41436934,-5.5335283,1.044881,-3.0601265
647103778,647103688,0.7777473,0.056167245,-0.4340327,-6.764033,1.8895434,-4.7411933
647107528,647107437,0.7731278,0.062318526,-0.44453308,-3.1518614,1.2254975,-2.9990056
647111276,647111187,0.7372871,0.05399553,-0.44249195,-6.951695,-0.67792773,-1.4829514
647113777,647113687,0.73020643,0.07578895,-0.45677128,-5.041496,3.6297123,-3.3540306
647117524,647117436,0.72010595,0.06762902,-0.46107602,-3.708844,-0.19637246,-1.543548
647121270,647121188,0.70796204,0.07473379,-0.4560865,-3.005029,1.5919582,0.3940091
647125071,647124980,0.68405885,0.085165344,-0.45859495,-4.8934636,2.3686812,-0.13369326
647128777,647128687,0.69650745,0.07886021,-0.4480918,-0.10191448,-0.36872485,2.0444393
647131301,647131211,0.67774963,0.07664442,-0.44631535,-3.4743314,-0.45479792,1.3732297
647135066,647134978,0.67736596,0.09826296,-0.43638772,-1.0852649,2.9469492,2.622813
647138776,647138687,0.66225654,0.08124654,-0.41002464,-3.1288283,-1.778659,5.352255
647142529,647142438,0.6640987,0.09009967,-0.39677152,-1.1562562,1.406974,4.564621
647146301,647146211,0.65428436,0.10101018,-0.38164303,-1.0762424,2.0214589,4.348266
647148776,647148687,0.65014225,0.08656972,-0.36223534,-1.3041463,-1.6823478,6.1848526
647152520,647152437,0.6368994,0.076653264,-0.32709172,-2.8632727,-1.7919801,7.8845067
647156269,647156187,0.6385574,0.102258705,-0.31165227,-0.4728001,2.8626442,5.954397
647160072,647159980,0.6255698,0.073655285,-0.27814686,-2.6353211,-3.831164,7.8559275
647163778,647163687,0.6139522,0.07600146,-0.24056281,-3.1212292,-0.74734306,8.8770275
647166278,647166188,0.5969785,0.0872771,-0.23170984,-4.819765,1.7640481,6.6198473
647170077,647169980,0.59387606,0.06556837,-0.19522554,-2.2549977,-3.5310285,9.010655
647173778,647173687,0.55408156,0.057055235,-0.16707084,-7.2663364,-2.0359323,8.0570545
647177525,647177437,0.5460524,0.07174389,-0.14056456,-4.203916,0.7411292,7.810028
647181278,647181188,0.5273298,0.044362664,-0.1021418,-4.7590475,-4.186334,9.389203
647183778,647183687,0.51346564,0.043719664,-0.085290805,-5.310542,-2.2234902,8.147653
647187527,647187438,0.48780635,0.060425572,-0.06922249,-5.816093,1.9552934,6.5623617
647191304,647191212,0.47007447,0.026765881,-0.026621468,-5.737506,-4.8973293,9.704722
647195070,647194981,0.42687568,0.028148623,-0.008340047,-8.634459,-0.8277999,6.5160956
647198776,647198687,0.40618676,0.030987708,0.0053372234,-6.826122,-0.51309824,5.0449605
647201274,647201187,0.3789137,0.019248987,0.028300563,-8.783023,-2.6444223,6.984873
647205078,647204980,0.34335467,0.001165292,0.053788584,-9.782624,-3.0948677,6.4621925
647208779,647208687,0.32435074,0.019355686,0.06793516,-6.559612,1.5304253,5.049882
647212528,647212437,0.28863415,-0.014059142,0.0849203,-8.790553,-4.5208783,4.9707937
647216276,647216187,0.259852,-0.022466315,0.100765206,-7.7044964,-2.6782353,4.4094076
647218774,647218687,0.2342598,-0.015629793,0.10541609,-9.494497,-0.057897173,3.4175014
647222527,647222437,0.21251447,-0.02489619,0.12912631,-7.2598386,-2.4668112,4.969693
647226278,647226188,0.16157055,-0.045692533,0.13732769,-11.118421,-3.6887693,3.0738258
647230070,647229980,0.14474958,-0.03378958,0.13938144,-7.5924387,0.40888664,1.426796
647233778,647233688,0.121179484,-0.04156833,0.1571721,-6.7228656,-1.2383982,3.8135242
647236300,647236211,0.101850525,-0.060715623,0.1703622,-7.3145647,-4.115368,4.312146
647240067,647239978,0.07424221,-0.05105891,0.16600092,-6.9145937,0.46183488,0.95313555
647243777,647243687,0.05658495,-0.046546493,0.16344288,-6.5804386,0.23719186,0.21073487
647247527,647247438,0.030744042,-0.06284636,0.17595407,-6.7383637,-2.3494601,2.287845
647251301,647251211,0.012140217,-0.06344731,0.17467396,-5.834987,-0.45999688,0.7655923
647253778,647253688,0.010602727,-0.046690803,0.17532808,-3.2737436,2.7113998,0.40380254
647257527,647257437,-0.018852329,-0.059728954,0.16594476,-6.079463,-1.2768986,-1.468544
647261275,647261187,-0.029874329,-0.063670896,0.16499893,-3.9311805,-0.96896017,-0.66898435
647265071,647264980,-0.04679531,-0.051096052,0.1639671,-4.871983,2.386216,-0.5539958
647268771,647268687,-0.0533701,-0.05193383,0.15310849,-3.5896173,0.42707053,-2.2126222
647271271,647271188,-0.0649393,-0.054120846,0.14242435,-3.879418,-0.20846969,-2.912216
647275070,647274980,-0.064538844,-0.04844934,0.13499829,-1.5512668,0.6778049,-2.571904
647278777,647278687,-0.07727305,-0.037020005,0.12660936,-2.3205533,2.8109589,-2.5519204
647282532,647282442,-0.07375291,-0.039341852,0.11817467,-0.70414484,1.0771768,-2.5740802
647286270,647286188,-0.09075942,-0.02607181,0.11206496,-3.049158,2.8633506,-1.9068431
647288776,647288687,-0.101828165,-0.027418816,0.09838344,-3.6126237,0.89546865,-3.6156242
647292529,647292438,-0.10003315,-0.030357838,0.08960596,-0.7821942,0.44488242,-2.9126005
647296301,647296211,-0.10963748,-0.017591912,0.07819998,-2.7180438,2.1711185,-3.1196444
647300067,647299978,-0.12432805,-0.0037746183,0.06502464,-3.1223187,2.6968384,-3.1710556
647303778,647303687,-0.12945375,-0.02049255,0.05740994,-2.0197132,-0.8943425,-2.4918933
647306270,647306187,-0.12787737,-0.009534813,0.049152605,-0.5891043,1.6312864,-2.9684606
647310065,647309978,-0.14594817,0.0013612655,0.035974856,-3.8299227,1.9566958,-3.0820622
647313777,647313687,-0.15216045,0.0027706611,0.02806329,-2.6467223,0.592705,-2.5409803
647317528,647317438,-0.17477107,0.0071064844,0.0123282075,-4.92232,1.484534,-3.7075822
647321269,647321187,-0.17619188,0.014350566,0.0027874354,-2.2425978,1.0528245,-2.9625888
647323778,647323688,-0.18936847,0.009847553,0.0021098882,-3.7646673,0.1703502,-1.6825588
647327525,647327437,-0.19491367,0.020095691,-0.01324572,-2.20236,1.3909367,-3.27679
647331276,647331187,-0.2174496,0.025366675,-0.028611219,-4.2598195,1.4073595,-3.7278347
647335070,647334980,-0.22818212,0.012958132,-0.033005387,-3.8514242,-1.8778125,-2.2748268
647338777,647338687,-0.24204834,0.025532173,-0.043086983,-3.5336468,1.6017215,-2.6834111
647341302,647341211,-0.24185525,0.030976657,-0.05018167,-1.9853266,1.5719281,-2.7085752
647345071,647344980,-0.25662303,0.03070388,-0.05242775,-2.7050147,1.0045621,-1.3249276
647348776,647348687,-0.26669574,0.020832852,-0.06614259,-2.7170196,-1.2809076,-2.564939
647352520,647352437,-0.2771335,0.030970395,-0.069463365,-2.522728,1.4009675,-1.4320605
647356295,647356211,-0.29510283,0.02199898,-0.07360257,-4.0833006,-1.2356379,-1.3774104
647358775,647358687,-0.3004245,0.02728571,-0.078210704,-3.0413618,0.2934549,-1.7365209
647362531,647362438,-0.29497078,0.019274253,-0.08223525,-1.1047031,-1.2288622,-1.244731
647366278,647366188,-0.29286593,0.026338812,-0.07957052,-0.076230116,0.57351035,0.008763881
647370081,647369984,-0.31098312,0.014496593,-0.075585075,-2.7792637,-1.2103354,0.8023434
647373778,647373687,-0.29918945,0.011532039,-0.07967046,1.2070948,-1.16467,-0.24825777
647376276,647376187,-0.3005994,0.004821532,-0.07897833,0.24898164,-1.8033506,0.021317163
647380071,647379980,-0.28666776,0.005802788,-0.079762265,2.5316167,-1.0867245,-0.32805184
647383778,647383687,-0.2904558,-0.00022054906,-0.06616668,0.3593875,-1.1709504,2.189861
647387519,647387437,-0.28268963,-0.0040311813,-0.055086505,0.9514144,-1.3982029,2.3666813
647391276,647391187,-0.27008897,-0.007807166,-0.054083765,3.205645,-0.908085,1.2452027
647393778,647393687,-0.2508624,-0.015027612,-0.05344088,5.1790304,-1.8081107,0.92016566
647397525,647397437,-0.2431515,-0.013676117,-0.03940886,3.280984,-0.32162386,2.416893
647401307,647401211,-0.24116503,-0.024002094,-0.025427815,1.3307953,-2.2045727,3.321438
647405078,647404980,-0.22333926,-0.024762373,-0.008301705,3.2680473,-0.8794372,3.8419821
647408777,647408687,-0.20744546,-0.032274753,-0.0038727613,3.8888452,-1.8324702,2.2479918
647411280,647411188,-0.1910444,-0.026743356,0.0054132533,5.195598,0.15571453,2.9616945
647415066,647414978,-0.16203839,-0.038448308,0.021540489,6.702744,-1.7776492,4.101596
647418768,647418687,-0.15290248,-0.033128332,0.037603263,4.7136545,0.05182607,4.1704974
647422529,647422438,-0.15060246,-0.044353638,0.05556308,1.8687309,-1.7183325,4.460887
647426277,647426187,-0.12762597,-0.040231533,0.06846113,4.7942452,-0.37903258,3.6302521
647428777,647428687,-0.124299124,-0.040263362,0.07653904,2.7781384,-0.172845,3.5032747
647432528,647432438,-0.097872876,-0.039802503,0.09289238,6.0366497,-0.30347607,4.113284
647436268,647436187,-0.0948441,-0.04464708,0.11096785,3.0311346,-0.28529647,4.870563
647440072,647439979,-0.07223205,-0.041116472,0.12445775,4.56454,0.17703465,4.0305247
647443779,647443688,-0.06911187,-0.041544337,0.13587685,3.1276572,0.2497752,3.4280243
647446301,647446211,-0.055445593,-0.042249937,0.13854794,3.922633,-0.2880945,2.3095725
647450070,647449980,-0.046655215,-0.041253883,0.1458355,3.3781495,0.22808391,2.0124123
647453778,647453687,-0.047384717,-0.039863776,0.16244392,0.48260206,-0.0036997024,3.6160233
647457525,647457437,-0.041188974,-0.03401192,0.1738784,1.6126288,1.6874737,3.4118576
647461306,647461212,-0.038209323,-0.038555298,0.17583446,1.3650237,-0.39440078,1.6444873
647463777,647463687,-0.03815889,-0.032611985,0.17144199,0.79292595,1.0849296,0.02281675
647467527,647467437,-0.029758148,-0.03578606,0.16857558,1.4292495,-0.654452,-0.51266396
647471270,647471187,-0.027802713,-0.027496062,0.17519818,0.86062914,1.2030205,0.74030703
647475066,647474978,-0.037073925,-0.03159339,0.1792728,-1.6361893,-0.4832994,0.71043384
647478777,647478687,-0.030665342,-0.018095493,0.17621376,0.7148484,2.0475235,-0.30841807
647481275,647481187,-0.026382195,-0.022044506,0.1690838,0.95686966,0.59492487,-1.452688
647485071,647484979,-0.025019849,-0.010359855,0.15098102,1.1011024,2.0589147,-3.2816489
647488777,647488687,-0.025990395,-0.020476054,0.15438974,-0.045400053,-0.9286845,-0.779678
647492528,647492438,-0.03201684,-0.0065677753,0.14578979,-0.67095476,1.8366537,-1.8837136
647496275,647496186,-0.035057038,-0.009838292,0.13493063,-1.2475643,-0.086418755,-3.0263534
647498777,647498687,-0.029989569,0.00027271383,0.12210394,0.54448444,1.7733809,-3.893173
647502527,647502437,-0.022208124,-0.0038600012,0.10354773,0.9948208,0.06693492,-4.60757
647506297,647506211,-0.0069213947,0.0018769808,0.0930181,3.7538223,1.2230479,-3.0352879
647510071,647509979,-0.01528044,-0.0059422227,0.07931107,-0.26074535,-0.7611753,-3.7240427
647513778,647513687,0.007545086,0.00705353,0.060431004,3.925673,1.5843884,-4.377203
647516278,647516188,-0.0014834154,0.0049950327,0.049582902,0.1883179,0.44302142,-4.676869
647520075,647519979,0.011107237,0.012400138,0.028413886,2.3998191,1.5768465,-5.056923
647523777,647523687,0.011667486,0.00610287,0.010686939,1.1436821,-0.26179245,-4.867561
647527527,647527437,0.029883662,0.017776962,-0.0075921407,3.2965293,1.8953102,-4.4276924
647531278,647531188,0.026594179,0.011428589,-0.016503772,1.4854243,0.083220385,-3.3431435
647533778,647533687,0.043336708,0.019133069,-0.038339406,3.748025,1.3078344,-5.786939
647537519,647537437,0.054513536,0.016365692,-0.060282677,3.1980276,-0.033528738,-6.192968
647541274,647541186,0.07175862,0.022310391,-0.08002976,4.1417203,0.6550646,-5.391483
647545071,647544980,0.07508797,0.014101065,-0.088970505,1.90289,-0.79505855,-3.877609
647548777,647548687,0.09395474,0.0194624,-0.10576841,3.5103426,0.5784484,-3.751164
647551301,647551211,0.09281623,0.015891377,-0.115942694,1.7566799,-0.19307382,-3.9789286
647555078,647554980,0.10326598,0.01704397,-0.13982794,2.7992954,-0.15378718,-5.2835846
647558776,647558687,0.102891274,0.011521914,-0.15123324,0.77045816,-1.056691,-4.460426
647562526,647562437,0.12079513,0.01841012,-0.16422282,3.039531,0.55284584,-3.6088848
647566302,647566211,0.122313656,0.012271488,-0.17557707,1.3518202,-0.91549575,-3.8088744
647568776,647568687,0.13189651,0.014058958,-0.18055816,2.6128178,-0.10022463,-2.8466022
647572529,647572438,0.13927546,0.019912377,-0.18457629,1.7956746,1.1198856,-2.0847926
647576279,647576188,0.14435399,0.02321187,-0.19610874,2.1350114,0.80847,-2.215485
647580068,647579979,0.1395418,0.015556217,-0.2030882,-0.1661463,-1.0885147,-2.073343
647583777,647583687,0.14957407,0.02209467,-0.20193933,1.4619566,0.75264496,-0.63958955
647586270,647586187,0.1372755,0.02393834,-0.19595057,-1.7261705,0.66144466,0.6854073
647590070,647589980,0.15147196,0.017486975,-0.20087993,1.9974085,-0.5857674,-0.2716358
647593778,647593687,0.14114228,0.02003352,-0.19703026,-0.57020396,0.19190027,0.4005283
647597526,647597437,0.14370863,0.022549625,-0.19930446,-0.20360507,0.77601385,0.13466305
647601269,647601187,0.14545688,0.010214205,-0.18725896,0.79084545,-1.7527437,2.0959818
647603778,647603688,0.14186269,0.013930425,-0.18454431,-0.40992182,-0.23189361,1.5630336
647607527,647607437,0.13569105,0.017053459,-0.16986471,-1.020356,0.09826013,2.6037943
647611301,647611211,0.13191025,0.01735678,-0.16618995,-0.97144395,0.24072073,1.9240806
647615070,647614980,0.13383467,0.020092309,-0.14906706,-0.85204077,0.73023665,3.5107546
647618777,647618687,0.12728293,0.025443435,-0.1425921,-0.88007617,1.13498,2.8866308
647621271,647621188,0.12434914,0.019362312,-0.12782326,-1.1791068,-0.59021646,4.2860723
647625068,647624979,0.115753636,0.022432804,-0.116165854,-1.4031103,0.4434713,3.4181511
647628775,647628687,0.10248775,0.025147438,-0.09997783,-3.3449538,0.03299281,3.7546942
647632529,647632438,0.113880545,0.023661666,-0.08728815,0.8858267,-0.007392242,3.6773791
647636270,647636188,0.10505709,0.02634393,-0.06827111,-1.6439161,0.14088468,4.1798806
647638776,647638687,0.11545405,0.022848021,-0.06302886,1.3414891,-0.3159307,3.4373472
647642528,647642438,0.11384071,0.014301014,-0.042206895,0.071694076,-1.7208368,4.6783643
647646275,647646186,0.11593248,0.02226061,-0.03167197,0.5607024,0.8419014,3.4300783
647650071,647649980,0.1004196,0.017827138,-0.01705839,-2.4467409,-0.934289,3.4765751
647653782,647653688,0.116790466,0.016767459,-0.0043297084,1.76436,-0.44915268,3.499899
647656300,647656210,0.120435044,0.019072073,0.008069684,1.407685,0.0714473,4.2000446
647660073,647659980,0.11796833,0.02172196,0.02153256,0.85091454,0.63274276,3.8341086
647663779,647663688,0.12143527,0.009580248,0.04104919,0.8685553,-1.6227316,4.750683
647667518,647667437,0.12669697,0.018927712,0.04225095,1.6917167,1.1248996,2.1576724
647671292,647671210,0.13017896,0.014960414,0.05133632,1.0295709,-0.59420496,2.2463691
647673781,647673687,0.1357696,0.010968905,0.05800526,1.6513475,-1.0627083,2.444558
647677527,647677437,0.13599566,0.012549158,0.07973229,-0.36814737,-0.038723867,4.2475767
647681279,647681188,0.13354152,0.014000206,0.08659576,0.30214182,0.18624444,3.2506883
647685075,647684979,0.1327797,0.003989529,0.09287732,-0.17858751,-1.2822481,1.9366302
647688776,647688687,0.14193287,0.010160048,0.09221644,1.848764,0.6575498,1.019298
647691275,647691187,0.14180844,0.0030884615,0.09710274,0.81434935,-1.0140254,1.4772649
647695066,647694978,0.14302082,-0.00081244134,0.10427211,0.70312035,-1.0687158,1.6453788
647698776,647698687,0.12982911,-0.0073595773,0.1065394,-2.6613414,-1.6082867,0.6445032
647702522,647702438,0.1309503,-0.0029211382,0.11065927,-0.584383,0.05155924,0.96092576
647706280,647706187,0.1291004,-0.009971549,0.103340775,-0.7928047,-0.7497348,-0.7821064
647708776,647708687,0.13268082,-0.0058049113,0.10117911,0.52711076,0.33319655,-0.71818244
647712527,647712437,0.119119234,-0.010161514,0.100106366,-2.5937655,-0.6419019,-0.5902917
647716298,647716210,0.10837708,-0.014800713,0.103177175,-2.3873403,-1.5414615,0.14555565
647720078,647719980,0.09010144,-0.016527269,0.08922694,-4.081306,-0.4967387,-2.4441235
647723778,647723688,0.090892956,-0.013475672,0.08106925,-1.6663189,-0.36844912,-2.2506018
647726278,647726188,0.074010596,-0.018544026,0.07975019,-4.1045566,-0.89537233,-1.5335867
647730070,647729979,0.072276376,-0.018453809,0.0741148,-1.7288567,-0.3424337,-1.236854
647733771,647733687,0.0519999,-0.01613665,0.06458768,-3.539707,0.54972285,-2.2226183
647737526,647737437,0.04019231,-0.021851376,0.058592796,-3.5645611,-1.2435563,-2.0049787
647741280,647741188,0.03131639,-0.018603595,0.041913923,-2.9356449,0.23786128,-3.4563425
647743779,647743688,0.02632434,-0.015181391,0.036420584,-2.7231226,0.6041964,-2.8585827
647747527,647747438,0.0016576976,-0.015990937,0.024134701,-5.058103,0.56136715,-3.101523
647751270,647751188,-0.012085692,-0.020193204,0.016898355,-3.9502964,-0.62531716,-2.3603048
647755069,647754979,-0.022783305,-0.011221581,0.0043894225,-3.0586755,1.7942876,-2.9496458
647758776,647758687,-0.02843199,-0.016934728,-0.011587367,-2.1387727,-0.6750984,-3.693477
647761299,647761210,-0.035766345,-0.0140652405,-0.026140265,-2.4337142,0.29545158,-4.7123394
647765073,647764980,-0.05022683,-0.017668545,-0.031260546,-3.5983412,-0.70125824,-2.760416
647768777,647768687,-0.06789974,-0.0028964176,-0.04076255,-4.2617784,2.1589844,-2.5972664
647772528,647772437,-0.06444471,-0.010952421,-0.049701747,-1.2151922,-0.34402755,-2.5449312
647776299,647776210,-0.071245395,0.003793701,-0.06663493,-0.94032496,2.3809032,-3.6851661
647778777,647778687,-0.07637547,-0.0037793173,-0.074117266,-1.7073926,-0.120519936,-3.2486424
647782527,647782437,-0.08447005,-0.0034010005,-0.076411724,-1.5182607,-0.059959583,-1.6218385
647786270,647786188,-0.09282741,-0.00071145804,-0.07905409,-2.599201,0.22994266,-1.3050842
647790070,647789980,-0.092523284,0.015020475,-0.08795613,-0.7561889,2.452585,-2.0117314
647793778,647793687,-0.087118484,0.0011116589,-0.094285145,0.41994718,-0.9161057,-1.9681442
647796278,647796188,-0.083835445,0.013871899,-0.09738111,0.82537615,1.948423,-1.4358474
647800067,647799978,-0.09112409,0.01079963,-0.09119463,-0.8135384,0.059493143,0.43886915
647803777,647803687,-0.09413287,0.013511744,-0.09019958,-0.5302409,0.10975372,0.38561067
647807528,647807438,-0.08878117,0.013940052,-0.09842425,0.2877785,0.60885584,-1.5124667
647811277,647811188,-0.08465118,0.02022315,-0.09756348,0.7676571,0.37613642,-0.19369799
647813778,647813687,-0.090907514,0.012487129,-0.08837754,-0.81983024,-1.1106353,1.520394
647817519,647817437,-0.091410026,0.02131504,-0.08204265,0.16962491,1.0262436,1.7400842
647821292,647821210,-0.088653795,0.022577992,-0.082559116,0.6691961,1.0581937,0.6082287
647825070,647824980,-0.07678653,0.017754972,-0.0779306,2.472388,-1.0111083,1.0565364
647828780,647828689,-0.0846182,0.018268665,-0.07329365,-0.35497132,0.22917123,1.1439755
647831282,647831190,-0.083485305,0.024679728,-0.06476881,-0.15477052,0.9988467,2.0856252
647835078,647834979,-0.098674834,0.022188865,-0.057548083,-2.6049302,0.5176311,2.0341818
647838776,647838687,-0.08707523,0.019618787,-0.044030495,0.96111345,-0.47753233,3.1818674
647842527,647842437,-0.08397795,0.026656825,-0.038992826,1.063354,1.5773872,2.1377196
647846279,647846188,-0.0862279,0.0128945485,-0.03055268,-0.042745464,-2.0101414,2.2830148
647848776,647848687,-0.09353371,0.009749591,-0.029590547,-1.1677823,-1.524499,1.4821048
647852522,647852438,-0.0949759,0.00831191,-0.0138548575,-1.1839229,-1.217442,3.0718565
647856282,647856191,-0.10637489,0.011553211,-0.0036073208,-2.0530422,0.16380669,2.7421682
647860066,647859978,-0.09309012,0.00012175707,-0.0008277422,0.75461954,-1.714445,1.7606238
647863778,647863687,-0.09432346,0.012007696,0.009374392,0.25419506,1.1935327,2.471227
647866299,647866210,-0.10971848,-0.0019858272,0.019121004,-2.5858464,-1.9661446,3.2072563
647870078,647869980,-0.11185609,-0.0012706656,0.034899447,-0.94819707,-0.3777162,3.5225086
647873779,647873687,-0.11660097,-0.0031189655,0.027298663,-1.4688776,-0.53971314,-0.18110016
647877526,647877437,-0.12213291,0.00060100236,0.011020975,-1.8371254,-0.31751743,-2.7935736
647881299,647881210,-0.15177666,-0.010447491,0.007169735,-5.471632,-1.1810595,-2.1345181
647883770,647883687,-0.1723953,-1.2174161e-05,-0.01471388,-7.0371556,1.3070606,-5.327096
647887526,647887437,-0.20209217,0.008370656,-0.04603388,-6.8902597,1.9885746,-7.2284384
647891279,647891188,-0.1928335,0.02830448,-0.07849211,-0.8612768,3.5496027,-7.916338
647895072,647894980,-0.17588186,0.040611304,-0.11956917,2.259043,3.9604688,-9.456754
647897530,647897438,-0.15273637,0.0512821,-0.1487069,5.493182,3.8409402,-10.737697
647901271,647901187,-0.14171979,0.05564089,-0.19888626,3.8801706,2.7528665,-12.387058
647905067,647904978,-0.12649046,0.05496032,-0.25775033,3.987091,0.79846543,-14.082659
647908776,647908687,-0.117555365,0.07462596,-0.31753054,3.3695245,3.2889287,-15.311772
647912529,647912438,-0.09763765,0.06802515,-0.3831591,4.2356997,-0.08009087,-16.55125
647916270,647916188,-0.07421024,0.07925131,-0.43286598,5.7524395,1.7428608,-15.087612
647918776,647918687,-0.05808488,0.07775154,-0.46475595,6.1250596,0.5623942,-13.96153
647922528,647922438,-0.022021841,0.072756074,-0.5109257,8.297227,-0.6443196,-12.6362505
647926299,647926210,0.0049619577,0.07404939,-0.560772,7.4371643,-0.5418582,-13.605071
647930071,647929980,0.03287715,0.07582361,-0.60756904,6.4328237,0.05227676,-13.134003
647933771,647933688,0.03210958,0.07672131,-0.6471054,1.851043,0.36424044,-12.400459
647936270,647936188,0.041238062,0.07432878,-0.67507833,2.6063373,-0.41948745,-11.687933
647940071,647939980,0.0323192,0.07703817,-0.7161643,-0.019302092,0.16386701,-10.998213
647943778,647943687,0.0278882,0.083810836,-0.75378764,-0.45350686,1.1535752,-10.355343
647947526,647947437,0.018881196,0.088184334,-0.78399605,-1.8439415,1.3978423,-9.016422
647951271,647951188,0.0067266934,0.09420325,-0.8056283,-3.0695372,1.6138079,-7.3512464
647953778,647953687,-0.0024255607,0.09906686,-0.82027197,-3.2794268,1.7352192,-6.650856
647957527,647957438,-0.018655716,0.102377765,-0.83830893,-3.7444167,1.2241279,-5.4399066
647961281,647961189,-0.039212596,0.09922505,-0.84769875,-4.824615,0.09303564,-3.6696894
647965068,647964979,-0.049812537,0.096023366,-0.84742814,-3.8545108,-0.458772,-1.2073934
647968776,647968687,-0.065012164,0.085106656,-0.8378902,-4.047298,-2.1797667,1.143641
647971291,647971210,-0.0823359,0.077649005,-0.8273655,-5.4283442,-2.5954678,2.553782
647975072,647974981,-0.10893828,0.06633434,-0.80175835,-6.4240994,-2.64532,5.274408
647978776,647978687,-0.14079985,0.057226267,-0.772866,-7.515261,-2.4642215,6.711377
647982528,647982438,-0.17295672,0.0475979,-0.738132,-8.037675,-2.4847033,8.301888
647986292,647986210,-0.19274181,0.041934587,-0.69412106,-6.566575,-1.8461322,10.777469
647988776,647988687,-0.20700845,0.04316783,-0.65795785,-6.201764,-0.77485347,12.493383
647992527,647992437,-0.22149342,0.04349401,-0.60119647,-4.601027,-0.1849535,14.095517
647996280,647996188,-0.23568314,0.044651423,-0.54319733,-3.9878266,0.19436504,15.052831
648000071,647999980,-0.25037172,0.047040425,-0.4783927,-3.911555,0.348071,16.498865
648003779,648003687,-0.2622814,0.045214813,-0.41610476,-3.5640833,-0.08473967,16.818508
648006281,648006187,-0.26597688,0.044053257,-0.3712525,-2.6192842,-0.27953547,17.388596
648010068,648009979,-0.2727399,0.045977328,-0.29512313,-1.9987887,0.17932259,19.234488
648013777,648013687,-0.27555254,0.04089424,-0.2168634,-1.0424657,-0.72085595,20.33751
648017520,648017438,-0.27190188,0.033769142,-0.14400436,0.2997748,-1.2578542,20.303179
648021271,648021188,-0.25654423,0.028196646,-0.0674586,2.2476478,-1.4390146,20.292137
648023777,648023687,-0.24992006,0.021648087,-0.0117454985,2.5281146,-2.0811641,21.233084
648027527,648027438,-0.23386382,0.010753088,0.068318576,3.512693,-2.4964452,21.262083
648031301,648031210,-0.2207324,0.004953465,0.14714415,3.474516,-1.8091203,21.088156
648035078,648034980,-0.20732054,-0.0029459712,0.21893449,3.636602,-1.9280738,19.816647
648038784,648038693,-0.18656164,-0.011194934,0.28465268,5.0353622,-2.1248376,18.966888
648041279,648041188,-0.16759351,-0.013724574,0.33209547,6.2129083,-1.6297323,18.964064
648045070,648044980,-0.13198641,-0.017311485,0.4004294,8.39846,-1.1545088,18.520016
648048776,648048687,-0.092187576,-0.02521933,0.46209165,9.599694,-1.7212074,17.133116
648052528,648052437,-0.06533551,-0.03325136,0.51688766,8.265042,-2.0152957,15.971383
648056277,648056187,-0.048443135,-0.04082414,0.5698503,5.779801,-2.1077268,14.771214
648058776,648058687,-0.038742587,-0.046495717,0.60091573,4.9205613,-2.1833935,13.676802
648062531,648062438,-0.027408544,-0.055736236,0.6435642,3.7750633,-2.3083189,12.159483
648066270,648066188,-0.008168549,-0.06371445,0.6786602,4.8950167,-2.2303386,10.744825
648070066,648069978,0.01706412,-0.0736768,0.71273357,5.927347,-2.4591024,9.737757
648073778,648073687,0.03862802,-0.08121555,0.7375658,5.792148,-2.192788,7.725516
648076299,648076210,0.048717417,-0.086063035,0.7498082,4.926919,-2.0830064,6.3679223
648080071,648079980,0.056912545,-0.09125876,0.7610803,3.1477902,-1.6152668,4.2654667
648083778,648083688,0.053051833,-0.095659725,0.76618075,0.6256994,-1.3167791,2.5728848
648087526,648087437,0.04618146,-0.095833465,0.7658755,-0.9455256,-0.5543005,0.89532447
648091300,648091210,0.03841345,-0.09650199,0.75860685,-1.5382357,-0.350295,-0.91667897
648093778,648093687,0.031690296,-0.09743792,0.750842,-2.1003454,-0.35413507,-1.9333444
648097526,648097437,0.018544706,-0.0977567,0.73374605,-3.0114183,-0.19569173,-3.6587725
648101276,648101188,0.00087333296,-0.09895052,0.7063539,-4.1584897,-0.2785987,-6.066435
648105071,648104980,-0.0224437,-0.10071341,0.67156553,-5.4223804,-0.3887933,-8.075434
648108779,648108687,-0.04727886,-0.10224961,0.63219464,-6.161949,-0.40062416,-9.55787
648111277,648111188,-0.06315852,-0.10347438,0.6041244,-6.241011,-0.44450605,-10.349048
648115069,648114979,-0.084325396,-0.105827086,0.55734557,-5.869481,-0.57029307,-11.708967
648118777,648118687,-0.10500843,-0.105925635,0.50909877,-5.84011,-0.19857824,-12.716863
648122529,648122438,-0.12935251,-0.10458317,0.45659506,-6.273008,0.14173388,-13.568515
648126278,648126188,-0.15871438,-0.10253923,0.3991939,-7.2610707,0.4000926,-14.649062
648128777,648128687,-0.1788682,-0.09972375,0.35985646,-7.6212726,0.750869,-15.154805
648132521,648132438,-0.20642132,-0.092491895,0.30082998,-7.5986257,1.5041654,-15.921054
648136291,648136210,-0.22551309,-0.08437877,0.23837526,-5.9605927,1.9421974,-16.346926
648140071,648139980,-0.23655687,-0.07528156,0.17520759,-4.0445404,2.2681508,-16.659365
648143778,648143687,-0.24213028,-0.06276419,0.11149016,-2.449948,2.905809,-16.839539
648146278,648146188,-0.2449634,-0.05438067,0.0694335,-1.8505352,3.1226425,-16.840088
648150078,648149980,-0.24799529,-0.04229591,0.005612601,-1.1666434,3.1362903,-16.936342
648153778,648153687,-0.25076765,-0.029477874,-0.053742938,-0.91177624,3.4411955,-16.650383
648157526,648157437,-0.24927509,-0.017376602,-0.115668386,-0.100921944,3.2711616,-16.595247
648161280,648161188,-0.24183957,-0.0049864566,-0.17578246,1.2677151,3.2689588,-16.205853
648163777,648163687,-0.23507056,0.00242236,-0.21420427,1.9322228,3.14015,-15.811551
648167520,648167438,-0.2195521,0.013972382,-0.26628125,3.4201114,3.1435444,-14.988024
648171278,648171188,-0.20151606,0.024826048,-0.31839144,4.322764,3.0369275,-14.283
648175066,648174978,-0.17806865,0.035876065,-0.36675352,5.47317,2.9783406,-13.407991
648178776,648178687,-0.152529,0.04818881,-0.4109505,6.3439665,3.1286063,-12.37127
648181302,648181211,-0.13649291,0.055387326,-0.43857628,6.353901,3.0228565,-11.752768
648185081,648184983,-0.11172913,0.0669061,-0.4762303,6.5216246,3.0183806,-10.649569
648188776,648188687,-0.08917729,0.077513985,-0.50784975,6.3898735,3.0053818,-9.495813
648192528,648192438,-0.06658893,0.0873005,-0.53538626,6.113275,2.7585769,-8.145024
648196300,648196210,-0.047692217,0.09722136,-0.5582223,5.4439692,2.6590738,-6.8419433
648198769,648198687,-0.036505707,0.10289094,-0.56982684,5.1466513,2.5559058,-5.9944835
648202527,648202437,-0.020214133,0.11023816,-0.58361757,4.618142,2.1502628,-4.5222626
648206282,648206188,-0.004240449,0.1165081,-0.59263575,4.4306016,1.852495,-3.1935148
648210070,648209980,0.0101667475,0.122249424,-0.5970556,4.061678,1.6809804,-1.9397539
648213778,648213687,0.022776844,0.12510662,-0.5973851,3.5646515,1.0573125,-0.7534776
648216270,648216188,0.02827937,0.12636176,-0.59490395,3.0236216,0.83410686,0.060561217
648220066,648219978,0.031864986,0.12729314,-0.5872407,1.6476973,0.4442468,1.3106799
648223777,648223687,0.030417327,0.12793452,-0.57489693,0.3893379,0.27009735,2.555212
648227527,648227438,0.023788745,0.1266871,-0.55948216,-0.92249835,-0.09714871,3.5497649
648231277,648231187,0.014738894,0.12414213,-0.5403295,-1.8985828,-0.4821888,4.5362115
648233778,648233688,0.007946312,0.12264158,-0.52638346,-2.3253562,-0.5411848,5.168666
648237526,648237437,-0.0041440954,0.11955352,-0.5010673,-2.9494,-0.7458357,6.158707
648241299,648241210,-0.01854893,0.11554787,-0.47257042,-3.5158508,-0.93630296,7.0592513
648245072,648244980,-0.03491511,0.10990397,-0.44156384,-3.9990463,-1.3012308,7.824535
648248769,648248687,-0.05111648,0.10393883,-0.4087258,-4.3222094,-1.5245489,8.615569
648251271,648251188,-0.06239093,0.099339195,-0.38468,-4.4097557,-1.66851,9.092915
648255071,648254980,-0.07970987,0.091647655,-0.34645814,-4.53244,-1.9545974,9.757867
648258776,648258687,-0.09656762,0.080630004,-0.3053413,-4.5056024,-2.5379963,10.546729
648262527,648262437,-0.11302612,0.06860338,-0.26229763,-4.449474,-2.9812148,11.132056
648266270,648266188,-0.1272593,0.056775134,-0.21802452,-4.097105,-3.1678085,11.836966
648268776,648268687,-0.13588235,0.04784698,-0.1872627,-3.7939687,-3.3473372,12.05998
648272532,648272438,-0.14380491,0.03496642,-0.1398793,-2.7159028,-3.4254477,12.385131
648276278,648276188,-0.14884916,0.021286018,-0.092497766,-1.8155503,-3.5271006,12.581408
648280071,648279981,-0.14894284,0.0073606926,-0.04457973,-0.71608365,-3.649089,12.694429
648283778,648283687,-0.14511736,-0.005410613,0.0021718428,0.34615913,-3.6191702,12.86282
648286291,648286210,-0.14340185,-0.014706852,0.034113187,0.5039312,-3.6521332,12.829965
648290070,648289979,-0.13537644,-0.027611282,0.08290803,1.5526288,-3.5321116,12.92095
648293778,648293687,-0.12636703,-0.040164713,0.13066478,2.1124315,-3.3994873,12.792884
648297526,648297437,-0.11348836,-0.051859308,0.17453633,2.9424891,-3.199116,12.09658
648301292,648301210,-0.098192334,-0.062448565,0.21553071,3.7494905,-3.083564,11.671223
648303778,648303687,-0.086678565,-0.070421055,0.24336645,4.1493874,-3.1126802,11.420613
648307527,648307437,-0.06645607,-0.081091985,0.28444335,4.9302073,-2.9683456,11.102292
648311278,648311187,-0.043288086,-0.09128057,0.32299113,5.709749,-2.8130238,10.580234
648315071,648314980,-0.02031673,-0.10106377,0.35711387,5.9686484,-2.6526008,9.634914
648318777,648318687,0.0012285679,-0.10837119,0.38675952,5.958515,-2.2909358,8.771989
648321278,648321187,0.015821384,-0.11272219,0.4060657,5.912931,-2.0307677,8.290218
648325067,648324979,0.03705711,-0.11841652,0.43359104,5.72661,-1.7186205,7.6736407
648328776,648328687,0.058554277,-0.122007325,0.45714876,5.703955,-1.2392927,6.799159
648332522,648332438,0.077223465,-0.12468902,0.4770459,5.4364934,-0.92173296,6.0257683
648336270,648336188,0.09547791,-0.12576798,0.49547544,5.003922,-0.5287289,5.298586
648338777,648338687,0.10599916,-0.12514637,0.50494814,4.6507983,-0.15799338,4.597219
648342531,648342440,0.11757708,-0.12331688,0.5162371,3.5854788,0.22113289,3.5580165
648346300,648346210,0.12664512,-0.1193666,0.52203333,2.891693,0.77702594,2.306258
648350082,648349982,0.13300145,-0.11392115,0.52396435,2.1652331,1.188974,1.1789018
648353779,648353688,0.13761444,-0.108016096,0.52368,1.5874393,1.4593269,0.39820144
648356278,648356188,0.13841084,-0.103922434,0.5213128,0.99944913,1.5451285,-0.23212026
648360071,648359980,0.13675123,-0.09581574,0.5144772,0.058912333,1.9219259,-1.2728031
648363778,648363687,0.13020916,-0.0877943,0.50296295,-1.0673287,2.0842144,-2.387149
648367526,648367437,0.11972399,-0.07882112,0.4872781,-2.2215204,2.3210742,-3.6177177
648371279,648371188,0.10659856,-0.06796977,0.46629363,-2.9996436,2.6824832,-4.8773513
648373782,648373687,0.09621929,-0.06179152,0.4493794,-3.5376248,2.57421,-5.7546372
648377528,648377438,0.08153777,-0.051748082,0.4230879,-3.7709107,2.6289058,-6.5534596
648381277,648381187,0.06544204,-0.042278055,0.39302716,-4.0597124,2.608283,-7.46502
648385074,648384978,0.050600845,-0.03306443,0.35906368,-4.0052533,2.4613945,-8.477268
648388776,648388687,0.03660482,-0.02400129,0.32353926,-3.94662,2.510529,-9.34325
648391299,648391210,0.024998803,-0.018800251,0.29685822,-4.285665,2.3059077,-9.967865
648395069,648394979,0.006168849,-0.009032502,0.25487804,-4.7457495,2.5003285,-10.737957
648398769,648398687,-0.011305499,-0.0009514518,0.21295577,-4.782957,2.3744357,-11.314961
648402529,648402438,-0.026281567,0.008160984,0.16649501,-4.2770457,2.382444,-11.994783
648406302,648406210,-0.03703548,0.017241232,0.11825157,-3.384922,2.4093504,-12.5345745
648408780,648408687,-0.04299903,0.022414116,0.08526344,-2.907308,2.2576709,-12.839331
648412527,648412437,-0.05029862,0.030842364,0.035769835,-2.3381374,2.243072,-13.086055
648416269,648416187,-0.054943014,0.038569625,-0.011869893,-1.6908237,2.1957092,-13.176141
648420070,648419980,-0.058147736,0.046181634,-0.06143553,-1.1244702,2.0712864,-13.203874
648423778,648423687,-0.058858484,0.053490315,-0.1106172,-0.57152826,2.0095437,-13.131571
648426277,648426188,-0.056776185,0.057488766,-0.14306153,0.10393292,1.8153923,-13.064293
648430069,648429979,-0.05247246,0.06348137,-0.19034252,0.7375544,1.6804634,-12.752784
648433777,648433687,-0.04442775,0.06753336,-0.23355246,1.6275089,1.3604386,-12.298098
648437528,648437438,-0.034709126,0.070936225,-0.276505,2.3139641,1.070233,-11.783325
648441277,648441187,-0.022500206,0.074640825,-0.31701866,2.8452873,1.0111781,-11.155064
648443778,648443687,-0.012333495,0.07562806,-0.3429796,3.427291,0.7225162,-10.792758
648447526,648447437,0.0022867336,0.07748736,-0.3791974,3.7187505,0.5597689,-10.074506
648451296,648451210,0.018454032,0.07800622,-0.4105416,4.122598,0.33335695,-9.224179
648455071,648454980,0.035732318,0.07773596,-0.43937054,4.508738,0.057395987,-8.273004
648458777,648458687,0.05121544,0.07790838,-0.46464923,4.2282305,0.03059574,-7.2922378
648461280,648461188,0.06321347,0.076496996,-0.47923872,4.491854,-0.24411032,-6.6068063
648465071,648464980,0.07635777,0.07533703,-0.49767065,3.8911994,-0.2993879,-5.5373507
648468776,648468687,0.09013239,0.07192169,-0.5114313,3.8070188,-0.6872939,-4.475574
648472530,648472437,0.10239018,0.06842157,-0.52104414,3.5053403,-0.8460379,-3.2698781
648476278,648476188,0.11277189,0.06450545,-0.52592415,3.0217156,-0.9880233,-2.0276775
648478776,648478687,0.11912445,0.060998794,-0.5269926,2.7960052,-1.1705143,-1.2711855
648482521,648482438,0.12571754,0.057025958,-0.52399564,2.1990194,-1.1650735,0.029313054
648486270,648486188,0.13032454,0.051998187,-0.516127,1.5916439,-1.2312108,1.3255885
648490067,648489978,0.13106337,0.04658016,-0.50388676,0.6963965,-1.3829519,2.556056
648493778,648493687,0.12959561,0.042306796,-0.4871908,-0.0013252897,-1.2503302,3.742182
648496299,648496210,0.12618612,0.038373996,-0.47395214,-0.63155055,-1.3958603,4.474519
648500078,648499979,0.119652614,0.034501806,-0.45127854,-1.3557869,-1.1781719,5.451814
648503778,648503687,0.11202111,0.03106443,-0.42467728,-1.7790995,-1.027266,6.666721
648507526,648507437,0.102287464,0.026913583,-0.39334306,-2.3054078,-1.0834035,7.7174177
648511303,648511211,0.091663465,0.023920855,-0.35822445,-2.6871796,-0.9172994,8.737065
648513778,648513688,0.08287337,0.021399416,-0.3334104,-3.0514965,-0.9609396,9.303819
648517526,648517437,0.06951981,0.017346721,-0.29465714,-3.5209293,-1.0769371,10.190256
648521274,648521186,0.054760713,0.012293724,-0.2511907,-3.7419999,-1.231578,11.098478
648525072,648524980,0.03901193,0.007658972,-0.20643951,-3.9849913,-1.2516901,11.597264
648528777,648528687,0.026206477,0.002771423,-0.15923837,-3.6708975,-1.2739196,12.206397
648531271,648531188,0.019121168,-0.0011185093,-0.12977813,-3.3650336,-1.4496683,12.370494
648535075,648534979,0.0075788256,-0.0062450557,-0.07836383,-3.1397254,-1.352717,12.875014
648538779,648538687,-0.00046330382,-0.010797125,-0.030019674,-2.586389,-1.2770431,13.243023
648542526,648542437,-0.008549072,-0.014569898,0.019430965,-2.2702148,-1.1331177,13.193667
648546279,648546188,-0.015662411,-0.018011333,0.068708465,-2.0545123,-0.9789605,13.160415
648548776,648548687,-0.017959936,-0.02029706,0.09913741,-1.5604597,-0.9896485,13.076008
648552530,648552438,-0.020323584,-0.022756083,0.14695093,-0.9577559,-0.7621978,12.858313
648556300,648556210,-0.017919237,-0.026258813,0.19201638,0.012491769,-0.84521896,12.312993
648560067,648559979,-0.011217917,-0.028597526,0.23524138,1.1615125,-0.73360616,11.8129635
648563777,648563687,-0.0041355095,-0.031087311,0.2758656,1.6231332,-0.68687207,11.201626
648566271,648566187,0.0023248517,-0.03310472,0.29943374,2.121883,-0.7637156,10.678452
648570072,648569980,0.010212893,-0.034440003,0.33535957,2.1300983,-0.51854223,9.997022
648573779,648573688,0.020143049,-0.03657983,0.36697805,2.4153442,-0.5225689,9.016843
648577526,648577437,0.03212792,-0.038926017,0.39599755,2.9721355,-0.6010878,8.190204
648581267,648581186,0.045885902,-0.040609483,0.4195449,3.5059173,-0.54051477,7.187795
648583777,648583687,0.05735545,-0.042518094,0.43379945,4.0120373,-0.6354259,6.491659
648587524,648587437,0.073953345,-0.04407425,0.45180196,4.2527823,-0.5186219,5.4111896
648591280,648591190,0.089074746,-0.044525027,0.46516967,4.0752535,-0.25534213,4.2483144
648595067,648594979,0.10162815,-0.045919217,0.47405308,3.6063318,-0.3270208,3.055271
648598776,648598687,0.11193974,-0.04606915,0.47865674,3.1507638,-0.17328866,1.9518416
648601292,648601210,0.118325256,-0.046683192,0.4785895,2.8748975,-0.20025483,1.0217185
648605066,648604978,0.12712137,-0.04683709,0.47578895,2.5348942,-0.11926947,-0.08890106
648608776,648608687,0.13459454,-0.04592148,0.4683401,2.2046652,0.12470572,-1.2805434
648612529,648612438,0.1386182,-0.04605371,0.4561922,1.477191,0.035696942,-2.5316713
648616292,648616210,0.14146127,-0.045988243,0.44134116,1.0034279,0.015958078,-3.515731
648618776,648618687,0.14043309,-0.045841612,0.42784443,0.36941576,0.050688345,-4.403267
648622528,648622438,0.13774315,-0.043690346,0.404345,-0.4104287,0.36688867,-5.585675
648626276,648626187,0.13306916,-0.042420305,0.3774064,-0.88172984,0.34547055,-6.5601625
648630070,648629980,0.12351161,-0.041306872,0.34674147,-1.9121553,0.30824423,-7.6128893
648633779,648633688,0.113198064,-0.0389433,0.31507936,-2.559755,0.5443284,-8.336207
648636278,648636188,0.104009666,-0.037170947,0.29131567,-3.0481513,0.6131475,-8.886944
648640068,648639979,0.08958283,-0.034525592,0.25380066,-3.5997677,0.66840094,-9.600235
648643777,648643687,0.07499623,-0.032993402,0.21356143,-3.7718937,0.52738315,-10.298697
648647521,648647437,0.058815334,-0.03034995,0.17324588,-4.184335,0.6336638,-10.862075
648651271,648651188,0.04065231,-0.027202923,0.13101365,-4.6459227,0.7944296,-11.089581
648653777,648653687,0.030241702,-0.025253924,0.10216412,-4.3973308,0.7689117,-11.3107
648657528,648657438,0.012549225,-0.022481691,0.058572304,-4.605384,0.7802934,-11.513242
648661300,648661210,-0.003430412,-0.019640557,0.01459836,-4.4657316,0.78224945,-11.612806
648665076,648664979,-0.018683858,-0.016076779,-0.028467372,-4.1356363,0.84174895,-11.565838
648668777,648668687,-0.03375569,-0.012418211,-0.0697139,-4.180396,0.9764033,-11.482484
648671275,648671187,-0.04224042,-0.009413096,-0.098403946,-3.8134127,1.0866985,-11.480814
648675070,648674980,-0.055232354,-0.0033744334,-0.13887718,-3.5416274,1.3929045,-11.019718
648678777,648678687,-0.06366569,0.0016145625,-0.17798081,-2.754726,1.3898568,-10.618049
648682527,648682437,-0.06787944,0.006898242,-0.21264714,-1.7806454,1.4250906,-10.063688
648686275,648686187,-0.070915624,0.014019041,-0.24716572,-1.153062,1.7026515,-9.478911
648688776,648688687,-0.071085304,0.017292615,-0.26898524,-0.6588396,1.521124,-9.130735
648692527,648692437,-0.0710397,0.023389317,-0.29833576,-0.21160287,1.5629573,-8.292033
648696283,648696188,-0.07022537,0.028480416,-0.3256444,0.043526877,1.4883629,-7.637617
648700084,648699979,-0.06566334,0.033791535,-0.34927994,0.79799825,1.4182916,-6.814584
648703778,648703687,-0.058244426,0.039315663,-0.36793315,1.5954455,1.4602282,-5.782499
648706302,648706210,-0.05175669,0.041921496,-0.37905902,2.0573432,1.2688991,-5.160083
648710068,648709978,-0.041747045,0.046423547,-0.39180943,2.4412572,1.2002096,-4.0312066
648713770,648713687,-0.030708138,0.049823366,-0.40085277,2.801664,1.0785682,-3.0914524
648717528,648717438,-0.019586112,0.05270565,-0.40646526,2.95059,0.87381816,-2.1175833
648721300,648721210,-0.008584917,0.056382228,-0.40868393,2.8991747,0.922709,-1.1143886
648723778,648723688,-0.0007048548,0.05816869,-0.4075556,3.028407,0.8306738,-0.37574828
648727526,648727437,0.009171159,0.06113404,-0.4021343,2.7593546,0.78704095,0.77171594
648731269,648731187,0.019938014,0.06291197,-0.39362732,2.875183,0.61355585,1.7389314
648735075,648734980,0.02902635,0.063754186,-0.38126582,2.6388965,0.36697337,2.7248912
648738777,648738687,0.036449637,0.0643949,-0.36553922,2.1688108,0.25043687,3.6594605
648741280,648741190,0.04107722,0.064508595,-0.35307378,2.033558,0.15682149,4.28217
648745068,648744979,0.04367375,0.06393845,-0.33120048,1.1603178,-0.05325479,5.268058
648748776,648748687,0.046784207,0.06258962,-0.30824316,0.92620087,-0.2367629,5.9429927
648752526,648752437,0.047146045,0.06053553,-0.2821746,0.47834387,-0.43960783,6.5575356
648756278,648756188,0.044713855,0.057790324,-0.25312808,-0.2934358,-0.6254325,7.3144307
648758776,648758687,0.043630093,0.055665407,-0.23254843,-0.34489912,-0.7318642,7.7399416
648762531,648762438,0.037534017,0.052128974,-0.20048684,-1.1652143,-0.86884797,8.248736
648766293,648766211,0.031409875,0.04875217,-0.1688114,-1.5535495,-0.9031452,8.593297
648770066,648769978,0.022020174,0.0447069,-0.13500859,-2.0619867,-1.0232633,8.858333
648773777,648773687,0.010495219,0.04011511,-0.09999419,-2.7312262,-1.1505979,9.160058
648776277,648776187,0.0041878074,0.036311615,-0.07700774,-2.6171563,-1.3195959,9.173791
648780073,648779979,-0.007362613,0.030954536,-0.04190348,-2.8964114,-1.4037786,9.288116
648783778,648783687,-0.017003052,0.025263421,-0.007964799,-2.8071747,-1.5075499,9.390894
648787527,648787437,-0.028038237,0.01854242,0.027158756,-2.854018,-1.6930436,9.351873
648791275,648791186,-0.039435286,0.011912006,0.061223276,-2.9602354,-1.7428677,9.165166
648793778,648793688,-0.046136826,0.00686047,0.08307498,-2.8398492,-1.8643614,8.967035
648797518,648797437,-0.0566719,-0.0004784803,0.113712594,-2.8632443,-1.9860332,8.677516
648801274,648801188,-0.06421335,-0.007869467,0.14443515,-2.325703,-1.968267,8.390643
648805070,648804980,-0.07048821,-0.016116627,0.17439556,-1.9234707,-2.1040637,8.10979
648808777,648808687,-0.0750099,-0.023542712,0.20230329,-1.4806523,-2.0376015,7.6941524
648811301,648811211,-0.077094756,-0.028413918,0.21927756,-1.163572,-1.9898831,7.266816
648815075,648814979,-0.078079015,-0.03603232,0.24322292,-0.6331182,-2.0199835,6.69947
648818776,648818687,-0.07787208,-0.04228164,0.26293615,-0.17656511,-1.842727,5.957512
648822528,648822438,-0.07689912,-0.048929054,0.28139293,0.111901924,-1.8003377,5.2898073
648826301,648826211,-0.072287455,-0.055768654,0.29778993,0.76061964,-1.8205236,4.7222357
648828777,648828687,-0.06894708,-0.06001708,0.3071621,1.0485063,-1.7550981,4.256306
648832527,648832437,-0.06278274,-0.06451807,0.31803724,1.4271461,-1.4697002,3.5050504
648836275,648836187,-0.054509085,-0.06909457,0.32617295,1.9470363,-1.2829711,2.659203
648840070,648839980,-0.046233997,-0.072923966,0.33160007,2.127264,-1.1265146,1.8719954
648843779,648843688,-0.03655129,-0.07540736,0.33408928,2.3625124,-0.8204113,1.1279496
648846278,648846188,-0.029283835,-0.07679786,0.33412564,2.6471891,-0.6974314,0.59753835
648850078,648849980,-0.018993458,-0.077853546,0.33217388,2.6447773,-0.45333037,-0.09906254
648853779,648853688,-0.008726547,-0.07869768,0.327238,2.7432895,-0.2951546,-0.8841632
648857525,648857437,0.00067586085,-0.07804216,0.3197544,2.6466422,-0.0198933,-1.6023788
648861281,648861188,0.008302925,-0.07606084,0.30969974,2.2402241,0.332963,-2.245265
648863771,648863687,0.0143215265,-0.07497393,0.30232212,2.3900714,0.39166465,-2.659364
648867527,648867438,0.020294629,-0.07182564,0.2886288,1.881126,0.6767035,-3.2787619
648871303,648871211,0.025604596,-0.06813273,0.27156705,1.5357138,0.9013813,-4.0708327
648875070,648874979,0.02967199,-0.06284153,0.25323057,1.2956994,1.1784296,-4.6036854
648878776,648878687,0.030313654,-0.057174455,0.2327317,0.57899433,1.410347,-5.1139297
648881268,648881187,0.030946784,-0.053811718,0.2189809,0.43557626,1.416986,-5.461976
648885070,648884980,0.029139362,-0.047123555,0.19611129,-0.12232426,1.6421819,-5.8311963
648888776,648888687,0.02609073,-0.04017603,0.17118481,-0.5973214,1.8149177,-6.337545
648892528,648892437,0.021182,-0.031963494,0.1453341,-1.0071371,2.013551,-6.685623
648896269,648896187,0.01359097,-0.023989452,0.11892095,-1.6653401,2.1292086,-7.0800323
648898777,648898687,0.008986057,-0.01875892,0.0995905,-1.7474524,2.1045063,-7.379852
648902527,648902437,-0.00094882475,-0.009490556,0.07024051,-2.277798,2.3407063,-7.636698
648906281,648906188,-0.011448256,-0.0013507602,0.041186813,-2.6107085,2.2126567,-7.682044
648910071,648909980,-0.021916548,0.0069300556,0.013104568,-2.6638312,2.1848097,-7.5633826
648913773,648913689,-0.032196466,0.014835448,-0.013600532,-2.8120203,2.2083967,-7.4677997
648916294,648916211,-0.038441885,0.019849176,-0.032700107,-2.636601,2.0970879,-7.5600395
648920066,648919978,-0.049876545,0.02620545,-0.0626468,-2.9102356,1.8499526,-7.7984796
648923778,648923687,-0.05989589,0.03346683,-0.09192144,-2.7698343,1.9003272,-7.800165
648927527,648927438,-0.07136348,0.04079841,-0.12001088,-2.8471234,1.9356375,-7.5969243
648931301,648931211,-0.080580376,0.04658676,-0.14597736,-2.680368,1.6716359,-7.13734
648933777,648933687,-0.08467996,0.049459703,-0.16110109,-2.2371993,1.4771944,-6.853309
648937527,648937437,-0.09047982,0.054621503,-0.18484625,-1.865532,1.411138,-6.4931245
648941277,648941187,-0.09274959,0.059663456,-0.20784378,-1.0560424,1.3656065,-6.2682095
648945073,648944980,-0.09615242,0.06350478,-0.22905171,-0.90925795,1.1386362,-5.8959403
648948776,648948687,-0.098272435,0.06597946,-0.24840404,-0.80359316,0.9013995,-5.574345
648951271,648951188,-0.09765161,0.06757669,-0.26085937,-0.2844044,0.7810266,-5.3068542
648955071,648954980,-0.09612755,0.06984972,-0.27643672,0.07662423,0.6846281,-4.5550017
648958777,648958687,-0.089561194,0.07067485,-0.28929877,1.0871546,0.39746487,-3.86753
648962527,648962437,-0.08418759,0.069738425,-0.29885778,1.3876153,-0.012771931,-3.0624976
648966270,648966188,-0.077963255,0.06822605,-0.30646423,1.535766,-0.24515997,-2.4607387
648968775,648968687,-0.07156044,0.065860376,-0.31076548,2.0223513,-0.56948197,-2.1206193
648972532,648972438,-0.063435234,0.064183034,-0.31406608,2.0555565,-0.48162344,-1.3343055
648976301,648976211,-0.052313615,0.06181968,-0.31543326,2.569336,-0.53686136,-0.7207494
648980067,648979978,-0.04157678,0.058741286,-0.31307548,2.8369434,-0.7666687,0.13161147
648983778,648983687,-0.031558316,0.05484567,-0.30750364,2.7938564,-0.95435566,1.0322367
648986275,648986187,-0.02390726,0.050754428,-0.30266303,2.9283662,-1.2784798,1.458522
648990073,648989979,-0.013402055,0.04569292,-0.29274523,2.838965,-1.3124636,2.202435
648993778,648993687,-0.0029526604,0.040712517,-0.28147414,2.7787652,-1.2901914,2.7280262
648997527,648997437,0.0050328365,0.035561364,-0.2674098,2.4671857,-1.4184364,3.441495
649001268,649001186,0.012122935,0.030225454,-0.2507964,2.125529,-1.4071896,4.0850906
649003778,649003687,0.01662803,0.025218481,-0.23796968,1.9679092,-1.6839117,4.5718985
649007526,649007437,0.022609256,0.018788422,-0.21596539,1.7093642,-1.7114193,5.372479
649011278,649011188,0.026626918,0.01219663,-0.19382049,1.3116131,-1.717682,5.7193933
649015078,649014980,0.028860519,0.0060496363,-0.16972302,0.8436868,-1.6955848,6.142089
649018777,649018687,0.029354926,0.0012154563,-0.1447772,0.41912267,-1.4845335,6.646141
649021301,649021211,0.028222885,-0.003131498,-0.12620601,0.008741648,-1.6049625,7.0119233
649025070,649024978,0.026189378,-0.008968285,-0.09683743,-0.37503406,-1.5662442,7.51561
649028776,649028687,0.023239203,-0.014077013,-0.067007884,-0.606331,-1.4138907,7.7857313
649032528,649032438,0.018543907,-0.01802874,-0.0381276,-1.0226914,-1.2406404,7.926574
649036301,649036211,0.013496916,-0.022732858,-0.007268721,-1.2591434,-1.2272485,8.122717
649038777,649038687,0.009344583,-0.025489293,0.013160429,-1.4389673,-1.1681898,8.141164
649042527,649042437,0.001752859,-0.02806658,0.044522002,-1.8628936,-0.84851104,8.2934475
649046269,649046187,-0.0036773784,-0.03130668,0.073694624,-1.6601865,-0.8920056,8.170011
649050078,649049980,-0.0106751695,-0.034454856,0.104617134,-1.6533937,-0.8540201,8.000265
649053778,649053688,-0.016673645,-0.036591083,0.13299696,-1.7280145,-0.675486,7.946164
649056278,649056188,-0.018878696,-0.038478266,0.15263481,-1.306197,-0.71801656,7.8910017
649060070,649059980,-0.02547407,-0.039529838,0.18037741,-1.6503799,-0.43644482,7.5791225
649063778,649063687,-0.028593276,-0.041080948,0.20389165,-1.2408752,-0.42099345,6.9237957
649067529,649067437,-0.031829257,-0.041570626,0.22644673,-0.8762281,-0.2704558,6.3517923
649071279,649071188,-0.034631487,-0.042110886,0.24736981,-0.83890134,-0.18641125,5.878409
649073778,649073687,-0.033232845,-0.04266017,0.26035357,-0.17092757,-0.21085832,5.55057
649077528,649077438,-0.033957772,-0.042658143,0.2776146,-0.17604284,-0.06477462,4.967054
649081301,649081211,-0.031014903,-0.041856844,0.29209387,0.36237276,0.13339107,4.2570496
649085066,649084978,-0.027161416,-0.040431336,0.30339953,0.8621545,0.26176193,3.5536895
649088776,649088687,-0.023064189,-0.03960872,0.3113907,0.9876724,0.24642964,2.6669738
649091275,649091186,-0.018163929,-0.03979632,0.3151006,1.4485624,0.100107625,2.1108356
649095071,649094979,-0.012771905,-0.03815778,0.31891662,1.4395986,0.31717873,1.4151028
649098777,649098687,-0.005327069,-0.03614388,0.3196022,1.7888925,0.4905781,0.6524507
649102528,649102437,0.003375855,-0.034690186,0.3175288,2.160837,0.41577968,-0.11554428
649106281,649106187,0.012331496,-0.032326438,0.31246895,2.2807837,0.56276184,-0.8975623
649108777,649108687,0.01833276,-0.03059974,0.3069408,2.3395195,0.6277739,-1.5167319
649112520,649112437,0.026158247,-0.027622279,0.2973068,2.208308,0.75326437,-2.226198
649116271,649116188,0.034923557,-0.02595977,0.28429165,2.2893062,0.5767857,-3.02289
649120070,649119980,0.04188574,-0.02347146,0.26898214,2.0503716,0.6372006,-3.681056
649123778,649123687,0.049709026,-0.019915143,0.2512088,2.0292194,0.8229105,-4.334099
649126301,649126211,0.054136056,-0.017715992,0.23786198,1.9288347,0.8413438,-4.806935
649130075,649129978,0.058727875,-0.015210294,0.21528436,1.4045721,0.7146873,-5.5500216
649133778,649133687,0.06254956,-0.012582119,0.19229771,1.233398,0.73538655,-6.0792494
649137528,649137438,0.06319963,-0.009594809,0.16538136,0.61116946,0.76811695,-6.771894
649141301,649141211,0.0649232,-0.0064094295,0.1373686,0.4172352,0.808195,-7.18915
649143778,649143687,0.06446502,-0.0048047933,0.11880952,0.18076354,0.7343969,-7.303569
649147527,649147437,0.06292993,-0.0022435028,0.090323605,-0.28656343,0.7247265,-7.6826057
649151275,649151186,0.060843084,0.0003662977,0.0597545,-0.43465275,0.70672494,-7.9704747
649155072,649154980,0.055069223,0.0036639362,0.028975192,-1.0579159,0.79782,-8.139971
649158777,649158687,0.04906424,0.0062716464,-0.0029641138,-1.5097041,0.75523216,-8.371769
649161281,649161188,0.04520978,0.00773399,-0.02469987,-1.4797193,0.67199105,-8.524844
649165078,649164979,0.03720841,0.010229007,-0.05586021,-1.9758812,0.6762794,-8.35967
649168777,649168687,0.030506294,0.011868474,-0.08433622,-1.9345856,0.55630195,-8.098701
649172531,649172438,0.021327987,0.01378858,-0.11232839,-2.1721816,0.5148307,-7.735329
649176281,649176187,0.012274633,0.01597419,-0.14083642,-2.3927636,0.56486905,-7.619145
649178768,649178687,0.0077118925,0.016970683,-0.15820403,-2.1644974,0.48831302,-7.531032
649182529,649182438,-0.0007964549,0.018805848,-0.18368533,-2.275735,0.49775618,-7.0324144
649186301,649186211,-0.008553797,0.02012504,-0.20723619,-2.1916366,0.43095297,-6.56178
649190066,649189978,-0.016375544,0.021602666,-0.22815616,-2.0396855,0.38619345,-5.96169
649193778,649193687,-0.02227516,0.024319418,-0.24708228,-1.7659578,0.58942306,-5.345169
649196268,649196186,-0.025005989,0.024384223,-0.2571292,-1.4929546,0.34730378,-4.88057
649200071,649199980,-0.029161204,0.026958052,-0.27075896,-1.2602129,0.544052,-4.058185
649203778,649203687,-0.031082282,0.02818621,-0.28274423,-0.78516567,0.44498932,-3.532447
649207527,649207437,-0.03196954,0.029217921,-0.29140332,-0.45627335,0.3065898,-2.772222
649211275,649211186,-0.032587003,0.031001069,-0.29858217,-0.28221497,0.4251613,-2.2163527
649213778,649213687,-0.03188107,0.030817797,-0.30149913,-0.008884082,0.19594915,-1.783724
649217525,649217437,-0.029638091,0.032266743,-0.3026885,0.35234383,0.32505724,-0.82960683
649221279,649221188,-0.025726188,0.03330096,-0.3009487,0.809314,0.31246325,-0.0145931225
649225070,649224980,-0.019937038,0.03348032,-0.29564,1.3029826,0.12750901,0.87034154
649228769,649228687,-0.01271621,0.033752378,-0.28839603,1.678839,0.094106294,1.592586
649231294,649231211,-0.008340217,0.033230435,-0.2818638,1.7336557,-0.046942826,2.0690932
649235066,649234978,-0.0014251352,0.033020865,-0.2698292,1.7499762,-0.07119359,2.7963443
649238776,649238687,0.0068810782,0.031843122,-0.2565077,2.0476658,-0.19579796,3.2675674
649242529,649242438,0.013502428,0.031371746,-0.24008457,1.9272766,-0.17870846,3.9665413
649246301,649246211,0.021461247,0.0306981,-0.22103022,1.9595904,-0.17983669,4.6969795
649248776,649248687,0.026387263,0.0293935,-0.20751657,2.0581894,-0.35600498,5.168511
649252528,649252437,0.033300158,0.027840372,-0.18443331,1.8344314,-0.37812203,5.762891
649256276,649256187,0.041985407,0.02633315,-0.16128558,2.1073544,-0.3801447,6.021279
649260073,649259979,0.04711592,0.024515036,-0.13536489,1.7403734,-0.4956952,6.561238
649263782,649263687,0.05127189,0.02244168,-0.11021116,1.2703879,-0.49908492,6.8404675
649266270,649266188,0.05403827,0.020946376,-0.09243935,1.2347628,-0.55393934,6.9617605
649270071,649269979,0.05475061,0.018950043,-0.06466128,0.54650885,-0.54227996,7.2832193
649273777,649273687,0.058623318,0.015604569,-0.03597988,0.7868398,-0.7420511,7.485726
649277525,649277437,0.058789067,0.012301461,-0.007726576,0.42110297,-0.84698826,7.4991517
649281271,649281188,0.05699923,0.010171941,0.018768825,-0.21086344,-0.6740553,7.4293942
649283777,649283687,0.056512736,0.008196621,0.036709145,-0.18055867,-0.7306531,7.306848
649287528,649287438,0.052121587,0.005697255,0.06406287,-0.8175093,-0.7004969,7.321837
649291301,649291210,0.049154956,0.0015050386,0.090990804,-0.8594273,-0.9332907,7.2225566
649295067,649294978,0.044323966,-0.0020478077,0.116805084,-1.0432874,-0.9582379,6.9871235
649298776,649298687,0.038699728,-0.004577842,0.13978775,-1.3867011,-0.82217556,6.6260743
649301276,649301187,0.03629499,-0.0071601314,0.15492572,-1.1723982,-0.916417,6.351928
649305072,649304980,0.030042179,-0.01031172,0.17624953,-1.5078956,-0.8886234,5.9310236
649308779,649308687,0.02402078,-0.014980854,0.19501145,-1.6014925,-1.0916954,5.337747
649312520,649312437,0.017258639,-0.018413633,0.2113161,-1.713589,-1.0094352,4.838446
649316268,649316187,0.01097959,-0.02152851,0.2258471,-1.7481331,-0.9107329,4.239523
649318776,649318687,0.0074242107,-0.023828415,0.23476095,-1.5602953,-0.90981054,3.920803
649322527,649322437,0.0031892722,-0.027420472,0.24612048,-1.3557665,-0.9426932,3.352972
649326278,649326188,0.00045776722,-0.030888641,0.2544037,-0.94534826,-0.9281157,2.616506
649330077,649329980,-0.004316541,-0.03403147,0.2601719,-1.1080955,-0.85797757,1.9311988
649333778,649333687,-0.006540154,-0.036510956,0.2625009,-0.88346124,-0.7747825,1.1606982
649336301,649336211,-0.008367232,-0.038132377,0.26321888,-0.7700365,-0.7108644,0.74623454
649340070,649339980,-0.0089865485,-0.04019245,0.26253033,-0.48573685,-0.62418383,0.1607703
649343778,649343688,-0.007970784,-0.04251806,0.2584965,0.044152454,-0.6128333,-0.6194805
649347530,649347440,-0.008881617,-0.04370231,0.2528461,-0.10469704,-0.44823596,-1.2127041
649351300,649351210,-0.006085704,-0.045133293,0.24475098,0.33506438,-0.40299106,-1.795311
649353778,649353688,-0.0052652806,-0.04590329,0.23775393,0.3668201,-0.3605022,-2.274706
649357527,649357437,-0.0032081518,-0.046587817,0.22560357,0.41655844,-0.22835939,-2.8316412
649361267,649361186,0.0016726279,-0.045926362,0.21241638,1.0085567,0.02016266,-3.3681252
649365078,649364980,0.004213077,-0.04477233,0.19655177,0.8596592,0.17848484,-3.8189895
649368777,649368687,0.008171283,-0.043745022,0.18005666,0.91118044,0.2581683,-4.276538
649371278,649371188,0.011666319,-0.042813215,0.16738048,1.1753818,0.30823278,-4.6594267
649375071,649374980,0.015297279,-0.04032466,0.14705813,0.9605005,0.53998,-5.0969925
649378769,649378687,0.019819109,-0.038404506,0.12693624,1.1374503,0.5373412,-5.419143
649382527,649382437,0.02205219,-0.035845086,0.105521716,0.8471974,0.60636723,-5.6242867
649386277,649386188,0.0250955,-0.031272143,0.08243721,0.7729349,1.0251786,-5.9192414
649388776,649388686,0.027275756,-0.02844501,0.06754558,0.83400095,1.0658208,-5.9413843
649392536,649392438,0.028976275,-0.023001278,0.04466327,0.57459724,1.3059144,-6.0333395
649396301,649396211,0.03009174,-0.01939708,0.020541744,0.36799797,1.1205338,-6.2926993
649400066,649399978,0.029611854,-0.014922716,-0.0020430984,0.09260283,1.1642729,-6.2959223
649403777,649403687,0.028165687,-0.008833985,-0.025234396,-0.22003967,1.4668072,-6.181948
649406276,649406187,0.027471343,-0.0054843402,-0.03988678,-0.24551675,1.4026287,-6.0449677
649410071,649409980,0.024989435,0.0005459086,-0.061797634,-0.51405835,1.5183848,-5.881386
649413777,649413687,0.02163653,0.005566266,-0.08198612,-0.78825843,1.4874716,-5.723279
649417527,649417437,0.016809074,0.011241332,-0.10219453,-1.0855075,1.4732529,-5.5210443
649421275,649421186,0.011150127,0.017266849,-0.12198418,-1.3676616,1.563707,-5.3268304
649423778,649423687,0.0071242303,0.020520648,-0.1338314,-1.4655087,1.4434029,-5.0553093
649427525,649427437,0.0014228611,0.025880747,-0.1507031,-1.5374357,1.420086,-4.679097
649431270,649431188,-0.0044297166,0.030426906,-0.16553089,-1.5550731,1.3556626,-4.3623834
649435071,649434980,-0.010845702,0.034677077,-0.1791803,-1.6419231,1.1995887,-3.8986604
649438777,649438687,-0.01720161,0.039336443,-0.19146746,-1.7314366,1.2246511,-3.4691606
649441301,649441211,-0.021983134,0.041395903,-0.1982979,-1.7869259,1.0287372,-3.1384993
649445068,649444979,-0.028413298,0.044908002,-0.2082213,-1.8059334,0.96714085,-2.7951062
649448775,649448687,-0.032880623,0.047529742,-0.21542516,-1.4397079,0.83273923,-2.3333433
649452529,649452438,-0.03889942,0.050725996,-0.21989806,-1.48759,0.8297022,-1.614264
649456302,649456211,-0.04293944,0.05302648,-0.22371258,-1.3273557,0.69434935,-1.2122383
649458776,649458687,-0.044648442,0.05337164,-0.22432028,-0.9766454,0.4244923,-0.7666329
649462527,649462437,-0.047938094,0.05346358,-0.22428341,-1.0294039,0.20689905,-0.26289332
649466268,649466186,-0.04799044,0.05345377,-0.22329924,-0.40620953,0.09879912,0.042876065
649470072,649469980,-0.04959655,0.05425301,-0.21918723,-0.2885664,0.14245567,0.7270232
649473778,649473688,-0.049654063,0.052728154,-0.21355449,-0.22686945,-0.1930434,1.2216533
649476279,649476188,-0.048019696,0.051205955,-0.20847817,0.22573993,-0.38732424,1.5907246
649480082,649479979,-0.047507502,0.0489181,-0.20012645,0.11242535,-0.50786555,2.027711
649483778,649483687,-0.0421918,0.046327643,-0.18985678,0.9137086,-0.64245635,2.504602
649487525,649487437,-0.039404597,0.04249382,-0.17787154,0.90342027,-0.90865463,2.946071
649491279,649491188,-0.035290744,0.038062625,-0.16414924,0.94948626,-1.0477731,3.399618
649493778,649493687,-0.030741714,0.03467989,-0.15439302,1.3805182,-1.1919281,3.629525
649497529,649497438,-0.027272992,0.031348154,-0.13969319,1.078165,-1.0206897,3.9180675
649501301,649501211,-0.020860966,0.025939988,-0.12317775,1.4454728,-1.2823601,4.1988335
649505069,649504980,-0.015329522,0.020223973,-0.105352305,1.5331444,-1.4451852,4.5483875
649508776,649508686,-0.009462912,0.01499396,-0.08663476,1.4864408,-1.3913679,4.8486814
649511267,649511186,-0.005827146,0.011329762,-0.07406407,1.540013,-1.4765085,5.070577
649515079,649514981,-0.0014077548,0.0048311367,-0.052923195,1.2165359,-1.5816337,5.309647
649518776,649518687,0.0035588678,-0.00030892013,-0.03397399,1.3223553,-1.474005,5.2688265
649522528,649522437,0.0072274655,-0.005158126,-0.013854719,1.1512613,-1.3722223,5.328898
649526276,649526187,0.01195853,-0.010933389,0.00689609,1.1385201,-1.5010383,5.4630203
649528776,649528687,0.013219677,-0.014723436,0.01993922,0.89106315,-1.5418279,5.5022507
649532528,649532438,0.014401541,-0.019171447,0.041079924,0.45234728,-1.3251377,5.5998635
649536277,649536188,0.015900698,-0.023521252,0.061511405,0.47914305,-1.2135909,5.491118
649540070,649539979,0.015365801,-0.027765475,0.08139376,0.11331994,-1.1651057,5.3680854
649543779,649543687,0.016297897,-0.031933814,0.10082028,0.095989704,-1.130185,5.263654
649546302,649546211,0.014815094,-0.03460437,0.11338835,-0.18131141,-1.0991855,5.145303
649550066,649549978,0.01305553,-0.037550356,0.13068947,-0.46436945,-0.9209386,4.9364815
649553778,649553687,0.010497946,-0.03993551,0.14766964,-0.5408666,-0.7517122,4.669072
649557528,649557438,0.004900767,-0.04186408,0.1638703,-1.0876302,-0.60247433,4.4412355
649561301,649561211,0.0024935436,-0.043394033,0.17790975,-0.9096097,-0.47280005,4.011091
649563779,649563687,0.0003574669,-0.043900017,0.18617623,-0.8705504,-0.36085054,3.7859948
649567531,649567437,-0.0033525685,-0.045178648,0.19774096,-1.0576257,-0.3366841,3.3696702
649571275,649571187,-0.0069822567,-0.045304116,0.20736738,-0.97019297,-0.14593074,2.8473904
649575071,649574980,-0.013266525,-0.044690322,0.21557711,-1.3379581,0.039813373,2.4270344
649578777,649578687,-0.016429007,-0.044113424,0.22069237,-1.122375,0.1218463,1.8316312
649581271,649581188,-0.018543884,-0.043695163,0.22385547,-0.9604005,0.1393255,1.5544903
649585070,649584980,-0.021736573,-0.041624043,0.22647484,-0.9587913,0.40246078,1.0377202
649588777,649588687,-0.023032177,-0.04013973,0.2263622,-0.5732361,0.42468664,0.3317324
649592527,649592437,-0.02545407,-0.037636228,0.22490238,-0.591283,0.535692,-0.12120349
649596272,649596188,-0.026777465,-0.034158144,0.22073387,-0.48554337,0.8133101,-0.7365508
649598776,649598687,-0.027046945,-0.03259561,0.21679005,-0.29724458,0.71866256,-1.1476077
649602529,649602438,-0.027375475,-0.029001813,0.2089027,-0.17745112,0.8722669,-1.7037984
649606304,649606210,-0.026162542,-0.026633335,0.19991264,0.13563158,0.75607413,-2.170535
649610067,649609978,-0.025170952,-0.022909211,0.18864843,0.23804587,0.86947185,-2.6961684
649612843,649612731,-0.022904912,-0.02012307,0.17712805,0.45009673,1.0145533,-3.0570405
649616568,649616480,-0.019302823,-0.014147535,0.15403825,0.78000635,1.3369938,-4.9788227
649620319,649620230,-0.015800264,-0.008464357,0.134217,0.8341919,1.4160497,-5.0611386
649624070,649623980,-0.012717331,-0.00516386,0.11992556,0.83503616,1.1044779,-4.2662086
649626570,649626480,-0.011772568,-0.0035704484,0.11223837,0.6129555,0.8705749,-3.7110536
649630318,649630230,-0.008476319,-0.0017771411,0.09870845,0.8032821,0.65433645,-3.6883807
649634070,649633980,-0.0061784987,0.00021326932,0.08291912,0.72592723,0.5858717,-4.053701
649637817,649637730,-0.0020540103,0.0041486197,0.06291452,0.8896578,0.87213963,-4.841305
649641568,649641479,0.001870157,0.0074348724,0.040240522,1.0312543,0.9040604,-5.6167145
649644071,649643980,0.0027085822,0.010104185,0.024798632,0.6893035,0.967009,-5.8754153
649647818,649647730,0.0071622245,0.013053437,-0.0003506838,1.0119832,0.8903596,-6.396591
649651569,649651480,0.009081818,0.016519,-0.024225848,0.7647716,0.8969066,-6.3753786
649655321,649655231,0.010627716,0.019898714,-0.047769062,0.4228373,0.91086364,-6.290489
649659067,649658979,0.0135507835,0.021919284,-0.07045973,0.67214495,0.6674198,-6.182143
649661569,649661480,0.012028736,0.023407105,-0.084397666,0.07260564,0.6321422,-5.8859363
649665316,649665229,0.012935741,0.024501419,-0.10580564,0.10999562,0.45087016,-5.637318
649669068,649668979,0.01178905,0.026825383,-0.1244221,0.0018449863,0.5080673,-5.2240458
649672817,649672729,0.009215094,0.02800938,-0.1427836,-0.5366236,0.41827512,-4.997126
649676570,649676480,0.008626192,0.02831783,-0.1603516,-0.36132395,0.21958356,-4.8207445
649679069,649678980,0.0044092354,0.029218804,-0.17083675,-0.93941236,0.2808904,-4.516307
649682816,649682729,0.0030289388,0.029618962,-0.18545118,-0.6940213,0.19413477,-4.140552
649686569,649686480,-0.00026502786,0.029718505,-0.19729282,-0.6757105,0.038302787,-3.547438
649690319,649690229,-0.0053889407,0.030219002,-0.20810361,-1.1690444,0.116582766,-3.107318
649694080,649693979,-0.007253962,0.029483285,-0.2167716,-0.80951494,-0.068151906,-2.6164644
649696570,649696480,-0.0117441425,0.029645897,-0.22151577,-1.2328329,-0.015390078,-2.2707698
649700318,649700230,-0.014603355,0.028886348,-0.2269651,-1.0250238,-0.09961077,-1.7561927
649704074,649703981,-0.018392252,0.028372698,-0.22944511,-0.9080687,-0.15728192,-1.0853523
649707817,649707730,-0.022445137,0.028475033,-0.22966482,-1.052946,-0.046651345,-0.42075357
649711569,649711480,-0.024296068,0.026030203,-0.22805901,-0.7370827,-0.39390868,0.10231953
649714070,649713980,-0.027231287,0.025615623,-0.22505543,-0.92063457,-0.29600942,0.62207025
649717817,649717729,-0.027717635,0.024076935,-0.2197446,-0.46956024,-0.34394088,1.0781595
649721580,649721480,-0.029602086,0.022411814,-0.21253121,-0.40673405,-0.41551983,1.6274956
649725319,649725230,-0.030404389,0.02097041,-0.20307133,-0.35404044,-0.40314993,2.2099369
649729068,649728979,-0.028958613,0.019813202,-0.19071965,0.13368589,-0.33579382,2.875707
649731569,649731480,-0.02966386,0.01870109,-0.18192643,-0.06440862,-0.38882956,3.17751
649735319,649735230,-0.02616656,0.01688872,-0.16725363,0.5588954,-0.44587994,3.6505518
649739073,649738983,-0.025265012,0.01471389,-0.1511533,0.43898508,-0.52938473,4.054029
649742817,649742729,-0.02183675,0.012569672,-0.13420704,0.6312701,-0.5714514,4.350849
649746569,649746480,-0.016722675,0.0100384075,-0.115286514,1.1728916,-0.6261765,4.778309
649749068,649748979,-0.015728742,0.008901985,-0.10193406,0.7869712,-0.54390913,5.0409746
649752816,649752729,-0.009579928,0.0071191518,-0.08126778,1.3458111,-0.4938863,5.332808
649756572,649756481,-0.006046699,0.004638043,-0.05873082,1.197812,-0.60723025,5.588139
649760320,649760230,-0.0003434994,0.0026965584,-0.037073378,1.2522551,-0.5425459,5.7296953
649764071,649763980,0.0073405337,-0.00016372872,-0.015316695,1.7825055,-0.67841506,5.740438
649766570,649766480,0.00841725,-0.0013529296,-0.0004366864,1.1475286,-0.58183026,5.8515983
649770318,649770230,0.01559502,-0.0037265222,0.021659661,1.6076261,-0.5839355,5.880891
649774069,649773979,0.019516421,-0.0057194736,0.044353686,1.3612088,-0.57441306,5.9687057
649777817,649777729,0.023263134,-0.007660928,0.0658181,1.007222,-0.5269168,5.8280234
649781569,649781480,0.02873138,-0.009968982,0.08624148,1.3063227,-0.5633308,5.570518
649784074,649783980,0.029529493,-0.011062074,0.09966967,0.852479,-0.5068682,5.482606
649787817,649787729,0.034352284,-0.013106556,0.118850455,1.0911096,-0.50607115,5.2480917
649791568,649791480,0.037193656,-0.015001736,0.13734463,0.9663182,-0.5348775,5.0194373
649795318,649795230,0.038352747,-0.016121998,0.15395702,0.48442388,-0.3792507,4.66429
649799070,649798980,0.03966471,-0.017656837,0.16853108,0.4029132,-0.36028755,4.1515546
649801569,649801480,0.038549684,-0.01823173,0.17805791,0.017483521,-0.31930807,3.9948022
649805321,649805231,0.038960997,-0.019889131,0.18961288,0.055816613,-0.34328502,3.4207706
649809071,649808980,0.038133394,-0.020961411,0.19946174,-0.075715095,-0.32961592,2.9026618
649812818,649812729,0.036056966,-0.02148747,0.20704776,-0.4076299,-0.2164142,2.385312
649816570,649816480,0.034313902,-0.023388823,0.21335928,-0.42101425,-0.37508544,1.9172243
649819067,649818979,0.031921625,-0.023515185,0.21638249,-0.68081087,-0.23764996,1.5785123
649822818,649822729,0.02899882,-0.02406442,0.21824971,-0.73522335,-0.14762469,0.8958965
649826569,649826480,0.024638029,-0.024409918,0.21824907,-0.9779543,-0.1276699,0.3178516
649830323,649830230,0.02133347,-0.024660625,0.21599047,-0.969343,-0.1009924,-0.224148
649834071,649833980,0.017872283,-0.025171429,0.21196815,-0.8914082,-0.121083796,-0.79241306
649836571,649836481,0.01446124,-0.02541936,0.20834517,-1.1399661,-0.10941248,-1.0890962
649840321,649840230,0.010959352,-0.02524759,0.20076843,-0.9499248,-0.016747491,-1.7025095
649844072,649843980,0.006783938,-0.025712581,0.19190784,-1.0462269,-0.07910052,-2.1418793
649847825,649847730,0.003206805,-0.025159251,0.17963389,-1.0426872,0.0726318,-2.7582598
649851569,649851480,0.00095099036,-0.024773404,0.16633949,-0.680047,0.09269185,-3.2677693
649854071,649853980,-0.0020115513,-0.02389442,0.15744996,-0.9347653,0.2210473,-3.401363
649857817,649857730,-0.002529399,-0.023070075,0.14184657,-0.41517344,0.20631872,-3.9079716
649861568,649861480,-0.005510067,-0.021639941,0.12580526,-0.5635265,0.30106688,-4.148194
649865318,649865231,-0.0070442334,-0.02042524,0.107337505,-0.58459896,0.35044003,-4.6086063
649869073,649868980,-0.005482809,-0.019055936,0.08801823,0.08511344,0.34478635,-4.9858627
649871568,649871480,-0.0068751522,-0.017586572,0.075414136,-0.22060767,0.45387867,-4.999902
649875320,649875230,-0.0044660037,-0.016374089,0.054992184,0.2729153,0.39632437,-5.284764
649879071,649878980,-0.0044710045,-0.0137934545,0.03504055,0.24194466,0.550663,-5.32801
649882817,649882729,-0.0033072876,-0.011267702,0.013746338,0.17275847,0.6483595,-5.5074797
649886570,649886480,0.00026141055,-0.008983642,-0.006962973,0.67330205,0.62295353,-5.548234
649889068,649888980,-0.00016396992,-0.0064235493,-0.020486644,0.2919561,0.7981567,-5.4759736
649892816,649892729,0.0038170626,-0.0046559284,-0.040612366,0.7241213,0.6292978,-5.4150133
649896570,649896480,0.006027986,-0.001920816,-0.059556402,0.75751376,0.6421446,-5.1906796
649900319,649900230,0.0078871045,0.0012935032,-0.07859517,0.5072657,0.79620785,-5.0894437
649904069,649903980,0.011392771,0.003597342,-0.09681702,0.75981057,0.69935316,-4.9681206
649906571,649906481,0.011455467,0.0062283813,-0.10813052,0.43031752,0.85371286,-4.7455873
649910318,649910229,0.014455324,0.008903376,-0.12387265,0.6158544,0.79057944,-4.399178
649914074,649913980,0.0152928475,0.012158197,-0.13780174,0.4538094,0.79454017,-3.9839349
649917818,649917730,0.01601435,0.015628306,-0.15103425,0.21687075,0.8953573,-3.6537714
649921569,649921480,0.017666776,0.01811146,-0.16263928,0.3582829,0.7570807,-3.3192048
649924078,649923983,0.016570775,0.02003459,-0.16926493,-0.0062712887,0.75674605,-2.999211
649927818,649927730,0.0177249,0.02257975,-0.1778834,0.1683224,0.73256785,-2.5747626
649931568,649931480,0.015873123,0.02533111,-0.18460177,-0.16661489,0.70977163,-2.0761275
649935319,649935230,0.014921374,0.0280025,-0.18939318,-0.31094038,0.702244,-1.5592128
649939080,649938983,0.01362627,0.029893631,-0.1923908,-0.2841128,0.5821749,-1.0769887
649941569,649941480,0.01048414,0.031244384,-0.19374138,-0.7528758,0.5652373,-0.8123784
649946572,649946481,0.0074192816,0.033592775,-0.19319296,-0.7146863,0.47582787,-0.09633291
649949067,649948979,0.0051107523,0.03427422,-0.19102229,-0.7701738,0.3846941,0.3502752
649952818,649952730,0.0021362202,0.035554405,-0.18729278,-0.92075926,0.35266554,0.7783392
649956569,649956480,-7.4011623e-06,0.035759278,-0.18204883,-0.61156744,0.15719336,1.1334437
649959067,649958979,-0.0043025543,0.03594641,-0.17774379,-1.1549704,0.1276389,1.4267769
649962816,649962729,-0.0057349177,0.035599105,-0.16954671,-0.6502904,-0.01771203,1.8912157
649966572,649966481,-0.010794965,0.035867393,-0.16003393,-0.9646615,0.034725253,2.2911491
649970318,649970230,-0.0138500165,0.03541499,-0.14901954,-1.0262825,-0.054656755,2.7235577
649974071,649973980,-0.014711419,0.03393415,-0.13642837,-0.43808594,-0.27348897,3.0894673
649976570,649976480,-0.018300774,0.032969743,-0.12741397,-0.9214546,-0.32063293,3.3339925
649980317,649980229,-0.018395534,0.031017283,-0.11424918,-0.35177162,-0.448131,3.4287488
649984070,649983980,-0.02116825,0.02895552,-0.09986415,-0.4754778,-0.5210788,3.685521
649987818,649987730,-0.021519119,0.026513178,-0.08452381,-0.37802708,-0.5870362,3.9650776
649991569,649991480,-0.020422218,0.023023356,-0.068195306,0.077719465,-0.8140792,4.183369
649994071,649993980,-0.021780806,0.02118904,-0.056978084,-0.21679106,-0.78445816,4.3306036
649997818,649997730,-0.019298725,0.017391214,-0.04008207,0.33397838,-0.9043296,4.4402275
650001568,650001480,-0.018659415,0.013724247,-0.023021068,0.30507073,-0.98394835,4.483289
650005321,650005231,-0.016080335,0.009982235,-0.006895757,0.4686661,-0.9774242,4.417379
650009070,650008980,-0.012809259,0.005648351,0.010007835,0.7491323,-1.0757656,4.450686
650011569,650011480,-0.011600821,0.0032197423,0.021427125,0.6193424,-1.0373203,4.508271
650015318,650015230,-0.007292827,-0.0014849749,0.03775144,0.9633958,-1.1652429,4.3802333
650019067,650018979,-0.0044237394,-0.0064871907,0.054268923,0.8452249,-1.2947229,4.3636866
650022817,650022729,-0.00072255,-0.01012095,0.06951131,0.898156,-1.0777555,4.1989155
650026571,650026481,0.003653358,-0.014109656,0.0836398,1.1179429,-1.0619138,3.9141154
650029071,650028980,0.0061745266,-0.016466536,0.09298229,1.0454721,-1.0124055,3.843531
650032819,650032730,0.01039569,-0.020601228,0.106536046,1.1085492,-1.0106204,3.573518
650036570,650036481,0.012335734,-0.024134612,0.11896513,0.75220853,-0.96792334,3.3999481
650040317,650040229,0.016015619,-0.027115226,0.13039298,0.8374895,-0.86452574,3.194626
650044070,650043980,0.019266315,-0.031014366,0.13944717,0.9233526,-0.9730463,2.6790175
650046569,650046480,0.020021943,-0.03278961,0.14510101,0.5956733,-0.85171854,2.492652
650050319,650050229,0.022017993,-0.034704134,0.15255894,0.6335391,-0.6251549,2.1557362
650054076,650053984,0.022008715,-0.036091145,0.15945719,0.25416404,-0.49856174,1.9302433
650057818,650057730,0.023241825,-0.037912432,0.16416316,0.19982423,-0.4734464,1.5286673
650061568,650061480,0.023401378,-0.039047044,0.16770718,0.1873895,-0.36007294,1.1302375
650064073,650063980,0.021401053,-0.0387654,0.16955216,-0.30001003,-0.13972685,0.95780873
650067816,650067729,0.020955462,-0.039461814,0.17033231,-0.16785362,-0.17214921,0.46865863
650071569,650071480,0.017442876,-0.038836177,0.17030957,-0.56509215,0.025978286,0.160383
650075322,650075230,0.015257135,-0.038357683,0.16848122,-0.70073515,0.11644182,-0.21383451
650079067,650078979,0.013697837,-0.03715321,0.16509034,-0.47811344,0.2243789,-0.68398434
650081569,650081480,0.009775137,-0.035750087,0.16244794,-0.99781966,0.3856208,-0.8446627
650085318,650085230,0.0075307516,-0.034488976,0.15645804,-0.7456087,0.3557193,-1.3553191
650089067,650088979,0.0029874523,-0.032084227,0.15016237,-0.95939744,0.49480855,-1.5505668
650092817,650092729,-0.0015492501,-0.02914821,0.14119889,-1.2045394,0.70651805,-2.0597296
650096571,650096481,-0.004467107,-0.02673427,0.13188313,-0.91532594,0.65586424,-2.3464994
650099074,650098984,-0.008902619,-0.02410939,0.12496628,-1.3163521,0.83722854,-2.5275745
650102819,650102730,-0.011750705,-0.021309515,0.11280639,-0.99418527,0.79213643,-3.003536
650106573,650106480,-0.015393264,-0.017649943,0.10023837,-0.9010744,0.8627354,-3.2154202
650110318,650110230,-0.018402662,-0.013821581,0.08656211,-0.9065209,0.988096,-3.4605665
650114070,650113980,-0.019797193,-0.010792843,0.07245438,-0.5698904,0.862813,-3.6883712
650116569,650116480,-0.02214096,-0.0077538122,0.0625653,-0.7347782,1.0311439,-3.8035407
650120321,650120230,-0.023280421,-0.0036103234,0.046936754,-0.4854105,1.0866294,-4.0320807
650124078,650123980,-0.025565967,0.0010411446,0.03116536,-0.47579148,1.1158963,-4.030565
650127816,650127729,-0.025692044,0.0049744216,0.015184204,-0.27353847,1.0652552,-4.184951
650131569,650131480,-0.024757838,0.008158288,-0.0016174013,0.11396156,0.94661623,-4.371839
650134070,650133980,-0.024899125,0.010010674,-0.012263321,0.012077063,0.84359175,-4.311866
650137817,650137729,-0.022463974,0.0134418635,-0.028655574,0.44625735,0.92177045,-4.371861
650141569,650141480,-0.021715805,0.01718654,-0.044603433,0.32681248,0.9426871,-4.2880344
650145317,650145229,-0.019019868,0.020264024,-0.05983443,0.46487042,0.8684841,-4.116893
650149067,650148979,-0.016019575,0.023036562,-0.074506834,0.7589317,0.78669596,-4.028212
650151568,650151480,-0.015866954,0.024741728,-0.08442039,0.3940523,0.73576105,-3.9853768
650156572,650156481,-0.011504951,0.026782872,-0.104220815,0.7454316,0.49691337,-3.9531193
650159067,650158979,-0.010358384,0.027927298,-0.11197422,0.66553324,0.4782071,-3.5542798
650162817,650162729,-0.0065384116,0.029240176,-0.12397159,0.71877307,0.4191519,-3.3188996
650166571,650166481,-0.0032228963,0.030765565,-0.13547061,0.93515295,0.38206935,-3.1773365
650169073,650168980,-0.0034761808,0.031346675,-0.14218464,0.41123018,0.3224871,-2.9326108
650172818,650172730,7.6417e-05,0.031872045,-0.15127367,0.7995367,0.19569153,-2.6362991
650176571,650176481,-0.00012814732,0.0318649,-0.15834574,0.3506364,0.07489303,-2.1486588
650180317,650180229,0.0017948489,0.031698797,-0.16424945,0.29972085,0.031679012,-1.7934742
650184073,650183980,0.0041693556,0.031747203,-0.1691091,0.61182123,-0.004254071,-1.4822998
650186569,650186480,0.002687863,0.03112139,-0.17063731,0.013708812,-0.11677186,-1.0668932
650190320,650190230,0.0042076153,0.029469622,-0.17253172,0.2859329,-0.30126175,-0.73780733
650194072,650193980,0.0017458353,0.02855968,-0.17289789,-0.21928267,-0.27990907,-0.33913094
650197817,650197730,0.000745459,0.027568616,-0.17156813,-0.35950643,-0.25043848,0.1288973
650201568,650201480,0.0003039622,0.025191056,-0.16729209,-0.14293015,-0.5093604,0.7490397
650204071,650203980,-0.0019400419,0.02366267,-0.16375403,-0.5140043,-0.55495155,1.0617895
650207818,650207730,-0.0028591114,0.021151226,-0.15814735,-0.33456507,-0.61057353,1.3284913
650211569,650211479,-0.0057768053,0.01945273,-0.15053442,-0.5665758,-0.5568171,1.7651608
650215319,650215230,-0.008079701,0.016660742,-0.14168398,-0.66020435,-0.66271365,2.1479778
650219068,650218979,-0.010128814,0.014218497,-0.13078615,-0.5121232,-0.6249666,2.5395412
650221577,650221480,-0.012139245,0.01293916,-0.123226576,-0.6722439,-0.57641983,2.7750983
650225317,650225229,-0.013993683,0.0102381045,-0.11084142,-0.51223767,-0.64805263,3.10585
650229074,650228983,-0.016868453,0.0077070757,-0.09654175,-0.6754217,-0.6824529,3.550075
650232817,650232729,-0.018443149,0.00521074,-0.08218809,-0.5582061,-0.67641616,3.7294967
650236572,650236482,-0.019589834,0.0021941098,-0.06703969,-0.32202375,-0.7294392,3.9131432
650239070,650238980,-0.020494489,0.0010155044,-0.056676585,-0.3788036,-0.6221065,4.034756
650242818,650242729,-0.021218713,-0.0014633231,-0.040342446,-0.18326682,-0.62084585,4.2348504
650246569,650246480,-0.023191182,-0.003878239,-0.022558523,-0.39541617,-0.64542544,4.5431232
650250320,650250230,-0.020703584,-0.0055055832,-0.006303844,0.20336483,-0.52510786,4.424387
650254072,650253980,-0.019687276,-0.007959053,0.010870019,0.34432063,-0.5939731,4.4756045
650256571,650256480,-0.019255264,-0.009569451,0.0216631,0.21728882,-0.6192174,4.414263
650260320,650260230,-0.01710266,-0.012006728,0.038721118,0.5490089,-0.6341373,4.474447
650264078,650263984,-0.016112672,-0.014120051,0.05621103,0.3699203,-0.5940943,4.5924926
650267816,650267729,-0.012233924,-0.015518107,0.07211239,0.6783528,-0.4414179,4.384683
650271569,650271480,-0.00782685,-0.016992293,0.08722165,1.1063703,-0.42412472,4.127427
650274073,650273983,-0.0061666844,-0.017720308,0.096518844,0.8618718,-0.36571425,3.948615
650277817,650277729,-0.0008985084,-0.0194964,0.11025584,1.263102,-0.4218575,3.7546697
650281569,650281480,0.0015198503,-0.020646963,0.12410875,0.9233255,-0.35993886,3.6923792
650285318,650285230,0.006235492,-0.021571055,0.13477683,1.035735,-0.24702781,3.1757488
650289067,650288979,0.010825306,-0.0217584,0.14436293,1.2122985,-0.15712205,2.7480187
650291568,650291480,0.012345708,-0.021662507,0.15057267,0.9139725,-0.06659199,2.6422653
650295317,650295229,0.017401373,-0.022789534,0.1582724,1.190969,-0.1992229,2.2358952
650299073,650298980,0.019404463,-0.022387095,0.16503514,0.8393168,-0.048255898,1.9713328
650302818,650302730,0.022245413,-0.022222009,0.16932613,0.72444004,0.055991556,1.466805
650306580,650306480,0.025772134,-0.02253474,0.1722982,0.843092,-0.03315685,0.9815001
650309078,650308980,0.026269581,-0.02138478,0.17345746,0.54406625,0.20460649,0.7568419
650312817,650312729,0.028468382,-0.020711865,0.17324089,0.5444355,0.19413517,0.21793124
650316569,650316480,0.02849781,-0.019758701,0.17148842,0.2540379,0.17386512,-0.20268337
650320319,650320230,0.028201282,-0.019222911,0.16753833,-0.0045633563,0.1910778,-0.7144348
650324071,650323980,0.027542595,-0.01882929,0.16275543,-0.08304883,0.14433052,-1.113391
650326571,650326481,0.025972268,-0.017360542,0.15821989,-0.34927315,0.3483057,-1.4303137
650330319,650330230,0.024871793,-0.016010802,0.15089874,-0.29253474,0.35903084,-1.7749351
650334070,650333980,0.022007708,-0.014828151,0.14239836,-0.5741567,0.30929977,-2.086313
650337818,650337729,0.019516857,-0.013372579,0.13121498,-0.6943648,0.36856973,-2.656522
650341569,650341480,0.01618172,-0.011855693,0.11901948,-0.7513211,0.40091473,-3.0451472
650344070,650343980,0.013307578,-0.011195888,0.1099491,-0.9661135,0.33417404,-3.3002644
650347817,650347729,0.009661064,-0.0097567225,0.09699962,-0.9086582,0.37661725,-3.4418662
650351569,650351480,0.0043578506,-0.007890748,0.082726695,-1.2081754,0.45692846,-3.645997
650355319,650355230,0.0025546283,-0.005985414,0.06702467,-0.8518592,0.47222218,-3.983304
650359069,650358979,-0.0014703325,-0.0045689996,0.051020317,-0.8651392,0.3986546,-4.1851416
650361568,650361480,-0.0049403626,-0.003831487,0.040047485,-1.1582987,0.35947484,-4.271746
650365318,650365230,-0.006958373,-0.0020061315,0.023587866,-0.65100706,0.41520596,-4.369517
650369075,650368985,-0.011577567,4.465034e-05,0.0067011686,-1.0005732,0.5039238,-4.442932
650372818,650372730,-0.012642845,0.0014301275,-0.010161498,-0.70110995,0.42931232,-4.4545913
650376570,650376480,-0.014264896,0.002623851,-0.026725043,-0.38480824,0.35119182,-4.4590325
650379070,650378980,-0.01633913,0.004082462,-0.03789239,-0.6412464,0.47194022,-4.4403462
650382817,650382729,-0.015994092,0.006475507,-0.05375161,-0.0990628,0.5402895,-4.3296943
650386571,650386481,-0.017866861,0.0077447426,-0.069485396,-0.2822594,0.41493425,-4.2184324
650390319,650390230,-0.016149126,0.008680336,-0.084853746,0.022198819,0.3376274,-4.121819
650394072,650393980,-0.015124985,0.00991293,-0.09858194,0.29388613,0.30979517,-3.8565595
650396570,650396480,-0.015583267,0.011268224,-0.10705889,0.035475098,0.42966232,-3.6245565
650400326,650400230,-0.012082111,0.01272287,-0.119244546,0.64215416,0.3847493,-3.3242128
650404071,650403980,-0.011461296,0.014409387,-0.13056697,0.410996,0.38983303,-3.1241689
650407817,650407729,-0.008243003,0.015670799,-0.140484,0.57521397,0.39147794,-2.78654
650411569,650411480,-0.0048806593,0.016396835,-0.14794789,0.83515865,0.24889927,-2.3099277
650414071,650413980,-0.003557527,0.017514061,-0.1522397,0.67051935,0.3480385,-2.0294125
650417817,650417729,0.0002974421,0.017814893,-0.15786257,0.92613024,0.18084896,-1.7114817
650421570,650421480,0.0017339194,0.018748816,-0.16114569,0.6233692,0.21008363,-1.1834464
650425320,650425230,0.0056040366,0.01987949,-0.16384888,0.808071,0.30065998,-0.86638105
650429073,650428982,0.0076758265,0.020374432,-0.16425212,0.70910245,0.19226104,-0.41271186
650431568,650431480,0.009264857,0.020978019,-0.16352582,0.6522152,0.20455591,-0.07358117
650435319,650435230,0.011484918,0.020995982,-0.16116261,0.66833603,0.10808039,0.3583113
650439070,650438980,0.011890025,0.02056028,-0.15737188,0.30453327,-0.053573783,0.77948594
650442817,650442729,0.014671505,0.020847399,-0.1522629,0.5287323,0.03938055,1.1434554
650446570,650446480,0.015002739,0.020643122,-0.14497565,0.3333286,-0.007220908,1.6086512
650449068,650448979,0.015120319,0.021277826,-0.14005022,0.1525122,0.11321009,1.7946992
650452817,650452729,0.014763301,0.02072325,-0.13059627,0.119318925,-0.041041434,2.2223299
650456572,650456481,0.012930641,0.01960864,-0.11999242,-0.30002046,-0.21152955,2.617214
650460320,650460230,0.012976984,0.018985493,-0.109294266,-0.15323648,-0.19795004,2.7872849
650464071,650463980,0.011263876,0.017282236,-0.09612123,-0.21796282,-0.33908433,3.2180457
650466570,650466480,0.010020704,0.017204693,-0.087464035,-0.40780577,-0.19403502,3.3425033
650470318,650470230,0.00841752,0.016722105,-0.074195534,-0.29608074,-0.16752024,3.4344258
650474071,650473981,0.0041954224,0.015196711,-0.059456453,-0.8293343,-0.34021604,3.7627828
650477817,650477729,0.0031556662,0.013071294,-0.044478692,-0.5867678,-0.4468666,3.9231386
650481569,650481480,0.0008725559,0.011557657,-0.028722575,-0.47886282,-0.41370472,4.0480356
650484072,650483981,-0.0012110844,0.011052485,-0.018901091,-0.6868178,-0.31778103,4.0162144
650487818,650487730,-0.0028678617,0.008686665,-0.0039390633,-0.45590657,-0.5158947,3.9631603
650491562,650491480,-0.006698796,0.0064371573,0.011902924,-0.7774431,-0.57275236,4.163346
650495317,650495229,-0.0077483454,0.004394673,0.027830716,-0.5560881,-0.5237494,4.098551
650499071,650498980,-0.007897549,0.0018996459,0.042611845,-0.17013974,-0.61652094,3.9695833
650501568,650501480,-0.00945887,0.0006925124,0.05212709,-0.4010794,-0.5515945,3.902858
650505322,650505231,-0.009177269,-0.0023802733,0.06563688,-0.07966451,-0.6992211,3.6886263
650509068,650508979,-0.0096561825,-0.004470461,0.07863758,-0.06488159,-0.6462618,3.5616422
650512817,650512729,-0.008834077,-0.0071764225,0.09007925,0.037422147,-0.65010065,3.2493901
650516572,650516480,-0.0072068055,-0.009940108,0.10105368,0.3275411,-0.71844524,3.0107546
650519067,650518979,-0.0066332244,-0.0115788635,0.10749168,0.27444974,-0.6816876,2.8245513
650522817,650522729,-0.004082834,-0.013982765,0.11650953,0.55365264,-0.6458097,2.5270731
650526570,650526480,-0.0025681853,-0.016319193,0.124895625,0.46613568,-0.6526562,2.354523
650530318,650530230,0.00047933726,-0.018690795,0.13097297,0.6616536,-0.6125894,1.910334
650534070,650533980,0.0028613335,-0.021089725,0.13634327,0.6854054,-0.6181068,1.5633138
650536571,650536481,0.0048431177,-0.0218327,0.13842821,0.71631646,-0.4697013,1.2458119
650540318,650540229,0.00797619,-0.02380481,0.14131618,0.8458389,-0.5094082,0.9206143
650544071,650543980,0.01015378,-0.025090216,0.1440232,0.6453992,-0.4136211,0.7839251
650547817,650547729,0.013515476,-0.026321046,0.14381455,0.7785518,-0.35365298,0.26703814
650551569,650551480,0.01543086,-0.02740212,0.14293243,0.6837326,-0.31282145,-0.062389195
650554075,650553980,0.017165096,-0.027869022,0.14132555,0.652033,-0.2502438,-0.3219767
650557821,650557730,0.01944041,-0.028173039,0.13837129,0.72147864,-0.15506792,-0.66209024
650561568,650561480,0.019311655,-0.028276592,0.13426176,0.19953944,-0.0690459,-0.9037521
650565317,650565230,0.021897342,-0.027856529,0.12829795,0.42464238,0.04532072,-1.3346524
650569070,650568980,0.022193473,-0.026669199,0.12215098,0.35500726,0.2034157,-1.5496455
650571568,650571480,0.02180099,-0.026594475,0.11666635,0.056281902,0.13026221,-1.8362943
650575321,650575230,0.02253608,-0.025788061,0.10808506,0.2650409,0.16344298,-2.1533706
650579068,650578979,0.019236714,-0.024458468,0.099108584,-0.45945197,0.30508792,-2.2761614
650582817,650582729,0.018782064,-0.02300882,0.08881019,-0.345667,0.36253196,-2.5857995
650586569,650586480,0.016808234,-0.02025313,0.07797289,-0.3031646,0.550754,-2.7396035
650589067,650588979,0.014107576,-0.018601544,0.07016178,-0.7225256,0.6092874,-2.8981345
650592817,650592729,0.012530972,-0.016689599,0.05790047,-0.43923923,0.5352797,-3.152471
650596571,650596481,0.0075904373,-0.0137918405,0.046108644,-0.9651966,0.6610351,-3.117432
650600318,650600229,0.005117421,-0.011285032,0.03374437,-0.8937311,0.70877093,-3.236676
650604070,650603980,0.0017392535,-0.00861742,0.020679574,-0.7826021,0.68474066,-3.4106143
650606572,650606480,-0.0017089173,-0.006030157,0.0119344,-1.1043578,0.861098,-3.4384675
650610316,650610229,-0.004062665,-0.0031811318,-0.0007122692,-0.7430302,0.7750072,-3.4278162
650614072,650613981,-0.008937152,-0.00025075662,-0.013397072,-1.0551645,0.7816963,-3.3841996
650617817,650617730,-0.012102025,0.0034140262,-0.02565305,-0.9969044,0.92260414,-3.3022857
650621573,650621482,-0.015263672,0.0061598793,-0.03795393,-0.8074407,0.80437505,-3.3216858
650624071,650623980,-0.017008683,0.008710115,-0.046446785,-0.78075576,0.90435785,-3.3554678
650627817,650627729,-0.018183747,0.01162903,-0.058041472,-0.43865073,0.8320476,-3.1905456
650631568,650631480,-0.021533366,0.013848562,-0.068388976,-0.7391492,0.64756256,-2.9141114
650635320,650635230,-0.022172216,0.016861694,-0.07918166,-0.412894,0.7698312,-2.8924613
650639068,650638979,-0.02321592,0.019591141,-0.08807174,-0.24477343,0.756543,-2.5776067
650641569,650641479,-0.02301239,0.021092283,-0.093905754,-0.13156839,0.67028004,-2.454605
650645319,650645229,-0.023444694,0.023034712,-0.10188681,-0.023929512,0.6039771,-2.272549
650649069,650648980,-0.023340926,0.02506747,-0.10936654,-0.055679042,0.54074603,-2.0704837
650652816,650652729,-0.0198646,0.027029792,-0.1164995,0.5487921,0.5252712,-1.9557594
650656572,650656481,-0.019558096,0.027609646,-0.121222354,0.34326538,0.30308875,-1.545747
650659067,650658979,-0.017802916,0.028396944,-0.12414083,0.46518362,0.30952397,-1.3497308
650662817,650662729,-0.015313717,0.029087093,-0.12722984,0.7190343,0.22935097,-1.0582244
650666570,650666480,-0.013958985,0.029243417,-0.12926364,0.4083319,0.111809656,-0.6998327
650670319,650670230,-0.009826395,0.02892219,-0.13089515,0.80826384,-0.010888759,-0.54457915
650674071,650673980,-0.0079033645,0.028516054,-0.13047439,0.7488335,-0.08595885,-0.14818081
650676577,650676480,-0.0057379575,0.028217137,-0.13003841,0.70747465,-0.096825875,0.01914656
650680318,650680230,-0.002890839,0.027348664,-0.12742049,0.876972,-0.1761883,0.40966418
650684074,650683980,-0.0019358499,0.025786884,-0.12393843,0.46013188,-0.3390297,0.74940974
650687839,650687751,0.0019701456,0.024404457,-0.12078386,0.7392239,-0.35375756,0.82875454
650691569,650691480,0.003343817,0.021786425,-0.11431685,0.6009466,-0.5834193,1.3681872
650694070,650693980,0.003770489,0.02065502,-0.10986547,0.3617312,-0.5162491,1.5718306
650697817,650697729,0.0059082746,0.018034264,-0.102615505,0.5631906,-0.64849836,1.7617434
650701569,650701480,0.005436135,0.016175384,-0.094494216,0.1355747,-0.5677183,2.027169
650705319,650705230,0.0071716644,0.013806058,-0.085737936,0.26011035,-0.56106436,2.22215
650709074,650708981,0.0074510192,0.011387579,-0.07560378,0.20646133,-0.6450871,2.4985826
650711569,650711480,0.006365989,0.009825982,-0.06893898,-0.1140249,-0.630456,2.5955904
650715320,650715230,0.0062563247,0.006929581,-0.057739142,-0.029091153,-0.7309185,2.8064575
650719067,650718980,0.004167535,0.0045376364,-0.04565822,-0.34848434,-0.68730015,3.0807457
650722817,650722729,0.0030289232,0.0016061808,-0.03431419,-0.35851762,-0.7113909,3.0621145
650726570,650726480,0.0014078827,-0.0015740592,-0.021395162,-0.3584238,-0.80561656,3.2756822
650729070,650728980,0.00033785103,-0.002733985,-0.013104687,-0.4063302,-0.64275277,3.3050687
650732818,650732729,-0.0010558094,-0.0050696647,4.322497e-05,-0.3473385,-0.6292538,3.4029129
650736570,650736480,-0.004226948,-0.0075284364,0.012677326,-0.68840367,-0.6661775,3.394153
650740319,650740230,-0.0057935524,-0.010008156,0.025307711,-0.53480786,-0.65610087,3.3839257
650744071,650743980,-0.008182622,-0.012352898,0.03837841,-0.5492892,-0.6155607,3.4081285
650746571,650746481,-0.008834768,-0.01325194,0.04570598,-0.43428782,-0.5020361,3.1951153
650750318,650750230,-0.010554233,-0.015594161,0.05760256,-0.38362375,-0.5761579,3.1591876
650754071,650753980,-0.012424744,-0.017330343,0.069757886,-0.5115689,-0.51076466,3.2260647
650757818,650757730,-0.011813836,-0.01885013,0.080113515,-0.10286772,-0.43198556,2.9084535
650761568,650761480,-0.013007419,-0.019962855,0.09035053,-0.13810436,-0.33935878,2.781673
650764073,650763980,-0.012375901,-0.020876283,0.096042015,-0.0059151044,-0.3502969,2.5517256
650767817,650767730,-0.0123208,-0.021770325,0.1047985,0.13694414,-0.28609443,2.3743052
650771569,650771480,-0.012904926,-0.022719566,0.112833664,-0.090672,-0.2353581,2.210919
650775322,650775230,-0.009638007,-0.023093889,0.1183753,0.4282497,-0.15780263,1.7553765
650779069,650778980,-0.0077125914,-0.022633353,0.124339215,0.6208809,0.0003522648,1.6280024
650781569,650781480,-0.0066403155,-0.022788258,0.12749836,0.4735578,-0.022588113,1.4649924
650785319,650785230,-0.0040760627,-0.022344233,0.13098025,0.71463186,0.042558406,1.0945514
650789070,650788980,-0.0041878284,-0.022031095,0.13331304,0.25149134,0.07896093,0.8229592
650792818,650792730,2.3204435e-05,-0.022341838,0.13359359,0.6912987,0.005177911,0.35040528
650796570,650796480,0.0034696555,-0.021464633,0.13333775,0.9509647,0.121117726,0.069994606
650799071,650798980,0.004668367,-0.020404294,0.13212197,0.6816339,0.27527824,-0.17956963
650802818,650802730,0.008088845,-0.018651221,0.12981063,0.9012009,0.3816411,-0.4938606
650806571,650806481,0.008660173,-0.016962757,0.12579691,0.44776294,0.41383943,-0.8341919
650810318,650810230,0.011425411,-0.01639975,0.12062797,0.5469347,0.28257945,-1.1781802
650814070,650813980,0.013273465,-0.015538417,0.11463158,0.60427815,0.23929602,-1.4711608
650816571,650816481,0.014237193,-0.01405477,0.1092092,0.47448802,0.41523126,-1.7927893
650820319,650820230,0.016175894,-0.012006669,0.10140387,0.5468652,0.48122278,-1.9951855
650824071,650823980,0.01562415,-0.009720827,0.09199208,0.09223096,0.53705066,-2.2883859
650827817,650827729,0.01649839,-0.008329821,0.082080916,0.1467143,0.4512799,-2.5107598
650831569,650831480,0.01614202,-0.006614977,0.07130573,0.07372883,0.4358718,-2.7592988
650834071,650833980,0.01643049,-0.0052501187,0.063433595,0.063689224,0.4956235,-2.9331615
650837817,650837730,0.014919692,-0.002804751,0.051881008,-0.14650378,0.6036281,-3.0262496
650841569,650841480,0.012734608,-0.00039911247,0.039599195,-0.48788944,0.6120483,-3.1808636
650845319,650845230,0.012305868,0.0013734506,0.026216136,-0.24843748,0.5191044,-3.414773
650849070,650848980,0.008935779,0.0026551327,0.014026302,-0.5764016,0.41801476,-3.333353
650851568,650851480,0.008391351,0.003546202,0.005193973,-0.4435959,0.3870158,-3.4207578
650856572,650856481,0.004382166,0.0064935177,-0.013018683,-0.53931963,0.5412686,-3.6012344
650859067,650858979,0.0013576815,0.008012323,-0.021388834,-0.8691778,0.5739441,-3.4805903
650862817,650862729,0.00026626096,0.009942953,-0.035512604,-0.5089053,0.4978902,-3.5554004
650866571,650866481,-0.0045354897,0.010516007,-0.04724314,-0.8597548,0.29369164,-3.310623
650869070,650868980,-0.0055562127,0.011066094,-0.055594414,-0.70914423,0.25904012,-3.31437
650872818,650872729,-0.008910431,0.012645932,-0.06746676,-0.67139405,0.3607164,-3.2616181
650876571,650876481,-0.012853538,0.013665475,-0.07860396,-0.98987424,0.29199544,-3.0525558
650880318,650880229,-0.012958935,0.014485396,-0.08964506,-0.43967217,0.27223748,-2.985611
650884070,650883980,-0.016152445,0.015690213,-0.098337494,-0.5557981,0.27937183,-2.583769
650886570,650886480,-0.016725188,0.016084995,-0.10431946,-0.45545328,0.2253719,-2.4815555
650890319,650890230,-0.017418075,0.016500724,-0.111324765,-0.15045138,0.1358622,-2.1288564
650894071,650893980,-0.019360129,0.017012259,-0.11832438,-0.4471854,0.13284831,-1.9338115
650897817,650897729,-0.018193262,0.017079666,-0.12453481,-0.011484189,0.089923844,-1.7442762
650901569,650901479,-0.01851061,0.017204579,-0.12814428,0.042266544,0.019221956,-1.2764164
650904070,650903980,-0.017720865,0.01734588,-0.13017885,0.1295624,0.0477521,-1.0536762
650907817,650907730,-0.01633044,0.016846675,-0.13206044,0.36691767,-0.079956904,-0.74327046
650911569,650911480,-0.015131458,0.016629089,-0.13296668,0.29197013,-0.09384135,-0.38079116
650915318,650915230,-0.0127566,0.01592371,-0.13244867,0.48066226,-0.10957544,-0.067263424
650919067,650918979,-0.010797345,0.015600767,-0.13050903,0.56351054,-0.13428064,0.27705675
650921568,650921480,-0.008804648,0.015403813,-0.12881532,0.6486518,-0.09279926,0.4779569
650925317,650925229,-0.006081513,0.0143866865,-0.12448345,0.74701154,-0.22804494,0.88466704
650929073,650928980,-0.00415368,0.013711742,-0.11853702,0.5743237,-0.21312499,1.354339
650932817,650932729,-0.00046989185,0.012703258,-0.11221424,0.8299123,-0.21672851,1.5548292
650936569,650936480,0.0021410855,0.011632092,-0.104750685,0.7850404,-0.26691487,1.8100662
650939070,650938980,0.004701049,0.011379203,-0.09989538,0.8692996,-0.19335014,1.8849381
650942817,650942729,0.005978384,0.0098433085,-0.0897299,0.60319734,-0.3223827,2.3987634
650946571,650946481,0.008167594,0.0089054275,-0.07887329,0.5291638,-0.29435268,2.7311075
650950319,650950230,0.010955224,0.008106004,-0.06806091,0.68431354,-0.226367,2.8085394
650954072,650953981,0.011878489,0.0063704094,-0.055681694,0.43583515,-0.3870222,3.0394855
650956571,650956481,0.013601087,0.0058791707,-0.048128687,0.5310827,-0.29113728,3.039256
650960320,650960230,0.013813475,0.004493214,-0.035554916,0.30526158,-0.32956263,3.2021806
650964074,650963981,0.0135550015,0.0035108184,-0.022481997,0.003886557,-0.29988208,3.4180129
650967816,650967729,0.01523197,0.0021520732,-0.00897662,0.26535282,-0.32445294,3.50832
650971568,650971480,0.013533127,0.0008732754,0.0038627516,-0.079023235,-0.35401815,3.4348052
650974071,650973980,0.013518259,-0.00022625079,0.012109685,-0.102571875,-0.38328674,3.3867373
650977818,650977730,0.012328103,-0.0013074493,0.025651991,-0.10293885,-0.3446839,3.4859104
650981569,650981480,0.01014412,-0.0022964836,0.038157634,-0.46672383,-0.2853897,3.4178252
650985317,650985229,0.010509595,-0.0042041703,0.04946105,-0.17468312,-0.41530952,3.1688914
650989067,650988979,0.008154343,-0.005481868,0.061944373,-0.334459,-0.3761826,3.242942
650991568,650991480,0.00713556,-0.0061374363,0.06903371,-0.42324942,-0.31586516,3.0629094
650995318,650995230,0.006077324,-0.0072156545,0.07977136,-0.21804704,-0.34213787,2.8920503
650999071,650998980,0.0035949312,-0.0081435125,0.08908455,-0.5354299,-0.27092913,2.6725903
651002818,651002729,0.0031647102,-0.010097418,0.09754999,-0.34299877,-0.4267494,2.3954678
651006574,651006481,0.00078073156,-0.01148089,0.10590889,-0.4086084,-0.39684898,2.2753475
651009068,651008980,-0.00017855312,-0.011773288,0.110269934,-0.43426934,-0.25503868,2.0303764
651012817,651012730,-0.0007282867,-0.012737874,0.11619346,-0.16293974,-0.27316457,1.7239473
651016571,651016481,-0.0025222262,-0.013455989,0.12076379,-0.38639402,-0.2366597,1.4253075
651020320,651020230,-0.001781949,-0.014982331,0.12333399,-0.07515045,-0.29759574,0.95066106
651024071,651023980,-0.0027146032,-0.015544147,0.1262959,-0.09178777,-0.2396183,0.8378675
651026570,651026480,-0.002671102,-0.01605509,0.1263762,-0.07034469,-0.21101665,0.46395656
651030317,651030229,-0.0023140905,-0.016478093,0.12644552,0.11098893,-0.15437762,0.18124616
651034071,651033980,-0.0025800918,-0.016956048,0.1249731,-0.058960635,-0.14578605,-0.16654721
651037817,651037730,-0.0010073453,-0.017077086,0.12218843,0.25421944,-0.06217517,-0.54362744
651041569,651041480,-0.0008122745,-0.017188264,0.11889177,0.18545856,-0.057002746,-0.76207304
651044070,651043980,0.0014353821,-0.017623154,0.11495769,0.49236962,-0.11139408,-1.1383612
651047818,651047729,0.00245818,-0.017319383,0.10902694,0.43449104,0.018883357,-1.3972517
651051568,651051480,0.0033406527,-0.017156493,0.10190288,0.22992878,0.023988234,-1.6877452
651055321,651055231,0.0064003076,-0.016901482,0.09413016,0.6104218,0.053303525,-1.9446695
651059070,651058980,0.0062643546,-0.015764153,0.08547222,0.27893096,0.21319722,-2.1860821
651061569,651061479,0.008706945,-0.015230692,0.07900499,0.56013805,0.2084211,-2.3582466
651065319,651065230,0.008776286,-0.014766108,0.069761805,0.34984547,0.15683591,-2.4582052
651069074,651068981,0.009542329,-0.013912181,0.059173573,0.14672282,0.21436542,-2.6606553
651072818,651072730,0.013025055,-0.012813579,0.048149187,0.6369833,0.23881078,-2.8537343
651076571,651076481,0.011655856,-0.011149335,0.037140325,0.11950316,0.3621487,-2.9142692
651079068,651078980,0.013290724,-0.010633363,0.028909657,0.31084839,0.29053077,-3.0857704
651082817,651082730,0.012035875,-0.008817475,0.018168908,0.061828833,0.4099933,-2.959059
651086570,651086480,0.010705215,-0.006869798,0.006448004,-0.31681758,0.4903878,-3.0431497
651090320,651090231,0.012076638,-0.0052512796,-0.0054830164,0.10007523,0.45858622,-3.1209767
651094070,651093980,0.010116246,-0.0028976798,-0.016980583,-0.17331582,0.54648304,-3.0898364
651096570,651096480,0.010198551,-0.0018197101,-0.024469623,-0.13499673,0.500534,-3.0379152
651100327,651100230,0.007871261,-0.00012107502,-0.035069086,-0.3096701,0.4640266,-2.938326
651104072,651103980,0.0048427563,0.0027033286,-0.04569667,-0.6973646,0.6610313,-2.8248837
651107817,651107729,0.0047318116,0.0047341855,-0.05499862,-0.31337678,0.5982564,-2.620611
651111569,651111480,0.0013207248,0.0069827586,-0.06439714,-0.5927808,0.56750405,-2.5782537
651114071,651113980,3.54753e-05,0.0089217005,-0.071379036,-0.5941039,0.6708667,-2.6602817
651117817,651117730,-0.0030098124,0.010186825,-0.07902499,-0.6429016,0.43767107,-2.3081062
651121570,651121480,-0.0052498346,0.012548535,-0.085795276,-0.66441524,0.5553036,-1.9624156
651125318,651125230,-0.0066012284,0.014447461,-0.09238653,-0.4733422,0.55399567,-1.8542455
651129071,651128980,-0.009769754,0.015899874,-0.097911924,-0.6747854,0.4116712,-1.6277045
651131569,651131480,-0.010316614,0.017301863,-0.10128416,-0.47917882,0.49295774,-1.4931787
651135319,651135230,-0.012853745,0.018675007,-0.10478671,-0.56160444,0.37894255,-1.1664764
651139068,651138979,-0.014686108,0.019909259,-0.107315965,-0.55404925,0.32403716,-0.7967711
651142817,651142729,-0.015167009,0.020888496,-0.10934132,-0.24999423,0.31548727,-0.65142864
651146570,651146480,-0.017251277,0.021629503,-0.10989838,-0.416038,0.23427638,-0.35093614
651149075,651148980,-0.016871559,0.022644823,-0.11020907,-0.1637739,0.31120077,-0.23322625
651152817,651152729,-0.017729675,0.022491356,-0.10901873,-0.15941173,0.093983024,0.093061276
651156571,651156481,-0.017394617,0.022599475,-0.10739033,-0.0998552,0.052344363,0.34292418
651160319,651160230,-0.015855258,0.02275502,-0.10441924,0.28303638,0.062293895,0.6102817
651164071,651163980,-0.016454725,0.022726785,-0.100514464,0.040643893,0.009023053,0.85281664
651166572,651166482,-0.013988125,0.022375647,-0.09801397,0.45585287,-0.06763645,0.9341145
651170318,651170230,-0.013425498,0.021063266,-0.091807716,0.37055686,-0.23750502,1.3680862
651174070,651173980,-0.012248927,0.02021246,-0.08586164,0.21113788,-0.22228971,1.5296122
651177817,651177729,-0.008565297,0.019325001,-0.079221,0.73091495,-0.25113073,1.6536126
651181569,651181480,-0.0075136046,0.017740052,-0.07138366,0.53675795,-0.36756998,1.9188974
651184071,651183980,-0.004773416,0.016272865,-0.066609405,0.75171864,-0.46624035,1.9201138
651187818,651187730,-0.0032618896,0.014360733,-0.057677705,0.64531124,-0.5135366,2.191333
651191568,651191480,-0.0021046589,0.012422397,-0.048903417,0.34445894,-0.4890784,2.3333282
651195317,651195230,0.0021263708,0.010736495,-0.03952688,0.82130665,-0.4705408,2.4252436
651199073,651198980,0.0032525284,0.008384115,-0.02921296,0.5934157,-0.6112586,2.6167104
651201568,651201480,0.0053289384,0.0062885927,-0.022621717,0.66014105,-0.70395815,2.6382787
651205320,651205231,0.006699136,0.00354356,-0.011957096,0.5614949,-0.7318575,2.7288551
651209070,651208980,0.0064376597,0.0016732586,-0.0023190714,0.14148623,-0.57730556,2.6629906
651212817,651212730,0.008931421,-0.0012023296,0.007188156,0.43042895,-0.6666809,2.5631654
651216569,651216480,0.00965821,-0.0033020147,0.017789545,0.3566881,-0.62854683,2.7264838
651219068,651218980,0.010230952,-0.0047241165,0.024255367,0.2603252,-0.5921264,2.6668243
651222816,651222729,0.010226644,-0.00721094,0.034271415,0.17812644,-0.6625595,2.6443577
651226571,651226481,0.009322487,-0.00936511,0.04382853,-0.12108227,-0.60417384,2.6216674
651230317,651230229,0.009930611,-0.01179709,0.05277386,0.044059232,-0.5981952,2.377827
651234070,651233980,0.008849635,-0.013953409,0.06163992,-0.11275853,-0.58982044,2.3694153
651236570,651236480,0.008125208,-0.014785516,0.0666545,-0.22564813,-0.46318635,2.2052042
651240317,651240229,0.006266077,-0.01627386,0.07466801,-0.31946325,-0.43198174,2.1409917
651244070,651243980,0.0043288134,-0.017963953,0.08135012,-0.50656307,-0.45638105,1.9175661
651247818,651247730,0.0041771163,-0.019379001,0.08690923,-0.19782437,-0.3878913,1.6452025
651251569,651251480,0.0012582103,-0.019856406,0.09239608,-0.52130073,-0.21529199,1.5215436
651254077,651253984,0.0016265285,-0.020339953,0.09514157,-0.23303385,-0.21264817,1.322792
651257818,651257730,-0.0008903696,-0.021212384,0.09959609,-0.43242362,-0.21583652,1.2207547
651261569,651261480,-0.0026545643,-0.022229014,0.10242224,-0.56176746,-0.23523423,0.9580721
651265318,651265230,-0.002620789,-0.022360625,0.10427087,-0.14356355,-0.12256358,0.65081805
651269073,651268980,-0.0054910793,-0.021329518,0.10566965,-0.45335677,0.13189258,0.48143494
651271569,651271480,-0.004164297,-0.021262545,0.10545132,-0.041650865,0.07056536,0.21512015
651275320,651275230,-0.0063162954,-0.020914774,0.10530582,-0.24277543,0.089911774,0.044366986
651279069,651278980,-0.007416728,-0.020140728,0.10319948,-0.4092479,0.19134131,-0.3125684
651282816,651282729,-0.0053118467,-0.019522868,0.100637406,0.2402125,0.1560246,-0.5481813
651286570,651286480,-0.006930774,-0.018266683,0.09771191,-0.08203395,0.27263474,-0.7143526
651289067,651288979,-0.0051930835,-0.017163128,0.09408918,0.22689065,0.350996,-1.0531112
651292817,651292729,-0.005849997,-0.015211157,0.08970902,0.11231131,0.4484945,-1.1309942
651296570,651296480,-0.0059853084,-0.014073279,0.083999,-0.11069765,0.36443612,-1.3567154
651300320,651300229,-0.0033352766,-0.013002848,0.077458255,0.42157194,0.31931356,-1.6255084
651304071,651303980,-0.0038380264,-0.010541736,0.07054489,0.18200997,0.51487637,-1.7573727
651306572,651306480,-0.0014482599,-0.009296573,0.06430191,0.50244266,0.51700026,-2.1041086
651310319,651310230,-0.00079347723,-0.0074363807,0.056035805,0.39577737,0.4774457,-2.1719148
651314071,651313981,-0.00015678725,-0.0054761735,0.047208983,0.17414846,0.5050268,-2.258038
651317818,651317730,0.0017014559,-0.0038871614,0.037706472,0.38819963,0.48804346,-2.461871
651321577,651321480,0.0021479873,-0.0015378459,0.027503524,0.2860264,0.5151123,-2.5557473
651324072,651323981,0.0040358356,6.0446735e-05,0.020510865,0.47520998,0.5909702,-2.6652737
651327816,651327729,0.0046613333,0.0018699532,0.010783895,0.34526983,0.50702566,-2.649781
651331569,651331480,0.005253768,0.0043075304,0.0009322128,0.16142154,0.59483063,-2.5985339
651335320,651335230,0.006189381,0.005689216,-0.009697187,0.25737876,0.47179607,-2.7738097
651339069,651338979,0.00569418,0.0073879138,-0.019975763,0.04124433,0.45717713,-2.7593951
651341569,651341480,0.007073179,0.009121391,-0.027148759,0.2605558,0.5709235,-2.8020928
651345318,651345230,0.0058515742,0.010710203,-0.036583204,-0.065583155,0.46822178,-2.6337821
651349068,651348980,0.0058832695,0.012236141,-0.046368405,-0.110290855,0.41863242,-2.596674
651352817,651352730,0.0058248653,0.013402665,-0.055607125,0.016408723,0.37728167,-2.5231695
651356571,651356481,0.0032066659,0.014508964,-0.063460514,-0.43094018,0.3184124,-2.2671218
651359067,651358979,0.0038604448,0.015598785,-0.06965957,-0.11475853,0.37965953,-2.3641257
651362816,651362729,0.00092688575,0.016024936,-0.07651761,-0.47983983,0.20822054,-2.0169065
651366574,651366480,5.4620796e-05,0.017006923,-0.08286347,-0.45087346,0.24013236,-1.8007312
651370319,651370230,-0.0006196261,0.017418511,-0.08954279,-0.18793328,0.1559091,-1.8013585
651374071,651373980,-0.0042706076,0.017633742,-0.09459499,-0.66665506,0.0981873,-1.5090368
651376570,651376480,-0.003444932,0.01738253,-0.09799308,-0.22284085,0.0026480984,-1.4372836
651380317,651380229,-0.00678207,0.017401915,-0.100945786,-0.55655265,0.0100611625,-1.0380965
651384071,651383981,-0.008416404,0.01766822,-0.10304817,-0.611231,0.05485755,-0.6972568
651387818,651387730,-0.008591289,0.017063353,-0.104530394,-0.19262488,-0.07380997,-0.54278374
651391569,651391480,-0.011646101,0.016824,-0.105326675,-0.51825064,-0.093433976,-0.33292803
651394071,651393980,-0.010827986,0.015899839,-0.10570271,-0.15943566,-0.21356834,-0.23824993
651397817,651397729,-0.012524684,0.015757987,-0.10377916,-0.24671198,-0.12238779,0.22330898
651401568,651401480,-0.013408079,0.0150831025,-0.10156421,-0.35225078,-0.14513405,0.49975199
651405321,651405231,-0.013109814,0.013230984,-0.09809677,-0.05706381,-0.36360112,0.72901684
651409069,651408981,-0.013799135,0.012441518,-0.094274126,-0.08075801,-0.28992876,0.9301343
651411569,651411480,-0.0128240725,0.01167663,-0.092064545,0.1088162,-0.2830679,0.90828186
651415319,651415230,-0.012728504,0.0103410715,-0.08572887,0.12930095,-0.36667496,1.3574361
651419072,651418983,-0.012871136,0.009135137,-0.07894102,-0.027876083,-0.3369135,1.6677371
651422817,651422729,-0.010843501,0.007867137,-0.07121516,0.32723442,-0.312123,1.8760954
651426570,651426480,-0.00974031,0.006862127,-0.06374712,0.34506422,-0.3316909,1.9367546
651429070,651428981,-0.008382589,0.0052307313,-0.05855599,0.41560343,-0.4704415,2.017351
651432818,651432730,-0.0069075385,0.003556427,-0.04831041,0.44421142,-0.47023225,2.4426093
651436571,651436481,-0.0047314437,0.0026466912,-0.03901747,0.48166665,-0.33962843,2.4805732
651440317,651440229,-0.0018974905,0.0010197691,-0.03000421,0.6745334,-0.37169284,2.4189925
651444070,651443980,-0.0003394379,-0.000565063,-0.018952651,0.5189258,-0.4143599,2.7537181
651446569,651446480,0.0019278283,-0.0012771949,-0.012303251,0.6883187,-0.34841067,2.7138407
651450320,651450230,0.0031803357,-0.002926142,-0.0012471889,0.50325966,-0.41011536,2.834802
651454077,651453980,0.0054716766,-0.003857303,0.008978235,0.49777701,-0.31983635,2.7945344
651457818,651457730,0.008346432,-0.0047985427,0.019009553,0.7231062,-0.27206782,2.6837187
651461568,651461480,0.008854037,-0.006623419,0.030138753,0.35480335,-0.41671827,2.8755112
651464071,651463981,0.011273382,-0.0075862496,0.03672382,0.63083494,-0.39790556,2.7588935
651467817,651467729,0.01116215,-0.00832828,0.046770167,0.27309456,-0.27648893,2.6988096
651471568,651471480,0.012821184,-0.009170164,0.055595577,0.24691205,-0.25550225,2.5169442
651475319,651475230,0.01482215,-0.010513447,0.06403885,0.51327413,-0.31848803,2.303331
651479070,651478980,0.013022029,-0.010743352,0.072552726,-0.06756981,-0.14848012,2.29871
651481569,651481480,0.015281262,-0.0112636825,0.07766657,0.35389936,-0.18109843,2.1789992
651485319,651485230,0.013821498,-0.011915433,0.08536996,0.004184643,-0.1737633,2.1017056
651489068,651488979,0.013373351,-0.012365204,0.09066084,-0.22572617,-0.11096712,1.6861635
651492816,651492729,0.013885632,-0.012801555,0.09559762,0.059417706,-0.14494085,1.4439734
651496571,651496481,0.01132418,-0.013212405,0.10005768,-0.32741892,-0.11150392,1.2836915
651499073,651498980,0.012081335,-0.013510336,0.10195929,-0.07498086,-0.11455513,1.0371861
651502817,651502729,0.009783913,-0.01327939,0.105457336,-0.28495327,-0.0010003273,0.9664942
651506572,651506480,0.0078123994,-0.012245754,0.106486626,-0.5664217,0.185637,0.5323506
651510317,651510229,0.008041244,-0.013009875,0.106367335,-0.16331916,-0.078427695,0.1600162
651514071,651513980,0.004931316,-0.012672986,0.10585667,-0.49874923,0.017970586,-0.026444377
651516569,651516480,0.0047226907,-0.012624248,0.10443936,-0.33842564,0.024609996,-0.28310987
651520319,651520230,0.0024921782,-0.01198635,0.10244193,-0.40340152,0.10764582,-0.4490668
651524071,651523980,0.000594257,-0.011274791,0.09863189,-0.55284274,0.17259043,-0.78328377
651527817,651527729,0.00037773652,-0.010977295,0.09337842,-0.21914549,0.11527884,-1.1774983
651531568,651531479,-0.0020139723,-0.010166332,0.08875357,-0.4291177,0.1605262,-1.2189741
651534071,651533981,-0.001124445,-0.010173653,0.08465017,-0.0843988,0.08936811,-1.4195029
651537817,651537729,-0.0029029534,-0.00981595,0.07769607,-0.27765876,0.082045525,-1.7021714
651541569,651541480,-0.0031082558,-0.009279421,0.06929803,-0.21446018,0.13912018,-2.0194023
651545318,651545230,-0.0027568983,-0.007879295,0.061026067,0.04907986,0.27177423,-2.1616004
651549067,651548979,-0.0043583037,-0.00752314,0.052005917,-0.25578758,0.16201772,-2.3023498
651551569,651551480,-0.0031268257,-0.006510328,0.04522984,0.095722504,0.27348667,-2.502191
651556571,651556481,-0.0029762536,-0.0050696726,0.032403626,0.1790831,0.31118044,-2.544625
651559067,651558979,-0.0027819811,-0.0042546797,0.026045572,0.08585012,0.3082341,-2.5365846
651562818,651562730,-0.0015007885,-0.0034156756,0.015333363,0.36892256,0.2587037,-2.746082
651566570,651566480,-0.002125056,-0.0026085982,0.0048327665,-0.009017515,0.23056464,-2.7684047
651569071,651568981,0.00029036502,-0.0018017901,-0.0024058162,0.4455211,0.27259263,-2.8222146
651572818,651572730,-0.0008951952,-0.00065522944,-0.012529027,0.0041651074,0.28932202,-2.7475705
651576570,651576480,0.0014052623,0.00046279305,-0.023181746,0.23083894,0.30410695,-2.767462
651580318,651580229,0.0028024223,0.0022238006,-0.03341734,0.44905594,0.38518316,-2.7932553
651584075,651583984,0.0015216445,0.0029617867,-0.042529613,-0.049633324,0.26916432,-2.5411875
651586571,651586482,0.004393151,0.0035976805,-0.048925787,0.49723107,0.26444232,-2.5498533
651590319,651590230,0.0032578902,0.005194498,-0.056589156,0.0503036,0.3531202,-2.2319486
651594072,651593980,0.004324903,0.006437561,-0.06489202,0.06566653,0.3581049,-2.2034557
651597818,651597730,0.005884974,0.0072136843,-0.07286935,0.37971348,0.24643336,-2.1646879
651601568,651601480,0.003796441,0.008159013,-0.07908386,-0.19082202,0.23151149,-1.7857641
651604071,651603980,0.0051802117,0.008719059,-0.08337921,0.13235664,0.2402476,-1.7480745
651607817,651607729,0.0034302105,0.010473199,-0.0881851,-0.16787943,0.3303245,-1.4658217
651611569,651611480,0.0033186842,0.011732148,-0.09240967,-0.18865716,0.3598421,-1.2054338
651615318,651615230,0.0034387968,0.011667782,-0.09517986,-0.015368656,0.13193946,-0.94833285
651619067,651618979,0.0010209449,0.012358323,-0.09689097,-0.36631176,0.14907555,-0.63740045
651621569,651621480,0.0013576249,0.013110962,-0.098810434,-0.14521137,0.22765216,-0.6923555
651625318,651625230,-0.0003267101,0.013702892,-0.09940202,-0.2997297,0.15392198,-0.36060208
651629073,651628980,-0.0014254554,0.014355931,-0.0987135,-0.35316312,0.18711703,0.012003787
651632818,651632729,-0.0026682075,0.014472641,-0.09693403,-0.28333643,0.10560505,0.25985515
651636570,651636480,-0.0047912877,0.014994543,-0.09406115,-0.47010034,0.08173235,0.5880596
651639070,651638980,-0.0044831606,0.014671365,-0.09252092,-0.18853632,-0.0024723087,0.60487723
651642817,651642729,-0.0058543654,0.014716761,-0.0884676,-0.3071412,-0.001862969,0.8994685
651646570,651646480,-0.007151056,0.015250191,-0.08397138,-0.37215218,0.08088039,1.1219954
651650320,651650230,-0.008336012,0.015122868,-0.078151196,-0.26707405,0.029795615,1.3671379
651654075,651653982,-0.009685143,0.014257854,-0.071205415,-0.35944214,-0.14789228,1.6792071
651656572,651656481,-0.009052308,0.014318616,-0.0668868,-0.06370888,-0.056503337,1.701063
651660320,651660231,-0.010667407,0.014234019,-0.059188545,-0.3000439,-0.049760967,1.914782
651664074,651663983,-0.009859711,0.013180022,-0.051862396,-0.05013524,-0.20989491,1.9805064
651667817,651667729,-0.009841479,0.011715311,-0.043196373,0.083339386,-0.31829342,2.147681
651671569,651671480,-0.010913672,0.010274733,-0.034663845,-0.17857376,-0.36071485,2.2450128
651674074,651673980,-0.008928452,0.009477934,-0.029293926,0.2778824,-0.3378726,2.1959147
651677816,651677729,-0.009391979,0.008379564,-0.019699238,0.05768647,-0.30320635,2.4368048
651681569,651681480,-0.0076182648,0.006820136,-0.010675843,0.19334784,-0.37613285,2.4556224
651685318,651685230,-0.0051709767,0.0046195462,-0.0018129501,0.6014295,-0.51163936,2.3675702
651689067,651688979,-0.0057300273,0.0030597195,0.007826756,0.12849206,-0.44888237,2.5107758
651691568,651691480,-0.0027102495,0.0014416515,0.013621161,0.6019091,-0.52337307,2.3426344
651695317,651695230,-0.0020916902,0.0002406658,0.022515798,0.403955,-0.40985268,2.3447092
651699071,651698980,-0.0008662643,-0.0013577098,0.030446624,0.22110246,-0.40094316,2.2307997
651702818,651702729,0.0020913898,-0.0034150395,0.039126147,0.6371482,-0.49893436,2.257416
651706571,651706481,0.0025915953,-0.005026485,0.047644936,0.38851795,-0.45835558,2.2741745
651709070,651708980,0.005627303,-0.006414049,0.05184753,0.7381565,-0.49350643,1.9982784
651712818,651712730,0.006172349,-0.008021897,0.058622435,0.4517412,-0.48213023,1.8757716
651716570,651716480,0.0070661367,-0.008966952,0.064780965,0.2274871,-0.30913347,1.767634
651720319,651720230,0.0092442315,-0.010695896,0.07047509,0.46820083,-0.41766563,1.5675372
651724070,651723980,0.008877714,-0.011943933,0.07549675,0.18307441,-0.38019374,1.4548503
651726571,651726481,0.010642755,-0.013235587,0.07819355,0.39684564,-0.43683895,1.2688528
651730319,651730230,0.010444733,-0.014176907,0.082485594,0.18402988,-0.34019214,1.1831857
651734071,651733980,0.010747828,-0.0153518,0.08504046,0.04891059,-0.29430324,0.8951655
651737817,651737729,0.011706619,-0.016263695,0.087383084,0.20367528,-0.2686514,0.7017038
651741569,651741480,0.010454735,-0.01739261,0.088549435,-0.12165883,-0.30557615,0.45350593
651744071,651743980,0.01128703,-0.017942967,0.08848067,0.08279177,-0.25273862,0.23081762
651747817,651747730,0.009395014,-0.017825136,0.08902613,-0.26728383,-0.082481176,0.17241384
651751569,651751480,0.009215818,-0.017844645,0.08797896,-0.20124906,-0.0512665,-0.0843978
651755319,651755230,0.007972501,-0.017705869,0.087001435,-0.2105231,0.019755507,-0.21016656
651759073,651758981,0.005223345,-0.017240187,0.08487068,-0.5669264,0.08806694,-0.42232102
651761568,651761480,0.0062546474,-0.017036425,0.08256929,-0.10434513,0.07439509,-0.66484094
651765319,651765230,0.0030261122,-0.017080257,0.0789999,-0.5922967,0.038674835,-0.82685393
651769070,651768980,0.0020953538,-0.016202273,0.07428639,-0.47890428,0.15033849,-1.0926596
651772818,651772730,0.0005102664,-0.014930828,0.06927906,-0.28940755,0.27077746,-1.2676016
651776570,651776480,-0.0027843544,-0.013625268,0.06353955,-0.7137193,0.3304943,-1.4090406
651779069,651778979,-0.00126474,-0.012774932,0.058980864,-0.0770493,0.33161157,-1.6100411
651782824,651782729,-0.0051115314,-0.010825179,0.053124923,-0.6153233,0.44804403,-1.5389303
651786571,651786481,-0.0055031693,-0.010033636,0.04590074,-0.46046615,0.30049148,-1.7701242
651790319,651790230,-0.0056664646,-0.008301511,0.038526785,-0.06455855,0.39706603,-1.9278809
651794071,651793980,-0.008324568,-0.0058927154,0.03068277,-0.4692504,0.558435,-2.000617
651796570,651796480,-0.006202015,-0.0048382296,0.024878148,0.13096225,0.48792946,-2.1574388
651800318,651800230,-0.008951076,-0.0032993283,0.017056888,-0.33448127,0.4405922,-2.1159015
651804071,651803980,-0.008485196,-0.0012467232,0.00857283,-0.19492896,0.5191914,-2.1829703
651807817,651807729,-0.007583835,0.0007418363,-0.00024812738,0.18871726,0.51196367,-2.3135126
651811569,651811480,-0.008727451,0.0027281053,-0.0075554424,-0.10549543,0.50680125,-2.0580974
651814071,651813980,-0.006307258,0.0036938281,-0.013410233,0.38124007,0.4592894,-2.2062874
651817817,651817730,-0.0069293394,0.0059406776,-0.02190561,0.08231651,0.4973979,-2.2184074
651821570,651821480,-0.006365863,0.0073661967,-0.029707547,0.03324336,0.45635265,-2.1050649
651825319,651825230,-0.0054264655,0.008800961,-0.037103496,0.2410823,0.4090509,-2.0627103
651829071,651828980,-0.005516409,0.010462431,-0.044669736,0.06759227,0.404972,-2.001913
651831568,651831480,-0.0036449763,0.011009813,-0.04959939,0.3771297,0.32959875,-1.9891157
651835318,651835230,-0.003713741,0.012437865,-0.055446938,0.14866382,0.33963737,-1.7313255
651839068,651838979,-0.0015016582,0.013817286,-0.061724678,0.3715057,0.34835935,-1.6831284
651842816,651842729,-0.00052843086,0.014441926,-0.067000546,0.37079278,0.26002508,-1.5336791
651846569,651846480,-0.0005381839,0.0151955215,-0.071523376,0.08781795,0.19875316,-1.3120166
651849067,651848980,0.0009983887,0.0157369,-0.07485379,0.35274673,0.2164119,-1.31948
651852816,651852729,0.00048485596,0.016253594,-0.077717036,0.01475612,0.14485599,-0.96878624
651856572,651856481,0.002134297,0.017074611,-0.080978714,0.23505306,0.19484013,-0.9001951
651860320,651860231,0.0021282278,0.01754934,-0.08330289,0.17227115,0.16931981,-0.7486661
651864072,651863980,0.0015670136,0.017438913,-0.08438209,-0.117221884,0.030503774,-0.43307868
651866570,651866480,0.002716787,0.017253034,-0.084820695,0.18459077,-0.02019589,-0.3207875
651870317,651870229,0.00095362286,0.016703444,-0.08419158,-0.27157143,-0.09316298,0.010261413
651874078,651873980,0.0023390092,0.016467465,-0.08384099,0.05170505,-0.070124224,0.061951313
651877817,651877729,0.0016675062,0.016014481,-0.08282205,0.04296081,-0.11513398,0.16886967
651881569,651881480,-0.0012154405,0.01451238,-0.07978582,-0.53408897,-0.28594863,0.6169126
651884071,651883980,-0.00014418727,0.013829734,-0.078164995,-0.06994114,-0.28244555,0.6178543
651887818,651887730,-0.0027884764,0.013321865,-0.07341959,-0.44733164,-0.19960028,1.0389512
651891568,651891480,-0.002407162,0.011940708,-0.06913898,-0.23011176,-0.30229226,1.1166553
651895318,651895230,-0.0031564478,0.010305,-0.06491658,-0.09581482,-0.39501005,1.0913326
651899074,651898980,-0.005766526,0.009172503,-0.05899516,-0.49101642,-0.32987162,1.4189649
651901569,651901479,-0.0043491772,0.008294571,-0.055098332,-0.00022288566,-0.34050176,1.4799389
651905322,651905231,-0.0063824104,0.007449696,-0.047725532,-0.30547962,-0.28487888,1.7888688
651909069,651908979,-0.007201326,0.0053579593,-0.041281987,-0.34603962,-0.43682083,1.7623633
651912817,651912730,-0.007371671,0.0033204283,-0.03367807,-0.07088955,-0.48828208,1.897561
651916571,651916481,-0.0086134495,0.0025852965,-0.026156444,-0.21731181,-0.3475233,1.9857821
651919067,651918979,-0.0073260637,0.0012144935,-0.021256063,0.10786176,-0.42803296,1.9687655
651922818,651922730,-0.008338654,6.4933905e-05,-0.012375507,-0.08957629,-0.38049132,2.2158282
651926570,651926480,-0.007990254,-0.00129749,-0.0045614378,-0.04799293,-0.33471888,2.1527553
651930322,651930229,-0.0072548026,-0.0028829768,0.003906483,0.16082473,-0.4013671,2.1816154
651934070,651933980,-0.006980985,-0.0046095094,0.012864169,0.11098073,-0.46067822,2.3375177
651936569,651936480,-0.0056849746,-0.0060240873,0.017920421,0.29705948,-0.49355188,2.1757894
651940318,651940230,-0.0049538435,-0.0074064257,0.026571242,0.23957896,-0.444752,2.261636
651944072,651943980,-0.0030389905,-0.008786771,0.034303725,0.3660859,-0.3662374,2.1485775
651947818,651947729,-0.0015387291,-0.0101602115,0.04192156,0.43815827,-0.3666156,2.0604205
651951568,651951480,-0.0005444422,-0.010935599,0.04967244,0.29236063,-0.2731717,2.0840404
651954075,651953980,0.00095317827,-0.0112669505,0.054388247,0.44395947,-0.19921312,1.9794428
651957821,651957730,0.001886921,-0.012029623,0.06048083,0.3153451,-0.22509709,1.764085
651961569,651961480,0.0050986884,-0.013044844,0.06558695,0.6075361,-0.23421334,1.526729
651965317,651965229,0.0064853537,-0.013753691,0.07092891,0.54894584,-0.20672439,1.4350513
651969071,651968980,0.007282863,-0.014023945,0.07630389,0.24963221,-0.11782715,1.4266236
651971568,651971480,0.009397717,-0.014078361,0.078911714,0.55175495,-0.07428734,1.2333927
651975320,651975231,0.008991139,-0.014061907,0.08193374,0.11864012,-0.017004583,0.9731079
651979068,651978979,0.011157305,-0.01411321,0.083140135,0.31539756,-7.93657e-05,0.5856212
651982818,651982730,0.012370694,-0.0134958895,0.084665656,0.46510538,0.07040422,0.44326964
651986570,651986481,0.011809367,-0.013285667,0.08608513,0.015638564,0.087265536,0.419612
651989067,651988979,0.014178629,-0.013304438,0.085959226,0.45165455,0.037456743,0.19151975
651992828,651992729,0.012180784,-0.012494481,0.08542101,-0.12577023,0.15186422,-0.025392074
651996570,651996480,0.013239013,-0.012619372,0.08292443,-0.007702304,0.057924286,-0.3937486
652000318,652000230,0.013107029,-0.011445439,0.08143844,0.09896366,0.17795464,-0.43666542
652004073,652003981,0.009946347,-0.010409951,0.07880074,-0.50413483,0.26033908,-0.5790972
652006571,652006481,0.011620665,-0.01020614,0.0759108,0.04478263,0.17270164,-0.8614284
652010317,652010229,0.0095014665,-0.008716155,0.07161105,-0.30170694,0.32408258,-1.0151246
652014070,652013980,0.009097139,-0.00767212,0.066158004,-0.3165721,0.3167428,-1.2982515
652017817,652017729,0.007672297,-0.0065345564,0.060522396,-0.2552387,0.2847137,-1.4507037
652021569,652021480,0.0045209285,-0.005067071,0.05494215,-0.6219253,0.34798935,-1.4472655
652024071,652023981,0.0051776534,-0.0047119013,0.05049727,-0.21023378,0.25358492,-1.6200366
652027817,652027730,0.0019329046,-0.003709976,0.043753102,-0.59545296,0.25783843,-1.7182432
652031569,652031480,0.0010486312,-0.0026573478,0.03566757,-0.4505087,0.29198387,-1.9776714
652035320,652035231,-9.198155e-05,-0.0012373116,0.027689494,-0.29010028,0.32938367,-2.114498
652039070,652038980,-0.002913024,-3.7704885e-05,0.019494714,-0.6006346,0.3138875,-2.1232018
652041569,652041480,-0.0024498813,0.000596371,0.013544917,-0.2228972,0.2916577,-2.255319
652045319,652045230,-0.0050856927,0.002207832,0.0056673624,-0.53706187,0.37263498,-2.1345694
652049069,652048980,-0.0049304077,0.0034562424,-0.0026279092,-0.23123401,0.34837878,-2.1723182
652052816,652052729,-0.0066216434,0.003730026,-0.011534127,-0.26991296,0.18659857,-2.3364868
652056572,652056481,-0.0077761356,0.0047032717,-0.02052745,-0.38958424,0.21985763,-2.339533
652059074,652058979,-0.0071053365,0.005555508,-0.02671962,-0.044303212,0.26749462,-2.3469641
652062816,652062729,-0.008537912,0.006050699,-0.03465546,-0.29481706,0.16731302,-2.1779299
652066571,652066481,-0.006353618,0.0068098363,-0.042092085,0.197462,0.187296,-2.0485282
652070319,652070230,-0.0071212603,0.007867611,-0.04937807,0.06150495,0.25959235,-2.0190852
652074071,652073980,-0.008028769,0.008889393,-0.055808693,-0.2282864,0.24893865,-1.807809
652076570,652076480,-0.0061111785,0.009326918,-0.060706764,0.2835184,0.21691482,-1.8904421
652080316,652080229,-0.0068970975,0.009900616,-0.06621364,-0.09002831,0.17454647,-1.5927346
652084070,652083980,-0.0038426383,0.009802996,-0.07107237,0.39671776,0.043234732,-1.4044802
652087818,652087730,-0.003295641,0.009959575,-0.07513995,0.40685993,0.025096482,-1.2286417
652091569,652091480,-0.0034939218,0.009879394,-0.07895249,0.012799213,0.0018229573,-1.0645058
652094071,652093980,-0.0007974395,0.009835115,-0.08104119,0.54161465,-0.00015405915,-0.96454465
652097818,652097730,-0.0016499796,0.011270482,-0.08306143,0.040729497,0.23765822,-0.6791812
652101568,652101480,0.0007775598,0.011665827,-0.084722705,0.31640157,0.15761736,-0.52075756
652105321,652105231,0.0014929344,0.011267087,-0.084513724,0.3836202,-0.032483596,-0.18695043
652109070,652108980,0.0011143172,0.010770631,-0.08404508,0.00655795,-0.08401703,0.030760394
652111569,652111480,0.0032089825,0.010215061,-0.0839879,0.41292432,-0.14361921,0.024636758
652115318,652115230,0.0023749273,0.0106985485,-0.08236484,0.005654283,0.0027728593,0.3077454
652119069,652118979,0.004067524,0.010318043,-0.07950679,0.22749151,-0.03236072,0.60171556
652122817,652122729,0.0042891814,0.009719431,-0.075257726,0.20662671,-0.1308674,0.90511477
652126570,652126480,0.0037122217,0.009988602,-0.07084437,-0.06623381,-0.026153533,1.0847617
652129074,652128980,0.0041586,0.009384096,-0.068076,0.0606069,-0.12105146,1.0926687
652132818,652132730,0.00273839,0.009067656,-0.061935734,-0.22089396,-0.12513661,1.4389107
652136570,652136480,0.0031823337,0.008374277,-0.056689817,-0.03105714,-0.14065509,1.4276054
652140318,652140230,0.0028898919,0.0070124543,-0.04969291,-0.007336894,-0.27513072,1.676433
652144070,652143980,0.0018902045,0.0067843995,-0.04245859,-0.21799105,-0.16038962,1.8645355
652146570,652146480,0.0016295131,0.0064448714,-0.03776375,-0.14730479,-0.14596409,1.8624147
652150319,652150230,-0.00016776027,0.0054873754,-0.029751375,-0.39910343,-0.22738472,2.0496607
652154071,652153980,0.00040840308,0.004716261,-0.021048766,-0.052181527,-0.19304684,2.1772015
652157817,652157729,-0.0013314696,0.003886052,-0.01319079,-0.25105053,-0.18507732,2.0918844
652161568,652161480,-0.0023411522,0.0026179205,-0.0054731346,-0.3314816,-0.29138738,2.1004405
652164070,652163980,-0.0027298683,0.0024766633,-0.0002553834,-0.21368442,-0.1754084,2.0875974
652167817,652167729,-0.0043428717,0.0017709236,0.008605452,-0.42255187,-0.20792277,2.2779608
652171569,652171480,-0.0032487973,0.0008547089,0.016406128,0.012279089,-0.238689,2.1711361
652175318,652175230,-0.004250619,-0.00096859573,0.025448367,-0.055773377,-0.3757165,2.2774916
652179070,652178982,-0.0045954026,-0.001957719,0.03339523,-0.2061124,-0.30603892,2.2042897
652181569,652181480,-0.0038385722,-0.0020472119,0.03809139,0.06914432,-0.17343925,2.0466619
652185318,652185230,-0.0056073135,-0.002476578,0.045782432,-0.3060771,-0.1466828,2.0675058
652189070,652188980,-0.0030501438,-0.0040674857,0.051453967,0.23910475,-0.31323785,1.7341124
652192817,652192730,-0.0026346138,-0.005373897,0.0574792,0.29065204,-0.35337284,1.6214318
652196569,652196480,-0.0030059633,-0.0064792032,0.06258722,-0.025871087,-0.30559856,1.5067577
652199072,652198980,-0.0006617467,-0.0073135854,0.065939255,0.44737148,-0.31553066,1.4197646
652202817,652202729,-0.0011101912,-0.0077790273,0.071133055,0.07736621,-0.20975831,1.4085743
652206572,652206480,0.001324733,-0.009067073,0.073859975,0.34852773,-0.26782513,0.9752082
652210319,652210230,0.0026094848,-0.010298838,0.076391734,0.45828307,-0.32691652,0.7531211
652214070,652213980,0.002875777,-0.010813468,0.078141846,0.17582493,-0.1877139,0.60828674
652216570,652216481,0.0052579837,-0.011473303,0.07875213,0.53788936,-0.22576404,0.42431316
652220318,652220230,0.0046307305,-0.011714808,0.079534754,0.12516807,-0.13976116,0.32893404
652224070,652223980,0.006863637,-0.01253585,0.07877562,0.32703087,-0.15511607,0.008594495
652227816,652227729,0.008417483,-0.012925577,0.078333326,0.4630606,-0.15704082,-0.10538746
652231569,652231480,0.008329822,-0.012506006,0.07698054,0.1214362,0.03556751,-0.23220858
652234070,652233980,0.009346536,-0.013021974,0.07523461,0.26214623,-0.08158413,-0.47448194
652237818,652237730,0.0089786975,-0.012660338,0.07174292,0.04034572,0.031065935,-0.70925635
652241568,652241479,0.010503421,-0.012450566,0.068336844,0.22528836,0.061384305,-0.85090494
652245317,652245229,0.010088394,-0.012043161,0.06461835,0.07211255,0.08290826,-0.9371359
652249073,652248980,0.008777709,-0.011889575,0.059759066,-0.23056285,0.046701085,-1.1502458
652251569,652251480,0.009656846,-0.011730442,0.055854328,0.06304148,0.056037474,-1.3484123
652256571,652256481,0.007869832,-0.010779432,0.048193637,-0.25564256,0.15903509,-1.4690163
652259070,652258980,0.007831897,-0.010206591,0.044212814,-0.16983373,0.18506415,-1.5259663
652262817,652262729,0.0066704703,-0.009192598,0.03810715,-0.16824111,0.23424283,-1.6151705
652266570,652266480,0.004614034,-0.008341262,0.030792937,-0.504741,0.23185721,-1.7923672
652269068,652268979,0.004288921,-0.0072299493,0.026201326,-0.29297653,0.33437973,-1.8238167
652272817,652272729,0.0016756132,-0.0056694197,0.019532291,-0.6127239,0.3698862,-1.7653021
652276570,652276481,0.0021257754,-0.0048573,0.011822238,-0.18720953,0.27309683,-1.9435738
652280318,652280229,-0.0007821652,-0.0033570577,0.004826905,-0.42574224,0.351999,-1.9241105
652284072,652283980,-0.003258258,-0.002252244,-0.0026304182,-0.6947714,0.3401825,-1.92177
652286570,652286480,-0.0021574507,-0.0011798533,-0.0075040427,-0.11458194,0.3818497,-1.9441096
652290316,652290229,-0.00535634,0.0010048248,-0.014027007,-0.6584027,0.5293135,-1.8036562
652294069,652293980,-0.005059831,0.002123572,-0.021241922,-0.26667273,0.36552432,-1.8688294
652297818,652297730,-0.0069968137,0.0034855616,-0.027949397,-0.25415108,0.35177216,-1.8439057
652301569,652301480,-0.008870733,0.0050843786,-0.034274556,-0.5206836,0.4152712,-1.710687
652304071,652303980,-0.007231539,0.005732894,-0.038414717,0.059715457,0.33115083,-1.6946069
652307817,652307730,-0.009759995,0.006646715,-0.0441117,-0.44458055,0.30034778,-1.5606287
652311568,652311480,-0.008205049,0.0076262923,-0.04998667,-0.0019836104,0.29246962,-1.5649836
652315319,652315230,-0.009049938,0.009120729,-0.053357843,-0.007921612,0.3165541,-1.1721212
652319070,652318980,-0.009831256,0.010031346,-0.05794125,-0.2128162,0.2701185,-1.175936
652321572,652321480,-0.008377581,0.0107800085,-0.060527768,0.17532137,0.29003257,-1.1191858
652325318,652325230,-0.009455092,0.012134095,-0.06397536,-0.14172778,0.31761962,-0.97297233
652329067,652328979,-0.0073557883,0.012242005,-0.06732524,0.24848096,0.17819361,-0.91316545
652332818,652332730,-0.0071228947,0.013080216,-0.06899712,0.22672556,0.18228796,-0.62205034
652336571,652336481,-0.0067091603,0.013845388,-0.06995048,0.07527993,0.16867566,-0.36994168
652339071,652338980,-0.0048744264,0.0139940465,-0.070563056,0.4107393,0.124188475,-0.32189846
652342818,652342730,-0.004888131,0.014652989,-0.0708375,0.10136558,0.14057261,-0.13570869
652346570,652346480,-0.0030242712,0.014764312,-0.07061011,0.3311631,0.09402553,0.0052196686
652350317,652350230,-0.0030479152,0.014464871,-0.0689114,0.22008486,-0.013674193,0.2722555
652354072,652353980,-0.0014402797,0.014388879,-0.066809416,0.2359906,-0.03484273,0.45589438
652356571,652356481,-0.00059873465,0.013898083,-0.06563054,0.31874484,-0.10640311,0.46112266
652360319,652360230,-0.00024261634,0.013368595,-0.06281287,0.10136128,-0.14384046,0.6659913
652364071,652363980,0.0019488349,0.012592599,-0.059903905,0.4110305,-0.17778967,0.7393735
652367818,652367729,0.001096301,0.011689586,-0.055673167,0.08381054,-0.19779137,0.9837751
652371569,652371480,0.0021329904,0.011243102,-0.05037251,0.08767856,-0.16953255,1.267224
652374071,652373980,0.0026627537,0.010488749,-0.047603864,0.19755447,-0.23279846,1.1749964
652377819,652377730,0.0022718944,0.008867764,-0.04286653,-0.10221546,-0.36238045,1.2676573
652381569,652381480,0.004418964,0.0073518436,-0.037608426,0.32543632,-0.37947637,1.3728184
652385318,652385230,0.0027431261,0.0064969924,-0.03107578,-0.035197314,-0.29619288,1.5608445
652389068,652388980,0.0025636135,0.0047122897,-0.025331037,-0.19733204,-0.4040086,1.583723
652391569,652391480,0.0033108091,0.0040216167,-0.020905366,0.080820926,-0.34178895,1.6601673
652395317,652395229,0.0016907775,0.0029436345,-0.014020983,-0.3312095,-0.31204137,1.8034214
652399071,652398980,0.0033600943,0.000605203,-0.007503934,0.12851204,-0.50921416,1.766481
652402818,652402730,0.0017572232,-0.00044459986,-0.0004971494,-0.08692109,-0.37079203,1.8079062
652406572,652406480,0.0009869321,-0.0022299315,0.0058349157,-0.28383076,-0.43522146,1.7713418
652409073,652408982,0.0013397888,-0.0032451148,0.010049351,-0.040966183,-0.42200854,1.7166469
652412817,652412729,-0.00015883805,-0.0037071127,0.0172651,-0.3389796,-0.23388776,1.8766222
652416570,652416480,0.00034501124,-0.004992913,0.02377399,-0.07283346,-0.2958734,1.7771018
652420320,652420230,-0.0011159556,-0.0066307075,0.030435788,-0.18244314,-0.409837,1.7336081
652424070,652423980,-0.0021820713,-0.007833925,0.03629761,-0.30457646,-0.34859997,1.660267
652426580,652426482,-0.0014955904,-0.009027341,0.04055723,-0.007789008,-0.38831282,1.6127766
652430318,652430230,-0.0027114276,-0.008945426,0.04606956,-0.22814134,-0.15201014,1.5376604
652434070,652433980,-0.0019129778,-0.010095693,0.05019069,0.016860347,-0.22816747,1.2613896
652437816,652437730,-0.0026921236,-0.010983147,0.054368865,-0.07729008,-0.23499583,1.1279495
652441569,652441480,-0.003274839,-0.01111693,0.058082912,-0.15727277,-0.12491845,1.0736203
652444071,652443980,-0.002695895,-0.01189184,0.06033082,0.042113163,-0.20778014,0.97989184
652447818,652447730,-0.002645882,-0.012189402,0.06425826,-0.03785898,-0.14301187,1.0450965
652451568,652451480,-0.0019137748,-0.013002527,0.06660262,0.11204573,-0.16710491,0.7620882
652455319,652455230,-0.0021939948,-0.013229915,0.06832494,0.03389391,-0.09581184,0.56973904
652459073,652458980,-0.0005351021,-0.013045561,0.06936779,0.21927366,-0.035256337,0.4244997
652461568,652461480,0.00021481601,-0.013035524,0.06963474,0.28572667,-0.0039749974,0.2601361
652465320,652465230,0.00081686635,-0.012863821,0.06940364,0.13885202,0.014181774,0.085096866
652469070,652468980,0.0031423173,-0.012858244,0.068783045,0.4614166,0.015109745,-0.07067893
652472818,652472729,0.0028966714,-0.012057033,0.06874482,0.19066465,0.15501946,-0.05415898
652476570,652476480,0.0040419754,-0.01072723,0.066735744,0.178531,0.27327383,-0.33647573
652479067,652478979,0.004952074,-0.010321018,0.065181345,0.3059906,0.21828614,-0.48947817
652482817,652482729,0.005048565,-0.009717139,0.06183015,0.04496174,0.1874777,-0.6932734
652486571,652486481,0.00813576,-0.009487284,0.057728127,0.5334157,0.09861079,-0.9645189
652490318,652490230,0.0075747184,-0.008198347,0.054471113,0.21512027,0.25110504,-0.92741495
652494071,652493980,0.008011043,-0.0066393632,0.049452264,0.02803053,0.3658834,-1.1507912
652496570,652496480,0.009044109,-0.00564168,0.04630145,0.25610518,0.37622523,-1.2166479
652500317,652500229,0.007969562,-0.0044924296,0.0410687,-0.16858947,0.34048352,-1.2922791
652504114,652504016,0.009186963,-0.0040826397,0.034538493,0.0731924,0.19847995,-1.5720335
652507818,652507729,0.008002651,-0.0026569886,0.028192421,-0.04296537,0.2960476,-1.7048185
652511569,652511480,0.007187755,-0.0014395372,0.021223273,-0.26640463,0.35484403,-1.7596191
652514072,652513980,0.007902168,-0.0006223554,0.017272564,0.02940488,0.33034033,-1.693315
652517817,652517729,0.0053600823,0.0008845122,0.011364497,-0.4693395,0.39095226,-1.5900233
652521568,652521480,0.0055699702,0.0018063954,0.0039441814,-0.1942334,0.3189657,-1.8086048
652525319,652525230,0.0042613996,0.0030880517,-0.0029063432,-0.1785151,0.29568753,-1.8241014
652529070,652528980,0.0020066623,0.0037785217,-0.010224223,-0.52863413,0.24079873,-1.8553156
652531568,652531480,0.0021467563,0.0042501204,-0.014569995,-0.23558016,0.21953827,-1.8126423
652535319,652535230,-0.00036166812,0.0063842125,-0.02123509,-0.54316646,0.4375091,-1.7616519
652539068,652538980,-0.0007788483,0.0069563584,-0.027481098,-0.3161162,0.27790305,-1.7156241
652542816,652542729,-0.0026510002,0.007918483,-0.033418786,-0.3469251,0.25572175,-1.6555074
652546570,652546481,-0.0045300657,0.009181322,-0.03941649,-0.5057042,0.3129193,-1.572233
652549073,652548981,-0.0048138257,0.009783022,-0.04278512,-0.2971205,0.275539,-1.4855175
652552817,652552729,-0.006285492,0.009981229,-0.048438087,-0.41724968,0.12463692,-1.4698447
652556571,652556481,-0.0057406025,0.010119939,-0.0534901,-0.06945709,0.086604446,-1.3901376
652560316,652560229,-0.007633569,0.010929113,-0.057174686,-0.2734137,0.16463062,-1.148417
652564070,652563980,-0.008010362,0.010994597,-0.060995582,-0.27339888,0.06545614,-1.0558472
652566570,652566481,-0.007974373,0.010775516,-0.06331964,-0.08886665,-0.0027979773,-1.0077708
652570319,652570229,-0.00919838,0.01132566,-0.0658566,-0.36345133,0.08952795,-0.76895577
652574074,652573984,-0.0074570454,0.011490332,-0.06809395,0.2131164,0.042779744,-0.67595845
652577817,652577729,-0.008702488,0.0112247905,-0.06903887,-0.062446427,-0.016336124,-0.3975216
652581568,652581480,-0.0076403157,0.010685505,-0.06976951,0.008927898,-0.09063366,-0.23708661
652584070,652583980,-0.007053838,0.010559769,-0.06951602,0.17840154,-0.0766558,-0.100387886
652587816,652587729,-0.00674501,0.009713518,-0.06963536,-0.036969643,-0.14495426,-0.017633548
652591569,652591480,-0.0036152012,0.009436116,-0.068490334,0.5386326,-0.11369569,0.16270445
652595318,652595230,-0.00472169,0.009079341,-0.06587023,0.13553901,-0.095690385,0.49347895
652599068,652598979,-0.0035341552,0.008805751,-0.06360726,0.08300165,-0.08521391,0.5830401
652601569,652601480,-0.0023625614,0.008269166,-0.06147201,0.33004218,-0.15184058,0.70114046
652605318,652605230,-0.0019942832,0.0076781507,-0.057523575,0.054115806,-0.12567438,0.95322055
652609073,652608981,0.0015584228,0.0068925694,-0.05383686,0.61356914,-0.17929412,0.94913244
652612821,652612733,0.0010229165,0.0061299666,-0.048305232,0.27349752,-0.20553605,1.2478062
652616570,652616480,0.0021671639,0.005211228,-0.042879477,0.16208228,-0.20621394,1.3984969
652619070,652618980,0.0036687942,0.0043217484,-0.039222606,0.4118037,-0.2790938,1.4163651
652622818,652622730,0.0030111303,0.003490353,-0.0336872,-0.035157192,-0.2389136,1.4770477
652626569,652626480,0.0051351986,0.002294473,-0.027791634,0.32990935,-0.27135447,1.5483774
652630322,652630230,0.0050787237,0.0014522523,-0.020116875,0.19041903,-0.25163698,1.8304195
652634073,652633980,0.005224737,0.0013738128,-0.013300343,0.013724281,-0.11501345,1.8525301
652636571,652636481,0.00541353,0.0003968742,-0.008749715,0.071514316,-0.24421784,1.8205497
652640321,652640231,0.0051806183,-0.0007395219,-0.0020718663,-0.062151752,-0.27192208,1.8161519
652644070,652643980,0.006441718,-0.0017618815,0.0045740036,0.19768879,-0.25607052,1.7710521
652647817,652647729,0.0053316597,-0.002430486,0.011906246,-0.0845628,-0.22748442,1.8740174
652651569,652651480,0.00594394,-0.002850672,0.018935522,-0.010353359,-0.17172602,1.8856243
652654072,652653981,0.004762614,-0.0035993767,0.02352697,-0.18621123,-0.22169057,1.8600421
652657818,652657730,0.004129272,-0.0039690724,0.029974494,-0.2548133,-0.16139704,1.7964454
652661568,652661480,0.0043791574,-0.0048965258,0.03566926,0.005888321,-0.19893996,1.6219714
652665317,652665229,0.002945243,-0.0058911284,0.04189294,-0.22531578,-0.23362023,1.6262366
652669072,652668980,0.003771259,-0.0058715623,0.047549956,-0.043809984,-0.10769913,1.5643792
652671568,652671480,0.0020309465,-0.006220719,0.05083899,-0.30959022,-0.1212049,1.4379029
652675319,652675230,0.0015801028,-0.0069216983,0.055023063,-0.30449942,-0.16661504,1.2735918
652679070,652678980,0.0022240442,-0.0075074397,0.059194688,0.08560891,-0.16330484,1.1472182
652682817,652682729,-2.169743e-05,-0.00777453,0.06369916,-0.31923664,-0.09295975,1.1390226
652686569,652686480,0.0005336597,-0.008279218,0.06614854,-0.14676577,-0.12836634,0.8658906
652689069,652688980,-0.0003338296,-0.008328491,0.06757878,-0.18481955,-0.07884644,0.7134751
652692816,652692729,-0.0009287808,-0.008382138,0.06890485,-0.29260397,-0.026232293,0.52021885
652696571,652696481,0.00062506914,-0.008781529,0.069083765,0.2085804,-0.07990929,0.2031053
652700319,652700230,-0.00082085846,-0.008713823,0.070327334,-0.098613106,-0.02431668,0.28195897
652704078,652703980,-0.000850622,-0.008660303,0.06998238,-0.18199904,0.011937728,0.065630764
652706573,652706480,-0.0010780082,-0.008746897,0.06910506,-0.08885855,-0.009312514,-0.15572053
652710316,652710229,-0.0012701876,-0.008652877,0.06643378,-0.15215467,0.036878016,-0.4512643
652714070,652713980,0.0008070282,-0.008719179,0.06426378,0.28843534,0.0015979158,-0.5645342
652717818,652717729,0.00074697856,-0.008278538,0.062031727,0.17786698,0.04533991,-0.62145394
652721570,652721480,0.00090008206,-0.007880844,0.057671905,0.0038751129,0.10291216,-0.91747826
652724071,652723980,0.0019540119,-0.008180817,0.05448652,0.2326666,-0.009870742,-1.1046128
652727817,652727730,0.0020767658,-0.007372345,0.049995765,0.054285325,0.1485568,-1.1240561
652731568,652731480,0.0030935477,-0.0072909156,0.044794057,0.16500257,0.086910315,-1.3213236
652735319,652735230,0.0031152025,-0.0065508084,0.039574705,0.13845088,0.12849118,-1.3821489
652739073,652738982,0.0040547014,-0.005276693,0.033373363,0.14794666,0.27654564,-1.5095471
652741569,652741480,0.0046896413,-0.0054328763,0.02976078,0.21874163,0.1123131,-1.4955409
652745323,652745230,0.0047742696,-0.004657509,0.023562318,0.042369816,0.19159181,-1.5587013
652749068,652748979,0.005524721,-0.004019081,0.016424062,0.14578767,0.19225538,-1.7998155
652752816,652752729,0.004555284,-0.00313314,0.0104201175,-0.0700357,0.19413735,-1.6923628
652756572,652756481,0.004729967,-0.0019843858,0.0028620227,-0.064338446,0.2634125,-1.8641454
652759067,652758979,0.0042513805,-0.0011983605,-0.0015513385,-0.09504118,0.28798917,-1.8307798
652762817,652762729,0.004296196,-0.0005258558,-0.0076459767,-0.07750282,0.19992974,-1.6677916
652766572,652766482,0.004982053,0.00018648797,-0.014060512,0.09428497,0.20541959,-1.7249659
652770318,652770230,0.0027205646,0.0013393876,-0.019621938,-0.30699602,0.26590118,-1.5707349
652774070,652773980,0.0026809145,0.0022779887,-0.026366398,-0.22412643,0.25785965,-1.6896217
652776582,652776491,0.0018285962,0.0031282327,-0.0302209,-0.2279237,0.29487473,-1.6341715
652780318,652780229,0.00090982264,0.004357066,-0.035752047,-0.37330356,0.3155205,-1.4994245
652784070,652783980,0.0013187706,0.0049571707,-0.040691465,-0.00031925415,0.2178538,-1.4176557
652787818,652787730,-0.0013865017,0.006027487,-0.045004815,-0.4030452,0.26420623,-1.2473527
652791568,652791480,-0.0019014288,0.006609817,-0.050374385,-0.3876248,0.21231614,-1.3340505
652794071,652793981,-0.0030717945,0.007156258,-0.05258463,-0.36008054,0.2041079,-1.128645
652797817,652797729,-0.0050112377,0.007817015,-0.05564193,-0.5944315,0.21127796,-0.8712454
652801568,652801480,-0.0042808377,0.008482691,-0.058733582,-0.090685576,0.183125,-0.8809894
652805322,652805231,-0.0070744264,0.009578995,-0.060432576,-0.36951482,0.23268344,-0.61534375
652809070,652808980,-0.0076301796,0.00976368,-0.062370393,-0.39176503,0.13858114,-0.51784295
652811571,652811480,-0.0075449347,0.009927026,-0.06278087,-0.12942024,0.09703431,-0.37079313
652815318,652815230,-0.009382088,0.010646898,-0.06319258,-0.46766025,0.1860525,-0.16186534
652819067,652818980,-0.008099784,0.010536889,-0.06360502,0.007327989,0.04484085,-0.1611831
652822817,652822729,-0.00988313,0.010862984,-0.062192675,-0.16277249,0.043968305,0.19740087
652826571,652826481,-0.010412968,0.011248706,-0.06020757,-0.26301664,0.104276836,0.42401442
652829073,652828980,-0.009642832,0.011053998,-0.058574215,0.050110046,0.0066382135,0.5209655
652832818,652832729,-0.009444664,0.011371786,-0.056537602,-0.03562047,0.06679898,0.56501615
652836570,652836480,-0.007626281,0.010784736,-0.0539208,0.2842349,-0.05752783,0.63526607
652840319,652840230,-0.008225319,0.010847286,-0.049800184,0.08504345,-0.027617995,0.9223685
652844070,652843980,-0.0066427207,0.01032646,-0.045914568,0.20898084,-0.08926229,1.011208
652846571,652846481,-0.005981799,0.009515087,-0.0429282,0.27143028,-0.20015264,1.0882632
652850319,652850230,-0.005493597,0.008594803,-0.03857047,0.10442129,-0.23071963,1.167655
652854071,652853980,-0.0035202887,0.008167019,-0.03342005,0.41416532,-0.13984239,1.2660099
652857818,652857730,-0.0036956014,0.0075877556,-0.02787888,0.14843537,-0.15928642,1.3875264
652861568,652861480,-0.0013832279,0.0070929728,-0.023340777,0.35199985,-0.15996443,1.3057096
652864074,652863980,-0.0015878013,0.0060050148,-0.019543676,0.1948995,-0.2850587,1.3944287
652867817,652867729,9.007173e-05,0.0046167737,-0.014051099,0.24945416,-0.33477142,1.4662166
652871570,652871480,0.0021959285,0.0038839497,-0.008137745,0.53891623,-0.25276303,1.5045127
652875325,652875231,0.0019971493,0.0029463777,-0.0016222254,0.16416326,-0.24208006,1.6430141
652879074,652878982,0.003921624,0.0015010913,0.0039225766,0.26291165,-0.3418244,1.571285
652881571,652881480,0.002805217,0.00067544024,0.008276368,-0.012672124,-0.33493724,1.6320332
652885322,652885230,0.0042048725,-0.0009195823,0.013167445,0.08667959,-0.38122988,1.4643905
652889079,652888980,0.0059593595,-0.0024624872,0.018688273,0.4364498,-0.40279844,1.4142798
652892819,652892730,0.0039606155,-0.003257268,0.025230799,-0.12683682,-0.2684943,1.6101038
652896577,652896485,0.0048345025,-0.0042057564,0.030505689,-0.06881224,-0.25413445,1.5023191
652899078,652898983,0.0039955676,-0.0045855287,0.033849575,-0.122365065,-0.21347417,1.4124854
652902824,652902730,0.0039829635,-0.005891051,0.037665546,-0.21187766,-0.3003466,1.2065036
652906575,652906482,0.005301951,-0.0071247085,0.042109508,0.21576184,-0.31067175,1.1776432
652910320,652910230,0.003054092,-0.008507537,0.046860404,-0.22008145,-0.3515416,1.2330552
652914075,652913982,0.0034336403,-0.0093202405,0.049883395,-0.17134608,-0.25234398,0.97430396
652916572,652916481,0.002120622,-0.009594993,0.051976766,-0.28503537,-0.1900251,0.90326536
652920322,652920231,0.0008041607,-0.0092453435,0.054614656,-0.42621452,0.0025185172,0.80914426
652924077,652923982,0.0014805107,-0.009552662,0.05622574,-0.010935199,-0.06289268,0.56040186
652927821,652927730,-0.0008358334,-0.010057261,0.058578797,-0.34503168,-0.14216445,0.60464835
652931571,652931480,-0.0009386757,-0.010931914,0.059899494,-0.2442368,-0.18050152,0.46529528
652934076,652933982,-0.0014250891,-0.011281686,0.05978998,-0.18252456,-0.16411242,0.2084599
652937819,652937730,-0.001510982,-0.010735898,0.059302863,-0.15616375,0.03305556,0.0456696
652941571,652941480,-0.00045565914,-0.0108226,0.05917457,0.15785138,0.016776351,-0.04244431
652945322,652945230,-0.0021325664,-0.010384557,0.05804804,-0.20935477,0.043995507,-0.21286531
652949073,652948982,-0.0024317242,-0.010520491,0.055745594,-0.17808549,0.01618903,-0.42302033
652951572,652951480,-0.0034522875,-0.010595818,0.055219907,-0.26099384,-0.012858353,-0.34208706
652956577,652956483,-0.003216509,-0.0101386625,0.051778596,-0.12758262,0.06854525,-0.5692499
652959070,652958980,-0.0023227318,-0.009854861,0.048953384,0.11612701,0.09793235,-0.8349483
652962819,652962730,-0.0029692869,-0.008873456,0.045792326,-0.080844864,0.17542909,-0.82981205
652966574,652966482,-0.0014303272,-0.008028741,0.041978426,0.1816506,0.21234342,-0.93230575
652969079,652968983,-0.0019984276,-0.0076257866,0.03952065,0.013688341,0.18869425,-0.96260905
652972820,652972730,-0.0006989378,-0.006557038,0.03451416,0.14127868,0.24371932,-1.1733055
652976572,652976481,-0.00081695546,-0.0059069307,0.029960638,0.13087271,0.20928691,-1.224509
652980311,652980230,-0.0014753942,-0.0050898264,0.025599169,-0.08601535,0.21107708,-1.1853929
652984076,652983982,-0.000112292735,-0.0035020837,0.019454202,0.09183739,0.34992558,-1.4081144
652986572,652986481,-0.0010008205,-0.0024106498,0.016443964,-0.061963253,0.38491216,-1.3274002
652990322,652990230,0.0004065545,-0.0014406401,0.010700001,0.06639624,0.3117014,-1.41836
652994075,652993982,0.0021106375,-0.0008857526,0.005570608,0.38839954,0.20525742,-1.428126
652997820,652997730,0.00090602087,0.0006799901,3.7607428e-05,-0.0242897,0.32213014,-1.4544
653001571,653001480,0.0019023755,0.0019749347,-0.0062541147,0.045319907,0.35434517,-1.5617712
653004076,653003982,0.001846456,0.0027360895,-0.009538738,0.07330432,0.3197205,-1.453068
653007819,653007730,0.0023748167,0.0038608748,-0.015024776,-0.018251373,0.32359952,-1.4223359
653011571,653011481,0.0032906353,0.0048262244,-0.020307414,0.184038,0.2803046,-1.4636923
653015322,653015231,0.0013904363,0.005958136,-0.025159426,-0.1742204,0.269322,-1.3346144
653019071,653018980,0.0023306592,0.006494606,-0.030726532,-0.032756098,0.22718488,-1.3785158
653021575,653021480,0.002210467,0.0070497314,-0.033115193,0.0065273265,0.2074381,-1.1916413
653025320,653025230,0.0013849089,0.008525877,-0.036946747,-0.23848222,0.35852888,-1.0698826
653029079,653028983,0.002024655,0.009123412,-0.04181029,0.03102466,0.22794233,-1.243845
653032820,653032730,0.00043905067,0.00971337,-0.045229837,-0.17551936,0.14446357,-1.0230793
653036573,653036481,0.00018898513,0.010408409,-0.04863489,-0.21911788,0.22168335,-0.9166883
653039075,653038982,5.1720766e-05,0.01093637,-0.049586467,-0.108039394,0.19967423,-0.67826307
653042820,653042730,-0.0009217593,0.011271407,-0.05191451,-0.29152352,0.14755175,-0.63618165
653046572,653046481,-0.0008692205,0.0109471185,-0.054695137,-0.05494572,-0.005262112,-0.72287977
653050322,653050230,-0.0025942794,0.010894323,-0.055661526,-0.2912613,-0.024890032,-0.40088427
653054077,653053982,-0.0032547084,0.011777107,-0.056144707,-0.27194858,0.14993538,-0.20422997
653056580,653056482,-0.0038476614,0.011697065,-0.05602494,-0.22696848,0.059284516,-0.09762998
653060321,653060230,-0.004201084,0.011353411,-0.05648895,-0.22186464,-0.049966723,-0.0944753
653064075,653063982,-0.004121963,0.010623151,-0.0556407,0.0011205601,-0.111811794,0.06657429
653067819,653067730,-0.005189396,0.010079276,-0.054705065,-0.19115536,-0.14304131,0.20575048
653071572,653071480,-0.0044883313,0.009456997,-0.053271033,-0.008604304,-0.14527385,0.33054549
653074076,653073982,-0.0057254354,0.009278845,-0.05111007,-0.1857978,-0.10119782,0.5526984
653077820,653077730,-0.005600434,0.009124032,-0.04852205,-0.17412287,-0.10177708,0.6801158
653081572,653081480,-0.0054058274,0.007988788,-0.04501064,0.074370384,-0.22202906,0.78455424
653085320,653085230,-0.006670569,0.007009547,-0.04174401,-0.18583448,-0.24614516,0.86764026
653089080,653088983,-0.0044579823,0.0056876126,-0.03846416,0.1697829,-0.30646196,0.88787407
653091571,653091480,-0.0052615786,0.0053359154,-0.03541287,0.0017395457,-0.23053801,1.0323486
653095326,653095231,-0.003910232,0.004224174,-0.030863157,0.05671649,-0.266224,1.1642957
653099075,653098982,-0.0016912498,0.0031660802,-0.0259059,0.49648622,-0.30231312,1.2414426
653102820,653102730,-0.0029685334,0.0024941755,-0.02037654,0.012891933,-0.21090627,1.3848047
653106577,653106485,-0.0013173381,0.0012230992,-0.01521733,0.12506363,-0.27793947,1.4044918
653109071,653108980,-0.0017669726,0.0009333443,-0.010768209,0.054193128,-0.207061,1.5673702
653112819,653112730,0.00033911757,-0.00071568857,-0.0057845847,0.22049654,-0.3422584,1.4231575
653116574,653116482,0.0033199433,-0.002095401,-0.0006084205,0.64703476,-0.35462388,1.3861111
653120325,653120231,0.0021206096,-0.0024811348,0.005761575,0.083265565,-0.22254565,1.5815929
653124077,653123982,0.0033096692,-0.003813902,0.011298351,0.09821437,-0.2680712,1.5409527
653126573,653126481,0.0036041779,-0.004364732,0.015089944,0.17043543,-0.25456512,1.5178237
653130318,653130230,0.005297481,-0.0047610817,0.020066794,0.21421018,-0.13805759,1.4255645
653134076,653133982,0.007140761,-0.005923755,0.02544154,0.44711792,-0.25658715,1.4226342
653137820,653137730,0.0064411075,-0.0063367668,0.030677445,0.08035197,-0.18273428,1.4075291
653141571,653141480,0.007419003,-0.006653676,0.034764793,0.106818564,-0.10580401,1.2497158
653144076,653143982,0.0067926245,-0.0073357006,0.038042895,-0.024602411,-0.19595647,1.2668468
653147820,653147730,0.0076417658,-0.007552421,0.042060725,0.053123433,-0.08967183,1.1677694
653151571,653151480,0.007944131,-0.008110104,0.04566132,0.13220124,-0.11572103,1.007243
653155323,653155231,0.006522665,-0.008398124,0.048615396,-0.17232335,-0.12615514,0.8843263
653159074,653158982,0.008156879,-0.008388838,0.051110554,0.15336324,-0.05052016,0.77612454
653161571,653161480,0.0068398723,-0.008398323,0.053904973,-0.14401552,-0.026760934,0.9257444
653165322,653165230,0.00746213,-0.008786887,0.056339815,-0.04005934,-0.0713254,0.74232364
653169072,653168981,0.006702869,-0.008680724,0.057236426,-0.049578343,0.014424335,0.40246323
653172820,653172730,0.004602006,-0.008265166,0.05831141,-0.4212623,0.062459372,0.33955616
653176575,653176482,0.005314528,-0.008077339,0.05815928,-0.078154534,0.05549973,0.100040264
653179070,653178980,0.003409694,-0.0079007195,0.05816076,-0.36504593,0.06335952,0.052877676
653182820,653182731,0.004204906,-0.007798288,0.0574192,-0.120388284,0.034505345,-0.07468211
653186572,653186481,0.003397059,-0.007246677,0.0562827,-0.028069034,0.096648075,-0.26781654
653190320,653190231,0.00038863026,-0.006700863,0.054596473,-0.5675599,0.13983692,-0.3559617
653194071,653193980,0.001811859,-0.0065548616,0.051656693,-0.06652839,0.07592015,-0.61284834
653196572,653196481,-0.00037006976,-0.0065120882,0.04992821,-0.3939447,0.043327857,-0.6550421
653200322,653200231,0.00013796179,-0.0055946875,0.046191696,-0.20157,0.18755479,-0.8528985
653204072,653203981,0.00044044323,-0.004712524,0.041714765,0.110669926,0.19006741,-1.0847718
653207821,653207731,-0.0017781314,-0.0039829845,0.03812825,-0.34846506,0.20242895,-0.9868924
653211571,653211481,-0.0010189418,-0.0035006814,0.033691294,-0.109709695,0.17003547,-1.106681
653214072,653213981,-0.0027493378,-0.002949122,0.030667985,-0.3249616,0.1897355,-1.1731927
653217821,653217730,-0.001445006,-0.0024509209,0.02514735,-0.048196115,0.17727046,-1.314438
653221571,653221480,-0.0008540594,-0.002309261,0.01982075,0.16911757,0.095926,-1.4444046
653225320,653225230,-0.0023111056,-0.00064729666,0.014435347,-0.17367098,0.29966918,-1.4043621
653229079,653228987,-0.000812884,0.00015306112,0.008952227,0.10612837,0.27152383,-1.4306878
653231571,653231481,-0.001157167,0.00040924532,0.0058469074,0.018398816,0.18431161,-1.3540404
653235323,653235231,-0.00066240487,0.0016394386,-0.00041611574,0.0242157,0.30095312,-1.5237868
653239072,653238981,0.00025084606,0.0015819357,-0.006875496,0.201057,0.110006034,-1.6835837
653242821,653242731,-0.0005352561,0.0022479491,-0.01199532,-0.056480154,0.12972255,-1.4624068
653246573,653246481,-0.00031507743,0.0029629203,-0.01807206,-0.007961322,0.20752108,-1.5470438
653249079,653248983,-0.000588004,0.0033259103,-0.021219967,-0.039786693,0.16237292,-1.4255047
653252824,653252730,0.0004721168,0.0044735014,-0.027063519,0.11958242,0.28152397,-1.4631268
653256583,653256483,0.0008426184,0.0051807165,-0.032041855,0.18345486,0.21244656,-1.3728675
653260321,653260230,0.00047037995,0.00541964,-0.036146898,-0.01656916,0.091521434,-1.1788223
653264080,653263983,0.0018192899,0.005939914,-0.040788785,0.19777435,0.14319886,-1.2101772
653266574,653266482,0.00086225756,0.005770838,-0.042830084,-0.064291894,0.040858418,-1.0337005
653270322,653270231,0.0014897103,0.00628548,-0.0470616,0.026323909,0.11644409,-1.0636449
653274071,653273980,0.001158183,0.006915698,-0.050046567,0.026959667,0.1463626,-0.9238107
653277820,653277730,-0.00033599258,0.007378258,-0.05185662,-0.27513033,0.13652678,-0.63704073
653281572,653281480,0.0009651899,0.007922904,-0.05426676,0.08266839,0.13417155,-0.6471279
653284074,653283982,-0.00082490395,0.008038691,-0.054386295,-0.26280835,0.09000204,-0.37539548
653287821,653287730,0.00017856993,0.007674115,-0.05600841,-0.037743285,-0.024341227,-0.4015139
653291572,653291481,0.00019346674,0.007871514,-0.056037188,0.10722584,0.017224487,-0.1868178
653295320,653295230,-0.0023485639,0.008018601,-0.055575203,-0.41894716,0.053350862,0.030026445
653299078,653298982,-0.0010738919,0.007594832,-0.055475604,-0.04695932,-0.054945227,0.032659374
653301571,653301480,-0.0028263314,0.0077453153,-0.0543904,-0.29656383,-0.007973456,0.21258314
653305323,653305231,-0.0026582032,0.007888386,-0.05330051,-0.22988562,0.038604178,0.28904325
653309079,653308983,-0.0025259778,0.007915323,-0.05035994,0.047539335,-0.013416085,0.5560938
653312820,653312730,-0.005406335,0.0075760316,-0.047372136,-0.43666464,-0.043727834,0.7234496
653316572,653316481,-0.004642464,0.0069414265,-0.045141328,-0.16711712,-0.112224735,0.6547237
653319071,653318980,-0.00560095,0.007137484,-0.04190138,-0.20619255,-0.027254038,0.9522422
653322820,653322730,-0.004936152,0.0065552946,-0.038414605,-0.10902292,-0.08142139,0.94391614
653326574,653326482,-0.0038069147,0.0062227733,-0.034546025,0.22692238,-0.09305895,0.9690961
653330323,653330231,-0.005676893,0.0063070133,-0.029673036,-0.19659711,-0.04162101,1.2124919
653334070,653333980,-0.0049873046,0.005680263,-0.024459394,-0.060895488,-0.089726016,1.3287588
653336573,653336481,-0.0058831465,0.0050580315,-0.020070646,-0.15630838,-0.1776341,1.5137607
653340321,653340230,-0.0059271324,0.0040537203,-0.015693557,-0.14752276,-0.20563315,1.3067311
653344074,653343982,-0.004835203,0.0032046642,-0.010671733,0.17819937,-0.23924619,1.3134376
653347820,653347730,-0.0056720115,0.002939555,-0.0054226043,-0.0716196,-0.13789025,1.3843304
653351572,653351480,-0.0039073303,0.0022552998,0.00013465437,0.19467501,-0.15083027,1.4240662
653354078,653353983,-0.004420367,0.0015691323,0.004401552,0.06514156,-0.21919058,1.5547452
653357820,653357730,-0.0030665863,0.00030373846,0.010087038,0.16362107,-0.27624252,1.5452424
653361571,653361480,-0.0025585117,-0.00044458156,0.015283247,0.23577915,-0.22815001,1.402813
653365322,653365230,-0.002760911,-0.0011889572,0.020072617,0.035119325,-0.20972987,1.3563826
653369079,653368983,-0.00010957857,-0.0020543612,0.024629427,0.40089244,-0.22817615,1.2731571
653371572,653371480,-0.0006027701,-0.0024405809,0.028328037,0.148105,-0.19267516,1.3635404
653375322,653375231,0.0014838936,-0.0033816495,0.031999968,0.3298267,-0.23037072,1.1338029
653379070,653378980,0.0025212788,-0.004236212,0.036430568,0.41820362,-0.22345802,1.1468097
653382820,653382730,0.0021785412,-0.0049029794,0.040260866,0.03763946,-0.19713949,1.0675455
653386574,653386482,0.005172049,-0.0056075174,0.04282841,0.47523588,-0.19212478,0.8377056
653389074,653388982,0.003441542,-0.005693996,0.04534838,-0.035932742,-0.11705586,0.9113834
653392820,653392730,0.006043491,-0.0063049304,0.04736108,0.29462254,-0.16235428,0.6890075
653396573,653396481,0.0069751143,-0.0069955797,0.0488134,0.42108697,-0.18035507,0.44777393
653400322,653400231,0.0054365485,-0.007217915,0.050016705,-0.18066245,-0.085748516,0.40914255
653404076,653403982,0.0066398047,-0.007869523,0.051597968,0.040143613,-0.15788072,0.4042257
653406577,653406485,0.004106186,-0.007896005,0.05259633,-0.39605716,-0.081843615,0.39641288
653410321,653410230,0.00606413,-0.008055052,0.05207668,0.021917116,-0.06112479,0.07415002
653414080,653413983,0.0062009133,-0.00843445,0.051296208,0.17432776,-0.10681713,-0.1325775
653417823,653417730,0.0038948578,-0.008513832,0.050547615,-0.3499352,-0.031709455,-0.1669076
653421572,653421481,0.0051751663,-0.009007709,0.048767675,-0.0021400107,-0.09061754,-0.35318613
653424070,653423980,0.0028531672,-0.00868443,0.048775066,-0.3939827,0.011091994,-0.1919434
653427824,653427730,0.0026346105,-0.008344369,0.04601435,-0.2910758,0.065088525,-0.50205344
653431571,653431481,0.0022113184,-0.008142,0.04353902,-0.07548735,0.045456886,-0.64112777
653435322,653435231,-0.00013633243,-0.007848317,0.04118486,-0.44993064,0.049627528,-0.6097742
653439070,653438980,0.00013890749,-0.007649358,0.037894413,-0.19172536,0.08815951,-0.7949666
653441578,653441480,-0.0020473243,-0.006967257,0.035643063,-0.4620888,0.15951802,-0.8286113
653445320,653445230,-0.0018591646,-0.0065463474,0.031220077,-0.21887212,0.15412588,-1.0352608
653449075,653448983,-0.002445511,-0.005892475,0.026305143,-0.100437425,0.16022271,-1.2271721
653452820,653452730,-0.003900881,-0.0049020033,0.02303575,-0.32465073,0.22478189,-0.9940373
653456576,653456482,-0.0036434531,-0.003857505,0.017976724,-0.06587517,0.2666195,-1.2111953
653459100,653459005,-0.0049713016,-0.0034456085,0.01565986,-0.2674781,0.21394387,-1.08043
653462819,653462730,-0.0039510177,-0.0021207242,0.010565149,0.010388588,0.30781454,-1.2403783
653466572,653466481,-0.0051542963,-0.0013992947,0.0052607628,-0.100239635,0.23040386,-1.3620687
653470322,653470230,-0.0052265907,-0.0008725353,0.0006623425,-0.1274397,0.1584319,-1.2656124
653474071,653473980,-0.0036164774,0.00050892495,-0.0051032216,0.2305134,0.2904505,-1.4380358
653476575,653476482,-0.004859727,0.0008608415,-0.008085283,-0.10712229,0.22197135,-1.3232433
653480319,653480230,-0.002935275,0.0021599815,-0.013011421,0.23430085,0.30638388,-1.2898939
653484080,653483983,-0.0037887567,0.0032511614,-0.016857563,0.07227312,0.2859278,-1.1655267
653487820,653487730,-0.0034946003,0.0038748113,-0.021100886,-0.021398978,0.21072097,-1.12102
653491571,653491480,-0.00086249283,0.0043260963,-0.026106967,0.42143768,0.15564333,-1.2612051
653494075,653493982,-0.002650454,0.0048605306,-0.028354324,-0.09333647,0.17738278,-1.0972314
653497820,653497730,-0.0006440206,0.005782375,-0.032919746,0.22954868,0.23604877,-1.1389532
653501572,653501480,-0.0008549716,0.0062923734,-0.035708662,0.1985918,0.13849983,-0.92589974
653505323,653505232,-0.001966704,0.006854562,-0.03886484,-0.19916607,0.17105782,-0.8385766
653509074,653508982,-4.398136e-05,0.007864455,-0.041980986,0.19668393,0.234366,-0.8424161
653511571,653511480,-0.0014154984,0.00824962,-0.04266482,-0.120498665,0.18875787,-0.57249314
653515314,653515230,0.0003341295,0.008610353,-0.045055594,0.13429356,0.16513023,-0.6133229
653519071,653518980,0.0005058035,0.009153818,-0.046375174,0.20034695,0.115673564,-0.48129383
653522819,653522730,-0.0009405489,0.009569716,-0.04743814,-0.2047138,0.12433071,-0.3369249
653526572,653526481,0.0001881029,0.009919267,-0.04900683,0.049818125,0.12905294,-0.35999787
653529077,653528982,-0.00095836725,0.010189024,-0.048471346,-0.14801405,0.10615561,-0.09417972
653532820,653532730,-0.0003138254,0.010286352,-0.04847773,-0.047293115,0.09340589,-0.03504625
653536574,653536482,-0.00010061852,0.009637737,-0.047705855,0.09027416,-0.10582753,0.08786444
653540320,653540230,-0.0014541727,0.0100301895,-0.046464145,-0.1847659,0.024638977,0.27823415
653544080,653543983,-0.0009275012,0.0101617575,-0.04593359,-0.036553,0.05243824,0.18892339
653546574,653546481,-0.0016290657,0.009866486,-0.04403301,-0.12553538,-0.039886802,0.45881346
653550324,653550233,-0.0008884381,0.008966883,-0.04177955,0.011280769,-0.13516192,0.5536965
653554076,653553982,-0.00085141114,0.008077497,-0.03881436,0.09944182,-0.20624126,0.6803589
653557824,653557730,-0.0017636875,0.007719475,-0.036135815,-0.13287668,-0.13747813,0.7230542
653561571,653561480,-0.0009885881,0.0071165334,-0.03322412,0.060316876,-0.14717476,0.7565536
653564072,653563982,-0.0021493856,0.0064768796,-0.03003817,-0.1692896,-0.19534747,0.9947047
653567820,653567730,-0.0015438136,0.005636698,-0.026574599,-0.007943557,-0.20956047,0.9488049
653571571,653571480,-0.0019315232,0.0049187425,-0.022538112,0.014282689,-0.18208995,1.0075154
653575321,653575230,-0.0029663665,0.0038576522,-0.01801385,-0.2423596,-0.26835352,1.154169
653579074,653578980,-0.001858684,0.0027961305,-0.0140937865,0.099040665,-0.2730604,1.068329
653581572,653581480,-0.0031569994,0.0019497422,-0.010375975,-0.1859108,-0.29918277,1.2731845
653585320,653585230,-0.0016366944,0.00094567,-0.0060115275,0.14185297,-0.2861731,1.1950737
653589080,653588983,-0.002388719,0.00045906293,-0.0016197283,0.059367023,-0.18711679,1.1522269
653592820,653592730,-0.004073254,-0.0003163401,0.0035105078,-0.3661643,-0.19748361,1.3180627
653596574,653596483,-0.0023326601,-0.0018385311,0.0076741236,0.14297013,-0.33479813,1.1751
653599074,653598982,-0.0042424826,-0.0024734088,0.011415118,-0.2536143,-0.29048786,1.3272047
653602820,653602730,-0.0018747635,-0.0036510024,0.01611096,0.1764704,-0.30645904,1.2884281
653606578,653606482,-0.0016228296,-0.0039043091,0.020311685,0.27405676,-0.17131484,1.1612129
653610322,653610231,-0.0027403194,-0.004732333,0.024431223,-0.18453021,-0.19052719,1.1332564
653614074,653613982,-0.00021675964,-0.005785919,0.027705606,0.2956344,-0.2569118,0.96537113
653616573,653616481,-0.0023929952,-0.0060380436,0.03064538,-0.20953879,-0.18115485,1.0620421
653620321,653620230,0.00040156767,-0.006859458,0.033733338,0.28407773,-0.19084364,0.92436635
653624076,653623981,0.0020016064,-0.007295263,0.03718843,0.5108095,-0.16979665,0.88542706
653627820,653627730,0.0008022993,-0.0073975082,0.040815488,-0.0826855,-0.06424189,0.91941154
653631571,653631480,0.0031338674,-0.008386392,0.042407896,0.29333517,-0.17140362,0.621256
653634078,653633984,0.002019511,-0.008089589,0.04390216,-0.015504688,-0.043818913,0.59775025
653637820,653637730,0.004104691,-0.00810976,0.044389546,0.22728686,0.0067164185,0.32314256
653641571,653641480,0.0049166484,-0.008818352,0.0454173,0.31484872,-0.133975,0.274668
653645320,653645230,0.0045872275,-0.008804429,0.04675194,0.043610457,-0.048595153,0.3546667
653649077,653648983,0.006671818,-0.008392994,0.04709662,0.3036426,0.07492983,0.18074368
653651571,653651480,0.005461317,-0.007847784,0.047589663,-0.039813664,0.124268204,0.1834586
653656577,653656482,0.0059560672,-0.007694962,0.04693926,-0.05842205,0.078623034,-0.025854751
653659074,653658983,0.0062083243,-0.00782157,0.046156522,0.052359123,0.011850126,-0.17059736
653662820,653662730,0.0057544974,-0.007710876,0.04519775,-0.13712685,0.032771565,-0.20972584
653666574,653666482,0.0068915547,-0.00655255,0.042765927,0.15884924,0.19758676,-0.49160802
653669070,653668980,0.0052870684,-0.0062544663,0.04171602,-0.2162022,0.15966617,-0.45672774
653672821,653672730,0.0067796446,-0.0057115573,0.03925912,0.14869934,0.14801992,-0.5750247
653676575,653676482,0.0045644706,-0.0051655658,0.037180964,-0.21701124,0.15662934,-0.5789161
653680321,653680230,0.0036625427,-0.0043693865,0.034223806,-0.33859733,0.17741029,-0.6918663
653684070,653683980,0.0044890116,-0.0031123739,0.030488366,0.056855015,0.26281542,-0.87852865
653686574,653686482,0.0020713434,-0.0032399422,0.02837716,-0.43151593,0.118845254,-0.86466765
653690320,653690230,0.0032243042,-0.002318555,0.023443243,0.010829584,0.19316697,-1.1399254
653694077,653693983,0.000506089,-0.0010517641,0.019576173,-0.30652848,0.2671801,-1.0832572
653697820,653697730,-0.0012992792,-0.0007512381,0.015313955,-0.5825279,0.1607617,-1.0777701
653701571,653701480,-0.0005071009,4.8573827e-05,0.010830609,-0.048890814,0.1803128,-1.1682694
653704074,653703982,-0.0032082836,0.0006313056,0.008532392,-0.52650225,0.21271019,-1.0488677
653707820,653707730,-0.001767356,0.0013611702,0.0031818708,-0.016164476,0.19920594,-1.285959
653711571,653711480,-0.0035582606,0.0022324324,-0.0018507811,-0.17080711,0.20223176,-1.3553848
653715322,653715231,-0.005511734,0.0030354746,-0.0058275987,-0.51086605,0.23866482,-1.1229937
653719074,653718982,-0.0043483144,0.0038153883,-0.011146503,-0.0029593294,0.19979857,-1.3073838
653721571,653721480,-0.006171379,0.00437822,-0.013603098,-0.3126658,0.20449264,-1.1551553
653725322,653725230,-0.0050184554,0.004380401,-0.018731568,-0.021404045,0.109031595,-1.2836385
653729073,653728983,-0.005218777,0.005066875,-0.022821732,0.07900526,0.12377782,-1.1930834
653732820,653732730,-0.0060077934,0.0060321605,-0.027181286,-0.16401207,0.20016985,-1.1323951
653736574,653736482,-0.004797008,0.0063718283,-0.031044964,0.10279678,0.17143965,-1.08925
653739078,653738984,-0.005865249,0.007003248,-0.03303755,-0.12021947,0.19303717,-0.9507323
653742820,653742730,-0.004104497,0.007078668,-0.03695276,0.19411798,0.11464542,-0.9928874
653746574,653746482,-0.0035407085,0.006916768,-0.040338796,0.22077638,-0.010653514,-0.97811246
653750319,653750230,-0.0038260836,0.007560035,-0.04313511,-0.0044821277,0.105717085,-0.7711568
653754086,653753987,-0.002168242,0.00731941,-0.04511081,0.29191983,0.020052936,-0.6412426
653756575,653756482,-0.0025034198,0.0074307225,-0.045602925,0.090634406,0.016850315,-0.4312231
653760322,653760231,-0.0014115172,0.0073961406,-0.047597162,0.20976704,0.026635295,-0.4839819
653764077,653763982,-0.0018772598,0.0073219943,-0.04813369,0.06529505,0.0044099824,-0.28988606
653767821,653767730,-0.0014097285,0.007702472,-0.048303764,0.030451749,0.044221513,-0.12499497
653771571,653771480,0.000101749116,0.007275216,-0.048819944,0.30462742,-0.049645547,-0.13448778
653774070,653773980,-0.0006778975,0.006914063,-0.047679227,0.0017466934,-0.09534762,0.14597735
653777820,653777730,0.0006474813,0.006737639,-0.047052875,0.22935808,-0.051800545,0.15892877
653781571,653781480,-9.15979e-05,0.006383499,-0.044919383,0.019312784,-0.08378315,0.38077942
653785321,653785230,-0.00023167545,0.0058902213,-0.043037686,-0.100385666,-0.106778584,0.5115515
653789074,653788982,0.0008876899,0.005863542,-0.040306304,0.19059676,-0.05042867,0.6136297
653791572,653791480,-0.0010461044,0.0056669307,-0.038246557,-0.2685377,-0.065475516,0.71517587
653795319,653795230,0.0005883785,0.0047436557,-0.03660068,0.15107407,-0.1889855,0.5540283
653799079,653798983,-0.00017824449,0.0046363575,-0.032400675,0.061348826,-0.088235065,0.8931856
653802820,653802730,-0.00078605535,0.0036503256,-0.027940346,-0.20943189,-0.1870974,1.1325943
653806576,653806482,0.00086557213,0.0026915183,-0.024356911,0.19901744,-0.22426449,0.97922695
653809082,653808982,-0.0019022475,0.002742575,-0.021033306,-0.38090104,-0.10307575,1.1216758
653812820,653812730,-0.00039107364,0.002250054,-0.017644368,0.03117401,-0.1270893,0.99123216
653816572,653816481,-0.00076860085,0.0017363238,-0.012775633,0.09317183,-0.16264606,1.1651115
653820322,653820231,-0.002060789,0.0013784918,-0.007592442,-0.27940091,-0.09576935,1.3350627
653824074,653823982,-0.00089688424,0.00044797471,-0.0033628282,0.033869103,-0.18959913,1.1821495
653826572,653826481,-0.0029490914,0.00042595278,0.00030705982,-0.3178627,-0.106984116,1.3211294
653830321,653830230,-0.0015333836,-0.00010330413,0.004390823,-0.0019387715,-0.10597275,1.1747993
653834071,653833980,-0.0018324075,-0.0010625313,0.009556918,0.08506176,-0.2238692,1.2667007
653837820,653837730,-0.0034384103,-0.0011006122,0.014413964,-0.29405567,-0.07603429,1.3291154
653841572,653841480,-0.001937163,-0.001698558,0.018642077,0.09601668,-0.11493849,1.1647063
653844076,653843982,-0.002976526,-0.001816968,0.02192306,-0.11890802,-0.08992737,1.2345539
653847821,653847730,-0.0022540826,-0.0024132296,0.025734209,-0.0018781918,-0.12757625,1.0964047
653851571,653851480,-0.0027812517,-0.00368659,0.029617785,0.012192361,-0.29584455,1.0430489
653855322,653855231,-0.0034092127,-0.004415221,0.03320368,-0.15449305,-0.21539247,1.0237281
653859077,653858983,-0.0016596324,-0.0043559107,0.0364987,0.2285664,-0.060149413,0.91969985
653861571,653861480,-0.0029056624,-0.0040754606,0.038684085,-0.11255837,0.010264409,0.8973276
653865322,653865231,-0.0011495627,-0.004632313,0.04115716,0.23879707,-0.08942581,0.74429834
653869074,653868982,-0.001430871,-0.0053245276,0.04343058,0.1158342,-0.15571272,0.6554313
653872821,653872730,-0.0010286422,-0.0061501046,0.04487019,0.014539373,-0.18505144,0.5095213
