timestamp,gyro_rad[0],gyro_rad[1],gyro_rad[2],gyro_integral_dt,accelerometer_timestamp_relative,accelerometer_m_s2[0],accelerometer_m_s2[1],accelerometer_m_s2[2],accelerometer_integral_dt,accelerometer_clipping,gyro_clipping,accel_calibration_count,gyro_calibration_count
630566189,0.003584438,0.0014382041,-0.009403777,5000,0,-0.25196153,0.04726578,-9.780242,5000,0,0,1,1
630571216,-0.0021085981,0.002930674,-0.010739863,5027,0,-0.035058998,0.30258614,-9.858639,5027,0,0,1,1
630576187,-0.0068375366,-0.004446803,-0.013637718,4971,0,-0.14663258,-0.25170815,-9.653689,4971,0,0,1,1
630581189,-0.005555899,-0.0021043215,-0.003246967,5002,0,-0.31847847,-0.16153252,-10.015288,5002,0,0,1,1
630586213,-0.003966232,-0.001420133,0.014542354,5024,0,0.053514946,-0.47699937,-9.611031,5024,0,0,1,1
630591188,0.0060884072,0.00218098,0.028761633,4975,0,-0.058172442,-0.21536946,-10.12562,4975,0,0,1,1
630596187,0.0049107247,-0.00065696303,0.041737203,4999,0,-0.20823273,-0.15351157,-9.625523,4999,0,0,1,1
630601215,-0.0016369141,0.0064214,0.048703115,5028,0,0.025665024,0.14392026,-9.985823,5028,0,0,1,1
630606187,-0.0034544365,0.0017830286,0.03634184,4972,0,-0.20723394,-0.10229388,-9.714742,4972,0,0,1,1
630611194,-0.0030116607,0.0018374769,0.0032224858,5007,0,0.036054417,0.54745996,-9.917603,5007,0,0,1,1
630616212,-0.0027849535,-0.0010182189,-0.027063467,5018,0,-0.17118004,-0.08172345,-9.86122,5018,0,0,1,1
630621188,0.004431574,-0.0036825144,-0.029653776,4976,0,-0.0899699,-0.101074025,-9.694734,4976,0,0,1,1
630626188,0.0011403749,-0.0033039,-0.029358378,5000,0,0.1368475,0.0140550025,-9.984822,5000,0,0,1,1
630631212,-0.0031663592,-0.0009799262,-0.025605138,5024,0,-0.1299039,-0.421359,-9.516544,5024,0,0,1,1
630636189,-0.00033537223,0.0015704341,-0.026642546,4977,0,0.0025085856,-0.07293789,-9.94108,4977,0,0,1,1
630641190,-0.0011635973,0.0045642992,-0.03199659,5001,0,-0.25243965,0.67290926,-9.6842575,5001,0,0,1,1
630646211,-0.0022407668,-0.0028449807,-0.031977035,5021,0,-0.10932564,-0.083645456,-9.975401,5021,0,0,1,1
630651189,0.0004153108,-0.0037713544,-0.034675684,4978,0,-0.06701522,-0.12356429,-9.76386,4978,0,0,1,1
630656187,0.0025386824,-0.0014156251,-0.018389001,4998,0,0.0028852213,-0.5669049,-9.87992,4998,0,0,1,1
630661213,0.0058617983,-0.0012444811,-0.009732743,5026,0,-0.28434694,-0.36005512,-9.833343,5026,0,0,1,1
630666189,0.0031690663,0.00010617018,0.004833754,4976,0,-0.20234956,0.17386086,-9.741054,4976,0,0,1,1
630671188,0.0019705144,0.0066947006,0.018694434,4999,0,0.10051109,-0.40405834,-9.904423,4999,0,0,1,1
630676212,-0.0076450338,0.0018245553,0.026307886,5024,0,-0.19469216,-0.031360276,-9.61402,5024,0,0,1,1
630681189,-0.0045054834,-0.0006590802,0.02813705,4977,0,-0.11145641,-0.19718204,-9.939108,4977,0,0,1,1
630686187,-0.004426562,-0.0009917985,0.026226165,4998,0,-0.1008465,-0.383595,-9.630873,4998,0,0,1,1
630691213,0.00031688044,0.00093169254,0.02478957,5026,0,0.032796208,0.056726225,-9.9048395,5026,0,0,1,1
630696190,-0.0015568523,-0.002415013,0.020028425,4977,0,-0.04065562,0.030634426,-9.744528,4977,0,0,1,1
630701188,0.0014795978,0.0020147904,0.012382154,4998,0,-0.13907844,-0.011185676,-9.787557,4998,0,0,1,1
630706212,-0.001431841,0.006177442,0.005298417,5024,0,-0.11133266,0.3838731,-9.878066,5024,0,0,1,1
630711191,-0.0026870938,0.004198219,-0.00023635717,4979,0,-0.1515868,-0.009339908,-9.784997,4979,0,0,1,1
630716187,-0.0007534607,-0.0064571598,-0.008596877,4996,0,-0.13825084,-0.12865949,-9.881119,4996,0,0,1,1
630721213,0.0005054406,-0.0027611994,-0.009479343,5026,0,-0.055282596,0.17353423,-9.859463,5026,0,0,1,1
630726188,0.007608202,-0.0002712162,-0.010967616,4975,0,0.019372625,-0.26075312,-9.895836,4975,0,0,1,1
630731188,0.003883638,0.0022016852,-0.016295098,5000,0,-0.17806144,-0.049997486,-9.688738,5000,0,0,1,1
630736213,0.0068894494,0.0021571617,-0.013114118,5025,0,-0.06458449,0.092117235,-9.906007,5025,0,0,1,1
630741190,0.0046442254,0.0027525448,-0.010503592,4977,0,-0.14630388,-0.21381533,-9.712558,4977,0,0,1,1
630746188,-0.002558882,-0.0020045438,-0.008205424,4998,0,-0.11044726,-0.0843336,-9.90522,4998,0,0,1,1
630751213,-0.0038452712,-0.003936851,-0.0017638816,5025,0,-0.002887997,-0.44363487,-9.749708,5025,0,0,1,1
630756188,-0.0038247292,0.00019781094,-0.0015824868,4975,0,-0.2326176,-0.18445197,-9.72778,4975,0,0,1,1
630761187,-7.283708e-05,-0.0017285836,0.0026233178,4999,0,-0.06029965,-0.21395986,-9.814989,4999,0,0,1,1
630766212,-0.000708516,0.004432045,0.005881543,5025,0,-0.08943804,-0.2128806,-9.811043,5025,0,0,1,1
630771190,-0.0036168867,0.0036638249,0.008190056,4978,0,-0.12692316,-0.035057873,-9.846445,4978,0,0,1,1
630776187,-0.006211378,0.00021857966,0.012567717,4997,0,-0.08336844,0.047933996,-9.832065,4997,0,0,1,1
630781213,-0.0061977683,-0.0034163676,0.013928643,5026,0,-0.1434439,-0.08867104,-9.789478,5026,0,0,1,1
630786188,-0.006372467,-0.0009521213,0.01057169,4975,0,-0.101169825,0.13098007,-9.873345,4975,0,0,1,1
630791188,-0.0019556056,0.0021360512,0.00950583,5000,0,-0.029454557,0.033639137,-9.775415,5000,0,0,1,1
630796213,0.0038138228,0.0029900335,0.007909421,5025,0,-0.087006666,-0.01787192,-9.82932,5025,0,0,1,1
630801191,0.005576866,0.00253037,0.0033265024,4978,0,-0.11231612,0.15529203,-9.823566,4978,0,0,1,1
630806187,0.008135267,-0.00090255734,-0.0025290065,4996,0,0.057585016,0.10663061,-9.874801,4996,0,0,1,1
630811217,0.00094135955,-0.0013845349,-0.008313681,5030,0,-0.14669533,-0.03733824,-9.817647,5030,0,0,1,1
630816187,0.0022322882,-0.0022405055,-0.012191696,4970,0,-0.1511602,0.09968397,-9.753287,4970,0,0,1,1
630821188,0.0033325057,-0.0011129134,-0.010027789,5001,0,-0.038718525,-0.1065112,-9.800516,5001,0,0,1,1
630826213,0.0021524546,0.0030210575,-0.014277966,5025,0,-0.11735099,-0.23616198,-9.763875,5025,0,0,1,1
630831188,0.002940121,0.0024986744,-0.014432547,4975,0,-0.084805384,-0.21101801,-9.932165,4975,0,0,1,1
630836188,0.0021125139,-0.0011817769,-0.010867381,5000,0,-0.13515462,-0.3431373,-9.785847,5000,0,0,1,1
630841219,0.0019804079,-0.0013830801,-0.004470455,5031,0,-0.077950485,-0.2062597,-9.896879,5031,0,0,1,1
630846188,-0.002673387,-0.0012697183,0.0017181654,4969,0,-0.026315114,-0.21846125,-9.716771,4969,0,0,1,1
630851188,-0.005630825,0.0027622906,0.003807394,5000,0,-0.079257466,-0.1396606,-9.767942,5000,0,0,1,1
630856213,-0.008147152,0.0015228887,0.0100811785,5025,0,-0.26835567,-0.17615557,-9.817442,5025,0,0,1,1
630861188,-0.003220209,0.0016126686,0.010152621,4975,0,0.04103304,-0.20759805,-9.794373,4975,0,0,1,1
630866188,-0.0035356376,0.0012350022,0.010765786,5000,0,-0.14355399,0.053212877,-9.851178,5000,0,0,1,1
630871220,-0.0034051903,-0.004044481,0.013371174,5032,0,-0.1133304,-0.060015626,-9.844055,5032,0,0,1,1
630876187,-0.001584773,-0.00070752756,0.009762922,4967,0,0.025601823,-0.041706137,-9.837941,4967,0,0,1,1
630881188,-0.0023495324,-0.0001863839,0.009078941,5001,0,-0.086145066,0.26252013,-9.737182,5001,0,0,1,1
630886213,0.0020571703,-0.00049077877,0.0055075623,5025,0,-0.12540206,0.11912825,-9.846592,5025,0,0,1,1
630891188,-0.0029210895,0.0028685494,0.00039447847,4975,0,-0.12663215,-0.06880286,-9.767225,4975,0,0,1,1
630896188,0.0026328657,0.0023739713,-0.0044308137,5000,0,-0.1326428,0.038997654,-9.805514,5000,0,0,1,1
630901218,0.0039300816,-0.0028021296,-0.009746189,5030,0,-0.045537926,-0.09023397,-9.803326,5030,0,0,1,1
630906188,0.0110166,-0.0032618477,-0.01904276,4970,0,-0.18157685,-0.025718782,-9.932366,4970,0,0,1,1
630911190,0.0009577292,-0.003543695,-0.017581498,5002,0,-0.03215143,0.003747841,-9.786511,5002,0,0,1,1
630916211,0.0014354162,0.0038874217,-0.014290972,5021,0,-0.035056997,-0.15966493,-9.829496,5021,0,0,1,1
630921188,0.0004624211,0.002081251,-0.009272854,4977,0,-0.115163155,-0.15965384,-9.726232,4977,0,0,1,1
630926188,-0.0027597004,0.0005458998,-0.0050844047,5000,0,-0.046428014,-0.37847206,-9.803055,5000,0,0,1,1
630931212,-0.0011007738,-0.0005757306,0.0025278293,5024,0,-0.1321972,-0.22081366,-9.795742,5024,0,0,1,1
630936188,0.002021394,-0.002456306,0.009470556,4976,0,-0.15954494,-0.16613717,-9.829995,4976,0,0,1,1
630941190,0.0016907987,-0.0010887373,0.014492367,5002,0,-0.05463876,-0.26580292,-9.867041,5002,0,0,1,1
630946211,-0.003962783,0.0019282633,0.017413089,5021,0,-0.060928687,-0.07901586,-9.759203,5021,0,0,1,1
630951188,-0.0023801255,0.0003258886,0.016521102,4977,0,-0.13948587,-0.022846293,-9.821818,4977,0,0,1,1
630956189,-0.006047335,0.00071905524,0.01204823,5001,0,-0.09917653,-0.11042522,-9.745353,5001,0,0,1,1
630961213,-0.0080091925,-0.00017588865,0.0081712,5024,0,-0.13744313,0.117550164,-9.881067,5024,0,0,1,1
630966188,-0.004221269,-0.003038161,0.0039880774,4975,0,-0.09722781,-0.0029890987,-9.77403,4975,0,0,1,1
630971191,-0.0030595062,3.0947227e-05,-0.00021704787,5003,0,-0.04172752,-0.08371491,-9.816654,5003,0,0,1,1
630976212,0.004246855,0.0006099894,-0.0042477413,5021,0,-0.09971756,0.19766888,-9.8135805,5021,0,0,1,1
630981188,0.0038451282,0.00369172,-0.010797533,4976,0,-0.026281765,0.0735363,-9.777382,4976,0,0,1,1
630986188,-0.0023709245,0.0015828877,-0.01260585,5000,0,-0.17021014,0.07657185,-9.834587,5000,0,0,1,1
630991212,0.0011615069,-0.0028755795,-0.013375707,5024,0,-0.115392946,-0.07103593,-9.813635,5024,0,0,1,1
630996189,4.9921407e-05,-0.0024811565,-0.012723595,4977,0,-0.15067872,-0.23870435,-9.809492,4977,0,0,1,1
631001190,0.0038989377,-0.0015589376,-0.011744202,5001,0,-0.14090835,0.05426332,-9.8625765,5001,0,0,1,1
631006211,0.0071042175,8.8403445e-05,-0.007438017,5021,0,-0.025383415,-0.22461343,-9.752376,5021,0,0,1,1
631011188,0.0041573336,0.0020711166,0.0005098974,4977,0,-0.023499077,-0.37223172,-9.79321,4977,0,0,1,1
631016188,0.0037285234,0.003391692,0.005587022,5000,0,-0.13781837,0.032238714,-9.849228,5000,0,0,1,1
631021212,0.0017482162,0.0007457618,0.008207632,5024,0,-0.07349723,-0.09789787,-9.845179,5024,0,0,1,1
631026188,0.0003840353,-0.0015296431,0.009418519,4976,0,-0.19438341,-0.29551792,-9.848925,4976,0,0,1,1
631031188,-0.00503801,-0.004512066,0.0096893385,5000,0,-0.12333705,0.026512152,-9.749242,5000,0,0,1,1
631036212,-0.004262913,-0.003014309,0.009513514,5024,0,-0.08487496,-0.38177496,-9.773447,5024,0,0,1,1
631041188,-0.0004573532,0.0029618838,0.009364917,4976,0,-0.03821396,-0.05497231,-9.77815,4976,0,0,1,1
631046188,-6.0150694e-05,0.0066709006,0.008318128,5000,0,0.010048303,-0.0730235,-9.790531,5000,0,0,1,1
631051212,0.00019302125,0.0016151465,0.0029711316,5024,0,-0.11092142,-0.13189694,-9.864637,5024,0,0,1,1
631056188,-0.0044004763,-0.0029358468,-0.0012190572,4976,0,-0.21011485,0.2508054,-9.834936,4976,0,0,1,1
631061190,-0.005943362,-0.008895706,-0.004485031,5002,0,-0.12159715,-0.044092923,-9.760699,5002,0,0,1,1
631066211,-0.0057359273,-0.0040091514,-0.006679329,5021,0,-0.16266713,0.00067352917,-9.8143015,5021,0,0,1,1
631071188,0.003019405,-0.000313781,-0.00850647,4977,0,-0.024807116,0.02345175,-9.746747,4977,0,0,1,1
631076188,0.0042418027,0.010376047,-0.011215519,5000,0,0.03877128,0.018805226,-9.789651,5000,0,0,1,1
631081213,0.0039167,0.0059093353,-0.010593691,5025,0,-0.15417506,-0.09251458,-9.923635,5025,0,0,1,1
631086188,-0.002836142,0.0017242635,-0.008094426,4975,0,-0.025151758,0.10305485,-9.843685,4975,0,0,1,1
631091190,-0.00013111172,-0.009904951,-0.004921209,5002,0,-0.25572053,-0.26533416,-9.875014,5002,0,0,1,1
631096211,0.0020060523,-0.0066936673,-0.0015023568,5021,0,-0.17721564,0.14549078,-9.726346,5021,0,0,1,1
631101188,0.0015199113,-0.0031652963,0.0007644413,4977,0,-0.031083997,-0.34139928,-9.699736,4977,0,0,1,1
631106188,0.003085369,0.01013039,-0.0002030615,5000,0,0.0593208,-0.15238136,-9.752755,5000,0,0,1,1
631111213,0.00077667355,0.0076728533,0.0051403,5025,0,-0.18701032,-0.1668359,-9.910955,5025,0,0,1,1
631116187,0.0016320061,0.0043727052,0.007147484,4974,0,-0.07620229,-0.22699085,-9.899265,4974,0,0,1,1
631121191,-0.00078039576,-0.00987065,0.0092513375,5004,0,-0.25519055,-0.14295024,-9.970562,5004,0,0,1,1
631126211,0.00023889937,-0.008349596,0.009573893,5020,0,0.02616368,0.050904315,-9.661702,5020,0,0,1,1
631131190,-0.004255872,-0.0012381141,0.009635785,4979,0,-0.080861226,-0.1904379,-9.737411,4979,0,0,1,1
631136188,-0.0022773242,0.009122818,0.003977118,4998,0,0.036884762,0.020512378,-9.587368,4998,0,0,1,1
631141212,-0.0036142552,0.008579949,0.00412408,5024,0,-0.11033093,-0.15744455,-10.029118,5024,0,0,1,1
631146188,-0.00010058419,0.0013885208,-0.0012875247,4976,0,-0.121399164,-0.06483795,-9.788408,4976,0,0,1,1
631151189,-0.001877296,-0.008414831,0.00016351233,5001,0,-0.24722953,0.054816242,-10.065565,5001,0,0,1,1
631156211,0.00127996,-0.009699881,-0.004312409,5022,0,0.00776581,0.037318718,-9.6539545,5022,0,0,1,1
631161188,0.0017693084,-0.00078687136,-0.005767652,4977,0,-0.017293468,0.12530702,-9.766868,4977,0,0,1,1
631166188,-0.00292793,0.010098234,-0.011708897,5000,0,-0.14115189,-0.18212843,-9.711698,5000,0,0,1,1
631171212,-0.002822579,0.009939916,-0.010263539,5024,0,-0.051177204,-0.04349851,-9.874468,5024,0,0,1,1
631176188,-0.003866251,0.0007833287,-0.009435113,4976,0,-0.20192753,-0.069482334,-10.015908,4976,0,0,1,1
631181188,0.0007659155,-0.009490115,-0.008243608,5000,0,-0.14435506,-0.2252044,-9.829033,5000,0,0,1,1
631186212,0.006928475,-0.006112367,-0.0040307515,5024,0,-0.031293437,-0.19959727,-9.872991,5024,0,0,1,1
631191188,0.0028909182,-0.0027672842,-4.0779956e-05,4976,0,-0.11694559,0.12707338,-9.574506,4976,0,0,1,1
631196187,-0.00058235525,0.008295501,0.0008495786,4999,0,0.06508704,0.035010643,-9.765316,4999,0,0,1,1
631201213,-0.010097006,0.0075143785,0.008129322,5026,0,-0.29186532,-0.009561249,-9.720779,5026,0,0,1,1
631206187,-0.002555586,-0.00037283933,0.0092177875,4974,0,-0.002241512,-0.3518934,-9.889538,4974,0,0,1,1
631211188,0.003083333,-0.0055188537,0.013133627,5001,0,-0.16531453,-0.13342656,-9.858125,5001,0,0,1,1
631216212,0.010774327,-0.005972293,0.011721262,5024,0,-0.0866409,-0.274415,-9.824744,5024,0,0,1,1
631221188,0.0021680759,-0.0004913609,0.0064454507,4976,0,-0.04393187,0.12887132,-9.800848,4976,0,0,1,1
631226188,-0.00827085,0.005663472,0.008816957,5000,0,-0.032558497,-0.021339986,-9.703252,5000,0,0,1,1
631231219,-0.007178935,0.004980774,0.0035660681,5031,0,-0.18429942,-0.04954165,-9.85472,5031,0,0,1,1
631236187,-0.0026070757,0.0025899853,0.002787988,4968,0,-0.06922957,-0.052492384,-9.84751,4968,0,0,1,1
631241190,0.007443785,-0.0052131577,-0.0041088383,5003,0,-0.08376632,-0.004120526,-9.831833,5003,0,0,1,1
631246212,0.00080609834,-0.005252398,-0.009139174,5022,0,-0.15795086,-0.066970624,-9.863832,5022,0,0,1,1
631251188,-0.005322033,-0.0020709815,-0.012384334,4976,0,-0.10266666,0.059353665,-9.783707,4976,0,0,1,1
631256188,-0.0036772606,0.0012119492,-0.0103554875,5000,0,0.014912397,-0.07819689,-9.727221,5000,0,0,1,1
631261221,0.007404824,0.0047750818,-0.010757371,5033,0,-0.17090182,-0.19406302,-9.810044,5033,0,0,1,1
631266187,0.010856991,0.0020543968,-0.009709919,4966,0,-0.12879926,0.01251427,-9.77379,4966,0,0,1,1
631271191,-0.002202359,0.00077735755,-0.004931809,5004,0,-0.1906539,-0.09625888,-9.997223,5004,0,0,1,1
631276214,-0.010992196,-0.008506935,-0.002549076,5023,0,-0.1324364,-0.14129946,-9.714211,5023,0,0,1,1
631281188,-0.007924847,-0.001597281,0.003456344,4974,0,0.0121052805,-0.2885081,-9.861301,4974,0,0,1,1
631286188,0.009552004,0.0023478211,0.0068065766,5000,0,-0.13102236,-0.14612693,-9.685923,5000,0,0,1,1
631291212,0.014612839,0.006839546,0.010069855,5024,0,-0.020063212,-0.11955229,-9.879856,5024,0,0,1,1
631296189,-0.0032395157,0.0008699712,0.010678511,4977,0,-0.14497288,0.06715113,-9.887419,4977,0,0,1,1
631301190,-0.013130305,-0.0028880714,0.0076346816,5001,0,-0.23773421,-0.04871686,-9.731817,5001,0,0,1,1
631306212,-0.009207178,-0.0020282182,0.00769856,5022,0,0.15546238,0.004271913,-9.8642645,5022,0,0,1,1
631311193,0.0053371056,-0.00043511752,0.0068815593,4981,0,-0.15244624,-0.13831961,-9.6810255,4981,0,0,1,1
631316187,0.010729851,0.0037899732,0.0031119543,4994,0,0.022775486,-0.05030107,-9.852775,4994,0,0,1,1
631321216,0.0011387422,0.0032774755,-0.0019872142,5029,0,-0.15023558,0.09180806,-9.8099985,5029,0,0,1,1
631326188,-0.0046294136,-0.0040721856,-0.004841032,4972,0,-0.054937325,-0.097163916,-10.041951,4972,0,0,1,1
631331188,-0.011902698,-0.0030676299,-0.0053014257,5000,0,-0.1102312,-0.010806476,-9.782833,5000,0,0,1,1
631336212,0.008969439,-0.00025806628,-0.007948592,5024,0,-0.14637372,-0.20473903,-9.689996,5024,0,0,1,1
631341212,0.011431383,0.0046831076,-0.0075936774,5000,0,0.051013537,-0.029985363,-9.759918,5000,0,0,1,1
631346188,-0.0015829203,0.0025897059,-0.0076206108,4976,0,-0.27755067,-0.065856,-9.854531,4976,0,0,1,1
631351216,-0.0092419805,-0.003576982,-0.0076939436,5028,0,0.09351265,-0.15720256,-9.885816,5028,0,0,1,1
631356187,-0.010249999,-0.0013036616,-0.0048500407,4971,0,-0.13816577,-0.20546044,-9.872689,4971,0,0,1,1
631361190,0.010255824,-0.0017476487,-0.004413733,5003,0,-0.07490406,-0.1083937,-9.799963,5003,0,0,1,1
631366211,0.0047697686,0.0037761645,0.0030511506,5021,0,-0.008293919,-0.052840985,-9.659239,5021,0,0,1,1
631371190,0.002770368,0.005392722,0.004492089,4979,0,-0.3236325,0.042725332,-9.873886,4979,0,0,1,1
631376187,-0.009665046,-0.0028836227,0.004785177,4997,0,-0.009711619,0.07263808,-9.772878,4997,0,0,1,1
631381212,-0.012894923,-0.002339457,0.006747277,5025,0,-0.22159865,-0.3915823,-9.954693,5025,0,0,1,1
631386189,0.009087436,-0.005761032,0.005479184,4977,0,0.10953197,-0.12861502,-9.655022,4977,0,0,1,1
631391188,0.0147558125,0.005088557,0.006200325,4999,0,-0.06777198,-0.05675616,-9.893734,4999,0,0,1,1
631396212,0.005796637,0.0038592191,0.0064590853,5024,0,-0.18533447,0.012931335,-9.83736,5024,0,0,1,1
631401190,-0.015057596,-0.0008325269,0.005956627,4978,0,-0.065944456,0.17396414,-9.877357,4978,0,0,1,1
631406188,-0.015280589,-0.0027006483,0.0041638236,4998,0,-0.23299299,-0.1639687,-9.819713,4998,0,0,1,1
631411217,0.004136237,-0.003518069,-0.0005838834,5029,0,-0.08839634,-0.03244019,-9.640455,5029,0,0,1,1
631416187,0.0112277195,0.000338971,-0.0015701309,4970,0,-0.14980255,-0.08146929,-9.788476,4970,0,0,1,1
631421188,0.007568374,0.002364227,-0.0037844232,5001,0,0.0013089591,-0.049210627,-9.67392,5001,0,0,1,1
631426213,-0.010253569,0.00561591,-0.0055416417,5025,0,-0.043822557,-0.03332096,-10.023668,5025,0,0,1,1
631431188,-0.010855535,-0.0002536124,-0.0046905098,4975,0,-0.12879108,-0.053237364,-9.814299,4975,0,0,1,1
631436188,0.004758026,-0.0056338515,-0.00839483,5000,0,0.013300006,-0.15984021,-9.917036,5000,0,0,1,1
631441217,0.010247273,-0.0013461399,-0.0075911344,5029,0,-0.26587644,0.005003846,-9.714421,5029,0,0,1,1
631446187,0.0019236995,0.0037564111,-0.006956304,4970,0,-0.14237885,-0.077909075,-9.765431,4970,0,0,1,1
631451192,-0.010839755,0.00057546486,-0.0040563243,5005,0,-0.08266212,-0.12050585,-9.859133,5005,0,0,1,1
631456213,-0.010487164,0.00034534,-0.0016603037,5021,0,-0.0670961,-0.22486618,-9.817788,5021,0,0,1,1
631461188,0.0052286135,-0.001413302,-0.00028207342,4975,0,-0.037921935,-0.30949572,-9.928652,4975,0,0,1,1
631466188,0.007002106,0.0020696153,0.004519591,5000,0,-0.039161265,-0.100736216,-9.748276,5000,0,0,1,1
631471217,0.0058472822,0.0026719244,0.0024975005,5029,0,-0.171761,0.06361113,-9.796928,5029,0,0,1,1
631476187,-0.011156093,0.0010836524,0.008188447,4970,0,0.03201044,-0.004722137,-9.726056,4970,0,0,1,1
631481189,-0.01937612,0.00084253337,0.008624587,5002,0,-0.28838345,-0.20227446,-9.83372,5002,0,0,1,1
631486212,0.0033324803,-0.0038551413,0.0046857726,5023,0,-0.021898422,0.0029093612,-9.845346,5023,0,0,1,1
631491188,0.0118771875,0.0006089429,0.0050646835,4976,0,-0.07898377,-0.104794234,-9.882393,4976,0,0,1,1
631496188,0.010450362,-0.0019259886,0.000112650785,5000,0,-0.12254645,-0.007969495,-9.861699,5000,0,0,1,1
631501213,-0.005220896,0.0035292676,0.0026125356,5025,0,0.079883374,0.09442438,-9.851669,5025,0,0,1,1
631506188,-0.011333185,0.0008996892,-0.0016042996,4975,0,-0.3187745,-0.18940145,-9.725066,4975,0,0,1,1
631511188,-0.0021483728,-0.0028554304,-0.0026421517,5000,0,0.036819007,0.09206628,-9.754819,5000,0,0,1,1
631516211,0.0049975133,-0.00080893043,-0.004080854,5023,0,-0.10733933,-0.14535062,-9.662306,5023,0,0,1,1
631521188,0.011248898,-0.0043916674,-0.009325751,4977,0,-0.1665441,-0.085821085,-9.83352,4977,0,0,1,1
631526188,-0.004094042,0.004051445,-0.0048018885,5000,0,-0.10594229,-0.030464726,-9.865766,5000,0,0,1,1
631531210,-0.010588556,0.00053152494,-0.004809525,5022,0,-0.067180976,-0.423924,-9.834805,5022,0,0,1,1
631536186,-0.0022636526,-0.00016046326,-8.136006e-05,4976,0,0.040100787,0.0024520536,-9.90327,4976,0,0,1,1
631541188,0.007723095,0.0016601931,8.710264e-05,5002,0,-0.24684495,-0.34308657,-9.8838825,5002,0,0,1,1
631546211,0.006879373,-0.001747829,0.00097455643,5023,0,-0.12706405,0.0696268,-9.84659,5023,0,0,1,1
631551187,-0.005298082,-0.0025219503,0.0005620249,4976,0,-0.11380717,-0.013025788,-9.779767,4976,0,0,1,1
631556188,-0.0089014005,-0.00102176,0.0049478305,5001,0,-0.13623117,-0.16616622,-9.736273,5001,0,0,1,1
631561211,-0.0046233614,0.0026899707,0.006051967,5023,0,-0.030062681,0.14262019,-9.761273,5023,0,0,1,1
631566186,0.0062210015,0.0022733873,0.004423903,4975,0,-0.21089473,-0.38187942,-9.787957,4975,0,0,1,1
631571188,0.007267658,0.0021972156,0.003180156,5002,0,0.08689091,0.14237326,-9.762114,5002,0,0,1,1
631576211,-0.008369376,0.0008050746,0.000574171,5023,0,-0.13089843,-0.05980532,-9.804161,5023,0,0,1,1
631581188,-0.007971239,-0.003215134,0.0010610799,4977,0,-0.079984576,-0.05174708,-9.80325,4977,0,0,1,1
631586187,-0.0028444412,0.002147661,-0.0007995572,4999,0,-0.09515954,0.114026144,-9.890164,4999,0,0,1,1
631591210,0.0036733747,0.0013096737,0.001807409,5023,0,-0.10530598,-0.16053914,-9.907027,5023,0,0,1,1
631596187,0.009944535,2.3767672e-05,-0.004443469,4977,0,0.037492316,-0.08715587,-9.833738,4977,0,0,1,1
631601187,0.0071516987,-0.001878239,-0.0062297024,5000,0,-0.19583412,0.0858953,-9.918857,5000,0,0,1,1
631606211,-0.0017753441,-0.00023692308,-0.0031583332,5024,0,-0.11209119,-0.13177761,-9.8356,5024,0,0,1,1
631611208,-0.00642815,0.0009930194,-0.0014084012,4997,0,-0.09016305,-0.16666678,-9.552903,4997,0,0,1,1
631616187,0.0023909635,0.0014703798,0.002351284,4979,0,-0.06099472,-0.10874038,-9.807715,4979,0,0,1,1
631621211,0.0036776443,0.0024928134,-0.0016003496,5024,0,-0.045546435,-0.16922018,-9.776499,5024,0,0,1,1
631626187,-0.003954279,-0.00046153917,0.0019520783,4976,0,-0.23187819,-0.20375074,-9.971958,4976,0,0,1,1
631631188,-0.002128731,-0.0054977657,0.0006894721,5001,0,-0.062991194,0.036241494,-9.781195,5001,0,0,1,1
631636211,-0.003893569,0.0018225678,0.0029163524,5023,0,-0.064252794,-0.28391734,-9.859063,5023,0,0,1,1
631641187,0.0042055403,0.0019909535,0.00286046,4976,0,-0.014132172,0.110796705,-9.793161,4976,0,0,1,1
631646188,0.006662887,0.0019004245,0.0018126988,5001,0,-0.07041752,-0.10313764,-9.75838,5001,0,0,1,1
631651213,-0.007372439,0.002396096,0.00032967207,5025,0,-0.28627336,-0.0016903137,-10.001349,5025,0,0,1,1
631656187,-0.009044951,-0.0068373014,-0.0015670633,4974,0,-0.113064244,-0.14909254,-9.595057,4974,0,0,1,1
631661188,-0.0017763164,-1.6281663e-05,-0.0014764663,5001,0,0.026329251,-0.23104113,-9.856551,5001,0,0,1,1
631666211,2.4424768e-05,0.0038538272,0.0009258322,5023,0,-0.13682637,-0.14882116,-9.665947,5023,0,0,1,1
631671188,0.008074173,0.006154481,-0.0015791244,4977,0,0.13310158,0.13104486,-9.774297,4977,0,0,1,1
631676187,3.2374126e-05,0.0038761816,-0.0016306083,4999,0,-0.18076754,0.086493574,-10.050813,4999,0,0,1,1
631681211,-0.0061423015,-0.0037134893,-0.0006765019,5024,0,-0.29546997,0.13101156,-9.737942,5024,0,0,1,1
631686186,-0.0034913898,-0.0026283066,-0.0019469217,4975,0,0.24279955,-0.13171956,-9.908329,4975,0,0,1,1
631691188,0.0060857288,-0.0001229422,-0.0013498036,5002,0,-0.28142348,-0.36088687,-9.591212,5002,0,0,1,1
631696214,0.009790057,0.0051533096,-0.002088638,5026,0,0.13212033,0.036981083,-9.999026,5026,0,0,1,1
631701188,-0.002612147,0.0012118432,0.0015343596,4974,0,-0.2314807,-0.17062263,-9.912701,4974,0,0,1,1
631706188,-0.0019708495,-0.0057251276,-0.0021951692,5000,0,-0.1642257,-0.08512351,-9.712124,5000,0,0,1,1
631711211,-0.006823303,-0.0014263869,-0.0004729142,5023,0,-0.090898484,0.118456274,-9.846549,5023,0,0,1,1
631716187,0.006498736,0.000526019,0.0012057003,4976,0,-0.22568652,-0.34288457,-9.523474,4976,0,0,1,1
631721188,0.0048203073,0.006224884,0.001949295,5001,0,0.0791562,0.12546082,-9.896688,5001,0,0,1,1
631726211,-0.012534447,0.0044903434,0.0031044572,5023,0,-0.30753744,-0.21143234,-9.859393,5023,0,0,1,1
631731187,-0.013282818,-0.0058803814,-0.00044622878,4976,0,0.033903603,-0.19426057,-9.954148,4976,0,0,1,1
631736187,-0.00019149177,-0.005251619,0.0008068966,5000,0,-0.23779166,0.004092282,-9.929273,5000,0,0,1,1
631741212,0.014493408,-0.0031083908,0.00077045284,5025,0,-0.033831757,-0.1558105,-9.691953,5025,0,0,1,1
631746186,0.0041093803,0.004714595,0.0043696607,4974,0,0.016516564,0.16051364,-9.817549,4974,0,0,1,1
631751187,-0.007137475,0.006726281,0.001950232,5001,0,-0.2795164,0.04840421,-9.827823,5001,0,0,1,1
631756211,-0.01306607,-0.0005518121,-1.5023691e-05,5024,0,-0.092003584,-0.046406858,-9.84522,5024,0,0,1,1
631761187,-0.009602116,0.00017596642,0.0007204509,4976,0,-0.24576224,-0.07168587,-9.811259,4976,0,0,1,1
631766188,0.012369791,-0.0057223244,-0.0036673292,5001,0,0.051880922,-0.2963126,-9.66774,5001,0,0,1,1
631771212,0.013307597,0.0043672486,-0.003476945,5024,0,0.101669446,0.032691717,-9.83577,5024,0,0,1,1
631776187,-0.0055187284,0.006297236,-0.0023121259,4975,0,-0.17417645,-0.012960385,-9.974838,4975,0,0,1,1
631781188,-0.011248753,-0.0005130893,-0.003150245,5001,0,0.03001646,0.06381159,-9.765365,5001,0,0,1,1
631786213,-0.0014264318,-0.0011447523,-0.0038431007,5025,0,-0.18172425,-0.06053131,-9.975848,5025,0,0,1,1
631791188,0.009986621,-0.008391948,-0.002987413,4975,0,-0.10822194,-0.15590782,-9.68502,4975,0,0,1,1
631796188,0.01216446,0.0009467255,-0.00092405535,5000,0,-0.0011765761,-0.15847778,-9.847199,5000,0,0,1,1
631801212,0.00014631593,0.0031598336,7.33997e-05,5024,0,-0.11909868,-0.098646,-9.722396,5024,0,0,1,1
631806187,-0.013402904,0.00229205,0.003168674,4975,0,-0.11501046,-0.09283449,-9.932543,4975,0,0,1,1
631811188,-0.0057286536,-0.0032433309,0.005287299,5001,0,-0.16211313,-0.14579558,-9.884897,5001,0,0,1,1
631816211,0.010058036,-0.0027144926,0.004445834,5023,0,-0.032950565,-0.13045882,-9.731674,5023,0,0,1,1
631821188,0.010503664,-0.00065097614,0.0034335975,4977,0,-0.09477149,-0.053805213,-9.741566,4977,0,0,1,1
631826188,-0.008258321,0.0034413803,0.006739141,5000,0,-0.09150996,0.03640874,-9.612359,5000,0,0,1,1
631831212,-0.01203808,0.0009884594,0.0029765929,5024,0,-0.14316589,-0.14190271,-9.994669,5024,0,0,1,1
631836187,-0.006144592,0.00015168134,0.0008266729,4975,0,-0.1722924,-0.10012699,-9.778,4975,0,0,1,1
631841188,0.008853668,-0.004323827,-0.0015266286,5001,0,-0.16296335,-0.26294503,-9.973283,5001,0,0,1,1
631846211,0.014535532,-0.004575848,-0.0045294627,5023,0,0.011956073,-0.08074163,-9.7279415,5023,0,0,1,1
631851187,-0.005009422,0.0056731347,-0.0027588704,4976,0,-0.18708432,-0.004970774,-9.928751,4976,0,0,1,1
631856187,-0.01750702,0.00587578,-0.0043119662,5000,0,-0.14775488,0.06524115,-9.6574955,5000,0,0,1,1
631861211,-0.011622887,0.0059193904,-0.0033690769,5024,0,-0.04358529,-0.1261207,-9.846483,5024,0,0,1,1
631866187,0.010777072,-0.0023898608,-0.005950704,4976,0,-0.25967985,-0.046919882,-9.85499,4976,0,0,1,1
631871188,0.010628293,-0.0011843307,-0.004432905,5001,0,0.14470042,0.0035463674,-9.8432455,5001,0,0,1,1
631876211,0.0045611714,-0.0018172389,-0.0008652601,5023,0,0.034701608,-0.22959343,-9.794435,5023,0,0,1,1
631881188,-0.007526379,-0.00023692536,-0.00034295072,4977,0,0.0068276552,0.19541346,-9.73707,4977,0,0,1,1
631886188,-0.009722045,0.0045311362,0.0010879621,5000,0,-0.031221963,-0.18412292,-9.879969,5000,0,0,1,1
631891212,0.009009796,-0.005186535,0.0020685992,5024,0,-0.25101367,-0.26159725,-9.765645,5024,0,0,1,1
631896187,0.010964914,-9.719963e-05,0.0022433945,4975,0,-0.056848135,0.1766616,-9.815617,4975,0,0,1,1
631901188,0.0013856154,-0.0057587014,-0.00028433668,5001,0,-0.3315576,-0.31847292,-9.825267,5001,0,0,1,1
631906210,-0.010118117,-3.0458605e-05,0.003329212,5022,0,0.007469896,0.03552373,-9.738204,5022,0,0,1,1
631911188,-0.0123269325,0.0034452004,0.0031239642,4978,0,-0.081017636,-0.35622266,-9.892518,4978,0,0,1,1
631916187,0.0025788697,0.0015524275,0.0041167936,4999,0,-0.02617067,-0.109288186,-9.793281,4999,0,0,1,1
631921211,0.012002204,0.0007142774,0.0029049595,5024,0,-0.059921272,0.1902327,-9.863751,5024,0,0,1,1
631926187,0.010303145,-0.0033726175,0.00013760265,4976,0,-0.22244188,0.004047445,-9.862795,4976,0,0,1,1
631931188,-0.011295973,-0.003438191,0.00011976859,5001,0,-0.0336204,0.123563096,-9.816052,5001,0,0,1,1
631936211,-0.010144061,-0.0011225807,-0.0024102863,5023,0,-0.20587066,-0.2737525,-9.782906,5023,0,0,1,1
631941187,0.0040764567,0.003623207,-0.0038406001,4976,0,-0.024512617,-0.00075963663,-9.679952,4976,0,0,1,1
631946188,0.0044516753,0.0012338929,-0.0024708302,5001,0,-0.17549177,-0.26285914,-9.74534,5001,0,0,1,1
631951212,0.010956612,0.00083426875,-0.0025172688,5024,0,-0.15744832,-0.16714303,-9.892866,5024,0,0,1,1
631956187,-0.01107332,0.0019097816,-0.0026363728,4975,0,-0.020922,0.12826091,-9.751738,4975,0,0,1,1
631961188,-0.015029434,0.004397476,-0.0010449544,5001,0,-0.018634507,-0.122040875,-9.923539,5001,0,0,1,1
631966211,-0.00031010545,-0.0005147171,-0.002751962,5023,0,0.016103579,0.10221161,-9.75661,5023,0,0,1,1
631971188,0.009837156,0.0012239089,-0.00025196362,4977,0,-0.20225854,-0.24772687,-9.932002,4977,0,0,1,1
631976188,0.010848042,-0.003393507,-0.0023964443,5000,0,-0.016793253,0.025822751,-9.887971,5000,0,0,1,1
631981211,-0.0041862116,-0.0014353079,-0.0028414435,5023,0,-0.120057605,-0.014104118,-9.77242,5023,0,0,1,1
631986187,-0.008870567,-0.002277438,0.00047256763,4976,0,-0.031151522,-0.087213695,-9.902964,4976,0,0,1,1
631991188,-0.008011846,0.0011876067,0.0039016018,5001,0,0.006292562,-0.020541761,-9.6248255,5001,0,0,1,1
631996211,0.009994503,0.0052854647,0.0023302033,5023,0,-0.1916443,-0.18917046,-9.8946495,5023,0,0,1,1
632001188,0.006885998,0.0009936797,0.0021786373,4977,0,-0.10770761,0.01030819,-9.70309,4977,0,0,1,1
632006188,-0.006946889,-0.003261723,0.0025819473,5000,0,-0.07660335,-0.290277,-9.955604,5000,0,0,1,1
632011211,-0.0032144005,-0.006642034,0.0016550039,5023,0,-0.07682708,-0.01655178,-9.836965,5023,0,0,1,1
632016187,-0.0019257701,0.0006033966,0.004473429,4976,0,0.016336782,-0.15625623,-9.815193,4976,0,0,1,1
632021188,0.008378978,0.005320077,0.0017124458,5001,0,-0.20365083,-0.037003756,-9.79032,5001,0,0,1,1
632026212,0.008460899,0.0004329905,0.0015418524,5024,0,-0.24986656,0.1640955,-9.631763,5024,0,0,1,1
632031187,-0.0044012,-0.00052332354,-0.00093624706,4975,0,-0.090430096,0.020153916,-9.980961,4975,0,0,1,1
632036188,-0.011734087,-0.0054095006,-0.0016777944,5001,0,-0.29036313,-0.20193274,-9.634137,5001,0,0,1,1
632041211,-0.0026527715,0.0015458821,-0.0032269582,5023,0,0.17990838,-0.27425745,-9.802233,5023,0,0,1,1
632046187,0.0017680435,0.006098083,-0.0028228662,4976,0,-0.060190026,-0.17509672,-9.711601,4976,0,0,1,1
632051188,0.010526942,0.003018212,-0.002324293,5001,0,-0.17679757,-0.10285137,-9.894108,5001,0,0,1,1
632056211,0.000688444,0.0031943691,-0.0033864223,5023,0,-0.022446705,0.15033503,-10.020813,5023,0,0,1,1
632061188,-0.010312826,-0.005590619,-0.0015200359,4977,0,-0.37234288,-0.2378967,-9.813199,4977,0,0,1,1
632066188,-0.0023430292,-0.003501826,-0.0018913981,5000,0,0.19409104,0.10964626,-9.7862835,5000,0,0,1,1
632071212,0.0005356786,0.0066914945,0.00030556135,5024,0,-0.2597615,-0.23127322,-9.700287,5024,0,0,1,1
632076187,0.008203703,0.003302549,0.0019344356,4975,0,-0.05527286,-0.0024657233,-9.906586,4975,0,0,1,1
632081188,-0.0035673862,0.0016340022,0.0011468867,5001,0,-0.051683165,0.053073265,-9.820781,5001,0,0,1,1
632086211,-0.004996346,-0.004446942,-0.0009691648,5023,0,-0.15011005,-0.21961467,-9.95477,5023,0,0,1,1
632091187,-0.00074132794,-0.0049173394,0.0035890203,4976,0,0.29328558,0.006222388,-9.684068,4976,0,0,1,1
632096187,0.008180143,0.0038077363,0.0016160682,5000,0,-0.2955401,-0.2270883,-9.841038,5000,0,0,1,1
632101214,0.0052714357,0.0016560748,0.0012539861,5027,0,0.041260067,0.06604914,-9.746347,5027,0,0,1,1
632106187,-0.0095904935,0.0027720504,0.0028058528,4973,0,-0.37211087,-0.04326379,-9.85675,4973,0,0,1,1
632111188,-0.0037465217,-0.005695266,-0.0018458845,5001,0,-0.16493286,-0.20163883,-9.875273,5001,0,0,1,1
632116211,-0.0029089053,-0.006602782,0.0005765823,5023,0,0.055505715,-0.017368523,-9.696563,5023,0,0,1,1
632121188,0.012531705,0.0006968727,-0.0038860366,4977,0,-0.10908667,-0.38942638,-9.822333,4977,0,0,1,1
632126188,0.0031844662,0.005553124,-0.0009184746,5000,0,0.07346486,0.1594375,-9.622494,5000,0,0,1,1
632131211,-0.008912012,0.00094052183,0.0019474872,5023,0,-0.21566533,-0.029587004,-9.914268,5023,0,0,1,1
632136187,-0.006779891,-0.0010858842,-0.0023368583,4976,0,-0.14166369,-0.045956977,-9.863272,4976,0,0,1,1
632141188,-0.0077300915,-0.0018292745,-0.0019980175,5001,0,-0.20798378,-0.016604047,-9.787667,5001,0,0,1,1
632146211,0.010176895,-5.59809e-05,-0.0016558617,5023,0,-0.029909253,-0.25202858,-9.791628,5023,0,0,1,1
632151187,0.008088534,0.005852867,-0.002231457,4976,0,-0.011292985,0.09496316,-9.747096,4976,0,0,1,1
632156188,-0.0019320502,0.006162477,-0.0014513384,5001,0,-0.13521701,-0.043965533,-9.9945755,5001,0,0,1,1
632161211,-0.008276878,-0.0009989246,-0.0005397766,5023,0,-0.07250931,-0.18220024,-9.770797,5023,0,0,1,1
632166187,-0.004201708,-0.0010058762,-0.0020454007,4976,0,-0.14006148,-0.09807379,-9.779673,4976,0,0,1,1
632171188,0.0062041893,-0.001288187,0.0011441589,5001,0,-0.0040074666,-0.07963184,-9.810645,5001,0,0,1,1
632176211,0.0045244885,0.0016409133,-0.000108337175,5023,0,0.064192414,0.06839235,-9.655335,5023,0,0,1,1
632181188,-0.0061039054,0.004081289,-0.00031440583,4977,0,-0.24897043,-0.11970142,-10.006499,4977,0,0,1,1
632186188,-0.00802744,7.6477394e-05,0.003158407,5000,0,-0.04519087,-0.099514484,-9.663902,5000,0,0,1,1
632191213,0.006144145,-0.00474736,0.00045481283,5025,0,-0.078736335,-0.19675751,-9.979206,5025,0,0,1,1
632196187,0.013908857,-0.00036472923,0.0015037629,4974,0,-0.029606372,0.06719488,-9.741688,4974,0,0,1,1
632201187,0.0019981817,-0.000592237,0.001895909,5000,0,0.018241573,-0.0819155,-9.873608,5000,0,0,1,1
632206211,-0.009796357,0.00084810535,0.0028010027,5024,0,-0.15589663,-0.09621896,-9.855711,5024,0,0,1,1
632211188,-0.008601802,-0.00080316875,-0.00048741014,4977,0,-0.19463824,-0.05722566,-9.955343,4977,0,0,1,1
632216188,-0.0013871745,-0.0044991677,0.0019440462,5000,0,-0.18155758,-0.172409,-9.777529,5000,0,0,1,1
632221211,0.012798184,-0.001974558,0.0004744946,5023,0,-0.0990773,-0.16915154,-9.708777,5023,0,0,1,1
632226187,0.008941624,-0.0020835034,-0.0016693734,4976,0,-0.22322664,0.15042861,-9.707477,4976,0,0,1,1
632231188,-0.008036431,0.007963271,-0.0021843167,5001,0,-0.033268265,-0.08649535,-9.796286,5001,0,0,1,1
632236211,-0.012292487,0.0018371855,-0.0009622439,5023,0,-0.22346112,0.003266264,-9.770056,5023,0,0,1,1
632241187,-0.004268157,0.0037058352,-0.0013295606,4976,0,-0.020083636,-0.15812266,-9.711695,4976,0,0,1,1
632246187,0.0071078604,-0.0008629111,-0.0021606493,5000,0,-0.16165765,-0.25579566,-9.919754,5000,0,0,1,1
632251213,0.008094692,-0.0032389408,0.0002632842,5026,0,-0.039324973,0.020148577,-9.792553,5026,0,0,1,1
632256187,-0.004310786,0.0035212098,-0.0043787733,4974,0,-0.06906586,-0.15510772,-9.975463,4974,0,0,1,1
632261187,-0.006451067,0.0007502408,-0.0017519203,5000,0,-0.14424199,-0.013107709,-9.814611,5000,0,0,1,1
632266211,-0.0047722645,0.0019254072,0.0028572672,5024,0,-0.025594268,-0.033347018,-9.846773,5024,0,0,1,1
632271188,0.010056155,7.587161e-05,0.0012783529,4977,0,-0.2838347,-0.1688754,-9.82392,4977,0,0,1,1
632276187,0.005779454,0.0034973281,0.003703244,4999,0,0.04713005,-0.01711156,-9.826689,4999,0,0,1,1
632281211,-0.01323843,-0.0006205711,0.0006721648,5024,0,-0.120010644,-0.22009313,-9.745418,5024,0,0,1,1
632286187,-0.004879783,-0.002809196,0.00018192781,4976,0,-0.015902607,0.027219357,-9.829506,4976,0,0,1,1
632291188,9.5263626e-05,0.0034192419,0.00051204494,5001,0,-0.11897696,-0.114668466,-9.924512,5001,0,0,1,1
632296212,0.012057228,-0.0005886119,0.0029974445,5024,0,-0.03246443,-0.009942255,-9.746414,5024,0,0,1,1
632301187,0.010653537,-0.0003591068,-0.00014390035,4975,0,0.039013732,0.15777183,-9.8344,4975,0,0,1,1
632306188,-0.0027658679,-0.002478917,-0.0012575341,5001,0,-0.22150268,-0.09874913,-9.771672,5001,0,0,1,1
632311212,-0.010108828,-0.0011791424,-0.0009139714,5024,0,-0.098100126,-0.010363359,-9.847815,5024,0,0,1,1
632316187,-0.0069943415,-0.0035871582,0.0008407207,4975,0,-0.15145518,-0.23366967,-9.647476,4975,0,0,1,1
632321188,0.014473393,0.0025491307,-0.00038234037,5001,0,-0.07117923,-0.32461998,-9.859548,5001,0,0,1,1
632326211,0.0053950786,0.001392159,0.0006881903,5023,0,-0.14313777,0.0070455424,-9.760064,5023,0,0,1,1
632331188,-0.0048174644,-0.00057677994,-0.00046609755,4977,0,-0.087493226,-0.19365306,-9.970593,4977,0,0,1,1
632336188,-0.011464192,-0.00064743194,-0.0017527652,5000,0,-0.0511469,0.12442828,-9.770764,5000,0,0,1,1
632341211,-0.0073611084,0.003633145,0.0011796732,5023,0,-0.14736259,-0.015524247,-9.750867,5023,0,0,1,1
632346187,0.004499568,0.0040402887,0.00039738964,4976,0,-0.081585504,-0.14283775,-9.783685,4976,0,0,1,1
632351187,0.00906342,0.0022853788,-0.00038911757,5000,0,-0.20016946,0.102379054,-9.74582,5000,0,0,1,1
632356211,0.0006144725,-0.0003104535,-0.00020189885,5024,0,-0.0041969987,0.07492918,-10.012931,5024,0,0,1,1
632361188,-0.012354402,-0.0023294485,-0.0037626526,4977,0,-0.12731434,-0.19702609,-9.751211,4977,0,0,1,1
632366188,-0.0020889575,-0.0012888459,-0.002274882,5000,0,0.03445266,-0.20905274,-9.728286,5000,0,0,1,1
632371212,0.0083735995,0.004846401,0.0010195568,5024,0,-0.06968817,-0.01978394,-9.700455,5024,0,0,1,1
632376187,0.006073648,0.0052672187,0.0019747568,4975,0,-0.084461726,-0.06869822,-9.854604,4975,0,0,1,1
632381188,-0.003299637,0.0025586071,0.0011464187,5001,0,-0.13540533,0.02664857,-9.899232,5001,0,0,1,1
632386211,-0.00994249,-0.005763952,-0.0017671366,5023,0,-0.13151222,-0.2091219,-9.89925,5023,0,0,1,1
632391188,-0.004261961,-0.0020257893,-0.0023493588,4977,0,-0.024314946,-0.0450509,-9.9448,4977,0,0,1,1
632396187,0.0069648474,-0.003386011,0.0042766393,4999,0,-0.010297904,-0.020151481,-9.74439,4999,0,0,1,1
632401211,0.017149685,0.003278051,0.0015598001,5024,0,0.02576874,0.0062320475,-9.775115,5024,0,0,1,1
632406187,-0.0016683019,0.0024938374,0.003387438,4976,0,-0.12943472,-0.13894384,-9.824328,4976,0,0,1,1
632411188,-0.013275837,-0.004648661,0.0012232387,5001,0,-0.16874537,0.046620917,-9.712512,5001,0,0,1,1
632416206,-0.0048376922,-0.0042681247,-0.0010283467,5018,0,-0.13395454,-0.2573286,-9.833661,5018,0,0,1,1
632421188,0.0044243387,-0.0027127098,0.00042082102,4982,0,-0.18571511,-0.23765145,-9.751211,4982,0,0,1,1
632426188,0.008439291,0.0030797531,0.0012886929,5000,0,0.02463205,-0.14106447,-9.814584,5000,0,0,1,1
632431212,0.0024571244,0.0028491279,0.0016197466,5024,0,-0.23614487,-0.12712121,-9.855516,5024,0,0,1,1
632436187,-0.010009393,0.00047257828,-0.0020445469,4975,0,-0.09244175,0.29163295,-9.959088,4975,0,0,1,1
632441188,-0.010422394,0.0010203291,-0.0008474257,5001,0,-0.15292637,-0.11718515,-9.811648,5001,0,0,1,1
632446211,0.008496889,-0.004824928,-0.0038336287,5023,0,0.0235738,-0.13587172,-9.735012,5023,0,0,1,1
632451188,0.009666475,0.0053195218,-0.001816864,4977,0,-0.11787366,0.15000612,-9.769032,4977,0,0,1,1
632456188,-0.0013377335,0.0047484078,-0.002029577,5000,0,-0.20344853,-0.21727678,-9.716607,5000,0,0,1,1
632461220,-0.01083904,-0.0023449757,-0.0027469138,5032,0,0.050064843,0.0041992865,-9.872655,5032,0,0,1,1
632466186,-0.008541987,-0.0007147672,-0.0014865468,4966,0,-0.3046639,-0.3070685,-9.900533,4966,0,0,1,1
632471188,0.0067409114,3.7937363e-05,-0.0012852951,5002,0,0.077420786,0.00453812,-9.820296,5002,0,0,1,1
632476211,0.010569246,0.0054606195,0.0015161639,5023,0,-0.101509176,0.08145006,-9.775614,5023,0,0,1,1
632481187,0.005870661,0.0033188486,0.0012693368,4976,0,-0.06496006,-0.028415674,-9.796663,4976,0,0,1,1
632486188,-0.012912779,-0.00040936854,0.00198184,5001,0,0.021122266,0.07370064,-9.876545,5001,0,0,1,1
632491211,-0.010169988,-0.006081578,0.0018811724,5023,0,-0.1103044,-0.2772988,-9.900217,5023,0,0,1,1
632496187,0.009547667,-0.007657528,-0.0014462693,4976,0,0.059426144,-0.13789944,-9.709361,4976,0,0,1,1
632501188,0.014700858,0.0005099709,0.0019210376,5001,0,-0.105965465,-0.2345212,-9.858678,5001,0,0,1,1
632506211,0.0051419325,4.73774e-05,0.004179836,5023,0,-0.12710817,-0.10927891,-9.784854,5023,0,0,1,1
632511188,-0.008811177,0.000531916,0.002161811,4977,0,-0.18266979,0.046034236,-9.844491,4977,0,0,1,1
632516188,-0.012408322,-0.0027399156,-0.0006292057,5000,0,-0.2497204,-0.17744735,-9.932959,5000,0,0,1,1
632521212,-0.0021340232,-0.0017238373,0.000573447,5024,0,-0.15675208,-0.051423006,-9.623579,5024,0,0,1,1
632526187,0.011271709,-0.0015813926,-0.0029236882,4975,0,-0.014398278,-0.1915692,-9.861467,4975,0,0,1,1
632531188,0.00465439,0.0034367172,-0.0033812104,5001,0,-0.20754738,0.18840411,-9.7042675,5001,0,0,1,1
632536211,-0.008899819,0.004179836,-0.003161375,5023,0,0.03244764,-0.18957755,-10.048814,5023,0,0,1,1
632541187,-0.01022153,0.00013404847,-0.002576753,4976,0,-0.10418638,0.018907556,-9.776964,4976,0,0,1,1
632546187,0.0030272107,-0.0029801005,-0.0009413076,5000,0,-0.067446016,-0.10959187,-9.848721,5000,0,0,1,1
632551212,0.00867063,-0.0006344739,-0.002096411,5025,0,-0.2000201,-0.15596543,-9.801518,5025,0,0,1,1
632556187,0.0067084692,0.0025847752,0.00021396345,4975,0,-0.08592028,0.04204649,-9.635524,4975,0,0,1,1
632561190,-0.00773083,0.004142706,-0.0021434436,5003,0,-0.17884873,-0.14507918,-9.971851,5003,0,0,1,1
632566211,-0.017535854,0.0031735725,0.0025314838,5021,0,-0.12824844,-0.20553324,-9.636778,5021,0,0,1,1
632571188,0.0014955058,0.0022349367,-0.0012912295,4977,0,0.029057784,0.03397295,-9.975546,4977,0,0,1,1
632576187,0.013763515,0.0019789329,-0.0013434531,4999,0,-0.009685229,-0.08981218,-9.808369,4999,0,0,1,1
632581211,0.007592559,0.00082519074,-0.00015785564,5024,0,-0.029323118,0.19347131,-9.847721,5024,0,0,1,1
632586186,-0.0070245587,-0.00043079432,-0.0010820708,4975,0,-0.04599544,-0.10904686,-9.742281,4975,0,0,1,1
632591187,-0.008141443,0.0006523909,-2.703153e-07,5001,0,-0.043869372,-0.2835643,-9.803737,5001,0,0,1,1
632596214,-0.0011461357,-0.0044946237,0.0006947093,5027,0,-0.080417335,-0.16251688,-9.829244,5027,0,0,1,1
632601188,0.013319149,-0.0004962161,0.0007989111,4974,0,-0.119726084,-0.3070009,-9.825607,4974,0,0,1,1
632606188,0.009371152,-0.0036042358,-0.0005019834,5000,0,-0.14320433,-0.014908208,-9.911034,5000,0,0,1,1
632611213,-0.008826462,0.0008202662,0.0018433356,5025,0,-0.051901285,0.01703629,-9.767322,5025,0,0,1,1
632616187,-0.01340672,-0.0036444678,0.0027259265,4974,0,-0.11423042,-0.19037728,-9.840132,4974,0,0,1,1
632621192,-0.0034624843,0.0008048561,0.0024344162,5005,0,-0.10037991,0.08901737,-9.663624,5005,0,0,1,1
632626211,0.007967409,0.0021058598,-0.00035547244,5019,0,-0.10655749,-0.017617706,-9.973887,5019,0,0,1,1
632631188,0.0057728933,-0.0043500606,-0.0014069803,4977,0,-0.116009556,-0.28756392,-9.685246,4977,0,0,1,1
632636188,-0.0029797612,-0.0003622649,-0.0032163097,5000,0,-0.1208913,0.006237717,-9.95426,5000,0,0,1,1
632641211,-0.005117125,-0.00068139366,-0.000683155,5023,0,-0.23117466,-0.18425682,-9.677217,5023,0,0,1,1
632646187,-0.00040004507,0.00029443615,0.003904066,4976,0,-0.0072424854,0.0139497435,-9.759734,4976,0,0,1,1
632651188,0.010262056,0.0034683815,-0.00024530344,5001,0,-0.29274458,-0.08187783,-9.8787985,5001,0,0,1,1
632656210,0.0057214173,0.0049564634,-0.0015052276,5022,0,-0.14023562,0.101633176,-9.807388,5022,0,0,1,1
632661188,-0.01722278,0.0037818027,-0.0023290252,4978,0,-0.17249069,0.060551066,-9.879556,4978,0,0,1,1
632666188,-0.009131831,0.0006504082,-0.0003031129,5000,0,-0.15923277,-0.20680445,-9.776952,5000,0,0,1,1
632671211,0.0022716906,0.0024451462,0.0014008529,5023,0,0.1190636,-0.12048358,-9.854823,5023,0,0,1,1
632676187,0.010472281,0.00319174,0.003371082,4976,0,-0.013215476,-0.21594974,-9.938641,4976,0,0,1,1
632681188,0.010286125,-0.0033470718,0.0021945161,5001,0,-0.05614567,0.11900786,-9.8778515,5001,0,0,1,1
632686210,-0.0065399827,-0.0023191613,0.0006163816,5022,0,-0.11214227,-0.039321087,-9.766457,5022,0,0,1,1
632691188,-0.010715579,-0.0034001006,0.0012814776,4978,0,-0.18485558,-0.12973973,-9.79007,4978,0,0,1,1
632696188,-0.004742573,-0.002391525,0.0040045613,5000,0,-0.10020489,-0.07934388,-9.644578,5000,0,0,1,1
632701211,0.009147653,0.0025141148,0.0036239412,5023,0,-0.090466626,-0.2271607,-9.932563,5023,0,0,1,1
632706187,0.005608378,0.00075428915,0.00048122267,4976,0,-0.09304876,-0.029888628,-9.786729,4976,0,0,1,1
632711188,-0.005907074,-0.0018103633,-0.0011023502,5001,0,-0.018796982,-0.09425093,-9.841695,5001,0,0,1,1
632716210,-0.002933928,-0.0027590976,-0.002269633,5022,0,-0.0052629625,0.037823953,-9.8651085,5022,0,0,1,1
632721188,-0.0050864127,-0.0021084016,0.0026450367,4978,0,-0.14905937,-0.01241969,-9.720016,4978,0,0,1,1
632726188,0.006265791,0.0023242347,-0.00017098985,5000,0,0.0011038893,-0.10650961,-9.80772,5000,0,0,1,1
632731211,0.0066144206,-0.003068983,-0.0030502693,5023,0,-0.2606409,0.019265443,-9.815907,5023,0,0,1,1
632736187,-0.0084582865,-0.0017829678,-0.0034530628,4976,0,-0.21195616,-0.21673054,-9.944345,4976,0,0,1,1
632741188,-0.00670521,-0.0060141906,-0.0036591066,5001,0,-0.25137234,-0.1755189,-9.807597,5001,0,0,1,1
632746210,0.0026895518,0.0008421759,-0.0009623415,5022,0,-0.07053387,-0.14148748,-9.696099,5022,0,0,1,1
632751188,0.007602572,0.007651881,0.002625341,4978,0,-0.018106071,-0.10561908,-9.78764,4978,0,0,1,1
632756188,0.0016134809,0.007249134,0.0039542234,5000,0,-0.08094019,0.12822427,-9.601994,5000,0,0,1,1
632761210,-0.0071923654,0.0056707794,0.0013505584,5022,0,-0.17947304,0.062320255,-10.075748,5022,0,0,1,1
632766188,-0.010973072,-0.005385619,0.0016595299,4978,0,-0.2526967,-0.118499614,-9.813956,4978,0,0,1,1
632771189,0.0051500653,-0.0043021133,0.0033229545,5001,0,0.15920672,-0.14799303,-9.908295,5001,0,0,1,1
632776210,0.012066476,0.0016081649,0.0034300198,5021,0,-0.08906197,-0.16553001,-9.731316,5021,0,0,1,1
632781188,0.005946665,0.0068852436,-6.730687e-05,4978,0,-0.027582258,-0.05198455,-9.813431,4978,0,0,1,1
632786188,-0.00610285,0.0035426922,-0.0007504567,5000,0,-0.082237475,0.11244903,-9.892431,5000,0,0,1,1
632791211,-0.0070191794,-0.0033147451,-0.0026067398,5023,0,-0.26910314,-0.19871671,-9.882737,5023,0,0,1,1
632796188,-0.005947104,-0.0022682443,-0.002230647,4977,0,0.00641964,0.05093272,-9.870352,4977,0,0,1,1
632801188,0.0044663297,-5.7497623e-06,-0.00022808883,5000,0,-0.03510119,-0.2764878,-9.575272,5000,0,0,1,1
632806209,0.008151515,0.0014748033,-0.0031690954,5021,0,0.042578265,-0.10657832,-9.891622,5021,0,0,1,1
632811199,-0.007766463,0.0014781399,0.0006941715,4990,0,-0.0627244,0.030394133,-9.751322,4990,0,0,1,1
632816187,0.00034604146,-0.0058120494,-0.0029103395,4988,0,-0.18091029,-0.20069243,-9.959813,4988,0,0,1,1
632821211,0.0017622974,-0.004388699,-0.0022266826,5024,0,-0.13252868,-0.000977203,-9.760756,5024,0,0,1,1
632826188,0.005490635,-0.00077300885,0.0011806199,4977,0,-0.11103492,-0.23558389,-9.72805,4977,0,0,1,1
632831188,0.007350999,0.0021585869,0.0012003632,5000,0,-0.06691003,0.05319727,-9.792406,5000,0,0,1,1
632836210,-0.015479074,0.005029964,0.0037776965,5022,0,-0.23517859,-0.1887493,-9.862485,5022,0,0,1,1
632841188,-0.008667448,-0.0039753523,-0.0012170965,4978,0,-0.19764504,-0.13738085,-9.9378605,4978,0,0,1,1
632846188,0.0016779965,-0.0024408412,0.00035633956,5000,0,-0.110570446,-0.061058875,-9.842988,5000,0,0,1,1
632851210,0.0119507285,-0.00089329144,-0.0014984894,5022,0,-0.047164965,-0.10289633,-9.769168,5022,0,0,1,1
632856188,0.00235501,0.0044288994,0.00093031017,4978,0,0.06413805,0.23655275,-9.72977,4978,0,0,1,1
632861196,-0.007275989,0.0073968745,-7.061304e-05,5008,0,-0.15071926,-0.14533609,-9.869804,5008,0,0,1,1
632866210,-0.011145796,-0.00015222887,0.00078071974,5014,0,-0.2393586,0.1328395,-9.854682,5014,0,0,1,1
632871188,-6.055438e-05,-0.005460023,-0.0017108137,4978,0,-0.103538126,-0.25847265,-9.7294655,4978,0,0,1,1
632876187,0.01601809,-0.005002625,-0.003867924,4999,0,-0.091681354,-0.21637368,-9.795425,4999,0,0,1,1
632881211,0.0051449095,0.004236169,-0.0020394584,5024,0,0.0007825726,0.0021314688,-9.764777,5024,0,0,1,1
632886188,-0.0019181304,0.0071303295,-0.00040325715,4977,0,0.012195272,-0.16557583,-9.887578,4977,0,0,1,1
632891188,-0.010967502,0.0015662728,0.0025042032,5000,0,-0.16690643,0.046377543,-9.880172,5000,0,0,1,1
632896210,-0.0048688822,-0.0010149266,0.0008155767,5022,0,-0.13397698,-0.21211593,-9.786956,5022,0,0,1,1
632901188,0.01188736,-0.0050219074,3.731047e-05,4978,0,-0.06245746,0.03921717,-9.702262,4978,0,0,1,1
632906187,0.007026536,0.00040898935,-0.0012583262,4999,0,-0.054194774,-0.16557191,-9.902773,4999,0,0,1,1
632911211,-0.006993008,-0.00083983963,0.001139504,5024,0,0.054158267,-0.064285375,-9.809827,5024,0,0,1,1
632916188,-0.009091735,0.0013757306,0.00023250845,4977,0,-0.1775618,-0.024239004,-9.982504,4977,0,0,1,1
632921188,-0.0026919392,-0.0018216191,-0.0008224102,5000,0,-0.12173707,-0.2942157,-9.871941,5000,0,0,1,1
632926211,0.0096365325,-0.0057352292,0.00012986771,5023,0,-0.12293602,-0.010260117,-9.707517,5023,0,0,1,1
632931188,0.010899305,-0.0023179038,-0.002555506,4977,0,-0.20267487,0.028284172,-9.882632,4977,0,0,1,1
632936187,-0.011332173,0.00460753,0.0017548534,4999,0,-0.025621338,-0.17018795,-9.551046,4999,0,0,1,1
632941210,-0.011946938,-0.0007460743,-0.0004568734,5023,0,-0.256127,0.01656749,-9.850572,5023,0,0,1,1
632946188,-0.0035258848,-0.0005621588,0.00029549707,4978,0,-0.09317577,-0.13134918,-9.726162,4978,0,0,1,1
632951188,0.008050552,0.0009711932,-0.0008808659,5000,0,-0.19000317,-0.19157207,-9.874914,5000,0,0,1,1
632956210,0.012963522,-0.00038636063,0.000154638,5022,0,0.0661783,0.22534497,-9.824031,5022,0,0,1,1
632961188,-0.0041934634,0.00380995,0.00040415023,4978,0,0.014020691,-0.144638,-9.877487,4978,0,0,1,1
632966188,-0.013741315,0.0022248651,-0.0007768522,5000,0,-0.23966995,-0.05568079,-9.956431,5000,0,0,1,1
632971211,-0.0070792004,0.0022057272,0.0039934055,5023,0,-0.032925136,0.12514551,-9.685917,5023,0,0,1,1
632976188,0.01374955,-0.0015322665,-0.0032525677,4977,0,-0.22497027,-0.4133676,-9.872158,4977,0,0,1,1
632981188,0.009364989,-0.0006509689,-0.002719142,5000,0,0.041905493,0.056407716,-9.781641,5000,0,0,1,1
632986210,-0.0026807378,-0.002397471,-0.0035536657,5022,0,0.03257453,-0.16212021,-9.8619175,5022,0,0,1,1
632991188,-0.010081602,0.00075049105,-0.002545193,4978,0,-0.11564815,-0.21055532,-9.812529,4978,0,0,1,1
632996190,-0.01115735,0.0034784165,0.0014301963,5002,0,0.041388292,0.0661204,-9.677852,5002,0,0,1,1
633001211,0.009094583,-0.0013688655,0.000623848,5021,0,-0.17793538,-0.24291855,-9.778654,5021,0,0,1,1
633006188,0.009668966,0.0018786218,-0.0014765456,4977,0,-0.017889101,0.13734026,-9.858333,4977,0,0,1,1
633011188,-0.006118867,-0.0019602454,0.0005660445,5000,0,-0.17888336,-0.08023791,-9.886859,5000,0,0,1,1
633016210,-0.0066574593,-0.0048537184,0.0018053878,5022,0,0.12606007,-0.11600771,-9.885421,5022,0,0,1,1
633021188,-0.007511217,0.0013814755,0.001105006,4978,0,-0.27760372,-0.13223824,-9.812701,4978,0,0,1,1
633026188,0.009369458,0.0012031174,0.004313196,5000,0,0.0025638458,-0.15451804,-9.72579,5000,0,0,1,1
633031211,0.014887175,0.0002332966,0.00032455171,5023,0,-0.15682095,0.06722361,-9.840332,5023,0,0,1,1
633036188,-0.004904778,4.013138e-06,0.0018279486,4977,0,-0.15117837,-0.13515396,-9.783056,4977,0,0,1,1
633041188,-0.01642933,-0.0012889539,0.00042475012,5000,0,-0.07032036,0.007045453,-9.878072,5000,0,0,1,1
633046210,-0.0077296193,-0.002214566,0.0013805293,5022,0,-0.19318123,-0.16393933,-9.649552,5022,0,0,1,1
633051188,0.00862732,0.005804121,0.0016464049,4978,0,-0.074933745,-0.0023378977,-9.897123,4978,0,0,1,1
633056188,0.013531121,0.0030550745,-0.00043166202,5000,0,-0.14963652,0.048465256,-9.807065,5000,0,0,1,1
633061211,0.0051449314,7.122763e-05,-0.0017070526,5023,0,0.045280185,-0.14057282,-9.929798,5023,0,0,1,1
633066188,-0.01099588,-0.0035695492,-0.004004688,4977,0,-0.2364316,0.109286144,-9.910452,4977,0,0,1,1
633071188,-0.007558681,0.00072140736,-0.0011397627,5000,0,0.06615379,-0.16199292,-9.691039,5000,0,0,1,1
633076211,0.0059069367,0.004344174,-0.0016055453,5023,0,-0.095383145,-0.27011475,-9.830798,5023,0,0,1,1
633081188,0.0101865,0.002223181,-0.0006681762,4977,0,-0.3009319,-0.08143987,-9.752989,4977,0,0,1,1
633086188,0.0038622995,-0.0018570265,-0.0004697406,5000,0,0.07421639,-0.20625488,-9.889757,5000,0,0,1,1
633091211,-0.008990687,-0.00070580374,0.00040417557,5023,0,-0.21204132,0.03552848,-9.9096775,5023,0,0,1,1
633096188,-0.011369861,-0.0015598028,0.0040813363,4977,0,0.19007945,-0.1583909,-9.733844,4977,0,0,1,1
633101188,0.0053767273,0.002672961,0.0009530276,5000,0,-0.16077732,-0.079305805,-9.700906,5000,0,0,1,1
633106210,0.008867534,0.0027255877,0.0030077333,5022,0,-0.1518091,0.19367991,-9.825885,5022,0,0,1,1
633111188,-0.00034181224,0.00073021936,0.0029746299,4978,0,-0.13268694,-0.15702891,-9.799013,4978,0,0,1,1
633116188,-0.008431134,-0.006728754,0.0008285373,5000,0,-0.12656458,-0.119361944,-9.889916,5000,0,0,1,1
633121210,-0.015500248,-0.0062308437,-0.00021218335,5022,0,0.03771475,-0.22970463,-9.746633,5022,0,0,1,1
633126188,0.008525049,-0.0015398868,-0.0016579027,4978,0,-0.16559282,-0.23744662,-9.849966,4978,0,0,1,1
633131191,0.0099978885,0.007164972,-0.00051819277,5003,0,0.04315456,0.088863105,-9.813632,5003,0,0,1,1
633136210,-0.0005051979,0.003296054,0.0010585501,5019,0,-0.28789985,-0.078166924,-9.909924,5019,0,0,1,1
633141188,-0.0069773146,-0.0049248813,-0.0040566507,4978,0,-0.13475859,0.29742286,-9.782178,4978,0,0,1,1
633146188,-0.015267399,-0.0029964652,-0.0010424692,5000,0,-0.10295368,-0.054151997,-9.764746,5000,0,0,1,1
633151213,0.009420838,-0.0027720996,-0.004729438,5025,0,-0.114669695,-0.2510342,-9.623657,5025,0,0,1,1
633156188,0.013411518,0.0083069075,-0.0042297873,4975,0,-0.0003375199,0.0015862966,-9.805741,4975,0,0,1,1
633161187,0.0067792973,0.0029809517,0.0005682903,4999,0,-0.26221332,-0.2749091,-9.844452,4999,0,0,1,1
633166210,-0.0029851985,-0.0010087461,-0.00021591182,5023,0,0.0026478553,0.040170915,-9.922974,5023,0,0,1,1
633171188,-0.015686011,-0.0017658285,0.0026779692,4978,0,-0.09445716,-0.21042676,-9.826765,4978,0,0,1,1
633176187,0.00048992585,-0.0052924873,0.00213755,4999,0,-0.07013167,-0.09824019,-9.719569,4999,0,0,1,1
633181211,0.0080389455,0.009018616,0.0005418248,5024,0,-0.17193441,0.010316179,-9.844504,5024,0,0,1,1
633186187,0.0045899246,0.0051846034,0.0023820144,4976,0,-0.0761332,-0.15438269,-9.775846,4976,0,0,1,1
633191188,-0.005654009,-0.00038487875,0.00025600626,5001,0,-0.058234133,-0.021341685,-10.041181,5001,0,0,1,1
633196210,-0.012048078,-0.0024865614,-0.0012733311,5022,0,-0.13180928,-0.17769103,-9.798267,5022,0,0,1,1
633201188,0.0043457355,-0.0030134735,-0.0009734409,4978,0,0.097337626,-0.078198336,-9.82967,4978,0,0,1,1
633206188,0.011318636,0.003917437,-0.0015725982,5000,0,-0.03423571,-0.0039020146,-9.615457,5000,0,0,1,1
633211211,0.00062858925,0.0054453327,-0.00034844567,5023,0,-0.17426993,0.014346321,-9.831079,5023,0,0,1,1
633216188,-0.010027271,-0.0002670839,-0.00026290744,4977,0,-0.083703436,-0.122737035,-9.719673,4977,0,0,1,1
633221188,-0.0075267837,-0.007685389,-0.0014716818,5000,0,-0.16343516,-0.26085702,-9.917427,5000,0,0,1,1
633226210,0.00043197896,-0.00520302,-0.0009087261,5022,0,-0.06932393,-0.149864,-9.7740755,5022,0,0,1,1
633231188,0.01117375,0.00214546,-0.00011422069,4978,0,0.008863253,-0.16012138,-9.698068,4978,0,0,1,1
633236187,0.0050159437,0.005862349,0.000771279,4999,0,-0.1761045,0.2716686,-9.886107,4999,0,0,1,1
633241210,-0.0076411576,0.00024449296,0.0025759107,5023,0,-0.066375166,-0.072390795,-9.763014,5023,0,0,1,1
633246188,-0.0035255363,-0.004222757,0.0009407445,4978,0,-0.18190926,0.10262656,-10.036218,4978,0,0,1,1
633251188,-0.0019716339,-0.0028502648,0.0009035716,5000,0,-0.15667625,-0.36655632,-9.692219,5000,0,0,1,1
633256210,0.00697544,0.0014657436,-0.0017261409,5022,0,-0.049317345,-0.23070775,-9.72399,5022,0,0,1,1
633261188,0.0037179838,0.0034160723,-0.0003816832,4978,0,-0.10725637,0.03573198,-9.7972975,4978,0,0,1,1
633266187,-0.003487751,0.0025832327,0.00097056275,4999,0,-0.12656371,-0.34562248,-9.828595,4999,0,0,1,1
633271211,-0.0019637232,0.002091383,-0.00039760568,5024,0,-0.111240506,0.11611022,-9.896081,5024,0,0,1,1
633276188,0.0012238147,0.0008990271,0.0016942716,4977,0,-0.27488685,-0.074680716,-9.777873,4977,0,0,1,1
633281187,0.0032844269,0.00225372,6.7870984e-05,4999,0,0.12504557,0.041814353,-9.766112,4999,0,0,1,1
633286210,-0.00437362,0.004094063,0.0006611571,5023,0,-0.04645642,-0.04012356,-9.754825,5023,0,0,1,1
633291188,-0.008424594,0.002953661,0.0013663846,4978,0,-0.05866519,-0.18325293,-9.96035,4978,0,0,1,1
633296190,-0.00068586465,-0.0010702536,0.0009600957,5002,0,-0.04623686,-0.12927143,-9.808491,5002,0,0,1,1
633301211,0.0075845416,-0.005425292,-0.0012595409,5021,0,-0.16954799,-0.08190896,-9.931938,5021,0,0,1,1
633306188,0.005706941,-0.0010620895,0.00037449406,4977,0,0.119261615,-0.09757335,-9.7632265,4977,0,0,1,1
633311188,-0.0052038636,9.346064e-05,-0.0031502957,5000,0,-0.21458223,-0.028165674,-9.832979,5000,0,0,1,1
633316210,-0.01038579,0.0024330248,-0.0027254086,5022,0,-0.06577108,0.08837008,-9.809298,5022,0,0,1,1
633321188,-0.0054421513,-0.0031676434,0.0024213558,4978,0,-0.24117893,-0.14289822,-9.749919,4978,0,0,1,1
633326187,0.010158211,-0.0009813787,-0.0036535012,4999,0,-0.20289677,-0.18067221,-9.822059,4999,0,0,1,1
633331211,0.0052198684,-7.803781e-05,7.117892e-05,5024,0,0.11709749,0.0314156,-9.662876,5024,0,0,1,1
633336188,0.00023260215,-0.0014196363,-0.0029452257,4977,0,-0.14100043,-0.104620025,-9.992343,4977,0,0,1,1
633341187,-0.0076397695,0.0028352614,-0.0040998356,4999,0,-0.041601833,0.12575778,-9.794913,4999,0,0,1,1
633346210,-0.0060536787,-0.0022835203,0.00273096,5023,0,-0.19252808,-0.1803069,-9.830198,5023,0,0,1,1
633351188,0.007504656,-0.00212609,0.00065546,4978,0,-0.15156487,-0.14215012,-9.769547,4978,0,0,1,1
633356187,0.0038951987,-0.00015223822,0.0027641503,4999,0,-0.25404105,-0.065153,-9.799348,4999,0,0,1,1
633361211,0.00044060772,-0.00093274214,0.002360031,5024,0,-0.06042069,-0.13696082,-9.888519,5024,0,0,1,1
633366188,-0.010097819,0.0040155416,5.5380246e-05,4977,0,-0.081348546,-0.10351976,-9.778157,4977,0,0,1,1
633371187,-0.0041744816,0.0021483505,0.003156857,4999,0,-0.22762333,-0.14613427,-9.817232,4999,0,0,1,1
633376211,0.013188294,0.003828046,0.0024038674,5024,0,0.062297635,0.17669018,-9.71278,5024,0,0,1,1
633381188,0.005754419,0.005040976,0.0031077198,4977,0,-0.13503247,-0.12319865,-9.845272,4977,0,0,1,1
633386187,-0.0072984616,-0.0014297215,0.0017851081,4999,0,0.04294646,0.15053947,-9.832318,4999,0,0,1,1
633391211,-0.011903431,-0.0013723858,-0.0043347264,5024,0,-0.11474361,-0.122864425,-9.8259945,5024,0,0,1,1
633396190,-0.0051909587,-0.0033214076,-0.0022231,4979,0,-0.11424302,-0.36624134,-9.810896,4979,0,0,1,1
633401187,0.013168461,-0.0009932582,-0.0005058412,4997,0,-0.04077526,-0.0035186128,-9.730113,4997,0,0,1,1
633406211,0.0142049985,0.0044811154,-0.0011555502,5024,0,-0.06343711,-0.20265484,-9.830677,5024,0,0,1,1
633411188,-0.004066954,-0.0009630599,-0.0011616081,4977,0,-0.1326043,0.002961397,-9.879697,4977,0,0,1,1
633416187,-0.016151713,-0.0018077638,-0.0032603769,4999,0,-0.10435662,0.17015488,-9.830253,4999,0,0,1,1
633421211,-0.012842071,0.0013991196,-0.00057759904,5024,0,-0.08837053,-0.21963945,-9.872763,5024,0,0,1,1
633426189,0.0062558847,8.443019e-05,0.00014468437,4978,0,-0.10091077,0.13327628,-9.665938,4978,0,0,1,1
633431188,0.015187788,0.0037628033,0.0006462129,4999,0,0.04712411,-0.15114714,-9.905764,4999,0,0,1,1
633436211,0.0054632435,-0.0021209875,0.0033440725,5023,0,-0.10814735,0.08399018,-9.888961,5023,0,0,1,1
633441188,-0.0072189043,-0.0032951292,-0.0012389785,4977,0,-0.10287347,-0.11762328,-9.778147,4977,0,0,1,1
633446187,-0.0098568555,-0.000509329,-0.00056527095,4999,0,-0.12989853,-0.15814526,-9.876421,4999,0,0,1,1
633451211,0.0047065807,-0.001843695,0.001292361,5024,0,-0.07587733,-0.15785651,-9.684792,5024,0,0,1,1
633456188,0.011355792,0.00465429,0.0012392092,4977,0,-0.13887505,-0.12528583,-9.89985,4977,0,0,1,1
633461188,-0.0015754082,0.0028015613,0.0018740448,5000,0,-0.2862652,-0.015250099,-9.889776,5000,0,0,1,1
633466211,-0.013970292,-0.0015295347,-0.0033523696,5023,0,-0.06527284,0.027818792,-9.7639065,5023,0,0,1,1
633471188,-0.010005186,-0.00048195422,-0.005153912,4977,0,-0.08486186,-0.04287451,-9.901407,4977,0,0,1,1
633476187,0.009206373,-0.0024650253,-0.00082122895,4999,0,0.07751127,-0.14726141,-9.611134,4999,0,0,1,1
633481211,0.017458094,0.0077763405,-0.0017815278,5024,0,-0.06508148,-0.059025742,-10.002187,5024,0,0,1,1
633486188,0.00096005044,0.0039400826,0.00073203177,4977,0,-0.17054723,-0.0018161205,-9.716998,4977,0,0,1,1
633491187,-0.014555845,-0.0025154185,0.0009699427,4999,0,-0.00668706,-0.013798163,-9.835961,4999,0,0,1,1
633496211,-0.011850703,-0.003624341,-0.0051195654,5024,0,-0.15953256,-0.26443195,-9.853763,5024,0,0,1,1
633501188,0.0021695518,-0.0041080792,-0.0014309719,4977,0,0.00599802,-0.2079607,-9.730016,4977,0,0,1,1
633506187,0.014843949,0.0018396416,0.000312491,4999,0,0.014670684,-0.12532781,-9.846458,4999,0,0,1,1
633511211,0.008169249,0.00441875,0.0012801107,5024,0,-0.09890401,-0.0060903886,-9.769315,5024,0,0,1,1
633516188,-0.012095203,-0.0011332528,0.002196036,4977,0,-0.051017087,0.16184436,-9.894286,4977,0,0,1,1
633521188,-0.011958296,-0.0023874978,-0.0027446933,5000,0,-0.11688233,-0.20105852,-9.90627,5000,0,0,1,1
633526211,-0.0067906855,-0.003365206,-0.0007184408,5023,0,-0.17900254,0.004475804,-9.779652,5023,0,0,1,1
633531188,0.012575216,-0.0016085637,6.138454e-05,4977,0,-0.02047865,-0.16022745,-9.729812,4977,0,0,1,1
633536187,0.012994542,0.0038886955,0.00092031085,4999,0,-0.2275518,-0.154569,-9.841152,4999,0,0,1,1
633541211,-0.0074242176,0.0011351604,0.0029644612,5024,0,-0.01620038,-0.13277712,-9.859256,5024,0,0,1,1
633546188,-0.007989908,-0.0025216423,8.515245e-05,4977,0,-0.2812387,-0.078838795,-9.919107,4977,0,0,1,1
633551188,-0.0042061545,0.0019671912,0.001653801,5000,0,-0.021018928,0.091109596,-9.740032,5000,0,0,1,1
633556213,0.011175624,0.002099119,0.0022033902,5025,0,-0.1499044,-0.024390884,-9.699883,5025,0,0,1,1
633561192,0.009267804,0.005629651,0.0020260953,4979,0,-0.131979,0.008060768,-9.735417,4979,0,0,1,1
633566186,-0.007983428,0.0029433046,0.0025885275,4994,0,-0.08491292,-0.20813122,-9.892428,4994,0,0,1,1
633571211,-0.008565717,-0.002886713,0.00086803123,5025,0,-0.20364042,0.05369463,-9.934431,5025,0,0,1,1
633576188,-0.003488984,-0.0009651705,-0.0032842667,4977,0,0.11841441,-0.29172975,-9.851556,4977,0,0,1,1
633581188,0.0077962484,-0.0014965597,-0.0026604903,5000,0,-0.117344074,-0.17895956,-9.813688,5000,0,0,1,1
633586211,0.012065638,0.004555525,2.3153745e-05,5023,0,-0.047794722,0.070938304,-9.830418,5023,0,0,1,1
633591188,-0.005692964,0.003498035,-0.00066303223,4977,0,-0.17438912,-0.1748416,-9.876433,4977,0,0,1,1
633596187,-0.008067691,-0.00084779435,-0.000120380224,4999,0,-0.09857049,0.009430312,-9.8673525,4999,0,0,1,1
633601211,-0.007937601,-0.004657556,-0.0033713393,5024,0,-0.17200558,-0.197645,-9.722529,5024,0,0,1,1
633606187,0.0057291486,-0.000596659,-0.0020480023,4976,0,0.035704046,-0.12537654,-9.835562,4976,0,0,1,1
633611188,0.010095847,3.1259304e-05,0.00019676548,5001,0,-0.08385362,0.066814885,-9.728757,5001,0,0,1,1
633616211,-0.0026369893,0.00045663276,-0.00035891688,5023,0,-0.06457437,-0.15405047,-9.955445,5023,0,0,1,1
633621188,-0.013109025,-0.0021626758,0.0030134108,4977,0,-0.10042079,0.10763682,-9.730991,4977,0,0,1,1
633626187,-0.0048490213,-0.00011103361,-0.0004973843,4999,0,-0.2758665,-0.0915467,-9.847209,4999,0,0,1,1
633631211,0.006990936,0.001727602,-3.7648355e-05,5024,0,-0.017041475,0.06755824,-9.828458,5024,0,0,1,1
633636188,0.008235041,-0.0028090726,-0.001107261,4977,0,-0.26880255,-0.25500363,-9.75681,4977,0,0,1,1
633641187,0.00030124956,0.0019633756,4.111731e-05,4999,0,0.0029601192,-0.06098148,-9.997498,4999,0,0,1,1
633646211,-0.011517043,0.00039120903,0.0032373706,5024,0,-0.20632927,-0.054357134,-9.732498,5024,0,0,1,1
633651188,0.002685045,0.001449243,-3.159287e-06,4977,0,-0.014658667,-0.13870972,-9.834571,4977,0,0,1,1
633656187,0.0061221174,0.0014033142,-0.00045382525,4999,0,-0.09183836,0.08938149,-9.726268,4999,0,0,1,1
633661212,0.004185177,0.0045422907,5.858916e-05,5025,0,-0.1940143,-0.13318472,-9.78136,5025,0,0,1,1
633666187,-0.003527481,-0.0016018524,0.0005813078,4975,0,-0.0012094565,-0.075802095,-9.978802,4975,0,0,1,1
633671188,-0.012646373,-0.0013820288,0.0037110366,5001,0,-0.33542612,-0.29767704,-9.859913,5001,0,0,1,1
633676211,0.003582843,0.0009722722,-0.00078638754,5023,0,0.0794633,-0.10801935,-9.874096,5023,0,0,1,1
633681188,0.007955883,0.0031511136,-0.0025489496,4977,0,-0.10548108,-0.091282554,-9.772912,4977,0,0,1,1
633686187,0.0076469653,0.00050310564,-0.0018882151,4999,0,-0.005271379,-0.09079265,-9.719988,4999,0,0,1,1
633691211,-0.006928475,0.00020052759,-0.0021983492,5024,0,-0.035762336,0.1455898,-9.814464,5024,0,0,1,1
633696188,-0.012405993,0.00067565124,-0.00058722217,4977,0,-0.12128082,-0.17109844,-9.780105,4977,0,0,1,1
633701188,-0.0024016032,-0.0003392427,-0.0010441309,5000,0,0.10027952,0.04232498,-9.82748,5000,0,0,1,1
633706211,0.008308117,0.0007432213,-0.0035564187,5023,0,-0.2241311,-0.30070558,-9.831699,5023,0,0,1,1
633711188,0.00619243,-0.0046105217,-0.0022935614,4977,0,-0.10487133,-0.09405492,-9.935931,4977,0,0,1,1
633716187,-0.010008682,-0.003249452,0.0030770286,4999,0,-0.08646116,0.179944,-9.906271,4999,0,0,1,1
633721211,-0.0067228777,-0.003022182,0.0021299366,5024,0,-0.001646947,-0.21488376,-9.759608,5024,0,0,1,1
633726188,0.0056396155,0.0011182447,0.0013905828,4977,0,-0.055735663,0.09107415,-9.680032,4977,0,0,1,1
633731187,0.011709211,0.0028446536,0.00025503582,4999,0,-0.27239597,-0.19749267,-9.791236,4999,0,0,1,1
633736211,-0.0027115452,0.00027515573,3.4567773e-05,5024,0,-0.18420537,0.022214849,-9.714371,5024,0,0,1,1
633741189,-0.016037334,-0.0033022964,0.002165468,4978,0,-0.15932697,0.060235817,-9.901709,4978,0,0,1,1
633746187,-0.006590084,0.0003198973,0.00012218278,4998,0,-0.120317936,-0.39339992,-9.769773,4998,0,0,1,1
633751211,0.008275218,0.007111757,-0.0007329386,5024,0,0.11877944,0.034761485,-9.850508,5024,0,0,1,1
633756187,0.017556299,0.0055664354,0.00016314747,4976,0,-0.0957048,-0.26922458,-9.977835,4976,0,0,1,1
633761187,-0.0017568704,-0.00040356416,0.0034506465,5000,0,-0.32610503,0.09907576,-9.851018,5000,0,0,1,1
633766211,-0.018092405,-0.003995433,0.00310019,5024,0,0.14540322,0.18940717,-9.837882,5024,0,0,1,1
633771188,-0.00830819,-0.00042380334,-7.79342e-05,4977,0,-0.24566887,-0.25165236,-9.587938,4977,0,0,1,1
633776187,0.013092979,0.006764432,-0.0018817049,4999,0,-0.009064073,-0.1780402,-9.745942,4999,0,0,1,1
633781212,0.012071486,0.0040825503,-0.001194543,5025,0,0.036703568,-0.09929398,-9.858144,5025,0,0,1,1
633786187,-0.006128533,-0.0037280892,0.004510352,4975,0,-0.21531066,-0.15294921,-9.9573,4975,0,0,1,1
633791188,-0.016247453,-0.0038023484,0.00046250015,5001,0,0.18164222,0.079967976,-9.800669,5001,0,0,1,1
633796211,-0.0014029953,0.0012044131,-0.0059998124,5023,0,-0.216063,-0.10472467,-9.736503,5023,0,0,1,1
633801188,0.019340074,-5.4036762e-05,-0.000113151735,4977,0,-0.08009984,-0.2909289,-9.675193,4977,0,0,1,1
633806187,0.0023046138,-0.0018377479,-0.00043331145,4999,0,0.029614232,0.17240337,-9.840698,4999,0,0,1,1
633811215,-0.016098782,-0.0025021578,0.003332891,5028,0,-0.32597265,-0.114681624,-10.001045,5028,0,0,1,1
633816187,-0.010395543,-0.001482205,0.00023788297,4972,0,0.07038779,-0.05719984,-9.732317,4972,0,0,1,1
633821188,0.006813763,0.00030175128,-0.010781552,5001,0,0.1190384,-0.44265962,-9.795243,5001,0,0,1,1
633826211,0.018278033,-0.003006924,-0.004636677,5023,0,-0.38650507,-0.082849145,-9.871122,5023,0,0,1,1
633831187,-0.0017753238,0.005826596,0.005882887,4976,0,-0.14801444,0.45237482,-9.790497,4976,0,0,1,1
633836187,-0.014618965,-0.0044230055,0.0017369402,5000,0,-0.02781116,-0.36284748,-9.889545,5000,0,0,1,1
633841212,-0.0077350023,-0.0027210051,-0.0006726503,5025,0,-0.13575512,-0.108066246,-9.471138,5025,0,0,1,1
633846186,0.009699512,0.0077922377,-0.0050453288,4974,0,-0.28043216,0.32117477,-10.081041,4974,0,0,1,1
633851188,0.01018341,0.0016061045,-0.0005750244,5002,0,-0.12517466,-0.39853865,-9.588617,5002,0,0,1,1
633856210,-0.004671561,-0.004286108,0.004486063,5022,0,0.057996243,-0.28126797,-9.779655,5022,0,0,1,1
633861188,-0.0058762166,0.006229432,0.0004896181,4978,0,-0.12029181,0.20875323,-9.974374,4978,0,0,1,1
633866188,-0.0011090905,0.005071807,-0.0002813599,5000,0,-0.02627816,-0.298715,-9.735891,5000,0,0,1,1
633871211,0.0016057655,-0.004581012,0.0017361444,5023,0,-0.043571275,-0.112052865,-9.907196,5023,0,0,1,1
633876187,-0.0008951134,0.003349294,0.001967291,4976,0,-0.07942985,0.19919735,-9.790266,4976,0,0,1,1
633881188,-0.00072654686,0.0034192991,-0.00092415983,5001,0,-0.29759416,-0.41412136,-9.918459,5001,0,0,1,1
633886210,0.0020907074,-0.004655186,0.0012634391,5022,0,0.13619412,0.18846671,-9.892839,5022,0,0,1,1
633891188,-0.0025458902,-0.0019263363,0.0013134138,4978,0,0.015622888,-0.17099461,-9.828162,4978,0,0,1,1
633896188,-0.003992238,0.003795038,-0.006837038,5000,0,-0.04722591,-0.1216969,-9.625116,5000,0,0,1,1
633901211,0.008747918,-0.0012526244,-0.001671644,5023,0,-0.0220111,-0.033449918,-9.826477,5023,0,0,1,1
633906187,0.004606358,-0.004157688,0.0053660823,4976,0,-0.25054112,0.06307716,-9.789881,4976,0,0,1,1
633911189,-0.010340852,-0.0010541532,5.0078263e-05,5002,0,-0.08034638,-0.36701095,-9.853057,5002,0,0,1,1
633916210,-0.0070549618,-0.0017349637,-0.0002250595,5021,0,-0.099491835,0.38195547,-9.776759,5021,0,0,1,1
633921188,0.0055362913,-0.0024645643,-0.005107641,4978,0,0.038540665,-0.50563705,-9.779518,4978,0,0,1,1
633926188,0.010170213,-0.0029862134,-0.007395846,5000,0,-0.34083027,-0.13042192,-9.88025,5000,0,0,1,1
633931211,0.0006726859,-0.0010132121,0.0103999395,5023,0,0.045005724,0.07933126,-9.938043,5023,0,0,1,1
633936187,-0.014427826,0.00041119836,0.0077872495,4976,0,-0.24975981,0.22163224,-9.851519,4976,0,0,1,1
633941188,-0.009043785,0.001387298,-0.011187414,5001,0,-0.0045024664,-0.39889956,-9.713018,5001,0,0,1,1
633946210,0.007904789,-0.0002500896,-0.002451085,5022,0,-0.29403403,-0.07434369,-9.873355,5022,0,0,1,1
633951187,0.011654765,0.0033647215,0.009301288,4977,0,-0.2250532,-0.045201834,-9.802003,4977,0,0,1,1
633956187,-0.0043604276,0.0014874438,0.0033610002,5000,0,0.3814043,-0.29588035,-9.661986,5000,0,0,1,1
633961211,-0.007873121,-0.0043105446,-0.0005575059,5024,0,-0.50065404,0.124091536,-9.930914,5024,0,0,1,1
633966188,0.0021058805,0.0042522517,-0.0038620622,4977,0,-0.07167435,0.098867156,-9.741222,4977,0,0,1,1
633971188,0.006354608,0.006951084,0.0014503293,5000,0,0.19501767,0.11081612,-9.644628,5000,0,0,1,1
633976210,0.002495114,0.0025806664,0.0047190185,5022,0,-0.07202508,-0.36193648,-9.77743,5022,0,0,1,1
633981188,-0.0031688646,-0.003449955,-0.0072445096,4978,0,-0.24578372,0.028589698,-10.005379,4978,0,0,1,1
633986187,-0.009284335,-0.0014875362,-0.0048195864,4999,0,-0.08985733,-0.039220046,-9.894023,4999,0,0,1,1
633991211,0.007033966,0.0015535278,0.0033762974,5024,0,0.11766513,0.046385992,-9.828058,5024,0,0,1,1
633996188,0.013678902,0.003548268,-0.0032542401,4977,0,0.00032422334,-0.369777,-9.832809,4977,0,0,1,1
634001188,-0.0033911963,-0.0035001147,-0.0031179944,5000,0,-0.2818973,0.10643746,-9.985522,5000,0,0,1,1
634006210,-0.01106938,-0.005239674,0.0078906445,5022,0,0.1248515,-0.57393545,-9.6132765,5022,0,0,1,1
634011188,-8.929897e-05,0.0030794658,0.0051835254,4978,0,-0.011998802,-0.07014447,-9.7425785,4978,0,0,1,1
634016188,0.008413696,-0.00024001797,-0.005181161,5000,0,-0.42956886,0.20779777,-9.825388,5000,0,0,1,1
634021213,-0.0010441163,-0.009064629,-0.003479874,5025,0,0.06772592,-0.24691442,-9.683239,5025,0,0,1,1
634026187,-0.011070006,-0.00511329,0.0056695663,4974,0,-0.038626496,0.00093217834,-9.664493,4974,0,0,1,1
634031188,0.0021554767,0.004828205,0.005329981,5001,0,-0.092362605,-0.08306282,-10.009712,5001,0,0,1,1
634036210,0.0022519543,0.0034885758,0.0002714723,5022,0,-0.07829422,-0.15193535,-9.891444,5022,0,0,1,1
634041187,-0.002662792,-0.005624184,-0.0026412422,4977,0,-0.21680576,-0.14916834,-9.870831,4977,0,0,1,1
634046188,-0.0076162005,0.003666405,-0.0018030552,5001,0,-0.37688544,0.28870484,-9.878105,5001,0,0,1,1
634051211,0.00031394215,0.0055311215,0.0016422791,5023,0,0.034096103,-0.53068197,-9.731151,5023,0,0,1,1
634056188,-0.001154361,-0.0050731646,-0.00011061458,4977,0,-0.33958262,0.090187065,-9.911362,4977,0,0,1,1
634061188,-0.0013165878,-0.0023044788,-0.00093307206,5000,0,0.14550187,0.078300126,-9.805865,5000,0,0,1,1
634066210,0.0058944975,0.0063995454,-0.005288534,5022,0,-0.020813104,-0.065933876,-9.731532,5022,0,0,1,1
634071188,0.004700337,0.0047029615,0.0030331542,4978,0,-0.23842765,0.104867116,-9.892032,4978,0,0,1,1
634076186,-0.0053337817,-0.0014749499,0.0054010646,4998,0,0.06668929,-0.26140115,-9.699831,4998,0,0,1,1
634081211,-0.0021010274,-0.0025073234,-0.005567653,5025,0,-0.19592015,-0.04094716,-9.740862,5025,0,0,1,1
634086188,0.011137206,-0.00021579725,-0.000493357,4977,0,-0.08465588,0.32096535,-9.784271,4977,0,0,1,1
634091188,0.001140783,0.0012868452,0.003668481,5000,0,-0.022257488,-0.29021206,-9.750858,5000,0,0,1,1
634096210,-0.008382497,0.0035757986,-0.0042647766,5022,0,0.0017910165,-0.26005387,-10.082037,5022,0,0,1,1
634101188,0.0028390915,-0.0024337887,-0.00228795,4978,0,-0.045492947,-0.02244094,-9.968181,4978,0,0,1,1
634106187,0.0043446496,-0.003329458,0.002290404,4999,0,0.075049825,-0.3852493,-9.800021,4999,0,0,1,1
634111213,0.003959263,-0.0021686277,0.0033385667,5026,0,-0.11353424,0.0030390383,-9.885241,5026,0,0,1,1
634116187,-0.0014639031,0.0029197782,-0.0045912447,4974,0,-0.7267425,0.4939997,-9.752922,4974,0,0,1,1
634121187,-0.0033095628,-0.004823628,-0.0018057779,5000,0,-0.15369417,-0.564211,-9.664104,5000,0,0,1,1
634126211,-0.0006823152,-0.0061924737,0.0037148003,5024,0,0.012487249,-0.16486701,-9.630648,5024,0,0,1,1
634131188,-0.0015328702,0.0045298957,-0.00039750378,4977,0,-0.012523603,-0.07101733,-9.906404,4977,0,0,1,1
634136187,0.0036991572,-0.0005974439,-0.003911903,4999,0,-0.18275893,0.0941269,-9.863776,4999,0,0,1,1
634141211,-0.00690485,0.0022280375,0.0026898207,5024,0,-0.016573077,0.06846746,-9.761962,5024,0,0,1,1
634146187,-0.012328586,0.0069409017,0.0018104167,4976,0,-0.10316404,-0.2938586,-9.76993,4976,0,0,1,1
634151188,2.6857177e-05,-0.0032098333,-9.877625e-05,5001,0,-0.32153615,-0.15745373,-9.803561,5001,0,0,1,1
634156211,0.0015599123,-0.0048814793,0.001860223,5023,0,-0.06534742,0.24329817,-9.772213,5023,0,0,1,1
634161188,-0.00091846375,0.007409008,-0.00034203505,4977,0,-0.01643331,0.1142746,-9.893253,4977,0,0,1,1
634166188,-0.0006705613,0.003805164,-0.0038990395,5000,0,-0.22305854,-0.0020437068,-9.934642,5000,0,0,1,1
634171211,-0.0038297973,-0.0069500823,0.0019425848,5023,0,0.29135796,-0.00016090846,-10.009959,5023,0,0,1,1
634176187,0.0030251392,0.0051894896,0.00034401775,4976,0,0.030361837,-0.71356064,-9.766552,4976,0,0,1,1
634181188,0.010851704,0.0092537105,-0.0033504234,5001,0,-0.13691176,0.11792756,-9.718298,5001,0,0,1,1
634186211,0.010112393,-0.009123398,-0.005618936,5023,0,-0.43612665,-0.093066335,-9.803865,5023,0,0,1,1
634191188,0.0032630563,-0.005766369,-0.0036137886,4977,0,-0.08949214,0.15388861,-9.6041565,4977,0,0,1,1
634196187,-0.0051477044,0.002235024,-0.0014942295,4999,0,0.1142872,-0.010319611,-9.716858,4999,0,0,1,1
634201211,-0.0064694206,0.0004264725,0.0045501003,5024,0,-0.28427425,-0.014813119,-9.899654,5024,0,0,1,1
634206187,0.004772813,-0.0027877423,0.005144113,4976,0,0.04853298,-0.04458166,-9.745767,4976,0,0,1,1
634211188,0.0044414606,0.0058724885,-0.00046314494,5001,0,0.16939679,-0.5233392,-9.760781,5001,0,0,1,1
634216211,-0.0023243993,-0.0020787278,0.0024644267,5023,0,-0.45452964,-0.16920607,-10.062439,5023,0,0,1,1
634221188,-0.0068842126,-0.0083245365,0.0022366208,4977,0,-0.046122994,-0.25003377,-9.832101,4977,0,0,1,1
634226187,0.0024288902,-0.00073473,-0.00019851257,4999,0,-0.07141999,-0.29712126,-9.904236,4999,0,0,1,1
634231211,0.0002366326,0.0035244215,0.0032224879,5024,0,-0.3130914,-0.006395025,-9.794325,5024,0,0,1,1
634236187,-0.00047536808,-0.0015615509,0.00063825113,4976,0,-0.16201174,0.16238114,-9.794226,4976,0,0,1,1
634241188,0.0018626739,0.0017694775,-0.007225325,5001,0,0.46718144,0.33836833,-9.762768,5001,0,0,1,1
634246211,-0.013063567,0.0038246124,0.00035992943,5023,0,-0.5050382,-0.10565606,-9.791136,5023,0,0,1,1
634251188,-0.016175061,0.0002484716,0.0014870533,4977,0,-0.19144846,0.2502766,-9.640823,4977,0,0,1,1
634256188,0.0026404487,-0.0023897188,-0.0071012066,5000,0,0.30736202,-0.16760352,-9.823855,5000,0,0,1,1
634261218,-0.00022889224,0.0002563161,-0.005526069,5030,0,-0.41868144,0.05944867,-9.857685,5030,0,0,1,1
634266187,-0.00066812395,0.0030032608,-0.0039347764,4969,0,-0.20124365,0.090940975,-9.791134,4969,0,0,1,1
634271188,0.004715125,-2.5144569e-05,-0.0003923385,5001,0,0.11113665,-0.6605743,-9.832015,5001,0,0,1,1
634276211,0.0051017324,0.0056868866,-0.0019259292,5023,0,-0.07911518,0.01171763,-9.766204,5023,0,0,1,1
634281188,0.0038717827,0.0049127224,0.007014632,4977,0,-0.015593794,-0.260062,-9.710441,4977,0,0,1,1
634286188,0.011290967,0.0002517232,-0.00428762,5000,0,-0.25920814,0.3661619,-9.849597,5000,0,0,1,1
634291212,-0.004500588,-0.0033700299,0.0062884493,5024,0,0.19969851,0.18704431,-9.894634,5024,0,0,1,1
634296187,-0.0067960676,0.001685052,0.0058727516,4975,0,-0.2982658,-0.21987772,-9.66473,4975,0,0,1,1
634301188,0.005433992,-0.003582992,0.0039478173,5001,0,-0.010313138,-0.26553676,-9.845413,5001,0,0,1,1
634306211,0.0021643555,0.0008599133,0.003029949,5023,0,-0.0216765,0.24494973,-9.719038,5023,0,0,1,1
634311188,-0.0008938108,-0.00045763265,0.0036322328,4977,0,-0.10192427,-0.58605814,-9.854926,4977,0,0,1,1
634316188,-0.0064157806,-0.0035735418,0.003034525,5000,0,-0.2181615,0.49589002,-9.980499,5000,0,0,1,1
634321212,-0.0041971947,-0.0014378249,0.00096872955,5024,0,0.11064655,0.05061286,-9.823605,5024,0,0,1,1
634326187,0.0006014041,-0.0042799553,0.0013146444,4975,0,-0.1937607,-0.48614302,-9.738616,4975,0,0,1,1
634331188,0.0005426332,-0.004590009,-0.002171741,5001,0,-0.29129484,-0.047302205,-9.967692,5001,0,0,1,1
634336211,-0.0001334139,-0.0009790997,-0.006359279,5023,0,0.039931137,0.35717228,-9.88286,5023,0,0,1,1
634341187,-0.0016735716,0.0005336009,-0.0045458707,4976,0,0.023494601,-0.7362974,-9.647375,4976,0,0,1,1
634346188,-0.0016712481,-0.0050228518,-8.702533e-05,5001,0,-0.44479,-0.19286025,-10.018004,5001,0,0,1,1
634351212,-0.0039226646,-0.0009975212,-0.0016228037,5024,0,-0.14891261,0.18126838,-9.783545,5024,0,0,1,1
634356187,-0.0044320747,0.0028967494,-0.00025744416,4975,0,-0.3862868,0.19750993,-9.717156,4975,0,0,1,1
634361188,0.00037337618,0.00014121528,-0.002239181,5001,0,0.028594278,0.119097404,-9.7808695,5001,0,0,1,1
634366211,-0.0059258454,0.00218742,-0.0021752247,5023,0,0.016729377,-0.0731095,-9.804501,5023,0,0,1,1
634371188,-0.0046602827,-0.00061826856,0.004385062,4977,0,-0.15074559,-0.16319813,-10.002277,4977,0,0,1,1
634376188,0.0023446803,-0.0037947549,0.0019231113,5000,0,-0.1406401,0.36096138,-9.811934,5000,0,0,1,1
634381211,0.0053954837,0.0002832374,-0.002969636,5023,0,-0.21984339,-0.32078886,-9.817739,5023,0,0,1,1
634386187,0.00902847,-0.0018661795,0.006489891,4976,0,0.015382936,-0.4716883,-9.66434,4976,0,0,1,1
634391187,-0.00017960588,0.0032607368,0.0065491977,5000,0,-0.23131251,-0.031982873,-9.605453,5000,0,0,1,1
634396211,-0.0053735436,0.001675134,0.0018583203,5024,0,-0.19892003,-0.17330107,-9.795763,5024,0,0,1,1
634401188,-0.0012695852,0.00179455,0.004481321,4977,0,0.22723067,0.3494707,-9.815719,4977,0,0,1,1
634406188,0.0077696727,0.007707817,-0.00078795163,5000,0,-0.005904078,-0.40611675,-9.873419,5000,0,0,1,1
634411212,-0.000985684,0.0003224073,-0.0023074572,5024,0,-0.14449756,0.05117782,-9.991087,5024,0,0,1,1
634416187,0.0020839153,0.0005527331,0.0013968736,4975,0,0.028763415,-0.20205885,-9.615397,4975,0,0,1,1
634421188,-3.3409055e-05,-0.0021953569,0.0038368488,5001,0,-0.52471656,-0.10941278,-9.801025,5001,0,0,1,1
634426211,-0.002895369,0.0024432244,0.0058390726,5023,0,-0.3228361,-0.19760466,-9.576815,5023,0,0,1,1
634431188,0.00048870116,0.0057918434,-0.0061516855,4977,0,0.35901085,0.4533134,-9.570432,4977,0,0,1,1
634436187,-0.0065714973,0.006502186,-0.004758514,4999,0,0.013856783,0.341281,-10.165033,4999,0,0,1,1
634441211,-0.0082202405,-0.002300447,-0.009956749,5024,0,0.5224534,-0.5896985,-10.007702,5024,0,0,1,1
634446186,0.0020695878,-0.0036858257,-0.0076643378,4975,0,-0.5689795,-0.29292387,-10.25703,4975,0,0,1,1
634451187,0.010549226,-0.008989524,0.0008867287,5001,0,-0.27186152,-0.10940427,-9.99699,5001,0,0,1,1
634456210,0.013466023,0.0005968747,0.00337892,5023,0,0.19457355,-0.20287645,-9.45826,5023,0,0,1,1
634461188,0.0037530707,0.004344329,0.009650417,4978,0,-0.24530548,0.2405526,-9.467613,4978,0,0,1,1
634466188,-0.0051394464,-0.002619838,0.008052846,5000,0,0.31152394,-0.2605697,-9.65505,5000,0,0,1,1
634471211,-0.013504769,-0.0052377474,0.0024895063,5023,0,-0.2981359,-0.013193833,-9.911526,5023,0,0,1,1
634476187,-0.009986371,-0.00364398,0.00318436,4976,0,-0.28705558,0.03226356,-9.959448,4976,0,0,1,1
634481189,0.017452491,0.0040208735,0.00051286275,5002,0,-0.22086753,-0.34336153,-9.61762,5002,0,0,1,1
634486211,0.0077154054,0.011635017,0.0064993664,5022,0,-0.13991265,0.13530079,-9.740951,5022,0,0,1,1
634491188,-0.0031106374,0.0056330697,0.005646931,4977,0,0.5475936,-0.6112428,-9.67532,4977,0,0,1,1
634496188,-0.012783475,-0.007307828,-0.005140126,5000,0,-0.37062907,0.16133398,-10.227429,5000,0,0,1,1
634501210,-0.01916654,-0.0111647,-0.007275183,5022,0,-0.26413918,0.46523258,-10.324853,5022,0,0,1,1
634506187,0.0049838354,-0.008295321,-0.013264513,4977,0,-0.39631134,0.11951349,-9.574773,4977,0,0,1,1
634511188,0.01534326,0.002014349,-0.00943712,5001,0,0.27680504,0.028445492,-9.469512,5001,0,0,1,1
634516210,0.022356262,0.0052513327,0.0009211118,5022,0,0.41140893,-1.6886193,-9.574354,5022,0,0,1,1
634521187,0.0023760593,-0.0009661651,0.010357022,4977,0,-0.60645497,0.1145226,-10.400268,4977,0,0,1,1
634526188,-0.029382033,0.008313091,0.006344162,5001,0,-0.15546498,1.0430572,-9.913337,5001,0,0,1,1
634531211,-0.009526245,-0.0024131709,-0.014992966,5023,0,-0.14661506,0.63763857,-9.353132,5023,0,0,1,1
634536187,0.014537207,-0.0065775802,-0.012069964,4976,0,0.4191403,-0.7720054,-9.163329,4976,0,0,1,1
634541189,0.013890517,-0.010749191,0.0032445134,5002,0,-0.63228333,-0.62851024,-9.583773,5002,0,0,1,1
634546210,-0.0012371701,0.007171468,0.008078477,5021,0,0.23665135,-0.2609241,-9.885497,5021,0,0,1,1
634551188,0.0026816095,0.009041182,-0.0013820248,4978,0,-0.05791467,0.05994638,-9.835041,4978,0,0,1,1
634556186,-0.011969587,-0.0040749153,-0.0072610853,4998,0,0.015647259,0.6094748,-10.525139,4998,0,0,1,1
634561211,-0.010251018,0.005974446,-0.010038256,5025,0,0.035746977,-0.043831192,-9.717743,5025,0,0,1,1
634566188,0.009929063,-0.0017447819,0.0026173776,4977,0,-0.31004396,-0.6562384,-9.619138,4977,0,0,1,1
634571188,0.016397692,-0.00023684866,0.009651548,5000,0,-0.07272969,-0.9993977,-9.704343,5000,0,0,1,1
634576212,-0.0044338945,-0.004039244,0.005705532,5024,0,-0.031160861,0.71812785,-10.274665,5024,0,0,1,1
634581188,-0.023247408,0.003859571,-0.01046634,4976,0,0.13603921,0.09544153,-10.6098175,4976,0,0,1,1
634586187,0.0013194056,8.2699684e-05,-0.006649456,4999,0,-0.39604494,-0.71464837,-9.154883,4999,0,0,1,1
634591211,0.00050817954,-0.0034070509,0.009370658,5024,0,-0.28239056,0.013026237,-9.371301,5024,0,0,1,1
634596191,0.0041791955,-3.104754e-05,-0.0030842598,4980,0,0.51239103,-0.043809474,-9.48475,4980,0,0,1,1
634601188,0.003068218,-0.005074612,0.012154743,4997,0,-0.4303969,0.18574594,-10.312869,4997,0,0,1,1
634606211,-0.017808836,0.0066668782,0.0023634762,5023,0,-0.44122285,0.23574944,-9.625615,5023,0,0,1,1
634611188,-0.016985634,-0.0005556024,-0.0069402424,4977,0,0.12334635,-0.28957322,-9.237201,4977,0,0,1,1
634616187,0.030556632,-0.0034566114,0.0039880523,4999,0,0.21983293,-0.5038747,-10.064321,4999,0,0,1,1
634621211,0.011314293,-0.0026805936,0.007361153,5024,0,-0.18960568,0.7928653,-9.854885,5024,0,0,1,1
634626188,-0.01922496,0.007100055,0.0008065674,4977,0,0.13876903,-0.029806273,-10.234419,4977,0,0,1,1
634631187,-0.0024566192,0.003478181,-0.008244259,4999,0,-0.17567478,-0.8359351,-9.679196,4999,0,0,1,1
634636211,0.02514643,0.0034157753,0.000982083,5024,0,-0.49489063,0.006301278,-10.047547,5024,0,0,1,1
634641188,0.0027806072,-0.011103577,-0.008875603,4977,0,0.15849307,0.6991977,-9.635282,4977,0,0,1,1
634646187,-0.021989709,0.0074869758,0.0011953233,4999,0,-0.15546283,-1.3525112,-10.021996,4999,0,0,1,1
634651211,0.026748057,-0.0059212428,0.001522467,5024,0,-0.3626555,-0.8273688,-10.380695,5024,0,0,1,1
634656188,0.021592407,-0.004005651,-0.00045276235,4977,0,0.43764916,0.40543428,-9.459531,4977,0,0,1,1
634661188,-0.034081895,0.0107729295,-0.0018707674,5000,0,0.120081566,0.13542934,-9.443463,5000,0,0,1,1
634666216,0.0011886269,0.0068671275,0.0033531806,5028,0,-0.98738676,-0.068005905,-10.746035,5028,0,0,1,1
634671188,0.022039536,-0.010370162,0.001618556,4972,0,0.004975171,-0.8415641,-9.378283,4972,0,0,1,1
634676188,-0.0105044935,-0.025196612,-0.00014008647,5000,0,0.25935128,0.44361743,-8.969537,5000,0,0,1,1
634681210,-0.032136854,0.031030977,0.0055315145,5022,0,0.007894679,1.0916564,-10.6271305,5022,0,0,1,1
634686188,-0.0065683103,-0.021553632,-0.017872818,4978,0,-0.68041366,-2.35499,-10.427058,4978,0,0,1,1
634691188,0.030969214,0.008845849,0.015837412,5000,0,1.2804549,0.33064383,-8.752795,5000,0,0,1,1
634696210,-0.060829498,0.005151634,-0.017055538,5022,0,-1.7525594,1.0633875,-11.202937,5022,0,0,1,1
634701190,-0.011587535,0.0069967345,-0.007855915,4980,0,0.29734233,-2.335031,-9.462238,4980,0,0,1,1
634706188,0.047572356,-0.0200878,0.0139935445,4998,0,-0.84297514,0.569778,-9.516786,4998,0,0,1,1
634711210,-0.05089088,0.010476514,-0.0044925404,5022,0,1.2528403,0.8942602,-10.317581,5022,0,0,1,1
634716188,0.0039121737,-0.0037991635,0.008422852,4978,0,-1.7694135,-1.1797616,-9.670067,4978,0,0,1,1
634721188,0.024166187,0.0037671423,0.0031391056,5000,0,0.6355916,1.4270664,-9.892102,5000,0,0,1,1
634726210,-0.01552591,-0.00018892591,-0.0058765393,5022,0,-0.28908363,-1.5243045,-9.342024,5022,0,0,1,1
634731188,0.013954025,0.0020476894,0.027996436,4978,0,-0.8713165,1.4800295,-11.042743,4978,0,0,1,1
634736188,0.0068001347,-0.022189854,-0.012496963,5000,0,1.3920779,0.05610691,-8.626867,5000,0,0,1,1
634741210,-0.01273279,0.020242717,-0.00591019,5022,0,-0.29621005,-0.013776864,-10.218752,5022,0,0,1,1
634746188,0.038836945,-0.03162585,0.0021697332,4978,0,0.0090561295,-0.16356404,-9.565656,4978,0,0,1,1
634751188,-0.028301306,0.020847838,-0.023623813,5000,0,1.7285106,0.3488081,-8.825782,5000,0,0,1,1
634756210,0.014539363,0.0031216028,0.0075129857,5022,0,-2.332682,-0.5428866,-11.056808,5022,0,0,1,1
634761188,0.01173094,0.0030760644,-0.013131235,4978,0,0.85966355,-0.25103062,-8.947577,4978,0,0,1,1
634766188,-0.018502297,0.0039671706,0.00010164722,5000,0,-1.8931429,-0.22469747,-10.621791,5000,0,0,1,1
634771211,0.0020836364,-0.0075927544,0.004241349,5023,0,0.860764,-0.443664,-9.569733,5023,0,0,1,1
634776188,-0.0127209425,-0.007205742,-0.0033647474,4977,0,-0.5102981,0.5815993,-10.023739,4977,0,0,1,1
634781188,0.0007294759,0.003110157,0.0044696415,5000,0,0.5698145,-1.2539376,-10.574552,5000,0,0,1,1
634786210,0.028569907,-0.011574962,-0.013669893,5022,0,-0.21636595,1.0377969,-9.2273245,5022,0,0,1,1
634791188,-0.022714024,0.0068968926,0.0014392043,4978,0,-0.4770705,-2.2751327,-11.091926,4978,0,0,1,1
634796187,-0.014140471,0.008261942,-0.013440167,4999,0,1.1184192,4.0455523,-8.345263,4999,0,0,1,1
634801211,-0.033408567,0.0047104754,-0.0049837297,5024,0,-1.2941635,-4.5338135,-11.465315,5024,0,0,1,1
634806188,0.007019736,-0.006563742,0.0051748455,4977,0,0.117701076,3.4302368,-8.505429,4977,0,0,1,1
634811188,-0.0073419875,-0.003080218,0.0037188074,5000,0,0.6721178,-2.330617,-10.624853,5000,0,0,1,1
634816210,0.022768503,-0.0076937233,0.030587712,5022,0,-0.6056341,3.7119358,-8.748995,5022,0,0,1,1
634821188,-0.011212398,0.007641639,-0.015321336,4978,0,1.1279217,-2.3690195,-10.379289,4978,0,0,1,1
634826187,0.00062422187,-0.01810361,0.021270735,4999,0,-2.4034877,2.903092,-9.628719,4999,0,0,1,1
634831211,-0.008890151,0.013726675,-0.023585817,5024,0,2.5620863,-2.7940032,-9.507497,5024,0,0,1,1
634836188,0.010109794,-0.011023212,0.018020669,4977,0,-1.9920781,2.485688,-10.456389,4977,0,0,1,1
634841188,3.102509e-05,0.014199511,-0.014609528,5000,0,0.863886,-2.2747543,-8.934977,5000,0,0,1,1
634846210,-0.010720403,-0.018336924,0.0070727975,5022,0,1.385722,3.2481732,-11.193232,5022,0,0,1,1
634851188,-0.00946908,0.006891537,-0.018610347,4978,0,-0.28664964,-3.201027,-8.007546,4978,0,0,1,1
634856188,-0.014959385,0.0010547836,0.014876177,5000,0,1.4731988,2.5236285,-11.956944,5000,0,0,1,1
634861211,0.0165086,0.021114964,-0.0041096644,5023,0,-1.8257985,-1.5384543,-8.611537,5023,0,0,1,1
634866188,0.0002699831,-0.016090047,0.017171776,4977,0,2.0933187,1.3898293,-13.691975,4977,0,0,1,1
634871188,0.01885993,0.017843429,-0.0012116707,5000,0,-2.413261,-0.9447323,-7.66847,5000,0,0,1,1
634876210,-0.007913968,-0.03611508,0.014685592,5022,0,2.336579,0.45091262,-10.523994,5022,0,0,1,1
634881188,-0.009598933,0.0374687,-0.014920407,4978,0,-3.3636563,-1.1860704,-10.838326,4978,0,0,1,1
634886187,-0.014769793,-0.023168184,0.0096851075,4999,0,1.3072815,0.75128,-8.309628,4999,0,0,1,1
634891211,-0.0008387953,0.01965945,-0.010833034,5024,0,-0.68488824,-2.7585003,-11.752054,5024,0,0,1,1
634896188,0.027548352,0.009650825,0.0029738576,4977,0,-2.3648891,4.2646093,-7.38003,4977,0,0,1,1
634901191,-0.00410031,0.009475005,-0.020504015,5003,0,0.64170706,-3.8059986,-11.851721,5003,0,0,1,1
634906210,-0.00260627,-0.001026235,-0.0020960588,5019,0,0.26393297,2.6160345,-8.655459,5019,0,0,1,1
634911188,0.0038422907,-0.0052110013,0.0045900056,4978,0,-0.8196855,0.7369823,-9.841369,4978,0,0,1,1
634916188,-0.026455041,0.0113677485,0.0027777618,5000,0,0.1006588,0.5599393,-10.657945,5000,0,0,1,1
634921210,0.036975175,-0.0044886605,0.008596121,5022,0,-1.3781747,0.9292426,-9.126095,5022,0,0,1,1
634926188,-0.00041297724,-0.0064879833,-0.040850684,4978,0,1.9608107,-1.6780713,-9.418426,4978,0,0,1,1
634931188,-0.0100634415,-0.029737849,-0.0597716,5000,0,-2.030727,2.7586882,-11.472025,5000,0,0,1,1
634936210,-0.07952752,-0.03728936,-0.099750444,5022,0,-1.0558251,-0.65322787,-9.705425,5022,0,0,1,1
634941188,-0.053275872,-0.047472022,-0.100647375,4978,0,2.7875373,0.64850324,-10.143515,4978,0,0,1,1
634946188,-0.0015907016,-0.05806987,-0.058088813,5000,0,-1.4489527,-2.4585507,-12.089455,5000,0,0,1,1
634951211,0.0011490437,-0.0008660046,0.002308779,5023,0,0.91262,0.034845766,-7.877451,5023,0,0,1,1
634956188,0.016846621,-0.010406012,0.07114052,4977,0,0.021289483,0.011301541,-10.994065,4977,0,0,1,1
634961188,0.00820565,0.02169508,0.08729812,5000,0,0.040885493,-1.9149482,-9.125117,5000,0,0,1,1
634966210,-0.0056335516,-0.016312242,0.09185516,5022,0,0.9870174,1.9926031,-8.284488,5022,0,0,1,1
634971188,-0.030065004,-0.0083990535,0.08071964,4978,0,-1.2539245,-0.7660597,-9.917168,4978,0,0,1,1
634976187,-0.042448513,0.03439648,0.02867173,4999,0,1.0877826,-1.8499095,-8.089895,4999,0,0,1,1
634981211,0.0074079623,-0.02964584,0.022286419,5024,0,0.19653983,2.5823925,-10.040297,5024,0,0,1,1
634986188,0.0054763574,0.024372717,-0.013961129,4977,0,-0.7802897,-2.0484874,-9.848859,4977,0,0,1,1
634991188,0.056017853,-0.009841781,-0.00382426,5000,0,-0.6828484,0.77644867,-9.480689,5000,0,0,1,1
634996210,0.04248787,-0.022898866,0.029436802,5022,0,-0.42849493,0.1284156,-10.525147,5022,0,0,1,1
635001188,-0.04033556,0.05361597,0.014823341,4978,0,0.73456794,0.24950941,-10.305472,4978,0,0,1,1
635006187,-0.011953866,-0.019609421,0.053398304,4999,0,-1.8222624,-0.5016298,-9.515213,4999,0,0,1,1
635011211,-0.00872178,0.035580948,0.065902315,5024,0,-0.56182843,1.6687139,-11.2111845,5024,0,0,1,1
635016188,0.039327398,0.0019622562,0.03067368,4977,0,0.5127626,-0.27867603,-9.336627,4977,0,0,1,1
635021188,0.053052325,-0.01660515,0.0138460295,5000,0,1.2014236,1.2863483,-9.8374,5000,0,0,1,1
635026210,0.009968232,0.008159512,-0.010719398,5022,0,-0.5896962,-0.7248597,-10.684368,5022,0,0,1,1
635031188,-0.000727782,-0.037683513,-0.037440214,4978,0,-2.403589,0.4392734,-8.8913145,4978,0,0,1,1
635036188,-0.016395282,0.034794707,-0.018177886,5000,0,1.68955,-0.19556579,-9.172063,5000,0,0,1,1
635041210,0.015870677,0.0012370687,-0.03415949,5022,0,-1.08674,-0.97804636,-9.417528,5022,0,0,1,1
635046188,0.0040943692,0.027612163,0.016715733,4978,0,0.051752992,-0.49269998,-8.40311,4978,0,0,1,1
635051188,0.035286978,0.0470728,-0.012960912,5000,0,1.0026395,0.5065745,-11.183872,5000,0,0,1,1
635056210,0.012394363,-0.011972077,-0.012381924,5022,0,-1.0719286,1.1689342,-9.666116,5022,0,0,1,1
635061188,-0.016915204,0.011415899,-0.0018003454,4978,0,1.5654455,-0.4392039,-10.799132,4978,0,0,1,1
635066188,-0.038341515,0.0075065456,-0.015103853,5000,0,-0.5411344,-0.21986312,-9.603495,5000,0,0,1,1
635071210,-0.0012768116,-0.038597018,-0.022486793,5022,0,0.6556519,0.024076065,-10.024245,5022,0,0,1,1
635076188,0.011758094,0.04916703,-0.029726103,4978,0,-0.16399,1.7455629,-10.715482,4978,0,0,1,1
635081188,-0.016221017,-0.034894876,-0.048989203,5000,0,-0.20959014,-2.3720145,-9.094386,5000,0,0,1,1
635086210,-0.028388152,0.014527104,-0.00884184,5022,0,0.6350159,1.1811393,-11.830972,5022,0,0,1,1
635091191,-0.029813064,-0.002927207,-0.015655419,4981,0,-0.47253808,-1.6718144,-9.149684,4981,0,0,1,1
635096187,-0.008154071,-0.022395054,0.002774063,4996,0,2.1905053,1.8903779,-10.663191,4996,0,0,1,1
635101210,0.009112693,0.014696119,0.023658024,5023,0,-1.5537965,-0.22056706,-9.252472,5023,0,0,1,1
635106188,0.0058043045,-0.00288273,0.02365894,4978,0,-0.46556818,-1.5103627,-8.797297,4978,0,0,1,1
635111188,0.027362062,-0.018512737,0.015779719,5000,0,-1.8148208,4.2623067,-13.216303,5000,0,0,1,1
635116210,-0.011647201,-0.039277848,0.00538991,5022,0,-1.0606434,-0.1962701,-8.953023,5022,0,0,1,1
635121188,-0.01486846,-0.0037984133,-0.011430812,4978,0,-0.43808416,-1.2183071,-10.310293,4978,0,0,1,1
635126188,-0.016756035,-0.0015524591,-0.01565525,5000,0,0.4264066,0.74804384,-10.563152,5000,0,0,1,1
635131211,-0.029784674,-0.00041351165,-0.024819188,5023,0,-0.87628406,1.4073452,-10.144316,5023,0,0,1,1
635136188,-0.0033685856,0.056874156,-0.03564689,4977,0,2.22422,0.37734464,-9.853338,4977,0,0,1,1
635141188,-0.0023421238,-0.007834705,0.051962234,5000,0,-1.0796871,-1.9060373,-10.028888,5000,0,0,1,1
635146211,0.0052996357,0.0069538737,0.03137675,5023,0,-1.4809239,-0.70879745,-11.94676,5023,0,0,1,1
635151188,-0.002343892,0.022361541,0.003551734,4977,0,3.046304,1.6260583,-10.559141,4977,0,0,1,1
635156188,0.00053042534,-0.068501666,0.044640664,5000,0,-3.7273276,-0.5956732,-10.08273,5000,0,0,1,1
635161211,-0.018282069,0.0036535622,0.015600238,5023,0,-0.19904958,-1.2678928,-11.611548,5023,0,0,1,1
635166188,-0.013786942,-0.042748135,0.049662217,4977,0,-1.2522117,-1.2574524,-10.816641,4977,0,0,1,1
635171188,0.042756584,-0.087363966,0.027051564,5000,0,-1.766229,0.027174866,-10.23111,5000,0,0,1,1
635176210,-0.011337487,0.030419245,-0.0128967585,5022,0,2.8665025,1.5323902,-9.825548,5022,0,0,1,1
635181188,0.037071936,-0.01052454,0.0326243,4978,0,-0.25433892,-2.1697774,-9.516958,4978,0,0,1,1
635186188,0.034818027,0.0021470939,-0.0046803104,5000,0,0.036927026,0.87742656,-9.218045,5000,0,0,1,1
635191211,0.004276105,0.059231453,0.03788931,5023,0,0.5530319,-1.5856166,-9.100885,5023,0,0,1,1
635196188,0.05522172,-0.018326843,-0.0018803423,4977,0,-0.98219335,-0.080006026,-9.19054,4977,0,0,1,1
635201188,-0.040184606,-0.021321705,-0.07147523,5000,0,-0.8592036,1.6919546,-11.990602,5000,0,0,1,1
635206210,-0.08463764,-0.004837809,0.009442232,5022,0,-0.12491274,-0.4189412,-9.3905735,5022,0,0,1,1
635211189,-0.06795291,-0.027658937,-0.007630646,4979,0,1.8123246,-3.7578871,-6.745032,4979,0,0,1,1
635216187,-0.096326485,-0.00332674,-0.021403182,4998,0,-2.3509564,2.7937565,-12.982882,4998,0,0,1,1
635221210,-0.030024955,-0.0067117405,-0.060680408,5023,0,1.6547874,-0.1932938,-11.558205,5023,0,0,1,1
635226188,-0.08343488,-0.03473392,-0.15003014,4978,0,-1.5005838,-1.1817125,-10.663198,4978,0,0,1,1
635231188,-0.09392089,-0.02122793,-0.019037565,5000,0,-0.9600032,1.5772736,-11.035999,5000,0,0,1,1
635236210,-0.12049724,0.0067471736,0.024197668,5022,0,-0.37421092,-2.8240361,-9.837316,5022,0,0,1,1
635241188,-0.1421289,0.0020927838,-0.01971081,4978,0,1.4746917,-3.1082113,-9.005701,4978,0,0,1,1
635246188,-0.10567775,-0.0046901116,-0.0059778304,5000,0,-2.20914,-1.6827223,-9.53729,5000,0,0,1,1
635251211,-0.15515171,0.010211165,-0.019056458,5023,0,-2.5617685,0.8891536,-12.159208,5023,0,0,1,1
635256188,-0.18579732,-0.005861094,0.004046545,4977,0,0.70576614,-2.0182104,-10.112018,4977,0,0,1,1
635261187,-0.23285885,-0.05944,-0.02167196,4999,0,-0.5252325,0.8398907,-11.019578,4999,0,0,1,1
635266210,-0.25606102,-0.011015072,-0.05573092,5023,0,-1.0559056,2.0681686,-9.35633,5023,0,0,1,1
635271189,-0.23166642,0.023428468,-0.051028647,4979,0,0.42031163,-2.2707317,-9.517568,4979,0,0,1,1
635276187,-0.20011929,-0.04547554,-0.048255265,4998,0,-2.3086421,-3.6718445,-9.794807,4998,0,0,1,1
635281211,-0.17516406,0.02470846,0.0049567213,5024,0,0.90712327,1.8073826,-11.225335,5024,0,0,1,1
635286188,-0.1745972,0.013820085,0.010133152,4977,0,0.9416024,-0.75901276,-9.069697,4977,0,0,1,1
635291188,-0.18204033,-0.027358599,-0.017947767,5000,0,-1.0240076,-1.7266966,-7.385822,5000,0,0,1,1
635296210,-0.13973166,0.0357975,0.01303424,5022,0,2.0690312,0.17677882,-5.9998507,5022,0,0,1,1
635301188,-0.16408493,-0.036251776,0.012050959,4978,0,-2.97486,-0.5003693,-9.757997,4978,0,0,1,1
635306187,-0.1488475,-0.06054757,0.0035270355,4999,0,-0.44926068,0.7248425,-9.811487,4999,0,0,1,1
635311211,-0.12506662,-0.03242609,-0.00917676,5024,0,1.709144,-0.21821885,-10.267032,5024,0,0,1,1
635316188,-0.10998228,-0.093866296,-0.048363924,4977,0,-1.8985903,-0.99834347,-7.7940574,4977,0,0,1,1
635321188,-0.07793002,-0.04177434,-0.018894795,5000,0,0.6762173,0.7550199,-9.024499,5000,0,0,1,1
635326210,-0.050398853,-0.00720155,0.035665344,5022,0,1.4543455,-2.0617805,-10.589432,5022,0,0,1,1
635331188,-0.021187052,-0.054473493,0.013818315,4978,0,-1.2885978,1.8975779,-9.869452,4978,0,0,1,1
635336188,-0.029448204,0.01929622,0.040214527,5000,0,0.47603697,1.3477762,-9.1915,5000,0,0,1,1
635341211,-0.013250721,0.036124174,0.06309479,5023,0,1.1164725,-0.45857218,-9.386331,5023,0,0,1,1
635346188,-0.016822746,0.002876201,0.07414223,4977,0,-1.0464772,0.5209091,-9.32541,4977,0,0,1,1
635351188,-0.027327405,0.065267645,0.0939969,5000,0,2.0168538,1.2454242,-9.603258,5000,0,0,1,1
635356210,-0.044263948,0.08108898,0.06788822,5022,0,-0.4366325,0.10303767,-9.407432,5022,0,0,1,1
635361188,-0.02738883,0.051270053,0.06376857,4978,0,-1.155572,-0.20704208,-9.409222,4978,0,0,1,1
635366188,-0.039906647,0.105442375,0.07424549,5000,0,1.1515507,-0.18698059,-9.274252,5000,0,0,1,1
635371211,-0.023584653,0.056450017,0.0683538,5023,0,-0.3570925,-0.9445161,-9.29394,5023,0,0,1,1
635376187,-0.007911371,0.06868993,0.117095426,4976,0,-4.6730824,3.3203092,-7.9000187,4976,0,0,1,1
635381188,0.01037596,0.119045936,0.09994865,5001,0,1.7351677,-0.5025469,-8.527834,5001,0,0,1,1
635386210,0.019767506,0.036018316,0.07635504,5022,0,-2.2029252,-0.23939532,-9.733056,5022,0,0,1,1
635391188,0.08932924,0.087269165,0.10600539,4978,0,0.7909095,1.0975683,-9.707783,4978,0,0,1,1
635396188,0.049489643,0.11269525,0.10566354,5000,0,1.7945727,-0.33827248,-8.908229,5000,0,0,1,1
635401213,0.13015161,0.035793982,0.12479822,5025,0,-2.7444887,-0.39887485,-10.024146,5025,0,0,1,1
635406188,0.1596915,0.09661693,0.10886056,4975,0,0.44706687,1.9324737,-10.027948,4975,0,0,1,1
635411188,0.15379317,0.061797164,0.112429656,5000,0,-0.0884798,-0.36009508,-9.59407,5000,0,0,1,1
635416210,0.15953732,0.05800302,0.13369535,5022,0,-1.0990579,-0.36865515,-9.20343,5022,0,0,1,1
635421188,0.16558139,0.08977967,0.113838494,4978,0,1.11136,0.8095928,-9.854951,4978,0,0,1,1
635426187,0.12993312,0.023448113,0.13276991,4999,0,0.8638029,0.78018177,-10.161262,4999,0,0,1,1
635431211,0.08821078,0.02082124,0.114927195,5024,0,-2.6219811,1.5900851,-11.93275,5024,0,0,1,1
635436188,0.0712465,-0.009956426,0.06544157,4977,0,0.8694192,1.0032886,-10.796677,4977,0,0,1,1
635441188,0.005196783,-0.090336934,0.076064445,5000,0,-1.2211051,2.868992,-12.124042,5000,0,0,1,1
635446210,0.011428487,-0.029255377,0.044443578,5022,0,-1.1184356,0.52210987,-10.720321,5022,0,0,1,1
635451188,0.030793488,-0.00859249,0.056708243,4978,0,1.6473404,1.259626,-10.249092,4978,0,0,1,1
635456187,0.043164622,-0.020637304,0.07455411,4999,0,-1.7622347,2.5320148,-11.797754,4999,0,0,1,1
635461211,0.007081203,0.02821557,0.032573517,5024,0,0.9934865,1.6483107,-11.414555,5024,0,0,1,1
635466188,0.019595414,-0.0025348994,0.035269167,4977,0,-0.32929724,1.7790478,-10.641194,4977,0,0,1,1
635471188,-0.021192806,0.0250442,0.013572888,5000,0,-1.0410928,2.3921144,-10.908057,5000,0,0,1,1
635476210,-0.03275239,0.05552462,-0.014257034,5022,0,2.589564,-3.145207,-9.936423,5022,0,0,1,1
635481188,-0.007369876,-0.036317285,0.03628833,4978,0,-2.0551739,0.72555006,-11.079985,4978,0,0,1,1
635486188,-0.074112736,0.018477118,-0.037016697,5000,0,0.35653076,-0.022389151,-10.339371,5000,0,0,1,1
635491210,-0.10489948,-0.056181695,-0.038144734,5022,0,-0.21997747,0.23289447,-10.710428,5022,0,0,1,1
635496188,-0.11748576,-0.053576875,-0.010395112,4978,0,-1.8400265,0.7159759,-11.352405,4978,0,0,1,1
635501188,-0.14475195,-0.023070473,-0.0085093435,5000,0,0.6113872,-2.5932004,-8.792975,5000,0,0,1,1
635506210,-0.06428053,-0.05611549,-0.0006576135,5022,0,-0.13006729,0.89508855,-9.578427,5022,0,0,1,1
635511190,-0.10515727,-0.0044075907,-0.009628667,4980,0,0.50645274,1.5396612,-9.615608,4980,0,0,1,1
635516188,-0.04667946,-0.011230313,0.0044499547,4998,0,-0.3356308,-1.7972854,-9.482219,4998,0,0,1,1
635521211,-0.037491813,0.009255131,0.0030978078,5023,0,-0.1938072,0.12335632,-9.053126,5023,0,0,1,1
635526188,-0.053108163,-0.008204614,0.019200679,4977,0,0.98083967,1.077149,-11.052204,4977,0,0,1,1
635531188,-0.07417493,0.007336632,-0.015432269,5000,0,0.52596337,1.3440932,-10.391625,5000,0,0,1,1
635536210,-0.08171919,-0.036589306,-0.07119637,5022,0,-0.86325556,2.372831,-10.831322,5022,0,0,1,1
635541188,-0.1085069,-0.049583737,-0.07741636,4978,0,-0.7259886,-0.6096949,-10.232918,4978,0,0,1,1
635546187,-0.13177317,-0.05682365,-0.15330738,4999,0,0.62115073,0.6915035,-10.729227,4999,0,0,1,1
635551211,-0.1712977,-0.09246101,-0.08567589,5024,0,-1.1487598,0.8142616,-10.479161,5024,0,0,1,1
635556187,-0.12307218,-0.03847579,-0.038276978,4976,0,0.61686087,-2.0694973,-8.887325,4976,0,0,1,1
635561188,-0.09200396,0.0480068,-0.024924053,5001,0,0.9721475,0.78550273,-10.816373,5001,0,0,1,1
635566211,-0.057177357,0.017345857,0.023565136,5023,0,-2.1948833,-1.2815317,-10.894684,5023,0,0,1,1
635571187,-0.03978454,0.051409174,0.01799865,4976,0,1.4458494,-0.8011177,-9.646987,4976,0,0,1,1
635576187,-0.07121721,0.025906617,0.016489526,5000,0,1.6762455,0.7135061,-11.78784,5000,0,0,1,1
635581211,-0.092724465,-0.003829532,0.02839201,5024,0,-1.2058835,-2.1848242,-9.232162,5024,0,0,1,1
635586187,-0.10252699,0.026691988,-0.04116873,4976,0,1.0282176,0.03934893,-8.908561,4976,0,0,1,1
635591188,-0.12962452,-0.051149625,0.013885495,5001,0,-1.2316474,0.8219032,-9.826223,5001,0,0,1,1
635596211,-0.11231879,-0.043961536,-0.0052774316,5023,0,0.11032849,-1.1479807,-9.130704,5023,0,0,1,1
635601187,-0.10123716,-0.012625398,-0.023182547,4976,0,1.3449215,-0.049414445,-8.708017,4976,0,0,1,1
635606188,-0.034414712,-0.04050583,0.009126871,5001,0,-0.8090805,-0.5418407,-8.360836,5001,0,0,1,1
635611212,0.0052519175,0.023430085,-0.011090231,5024,0,0.7263347,0.64917016,-9.638791,5024,0,0,1,1
635616187,0.016746461,0.047782406,0.05458355,4975,0,-0.6911965,0.05808737,-11.139286,4975,0,0,1,1
635621188,0.048831448,0.0016181705,0.056323268,5001,0,-2.0613434,0.08139867,-10.259346,5001,0,0,1,1
635626211,0.024156865,0.022668377,0.013836463,5023,0,0.33247095,2.608639,-8.460072,5023,0,0,1,1
635631188,0.051957116,0.04271817,0.043055054,4977,0,-0.3064344,0.2861909,-7.251384,4977,0,0,1,1
635636187,0.02414012,0.03245128,0.013375457,4999,0,-0.8450942,-0.3111007,-8.942926,4999,0,0,1,1
635641212,0.04047639,0.06296467,0.028620612,5025,0,1.2115408,-0.061308306,-8.6455555,5025,0,0,1,1
635646187,0.08442432,0.043350015,0.046818335,4975,0,-0.4638656,-0.24946097,-9.036542,4975,0,0,1,1
635651188,0.019349182,0.06670041,-0.042451113,5001,0,-0.48187196,1.2245328,-9.976948,5001,0,0,1,1
635656211,0.03266244,0.020350305,-0.04437421,5023,0,0.8784559,-1.2524544,-9.596162,5023,0,0,1,1
635661187,0.04011927,-0.013516151,-0.04329224,4976,0,-0.8797298,0.9692141,-9.457623,4976,0,0,1,1
635666188,-0.06012067,-0.0011947572,-0.05042836,5001,0,0.21863571,0.49132895,-13.289726,5001,0,0,1,1
635671213,-0.044985916,-0.089752235,-0.04284646,5025,0,1.6652278,-1.3063967,-12.462214,5025,0,0,1,1
635676187,-0.079068564,-0.11245953,-0.05143445,4974,0,-0.34807494,1.4924687,-14.478595,4974,0,0,1,1
635681188,-0.13300778,-0.057697892,-0.04493424,5001,0,0.0988488,-1.5238298,-11.268017,5001,0,0,1,1
635686211,-0.08503886,-0.07427992,0.103361316,5023,0,0.17604423,-1.2523854,-10.767707,5023,0,0,1,1
635691188,-0.13396128,0.0025448692,0.16831812,4977,0,0.21656156,-0.117279,-10.433137,4977,0,0,1,1
635696188,-0.13126595,0.028595468,0.13550484,5000,0,1.3862246,0.46488106,-11.799955,5000,0,0,1,1
635701212,-0.18951142,-0.024676718,0.12760305,5024,0,-0.31811875,-1.0352777,-10.181114,5024,0,0,1,1
635706187,-0.24746324,-0.020639626,0.12558134,4975,0,-1.2083286,0.20545809,-11.0118475,4975,0,0,1,1
635711188,-0.30378932,-0.057308614,0.1614437,5001,0,1.4258859,-0.11456122,-9.219958,5001,0,0,1,1
635716211,-0.32030508,-0.10960288,0.12493993,5023,0,-2.6713614,0.99270886,-10.663543,5023,0,0,1,1
635721187,-0.35142463,-0.11577166,0.03227644,4976,0,1.5635087,-1.0094856,-10.515864,4976,0,0,1,1
635726188,-0.30765393,-0.17611067,0.05936021,5001,0,0.20392542,-1.5712284,-9.576648,5001,0,0,1,1
635731212,-0.25155726,-0.09977536,0.10235195,5024,0,-1.1411105,0.00468908,-9.519701,5024,0,0,1,1
635736187,-0.17743874,-0.13472304,0.11195144,4975,0,0.4113313,-0.32902822,-9.212585,4975,0,0,1,1
635741188,-0.12428132,-0.12150113,0.111171454,5001,0,-1.1253916,-1.1391735,-8.841647,5001,0,0,1,1
635746211,-0.07770699,-0.09467916,0.093125075,5023,0,0.9596118,0.17182262,-10.257448,5023,0,0,1,1
635751188,-0.055096246,-0.14035064,0.14122131,4977,0,-0.5209368,-0.15865217,-8.792123,4977,0,0,1,1
635756188,-0.026366085,-0.079677135,0.12160623,5000,0,-0.8612813,-1.200214,-8.8022585,5000,0,0,1,1
635761235,0.0039939727,-0.1415882,0.09533598,5047,0,1.6025897,0.34882706,-9.082674,5047,0,0,1,1
635766187,-0.0073424904,-0.11961297,0.09324022,4952,0,-0.9320392,-0.10027382,-9.875629,4952,0,0,1,1
635771188,0.0063741333,-0.1153694,0.056930095,5001,0,1.0899414,-0.0019159726,-8.018187,5001,0,0,1,1
635776211,0.010079223,-0.13436499,0.099043734,5023,0,-1.0113009,-0.29683226,-8.181911,5023,0,0,1,1
635781188,0.030252585,-0.08412099,0.1028168,4977,0,0.93545014,-1.735975,-8.309371,4977,0,0,1,1
635786188,0.024793573,-0.10478902,0.075560264,5000,0,0.027214095,0.11643351,-7.6775236,5000,0,0,1,1
635791212,0.04173708,-0.04425064,0.11340259,5024,0,1.0147642,1.1958039,-8.528478,5024,0,0,1,1
635796190,0.050632194,-0.047646336,0.1559748,4978,0,-1.748977,-1.2609601,-9.437791,4978,0,0,1,1
635801188,0.058299527,-0.03269241,0.15690978,4998,0,-0.26671037,1.2190146,-8.305132,4998,0,0,1,1
635806211,0.05815514,0.030947665,0.1467394,5023,0,2.2338903,0.2924485,-9.326543,5023,0,0,1,1
635811188,0.08973889,0.022286082,0.14376146,4977,0,0.51582456,0.6355103,-8.918291,4977,0,0,1,1
635816188,0.03924237,0.057663187,0.13456091,5000,0,-1.9106965,0.3768587,-9.095456,5000,0,0,1,1
635821211,0.03035659,0.09041709,0.15808706,5023,0,-1.0713285,1.5696844,-9.05504,5023,0,0,1,1
635826187,0.038054854,0.08547468,0.1676159,4976,0,-0.68110883,1.9104142,-9.437308,4976,0,0,1,1
635831188,0.039122846,0.11669606,0.14072447,5001,0,-0.2744174,0.9830447,-9.985926,5001,0,0,1,1
635836211,0.04459565,0.11953072,0.17068776,5023,0,-1.5560061,-0.10451718,-9.9543495,5023,0,0,1,1
635841188,0.0963657,0.16200712,0.15777634,4977,0,0.34654206,0.743687,-8.928527,4977,0,0,1,1
635846188,0.10730176,0.16712804,0.15433827,5000,0,0.058860473,1.5052865,-10.403998,5000,0,0,1,1
635851212,0.087298974,0.12877908,0.13113898,5024,0,-2.83818,-0.61083996,-10.374412,5024,0,0,1,1
635856187,0.073231585,0.15690802,0.11263024,4975,0,0.20604356,1.5382884,-9.311564,4975,0,0,1,1
635861188,0.059845787,0.10229053,0.1561095,5001,0,-0.5425349,0.5355983,-10.070772,5001,0,0,1,1
635866211,0.054081324,0.12559222,0.1364409,5023,0,-1.5449336,1.5520352,-10.991821,5023,0,0,1,1
635871187,0.056408603,0.103614464,0.15294532,4976,0,-0.8082869,0.14094475,-9.323519,4976,0,0,1,1
635876187,0.0866629,0.10557796,0.1476588,5000,0,-0.637214,1.1227113,-10.839249,5000,0,0,1,1
635881212,0.111065984,0.021719545,0.16090487,5025,0,-1.3673106,0.12852171,-11.125038,5025,0,0,1,1
635886187,0.114154935,0.031705104,0.16949338,4975,0,-0.926013,0.5952502,-9.91114,4975,0,0,1,1
635891188,0.11948167,0.038412783,0.12817545,5001,0,-0.4635233,2.141314,-9.68377,5001,0,0,1,1
635896211,0.13217846,-0.035275787,0.12022801,5023,0,-0.8843454,0.065104954,-9.711125,5023,0,0,1,1
635901188,0.138019,-8.882167e-05,0.122464724,4977,0,0.78037345,1.3625879,-10.333893,4977,0,0,1,1
635906187,0.11112584,0.0048204293,0.12533142,4999,0,-0.7022907,0.3270574,-10.856403,4999,0,0,1,1
635911211,0.11234736,0.0046026492,0.11451733,5024,0,0.6453242,0.19219783,-9.438418,5024,0,0,1,1
635916187,0.13055441,0.020448841,0.14299646,4976,0,0.23753044,1.0304092,-9.764448,4976,0,0,1,1
635921188,0.10888195,0.064989835,0.20878483,5001,0,-2.1651726,-0.10922555,-9.700752,5001,0,0,1,1
635926211,0.1275786,0.09961124,0.17559592,5023,0,3.5243309,0.19984582,-7.184388,5023,0,0,1,1
635931187,0.08122565,0.04627544,0.18824986,4976,0,-0.8065899,0.95749927,-10.288148,4976,0,0,1,1
635936188,0.0651825,0.08117598,0.18202527,5001,0,1.0117369,0.5365476,-8.363896,5001,0,0,1,1
635941211,0.009804841,0.06828757,0.17135753,5023,0,-1.5523938,-0.70144874,-10.357407,5023,0,0,1,1
635946187,0.019435111,0.02101027,0.16803497,4976,0,-1.4967568,-0.13097665,-10.857861,4976,0,0,1,1
635951188,0.007892558,0.0067365314,0.14087352,5001,0,1.0078053,-1.0683117,-8.884706,5001,0,0,1,1
635956210,0.045359734,-0.014920635,0.14121293,5022,0,0.19958702,1.9891595,-11.130573,5022,0,0,1,1
635961188,0.033912778,-0.0067329505,0.15220372,4978,0,-1.2752653,0.34368247,-11.243048,4978,0,0,1,1
635966188,0.061822996,-0.04784167,0.16345547,5000,0,0.12795885,-0.902545,-8.710203,5000,0,0,1,1
635971211,0.10489513,-0.014635486,0.15647055,5023,0,1.0524293,1.0712326,-9.907259,5023,0,0,1,1
635976187,0.15411277,-0.04655962,0.16967808,4976,0,0.5315228,1.1851732,-11.300702,4976,0,0,1,1
635981188,0.12659574,-0.002386362,0.14496677,5001,0,-1.2994053,-0.9010326,-8.878808,5001,0,0,1,1
635986210,0.15879771,-0.018481163,0.14373146,5022,0,2.2845738,0.9371336,-9.019567,5022,0,0,1,1
635991188,0.11686184,-0.029132476,0.16651088,4978,0,-1.7756066,1.9997159,-12.9168005,4978,0,0,1,1
635996191,0.11095449,0.009009594,0.13696538,5003,0,-0.67810404,0.35612273,-8.275446,5003,0,0,1,1
636001211,0.11959006,-0.0069557233,0.12409104,5020,0,0.8097704,-0.45239326,-10.003593,5020,0,0,1,1
636006187,0.098185375,3.275472e-05,0.12906364,4976,0,0.31823695,-0.85467535,-10.100951,4976,0,0,1,1
636011188,0.08354349,0.019949256,0.11758432,5001,0,-0.05201358,1.8496927,-8.12627,5001,0,0,1,1
636016210,0.059526205,0.02839945,0.13507253,5022,0,0.7395555,0.16774243,-10.135591,5022,0,0,1,1
636021187,0.036170036,0.013023501,0.11787857,4977,0,0.08437223,-1.6038657,-9.353071,4977,0,0,1,1
636026188,0.01431896,0.04497058,0.08725623,5001,0,-0.19472821,2.2908094,-10.157793,5001,0,0,1,1
636031211,0.066998675,0.0132173905,0.08020144,5023,0,0.89125216,-0.8211449,-10.7524605,5023,0,0,1,1
636036187,0.07668585,0.031513233,0.08157879,4976,0,-1.7643278,0.42321232,-8.94394,4976,0,0,1,1
636041188,0.116307996,0.053673934,0.057730023,5001,0,2.1377487,1.717804,-10.598375,5001,0,0,1,1
636046210,0.11423812,0.04101878,0.028128056,5022,0,-1.2716116,1.127664,-9.767529,5022,0,0,1,1
636051187,0.09922284,0.032727648,0.008299554,4977,0,1.3981566,0.8600198,-9.675708,4977,0,0,1,1
636056188,0.09126186,0.00079437415,0.0421119,5001,0,0.10988559,0.8998141,-10.685041,5001,0,0,1,1
636061211,0.040488753,0.02905013,0.047739953,5023,0,-1.3820608,-0.019543873,-9.575255,5023,0,0,1,1
636066188,0.05155731,-0.021216152,0.0093410015,4977,0,1.1439538,2.2208192,-9.695542,4977,0,0,1,1
636071190,0.03218357,-0.0041043586,-0.0070965895,5002,0,0.9638261,-0.30007902,-10.589173,5002,0,0,1,1
636076211,0.028848037,-0.0024333927,0.023227224,5021,0,-1.3006558,-0.4447274,-10.120051,5021,0,0,1,1
636081188,0.05409231,-0.00030529549,0.00021796892,4977,0,1.5332307,0.69146717,-9.506813,4977,0,0,1,1
636086188,0.06764833,-0.009452939,-0.023670208,5000,0,0.23979293,0.8753093,-11.394842,5000,0,0,1,1
636091211,0.09791549,-0.013005197,-0.055570163,5023,0,0.01806124,-1.1398525,-7.976822,5023,0,0,1,1
636096187,0.082132734,0.01454276,-0.013940114,4976,0,0.90494233,0.51375204,-11.102318,4976,0,0,1,1
636101188,0.09284598,-0.0049812696,0.0013576874,5001,0,0.021694627,-1.285204,-9.24655,5001,0,0,1,1
636106210,0.09455066,-0.011887127,-0.0008216995,5022,0,-0.17404859,-0.09694305,-9.101449,5022,0,0,1,1
636111188,0.081897885,0.012288439,-0.017948536,4978,0,2.0170612,-0.7639129,-10.593093,4978,0,0,1,1
636116187,0.066624336,-0.027169364,-2.8486984e-06,4999,0,-1.3629302,-0.08669929,-8.929248,4999,0,0,1,1
636121211,0.0500133,-0.0026249955,-0.0010072757,5024,0,0.7535782,1.0176202,-9.478542,5024,0,0,1,1
636126188,0.043339066,-0.02904113,0.016425252,4977,0,-0.22700039,1.7118992,-10.8870945,4977,0,0,1,1
636131190,0.06933719,-0.013063164,-0.020672072,5002,0,-0.7442099,-1.121117,-8.085256,5002,0,0,1,1
636136210,0.08716451,-0.011757442,-0.049029253,5020,0,2.508567,-0.6555424,-10.396303,5020,0,0,1,1
636141188,0.12477341,-0.030100994,-0.045016456,4978,0,0.04114991,0.10892298,-7.628053,4978,0,0,1,1
636146188,0.10290686,0.0248089,-0.02826488,5000,0,-0.006342185,0.074100055,-10.275702,5000,0,0,1,1
636151211,0.11752683,-0.03318064,-0.024631366,5023,0,0.74504936,-0.22845368,-9.62533,5023,0,0,1,1
636156187,0.10297051,0.0054390896,-0.01111456,4976,0,-0.43782562,-0.79865354,-9.940922,4976,0,0,1,1
636161190,0.09025961,0.008089152,-0.03823842,5003,0,1.1749637,2.010523,-10.107921,5003,0,0,1,1
636166210,0.07013838,-0.037095916,-0.011376079,5020,0,-1.4532208,0.25036147,-10.862442,5020,0,0,1,1
636171188,0.039210986,0.019708347,-0.0015020993,4978,0,-0.93267363,-0.40760148,-10.1095705,4978,0,0,1,1
636176188,0.078022785,0.005987566,-0.015244374,5000,0,1.5573599,0.75590026,-9.672833,5000,0,0,1,1
636181211,0.07341098,-0.0063214595,-0.03092865,5023,0,-1.7468823,-0.55813646,-10.070828,5023,0,0,1,1
636186188,0.07864583,0.010317492,-0.0611635,4977,0,0.59672344,1.162475,-9.958291,4977,0,0,1,1
636191188,0.094244614,0.016790152,-0.011995579,5000,0,0.5125536,-0.007907969,-9.570146,5000,0,0,1,1
636196210,0.041206967,0.044651426,-0.009956794,5022,0,-1.3421469,-1.6439457,-9.923675,5022,0,0,1,1
636201188,0.08217939,-0.021098455,-0.030992795,4978,0,0.7668709,1.5648884,-10.254482,4978,0,0,1,1
636206188,0.076067485,-0.0012626653,-0.022227427,5000,0,-0.8576395,-0.32831472,-10.733752,5000,0,0,1,1
636211211,0.06331334,0.02767417,-0.037479155,5023,0,1.0607576,0.78888535,-9.684054,5023,0,0,1,1
636216188,0.05149559,-0.06531788,-0.006970823,4977,0,-1.4355681,-2.1285222,-10.218076,4977,0,0,1,1
636221188,-0.0041292864,-0.031652622,-0.042927273,5000,0,0.94428545,0.6294076,-10.691922,5000,0,0,1,1
636226210,-0.009265034,-0.044014312,-0.06618779,5022,0,0.42094487,-0.632194,-7.60191,5022,0,0,1,1
636231189,-0.0020022637,-0.044619545,-0.018611131,4979,0,-0.90322816,-0.08450157,-11.329744,4979,0,0,1,1
636236188,-0.014561041,-0.025421917,-0.041621428,4999,0,-0.27508485,-1.576666,-8.264942,4999,0,0,1,1
636241211,0.017325921,-0.06046742,-0.030703997,5023,0,0.24742368,1.6123486,-9.691104,5023,0,0,1,1
636246188,0.022102466,0.012900938,-0.06157801,4977,0,-0.5358033,-1.1710613,-9.724527,4977,0,0,1,1
636251188,0.043620117,-0.015274841,-0.066032976,5000,0,-0.023349615,0.19140275,-9.110026,5000,0,0,1,1
636256210,0.026108533,-0.00522663,-0.03627482,5022,0,-0.92328143,-1.1212305,-10.325793,5022,0,0,1,1
636261188,0.021518204,0.040607832,-0.05990881,4978,0,-0.21058407,-1.067827,-8.767735,4978,0,0,1,1
636266188,0.041941375,-0.013280984,-0.059937388,5000,0,0.55639255,1.2598853,-11.09617,5000,0,0,1,1
636271211,0.010798723,0.010993347,-0.07059223,5023,0,-1.0065616,-1.0737114,-10.932667,5023,0,0,1,1
636276188,-0.03915852,-0.008671195,-0.059002407,4977,0,-0.7690754,-1.5313262,-9.187924,4977,0,0,1,1
636281188,-0.014929598,-0.044522356,-0.020895015,5000,0,-0.26145643,1.6278509,-11.732858,5000,0,0,1,1
636286210,-0.03759147,0.0013952482,-0.063223906,5022,0,0.770618,-1.3243787,-9.704048,5022,0,0,1,1
636291188,0.007715831,-0.053604193,-0.08564792,4978,0,-1.3622475,-0.8976308,-9.695466,4978,0,0,1,1
636296188,-0.0008308358,0.0029674524,-0.09674367,5000,0,0.70231605,1.3325169,-10.3914,5000,0,0,1,1
636301211,0.008893398,-0.012726274,-0.07885435,5023,0,-0.4441452,-1.4691217,-8.583313,5023,0,0,1,1
636306188,0.0017549254,-0.0063280836,-0.073531285,4977,0,-0.72374046,0.8086558,-10.132185,4977,0,0,1,1
636311188,-0.013399386,0.033192832,-0.093247965,5000,0,0.5360977,-0.22322966,-9.639874,5000,0,0,1,1
636316210,-0.01826053,-0.0031445078,-0.08926834,5022,0,0.28339654,-0.88509184,-9.690771,5022,0,0,1,1
636321188,-0.029600196,0.024061535,-0.074190296,4978,0,-1.0453075,0.29469424,-10.248039,4978,0,0,1,1
636326188,-0.014773007,0.026561782,-0.043645326,5000,0,1.0835607,-1.0483826,-9.390199,5000,0,0,1,1
636331210,-0.038740974,-0.003718442,-0.0646216,5022,0,-0.5038049,-0.26871175,-9.912013,5022,0,0,1,1
636336188,-0.03546776,0.023254054,-0.110507764,4978,0,0.06980099,0.6023971,-9.898423,4978,0,0,1,1
636341188,-0.025375517,-0.023042584,-0.11088397,5000,0,0.45191512,-0.87787926,-9.297702,5000,0,0,1,1
636346210,-0.047931563,-0.014139935,-0.08535182,5022,0,-0.90566576,1.4277978,-10.756064,5022,0,0,1,1
636351188,-0.012007727,-0.015769126,-0.09366463,4978,0,-0.27542317,-1.522027,-10.161893,4978,0,0,1,1
636356188,-0.008523194,-0.04839842,-0.1214974,5000,0,-0.44737938,-0.28387803,-9.402867,5000,0,0,1,1
636361210,-0.010739718,-0.007548486,-0.07129608,5022,0,0.3659631,-0.2250942,-10.226827,5022,0,0,1,1
636366188,-0.029782256,-0.027564831,-0.054788653,4978,0,0.013249925,-0.69862723,-9.674103,4978,0,0,1,1
636371188,-0.042500887,-0.0043867077,-0.05745447,5000,0,-1.2139547,0.93956363,-10.997464,5000,0,0,1,1
636376210,-0.064695984,-0.010542189,-0.08639191,5022,0,1.3955178,-1.4498765,-9.304805,5022,0,0,1,1
636381188,-0.045377046,-0.022562074,-0.089125834,4978,0,-0.563136,-0.75130117,-9.968299,4978,0,0,1,1
636386187,-0.07567733,0.02806744,-0.07965442,4999,0,-0.7951101,-0.4360981,-10.937896,4999,0,0,1,1
636391211,-0.043398425,-0.013854418,-0.10251161,5024,0,-0.18210031,0.89650875,-8.831666,5024,0,0,1,1
636396188,-0.05940984,-0.01829112,-0.07751341,4977,0,-0.98057216,-0.113399275,-10.373883,4977,0,0,1,1
636401188,-0.073851556,0.00459964,-0.09117944,5000,0,0.4019176,0.3625834,-10.941486,5000,0,0,1,1
636406210,-0.0841504,-0.06738899,-0.0654097,5022,0,-1.664798,-1.9940017,-9.696246,5022,0,0,1,1
636411188,-0.100231126,-0.017513173,-0.062004954,4978,0,1.0011854,-0.49412835,-10.561963,4978,0,0,1,1
636416188,-0.10716073,-0.033399574,-0.058791902,5000,0,-0.3358957,-2.1422598,-9.462276,5000,0,0,1,1
636421211,-0.11092766,-0.041052572,-0.06678041,5023,0,-1.8798513,1.5622351,-10.785607,5023,0,0,1,1
636426187,-0.10886792,-0.0050930916,-0.10180946,4976,0,2.845282,-1.179126,-10.865299,4976,0,0,1,1
636431188,-0.084066845,-0.043804362,-0.07648571,5001,0,-0.60289377,-1.6940471,-10.346098,5001,0,0,1,1
636436210,-0.09033101,-0.005328617,-0.086261116,5022,0,-0.31429827,3.066239,-10.407972,5022,0,0,1,1
636441188,-0.08568437,0.013612075,-0.11240558,4978,0,-0.56829244,-2.4433286,-9.239952,4978,0,0,1,1
636446188,-0.08246286,-0.018092481,-0.10633622,5000,0,0.9880497,0.04807634,-10.153877,5000,0,0,1,1
636451211,-0.08948287,0.02106027,-0.07832037,5023,0,-0.9607842,0.39904118,-10.335025,5023,0,0,1,1
636456188,-0.027753819,0.007231991,-0.051000006,4977,0,-0.1343687,0.053296648,-8.275104,4977,0,0,1,1
636461188,-0.101944,-0.0054434543,-0.11504643,5000,0,-0.049088605,0.673395,-9.739586,5000,0,0,1,1
636466210,-0.072827734,-0.015791878,-0.10156021,5022,0,1.2091788,-0.21636261,-9.738298,5022,0,0,1,1
636471188,-0.10083642,-0.046820767,-0.07669399,4978,0,-0.7453002,1.335682,-8.959782,4978,0,0,1,1
636476188,-0.08721491,0.008687847,-0.08517818,5000,0,0.85392314,-1.8212881,-10.473457,5000,0,0,1,1
636481210,-0.071645685,-0.050955523,-0.10626793,5022,0,-0.489406,0.14627531,-9.935345,5022,0,0,1,1
636486188,-0.118529804,-0.07276078,-0.1695426,4978,0,-0.08346603,3.0540512,-10.420306,4978,0,0,1,1
636491188,-0.109962106,-0.056875456,-0.14013655,5000,0,0.923313,-3.445803,-8.8731575,5000,0,0,1,1
636496210,-0.14340046,-0.1105179,-0.0750233,5022,0,-1.5340849,1.4583447,-11.612535,5022,0,0,1,1
636501188,-0.16762479,-0.055932336,-0.07329883,4978,0,0.17999639,1.1197704,-10.545794,4978,0,0,1,1
636506188,-0.1362627,-0.071770035,-0.095980115,5000,0,2.0721288,-2.3575256,-11.583844,5000,0,0,1,1
636511211,-0.12627181,-0.05366204,-0.09683439,5023,0,-1.5134602,-0.38891372,-10.615333,5023,0,0,1,1
636516188,-0.13809833,-0.0041295006,-0.037014868,4977,0,-0.86795896,0.58685446,-10.640573,4977,0,0,1,1
636521188,-0.10427843,-0.007467388,-0.029272068,5000,0,1.4407916,-0.98696065,-9.4873085,5000,0,0,1,1
636526210,-0.120153196,-0.009173736,-0.08857492,5022,0,-1.6247556,0.53256726,-10.632797,5022,0,0,1,1
636531188,-0.10096812,0.019000212,-0.13417336,4978,0,0.67406696,0.1775991,-8.72525,4978,0,0,1,1
636536187,-0.13051593,-0.025047552,-0.07665579,4999,0,0.6817409,0.22749284,-8.977217,4999,0,0,1,1
636541211,-0.13623309,0.009140697,-0.032456215,5024,0,-1.0945841,-0.82967395,-8.746679,5024,0,0,1,1
636546188,-0.10865553,-0.023887238,-0.08940467,4977,0,0.27040592,-0.07271667,-9.675374,4977,0,0,1,1
636551188,-0.0966574,-0.04242509,-0.109798834,5000,0,0.17153957,0.59707195,-11.54159,5000,0,0,1,1
636556210,-0.07730103,-0.04731181,-0.08155581,5022,0,0.14044414,-1.8716589,-10.242335,5022,0,0,1,1
636561188,-0.049585655,-0.056711834,-0.028783778,4978,0,-0.2733614,1.342213,-9.755918,4978,0,0,1,1
636566188,-0.032304086,-0.029864566,-0.060149305,5000,0,-0.34777716,-0.24063054,-10.118601,5000,0,0,1,1
636571211,-0.023991587,-0.026046665,-0.12124087,5023,0,1.6030908,-0.6218708,-10.669952,5023,0,0,1,1
636576188,-0.020801079,-0.08401312,-0.10616177,4977,0,-0.77103525,1.6066164,-11.176726,4977,0,0,1,1
636581188,-0.007977745,-0.009442298,-0.08624487,5000,0,-0.8634268,-0.013488203,-9.839398,5000,0,0,1,1
636586210,0.049398143,-0.03408013,-0.10380494,5022,0,0.79059637,-3.547697,-9.377156,5022,0,0,1,1
636591188,0.035018507,-0.09375071,-0.12388625,4978,0,-0.18090145,1.683791,-8.444895,4978,0,0,1,1
636596190,0.036210254,-0.017296487,-0.12929809,5002,0,-0.437138,-1.0114908,-10.865626,5002,0,0,1,1
636601210,0.08305209,-0.04823417,-0.104470804,5020,0,0.9021439,-1.2214211,-9.656182,5020,0,0,1,1
636606188,0.04218373,-0.0715929,-0.080876596,4978,0,-0.74814683,1.3186102,-12.573404,4978,0,0,1,1
636611189,0.025557732,-0.036896385,-0.121533,5001,0,2.0462425,-2.7597573,-8.059057,5001,0,0,1,1
636616210,0.068033375,-0.09096946,-0.12292774,5021,0,-0.6121349,1.3728703,-10.10779,5021,0,0,1,1
636621188,0.038994133,-0.041004412,-0.10444771,4978,0,-1.5671142,1.4442186,-9.877502,4978,0,0,1,1
636626188,0.010792987,-0.0427475,-0.08318673,5000,0,1.3407428,-2.1659951,-9.933534,5000,0,0,1,1
636631211,0.054553743,-0.081603624,-0.11994726,5023,0,-1.1890279,-0.021740891,-10.39279,5023,0,0,1,1
636636188,0.018670568,-0.047226775,-0.17653736,4977,0,0.27501315,0.4690592,-9.8141165,4977,0,0,1,1
636641188,0.0981726,-0.024043098,-0.16523212,5000,0,0.44436082,-0.60123694,-10.918199,5000,0,0,1,1
636646213,0.019762322,-0.09851324,-0.22091386,5025,0,-1.1380801,1.4090788,-12.104133,5025,0,0,1,1
636651187,0.0066049285,-0.080204725,-0.20527996,4974,0,0.31663492,0.31118882,-10.653416,4974,0,0,1,1
636656187,0.009079908,-0.1070048,-0.15795499,5000,0,0.7362151,0.035235133,-9.934205,5000,0,0,1,1
636661211,-0.010740397,-0.112755574,-0.16447425,5024,0,-0.9211523,-1.0335208,-11.963653,5024,0,0,1,1
636666188,-0.022100432,-0.10992547,-0.14179128,4977,0,-0.7082031,0.45887837,-10.318915,4977,0,0,1,1
636671188,-0.065607525,-0.16284654,-0.15102607,5000,0,0.88729125,1.8683115,-11.30533,5000,0,0,1,1
636676210,-0.055168137,-0.118204705,-0.14957045,5022,0,-0.30056134,-2.1431386,-10.653285,5022,0,0,1,1
636681189,-0.0688581,-0.15518495,-0.1174077,4979,0,-0.3667919,-0.27897537,-11.204934,4979,0,0,1,1
636686187,-0.12519376,-0.13732159,-0.16194464,4998,0,-1.9284621,0.7464274,-9.740896,4998,0,0,1,1
636691211,-0.11378204,-0.09000856,-0.19644634,5024,0,0.21209306,-1.9030982,-9.792426,5024,0,0,1,1
636696188,-0.07537864,-0.15778811,-0.13662522,4977,0,-0.7976995,-0.31865382,-10.417685,4977,0,0,1,1
636701188,-0.046757687,-0.12411138,-0.14864953,5000,0,-0.72360003,0.69707704,-10.132311,5000,0,0,1,1
636706210,0.007583858,-0.10568885,-0.15472604,5022,0,0.09023472,-5.8822603,-9.67631,5022,0,0,1,1
636711188,-0.003613544,-0.118414685,-0.1261368,4978,0,-1.817897,0.6028077,-9.7489395,4978,0,0,1,1
636716186,0.022568917,-0.100091115,-0.12693828,4998,0,-0.12582928,-0.8577517,-9.848168,4998,0,0,1,1
636721211,0.050989494,-0.07770842,-0.11610586,5025,0,1.6474206,-0.6622441,-10.546128,5025,0,0,1,1
636726188,0.0024642353,-0.06828119,-0.15502551,4977,0,-2.3436735,-0.46379042,-9.9152565,4977,0,0,1,1
636731188,0.08558699,-0.07806751,-0.1429979,5000,0,-1.386559,-1.8619345,-10.563855,5000,0,0,1,1
636736210,0.10577673,-0.0975513,-0.13349272,5022,0,0.81375414,0.35440925,-10.664726,5022,0,0,1,1
636741188,0.11349787,-0.07598184,-0.20013317,4978,0,-0.19715314,0.53183424,-9.324344,4978,0,0,1,1
636746187,0.1685411,-0.02252212,-0.16162825,4999,0,-0.55754197,-0.35968947,-10.764814,4999,0,0,1,1
636751211,0.14625502,-0.075968534,-0.16056193,5024,0,0.5308842,1.0792719,-12.6447115,5024,0,0,1,1
636756188,0.14605227,-0.0904932,-0.24963953,4977,0,-0.34310699,-1.014232,-9.897234,4977,0,0,1,1
636761193,0.1584545,-0.0900296,-0.22259791,5005,0,-1.5164702,0.64120984,-11.974911,5005,0,0,1,1
636766210,0.113480784,-0.09261443,-0.15056542,5017,0,0.7195652,-0.1474031,-11.621825,5017,0,0,1,1
636771189,0.15112364,-0.16540106,-0.101971716,4979,0,-1.4202597,-1.526115,-10.9996195,4979,0,0,1,1
636776187,0.097749494,-0.12281121,-0.13979702,4998,0,1.0850627,0.74846274,-12.28785,4998,0,0,1,1
636781211,0.083853334,-0.14093725,-0.16937162,5024,0,-0.20292899,-1.7499362,-10.410553,5024,0,0,1,1
636786188,0.111916974,-0.12534396,-0.10773933,4977,0,-1.7080185,-0.38946033,-10.4992075,4977,0,0,1,1
636791188,0.106367886,-0.13989569,-0.090074226,5000,0,0.7709051,-0.49234256,-13.020426,5000,0,0,1,1
636796210,0.076826595,-0.13442588,-0.15751982,5022,0,-0.9172116,0.91792196,-10.588995,5022,0,0,1,1
636801188,0.1311676,-0.13181862,-0.17456996,4978,0,-0.05306841,-0.027145524,-10.716691,4978,0,0,1,1
636806187,0.100758605,-0.074372225,-0.13948561,4999,0,0.038902767,-0.25255287,-10.646645,4999,0,0,1,1
636811211,0.10379099,-0.09732926,-0.16039123,5024,0,-1.5340909,-0.09665795,-11.38247,5024,0,0,1,1
636816188,0.13060634,-0.048229735,-0.16977523,4977,0,-0.8382673,-0.19357285,-9.495294,4977,0,0,1,1
636821187,0.12506658,-0.048917707,-0.16994525,4999,0,-1.0034195,0.08564375,-9.602786,4999,0,0,1,1
636826210,0.11188614,-0.07089963,-0.13816893,5023,0,-0.17128311,0.40515396,-11.904011,5023,0,0,1,1
636831188,0.10622175,-0.021423392,-0.120684974,4978,0,0.3588284,-1.7340906,-8.958544,4978,0,0,1,1
636836187,0.09227434,0.0101572685,-0.09711636,4999,0,0.72834635,0.7292434,-10.707399,4999,0,0,1,1
636841210,0.13640107,-0.04568968,-0.110923976,5023,0,-1.2603303,-2.1396656,-9.847548,5023,0,0,1,1
636846188,0.12827788,0.007881105,-0.11404744,4978,0,0.9856827,1.6304498,-9.159861,4978,0,0,1,1
636851188,0.14551625,0.02879669,-0.097439386,5000,0,-0.2556278,-0.27569357,-10.351413,5000,0,0,1,1
636856210,0.16704252,0.02217425,-0.13420773,5022,0,-0.939625,-1.44356,-9.883707,5022,0,0,1,1
636861188,0.1641509,0.0067156493,-0.16813482,4978,0,0.5591415,2.2671893,-10.208022,4978,0,0,1,1
636866186,0.18126905,0.06302379,-0.13146888,4998,0,-0.57813835,-1.7832036,-8.705381,4998,0,0,1,1
636871211,0.22388022,0.06388457,-0.12550864,5025,0,-1.1706474,0.51987326,-10.979088,5025,0,0,1,1
636876188,0.2190386,0.05867165,-0.12542772,4977,0,1.7230603,0.58191824,-9.677061,4977,0,0,1,1
636881188,0.20829406,0.10599744,-0.085777394,5000,0,-1.101077,-0.5805281,-9.137561,5000,0,0,1,1
636886210,0.2703434,0.115951166,-0.0818533,5022,0,1.1599736,-1.7979364,-9.131801,5022,0,0,1,1
636891189,0.27218008,0.12491084,-0.056072038,4979,0,-0.23415492,1.5221944,-10.142382,4979,0,0,1,1
636896186,0.2549236,0.17579538,-0.05110864,4997,0,-0.60297537,0.18922146,-9.443648,4997,0,0,1,1
636901211,0.24459817,0.17279616,-0.10034681,5025,0,-0.35571626,0.27538323,-9.634576,5025,0,0,1,1
636906188,0.24692807,0.1726151,-0.08642012,4977,0,0.011215723,-0.8154445,-9.397559,4977,0,0,1,1
636911188,0.2596199,0.22738722,-0.08082519,5000,0,0.67293924,-1.0351888,-9.485559,5000,0,0,1,1
636916210,0.25598952,0.21681836,-0.100011855,5022,0,-2.2187004,0.61576104,-9.651384,5022,0,0,1,1
636921188,0.18366434,0.2158993,-0.08743027,4978,0,0.60643625,-2.983385,-10.568099,4978,0,0,1,1
636926187,0.22799164,0.24028428,-0.100775406,4999,0,-0.38468602,-1.5894642,-8.997765,4999,0,0,1,1
636931211,0.16267665,0.20004022,-0.11470339,5024,0,-0.6002393,1.3005842,-11.311104,5024,0,0,1,1
636936188,0.095146954,0.16162479,-0.10281065,4977,0,-0.646208,-0.15610375,-10.266298,4977,0,0,1,1
636941188,0.07876365,0.19457847,-0.07724352,5000,0,0.6109891,-1.7878603,-8.521404,5000,0,0,1,1
636946210,0.0576556,0.16403927,-0.048359606,5022,0,0.31867576,0.096792616,-10.042176,5022,0,0,1,1
636951188,0.0041828337,0.15016039,-0.06775436,4978,0,-1.7330543,0.960068,-10.092948,4978,0,0,1,1
636956187,0.0006093834,0.17799328,-0.060113236,4999,0,1.7287366,-1.1614507,-8.959815,4999,0,0,1,1
636961211,-0.008617356,0.14879751,-0.056380115,5024,0,-1.049858,-0.040944856,-9.298694,5024,0,0,1,1
636966188,-0.007832455,0.15521683,-0.05758829,4977,0,-0.41745898,-0.25695327,-9.716507,4977,0,0,1,1
636971187,-0.009181985,0.16665444,-0.080555275,4999,0,-0.6503561,0.50338566,-8.186008,4999,0,0,1,1
636976210,-0.0550168,0.11888555,-0.1466357,5023,0,-2.0675604,-0.07318008,-11.159406,5023,0,0,1,1
636981188,-0.052100156,0.11502038,-0.15030742,4978,0,0.89436144,0.3794872,-9.827578,4978,0,0,1,1
636986187,-0.086613335,0.11009486,-0.08129818,4999,0,-0.46417966,0.32654026,-10.4998865,4999,0,0,1,1
636991211,-0.13660094,0.051340558,-0.073998764,5024,0,-1.9527347,-2.2273908,-10.915939,5024,0,0,1,1
636996188,-0.110952936,0.06091554,-0.080603845,4977,0,0.100645304,2.143385,-9.3407135,4977,0,0,1,1
637001190,-0.119637296,0.0928069,-0.077169344,5002,0,1.5554783,0.17941034,-9.121358,5002,0,0,1,1
637006210,-0.1632778,0.06468534,-0.029276503,5020,0,-1.3405243,-2.314206,-8.537082,5020,0,0,1,1
637011188,-0.11729404,0.030749178,-0.015550758,4978,0,-0.22082339,1.261891,-10.001465,4978,0,0,1,1
637016187,-0.11592752,0.07694271,-0.044887926,4999,0,-0.24127282,-0.9358157,-9.02775,4999,0,0,1,1
637021211,-0.13319626,0.07921015,-0.071145184,5024,0,0.22895397,-1.1016496,-7.0256286,5024,0,0,1,1
637026188,-0.097259395,0.057124868,-0.04812967,4977,0,-0.9324576,0.47249156,-9.858866,4977,0,0,1,1
637031187,-0.10331505,0.067288764,-0.035653792,4999,0,-0.088136576,-0.548668,-8.325947,4999,0,0,1,1
637036210,-0.057952635,0.09604095,-0.048278194,5023,0,0.23697545,0.17175314,-8.902271,5023,0,0,1,1
637041188,-0.033073846,0.06956343,-0.049018912,4978,0,-0.26985484,0.18882969,-9.036696,4978,0,0,1,1
637046187,-0.016644878,0.09647527,-0.008166084,4999,0,0.20057857,-0.20120102,-9.556749,4999,0,0,1,1
637051211,0.0003478878,0.099934794,-0.000289013,5024,0,-0.48065162,-0.41577163,-8.666784,5024,0,0,1,1
637056188,0.021306679,0.11798523,0.01798994,4977,0,-1.2632483,0.26034772,-9.056992,4977,0,0,1,1
637061187,0.0670203,0.11749283,0.00036040568,4999,0,0.9459835,-0.47753197,-8.809024,4999,0,0,1,1
637066210,0.081116915,0.1164966,-0.006234966,5023,0,-0.55407304,0.8611911,-9.8703785,5023,0,0,1,1
637071188,0.13723831,0.11591517,0.006166482,4978,0,-0.34492528,-1.9934101,-9.663366,4978,0,0,1,1
637076187,0.1293239,0.12569198,0.005247292,4999,0,1.1422269,-1.3804395,-8.388843,4999,0,0,1,1
637081211,0.13320777,0.1299347,-0.017042931,5024,0,-1.8344682,0.9913023,-10.089377,5024,0,0,1,1
637086188,0.17103516,0.14281523,-0.018565647,4977,0,-0.012851765,-0.9446218,-8.715511,4977,0,0,1,1
637091188,0.21152133,0.12897654,0.0028096882,5000,0,0.004937447,-0.71328217,-8.542111,5000,0,0,1,1
637096211,0.19882885,0.13037632,0.030743921,5023,0,0.84770834,-0.32883143,-10.1732435,5023,0,0,1,1
637101188,0.21663095,0.11316595,0.035853356,4977,0,-1.3858522,-0.7840701,-8.764354,4977,0,0,1,1
637106187,0.25132406,0.13374187,0.010999908,4999,0,0.0219485,0.20037581,-9.003894,4999,0,0,1,1
637111211,0.23184408,0.12748674,-0.012944314,5024,0,0.99510956,0.4318724,-9.451907,5024,0,0,1,1
637116188,0.24590413,0.10987996,0.01563,4977,0,-1.5655003,0.37260404,-9.513824,4977,0,0,1,1
637121188,0.25208494,0.13810205,0.015661929,5000,0,-0.034835387,3.009553,-10.234835,5000,0,0,1,1
637126213,0.25296515,0.116045535,-0.036257174,5025,0,0.49282634,-1.1528714,-8.997065,5025,0,0,1,1
637131188,0.24172705,0.13373531,-0.009467785,4975,0,-1.0817388,-0.2153135,-9.013425,4975,0,0,1,1
637136186,0.23820266,0.13493876,0.027881423,4998,0,0.19423287,1.6985093,-9.472483,4998,0,0,1,1
637141211,0.2607718,0.15379328,0.018227983,5025,0,-0.15766829,-3.2053707,-8.526338,5025,0,0,1,1
637146188,0.24442638,0.1257134,0.019664831,4977,0,-0.56082124,0.85981745,-9.178959,4977,0,0,1,1
637151187,0.22397874,0.14578123,0.05696267,4999,0,0.9973031,1.4616219,-9.708322,4999,0,0,1,1
637156211,0.2176621,0.13298151,0.044175163,5024,0,-0.67890996,-1.4060619,-8.688761,5024,0,0,1,1
637161188,0.2226576,0.13400578,0.023041252,4977,0,-0.3226527,0.16448072,-9.592657,4977,0,0,1,1
637166187,0.20419173,0.13699585,0.0144942375,4999,0,0.9427003,0.50984937,-9.252317,4999,0,0,1,1
637171211,0.14698043,0.14070477,0.0021135246,5024,0,-1.8498795,1.0005207,-10.654393,5024,0,0,1,1
637176188,0.1658581,0.114302985,0.008861405,4977,0,-0.93582696,-0.2452403,-10.051026,4977,0,0,1,1
637181188,0.1561809,0.13740313,0.020548752,5000,0,1.5044504,-0.40692872,-8.824888,5000,0,0,1,1
637186211,0.122584045,0.13177894,0.035960607,5023,0,-0.34330583,-0.48333997,-9.60308,5023,0,0,1,1
637191188,0.13461417,0.11869342,0.029826688,4977,0,-1.9043534,-0.43698224,-10.337531,4977,0,0,1,1
637196187,0.13448958,0.11066854,0.032717872,4999,0,-0.61221397,-0.82669914,-9.813823,4999,0,0,1,1
637201211,0.10464082,0.13863201,0.064349465,5024,0,0.10394885,0.34338424,-9.362801,5024,0,0,1,1
637206188,0.10225175,0.112623185,0.04872138,4977,0,-0.9121796,0.06854598,-9.953004,4977,0,0,1,1
637211187,0.10107086,0.084965676,0.04734068,4999,0,1.2191142,0.14129238,-10.499598,4999,0,0,1,1
637216211,0.070043564,0.11156153,0.022761803,5024,0,-2.1868382,-0.95259124,-8.732372,5024,0,0,1,1
637221188,0.10429875,0.0809683,0.041879233,4977,0,1.0810801,1.1410246,-11.040982,4977,0,0,1,1
637226187,0.061919563,0.069581725,0.04378848,4999,0,-0.31489003,0.26465252,-9.676564,4999,0,0,1,1
637231211,0.064124435,0.08098347,0.02013934,5024,0,0.2148214,0.17945856,-9.57899,5024,0,0,1,1
637236188,0.062833786,0.056965444,0.033975743,4977,0,0.26306415,-1.439413,-9.796846,4977,0,0,1,1
637241187,0.05866821,0.07297279,0.048519842,4999,0,-1.204308,-0.09648529,-8.7198925,4999,0,0,1,1
637246211,0.044145487,0.06177039,0.06216668,5024,0,0.87805665,1.3523067,-10.69352,5024,0,0,1,1
637251188,0.03658915,0.034584902,0.042935066,4977,0,0.0010787444,-1.1920223,-9.210402,4977,0,0,1,1
637256187,0.039210796,0.039788846,0.04553554,4999,0,-1.4462409,-0.1873783,-9.933439,4999,0,0,1,1
637261205,0.03042096,0.049369067,0.06033003,5018,0,-0.21624972,-0.28705987,-10.443158,5018,0,0,1,1
637266188,0.007244386,0.025369791,0.055770773,4983,0,-0.6786803,0.5134256,-9.468278,4983,0,0,1,1
637271188,0.016429748,0.018967181,0.038880687,5000,0,1.0284454,1.2427038,-10.028227,5000,0,0,1,1
637276211,0.006966126,0.03182695,0.015514558,5023,0,-0.61850274,-2.118712,-8.0583105,5023,0,0,1,1
637281188,0.0059673274,0.0088387085,0.055934884,4977,0,0.02912951,1.8881333,-10.841759,4977,0,0,1,1
637286186,-0.011986273,-0.012016761,0.04942885,4998,0,-0.16366172,-1.0943847,-9.574107,4998,0,0,1,1
637291212,0.0034416553,-0.01624281,0.041363124,5026,0,-0.42865825,-0.4268035,-9.486658,5026,0,0,1,1
637296189,-0.014567486,-0.020651415,0.04284271,4977,0,0.38850954,-1.1544203,-9.930864,4977,0,0,1,1
637301188,-0.035099816,-0.022078292,0.06861921,4999,0,-1.7385201,1.2981386,-10.005101,4999,0,0,1,1
637306210,-0.029053064,-0.040079415,0.06232549,5022,0,1.4188801,0.058131076,-10.79679,5022,0,0,1,1
637311189,-0.03699537,-0.033956997,0.024258519,4979,0,-0.25165984,-1.3946879,-8.8649845,4979,0,0,1,1
637316186,-0.062446527,-0.027010558,0.03995026,4997,0,-0.4973816,1.0201713,-9.611556,4997,0,0,1,1
637321211,-0.06411704,-0.009369016,0.036121204,5025,0,-0.10580779,-1.0723995,-9.607072,5025,0,0,1,1
637326188,-0.049365543,-0.034419872,0.06286165,4977,0,-0.49883118,0.19386913,-10.353574,4977,0,0,1,1
637331187,-0.0775321,-0.022032788,0.03485973,4999,0,0.040374972,-1.6644804,-8.7405615,4999,0,0,1,1
637336211,-0.06476708,0.0056959777,0.05338039,5024,0,-0.87857115,0.9171401,-8.762743,5024,0,0,1,1
637341188,-0.0711392,-0.034314018,0.06463365,4977,0,0.737959,-1.9880834,-9.416051,4977,0,0,1,1
637346187,-0.07455098,-0.031980895,0.05713946,4999,0,0.45493016,-0.28706893,-10.767064,4999,0,0,1,1
637351211,-0.08584221,-0.005183523,0.05158739,5024,0,-1.1174943,1.0833164,-9.51872,5024,0,0,1,1
637356187,-0.08428481,-0.034247186,0.051669247,4976,0,0.054425478,-0.47315678,-9.713887,4976,0,0,1,1
637361187,-0.07205753,-0.03882843,0.06048563,5000,0,-0.19956526,-0.424782,-10.272697,5000,0,0,1,1
637366211,-0.05993508,-0.017883357,0.048784938,5024,0,0.04724989,0.0652415,-10.131159,5024,0,0,1,1
637371187,-0.045716677,-0.0225875,0.05259782,4976,0,0.21767876,0.90941983,-10.037858,4976,0,0,1,1
637376187,-0.04848667,-0.03940596,0.04807348,5000,0,0.47391,-2.6543543,-9.707517,5000,0,0,1,1
637381213,-0.0227409,-0.025012672,0.045522816,5026,0,-1.123126,1.776717,-10.104127,5026,0,0,1,1
637386186,-0.000626614,-0.03209054,0.03192811,4973,0,0.8513674,0.09785672,-10.475143,4973,0,0,1,1
637391188,-0.0013012739,-0.021979973,0.045946874,5002,0,-1.0897472,-2.136957,-9.336253,5002,0,0,1,1
637396211,0.016846195,-0.021586107,0.059783984,5023,0,0.065919794,1.161151,-10.2891655,5023,0,0,1,1
637401188,0.03171334,-0.03521002,0.052202612,4977,0,0.2906027,-1.0936414,-10.407146,4977,0,0,1,1
637406187,0.044767268,-0.01835478,0.053294946,4999,0,-0.77083755,0.67441434,-9.646205,4999,0,0,1,1
637411213,0.044500787,-0.0030065384,0.04094513,5026,0,0.12727924,0.45561004,-10.68465,5026,0,0,1,1
637416187,0.027425021,-0.04258755,0.058710787,4974,0,0.369109,-2.0402253,-10.370855,4974,0,0,1,1
637421188,0.030852694,-0.02601771,0.055768114,5001,0,-1.6261157,1.6320902,-9.383242,5001,0,0,1,1
637426211,0.06749132,-0.007574946,0.046838682,5023,0,1.4290084,-0.22471905,-10.412341,5023,0,0,1,1
637431188,0.04794234,-0.008992725,0.039174993,4977,0,-0.57489365,-0.59388775,-10.057659,4977,0,0,1,1
637436187,0.037720915,-0.04300162,0.04879277,4999,0,0.16360047,0.024153827,-10.313978,4999,0,0,1,1
637441212,0.028504685,-0.030392803,0.05433906,5025,0,0.2019743,-0.35789442,-9.909836,5025,0,0,1,1
637446187,0.047763083,-0.038249955,0.05959721,4975,0,0.26677734,0.025256788,-10.2453,4975,0,0,1,1
637451187,0.024798125,-0.030318968,0.03891184,5000,0,-1.4167594,0.30544806,-9.537151,5000,0,0,1,1
637456211,0.00951679,-0.051003125,0.071898036,5024,0,1.0183187,0.50422525,-10.993875,5024,0,0,1,1
637461188,0.0002903799,-0.065258354,0.064464815,4977,0,-1.0883049,-2.2071955,-9.75221,4977,0,0,1,1
637466188,0.013465352,-0.06400129,0.063828856,5000,0,0.07456954,2.337885,-11.025379,5000,0,0,1,1
637471212,-0.0041434397,-0.049014073,0.04882813,5024,0,1.204108,-1.0522882,-10.12587,5024,0,0,1,1
637476187,-0.027200012,-0.06889475,0.06938735,4975,0,-2.2917914,0.13044742,-10.724222,4975,0,0,1,1
637481188,-0.039329246,-0.0893456,0.08979553,5001,0,0.6292288,0.7727697,-10.724818,5001,0,0,1,1
637486211,-0.016089873,-0.06955083,0.0519903,5023,0,-0.38340276,-1.4894328,-9.213971,5023,0,0,1,1
637491187,-0.017760577,-0.07088689,0.04322253,4976,0,-0.74451035,-0.6637257,-9.557221,4976,0,0,1,1
637496188,-0.042871006,-0.072378,0.08531999,5001,0,1.09742,0.87158674,-11.495236,5001,0,0,1,1
637501212,-0.040143974,-0.06974185,0.071083225,5024,0,-1.2369599,-0.39615026,-9.703241,5024,0,0,1,1
637506187,-0.0027144053,-0.072991066,0.07441136,4975,0,-0.71725214,-1.2260044,-10.06969,4975,0,0,1,1
637511188,0.014925049,-0.06896467,0.060102757,5001,0,1.8054103,0.317337,-9.86316,5001,0,0,1,1
637516211,0.0038245912,-0.05196841,0.06592265,5023,0,-1.0304041,-0.4149411,-9.969427,5023,0,0,1,1
637521187,-0.0069227717,-0.058157876,0.077652246,4976,0,-1.0550342,1.1549491,-11.14037,4976,0,0,1,1
637526187,0.020783564,-0.08207792,0.060331576,5000,0,-0.50841975,-1.5572746,-9.672923,5000,0,0,1,1
637531212,0.038931105,-0.057075508,0.067279816,5025,0,-0.019184832,0.6568351,-10.04675,5025,0,0,1,1
637536187,0.014370892,-0.06338574,0.06184929,4975,0,0.4261587,0.1707758,-11.18066,4975,0,0,1,1
637541188,0.0012898041,-0.054751243,0.05432175,5001,0,-0.61981845,0.70200443,-10.82047,5001,0,0,1,1
637546211,0.014345491,-0.066546105,0.084754385,5023,0,-1.9283432,-0.07697722,-10.389943,5023,0,0,1,1
637551188,0.008460349,-0.07153013,0.032963112,4977,0,1.0723262,-0.3789317,-10.893139,4977,0,0,1,1
637556187,-0.045753486,-0.08548145,0.018390095,4999,0,-0.044539414,-1.2832034,-9.50678,4999,0,0,1,1
637561211,-0.044843595,-0.079344675,0.067494735,5024,0,-0.7437199,2.5543091,-10.755402,5024,0,0,1,1
637566187,-0.093818955,-0.06743169,0.053125884,4976,0,0.17933643,-0.48726466,-10.729789,4976,0,0,1,1
637571188,-0.07554561,-0.10784377,0.053058222,5001,0,0.25114596,-2.9002576,-9.923634,5001,0,0,1,1
637576211,-0.057811547,-0.09986329,0.042613264,5023,0,-1.3351777,1.3682842,-9.813718,5023,0,0,1,1
637581188,-0.09979883,-0.0707449,0.054076064,4977,0,1.4217474,0.5516585,-10.176842,4977,0,0,1,1
637586188,-0.1400327,-0.08319853,0.071807936,5000,0,1.0612628,0.2530803,-9.792237,5000,0,0,1,1
637591211,-0.106153935,-0.056235984,0.051207114,5023,0,-2.8469992,0.45988712,-9.625422,5023,0,0,1,1
637596187,-0.08688584,-0.07336343,0.033906206,4976,0,1.4748626,-0.8026549,-10.182586,4976,0,0,1,1
637601188,-0.08632597,-0.075316824,0.042062264,5001,0,0.9581463,-2.1489787,-9.6597805,5001,0,0,1,1
637606211,-0.09600145,-0.030098187,0.056965236,5023,0,-1.8748167,2.0935433,-9.828739,5023,0,0,1,1
637611187,-0.08046395,-0.0281584,0.06519026,4976,0,0.9511145,-0.27059454,-10.283396,4976,0,0,1,1
637616188,-0.054944314,-0.063311115,0.044852283,5001,0,-0.50477296,-2.2936282,-9.938647,5001,0,0,1,1
637621212,-0.056131296,-0.046967186,0.047912654,5024,0,-0.73403907,0.6454591,-10.145199,5024,0,0,1,1
637626186,-0.054453246,-0.02776275,0.05609798,4974,0,0.5827065,-0.24735633,-9.642569,4974,0,0,1,1
637631188,-0.03059301,-0.029348627,0.06406756,5002,0,-0.39216104,0.51045614,-9.752394,5002,0,0,1,1
637636211,-0.038716853,-0.018662697,0.03954348,5023,0,-0.037461802,-1.0679852,-11.097617,5023,0,0,1,1
637641188,-0.038183186,-0.06657524,0.023455802,4977,0,-0.60155874,0.21895126,-10.146944,4977,0,0,1,1
637646188,-0.026793059,-0.04420592,0.028975736,5000,0,-0.37144276,0.40501738,-9.582841,5000,0,0,1,1
637651211,-0.0051213624,-0.024869945,0.050438404,5023,0,1.8106852,-1.4327866,-9.505621,5023,0,0,1,1
637656187,-0.01711369,-0.037100136,0.03136085,4976,0,-2.5841358,0.47272065,-11.005668,4976,0,0,1,1
637661188,-0.0470342,-0.04809538,0.014636862,5001,0,-0.39000967,0.88411015,-10.334515,5001,0,0,1,1
637666211,-0.021916652,-0.046519026,0.029269602,5023,0,0.043656208,-0.5718115,-9.850416,5023,0,0,1,1
637671188,-0.024276698,-0.025554948,0.040549055,4977,0,-0.31650624,-0.7633505,-9.677835,4977,0,0,1,1
637676192,-0.04253891,-0.045765914,0.04831383,5004,0,1.3417894,-0.9037468,-10.012347,5004,0,0,1,1
637681211,-0.025177797,-0.017510269,0.0084552355,5019,0,-2.4040637,0.22540824,-9.525985,5019,0,0,1,1
637686187,-0.011066374,-0.046998203,0.016676685,4976,0,1.1873477,0.63590366,-11.20813,4976,0,0,1,1
637691188,-0.03537906,-0.028645795,0.03648571,5001,0,-0.53871083,-1.0748452,-8.106478,5001,0,0,1,1
637696212,-0.036858957,-0.03517082,0.01665332,5024,0,-0.30412072,0.6499256,-10.432985,5024,0,0,1,1
637701188,-0.010176601,-0.044713344,0.013137483,4976,0,-0.9054841,-0.9148771,-9.439941,4976,0,0,1,1
637706188,-0.0045589744,-0.042083412,0.013695557,5000,0,0.90033364,0.60766476,-10.342296,5000,0,0,1,1
637711211,-0.019818602,-0.024483144,0.026849283,5023,0,-0.7188053,-2.2640538,-9.48504,5023,0,0,1,1
637716187,-0.014767449,-0.038115732,0.050421648,4976,0,-1.683206,1.8356359,-9.92926,4976,0,0,1,1
637721188,-0.020650072,-0.03521162,0.008411547,5001,0,1.8831422,-0.22059011,-9.986683,5001,0,0,1,1
637726210,0.001618178,-0.025219578,0.01133097,5022,0,-1.224896,-0.44187668,-9.837734,5022,0,0,1,1
637731188,-0.024239998,-0.026811682,0.03571533,4978,0,-0.022661213,0.09698002,-9.965747,4978,0,0,1,1
637736188,-0.040953226,-0.037293237,0.034483507,5000,0,-0.5696611,0.19574435,-9.490051,5000,0,0,1,1
637741212,-0.010149772,-0.03463267,0.01795246,5024,0,-0.011812229,-0.32303137,-10.600489,5024,0,0,1,1
637746187,-0.0067139734,-0.032012902,-0.01344489,4975,0,0.07730977,-0.45802936,-9.35611,4975,0,0,1,1
637751188,-0.0027345992,-0.035409838,0.019177383,5001,0,-1.0526693,0.6669471,-9.900059,5001,0,0,1,1
637756210,-0.020606924,-0.046746854,0.03464185,5022,0,0.5551801,-0.3888329,-10.488552,5022,0,0,1,1
637761206,-0.037965126,-0.057232495,0.015367523,4996,0,-0.28309348,0.5315152,-9.672062,4996,0,0,1,1
637766188,0.003956228,-0.040260717,-0.009529406,4982,0,-1.6636736,-0.61672884,-9.100462,4982,0,0,1,1
637771211,0.012333913,-0.040119927,0.019924691,5023,0,2.3515198,-0.78707343,-9.936391,5023,0,0,1,1
637776187,-0.0248139,-0.051378496,0.021714196,4976,0,-1.6305465,-0.16073877,-9.735234,4976,0,0,1,1
637781190,-0.033399593,-0.027690904,0.021470906,5003,0,-0.38623303,0.9210941,-9.69964,5003,0,0,1,1
637786210,0.01063405,-0.055317886,-0.0140098,5020,0,-0.075413115,-1.2481992,-9.711497,5020,0,0,1,1
637791187,0.006850997,-0.047275312,-0.010031485,4977,0,1.3345765,-0.63448673,-9.456382,4977,0,0,1,1
637796191,-0.039040644,-0.035220977,0.009660666,5004,0,-0.44426703,-0.015154771,-9.913525,5004,0,0,1,1
637801211,-0.04402624,-0.033371113,0.019129308,5020,0,-0.8625995,1.7942326,-10.848097,5020,0,0,1,1
637806187,-0.02778049,-0.063942224,-0.011570305,4976,0,0.42253742,-1.6669272,-9.435881,4976,0,0,1,1
637811188,-0.017155513,-0.05428259,-0.023091307,5001,0,0.021585833,-2.1232622,-9.618768,5001,0,0,1,1
637816210,-0.040976457,-0.047059618,0.0100221895,5022,0,-0.13542268,2.1057856,-9.857012,5022,0,0,1,1
637821188,-0.06088247,-0.059580643,0.028290046,4978,0,0.59646493,-0.88767254,-10.576841,4978,0,0,1,1
637826188,-0.054256625,-0.06246012,-0.0134317,5000,0,-1.2991077,-1.4643273,-9.346296,5000,0,0,1,1
637831211,-0.051399473,-0.07240229,-0.023577172,5023,0,0.44059277,0.04816985,-10.27061,5023,0,0,1,1
637836187,-0.046860073,-0.07384443,-0.005231943,4976,0,0.23263396,0.6607268,-9.647319,4976,0,0,1,1
637841188,-0.059548363,-0.07187374,-0.00033021416,5001,0,-1.4355407,-0.25746837,-10.4906,5001,0,0,1,1
637846210,-0.061609887,-0.059630457,-0.009409996,5022,0,1.0634173,1.2181581,-10.563237,5022,0,0,1,1
637851188,-0.03851631,-0.051126476,-0.033573784,4978,0,-1.170215,-1.4220774,-8.977406,4978,0,0,1,1
637856187,-0.032788396,-0.0587938,-0.01617481,4999,0,0.38799956,-0.96729195,-10.218895,4999,0,0,1,1
637861211,-0.024161963,-0.032888368,-0.0042395783,5024,0,-1.6224157,1.6605808,-9.353473,5024,0,0,1,1
637866188,-0.024385886,-0.023297314,-0.004379067,4977,0,2.1236188,0.07838019,-10.321541,4977,0,0,1,1
637871188,-0.022515483,-0.013797909,-0.002040216,5000,0,-1.3912938,-1.3900058,-9.501224,5000,0,0,1,1
637876210,-0.018250555,-0.017819852,-0.020952832,5022,0,-0.68990225,-0.5479983,-9.923579,5022,0,0,1,1
637881188,0.0111365765,-0.0015344806,-0.011090411,4978,0,-0.36520925,1.5114877,-10.051734,4978,0,0,1,1
637886188,-0.012488748,0.008760232,-0.006072811,5000,0,1.2025064,-1.5345703,-9.817751,5000,0,0,1,1
637891211,-0.008453863,0.010129648,-0.016083099,5023,0,-1.5558796,0.10574929,-9.314638,5023,0,0,1,1
637896188,-0.0008540675,0.0011356766,-0.029425994,4977,0,0.2664381,-0.2585435,-10.5521145,4977,0,0,1,1
637901192,-0.016814433,-0.009020818,-0.026691878,5004,0,0.39750844,-0.41335765,-9.700107,5004,0,0,1,1
637906210,-0.014711943,0.0027995633,-0.0015768568,5018,0,-1.7302884,-0.281901,-9.560192,5018,0,0,1,1
637911188,0.016593697,-0.009274161,-0.010094291,4978,0,1.1694864,-0.15147845,-10.090109,4978,0,0,1,1
637916188,0.0071292757,-0.009463167,-0.047965728,5000,0,-0.5587478,-1.0770506,-9.998621,5000,0,0,1,1
637921212,-0.030698143,-0.024582695,-0.029265398,5024,0,-0.0776322,0.65997237,-10.311323,5024,0,0,1,1
637926187,-0.019729791,-0.019887675,-0.003855995,4975,0,-0.869533,0.68145585,-9.523564,4975,0,0,1,1
637931188,6.911247e-05,-0.02840231,-0.015589232,5001,0,0.9454062,-2.2485683,-10.244298,5001,0,0,1,1
637936210,-0.011772525,-0.030429892,-0.046719544,5022,0,-0.99817777,0.57051295,-9.631952,5022,0,0,1,1
637941188,-0.018158648,-0.020861497,-0.053073104,4978,0,0.22129507,0.4548844,-10.756027,4978,0,0,1,1
637946188,-0.034480505,-0.052175246,-0.019241864,5000,0,0.13269457,-1.1233076,-10.319942,5000,0,0,1,1
637951211,-0.0049458914,-0.034416046,-0.01801831,5023,0,-0.091031946,-0.56735444,-8.9474325,5023,0,0,1,1
637956188,0.005339415,-0.026846593,-0.05146886,4977,0,-0.2510493,-0.91017896,-11.138079,4977,0,0,1,1
637961188,-0.015016813,-0.034651212,-0.04261577,5000,0,-0.2817851,1.3171177,-10.30053,5000,0,0,1,1
637966210,-0.025001759,-0.030738322,-0.02954796,5022,0,0.10146882,-1.0446405,-9.745472,5022,0,0,1,1
637971188,0.0010987532,-0.031353492,-0.01671066,4978,0,-2.1785734,-0.30893686,-10.344915,4978,0,0,1,1
637976188,0.023221293,-0.015973818,-0.036649037,5000,0,1.9217674,1.2264627,-10.694722,5000,0,0,1,1
637981211,0.010512948,-0.024767734,-0.07103782,5023,0,0.013517858,-2.3272843,-9.444616,5023,0,0,1,1
637986187,-0.010038429,-0.009462627,-0.0425239,4976,0,-1.915539,1.6666304,-11.080327,4976,0,0,1,1
637991190,-0.008092344,-0.026002122,-0.023588672,5003,0,0.8361132,-0.9824854,-10.120472,5003,0,0,1,1
637996210,0.000604072,-0.018186152,-0.043442294,5020,0,-1.2123814,-0.3877724,-9.915827,5020,0,0,1,1
638001188,0.015523381,-0.016655616,-0.06685283,4978,0,1.5226309,-1.2875779,-9.3631935,4978,0,0,1,1
638006188,-0.021624275,-0.005348099,-0.048896145,5000,0,-0.9684583,0.9173746,-10.574826,5000,0,0,1,1
638011211,-0.021176053,-0.0060595185,-0.022873925,5023,0,-0.32597223,-0.22823744,-10.081373,5023,0,0,1,1
638016188,-0.024817519,-0.017063454,-0.0396306,4977,0,-0.84780943,-1.8007333,-10.121245,4977,0,0,1,1
638021188,0.015620502,0.0046844566,-0.05444994,5000,0,1.343123,1.8090361,-9.834116,5000,0,0,1,1
638026210,-0.006769283,0.0137118725,-0.057984438,5022,0,0.20602933,-2.24237,-9.731129,5022,0,0,1,1
638031188,-0.017847672,0.030058134,-0.039841298,4978,0,-1.867956,1.1521318,-10.388767,4978,0,0,1,1
638036187,-0.025133202,0.01869528,-0.035137326,4999,0,1.1156431,-1.0489756,-10.131852,4999,0,0,1,1
638041211,0.0018587107,0.020172324,-0.05691914,5024,0,-1.1243393,0.52291304,-9.277826,5024,0,0,1,1
638046188,0.007886318,0.037284896,-0.07437142,4977,0,0.78179395,-2.2969918,-9.728145,4977,0,0,1,1
638051189,-0.009961623,0.048310276,-0.041542973,5001,0,-0.27180353,1.52698,-11.279266,5001,0,0,1,1
638056210,-0.024690012,0.033300336,-0.03368947,5021,0,-0.30129075,-0.1640717,-10.664926,5021,0,0,1,1
638061188,-0.0050285123,0.020040292,-0.066515826,4978,0,-0.7609041,-1.2443846,-9.504309,4978,0,0,1,1
638066188,0.016997233,0.03248597,-0.054824755,5000,0,1.1103814,0.39169815,-9.679821,5000,0,0,1,1
638071211,-0.011602504,0.035989523,-0.042551905,5023,0,-0.14191622,-0.6413312,-9.898808,5023,0,0,1,1
638076188,-0.019059813,0.029858682,-0.038948294,4977,0,-1.4926647,-0.086820915,-10.2806835,4977,0,0,1,1
638081188,-0.017687121,0.0014505185,-0.05838906,5000,0,-0.11973609,0.82784593,-10.642063,5000,0,0,1,1
638086210,0.010065221,-0.0093552675,-0.06468097,5022,0,0.37745035,-1.7902058,-9.271418,5022,0,0,1,1
638091188,0.011860439,0.0100174695,-0.056747407,4978,0,0.10026995,-0.3199652,-9.996951,4978,0,0,1,1
638096188,-0.004567062,0.0021755467,-0.03905612,5000,0,-0.45286104,1.098137,-10.393078,5000,0,0,1,1
638101211,-0.018249063,-0.041751277,-0.055945598,5023,0,0.35511136,-0.8608821,-10.654199,5023,0,0,1,1
638106188,0.0058821477,-0.037669986,-0.069245175,4977,0,-1.2062442,-0.3910751,-8.826308,4977,0,0,1,1
638111188,0.0068912827,-0.037227053,-0.05067237,5000,0,0.21302597,0.29953477,-10.288225,5000,0,0,1,1
638116210,-0.007056478,-0.045077242,-0.036324523,5022,0,1.3113997,-0.44491577,-10.109708,5022,0,0,1,1
638121188,-0.023901831,-0.05177305,-0.053901453,4978,0,-2.2146082,-1.1321856,-9.909157,4978,0,0,1,1
638126188,-0.0062868027,-0.06524218,-0.060567424,5000,0,-0.5302015,0.29493636,-10.348548,5000,0,0,1,1
638131211,-0.012118249,-0.06509932,-0.053618647,5023,0,0.13577728,0.41574296,-9.894795,5023,0,0,1,1
638136188,-0.0024684337,-0.041770957,-0.033540335,4977,0,0.9171703,-0.33884886,-9.90298,4977,0,0,1,1
638141188,-0.020169195,-0.053132936,-0.052125037,5000,0,-0.71280116,-2.4819148,-9.667604,5000,0,0,1,1
638146210,-0.028080337,-0.054713927,-0.07298654,5022,0,-2.1552646,1.6986784,-10.501999,5022,0,0,1,1
638151188,-0.029579414,-0.052366816,-0.060999632,4978,0,0.65685046,-0.49216238,-9.707907,4978,0,0,1,1
638156188,-0.01089713,-0.044089142,-0.035120673,5000,0,0.95981014,0.35685965,-9.811134,5000,0,0,1,1
638161211,-0.011136286,-0.03157737,-0.04826767,5023,0,0.26685265,-3.1363478,-8.942781,5023,0,0,1,1
638166188,-0.01883047,0.00011671221,-0.06829002,4977,0,-2.2140946,1.716155,-10.153958,4977,0,0,1,1
638171190,-0.037715368,-0.020277318,-0.06773343,5002,0,0.23907734,-0.5144241,-10.585711,5002,0,0,1,1
638176210,-0.018716894,-0.027387002,-0.02933401,5020,0,0.71698135,0.6001463,-10.170576,5020,0,0,1,1
638181188,-0.022970935,0.0031798142,-0.04147456,4978,0,0.2725096,-1.7955799,-8.730238,4978,0,0,1,1
638186187,-0.014987358,0.015142826,-0.067333244,4999,0,-0.7653293,0.27663174,-10.527885,4999,0,0,1,1
638191211,-0.031126702,0.017176364,-0.06464908,5024,0,-1.6859477,-0.20325059,-9.868143,5024,0,0,1,1
638196188,-0.03106815,0.010802859,-0.047211725,4977,0,0.83379334,0.79983807,-11.172286,4977,0,0,1,1
638201188,-0.014910633,-0.00049276545,-0.029494934,5000,0,0.22774947,-1.5451491,-9.516261,5000,0,0,1,1
638206210,-0.0053629316,0.025191829,-0.0573039,5022,0,0.37010115,-0.32089773,-9.491279,5022,0,0,1,1
638211188,-0.018838055,0.041241653,-0.06884873,4978,0,-1.9423083,-0.052121524,-10.069774,4978,0,0,1,1
638216188,-0.022842074,0.019663751,-0.04821777,5000,0,-0.07411896,0.41059023,-10.867137,5000,0,0,1,1
638221211,-0.036687315,-0.0017211086,-0.03728133,5023,0,1.1518501,0.055019576,-9.955017,5023,0,0,1,1
638226188,-0.010890481,0.020680012,-0.050586805,4977,0,-0.68850815,-2.0738885,-9.298278,4977,0,0,1,1
638231188,0.009475043,0.028566882,-0.05188132,5000,0,-0.5348586,0.59371805,-9.853269,5000,0,0,1,1
638236210,-0.03595638,0.025886344,-0.061863497,5022,0,-0.22430481,-0.3959148,-10.095589,5022,0,0,1,1
638241188,-0.022747489,0.018733775,-0.031444013,4978,0,0.5468509,0.954327,-10.762356,4978,0,0,1,1
638246188,-0.006781401,0.006563682,-0.03728108,5000,0,0.5055899,-1.2401155,-9.771386,5000,0,0,1,1
638251211,-0.0076541705,0.032032724,-0.05585257,5023,0,-1.9091111,-0.84993607,-9.059115,5023,0,0,1,1
638256188,-0.002860492,0.044400144,-0.06575528,4977,0,0.066991374,0.66314775,-10.200206,4977,0,0,1,1
638261212,-0.012643172,0.032940585,-0.0431995,5024,0,-0.7228087,-0.7043533,-10.364212,5024,0,0,1,1
638266210,0.00924102,0.03702584,-0.038646318,4998,0,0.89033395,1.0014306,-10.391345,4998,0,0,1,1
638271188,-0.013683586,0.052403964,-0.056656547,4978,0,0.49204722,-2.1575391,-9.188012,4978,0,0,1,1
638276187,-0.014108517,0.03485051,-0.05737734,4999,0,-1.8823842,0.14744496,-9.924739,4999,0,0,1,1
638281211,-0.000828354,0.047818057,-0.045814488,5024,0,0.66002524,0.23392387,-9.952602,5024,0,0,1,1
638286187,0.00232215,0.06285783,-0.035587113,4976,0,-0.5309321,0.15245514,-9.8784,4976,0,0,1,1
638291188,-0.011295655,0.038848642,-0.051600806,5001,0,1.3455089,-0.7547003,-10.851869,5001,0,0,1,1
638296210,-0.01881704,0.025690181,-0.056556176,5022,0,-1.1504161,-0.5901702,-9.727608,5022,0,0,1,1
638301188,-0.018233536,0.035087474,-0.055931613,4978,0,-0.47564048,-1.0022613,-9.344609,4978,0,0,1,1
638306188,-0.004289087,0.045056082,-0.027507128,5000,0,-0.21033685,2.239423,-10.25903,5000,0,0,1,1
638311211,-0.031352095,0.03432544,-0.04451501,5023,0,1.0023128,-2.0380688,-9.978793,5023,0,0,1,1
638316187,-0.011446625,0.019806463,-0.05608799,4976,0,-0.77863264,-0.9967844,-10.458367,4976,0,0,1,1
638321188,-0.021606626,-0.005921368,-0.056784984,5001,0,0.07726955,0.88713896,-9.837018,5001,0,0,1,1
638326210,-0.024664331,0.0075431014,-0.034958046,5022,0,-1.2917278,-0.3527749,-9.575927,5022,0,0,1,1
638331188,-0.005307792,0.011986598,-0.03913474,4978,0,0.13363293,-0.11103405,-9.94328,4978,0,0,1,1
638336188,-0.0037738387,-0.013039877,-0.0495928,5000,0,0.44170198,-0.8486362,-10.389435,5000,0,0,1,1
638341211,-0.009497554,-0.009420758,-0.06158067,5023,0,-0.40694714,-0.31687042,-10.178653,5023,0,0,1,1
638346188,-0.019292573,-0.028294576,-0.037456583,4977,0,0.99556524,0.47464073,-10.179037,4977,0,0,1,1
638351188,-0.0068893633,-0.03241813,-0.031847347,5000,0,-0.60731053,0.3431875,-9.38088,5000,0,0,1,1
638356210,-0.006818628,-0.022720749,-0.051880203,5022,0,-0.18628934,-2.6050403,-9.525778,5022,0,0,1,1
638361188,0.009173657,-0.0211798,-0.055913318,4978,0,-0.57659346,1.2018292,-10.117916,4978,0,0,1,1
638366188,-0.018712066,-0.042190548,-0.05653746,5000,0,-0.24003933,-1.0211323,-10.412572,5000,0,0,1,1
638371211,-0.022511577,-0.048958853,-0.027913164,5023,0,0.11216809,0.7168181,-10.272033,5023,0,0,1,1
638376188,-0.0056623234,-0.045877583,-0.04391182,4977,0,0.39151272,-1.0213336,-9.889635,4977,0,0,1,1
638381188,-0.010380984,-0.044808183,-0.04458099,5000,0,0.6517334,-1.7192295,-9.29755,5000,0,0,1,1
638386210,-0.0020862084,-0.020824784,-0.042091645,5022,0,-0.31366548,1.4025452,-9.872481,5022,0,0,1,1
638391188,-0.03585495,-0.031163018,-0.051622853,4978,0,-0.58028674,-1.800766,-9.766333,4978,0,0,1,1
638396190,-0.03068626,-0.031301655,-0.04436451,5002,0,-0.5296214,-0.13032068,-9.872001,5002,0,0,1,1
638401211,-0.01865337,-0.026178084,-0.049261864,5021,0,-0.41635615,0.88464147,-10.255859,5021,0,0,1,1
638406188,-0.015598039,-0.008810371,-0.034250285,4977,0,-0.06548939,-0.9178984,-9.784462,4977,0,0,1,1
638411188,-0.009087814,0.00080667523,-0.03513516,5000,0,0.21474805,0.45946193,-9.763573,5000,0,0,1,1
638416210,-0.026260378,-0.0027102688,-0.041451767,5022,0,0.39949432,-0.067550585,-10.200905,5022,0,0,1,1
638421188,-0.0324736,-0.0019299457,-0.05565573,4978,0,0.074188605,-1.9160428,-10.222483,4978,0,0,1,1
638426188,-0.014648569,0.010983735,-0.040499195,5000,0,-0.41046193,1.6853396,-9.596983,5000,0,0,1,1
638431211,-0.02742208,0.0035576948,-0.044526458,5023,0,-0.115528636,-1.6775305,-9.687645,5023,0,0,1,1
638436187,-0.010742967,0.015562454,-0.0319047,4976,0,-0.74903965,0.6494272,-9.721841,4976,0,0,1,1
638441188,-0.022291226,0.035130218,-0.050546613,5001,0,-0.25192595,-0.73101646,-9.432029,5001,0,0,1,1
638446210,-0.02899177,0.042117823,-0.04724954,5022,0,-0.36341783,-1.1292222,-10.006783,5022,0,0,1,1
638451188,-0.024264883,0.018552871,-0.039634988,4978,0,0.73755974,1.6842971,-10.422491,4978,0,0,1,1
638456188,-0.03207231,0.018340837,-0.03362492,5000,0,-0.23931535,-0.6174054,-9.121242,5000,0,0,1,1
638461211,-0.02405792,0.039784078,-0.030328706,5023,0,0.29974028,-0.9860407,-8.667358,5023,0,0,1,1
638466188,-0.033916634,0.05451818,-0.051775657,4977,0,-0.56883454,-0.46042436,-9.472302,4977,0,0,1,1
638471188,-0.031049652,0.042331666,-0.041325755,5000,0,-1.105205,-0.043723054,-10.246907,5000,0,0,1,1
638476210,-0.04313435,0.0407235,-0.026127005,5022,0,0.8818134,1.073076,-10.035318,5022,0,0,1,1
638481188,-0.04659944,0.03322138,-0.026207257,4978,0,0.728837,-1.9083862,-8.704949,4978,0,0,1,1
638486187,-0.027613252,0.04229386,-0.035966724,4999,0,-0.9350702,-0.4304925,-9.119649,4999,0,0,1,1
638491210,-0.02532905,0.044474773,-0.04142068,5023,0,-0.8987403,0.78595847,-9.82815,5023,0,0,1,1
638496188,-0.04127082,0.04428123,-0.035679948,4978,0,-1.1663747,-0.10568954,-9.472694,4978,0,0,1,1
638501191,-0.059741214,0.020208046,-0.021972707,5003,0,2.15526,-0.43775642,-10.194166,5003,0,0,1,1
638506210,-0.03870675,0.012366055,-0.032812934,5019,0,-0.4670092,-1.6712325,-8.632695,5019,0,0,1,1
638511191,0.0016874174,0.049215846,-0.03275633,4981,0,-0.8058812,-0.06545309,-8.755589,4981,0,0,1,1
638516187,-0.03328102,0.03728648,-0.040005174,4996,0,-0.44599554,0.9353361,-9.909332,4996,0,0,1,1
638521211,-0.06357463,0.016222835,-0.020823603,5024,0,0.46533832,-0.6564958,-9.739999,5024,0,0,1,1
638526188,-0.03422643,0.019473422,-0.010064071,4977,0,0.50167376,0.118157364,-9.157144,4977,0,0,1,1
638531187,-0.028607287,0.029049171,-0.045558773,4999,0,-0.874259,-2.158834,-8.788347,4999,0,0,1,1
638536210,-0.015912052,0.032953296,-0.036549598,5023,0,-0.5490246,0.6874409,-9.170961,5023,0,0,1,1
638541188,-0.034134787,0.020989286,-0.008708419,4978,0,0.6414053,1.3676195,-9.837692,4978,0,0,1,1
638546186,-0.05019588,0.021398121,-0.01743514,4998,0,0.40544325,-2.2067308,-9.200464,4998,0,0,1,1
638551212,-0.015076955,0.018331535,-0.038427215,5026,0,-1.0098588,-0.17677125,-8.805267,5026,0,0,1,1
638556188,-0.016744079,0.0166367,-0.028516976,4976,0,-0.34086698,1.2005814,-9.464576,4976,0,0,1,1
638561187,-0.010503785,0.014405268,-0.0011228772,4999,0,0.9327815,-0.24144232,-9.367129,4999,0,0,1,1
638566211,-0.022336017,0.019756347,-0.025200639,5024,0,-0.4217594,-3.08168,-8.033141,5024,0,0,1,1
638571188,-0.010957162,0.01524263,-0.037192196,4977,0,-0.7135155,1.4891108,-9.366881,4977,0,0,1,1
638576186,-0.012350019,0.0038248969,-0.009991732,4998,0,0.5384371,1.0845968,-9.861372,4998,0,0,1,1
638581211,-0.01771342,0.020605708,-0.011454671,5025,0,0.8914521,-1.9519124,-7.9583974,5025,0,0,1,1
638586188,-0.015323525,0.027819792,-0.027954713,4977,0,-1.1566867,-1.2382135,-8.416703,4977,0,0,1,1
638591187,-0.0106421765,0.019492107,-0.017091697,4999,0,0.39553553,1.4627758,-9.136384,4999,0,0,1,1
638596211,-0.02731942,0.018866695,-0.01409594,5024,0,-1.4605345,-0.5121493,-8.646274,5024,0,0,1,1
638601188,-0.020926954,0.016547455,-0.015085319,4977,0,0.5753926,0.41459587,-9.058466,4977,0,0,1,1
638606187,-0.022161528,0.008078719,-0.02173829,4999,0,0.4566468,-1.7044263,-8.222303,4999,0,0,1,1
638611211,-0.009349537,0.03220546,-0.004654452,5024,0,-1.0911223,-0.21097699,-8.720538,5024,0,0,1,1
638616187,-0.030986233,0.018294852,-0.015926147,4976,0,-0.1753067,-0.4338516,-9.33479,4976,0,0,1,1
638621188,-0.027240358,0.00436369,-0.01626021,5001,0,-0.6336304,1.0264835,-8.437679,5001,0,0,1,1
638626213,-0.017124092,0.016697114,0.0072980686,5025,0,0.5796644,-1.4872841,-8.02819,5025,0,0,1,1
638631188,-0.022273531,0.022056164,-0.015118505,4975,0,-0.8706596,-0.2812174,-8.702212,4975,0,0,1,1
638636187,-0.012920145,0.0014150316,-0.01599315,4999,0,0.3130314,0.3894312,-8.84427,4999,0,0,1,1
638641211,-0.02642,0.013118401,0.0069640735,5024,0,-0.2571423,-0.25807005,-8.482325,5024,0,0,1,1
638646188,-0.008682463,0.01279158,-0.011624062,4977,0,-0.78160083,-0.7890342,-8.17774,4977,0,0,1,1
638651187,0.00921319,-0.0090959165,-0.010630359,4999,0,1.1490023,-0.6197134,-8.122016,4999,0,0,1,1
638656211,-0.004839156,0.01743225,-0.004871886,5024,0,-1.5352781,0.36345017,-8.041188,5024,0,0,1,1
638661188,-0.009033674,0.005304711,0.009049302,4977,0,0.39161775,1.2457576,-9.109053,4977,0,0,1,1
638666187,0.009499387,-0.013177567,-0.014102781,4999,0,0.30867022,-2.8105621,-6.9796224,4999,0,0,1,1
638671211,0.029539322,0.004205716,0.0001846404,5024,0,-0.5739985,0.41271827,-8.274761,5024,0,0,1,1
638676188,0.00844819,9.8653916e-05,0.0034674595,4977,0,0.42870834,0.59212935,-8.52691,4977,0,0,1,1
638681187,0.0056287246,0.005355004,0.0031418204,4999,0,0.25003707,-0.8458739,-7.744699,4999,0,0,1,1
638686210,0.017673645,-0.0043912125,0.007518105,5023,0,-0.76670086,-0.4153125,-8.097047,5023,0,0,1,1
638691188,0.022395046,0.012329383,0.003909908,4978,0,-0.1395492,0.7504289,-8.240494,4978,0,0,1,1
638696186,0.005768014,-0.0047087963,-0.0026168209,4998,0,0.5952675,-1.3798167,-7.722836,4998,0,0,1,1
638701211,0.015451177,-0.002260759,0.016925978,5025,0,-1.017895,0.37052867,-8.367967,5025,0,0,1,1
638706188,0.016692838,0.0132039,0.012319101,4977,0,-0.020206107,0.44072974,-8.549203,4977,0,0,1,1
638711187,0.016234858,0.011641295,-0.008538264,4999,0,0.534881,-1.298749,-7.3136144,4999,0,0,1,1
638716211,0.012926563,-0.013801481,0.021311704,5024,0,-0.21049297,-0.08828316,-9.286432,5024,0,0,1,1
638721188,0.0130813625,0.0125585,0.01720621,4977,0,-1.3865554,-0.2538185,-8.028834,4977,0,0,1,1
638726187,0.022635167,0.013561937,0.010937749,4999,0,1.5283506,0.13173065,-8.194508,4999,0,0,1,1
638731211,0.005270261,0.0009188967,0.008822669,5024,0,-0.67501414,-1.3315109,-7.7365575,5024,0,0,1,1
638736188,0.012239652,-0.006452094,0.025153462,4977,0,-1.1642162,0.38394427,-8.008252,4977,0,0,1,1
638741187,0.026858138,0.0045148134,0.017227525,4999,0,0.35909942,0.113363236,-7.9530106,4999,0,0,1,1
638746211,0.020774262,0.0022128616,0.022575265,5024,0,0.4574811,-0.6523426,-8.603461,5024,0,0,1,1
638751190,0.0013350865,0.0010867807,0.014270923,4979,0,-0.5671702,-0.8433421,-8.099424,4979,0,0,1,1
638756187,0.016064938,-0.009201334,0.021789787,4997,0,-0.33094585,0.43087348,-8.361886,4997,0,0,1,1
638761215,0.029879173,-0.0035692626,0.024070777,5028,0,0.14849488,-0.4738438,-8.595625,5028,0,0,1,1
638766187,0.018897561,0.0076471646,0.027243752,4972,0,0.05195071,-0.35862714,-8.65541,4972,0,0,1,1
638771188,0.0091551645,-0.008425155,0.014316991,5001,0,-0.2759843,-0.23779342,-8.42123,5001,0,0,1,1
638776210,0.020559061,-0.0090738665,0.03094277,5022,0,0.046118777,0.051310495,-8.817292,5022,0,0,1,1
638781187,0.014640222,0.009816261,0.029757338,4977,0,-0.1556103,-0.9006304,-8.436573,4977,0,0,1,1
638786187,0.016818367,-0.016605075,0.021302078,5000,0,0.24949557,0.71888036,-8.475014,5000,0,0,1,1
638791211,0.024622917,-0.0016345577,0.02270322,5024,0,-0.64209145,-1.8529906,-8.628549,5024,0,0,1,1
638796190,0.008603688,-0.007594943,0.043013815,4979,0,0.20974012,1.5320176,-8.887646,4979,0,0,1,1
638801188,0.0059552006,-0.005842729,0.023497785,4998,0,-0.26665068,-0.83131254,-8.215066,4998,0,0,1,1
638806211,0.034757104,-0.015874745,0.035100147,5023,0,-0.5435411,-0.7681527,-8.835435,5023,0,0,1,1
638811188,0.018379752,-0.004938341,0.033940997,4977,0,0.056476623,0.4769561,-8.417783,4977,0,0,1,1
638816186,0.01202265,-0.024455192,0.026327055,4998,0,-0.49445578,-0.6006686,-9.563952,4998,0,0,1,1
638821211,0.029003527,-0.024526166,0.03468635,5025,0,-0.67009884,0.6635182,-9.081088,5025,0,0,1,1
638826188,0.036035575,-0.003951899,0.036039162,4977,0,0.98249745,-0.42896706,-8.023881,4977,0,0,1,1
638831188,0.025650376,-0.020593572,0.02285268,5000,0,-0.4160805,-0.92938143,-8.820058,5000,0,0,1,1
638836211,0.03562388,-0.025957778,0.035675988,5023,0,-0.7360141,0.5604634,-9.239649,5023,0,0,1,1
638841188,0.009790821,-0.009479835,0.04170698,4977,0,0.7855534,-0.49716935,-8.534314,4977,0,0,1,1
638846186,0.014842979,-0.027354218,0.032283552,4998,0,-0.7229083,0.16961353,-8.582866,4998,0,0,1,1
638851211,0.04122873,-0.017785303,0.037333485,5025,0,-0.080301404,-1.5867522,-8.535713,5025,0,0,1,1
638856188,0.0024234012,-0.0060317884,0.04361828,4977,0,0.8356385,0.8261931,-8.793455,4977,0,0,1,1
638861188,-0.0005369886,-0.01856285,0.03959324,5000,0,-0.44934452,0.30171317,-8.867088,5000,0,0,1,1
638866210,0.012877309,-0.029212605,0.04872944,5022,0,-1.1244596,-1.599552,-8.308842,5022,0,0,1,1
638871188,0.007402587,-0.002342378,0.04060728,4978,0,1.5794327,0.77315164,-8.594705,4978,0,0,1,1
638876187,-0.014808882,-0.015512975,0.034438744,4999,0,-0.037511535,-1.1778512,-8.1858225,4999,0,0,1,1
638881211,-0.009111627,-0.032647934,0.048295643,5024,0,-2.3209999,0.45575538,-9.888197,5024,0,0,1,1
638886188,-0.0035258664,-0.018113617,0.039449118,4977,0,1.5487514,0.1259578,-8.467068,4977,0,0,1,1
638891188,-0.015383957,-0.023231158,0.0405592,5000,0,0.5625763,-1.4993968,-8.669332,5000,0,0,1,1
638896211,-0.0018963856,-0.022690136,0.04259493,5023,0,-1.3481405,0.8702262,-8.676001,5023,0,0,1,1
638901189,-0.009022804,-0.015097933,0.046610393,4978,0,0.6436817,-0.9416093,-8.266461,4978,0,0,1,1
638906187,-0.039772734,-0.02499305,0.044477724,4998,0,0.10350021,-0.11101764,-8.911538,4998,0,0,1,1
638911211,-0.012506965,-0.036282893,0.042571276,5024,0,-1.6544625,0.55707747,-8.834789,5024,0,0,1,1
638916188,-0.0059307828,-0.017888088,0.04124777,4977,0,1.1808294,-0.976622,-8.458422,4977,0,0,1,1
638921187,-0.030390128,-0.027333839,0.036596797,4999,0,-0.39040226,-0.5124426,-8.798161,4999,0,0,1,1
638926211,-0.001889335,-0.035332657,0.061143905,5024,0,-0.7733716,0.87536085,-9.325377,5024,0,0,1,1
638931188,-0.0081910705,-0.018654307,0.050468195,4977,0,0.9841793,-0.89081883,-8.657427,4977,0,0,1,1
638936187,-0.0130904,-0.020500153,0.03300152,4999,0,-0.8942143,-1.2270179,-8.051901,4999,0,0,1,1
638941212,-0.006861393,-0.02483995,0.052145116,5025,0,-0.11029212,0.91409206,-9.134398,5025,0,0,1,1
638946188,-0.0050168987,-0.028436694,0.054622836,4976,0,-0.94536936,-0.66893786,-8.821127,4976,0,0,1,1
638951187,-0.0027855136,-0.020584017,0.048121657,4999,0,-0.55583584,1.0019599,-9.61046,4999,0,0,1,1
638956211,0.00764222,-0.025647353,0.043998506,5024,0,1.0243375,-1.237386,-8.637514,5024,0,0,1,1
638961190,0.008243822,-0.013970078,0.03988565,4979,0,-1.8563536,-1.2326574,-8.864292,4979,0,0,1,1
638966187,-0.0010470059,-0.03042758,0.055181734,4997,0,0.366004,1.1775182,-10.101491,4997,0,0,1,1
638971215,-0.008611463,-0.028933747,0.05165924,5028,0,0.5590569,-0.19029483,-8.779858,5028,0,0,1,1
638976188,0.022726784,-0.018921165,0.052347414,4973,0,-1.3347986,-0.39544952,-8.522792,4973,0,0,1,1
638981188,0.017089233,-0.031057294,0.05040568,5000,0,1.2342529,-1.3492769,-9.426943,5000,0,0,1,1
638986211,-0.008416304,-0.026474833,0.042218596,5023,0,-0.6601116,-0.07525397,-8.948318,5023,0,0,1,1
638991188,0.012997985,-0.027112443,0.058280192,4977,0,-0.38827652,0.7936538,-9.556058,4977,0,0,1,1
638996187,0.015707439,-0.03486488,0.062365107,4999,0,0.33395377,-0.14052728,-9.62322,4999,0,0,1,1
639001211,0.019413143,-0.03203904,0.033303984,5024,0,0.8158433,-1.6809014,-8.505053,5024,0,0,1,1
639006188,0.008379711,-0.013386996,0.040123586,4977,0,-1.7289681,0.10580239,-9.471181,4977,0,0,1,1
639011187,0.015793238,-0.021808354,0.06919733,4999,0,-0.21231185,1.0147513,-10.495284,4999,0,0,1,1
639016210,0.008663248,-0.038487624,0.0617526,5023,0,0.14585099,-0.64628416,-9.601243,5023,0,0,1,1
639021188,0.026264103,-0.030784618,0.03467852,4978,0,0.45922184,-1.0962884,-8.821209,4978,0,0,1,1
639026186,0.010860586,-0.016187144,0.044903092,4998,0,-0.5923078,-0.84258455,-9.715836,4998,0,0,1,1
639031211,0.014345659,-0.011282829,0.06553747,5025,0,-1.2641706,1.4149066,-10.014734,5025,0,0,1,1
639036188,0.013176847,-0.019298306,0.057436116,4977,0,1.2302841,0.21145664,-10.427076,4977,0,0,1,1
639041188,0.010117946,-0.04052928,0.04352277,5000,0,0.7636778,-2.5320687,-8.984947,5000,0,0,1,1
639046211,0.030772263,-0.012439889,0.042301703,5023,0,-1.0027384,2.2275689,-9.642933,5023,0,0,1,1
639051188,0.01857039,0.0059310556,0.055626847,4977,0,-0.9719256,-2.250932,-9.632912,4977,0,0,1,1
639056187,0.015666367,-0.014040186,0.058094744,4999,0,-0.32189134,0.5118316,-10.344926,4999,0,0,1,1
639061211,0.002854858,-0.018287838,0.033057284,5024,0,0.57941914,0.09604144,-10.425911,5024,0,0,1,1
639066188,0.024155574,-0.013508369,0.052327596,4977,0,-0.27281412,-0.83521765,-10.376777,4977,0,0,1,1
639071188,0.032689527,0.0032395744,0.06804133,5000,0,0.3323764,0.52496034,-9.813047,5000,0,0,1,1
639076211,0.010934041,-0.0014929584,0.05751676,5023,0,0.00614405,-0.766341,-9.935235,5023,0,0,1,1
639081188,0.00047697543,0.013686242,0.032629143,4977,0,-0.42089266,-0.4399366,-10.086487,4977,0,0,1,1
639086187,0.03493911,0.010953135,0.04624398,4999,0,-0.5424556,1.130142,-11.057374,4999,0,0,1,1
639091211,0.02049781,-0.002653812,0.04597529,5024,0,0.0021878048,-0.40418074,-10.696456,5024,0,0,1,1
639096188,0.011864082,0.0015189367,0.06418634,4977,0,-1.3803804,-0.6531513,-10.163666,4977,0,0,1,1
639101187,0.016084995,0.009981064,0.05241776,4999,0,1.6065379,-0.3976855,-10.153815,4999,0,0,1,1
639106211,0.013405594,0.02311149,0.04306462,5024,0,-0.61720157,0.9262703,-10.744255,5024,0,0,1,1
639111191,-0.0019574943,0.0024923943,0.040529534,4980,0,-0.36457384,-1.2215779,-11.450319,4980,0,0,1,1
639116187,-0.027854841,-0.017253492,0.063201725,4996,0,-0.7463169,-0.49775776,-10.053392,4996,0,0,1,1
639121211,-0.02138176,-0.034729756,0.070401244,5024,0,0.67200494,0.957002,-11.022064,5024,0,0,1,1
639126188,0.003600623,-0.0092404,0.048026107,4977,0,0.88901925,-1.3464297,-10.228774,4977,0,0,1,1
639131187,-0.00025514484,0.005829191,0.058352914,4999,0,-1.5893437,-0.7171756,-10.480514,4999,0,0,1,1
639136211,-0.031762157,-0.025524486,0.053024266,5024,0,0.09528455,-0.4521764,-11.881321,5024,0,0,1,1
639141188,-0.033773325,-0.033256903,0.04647942,4977,0,-0.46119285,-0.0062391236,-10.651979,4977,0,0,1,1
639146187,-0.031271636,-0.021462591,0.047470827,4999,0,0.62758356,0.41748217,-10.549751,4999,0,0,1,1
639151211,-0.016166508,-0.020775223,0.06034527,5024,0,-0.26879314,-0.9625031,-10.284093,5024,0,0,1,1
639156188,-0.0046004043,-0.008548574,0.077503055,4977,0,-1.0165192,0.1906277,-10.883263,4977,0,0,1,1
639161188,-0.028357247,-0.016103541,0.052811608,5000,0,0.8810505,-0.6793219,-10.74641,5000,0,0,1,1
639166211,-0.04314124,-0.0030077454,0.040751398,5023,0,-0.69644606,-0.6136997,-10.435075,5023,0,0,1,1
639171188,-0.018498758,0.0036248688,0.05642695,4977,0,0.14198029,0.57177514,-11.200698,4977,0,0,1,1
639176186,-0.017326448,-0.012164109,0.062961616,4998,0,0.17921594,-0.2641651,-10.855308,4998,0,0,1,1
639181211,0.008005012,-0.0073498357,0.068056226,5025,0,-1.1278028,0.06399145,-10.084723,5025,0,0,1,1
639186188,0.0058589247,0.00694177,0.059691157,4977,0,0.8437155,0.937405,-10.547634,4977,0,0,1,1
639191188,-0.023156047,0.023615262,0.04830143,5000,0,0.26312378,0.017497996,-10.106225,5000,0,0,1,1
639196211,-0.012570283,0.0314606,0.0440062,5023,0,-0.5163164,-1.9155297,-11.243726,5023,0,0,1,1
639201188,0.013276512,0.0027551723,0.060655776,4977,0,-1.3877722,-0.40768096,-11.178594,4977,0,0,1,1
639206187,-0.009703233,-0.016935464,0.0552478,4999,0,-0.28610358,1.1068453,-10.844856,4999,0,0,1,1
639211211,-0.02325554,-0.0010969985,0.059073675,5024,0,0.89551383,-0.78599364,-9.86708,5024,0,0,1,1
639216188,-0.0030764542,0.03480402,0.06844893,4977,0,-0.65355724,-0.064181834,-10.726897,4977,0,0,1,1
639221188,-0.025754945,0.02603773,0.054267813,5000,0,0.6826131,-1.229739,-11.508695,5000,0,0,1,1
639226211,-0.02714345,-0.006141243,0.03744085,5023,0,-1.5407468,-1.4925371,-11.160253,5023,0,0,1,1
639231188,-0.033331513,-0.01718395,0.057912506,4977,0,-0.7511805,2.6235716,-10.845221,4977,0,0,1,1
639236186,-0.04176241,-0.007184797,0.05948393,4998,0,1.8416398,-0.20002602,-10.198315,4998,0,0,1,1
639241211,-0.032266326,0.027744565,0.059256945,5025,0,-1.4621437,-1.6165695,-10.276384,5025,0,0,1,1
639246188,-0.016732965,0.023460153,0.05605878,4977,0,-0.9854621,-0.11273901,-11.461081,4977,0,0,1,1
639251188,-0.04387385,0.013234379,0.040089365,5000,0,-0.4988408,-0.9008933,-10.209301,5000,0,0,1,1
639256211,-0.04602018,-0.004137249,0.052101117,5023,0,-1.8453528,1.1806369,-10.95047,5023,0,0,1,1
639261188,-0.025201898,-0.004014267,0.06384829,4977,0,1.5357935,-0.6224274,-11.002632,4977,0,0,1,1
639266187,-0.011927598,-0.00060666935,0.063837506,4999,0,0.00184763,-1.3729199,-10.011891,4999,0,0,1,1
639271211,-0.02035663,-0.018740073,0.056748357,5024,0,0.13908768,0.8789696,-11.781453,5024,0,0,1,1
639276187,-0.04080709,-0.016504433,0.047726616,4976,0,1.4420315,-0.97185034,-10.016415,4976,0,0,1,1
639281187,-0.032023646,-0.01739043,0.047700644,5000,0,-1.6974903,-0.8470853,-10.018473,5000,0,0,1,1
639286211,-0.018705357,-0.028296312,0.05884838,5024,0,-0.4713971,-0.23170523,-11.022715,5024,0,0,1,1
639291188,-0.022474652,-0.033008654,0.05548,4977,0,-1.7320447,-0.8775133,-10.078922,4977,0,0,1,1
639296187,-0.03384369,-0.044134535,0.051209077,4999,0,0.19306591,0.9543163,-10.740461,4999,0,0,1,1
639301210,-0.048076447,-0.019956723,0.053834647,5023,0,0.9332437,-0.3086158,-10.5495405,5023,0,0,1,1
639306188,-0.020926194,-0.019936223,0.047343876,4978,0,-0.56717324,-2.341486,-11.094201,4978,0,0,1,1
639311187,-0.010160455,-0.034987148,0.060518835,4999,0,0.3837384,0.89699054,-11.205614,4999,0,0,1,1
639316211,-0.01607611,-0.040839225,0.03817361,5024,0,-0.8842122,-0.58645004,-9.80777,5024,0,0,1,1
639321188,-0.011431492,-0.014066785,0.039899666,4977,0,0.65413886,-0.36067578,-9.536504,4977,0,0,1,1
639326187,-0.004929252,-0.011527063,0.066033125,4999,0,-1.889364,-0.8061516,-10.3872175,4999,0,0,1,1
639331211,-0.008550274,-0.0035455648,0.035061084,5024,0,0.26543754,-1.5369109,-11.575551,5024,0,0,1,1
639336188,0.0044959816,-0.017595677,0.03427228,4977,0,-0.58671254,1.0257,-10.755416,4977,0,0,1,1
639341187,-0.003193958,-0.021619782,0.038486544,4999,0,0.18981528,-1.044114,-10.272769,4999,0,0,1,1
639346211,0.027374106,0.009283872,0.051269747,5024,0,1.1910591,0.1147615,-9.464833,5024,0,0,1,1
639351188,0.013985521,0.025902132,0.04263913,4977,0,-1.9242233,-0.6119035,-10.241066,4977,0,0,1,1
639356187,0.024640687,0.020124612,0.019637933,4999,0,-0.676719,0.31349775,-11.160736,4999,0,0,1,1
639361211,0.0018505377,0.0024993455,0.035725687,5024,0,-0.3029177,0.16496499,-10.793576,5024,0,0,1,1
639366188,0.031219868,-0.000913829,0.05422582,4977,0,1.0037488,-0.81337976,-10.654065,4977,0,0,1,1
639371187,0.040440023,0.003944573,0.046755653,4999,0,0.59227204,-0.35572767,-10.165574,4999,0,0,1,1
639376211,0.031526163,0.021787941,0.031684943,5024,0,-1.060978,-1.4455625,-10.353678,5024,0,0,1,1
639381188,-0.00844222,0.015393914,0.012299706,4977,0,-1.9441762,1.5811144,-11.3720455,4977,0,0,1,1
639386187,-0.0064664395,-0.011329848,0.028500184,4999,0,0.8791973,-1.9075744,-10.842163,4999,0,0,1,1
639391211,0.037961908,-0.004551765,0.058396872,5024,0,-0.09753836,-0.19683558,-10.737585,5024,0,0,1,1
639396188,0.009697069,-0.008069825,0.02957125,4977,0,1.128232,-1.2190183,-10.299083,4977,0,0,1,1
639401188,-0.00050329266,0.011128852,0.030157534,5000,0,-2.4925506,1.006553,-9.971579,5000,0,0,1,1
639406211,-0.024296034,-0.0032020481,0.026264567,5023,0,0.5172541,-0.021864021,-10.725222,5023,0,0,1,1
639411188,0.00015838264,-0.0067010904,0.04205469,4977,0,-0.51979417,-1.4046212,-10.577916,4977,0,0,1,1
639416187,0.017643716,-0.005229058,0.043797445,4999,0,1.4528217,0.831059,-11.311811,4999,0,0,1,1
639421211,-0.003379007,-0.016561659,0.017884178,5024,0,-1.4894977,-1.7097443,-9.137391,5024,0,0,1,1
639426188,-0.0068796235,-0.007488619,0.029514076,4977,0,-0.30535883,0.7017716,-10.520901,4977,0,0,1,1
639431187,-0.0038102872,-0.017380241,0.0331838,4999,0,-0.79424304,-1.57734,-10.466088,4999,0,0,1,1
639436211,0.033790402,-0.01988609,0.036079936,5024,0,1.8582523,1.7468469,-11.678726,5024,0,0,1,1
639441190,0.014529889,-0.035829958,0.037079785,4979,0,-1.0633694,-0.64283854,-10.174071,4979,0,0,1,1
639446186,0.005107301,-0.01844909,0.034115363,4996,0,0.0213087,-0.6290974,-9.608442,4996,0,0,1,1
639451211,0.03432597,-0.025966113,0.043665413,5025,0,-1.4060471,-0.92830527,-10.296597,5025,0,0,1,1
639456188,0.04544041,-0.031156428,0.028683685,4977,0,2.5766704,1.231267,-11.481652,4977,0,0,1,1
639461187,0.010383507,-0.022745797,0.025324067,4999,0,-1.4766041,-0.8840659,-9.590223,4999,0,0,1,1
639466211,0.014494826,-0.019285003,0.032534063,5024,0,-0.4049715,0.8303755,-10.744526,5024,0,0,1,1
639471188,0.048477452,-0.016688978,0.02388266,4977,0,0.013536096,-2.681015,-9.260203,4977,0,0,1,1
639476187,0.068440974,0.004383781,0.021569012,4999,0,1.2721266,2.2127986,-11.69899,4999,0,0,1,1
639481211,0.016616156,0.012795565,0.01405394,5024,0,-0.722867,-0.5405147,-10.36316,5024,0,0,1,1
639486188,0.0018843694,0.0056032212,0.019615516,4977,0,-1.0260228,-0.13764735,-9.978344,4977,0,0,1,1
639491188,0.038804926,0.0126150185,0.039444417,5000,0,-1.2749317,-0.8423266,-10.510947,5000,0,0,1,1
639496211,0.049339905,0.048324313,0.022161648,5023,0,2.046563,0.36300236,-9.786772,5023,0,0,1,1
639501190,0.021215329,0.06354494,0.034588158,4979,0,-0.35484844,0.3316407,-9.758084,4979,0,0,1,1
639506187,-0.007837044,0.050582893,0.019966476,4997,0,-1.1549357,-1.8383495,-10.31082,4997,0,0,1,1
639511211,0.023976153,0.06192238,0.026296409,5024,0,-0.27706748,0.48326266,-10.315384,5024,0,0,1,1
639516188,0.032591272,0.07790603,0.035215832,4977,0,0.025219804,-0.040153116,-10.566488,4977,0,0,1,1
639521188,0.02473689,0.096983075,0.032380063,5000,0,0.9147211,0.8374524,-9.998488,5000,0,0,1,1
639526211,-0.00073368987,0.08693014,0.008896369,5023,0,-0.8641689,-2.6114614,-9.598997,5023,0,0,1,1
639531188,-0.025969503,0.06754412,0.012494185,4977,0,-2.0218856,1.2781459,-11.079337,4977,0,0,1,1
639536186,-0.00052959303,0.07703384,0.034940325,4998,0,1.6842393,0.7678257,-10.259813,4998,0,0,1,1
639541211,-0.020241838,0.078885585,0.030703638,5025,0,-0.63341,-0.9681109,-9.438419,5025,0,0,1,1
639546188,-0.034309804,0.08130396,0.013783937,4977,0,-1.2006632,-0.6378447,-10.810711,4977,0,0,1,1
639551187,-0.041690115,0.06840801,0.0042822757,4999,0,0.7419764,-0.66253394,-10.457261,4999,0,0,1,1
639556211,-0.028058112,0.053704,0.027567836,5024,0,-1.111028,1.0262569,-10.838694,5024,0,0,1,1
639561192,-0.028837733,0.056010664,0.043656938,4981,0,-0.61811876,-1.5907068,-9.100825,4981,0,0,1,1
639566187,-0.026525257,0.051207796,0.025603283,4995,0,0.5458875,1.3982599,-10.986816,4995,0,0,1,1
639571211,-0.050467,0.05911147,-0.0037210502,5024,0,0.40424627,-2.6578274,-8.517366,5024,0,0,1,1
639576188,-0.042258818,0.04506931,0.012243783,4977,0,-2.4224234,1.5931361,-10.85566,4977,0,0,1,1
639581188,-0.03025638,0.044637274,0.038650185,5000,0,1.0510828,0.08904968,-10.307248,5000,0,0,1,1
639586211,-0.036189158,0.05251539,0.028105214,5023,0,-0.5799835,-1.2096492,-9.4175205,5023,0,0,1,1
639591188,-0.03107591,0.054652818,-0.004430803,4977,0,0.63397384,-1.5846448,-9.504676,4977,0,0,1,1
639596186,-0.027029444,0.050842773,0.018643728,4998,0,-0.1286655,2.0241969,-10.625382,4998,0,0,1,1
639601211,-0.034406193,0.04618121,0.036922265,5025,0,-0.03361404,-0.07294848,-10.101587,5025,0,0,1,1
639606188,-0.02307832,0.033995546,0.025751084,4977,0,-1.6380882,-0.9469501,-9.9962,4977,0,0,1,1
639611188,-0.0026474576,0.016081316,0.010168374,5000,0,2.690033,0.47233677,-10.349462,5000,0,0,1,1
639616211,-0.012769413,0.048053447,0.01107786,5023,0,-1.4949102,-1.6389881,-9.162742,5023,0,0,1,1
639621188,-0.014866609,0.024706641,0.0417103,4977,0,-0.07881039,1.672629,-11.897348,4977,0,0,1,1
639626187,-0.0073807277,0.029455708,0.03591748,4999,0,0.35864004,-1.1290379,-9.880723,4999,0,0,1,1
639631211,0.016751047,0.026845608,-0.00575936,5024,0,-0.3006962,-0.9009897,-9.439487,5024,0,0,1,1
639636188,0.00871207,0.04568175,0.017596299,4977,0,0.33655313,0.68765646,-10.4857855,4977,0,0,1,1
639641187,-0.0064985296,0.042232323,0.021087151,4999,0,0.4970007,-0.5296558,-9.97053,4999,0,0,1,1
639646212,-0.010643666,0.046957135,0.027496861,5025,0,-1.1331798,-0.80274343,-9.0673,5025,0,0,1,1
639651188,-0.00020763364,0.025831325,0.0122999875,4976,0,0.37444952,-0.7706662,-10.3443365,4976,0,0,1,1
639656187,0.006341485,0.048525333,0.002743555,4999,0,0.49178168,0.07329705,-9.140445,4999,0,0,1,1
639661211,-0.007023876,0.056657337,0.024877403,5024,0,-0.11833268,-0.91649055,-9.549873,5024,0,0,1,1
639666188,-0.035309047,0.023897154,0.0143046295,4977,0,-0.85805744,0.68811506,-11.737948,4977,0,0,1,1
639671187,-0.006839398,0.025707453,-0.0036432727,4999,0,-0.7575096,0.5221592,-9.846379,4999,0,0,1,1
639676211,-0.018026507,0.031999007,0.0060874335,5024,0,0.5360307,-2.0125794,-9.385786,5024,0,0,1,1
639681188,-0.0042679054,0.028265303,0.01501646,4977,0,-0.34589276,1.4571999,-10.265159,4977,0,0,1,1
639686187,-0.027333792,0.028040804,0.005734063,4999,0,0.37100214,-1.9254978,-9.949384,4999,0,0,1,1
639691211,-0.01509507,0.023675557,-0.0016788353,5024,0,-1.7500508,1.3983868,-10.885939,5024,0,0,1,1
639696188,0.0067059607,0.0062709916,0.008097102,4977,0,1.3184897,-0.58885396,-9.261398,4977,0,0,1,1
639701188,-0.018830296,0.040128466,0.022851473,5000,0,-0.84638596,-2.2332156,-8.854423,5000,0,0,1,1
639706211,0.0012037127,0.026815066,0.0060898657,5023,0,-0.3906482,0.99143004,-10.516742,5023,0,0,1,1
639711188,-0.013212212,0.0047935713,0.0037277406,4977,0,0.8898895,-0.8108331,-10.458612,4977,0,0,1,1
639716187,-0.017499084,0.03777426,0.006785984,4999,0,-2.005891,0.8839561,-9.071057,4999,0,0,1,1
639721211,-0.005571376,0.041106746,0.011508417,5024,0,2.4638278,-0.96840876,-10.182183,5024,0,0,1,1
639726188,-0.00677538,0.025688794,0.011376986,4977,0,-1.6707382,-0.6095683,-9.270335,4977,0,0,1,1
639731187,-0.010134591,0.0506604,-0.012868672,4999,0,-0.17250076,-0.16819924,-10.216301,4999,0,0,1,1
639736211,0.000190029,0.035702318,0.008261945,5024,0,-0.1536283,-0.27014592,-10.151277,5024,0,0,1,1
639741188,-0.012404201,0.033033732,0.011737169,4977,0,-0.4062981,0.021341186,-9.0369425,4977,0,0,1,1
639746187,0.027813233,0.070603505,0.011793694,4999,0,0.7376321,-0.5276354,-9.993745,4999,0,0,1,1
639751211,0.0013834932,0.0515091,0.0018421017,5024,0,-0.42018598,0.118943505,-10.532456,5024,0,0,1,1
639756188,-0.020144641,0.05661626,-0.002855935,4977,0,0.46115166,-0.3132822,-9.210537,4977,0,0,1,1
639761187,0.004938441,0.05931526,0.025028558,4999,0,-1.2988622,-0.5063757,-9.945833,4999,0,0,1,1
639766210,0.01780487,0.068794824,0.01448818,5023,0,1.3210744,0.10878583,-10.061165,5023,0,0,1,1
639771188,0.0019109941,0.060530037,-0.006429725,4978,0,-1.1624529,-1.1112648,-9.502359,4978,0,0,1,1
639776187,-0.023609852,0.064359255,-0.0032326004,4999,0,0.16997847,1.410473,-10.370494,4999,0,0,1,1
639781211,-0.008472152,0.04893298,0.005779402,5024,0,-0.233393,-1.1702919,-10.02519,5024,0,0,1,1
639786188,0.016742246,0.0498486,0.018212413,4977,0,0.17592745,-1.0327708,-9.676592,4977,0,0,1,1
639791187,0.01794814,0.06878197,0.012232477,4999,0,0.67087686,1.6328615,-10.544066,4999,0,0,1,1
639796211,-0.017777614,0.033246912,-0.009558639,5024,0,-1.4154007,-2.381203,-9.659829,5024,0,0,1,1
639801188,0.00855929,0.026208123,0.03385155,4977,0,0.2385736,2.2201068,-10.979001,4977,0,0,1,1
639806187,0.01933953,0.04842051,0.015083469,4999,0,-0.32129836,-1.5857115,-8.823828,4999,0,0,1,1
639811211,0.025438236,0.032977052,0.016050158,5024,0,-0.43637532,0.80719465,-10.761472,5024,0,0,1,1
639816188,-0.0011686471,0.020317951,0.0014655582,4977,0,1.1569595,-0.88839334,-9.882559,4977,0,0,1,1
639821187,0.017913248,0.048400976,-0.0069524227,4999,0,-1.6290522,-0.9172334,-9.762807,4999,0,0,1,1
639826211,0.0496756,0.026988693,0.02021175,5024,0,0.07518336,1.4181782,-10.394103,5024,0,0,1,1
639831188,0.023244813,0.032771535,-0.0036012167,4977,0,1.1481352,-1.5390744,-9.14955,4977,0,0,1,1
639836187,0.021461861,0.055568952,-0.009034865,4999,0,-2.1269662,0.4714284,-9.722032,4999,0,0,1,1
639841211,0.018975757,0.021213686,-0.0018132275,5024,0,1.476368,0.21133538,-11.49896,5024,0,0,1,1
639846188,0.013463667,0.043087553,0.0040658885,4977,0,-2.5910764,-1.1446512,-8.866935,4977,0,0,1,1
639851188,0.035837084,0.028302355,0.01623898,5000,0,0.93286836,0.5764378,-10.907945,5000,0,0,1,1
639856211,-0.0013999573,0.013517031,-0.0031470733,5023,0,-0.6494358,-1.0890363,-9.347125,5023,0,0,1,1
639861188,0.0038506768,0.018675188,-0.015773013,4977,0,-0.7617915,-0.28790006,-9.840608,4977,0,0,1,1
639866187,0.0142953545,0.010497393,0.008302025,4999,0,0.99055725,1.4644085,-10.921351,4999,0,0,1,1
639871214,0.0049408833,-0.0038797823,-0.0064750398,5027,0,-0.5784509,-1.5945426,-8.64356,5027,0,0,1,1
639876188,0.011248303,0.013247407,-0.008368523,4974,0,-0.4804415,0.7203617,-10.037594,4974,0,0,1,1
639881188,-0.0021532676,0.0038844056,-0.018340278,5000,0,0.61132973,-0.51022077,-10.273075,5000,0,0,1,1
639886211,0.006141623,-0.01706,-0.024369411,5023,0,-1.4560175,0.70279235,-10.135837,5023,0,0,1,1
639891191,0.034822226,-0.0068529095,-0.005381412,4980,0,0.0370766,-0.37323594,-9.652973,4980,0,0,1,1
639896187,0.020102004,0.0062906668,-0.0003745512,4996,0,0.38168555,-0.2618582,-11.212786,4996,0,0,1,1
639901211,0.025024232,-0.013253319,-0.023967462,5024,0,-0.5728186,-0.492047,-9.563293,5024,0,0,1,1
639906187,0.012957848,-0.0043640034,-0.023091074,4976,0,-0.14409347,1.1044974,-10.129714,4976,0,0,1,1
639911188,0.0027156693,-0.008080418,-0.018455008,5001,0,-0.075175375,-0.37588888,-10.31355,5001,0,0,1,1
639916211,0.012709396,-0.003952567,-0.007443015,5023,0,-0.7073045,-0.52190757,-9.319689,5023,0,0,1,1
639921188,-0.003234698,-0.010195605,-0.024963947,4977,0,0.37111148,-1.4360137,-9.496165,4977,0,0,1,1
639926187,0.00828849,-0.0014309739,-0.016142536,4999,0,-0.24227698,2.1591878,-10.779306,4999,0,0,1,1
639931211,-0.011335175,-0.002574168,-0.017580288,5024,0,-0.18276232,-2.8112395,-9.08251,5024,0,0,1,1
639936188,-0.027106036,-0.0016739096,-0.0073096342,4977,0,-0.3534822,2.521138,-10.568058,4977,0,0,1,1
639941187,-0.018902726,0.0021889945,-0.023214633,4999,0,1.7327923,-1.7916787,-9.587726,4999,0,0,1,1
639946211,-0.02193636,0.0060536857,-0.009651014,5024,0,-2.197258,-0.46000746,-10.730839,5024,0,0,1,1
639951189,-0.036697846,0.018951798,-0.000953418,4978,0,0.075021565,1.9843394,-10.816569,4978,0,0,1,1
639956187,-0.037531804,0.0083941175,-0.020108234,4998,0,0.42140353,-1.796171,-9.972523,4998,0,0,1,1
639961211,-0.035318796,0.010433988,-0.014607988,5024,0,-0.6864218,0.15934351,-9.9536085,5024,0,0,1,1
639966188,-0.02404675,0.041846957,-0.009450443,4977,0,1.2689756,1.4686645,-10.470991,4977,0,0,1,1
639971187,-0.069234096,0.042772263,-0.020549977,4999,0,-1.2404746,-2.2351635,-9.197086,4999,0,0,1,1
639976211,-0.058210958,0.027466998,-0.006220948,5024,0,-0.72569156,1.4994779,-9.746951,5024,0,0,1,1
639981188,-0.055968888,0.03187512,-0.024761796,4977,0,1.1673515,-1.603994,-9.449204,4977,0,0,1,1
639986187,-0.031165408,0.060775854,0.0010756651,4999,0,-1.4142027,0.032806758,-8.950658,4999,0,0,1,1
639991211,-0.0688648,0.04811851,0.0061751585,5024,0,0.46942455,-0.82641095,-10.298442,5024,0,0,1,1
639996188,-0.069046244,0.041796964,-0.007881111,4977,0,-0.88762,0.232884,-9.698478,4977,0,0,1,1
640001187,-0.039466545,0.045954175,-0.018563315,4999,0,-0.12598826,-0.93086314,-9.133089,4999,0,0,1,1
640006211,-0.040878907,0.03940964,-0.004516536,5024,0,0.76793593,-0.31430954,-9.87358,5024,0,0,1,1
640011188,-0.056340456,0.06589786,0.0023466025,4977,0,-0.96559244,0.2138025,-9.520868,4977,0,0,1,1
640016187,-0.062629156,0.03164226,-0.007475353,4999,0,-0.100608304,-0.3180133,-10.377482,4999,0,0,1,1
640021211,-0.053528454,0.024478894,-0.018529931,5024,0,0.15256418,-0.10374036,-9.340854,5024,0,0,1,1
640026188,-0.018733997,0.050701223,-0.005892524,4977,0,-0.5699539,-0.75332636,-9.508742,4977,0,0,1,1
640031188,-0.026541984,0.033606682,0.0025046344,5000,0,0.36077994,-1.1946502,-10.3436165,5000,0,0,1,1
640036211,-0.026427576,0.019476557,-0.00482308,5023,0,-1.6469666,1.1776903,-10.251554,5023,0,0,1,1
640041188,-0.024547558,0.02263858,-0.016708588,4977,0,1.1701211,-1.1911448,-9.498555,4977,0,0,1,1
640046187,0.019839814,0.032141328,0.0038273768,4999,0,-0.17147852,0.25973082,-8.968325,4999,0,0,1,1
640051211,0.0016117678,0.0020940104,-0.0009927724,5024,0,-0.59445107,-1.4146348,-9.849656,5024,0,0,1,1
640056188,0.007863281,0.0042824643,-0.0051660105,4977,0,0.61691964,1.371897,-10.901029,4977,0,0,1,1
640061187,0.002192699,0.003890033,-0.010275482,4999,0,-1.4700415,-1.3284694,-8.687288,4999,0,0,1,1
640066211,0.030191036,-0.0032277468,-0.010397975,5024,0,0.84515446,1.4582536,-10.549082,5024,0,0,1,1
640071188,0.03009671,0.01317811,-0.010287115,4977,0,0.107330546,-1.870798,-9.18368,4977,0,0,1,1
640076186,0.013458743,0.0058552157,-0.0002628338,4998,0,-1.2899724,0.5774437,-10.294711,4998,0,0,1,1
640081211,0.011252993,0.004424831,-0.009560899,5025,0,1.406499,-0.16148143,-9.408264,5025,0,0,1,1
640086188,0.022230286,0.008459965,-0.006646793,4977,0,-1.3750374,-0.22551052,-9.872028,4977,0,0,1,1
640091187,0.0181074,0.010816175,-0.020536954,4999,0,1.1261976,0.5789717,-9.582771,4999,0,0,1,1
640096211,0.008076125,-0.0023883153,-0.0076005724,5024,0,-0.57417643,-1.429008,-8.91528,5024,0,0,1,1
640101188,-0.002903099,0.004677082,0.00434371,4977,0,-1.176763,-0.006349736,-9.956233,4977,0,0,1,1
640106187,0.027099231,0.003761575,-0.0059030736,4999,0,2.523254,0.85247815,-10.928952,4999,0,0,1,1
640111211,0.009748369,-0.0004255068,-0.017414678,5024,0,-1.8314143,-2.3047755,-8.91258,5024,0,0,1,1
640116188,0.012589426,0.01078023,0.010906564,4977,0,0.7682253,1.0803914,-10.371726,4977,0,0,1,1
640121188,-0.004866849,0.0073396508,0.00022741045,5000,0,0.12280676,-1.9968818,-9.315868,5000,0,0,1,1
640126213,-0.005818494,0.016047029,-0.007214201,5025,0,-1.1549996,2.1839569,-10.331394,5025,0,0,1,1
640131189,0.00043944787,0.003501487,-0.008274631,4976,0,0.9949313,-0.3091203,-10.750122,4976,0,0,1,1
640136187,0.0020120963,0.021117965,0.0063797426,4998,0,-0.9910109,-2.1644487,-9.181105,4998,0,0,1,1
640141211,0.008196565,0.022945452,0.011351991,5024,0,0.36842436,0.92740405,-8.815229,5024,0,0,1,1
640146188,-0.006820307,0.024076315,-0.0075774533,4977,0,0.115384266,-0.016917424,-9.611349,4977,0,0,1,1
640151188,0.012012129,0.029066836,-0.0043076617,5000,0,0.15665364,-0.8045109,-8.995643,5000,0,0,1,1
640156211,0.005708096,0.02871486,-0.0011163454,5023,0,-1.7158451,-0.7818921,-8.862873,5023,0,0,1,1
640161188,0.0059445323,0.043360412,0.011110848,4977,0,1.8751134,1.6382405,-8.48163,4977,0,0,1,1
640166186,-0.0102626905,0.035142247,-0.0016176293,4998,0,-0.4034995,-1.3617933,-9.310683,4998,0,0,1,1
640171211,0.017193537,0.02212309,-0.014602282,5025,0,-1.2938018,0.5953233,-9.0278845,5025,0,0,1,1
640176188,0.025675409,0.046728212,-0.0021729725,4977,0,0.28625944,-0.6089137,-9.562672,4977,0,0,1,1
640181187,-0.016177112,0.033590894,0.005457099,4999,0,0.4904558,0.04260377,-8.92148,4999,0,0,1,1
640186210,-0.002483985,0.038509276,0.003274911,5023,0,-1.1770338,0.5692814,-9.954535,5023,0,0,1,1
640191188,0.022590226,0.0335926,-0.023760458,4978,0,-1.0070312,-0.6289909,-9.066471,4978,0,0,1,1
640196187,0.0035175835,0.055209424,-0.013622157,4999,0,0.9491783,-0.03247507,-9.002023,4999,0,0,1,1
640201211,0.005575253,0.03190736,0.01424124,5024,0,-0.83936393,-0.64813745,-10.142727,5024,0,0,1,1
640206188,-0.0045504677,0.044702355,0.0012939171,4977,0,-0.5550754,1.211111,-9.255383,4977,0,0,1,1
640211187,0.028412785,0.03746931,-0.034078993,4999,0,-0.3136193,-0.26764908,-10.495585,4999,0,0,1,1
640216211,0.0011067156,0.037112657,-0.008423977,5024,0,1.669811,-1.044626,-10.02933,5024,0,0,1,1
640221189,-0.026252907,0.013937954,-0.0040637515,4978,0,-2.7578595,-0.10305116,-9.50773,4978,0,0,1,1
640226187,0.0017064182,0.018395584,0.0048543154,4998,0,1.1776384,2.0506806,-9.8139105,4998,0,0,1,1
640231211,-0.02910154,0.020730196,-0.03077411,5024,0,0.3382862,-2.626387,-9.690711,5024,0,0,1,1
640236188,-0.04446395,0.0013784522,-0.028624132,4977,0,-1.4056582,0.5922526,-9.081874,4977,0,0,1,1
640241188,-0.015266116,-0.0003236019,0.009461791,5000,0,1.6755856,-1.3064348,-9.691002,5000,0,0,1,1
640246211,-0.028816093,0.0034618613,-0.00054099614,5023,0,-1.7090381,-0.5796388,-9.468711,5023,0,0,1,1
640251188,-0.03011553,-0.0027391876,-0.019160265,4977,0,1.2636551,1.3013871,-10.02627,4977,0,0,1,1
640256187,-0.048115622,-0.0062005795,-0.02386871,4999,0,-0.95719683,-2.04485,-9.416215,4999,0,0,1,1
640261211,-0.037103232,-0.0061850166,-0.0088723935,5024,0,-0.036313187,2.6716044,-12.591208,5024,0,0,1,1
640266188,-0.055708822,-0.038193285,-0.027194796,4977,0,-0.29053086,-2.320629,-9.942073,4977,0,0,1,1
640271188,-0.04660146,-0.018677535,-0.044094507,5000,0,-1.355799,1.1273113,-10.995501,5000,0,0,1,1
640276211,-0.06403304,-0.05289433,-0.019188289,5023,0,1.1254106,-1.6013433,-11.034491,5023,0,0,1,1
640281188,-0.057648428,-0.027058996,-0.018778427,4977,0,-0.85230386,0.9257632,-9.053189,4977,0,0,1,1
640286187,-0.08433885,-0.024626527,-0.032309175,4999,0,-0.727405,-1.5608772,-10.297693,4999,0,0,1,1
640291211,-0.08736879,-0.06131588,-0.023073038,5024,0,0.5069159,0.8554741,-11.34375,5024,0,0,1,1
640296190,-0.083294794,-0.042110562,-0.007085178,4979,0,0.04338983,-0.8924467,-9.78907,4979,0,0,1,1
640301188,-0.05152079,-0.017899986,-0.004660485,4998,0,-0.4778776,-0.6046269,-9.883947,4998,0,0,1,1
640306213,-0.07600025,-0.017682662,-0.035031196,5025,0,0.07471846,0.39946762,-10.609175,5025,0,0,1,1
640311188,-0.076444425,-0.044029012,-0.038826212,4975,0,0.55459523,1.0434982,-12.08112,4975,0,0,1,1
640316187,-0.058599845,-0.035714995,-0.018668476,4999,0,1.340196,-0.6873578,-9.98344,4999,0,0,1,1
640321211,-0.042372603,-0.017908217,-0.00938295,5024,0,-1.1306993,0.75347185,-10.387873,5024,0,0,1,1
640326188,-0.045337394,-0.0057795593,-0.03743445,4977,0,-0.095228925,-0.16747278,-10.90762,4977,0,0,1,1
640331187,-0.042361457,-0.036779378,-0.03179891,4999,0,0.29974136,-1.1516614,-11.484134,4999,0,0,1,1
640336211,-0.04725438,-0.047904138,-0.020829262,5024,0,0.26504862,0.64163536,-11.590284,5024,0,0,1,1
640341188,-0.029725617,-0.03636346,-0.0033041714,4977,0,-0.9291809,0.29547304,-10.605329,4977,0,0,1,1
640346187,-0.009420612,-0.022149831,-0.006324398,4999,0,1.6928536,-0.77240986,-11.117111,4999,0,0,1,1
640351211,-0.022608647,-0.018560125,-0.034610156,5024,0,-1.9993927,-1.2050276,-10.779733,5024,0,0,1,1
640356188,-0.02361808,-0.022605311,-0.030325476,4977,0,-0.9709232,-0.3913809,-11.426668,4977,0,0,1,1
640361188,-0.017440919,-0.02073689,-0.020353418,5000,0,-1.3991613,1.1085064,-10.837699,5000,0,0,1,1
640366211,0.01093752,-0.026400937,-0.0029734094,5023,0,2.5769715,0.41915676,-11.481666,5023,0,0,1,1
640371188,0.027654914,0.008344262,-0.017594228,4977,0,-0.0969234,-2.8741097,-10.691237,4977,0,0,1,1
640376187,0.05958979,0.0096413335,-0.012440298,4999,0,-0.8565185,-0.028106024,-11.969753,4999,0,0,1,1
640381211,0.007550864,0.009478821,-0.0136954,5024,0,1.8711998,0.14520085,-11.333964,5024,0,0,1,1
640386188,0.029033417,-0.0013198429,-0.0050502047,4977,0,-2.2510607,-1.9752003,-11.405243,4977,0,0,1,1
640391187,0.05813544,0.018745767,-0.007539224,4999,0,0.5522354,0.7939941,-11.071404,4999,0,0,1,1
640396211,0.05946864,0.010849257,-0.026663668,5024,0,-0.01901752,-0.6683719,-12.174594,5024,0,0,1,1
640401188,0.06578555,0.016076598,-0.0061990796,4977,0,0.42061564,-0.8856477,-10.739274,4977,0,0,1,1
640406187,0.046566524,0.024228347,0.016736414,4999,0,-0.71825147,1.3299651,-12.23693,4999,0,0,1,1
640411211,0.046550795,0.007781308,-0.0279728,5024,0,-0.49428537,0.07297855,-11.4916,5024,0,0,1,1
640416188,0.08014254,0.012152588,-0.024846496,4977,0,-0.3459075,-1.5879008,-11.859185,4977,0,0,1,1
640421187,0.064033866,0.02264521,0.019356327,4999,0,0.09680608,0.29114294,-12.683425,4999,0,0,1,1
640426211,0.063819036,0.010828983,0.02972956,5024,0,-0.58642066,-0.75903064,-11.486172,5024,0,0,1,1
640431188,0.061309855,0.030500345,0.019779788,4977,0,-0.73103094,2.5866642,-11.881511,4977,0,0,1,1
640436187,0.055613875,0.01909703,-0.018917663,4999,0,0.31973428,-1.3336533,-11.646243,4999,0,0,1,1
640441211,0.08960245,0.017747112,0.0017839521,5024,0,0.39943245,-1.8681016,-11.842006,5024,0,0,1,1
640446188,0.06491683,-0.02319914,0.023584746,4977,0,-0.714181,-0.2253029,-12.964424,4977,0,0,1,1
640451188,0.068876185,0.012704766,0.006795579,5000,0,-0.59588325,0.7247678,-11.4901905,5000,0,0,1,1
640456211,0.06816935,-0.02868735,-0.0009396499,5023,0,-1.6026173,1.5828931,-12.235645,5023,0,0,1,1
640461188,0.051189415,0.0031150058,0.006050838,4977,0,-0.47548854,-0.76309705,-11.158841,4977,0,0,1,1
640466187,0.089864865,-0.01742066,0.03325925,4999,0,-0.5916188,-1.0911286,-11.943107,4999,0,0,1,1
640471211,0.067019105,-0.001991357,0.01269995,5024,0,-0.17662777,-1.48889,-11.545344,5024,0,0,1,1
640476188,0.05860457,-0.031076644,-0.003754065,4977,0,0.45914578,0.17940572,-12.181578,4977,0,0,1,1
640481188,0.028745152,-0.030190289,-0.0058343457,5000,0,-0.35249278,1.5235494,-12.024393,5000,0,0,1,1
640486211,0.020332105,-0.02637489,0.011162145,5023,0,0.53108144,-1.8612529,-11.658817,5023,0,0,1,1
640491188,0.047117468,-0.03264212,0.061338015,4977,0,-1.0466248,-1.3765062,-11.188391,4977,0,0,1,1
640496186,0.06284317,-0.0203027,0.031287435,4998,0,0.55855876,-0.683532,-11.837508,4998,0,0,1,1
640501211,0.043894716,-0.02062788,-0.019774342,5025,0,-0.22212753,0.65183103,-11.545621,5025,0,0,1,1
640506188,-0.0066933846,-0.033739567,-0.006022689,4977,0,-0.6254446,1.3466375,-12.275377,4977,0,0,1,1
640511188,-0.02073171,-0.030530658,0.046663273,5000,0,-0.5072119,0.29020995,-12.046291,5000,0,0,1,1
640516211,-0.011352438,-0.03544925,0.059314366,5023,0,-0.23012206,-0.6406043,-11.760198,5023,0,0,1,1
640521188,0.04458342,-0.04178028,0.030357357,4977,0,1.250549,-2.5081317,-11.019089,4977,0,0,1,1
640526187,0.059503105,-0.033053823,-0.008886803,4999,0,1.7343451,-1.2113196,-10.863355,4999,0,0,1,1
640531211,-0.013951907,-0.007993559,0.018965164,5024,0,-1.2296172,-0.078419246,-10.904593,5024,0,0,1,1
640536188,-0.017701091,-0.03335581,0.04575246,4977,0,-1.4326904,2.0879188,-11.805779,4977,0,0,1,1
640541187,-0.030254716,-0.031748813,0.02773095,4999,0,-1.4422204,0.32458058,-11.282939,4999,0,0,1,1
640546210,0.036841974,-0.041560248,0.02270973,5023,0,1.0714986,-2.066323,-10.925234,5023,0,0,1,1
640551188,0.03821806,-0.025895242,0.014457815,4978,0,-0.073764026,-0.09816051,-11.073032,4978,0,0,1,1
640556187,0.016842362,-0.0056072758,0.026244337,4999,0,0.39643988,-0.66181743,-10.42454,4999,0,0,1,1
640561211,0.0011450761,0.0115672685,0.03939862,5024,0,-1.259275,0.46520856,-11.180348,5024,0,0,1,1
640566206,0.0058099763,-0.014525554,0.009253637,4995,0,0.3105569,0.30512273,-11.99743,4995,0,0,1,1
640571187,0.02711861,-0.03295197,0.025126357,4981,0,-0.12350593,-2.838919,-11.1925535,4981,0,0,1,1
640576211,0.045946535,-0.02236416,0.032935757,5024,0,-0.39380234,0.5369106,-10.552392,5024,0,0,1,1
640581188,0.009802588,-0.0023502738,0.02659334,4977,0,0.51854914,1.0738449,-10.993909,4977,0,0,1,1
640586187,0.0101138,0.01093677,0.033330966,4999,0,1.4303353,0.30189303,-10.797289,4999,0,0,1,1
640591212,0.00053675094,0.03315016,0.0044789813,5025,0,0.14846069,-0.84517485,-11.727185,5025,0,0,1,1
640596188,0.029228408,-0.0054527475,0.030097706,4976,0,-0.4024444,-2.8051503,-11.312396,4976,0,0,1,1
640601188,0.03394802,0.0109638,0.02903186,5000,0,-1.0312722,1.1168978,-10.549637,5000,0,0,1,1
640606210,0.027084589,0.034608472,0.006585635,5022,0,0.8128654,1.3262388,-10.673123,5022,0,0,1,1
640611188,0.022837877,0.043029144,0.026808532,4978,0,1.0143272,-1.6533434,-9.783645,4978,0,0,1,1
640616187,0.041564085,0.079437,0.02110935,4999,0,-2.2085667,-1.5658966,-10.719986,4999,0,0,1,1
640621211,0.051962104,0.081939735,0.023871101,5024,0,-0.5755035,-0.1720381,-11.227872,5024,0,0,1,1
640626188,0.04363939,0.050273817,4.2521755e-05,4977,0,-0.16000904,1.084166,-11.435772,4977,0,0,1,1
640631188,0.03746925,0.04435923,0.0015256216,5000,0,1.2487198,-0.49269226,-10.100723,5000,0,0,1,1
640636211,0.041953664,0.0698172,0.04115758,5023,0,-0.027099323,-1.2111508,-10.039581,5023,0,0,1,1
640641188,0.06346443,0.067579806,0.039244626,4977,0,0.82120776,0.6336867,-11.152054,4977,0,0,1,1
640646187,0.06303987,0.063170694,0.00021698666,4999,0,-0.039968565,-1.6893035,-10.512159,4999,0,0,1,1
640651211,0.045891855,0.04399575,0.0027661936,5024,0,-1.4097123,-0.81581885,-10.9992895,5024,0,0,1,1
640656187,0.037963767,0.02621793,0.018210733,4976,0,-0.97480446,1.7302883,-10.244117,4976,0,0,1,1
640661187,0.06544851,0.032635994,0.03725671,5000,0,-0.07640972,0.00635418,-10.110843,5000,0,0,1,1
640666211,0.074966155,0.023381416,0.022665912,5024,0,0.94415164,-2.048465,-10.596677,5024,0,0,1,1
640671188,0.07501456,0.014759949,0.0057642697,4977,0,0.56212324,0.20443273,-10.593396,4977,0,0,1,1
640676187,0.028446209,0.007217036,0.0071181236,4999,0,-1.5057496,0.8424975,-10.649413,4999,0,0,1,1
640681214,0.019927418,-0.0062731244,0.004564855,5027,0,0.21023016,0.70830584,-10.522966,5027,0,0,1,1
640686187,0.051000603,-0.015766043,0.02283507,4973,0,-0.24885069,-0.7929137,-9.992388,4973,0,0,1,1
640691187,0.060640655,-0.017326511,0.018959213,5000,0,-0.45309937,-1.2409974,-10.037287,5000,0,0,1,1
640696212,0.043950874,-0.019583816,-0.005938436,5025,0,1.383078,0.8453883,-11.103901,5025,0,0,1,1
640701188,0.003975916,-0.012545393,0.017944103,4976,0,-1.3726412,-1.7794456,-9.624865,4976,0,0,1,1
640706187,0.012440517,-0.007875329,0.009671337,4999,0,0.24449402,0.8831275,-9.527214,4999,0,0,1,1
640711211,0.031284604,-0.02274276,0.01018023,5024,0,-0.52261275,-1.0084711,-9.684974,5024,0,0,1,1
640716186,0.04144048,-0.016736336,0.027282111,4975,0,0.7329578,1.303003,-10.132993,4975,0,0,1,1
640721188,-0.01150504,-0.017339794,-0.002951677,5002,0,0.9533455,-0.6577635,-9.806284,5002,0,0,1,1
640726211,-0.016770381,-0.0073240697,0.013442002,5023,0,-1.5490259,0.092747636,-9.648445,5023,0,0,1,1
640731188,0.0016255523,-0.015426569,0.004960734,4977,0,-0.35537243,-1.0946639,-9.483921,4977,0,0,1,1
640736187,0.04832467,-0.0062330985,0.01740062,4999,0,0.7701332,1.8534353,-10.030481,4999,0,0,1,1
640741211,0.00048824697,-0.0006824355,0.0016507761,5024,0,0.71797097,-2.052103,-9.163308,5024,0,0,1,1
640746187,-0.0039582695,0.008851753,0.008506067,4976,0,-1.6778102,0.88122666,-9.282502,4976,0,0,1,1
640751188,-0.0020826098,0.00031700166,0.019365257,5001,0,0.9204647,-0.8077608,-10.054022,5001,0,0,1,1
640756211,0.016184812,0.0032618565,0.0059454776,5023,0,-0.5898773,0.02205874,-9.177952,5023,0,0,1,1
640761187,0.036907844,0.02061769,-0.0007609938,4976,0,0.2111029,-0.46500987,-8.915982,4976,0,0,1,1
640766187,0.00472134,0.021280635,0.015210692,5000,0,0.4150692,-0.46293646,-9.722469,5000,0,0,1,1
640771212,0.008356595,0.028717233,0.0030792316,5025,0,-1.3248236,0.8182184,-9.231226,5025,0,0,1,1
640776186,-0.0024350223,0.014527635,0.0097654415,4974,0,0.6643522,-0.30001938,-9.7198515,4974,0,0,1,1
640781188,-0.0051765232,0.035932273,0.0027971815,5002,0,-1.0169071,-0.03671455,-8.419071,5002,0,0,1,1
640786211,0.018264223,0.03346007,0.002431168,5023,0,0.40403557,-0.46501943,-9.183124,5023,0,0,1,1
640791188,-0.0075435536,0.032120615,0.012419847,4977,0,0.26469532,-0.94631284,-9.652877,4977,0,0,1,1
640796188,-0.023265043,0.03149423,-2.9085768e-05,5000,0,-1.3571537,1.253889,-9.024975,5000,0,0,1,1
640801211,-0.0061541833,0.02842934,0.012807436,5023,0,1.3663675,-0.02749613,-9.288982,5023,0,0,1,1
640806187,-0.0149851,0.040874306,0.008990804,4976,0,-1.323288,-1.0966756,-8.61614,4976,0,0,1,1
640811188,-0.029736321,0.015967479,0.0053940644,5001,0,0.37440497,0.2453264,-10.052131,5001,0,0,1,1
640816211,-0.03223437,0.021201584,0.008123495,5023,0,-0.16390811,0.97747135,-8.966172,5023,0,0,1,1
640821188,-0.0410414,0.011806884,-0.004587438,4977,0,-0.22998562,-1.0770085,-9.013302,4977,0,0,1,1
640826187,-0.018734481,0.023447447,0.006272879,4999,0,0.068720095,-0.55251944,-9.2398,4999,0,0,1,1
640831211,-0.04449214,0.01099312,0.0040033343,5024,0,0.5214233,-0.21628693,-9.37721,5024,0,0,1,1
640836187,-0.053705342,0.006019612,0.0006812548,4976,0,-0.74271035,0.09843146,-9.527722,4976,0,0,1,1
640841188,-0.034520812,0.014290311,0.005706932,5001,0,0.2667795,0.116153345,-8.947454,5001,0,0,1,1
640846211,-0.029439043,0.0066487174,-0.0076326514,5023,0,0.093096934,-1.5225301,-9.256201,5023,0,0,1,1
640851188,-0.03178924,-0.002980356,0.010427124,4977,0,-0.8653813,-0.20524207,-9.368535,4977,0,0,1,1
640856187,-0.04005929,-0.005913154,0.005057759,4999,0,0.7093089,1.5047636,-9.678949,4999,0,0,1,1
640861211,-0.04085297,0.007232747,-0.0015214277,5024,0,-1.1862086,-2.0876236,-8.793741,5024,0,0,1,1
640866187,-0.0051976023,-0.005447064,0.006131979,4976,0,0.97217894,0.84248513,-9.701975,4976,0,0,1,1
640871188,-0.029622968,-0.016027104,-0.010281052,5001,0,-0.6858366,-1.9590764,-9.240114,5001,0,0,1,1
640876211,-0.024315147,-0.019453753,0.0051406287,5023,0,-0.71515507,0.92884827,-9.816224,5023,0,0,1,1
640881187,-0.02958936,-0.013472191,0.0029126594,4976,0,0.6168545,-0.3725069,-9.210358,4976,0,0,1,1
640886188,-0.010704462,-0.017071756,-0.007000904,5001,0,-0.8211133,-0.7071968,-9.588027,5001,0,0,1,1
640891212,0.006774733,-0.015985128,0.0046723047,5024,0,1.1705295,-0.04960588,-9.788045,5024,0,0,1,1
640896187,-0.024327453,-0.02296811,-0.0016002726,4975,0,-1.8616395,-1.084524,-9.013682,4975,0,0,1,1
640901188,0.010606467,-0.03081614,0.0032889599,5001,0,0.5952741,1.223437,-9.759984,5001,0,0,1,1
640906211,0.006211538,-0.031408228,-0.0032072784,5023,0,0.10184901,-1.3781277,-9.410605,5023,0,0,1,1
640911188,0.02993697,-0.01657097,-0.006594586,4977,0,-0.61751914,0.8694106,-9.272369,4977,0,0,1,1
640916188,0.0008046894,-0.03326923,0.0032555214,5000,0,1.0009353,-1.2748811,-9.701975,5000,0,0,1,1
640921211,0.012257971,-0.024733718,0.0004172023,5023,0,-1.5384814,0.98876476,-9.317604,5023,0,0,1,1
640926186,0.034219667,-0.039128784,-0.0118214665,4975,0,0.7260466,-1.2648263,-9.913736,4975,0,0,1,1
640931188,0.037006643,-0.016812539,0.0014325466,5002,0,-0.59244424,0.72598815,-9.136292,5002,0,0,1,1
640936211,0.034217197,-0.019281523,-0.010218561,5023,0,0.41648948,-2.0840135,-9.597321,5023,0,0,1,1
640941188,0.006488129,-0.03898934,0.0059942235,4977,0,-0.8673536,0.33919618,-9.973038,4977,0,0,1,1
640946187,0.026713882,-0.028068516,-0.0054254085,4999,0,0.054436512,1.1116949,-9.228207,4999,0,0,1,1
640951212,0.037859295,-0.024897084,-0.008741116,5025,0,0.007783254,-2.2039108,-9.074952,5025,0,0,1,1
640956187,0.030650608,-0.019289395,0.0126174055,4975,0,0.08141808,1.2833111,-9.769842,4975,0,0,1,1
640961188,0.00090084487,-0.028608873,-0.0025445905,5001,0,0.21049924,-2.0230808,-9.3057,5001,0,0,1,1
640966211,0.027049659,-0.031762715,-0.010721704,5023,0,-1.1298093,1.1691788,-9.827232,5023,0,0,1,1
640971188,0.03641071,-0.03508899,0.0019500641,4977,0,1.7053591,-0.42369035,-9.073831,4977,0,0,1,1
640976188,0.025536632,-0.0111124255,-0.0037960603,5000,0,-1.2088152,-1.4865845,-8.939032,5000,0,0,1,1
640981212,0.014392376,-0.025700916,0.002495374,5024,0,0.7595415,1.3632079,-10.572577,5024,0,0,1,1
640986186,0.013329101,-0.026815172,-0.012068769,4974,0,-1.0379825,-0.90079755,-9.030016,4974,0,0,1,1
640991188,0.03220803,-0.03455469,-0.010117912,5002,0,0.25325763,0.19668122,-9.504806,5002,0,0,1,1
640996213,0.033548098,-0.015354549,0.017640494,5025,0,0.6562878,-0.63258,-9.13205,5025,0,0,1,1
641001188,0.02696996,-0.010857682,-0.021178808,4975,0,-1.3841089,-1.0987616,-9.467788,4975,0,0,1,1
641006188,0.02701656,-0.017792894,-7.335592e-05,5000,0,0.9855749,1.2500305,-9.729891,5000,0,0,1,1
641011213,0.030722123,-0.018947614,-0.0037731328,5025,0,-1.0494972,-1.0387855,-8.86873,5025,0,0,1,1
641016187,0.052758135,0.0007160591,-0.005352569,4974,0,0.3992658,0.024409184,-8.79419,4974,0,0,1,1
641021188,0.040772434,-0.005790303,0.0077879997,5001,0,0.57048655,-0.46259212,-9.271296,5001,0,0,1,1
641026211,0.023140064,-0.01588995,-0.017977837,5023,0,-0.89403176,-1.1238177,-8.996292,5023,0,0,1,1
641031188,0.04347548,-0.01222344,0.00035355342,4977,0,-0.0077115023,1.4913566,-9.234603,4977,0,0,1,1
641036188,0.050055154,-0.0011825237,-0.008603683,5000,0,0.24550192,-1.5753326,-8.66082,5000,0,0,1,1
641041213,0.050741244,-0.009110891,-0.0048238738,5025,0,-0.12734704,-0.7745793,-8.839067,5025,0,0,1,1
641046187,0.042042583,-0.01792359,-0.011273576,4974,0,0.028220424,0.8316067,-9.163586,4974,0,0,1,1
641051188,0.030008033,-0.0024797856,-0.0018522766,5001,0,0.49648687,1.5237792,-8.893998,5001,0,0,1,1
641056211,0.034284566,-0.0029677881,-0.0050272373,5023,0,-0.6625107,-2.9627252,-8.404069,5023,0,0,1,1
641061187,0.041916717,-0.022694556,-0.009473268,4976,0,-0.5395696,0.5430864,-9.156269,4976,0,0,1,1
641066188,0.038466576,-0.01876917,-0.02111343,5001,0,0.124089725,0.3569236,-8.65602,5001,0,0,1,1
641071212,0.025256958,-0.0023076285,0.003813288,5024,0,0.545456,-0.51886886,-8.827982,5024,0,0,1,1
641076187,0.03183818,-0.0018091887,-0.0052864705,4975,0,0.03797197,-0.39661935,-8.631928,4975,0,0,1,1
641081188,0.030079618,-0.013188885,-0.030533945,5001,0,-1.0607909,0.17500655,-8.36193,5001,0,0,1,1
641086211,0.040064827,-0.017651955,-0.009630932,5023,0,0.588048,0.8671892,-8.882187,5023,0,0,1,1
641091187,0.012542881,-0.0071873083,0.0002657114,4976,0,0.1362626,-1.8764362,-7.5481105,4976,0,0,1,1
641096188,0.029727029,-0.027079275,-0.0070992243,5001,0,-0.1268606,0.22672443,-8.525363,5001,0,0,1,1
641101211,0.032637708,-0.026962906,-0.027292633,5023,0,-1.3386232,-0.43025002,-7.850624,5023,0,0,1,1
641106187,0.0172837,-0.020389378,-0.010467407,4976,0,0.50682116,0.41335642,-8.719214,4976,0,0,1,1
641111188,0.0147825675,-0.020978244,-0.0030136702,5001,0,0.24173331,-0.5447662,-8.20614,5001,0,0,1,1
641116211,0.03311606,-0.04335343,-0.024140839,5023,0,-0.11022961,-0.4203156,-8.378796,5023,0,0,1,1
641121188,0.034907214,-0.03310083,-0.019276597,4977,0,0.7529602,-0.040188685,-8.279779,4977,0,0,1,1
641126187,0.00029415084,-0.034618024,-0.0047723916,4999,0,-0.33209524,0.14661327,-8.317383,4999,0,0,1,1
641131212,0.018767303,-0.064464696,-0.018448472,5025,0,-0.95015085,-0.44571033,-8.202057,5025,0,0,1,1
641136187,0.041564643,-0.046875935,-0.02108622,4975,0,0.045459393,0.9112446,-8.145321,4975,0,0,1,1
641141188,0.0056057917,-0.04653449,-0.014719923,5001,0,2.0355258,-1.1283135,-7.4537725,5001,0,0,1,1
641146211,0.0039466023,-0.065433644,-0.014478185,5023,0,-0.96728855,-0.10939136,-7.752656,5023,0,0,1,1
641151188,0.03269656,-0.06303392,-0.019436674,4977,0,0.06279963,-0.30590913,-7.8145695,4977,0,0,1,1
641156187,0.021142568,-0.049768843,-0.019266639,4999,0,0.5073669,0.14840503,-7.9082,4999,0,0,1,1
641161214,-0.015222306,-0.06134842,-0.010878656,5027,0,-0.50129116,-0.5980307,-7.916505,5027,0,0,1,1
641166187,0.021150654,-0.077562645,-0.017129326,4973,0,-0.8594934,-0.14386949,-7.7348976,4973,0,0,1,1
641171188,0.01630979,-0.038707282,-0.011756274,5001,0,0.39920902,-0.17748548,-7.6546283,5001,0,0,1,1
641176212,-0.005431,-0.060166795,-0.022567954,5024,0,0.57420427,0.3969374,-7.875337,5024,0,0,1,1
641181188,0.012051698,-0.0595774,-0.0044075563,4976,0,-1.0653398,-0.54673076,-7.569882,4976,0,0,1,1
641186188,0.005020242,-0.033869196,-0.008810612,5000,0,0.10084036,-0.33774287,-7.637672,5000,0,0,1,1
641191212,-0.0013638498,-0.028971352,-0.028111946,5024,0,1.073328,-0.53916705,-6.932345,5024,0,0,1,1
641196187,0.0056675076,-0.051425822,-0.010164982,4975,0,-1.6664205,0.41457197,-7.9023104,4975,0,0,1,1
641201188,0.00613592,-0.015407679,0.003132422,5001,0,0.1837161,-0.43575695,-7.3956375,5001,0,0,1,1
641206215,0.0077938763,-0.014543599,-0.022056933,5027,0,1.0439934,-0.4432652,-7.2987247,5027,0,0,1,1
641211188,0.022977753,-0.029085234,-0.015250313,4973,0,-0.8532675,0.054614615,-7.479529,4973,0,0,1,1
641216188,0.004874315,-0.001266445,0.0008328514,5000,0,0.5208206,-0.7123533,-7.624376,5000,0,0,1,1
641221211,0.012690031,0.003957172,-0.01906722,5023,0,0.5744093,-0.71511316,-6.918691,5023,0,0,1,1
641226186,0.011688126,-0.006746517,-0.015272693,4975,0,-0.9989305,1.0850892,-7.811327,4975,0,0,1,1
641231188,0.035483263,0.024454735,-0.0030714618,5002,0,0.2790487,0.10599907,-7.2698464,5002,0,0,1,1
641236211,0.010834682,0.019088754,-0.014991908,5023,0,0.85985065,-0.68191224,-6.8977633,5023,0,0,1,1
641241187,0.052065372,0.015373869,-0.019774448,4976,0,-0.6438233,-0.31744274,-7.558101,4976,0,0,1,1
641246188,0.029389806,0.041626237,0.016142381,5001,0,0.46582454,0.065954074,-8.063603,5001,0,0,1,1
641251214,0.028660035,0.03569235,-0.014752495,5026,0,0.7019179,-0.649274,-6.9624424,5026,0,0,1,1
641256187,0.03807769,0.04089676,-0.00891652,4973,0,-0.47210026,-0.45182234,-7.535968,4973,0,0,1,1
641261188,0.03353193,0.060213782,0.011053203,5001,0,0.019657118,0.62797517,-8.213519,5001,0,0,1,1
641266211,0.007663443,0.057636246,-0.013405702,5023,0,1.1088287,-0.8558501,-6.9523892,5023,0,0,1,1
641271187,0.036712233,0.06575493,-0.012482331,4976,0,-1.4222358,-0.066305414,-7.7034407,4976,0,0,1,1
641276188,0.028384201,0.07864041,0.0066162706,5001,0,0.29245684,0.10420842,-7.842393,5001,0,0,1,1
641281213,0.012593603,0.058969405,-0.010290664,5025,0,0.145197,-0.6875397,-7.6729584,5025,0,0,1,1
641286187,0.03285801,0.075919226,-0.010703708,4974,0,-0.94430333,0.20437986,-7.7867594,4974,0,0,1,1
641291188,0.019682748,0.08892342,0.010386119,5001,0,-0.7011135,-0.061434556,-7.9175296,5001,0,0,1,1
641296211,0.0043457723,0.05184656,-0.004910648,5023,0,0.5170788,-0.22868252,-7.9263735,5023,0,0,1,1
641301188,0.03430623,0.06004287,-0.010850414,4977,0,-0.9928169,-0.13302195,-8.240387,4977,0,0,1,1
641306188,0.0064635044,0.06681502,0.011595142,5000,0,0.42740414,-0.14201522,-8.404088,5000,0,0,1,1
641311211,-0.0043630693,0.0398028,-0.01065186,5023,0,0.30645812,-0.35648185,-8.007739,5023,0,0,1,1
641316187,0.022436922,0.031274732,-0.011202372,4976,0,-0.52371204,-0.4774916,-8.2879,4976,0,0,1,1
641321188,0.019930806,0.04342388,0.012345256,5001,0,0.67278206,0.37309068,-8.700001,5001,0,0,1,1
641326211,0.0007584681,0.023280663,-0.008764248,5023,0,-0.217242,-1.0972804,-8.024856,5023,0,0,1,1
641331188,0.017731283,-0.0016350274,-0.0069494154,4977,0,-1.3531716,1.0344785,-8.894667,4977,0,0,1,1
641336187,0.00431361,0.02543169,0.01676647,4999,0,1.1166196,-0.47785422,-8.258424,4999,0,0,1,1
641341211,-0.015906222,0.016805919,-0.004517076,5024,0,-0.1983998,-0.121453196,-8.14353,5024,0,0,1,1
641346187,0.018617807,-0.017065153,-0.0030532966,4976,0,-1.2461277,0.20926395,-9.295274,4976,0,0,1,1
641351188,0.008912825,-0.014666845,0.018101128,5001,0,0.94200736,-1.4649097,-8.651608,5001,0,0,1,1
641356210,-0.020101033,0.010816504,0.00060153333,5022,0,-0.07718637,0.34330466,-8.327519,5022,0,0,1,1
641361188,0.0069466014,-0.019292966,-0.00550439,4978,0,-0.9909904,0.28579882,-9.151621,4978,0,0,1,1
641366188,-0.0022916764,-0.03523803,0.00045250767,5000,0,0.29894495,-0.26860884,-8.878851,5000,0,0,1,1
641371211,-0.021025175,-0.01024697,0.015750045,5023,0,0.88559926,-0.33242676,-8.467154,5023,0,0,1,1
641376187,-0.010595491,-0.028182019,0.0067630312,4976,0,-1.5897524,-1.6496866,-9.249879,4976,0,0,1,1
641381188,0.015634961,-0.054260988,0.00030626747,5001,0,0.5448353,2.1339576,-9.61796,5001,0,0,1,1
641386210,-0.022703301,-0.038222592,0.0119271595,5022,0,0.6219201,-1.6059226,-8.728652,5022,0,0,1,1
641391188,-0.027827885,-0.041165985,0.012740428,4978,0,-0.7506091,-0.6613365,-9.317244,4978,0,0,1,1
641396188,0.012013299,-0.041938975,-0.0038721096,5000,0,-0.44699454,0.18315065,-8.428476,5000,0,0,1,1
641401211,-0.007924259,-0.053401653,0.0010149281,5023,0,2.2463362,0.3987846,-10.180169,5023,0,0,1,1
641406187,-0.019642947,-0.04956904,0.0106031485,4976,0,-2.5445287,-0.7503589,-9.056126,4976,0,0,1,1
641411188,-0.008131359,-0.056668837,0.015632927,5001,0,0.48063195,0.07707137,-9.417423,5001,0,0,1,1
641416210,0.010213852,-0.05628219,0.0035069967,5022,0,1.8981855,-0.38396102,-9.362502,5022,0,0,1,1
641421188,0.013197637,-0.049531974,-0.012696384,4978,0,-1.9322922,-0.8869,-9.5266075,4978,0,0,1,1
641426188,-0.009992208,-0.051314175,0.026010387,5000,0,1.0741955,1.5668625,-10.020291,5000,0,0,1,1
641431211,-0.010634914,-0.056140073,0.012881946,5023,0,0.2674116,-2.048909,-8.888469,5023,0,0,1,1
641436187,0.02675977,-0.056303956,0.0016543636,4976,0,-0.7360175,0.61025745,-9.76246,4976,0,0,1,1
641441190,0.027670192,-0.034900248,0.013850818,5003,0,1.1231109,0.6822,-9.888095,5003,0,0,1,1
641446210,-0.011644025,-0.053946223,0.012777471,5020,0,-0.60243607,-1.3150686,-10.001687,5020,0,0,1,1
641451188,0.023436405,-0.061113853,0.01689489,4978,0,-0.44846407,-1.1316153,-9.845959,4978,0,0,1,1
641456188,0.03517696,-0.056962546,0.011874338,5000,0,-0.63790584,0.5684242,-10.045674,5000,0,0,1,1
641461211,0.050407335,-0.03501139,0.003669173,5023,0,1.8153011,0.72940165,-9.731638,5023,0,0,1,1
641466187,0.012936376,-0.037874315,0.010191763,4976,0,-1.1479524,-1.597151,-9.717105,4976,0,0,1,1
641471190,0.02338441,-0.038150955,0.009023772,5003,0,-0.6111712,0.23851532,-10.60347,5003,0,0,1,1
641476210,0.029521216,-0.041168477,0.017107828,5020,0,-0.85655886,0.10513295,-10.180252,5020,0,0,1,1
641481187,0.053371258,-0.030616684,0.0139751285,4977,0,2.0713334,1.0783298,-10.324808,4977,0,0,1,1
641486188,0.020039018,-0.025882471,0.0120988125,5001,0,1.0185784,-2.0599072,-10.193975,5001,0,0,1,1
641491211,0.030748852,-0.01170487,0.0176715,5023,0,-1.8628194,-0.9351413,-9.991512,5023,0,0,1,1
641496187,0.018452711,-0.021151109,0.004669833,4976,0,-1.6159608,1.006418,-11.534643,4976,0,0,1,1
641501188,0.028566064,-0.03974544,0.00547356,5001,0,0.080799066,-0.6395186,-10.206655,5001,0,0,1,1
641506210,0.011257897,-0.025758602,0.016561352,5022,0,0.9038862,1.882101,-9.913431,5022,0,0,1,1
641511188,0.0025379087,-0.013244114,0.018281773,4978,0,0.91838294,-2.9760253,-10.455908,4978,0,0,1,1
641516189,0.025101222,-0.027124481,0.01852587,5001,0,0.16535698,-0.4479847,-11.096543,5001,0,0,1,1
641521211,-0.013163212,-0.028967025,-0.0047629,5022,0,-1.3435967,-0.0058931396,-10.687368,5022,0,0,1,1
641526188,0.004556292,-0.050398864,0.0055787363,4977,0,-1.7345946,-0.27842107,-10.273203,4977,0,0,1,1
641531188,0.0072833993,-0.040505122,0.026391229,5000,0,2.2413037,2.1134703,-10.993891,5000,0,0,1,1
641536210,0.017082557,-0.023086237,0.021788534,5022,0,0.5508281,-2.5884893,-10.4158,5022,0,0,1,1
641541188,0.013231456,-0.04002554,0.017417543,4978,0,-0.97154003,-0.79834396,-10.766217,4978,0,0,1,1
641546188,-0.011210353,-0.06377748,0.0032896532,5000,0,-0.40548295,0.9495738,-11.030848,5000,0,0,1,1
641551211,-0.0073407907,-0.059402414,0.001147703,5023,0,1.1596676,-1.111428,-10.023437,5023,0,0,1,1
641556187,0.0055566304,-0.05423492,0.027280966,4976,0,0.6870994,0.3625149,-10.4655905,4976,0,0,1,1
641561188,0.023806319,-0.042497925,0.015273095,5001,0,-1.475684,-1.1461793,-10.202364,5001,0,0,1,1
641566210,0.0058808154,-0.04589484,0.00818452,5022,0,0.5900986,0.78360194,-10.807572,5022,0,0,1,1
641571188,-0.02396786,-0.05715304,-0.00017532005,4978,0,-0.35451087,-0.60500085,-10.809051,4978,0,0,1,1
641576188,-0.010420846,-0.051488098,0.01634397,5000,0,-0.37099767,-0.73428565,-9.850344,5000,0,0,1,1
641581211,0.0047578043,-0.04669953,0.028021777,5023,0,-0.21493098,1.3623018,-11.112401,5023,0,0,1,1
641586187,0.0017022522,-0.04334548,0.02654357,4976,0,0.9304275,-0.7600974,-10.549836,4976,0,0,1,1
641591188,-0.0038294513,-0.0583681,0.015044633,5001,0,0.8974955,-0.7761196,-10.742005,5001,0,0,1,1
641596210,-0.030753218,-0.029230285,-0.0033641087,5022,0,-1.3005083,-1.148363,-9.439722,5022,0,0,1,1
641601188,-0.029312098,-0.032939684,0.010495259,4978,0,-0.36446297,0.50146496,-11.021179,4978,0,0,1,1
641606188,-0.036935553,-0.04289317,0.02307684,5000,0,-0.69626284,0.74670684,-10.738044,5000,0,0,1,1
641611211,-0.02273844,-0.034566037,0.026561107,5023,0,-0.5260378,-1.3370763,-10.006164,5023,0,0,1,1
641616187,-0.012504474,-0.045386393,0.01917596,4976,0,0.114706606,1.4083351,-11.547772,4976,0,0,1,1
641621188,-0.0522234,-0.03437985,0.0042578587,5001,0,2.3009057,-1.9488313,-10.2098,5001,0,0,1,1
641626210,-0.052249704,-0.022537963,0.0077857007,5022,0,-1.3363341,-0.008879332,-10.480862,5022,0,0,1,1
641631187,-0.034331817,-0.055134233,0.02528453,4977,0,-1.8149234,-0.6224131,-10.314984,4977,0,0,1,1
641636190,-0.021507872,-0.037605558,0.01634923,5003,0,0.8001084,0.14038023,-10.071814,5003,0,0,1,1
641641210,-0.01029819,-0.011711521,0.018044047,5020,0,-0.024142459,0.10698064,-10.778008,5020,0,0,1,1
641646187,-0.049715653,-0.014939325,0.031176914,4977,0,-0.22988984,-0.12225277,-10.489294,4977,0,0,1,1
641651188,-0.051833082,-0.028131608,0.014978838,5001,0,0.76471573,0.7518761,-11.364603,5001,0,0,1,1
641656210,-0.02769939,-0.048346773,0.0050043208,5022,0,-0.19544211,-3.0713735,-9.7268,5022,0,0,1,1
641661188,0.01766082,-0.036232796,0.0155784,4978,0,-1.9838382,1.266557,-10.243774,4978,0,0,1,1
641666188,-0.009487418,-0.02181213,0.02312411,5000,0,0.06942841,0.50028443,-10.723221,5000,0,0,1,1
641671211,-0.038267653,-0.022207148,0.034835365,5023,0,1.1205214,0.13087162,-10.503575,5023,0,0,1,1
641676188,-0.046700794,-0.058052197,0.019808551,4977,0,-1.8324089,-0.27994594,-11.296334,4977,0,0,1,1
641681188,0.007681375,-0.05324314,-0.0014306655,5000,0,1.1388806,-2.127557,-9.588272,5000,0,0,1,1
641686210,0.011430238,-0.056331594,0.021586908,5022,0,0.48192137,1.16557,-11.023615,5022,0,0,1,1
641691188,-0.022077708,-0.033885527,0.027285328,4978,0,-1.7562342,-0.21397787,-9.893001,4978,0,0,1,1
641696188,-0.028305693,-0.045881342,0.03911416,5000,0,0.115697354,1.7325459,-11.137548,5000,0,0,1,1
641701211,-0.030334143,-0.06426358,0.017339248,5023,0,0.0557331,-2.8732057,-11.005582,5023,0,0,1,1
641706187,0.013518922,-0.067142576,0.008009064,4976,0,-0.25758192,-0.58225524,-9.934654,4976,0,0,1,1
641711190,0.0066602277,-0.037224155,0.016099531,5003,0,-1.349795,0.95722723,-10.105566,5003,0,0,1,1
641716210,-0.020336786,-0.03969377,0.026868397,5020,0,0.95785505,1.3180287,-10.988764,5020,0,0,1,1
641721188,-0.02653745,-0.040814593,0.028657101,4978,0,-0.49542692,-2.618687,-9.778399,4978,0,0,1,1
641726188,0.0069008386,-0.05045291,0.012476023,5000,0,-0.5918606,0.56981206,-10.841383,5000,0,0,1,1
641731211,0.007282424,-0.046334244,0.0017177021,5023,0,0.17964219,-1.5636973,-9.615934,5023,0,0,1,1
641736188,0.0006953781,-0.033684663,0.027476346,4977,0,-0.23369643,2.0053668,-10.256718,4977,0,0,1,1
641741188,-0.008692633,-0.020306233,0.024482671,5000,0,0.18862744,-0.6860652,-10.846214,5000,0,0,1,1
641746210,0.007761777,-0.033620212,0.01805582,5022,0,1.2995467,-1.0888408,-10.475938,5022,0,0,1,1
641751187,-0.011210795,-0.0367493,0.010721193,4977,0,-2.6000588,-1.2144408,-9.750018,4977,0,0,1,1
641756187,0.000688048,-0.031715617,0.022269469,5000,0,-1.2111114,2.9890401,-10.503497,5000,0,0,1,1
641761211,-0.011153061,-0.032238215,0.022935111,5024,0,2.7556052,-0.9458857,-10.319604,5024,0,0,1,1
641766188,0.011338733,-0.01455466,0.011268525,4977,0,0.62704027,-0.9225631,-10.152935,4977,0,0,1,1
641771191,-0.0028958374,-0.0134260105,0.0051436056,5003,0,-2.260909,-2.151313,-9.844306,5003,0,0,1,1
641776210,-0.016087672,-0.032713376,0.008595299,5019,0,-0.32171988,2.3255894,-11.008511,5019,0,0,1,1
641781188,-0.013706304,-0.035907548,0.01917353,4978,0,0.4529913,-0.9850921,-9.969898,4978,0,0,1,1
641786188,0.008133442,-0.017361835,0.021676138,5000,0,1.7968377,0.7810138,-9.750823,5000,0,0,1,1
641791211,-0.0018423966,-0.004367148,0.005802101,5023,0,-0.28081053,-2.5598307,-9.662778,5023,0,0,1,1
641796188,-0.0077423765,-0.018627105,0.011899266,4977,0,-2.3456686,1.2418969,-10.797337,4977,0,0,1,1
641801188,-0.020540375,-0.030000642,0.0153932255,5000,0,0.04039522,0.5143053,-10.245202,5000,0,0,1,1
641806210,-0.00939608,-0.021911668,0.0090768235,5022,0,2.8650837,-0.31387228,-10.081587,5022,0,0,1,1
641811191,0.010175599,0.0029329353,0.0023571625,4981,0,-2.1576283,-1.8937168,-8.960302,4981,0,0,1,1
641816186,0.0013481292,0.00023831731,0.018883456,4995,0,-0.4657355,1.979975,-11.214821,4995,0,0,1,1
641821211,-0.023696393,-0.0074272165,0.0036059837,5025,0,0.63030154,-1.4554697,-10.457759,5025,0,0,1,1
641826188,-0.014960584,-0.0185794,0.009403219,4977,0,-0.71803206,0.2550738,-9.334636,4977,0,0,1,1
641831187,-0.019199679,-0.006901377,0.0036684922,4999,0,0.31523797,-1.0262238,-10.033379,4999,0,0,1,1
641836210,0.010106692,0.0019898156,0.016613618,5023,0,1.0447078,0.56407326,-10.369426,5023,0,0,1,1
641841188,-0.0057713403,-0.0015898487,0.025080122,4978,0,-1.0589309,-1.9818089,-9.978846,4978,0,0,1,1
641846187,-0.0050430885,-0.0028114547,-0.0022575278,4999,0,-0.3441479,1.4135592,-10.964403,4999,0,0,1,1
641851210,-0.023717407,-0.01319163,0.001914273,5023,0,0.15806189,-0.50101024,-9.706515,5023,0,0,1,1
641856188,0.00030256098,-0.0015060683,0.028492074,4978,0,0.5518878,0.47546157,-9.604677,4978,0,0,1,1
641861187,0.007666778,-0.00706814,0.0077640205,4999,0,0.44675216,-3.6941273,-9.349947,4999,0,0,1,1
641866211,0.016116573,0.0087454,-0.0034569358,5024,0,-1.5874412,1.997659,-10.328273,5024,0,0,1,1
641871188,-0.0042721685,-0.014014153,0.0003743312,4977,0,0.90116847,1.3545774,-11.417159,4977,0,0,1,1
641876187,-0.012602806,-0.021711424,0.011637031,4999,0,0.40124354,-1.905243,-9.107218,4999,0,0,1,1
641881211,0.039898064,-0.008267248,0.02349971,5024,0,-0.72323,-2.039408,-8.811562,5024,0,0,1,1
641886188,0.042214263,-0.0046836925,0.0017987998,4977,0,-0.09561843,1.6846858,-11.074573,4977,0,0,1,1
641891188,0.017613292,-0.012007347,-0.00029077486,5000,0,1.4299144,0.27311927,-10.587391,5000,0,0,1,1
641896211,-0.009444351,-0.018883139,0.012760149,5023,0,-2.5854218,-2.1397274,-9.285112,5023,0,0,1,1
641901189,0.04171004,-0.031643253,0.020292226,4978,0,0.06620038,0.35190326,-10.644976,4978,0,0,1,1
641906187,0.05722718,-0.021207033,0.0060426844,4998,0,0.47798347,-0.8819944,-9.68026,4998,0,0,1,1
641911212,0.038888562,0.008584989,-0.005863923,5025,0,0.1003376,1.1640469,-10.099536,5025,0,0,1,1
641916188,0.008588879,-0.01895712,0.007135127,4976,0,-0.57510763,-1.2209828,-10.85829,4976,0,0,1,1
641921187,0.019724539,-0.0223464,0.02080618,4999,0,-1.6003017,1.1331934,-10.146371,4999,0,0,1,1
641926211,0.040062103,-0.026814464,0.0106131965,5024,0,2.1440563,-1.2973115,-9.762727,5024,0,0,1,1
641931190,0.03596592,-0.009580739,-0.0068348106,4979,0,-0.8702964,-1.0385833,-9.169562,4979,0,0,1,1
641936187,0.0206706,0.0014793789,0.014325359,4997,0,-0.7303956,1.8812429,-10.69612,4997,0,0,1,1
641941211,-0.0031174333,-0.018422388,0.014794066,5024,0,1.3860234,-0.92679036,-10.79248,5024,0,0,1,1
641946188,0.005447785,-0.021587353,0.008750198,4977,0,-0.8465441,-1.7398195,-9.345299,4977,0,0,1,1
641951188,0.035527978,-0.009286001,0.006315473,5000,0,-0.9789808,-0.9825879,-9.017716,5000,0,0,1,1
641956211,-9.4111056e-05,0.012769664,0.0033603474,5023,0,1.5869406,1.4356276,-10.792115,5023,0,0,1,1
641961188,-0.0063895555,0.010763891,0.016084768,4977,0,0.7828961,-0.64519846,-10.092847,4977,0,0,1,1
641966187,-0.024325283,0.016587071,0.012284001,4999,0,-2.5985277,-0.99971044,-9.940686,4999,0,0,1,1
641971211,0.002893059,0.007954284,0.0054832627,5024,0,0.30754125,0.22909328,-10.455213,5024,0,0,1,1
641976187,0.007388996,0.016623862,0.009209031,4976,0,1.2970916,-1.3826711,-9.294197,4976,0,0,1,1
641981187,-0.006529928,0.04230809,0.005380472,5000,0,0.37251598,1.0013342,-9.933179,5000,0,0,1,1
641986210,-0.025095712,0.049957242,0.0073156147,5023,0,-0.49018526,-0.97607344,-10.107906,5023,0,0,1,1
641991188,0.0029622759,0.025588196,0.026831783,4978,0,-1.441509,0.41134596,-10.457765,4978,0,0,1,1
641996187,0.004640973,0.01773454,0.0023816407,4999,0,1.6082486,-1.6067328,-9.2510605,4999,0,0,1,1
642001211,0.011363267,0.045281913,0.0056690318,5024,0,0.08960744,-0.42832062,-9.423368,5024,0,0,1,1
642006188,-0.009856974,0.05362824,0.023185786,4977,0,0.06270375,1.3783898,-10.726739,4977,0,0,1,1
642011188,-0.013154885,0.028860446,0.0030268694,5000,0,-0.953657,-2.3251715,-10.074059,5000,0,0,1,1
642016211,0.020369366,0.021356856,0.020047681,5023,0,-0.54691225,0.1366638,-10.561159,5023,0,0,1,1
642021188,0.010581411,0.018111,0.0054690586,4977,0,0.7492652,-0.4061454,-9.673266,4977,0,0,1,1
642026187,-0.0057036527,0.042038362,0.0077510513,4999,0,0.6541287,0.095761225,-9.689418,4999,0,0,1,1
642031211,-0.008367644,0.0365571,0.030077878,5024,0,-1.1530365,-0.34581852,-10.242569,5024,0,0,1,1
642036188,0.007300483,0.015540269,0.019348757,4977,0,-1.4176112,0.4626181,-10.720595,4977,0,0,1,1
642041187,0.02487808,0.007618405,0.011018573,4999,0,1.9909072,-1.0241466,-9.600346,4999,0,0,1,1
642046211,0.0052628964,0.028336382,0.010797703,5024,0,-0.3458068,0.19992536,-9.685688,5024,0,0,1,1
642051189,0.007947224,0.022820486,0.015511521,4978,0,-0.073509194,0.4367947,-9.744365,4978,0,0,1,1
642056187,0.017093953,0.016844131,0.018354643,4998,0,-0.13412333,-1.2430451,-10.192166,4998,0,0,1,1
642061211,0.041985333,0.01261864,0.014301597,5024,0,0.020667411,1.4977404,-10.431146,5024,0,0,1,1
642066188,0.025031695,0.011962184,0.012158669,4977,0,0.4327046,-1.6358708,-9.259595,4977,0,0,1,1
642071187,0.0026899076,0.018282203,0.012717862,4999,0,-0.19146502,-0.047754552,-9.806672,4999,0,0,1,1
642076211,0.03200001,0.008353529,0.026121983,5024,0,-0.117978506,0.7171929,-10.338666,5024,0,0,1,1
642081188,0.029460313,0.015418696,0.017641883,4977,0,-0.8205343,-1.3290938,-10.232729,4977,0,0,1,1
642086187,0.029003676,-0.0020038881,0.015623005,4999,0,1.4820136,0.81435424,-10.321731,4999,0,0,1,1
642091211,-0.0019318254,0.019727001,0.026063355,5024,0,-0.13430125,-1.4231561,-9.160487,5024,0,0,1,1
642096188,-0.0044182204,0.019879727,0.01598401,4977,0,-2.2545164,0.09166842,-9.830999,4977,0,0,1,1
642101188,0.005314352,0.007508656,0.019033007,5000,0,1.4515611,1.1913387,-10.539153,5000,0,0,1,1
642106215,-0.0025751628,-0.0008022323,0.026811907,5027,0,0.4523315,-2.005592,-9.444688,5027,0,0,1,1
642111188,0.006382906,0.013592571,0.0126258405,4973,0,-1.2825807,0.31913325,-9.552213,4973,0,0,1,1
642116187,-0.018487647,0.0008371777,0.017215133,4999,0,1.6403422,0.6067303,-10.594145,4999,0,0,1,1
642121211,-0.02271822,0.003037985,0.017583149,5024,0,-1.1046661,-0.92067385,-9.820885,5024,0,0,1,1
642126188,0.019102702,-0.007020042,0.03070896,4977,0,-0.7942015,0.3727025,-9.781946,4977,0,0,1,1
642131188,0.005776765,-0.0073463153,0.032917663,5000,0,2.4422758,-0.2797919,-9.98096,5000,0,0,1,1
642136211,-0.015556378,0.009337571,0.010022659,5023,0,-0.56903654,0.1356941,-10.145474,5023,0,0,1,1
642141189,-0.040995672,-0.0105778705,0.025108395,4978,0,-1.991202,0.5884279,-10.154332,4978,0,0,1,1
642146186,-0.012307714,-0.027619457,0.031687547,4997,0,0.9086609,-2.1185067,-9.92463,4997,0,0,1,1
642151211,0.012491059,-0.014248985,0.017450025,5025,0,0.22504199,0.12593476,-9.371316,5025,0,0,1,1
642156188,-0.014949813,-0.009486343,0.023751486,4977,0,0.103225864,0.61339563,-9.791966,4977,0,0,1,1
642161187,-0.043095,-0.0035471949,0.015837584,4999,0,0.030653462,-0.041837014,-10.208424,4999,0,0,1,1
642166211,-0.033017315,-0.017696584,0.021954259,5024,0,-1.4189318,-0.49228182,-9.823379,5024,0,0,1,1
642171188,0.012214813,-0.02539394,0.049781572,4977,0,-0.18651393,0.20563543,-10.060718,4977,0,0,1,1
642176187,-0.012791947,-0.017582705,0.012783735,4999,0,1.5686508,-0.6343649,-9.633335,4999,0,0,1,1
642181211,-0.015266707,0.00015286866,0.0065433197,5024,0,0.247346,0.6150936,-9.895454,5024,0,0,1,1
642186188,-0.029873142,-0.006294257,0.027534308,4977,0,-0.5634152,-0.053433664,-10.270987,4977,0,0,1,1
642191188,-0.025265126,-0.021666551,0.039284226,5000,0,-1.0300951,-1.4292608,-9.67976,5000,0,0,1,1
642196211,0.003902391,-0.013966445,0.031021725,5023,0,0.17185354,0.5075584,-9.936324,5023,0,0,1,1
642201188,0.011831517,-0.013505768,0.014594235,4977,0,0.9057663,-0.4560311,-9.236999,4977,0,0,1,1
642206187,-0.039475642,0.005240327,0.016417803,4999,0,-0.21079907,0.335123,-10.314648,4999,0,0,1,1
642211211,-0.038409166,-0.013601636,0.0397927,5024,0,-0.2735671,0.5525472,-10.621182,5024,0,0,1,1
642216188,-0.008252501,-0.017457778,0.033356294,4977,0,-0.25238618,-2.8241847,-8.846369,4977,0,0,1,1
642221187,0.00606623,-0.0053443527,0.0047620037,4999,0,-0.19310197,-0.71376956,-8.786846,4999,0,0,1,1
642226211,-0.021630699,0.018629575,0.011432788,5024,0,1.2595052,2.2312212,-10.823686,5024,0,0,1,1
642231188,-0.022452204,0.024688758,0.03808733,4977,0,0.01276505,-0.4320159,-9.518519,4977,0,0,1,1
642236187,-0.018895375,0.010749453,0.04165494,4999,0,-1.0489668,-0.46903554,-10.5235405,4999,0,0,1,1
642241211,-0.00032699818,0.019388596,0.014975475,5024,0,1.0807345,-0.7373002,-9.787668,5024,0,0,1,1
642246188,-0.002462798,0.037633546,0.01342036,4977,0,-0.26238263,-1.0348029,-8.702521,4977,0,0,1,1
642251187,-0.026357334,0.038944475,0.02351233,4999,0,-1.1778125,0.79237574,-10.381931,4999,0,0,1,1
642256211,-0.020989036,0.04570245,0.03801401,5024,0,0.831999,0.057475165,-10.870864,5024,0,0,1,1
642261188,-5.6117202e-05,0.049628325,0.037556637,4977,0,-0.64526737,-1.3331882,-9.362288,4977,0,0,1,1
642266187,0.0016551226,0.0572583,0.015980637,4999,0,-0.025135292,-0.48111376,-10.268335,4999,0,0,1,1
642271211,-0.016997052,0.044126324,0.009467944,5024,0,0.55110776,0.08329556,-9.898987,5024,0,0,1,1
642276188,-0.016203092,0.06552362,0.035154007,4977,0,-0.6186344,-0.024309333,-9.571948,4977,0,0,1,1
642281191,0.002760378,0.07097552,0.04096226,5003,0,-1.0195487,-0.75601727,-9.927221,5003,0,0,1,1
642286211,0.0010990235,0.059263196,0.0286056,5020,0,-0.91713434,0.031456143,-10.14624,5020,0,0,1,1
642291188,0.013461275,0.049434785,0.0067527657,4977,0,2.3863208,-0.20606989,-10.203438,4977,0,0,1,1
642296187,-0.013332464,0.06638549,0.020094825,4999,0,-0.73497856,-0.8800836,-9.408584,4999,0,0,1,1
642301211,-0.008377984,0.06339664,0.037713498,5024,0,-0.4801494,0.5582778,-9.156262,5024,0,0,1,1
642306188,0.026596973,0.060876813,0.029522652,4977,0,0.034149125,-0.83020544,-9.590628,4977,0,0,1,1
642311187,0.020039419,0.04276103,0.031683713,4999,0,0.2153323,-0.061929062,-10.058909,4999,0,0,1,1
642316211,-0.0075711887,0.05094456,0.020518137,5024,0,-0.8327341,-0.265346,-9.365824,5024,0,0,1,1
642321188,-0.010316062,0.04527141,0.030043498,4977,0,1.7286654,0.07799103,-9.156182,4977,0,0,1,1
642326187,0.010427091,0.041798826,0.023702668,4999,0,-1.4145808,-1.6977874,-8.670282,4999,0,0,1,1
642331211,0.03265905,0.03412629,0.02695981,5024,0,0.4771162,-0.3215701,-10.137974,5024,0,0,1,1
642336188,0.00827433,0.0288854,0.030178746,4977,0,1.0010973,0.4592953,-9.951468,4977,0,0,1,1
642341188,-0.012894916,0.017920712,0.027706759,5000,0,-1.4391253,-0.18434568,-9.002204,5000,0,0,1,1
642346210,0.021206588,0.02927959,0.022437755,5022,0,-0.44338262,-0.28492916,-9.014271,5022,0,0,1,1
642351191,0.011198526,0.0066303094,0.03435303,4981,0,1.0441626,0.19222261,-10.175986,4981,0,0,1,1
642356187,0.009042525,0.00069225865,0.03353851,4996,0,-0.1497879,-0.70360094,-9.89406,4996,0,0,1,1
642361212,0.015458417,0.009377871,0.026319264,5025,0,-0.23626676,0.55034035,-9.301069,5025,0,0,1,1
642366187,-0.0129011795,0.017052816,0.023526918,4975,0,0.64091617,-0.17417781,-9.740936,4975,0,0,1,1
642371187,-0.0019467401,-0.002700055,0.039001092,5000,0,-1.8984,-1.4177055,-8.472709,5000,0,0,1,1
642376211,0.02193461,-0.010750926,0.04267746,5024,0,0.57225305,0.82316655,-10.729269,5024,0,0,1,1
642381188,0.022152841,0.010756743,0.023576112,4977,0,1.9302015,-1.3509748,-9.252205,4977,0,0,1,1
642386187,-0.0046793707,0.003947902,0.024958916,4999,0,-1.3729206,-0.48734272,-9.680938,4999,0,0,1,1
642391212,-0.0176458,0.002506822,0.031896982,5025,0,-0.8996726,0.6557299,-10.121851,5025,0,0,1,1
642396186,0.023063228,-0.008758324,0.033313494,4974,0,0.6928961,-1.6665624,-9.947765,4974,0,0,1,1
642401188,0.028719816,-0.0038200947,0.038465507,5002,0,0.40569204,-0.18474975,-9.838211,5002,0,0,1,1
642406211,0.01358081,0.01569698,0.0089693405,5023,0,-1.1425896,0.0882255,-9.015601,5023,0,0,1,1
642411187,-0.017326823,0.010280966,0.027956896,4976,0,0.3697214,2.4311855,-11.191965,4976,0,0,1,1
642416187,-0.020181814,-0.0041900305,0.03182232,5000,0,1.4312742,-1.7392224,-10.15779,5000,0,0,1,1
642421211,0.011779508,-0.0072916145,0.037830465,5024,0,-1.2354547,-2.6104763,-9.827884,5024,0,0,1,1
642426186,0.027450431,-0.00091519865,0.022187786,4975,0,0.044271745,0.9121917,-9.990307,4975,0,0,1,1
642431188,0.005342642,0.015536809,0.0018744273,5002,0,0.7454701,0.8301607,-10.217652,5002,0,0,1,1
642436211,-0.020177461,0.0005001686,0.03733062,5023,0,-0.7052297,0.4599201,-11.303825,5023,0,0,1,1
642441188,-0.012845118,0.0010281135,0.053449575,4977,0,-0.57672596,-0.15534629,-10.898361,4977,0,0,1,1
642446187,0.02378093,-0.019230537,0.01617518,4999,0,0.174661,-2.674419,-9.870425,4999,0,0,1,1
642451212,0.014217104,-0.007473044,0.021888055,5025,0,0.045305554,-0.5043371,-10.217788,5025,0,0,1,1
642456187,-0.034315344,-0.0010111833,0.012586861,4975,0,0.12597434,2.8575199,-11.439234,4975,0,0,1,1
642461188,-0.028081631,-0.0021940658,0.029906746,5001,0,-1.1834081,-0.71449053,-10.424294,5001,0,0,1,1
642466211,-0.025851114,0.00491458,0.036080014,5023,0,-1.469862,0.5258415,-10.98539,5023,0,0,1,1
642471188,0.009590113,-0.009891932,0.039221372,4977,0,1.5234956,-0.015673857,-10.886247,4977,0,0,1,1
642476205,-0.023008786,-0.005902637,0.014781445,5017,0,0.26038134,-2.7223625,-9.848442,5017,0,0,1,1
642481211,-0.02866334,0.01004496,0.008119325,5006,0,-1.6502764,1.3922211,-10.738088,5006,0,0,1,1
642486187,-0.0341564,0.0076391036,0.026586285,4976,0,0.69406873,0.34788886,-11.371556,4976,0,0,1,1
642491188,-0.037110813,0.0018207433,0.048387785,5001,0,0.46570376,-0.06624098,-10.868145,5001,0,0,1,1
642496211,-0.011793973,0.028729847,0.02764253,5023,0,0.5734389,-1.7329227,-10.62223,5023,0,0,1,1
642501188,-0.0096464725,0.028956354,0.0101787625,4977,0,-1.8375432,-1.1643223,-11.149268,4977,0,0,1,1
642506187,-0.019426867,0.020757949,0.028999962,4999,0,0.43602878,1.3120271,-11.576214,4999,0,0,1,1
642511212,-0.039489795,0.015036323,0.03405575,5025,0,0.55850184,-0.76158327,-10.775847,5025,0,0,1,1
642516187,-0.036233667,0.016631095,0.030500492,4975,0,0.1181537,0.75838214,-10.2791,4975,0,0,1,1
642521188,-0.024602545,0.027970212,0.005285369,5001,0,-0.8416213,-2.2265027,-10.079466,5001,0,0,1,1
642526211,-0.01675296,0.02096032,0.03661058,5023,0,-0.3074157,2.1573546,-12.3215475,5023,0,0,1,1
642531188,-0.026956424,0.011708269,0.04519513,4977,0,1.235352,-1.3858614,-11.184822,4977,0,0,1,1
642536188,-0.020431241,0.004864015,0.032857962,5000,0,-0.59354615,0.22393896,-10.866525,5000,0,0,1,1
642541213,0.00075646717,0.016762743,0.014940266,5025,0,-0.11173604,-1.4033699,-9.7445345,5025,0,0,1,1
642546187,-0.019872988,0.015627624,0.01784682,4974,0,-0.8154345,1.2570411,-11.117873,4974,0,0,1,1
642551188,-0.027029727,0.009092745,0.0407699,5001,0,1.2037199,-0.9345917,-10.424023,5001,0,0,1,1
642556211,-0.0005559546,-0.004198375,0.012776629,5023,0,-1.5069436,-1.4706639,-10.364451,5023,0,0,1,1
642561188,-0.0032541067,-0.007882651,0.0111638345,4977,0,-0.285574,1.1033396,-11.584782,4977,0,0,1,1
642566188,-0.026666958,-0.0126923155,-0.04159206,5000,0,1.9440066,0.8021535,-11.338011,5000,0,0,1,1
642571214,-0.09026964,-0.049127735,-0.055087455,5026,0,-1.2267278,-1.3328835,-11.29845,5026,0,0,1,1
642576187,-0.10256136,-0.079981916,-0.020943739,4973,0,-1.0200006,0.19972856,-10.808169,4973,0,0,1,1
642581188,-0.12484612,-0.115270294,0.010158383,5001,0,-0.5616874,-0.5011884,-11.345013,5001,0,0,1,1
642586210,-0.16037905,-0.10625379,0.0131313335,5022,0,1.4017942,1.0033205,-10.732346,5022,0,0,1,1
642591188,-0.19287392,-0.12424198,0.010101143,4978,0,-1.5061002,-0.6867499,-11.310705,4978,0,0,1,1
642596188,-0.19110183,-0.106796876,0.025632175,5000,0,-0.24311042,-0.9786932,-11.073654,5000,0,0,1,1
642601214,-0.2118128,-0.12110331,0.04259941,5026,0,0.81192327,1.8280584,-11.892202,5026,0,0,1,1
642606187,-0.21808594,-0.09769898,0.014666452,4973,0,0.56783724,-1.7846653,-9.543434,4973,0,0,1,1
642611188,-0.18172161,-0.08611542,-0.013503836,5001,0,-0.58773726,-1.8121781,-9.537539,5001,0,0,1,1
642616211,-0.18357934,-0.05476937,-0.014731039,5023,0,-0.6062932,0.9420786,-10.724301,5023,0,0,1,1
642621187,-0.17273217,-0.046237204,0.013677417,4976,0,0.8087185,-0.42163533,-10.6461735,4976,0,0,1,1
642626188,-0.15317729,-0.021714607,-0.0007944722,5001,0,-1.8128886,-0.52671576,-10.179396,5001,0,0,1,1
642631211,-0.1249939,-0.0077711074,0.0048202155,5023,0,-0.17787461,1.2828611,-10.946257,5023,0,0,1,1
642636187,-0.086534604,0.028795304,0.010510645,4976,0,1.3632666,-0.7263566,-10.657731,4976,0,0,1,1
642641188,-0.08053969,0.041773167,0.030703569,5001,0,-0.93141735,-2.784247,-10.30168,5001,0,0,1,1
642646211,-0.052889563,0.046033096,0.04693298,5023,0,-0.7361329,0.6907796,-10.79774,5023,0,0,1,1
642651188,-0.017289655,0.051707245,0.015190197,4977,0,-0.40566406,-0.94776726,-9.375659,4977,0,0,1,1
642656188,-0.012220176,0.07205285,0.00063254096,5000,0,0.17830598,0.6185155,-10.349296,5000,0,0,1,1
642661212,-0.01607545,0.08722675,0.011966122,5024,0,0.24761987,1.5058839,-10.521696,5024,0,0,1,1
642666187,0.01621669,0.105187304,0.027252793,4975,0,0.007873911,-1.1002948,-10.38534,4975,0,0,1,1
642671188,0.060209382,0.07056541,0.017485308,5001,0,-0.1308547,-1.2325889,-10.959952,5001,0,0,1,1
642676212,0.07245498,0.092260316,0.00032401425,5024,0,-0.67835665,-1.1872156,-9.772436,5024,0,0,1,1
642681188,0.09222579,0.09838937,0.0088089,4976,0,1.4563955,-0.43266386,-9.937977,4976,0,0,1,1
642686188,0.045660537,0.094631426,0.018358206,5000,0,-2.2290366,0.004265366,-9.562067,5000,0,0,1,1
642691211,0.061584286,0.10558528,0.033188686,5023,0,0.3328577,2.0503032,-10.621794,5023,0,0,1,1
642696187,0.09468816,0.09815332,0.010671426,4976,0,0.24828756,-0.89827806,-9.786617,4976,0,0,1,1
642701188,0.117035076,0.087452196,0.026253805,5001,0,0.30605197,-1.9387314,-10.4948435,5001,0,0,1,1
642706211,0.114523314,0.105570525,0.012476985,5023,0,0.19339703,-0.21831314,-10.310711,5023,0,0,1,1
642711188,0.100422956,0.10547489,0.01643858,4977,0,0.6009911,1.0030999,-9.982202,4977,0,0,1,1
642716191,0.089217424,0.09530326,0.0070617558,5003,0,-0.61793125,-0.49332455,-9.554597,5003,0,0,1,1
642721212,0.10530997,0.09255087,-0.0030263516,5021,0,-0.49495444,-1.1690695,-9.1170225,5021,0,0,1,1
642726187,0.1132694,0.07819265,0.020235041,4975,0,-1.0726522,0.37706453,-10.406463,4975,0,0,1,1
642731188,0.09293503,0.10075682,0.026549136,5001,0,1.2382153,1.0762316,-10.213055,5001,0,0,1,1
642736211,0.09264101,0.0883317,0.01948169,5023,0,0.755525,-0.33181712,-10.116198,5023,0,0,1,1
642741188,0.077167794,0.09071099,0.014182228,4977,0,0.5829373,-0.98261684,-9.541285,4977,0,0,1,1
642746187,0.06537762,0.078348964,0.012357304,4999,0,-1.5934318,-0.806336,-9.859388,4999,0,0,1,1
642751212,0.09047797,0.06681975,0.041778773,5025,0,0.3748643,0.16625498,-9.701547,5025,0,0,1,1
642756187,0.08068428,0.08209159,0.0003020018,4975,0,-0.5441172,0.38185623,-9.493396,4975,0,0,1,1
642761191,0.067444,0.08780518,-0.0003481773,5004,0,1.5464381,0.09478339,-9.897669,5004,0,0,1,1
642766210,0.028448205,0.06378699,0.026610205,5019,0,-0.8407229,0.4502993,-10.128666,5019,0,0,1,1
642771187,0.03662106,0.0695934,0.019333957,4977,0,-0.88732487,-1.2047851,-9.62409,4977,0,0,1,1
642776188,0.09882435,0.07364631,0.018376503,5001,0,-0.48328122,-0.5592518,-9.648022,5001,0,0,1,1
642781211,0.058735028,0.07911845,-0.0060579428,5023,0,-0.036745865,-0.14466839,-9.071902,5023,0,0,1,1
642786187,0.03688934,0.06841552,0.018277556,4976,0,1.1184471,0.85974336,-10.846631,4976,0,0,1,1
642791188,0.018610353,0.07436958,0.025017187,5001,0,-0.6132641,0.9473763,-9.8808,5001,0,0,1,1
642796211,0.019374281,0.075492516,0.014211454,5023,0,0.23195225,-1.1950773,-9.054027,5023,0,0,1,1
642801188,0.04872834,0.04795039,0.020327087,4977,0,-1.5004586,-0.40748006,-9.853891,4977,0,0,1,1
642806187,0.051324014,0.038181413,-0.0012848269,4999,0,1.3259594,-0.2083777,-9.430101,4999,0,0,1,1
642811214,0.03659685,0.057842933,0.015511153,5027,0,1.3363996,0.21826768,-9.850316,5027,0,0,1,1
642816186,0.007860252,0.05345006,0.0060662944,4972,0,0.009646267,-0.74754196,-9.712795,4972,0,0,1,1
642821187,2.873217e-05,0.03107229,0.023378588,5001,0,-0.97697824,-0.09373883,-9.761231,5001,0,0,1,1
642826211,0.010395877,0.02438971,0.024791442,5024,0,-1.2411381,0.014998612,-9.568799,5024,0,0,1,1
642831188,0.023128347,0.03376697,0.011737065,4977,0,-0.18624145,-0.47392845,-9.049834,4977,0,0,1,1
642836187,0.02341788,0.041352592,-0.0044866884,4999,0,1.2701713,-0.91871023,-8.982424,4999,0,0,1,1
642841211,-0.014089142,0.047210008,0.02093004,5024,0,-0.41009137,0.51286703,-9.74391,5024,0,0,1,1
642846187,-0.027487658,0.04214342,0.03209162,4976,0,-0.9304815,1.4644903,-9.95715,4976,0,0,1,1
642851188,0.0066331,0.04496744,0.010688582,5001,0,-0.0731183,-0.83689976,-9.03732,5001,0,0,1,1
642856210,0.001106236,0.049066704,-0.005280019,5022,0,0.6696943,-1.3774498,-9.2531185,5022,0,0,1,1
642861188,-0.027489915,0.05321859,0.00874812,4978,0,0.8041157,0.061518494,-8.906879,4978,0,0,1,1
642866188,-0.032408785,0.054254517,0.019246941,5000,0,-1.2192103,0.8206709,-9.663088,5000,0,0,1,1
642871212,-0.014371917,0.07319886,0.006304566,5024,0,-0.11487946,0.41217628,-9.571596,5024,0,0,1,1
642876186,-0.01205338,0.052187383,0.01751701,4974,0,0.27316794,-1.6997813,-9.454927,4974,0,0,1,1
642881188,-0.034192055,0.037445575,0.015987651,5002,0,-1.7679087,-0.29638755,-9.213709,5002,0,0,1,1
642886211,-0.020122038,0.075757824,0.010502157,5023,0,0.25341794,1.8734413,-9.235528,5023,0,0,1,1
642891188,-0.03153406,0.0740462,0.0081581725,4977,0,1.8369766,0.32517204,-9.3274145,4977,0,0,1,1
642896188,-0.04376517,0.03144636,0.007819366,5000,0,-0.36511338,-1.5028512,-9.5181875,5000,0,0,1,1
642901213,-0.025917485,0.041535936,0.02511148,5025,0,-1.2103595,-0.29456517,-9.126514,5025,0,0,1,1
642906187,-0.03848434,0.052438058,0.010725713,4974,0,0.7816949,0.342983,-8.406912,4974,0,0,1,1
642911188,-0.030440532,0.03451674,-0.0059464276,5001,0,0.30995238,-0.46201077,-9.045789,5001,0,0,1,1
642916211,-0.032701068,0.037202306,0.020383963,5023,0,-1.0037133,0.5767399,-8.815985,5023,0,0,1,1
642921188,-0.03682586,0.03483461,0.028371152,4977,0,1.0201176,-0.1296699,-9.253602,4977,0,0,1,1
642926188,-0.018637141,0.020023227,-0.008926964,5000,0,-0.4032702,-1.508162,-8.794789,5000,0,0,1,1
642931212,-0.01970134,0.019337518,0.0037745917,5024,0,-0.8110069,1.1205496,-8.125487,5024,0,0,1,1
642936187,-0.06357104,0.024017204,0.021711253,4975,0,2.2559114,0.1696984,-8.612091,4975,0,0,1,1
642941188,-0.030484997,0.01939194,0.0053986935,5001,0,-0.71560425,-0.7732922,-8.34627,5001,0,0,1,1
642946211,-0.013579681,0.014665362,0.011227715,5023,0,-0.7064707,-0.40674233,-9.319177,5023,0,0,1,1
642951188,-0.027499305,0.008194334,0.009531907,4977,0,0.89807415,-0.15121219,-8.303928,4977,0,0,1,1
642956188,-0.033403788,0.01286772,-0.00065674394,5000,0,-0.9686033,0.2173204,-8.3022995,5000,0,0,1,1
642961216,-0.029202145,0.012970747,0.012390373,5028,0,0.72732663,-1.1017079,-8.282435,5028,0,0,1,1
642966187,-0.015035675,0.015141538,0.023872549,4971,0,-0.68688184,0.39092195,-8.307105,4971,0,0,1,1
642971188,-0.017865663,0.00020434945,-0.0050266986,5001,0,-0.3924971,-0.5409235,-9.467291,5001,0,0,1,1
642976211,-0.03149654,0.009328658,0.0154679185,5023,0,-0.59561473,0.5085628,-8.123162,5023,0,0,1,1
642981187,-0.035106607,-0.00018158705,0.015826952,4976,0,0.8064797,-0.34662193,-8.706421,4976,0,0,1,1
642986187,-0.0033630808,0.013379458,0.0068877116,5000,0,-0.6502826,-0.41947886,-8.831571,5000,0,0,1,1
642991212,-0.017059842,0.021416683,0.0068362053,5025,0,0.7538234,-0.36108407,-8.567594,5025,0,0,1,1
642996187,-0.03469132,0.018628065,0.010148213,4975,0,-0.8272884,1.2332174,-8.286116,4975,0,0,1,1
643001188,-0.038173266,0.010550579,0.008063893,5001,0,0.43887842,-1.1961195,-8.8119755,5001,0,0,1,1
643006211,-0.013692428,0.023032034,0.005902575,5023,0,-0.109511174,-0.09787365,-7.7409434,5023,0,0,1,1
643011188,-0.02138582,0.02653016,-0.0064380523,4977,0,0.16470797,0.21029836,-8.066443,4977,0,0,1,1
643016188,-0.02458779,0.027070917,0.010056042,5000,0,0.15933612,-0.14859943,-8.985411,5000,0,0,1,1
643021212,-0.04125822,0.029088497,0.0028164969,5024,0,0.6644943,0.12703347,-7.9693356,5024,0,0,1,1
643026187,-0.044535518,0.039046407,0.0021949282,4975,0,0.27836418,0.41102925,-8.453668,4975,0,0,1,1
643031188,-0.015347401,0.045598753,0.0037940983,5001,0,0.37932304,-0.8371404,-7.765169,5001,0,0,1,1
643036211,-0.0287097,0.038448505,0.003698502,5023,0,-0.15999867,0.56356955,-8.555567,5023,0,0,1,1
643041188,-0.040792514,0.062407296,0.009988418,4977,0,-0.51331663,-0.13174556,-8.353691,4977,0,0,1,1
643046188,-0.038352408,0.040283207,0.0041895993,5000,0,0.8773635,-1.5247943,-8.217203,5000,0,0,1,1
643051211,-0.021462254,0.047294207,-0.018805323,5023,0,-0.38453305,0.6465618,-7.7890444,5023,0,0,1,1
643056187,-0.022648135,0.08018224,0.01601202,4976,0,-0.29906538,-0.08482766,-9.020905,4976,0,0,1,1
643061188,-0.039175544,0.06299102,0.0076803034,5001,0,0.29809368,-0.41937724,-8.599195,5001,0,0,1,1
643066211,-0.043457102,0.0682279,-0.0040678093,5023,0,-1.2786046,-0.07679828,-8.409959,5023,0,0,1,1
643071188,-0.02591623,0.064687006,0.005002068,4977,0,0.64910865,-0.6180046,-8.517387,4977,0,0,1,1
643076187,-0.039579183,0.07143964,-0.0005201504,4999,0,0.16211584,0.8478469,-8.285171,4999,0,0,1,1
643081212,-0.042057518,0.07952068,0.0030846966,5025,0,0.18644778,-1.3911568,-8.797749,5025,0,0,1,1
643086187,-0.034941006,0.06765116,0.009310454,4975,0,-0.8356278,-0.58952236,-8.984588,4975,0,0,1,1
643091188,-0.03156344,0.06319886,-0.0036598146,5001,0,0.097869635,0.88768,-8.8863,5001,0,0,1,1
643096211,-0.026873205,0.06867107,-0.011643209,5023,0,0.8069439,-1.5517079,-8.72037,5023,0,0,1,1
643101188,-0.027469438,0.07657423,0.0017670235,4977,0,-0.9574515,0.17609316,-8.394855,4977,0,0,1,1
643106188,-0.03535083,0.053946458,0.013187733,5000,0,-0.7153491,0.37594238,-9.703943,5000,0,0,1,1
643111211,-0.0041883327,0.057625417,0.00050336064,5023,0,0.19069928,-1.5589863,-9.146306,5023,0,0,1,1
643116187,-0.015763292,0.03313878,-0.018746475,4976,0,-0.42333028,-0.06686091,-8.834229,4976,0,0,1,1
643121188,-0.011794721,0.035890236,0.00034991375,5001,0,0.34148666,0.82509,-9.581613,5001,0,0,1,1
643126211,-0.0015496555,0.042593148,0.0148718925,5023,0,0.5268716,-0.80276513,-9.248646,5023,0,0,1,1
643131188,-0.008629287,0.03530788,-0.00932025,4977,0,-0.4644048,-0.33019075,-9.573757,4977,0,0,1,1
643136187,-0.0010948062,0.022540217,-0.010363819,4999,0,-0.50331587,-0.95576406,-9.525622,4999,0,0,1,1
643141212,0.0011529963,0.013476788,-0.007678165,5025,0,-0.6308039,1.2678002,-9.049284,5025,0,0,1,1
643146187,-0.0029869482,0.030825645,-0.00949694,4975,0,1.2405401,-0.6028552,-9.363722,4975,0,0,1,1
643151188,0.011091768,0.017961754,-0.0140839815,5001,0,-0.045870095,-1.0982331,-9.15782,5001,0,0,1,1
643156210,0.013215596,0.0038453545,-0.01125123,5022,0,-0.10546632,-0.8252358,-10.0682125,5022,0,0,1,1
643161188,0.020075591,0.017530454,0.00013387541,4978,0,0.6921973,-1.038616,-10.043775,4978,0,0,1,1
643166188,0.0045310906,0.0066579576,-0.022565138,5000,0,-0.58689684,-0.7732092,-8.92615,5000,0,0,1,1
643171211,0.00594016,-0.0005880679,-0.009836269,5023,0,-1.0421247,1.5499332,-10.308356,5023,0,0,1,1
643176188,0.0025585566,0.0075718677,-0.005661099,4977,0,0.361406,-0.19045271,-9.613851,4977,0,0,1,1
643181188,0.021580515,-0.009002118,-0.015732497,5000,0,-1.0592165,-0.8933678,-9.966389,5000,0,0,1,1
643186210,0.038271654,-0.0071125403,-0.014758322,5022,0,0.060978506,1.0009842,-11.100046,5022,0,0,1,1
643191187,-0.00056142017,-0.012011932,-0.004556256,4977,0,0.94162226,0.2596217,-9.864879,4977,0,0,1,1
643196191,-0.0004799685,-0.017760057,-0.024780238,5004,0,-0.0886578,-0.07400541,-9.908747,5004,0,0,1,1
643201211,0.032917324,-0.0049839346,-0.027155329,5020,0,0.18511015,-1.3774886,-9.699793,5020,0,0,1,1
643206187,0.025413925,-0.020312395,-0.002999209,4976,0,0.63146496,-0.7505958,-9.828107,4976,0,0,1,1
643211190,0.007920044,-0.029220553,-0.02073616,5003,0,-0.5140897,0.19627343,-10.150848,5003,0,0,1,1
643216210,0.03645838,-0.017297246,-0.03253027,5020,0,-0.7366764,0.316848,-10.500836,5020,0,0,1,1
643221188,0.005149555,-0.009841656,-0.0240292,4978,0,0.6893013,-0.23987678,-9.436976,4978,0,0,1,1
643226188,-0.006417193,-0.039335262,-0.04750585,5000,0,-0.84434897,-1.0044909,-10.549383,5000,0,0,1,1
643231211,-0.00853902,-0.04882803,-0.034368675,5023,0,0.2904484,0.38465798,-10.361726,5023,0,0,1,1
643236187,-0.04218293,-0.035642914,-0.047272082,4976,0,0.19480282,-0.9518568,-9.7398815,4976,0,0,1,1
643241189,-0.036925036,-0.039303575,-0.02217291,5002,0,-0.6787225,-0.25639358,-10.5039625,5002,0,0,1,1
643246210,-0.046348117,-0.051420353,-0.039253283,5021,0,-0.73915005,0.44512516,-10.755796,5021,0,0,1,1
643251188,-0.08264763,-0.05382933,-0.03786574,4978,0,0.69315237,1.6220138,-10.17739,4978,0,0,1,1
643256188,-0.07651795,-0.05321961,-0.039584782,5000,0,-0.32003638,-1.4120487,-9.534586,5000,0,0,1,1
643261211,-0.0746657,-0.057942256,-0.01985752,5023,0,0.27069822,-0.97121537,-10.215783,5023,0,0,1,1
643266187,-0.070831075,-0.060559914,-0.043357875,4976,0,-0.52886117,-1.011653,-9.752242,4976,0,0,1,1
643271190,-0.086682506,-0.050318643,-0.029512772,5003,0,0.4753838,0.8602976,-11.003137,5003,0,0,1,1
643276210,-0.085131824,-0.04061602,-0.051055532,5020,0,-0.49535596,0.233319,-9.77629,5020,0,0,1,1
643281188,-0.083324924,-0.04751079,-0.029751671,4978,0,0.26587692,0.30469313,-10.496172,4978,0,0,1,1
643286188,-0.10413453,-0.042008918,-0.031537835,5000,0,-0.16389124,-1.0138015,-9.849002,5000,0,0,1,1
643291211,-0.07524653,-0.051419005,-0.0441933,5023,0,-0.7423426,-0.8777202,-10.015137,5023,0,0,1,1
643296188,-0.042069767,-0.038380083,-0.05362238,4977,0,-0.33644366,-2.035888,-9.341342,4977,0,0,1,1
643301188,-0.056622755,-0.027569342,-0.036512785,5000,0,0.42664814,0.7927229,-10.118177,5000,0,0,1,1
643306210,-0.071626544,-0.023826348,-0.030291451,5022,0,-1.1281182,1.4094772,-10.44332,5022,0,0,1,1
643311188,-0.058121894,-0.014043268,-0.033660136,4978,0,0.49336365,1.5745965,-10.646061,4978,0,0,1,1
643316188,-0.033836104,-0.0052526807,-0.05163321,5000,0,-0.463017,-1.2027321,-9.655123,5000,0,0,1,1
643321211,-0.007854887,-0.01777304,-0.028789379,5023,0,0.7131404,-1.7805827,-10.137081,5023,0,0,1,1
643326188,0.0066163833,-0.020377535,-0.040659957,4977,0,-0.8764673,-1.1047865,-9.421676,4977,0,0,1,1
643331188,0.0009069324,-0.012072266,-0.046032723,5000,0,1.283616,1.8309997,-10.82465,5000,0,0,1,1
643336210,-0.017956236,0.006646558,-0.043529373,5022,0,0.3016131,0.049540307,-9.477371,5022,0,0,1,1
643341188,-0.0035590245,0.018460087,-0.03296852,4978,0,-0.08374087,-0.34008455,-10.146584,4978,0,0,1,1
643346188,0.003204941,-0.00988996,-0.028684214,5000,0,-1.3352314,-0.7253071,-10.124098,5000,0,0,1,1
643351211,0.035929494,-0.0052456027,-0.029806353,5023,0,-0.74664557,-0.32948267,-9.313003,5023,0,0,1,1
643356187,0.03141663,0.006449806,-0.057943966,4976,0,0.37052077,-0.23844078,-9.472265,4976,0,0,1,1
643361192,0.013502697,-0.0021898139,-0.0570858,5005,0,0.43766934,-0.22967376,-9.485759,5005,0,0,1,1
643366210,-0.026082179,0.012492246,-0.02912113,5018,0,-0.037391488,1.6651156,-10.493647,5018,0,0,1,1
643371188,-0.018883144,0.022567824,-0.027044373,4978,0,0.49814418,-0.8084939,-10.444653,4978,0,0,1,1
643376188,0.031704947,0.0036772664,-0.025917875,5000,0,-0.6290175,-1.622775,-10.334125,5000,0,0,1,1
643381211,0.038219832,0.0098482575,-0.05161605,5023,0,0.17907827,-1.6150906,-9.383186,5023,0,0,1,1
643386188,-0.0005429305,0.0021184937,-0.038194142,4977,0,-0.19178562,0.46032453,-9.871297,4977,0,0,1,1
643391188,-0.01980761,0.0071142516,-0.047633402,5000,0,-0.4189998,0.85470927,-9.418155,5000,0,0,1,1
643396210,0.0020246636,0.00882744,-0.043513246,5022,0,-0.11513871,-0.35803357,-10.348104,5022,0,0,1,1
643401188,0.00038841873,0.014819206,-0.027323946,4978,0,-0.3618658,-0.38005272,-10.4379835,4978,0,0,1,1
643406188,0.009932838,-0.0077571603,-0.019288652,5000,0,-0.13361031,-0.28527433,-10.904047,5000,0,0,1,1
643411211,0.021370409,0.001946734,-0.04861593,5023,0,0.21779665,-0.4423954,-9.994329,5023,0,0,1,1
643416188,0.022992473,0.0039746566,-0.037187345,4977,0,1.2508891,-0.18104535,-9.499966,4977,0,0,1,1
643421188,-0.02334528,0.0094583705,-0.05222541,5000,0,-0.24282068,-0.65557724,-9.622889,5000,0,0,1,1
643426210,-0.011831313,-0.004722615,-0.022242319,5022,0,-0.6318903,0.2452481,-10.154198,5022,0,0,1,1
643431188,0.021882214,0.00835233,-0.03609363,4978,0,-0.95128477,-0.2798623,-10.570414,4978,0,0,1,1
643436188,0.034859013,0.016321428,-0.03509119,5000,0,0.3379343,0.015006801,-9.913831,5000,0,0,1,1
643441211,0.01871972,0.0020747609,-0.0453312,5023,0,-0.25121686,-0.90253,-9.640595,5023,0,0,1,1
643446188,0.015823834,-0.0046266117,-0.039313544,4977,0,0.013244942,1.4076533,-9.88994,4977,0,0,1,1
643451188,-0.0017504166,0.015136141,-0.043886382,5000,0,0.30997717,-0.8073461,-9.369405,5000,0,0,1,1
643456210,0.023678418,0.014008642,-0.031063039,5022,0,-0.13946013,-0.75467956,-9.78074,5022,0,0,1,1
643461188,0.031800866,0.0003317096,-0.04242828,4978,0,-0.38154054,-1.4432696,-10.404175,4978,0,0,1,1
643466187,0.020984385,0.0044633076,-0.025817279,4999,0,0.486228,0.765921,-10.2126,4999,0,0,1,1
643471211,0.001075848,0.024113614,-0.051123086,5024,0,-0.23653793,0.13802247,-9.447434,5024,0,0,1,1
643476188,0.02014632,0.011752899,-0.046738513,4977,0,-0.43105823,-1.5230163,-9.859735,4977,0,0,1,1
643481188,0.010238691,0.014287955,-0.029992338,5000,0,-0.26367414,0.47331592,-9.949975,5000,0,0,1,1
643486214,-0.0018378742,0.030705582,-0.028116342,5026,0,0.021334955,0.5109148,-10.703652,5026,0,0,1,1
643491188,0.0149126435,0.017109396,-0.031019334,4974,0,0.39255208,0.05013635,-10.436477,4974,0,0,1,1
643496188,0.0013509141,0.024091862,-0.06481689,5000,0,0.55728024,-1.0266451,-9.690823,5000,0,0,1,1
643501211,-0.015431877,0.026954394,-0.03627864,5023,0,-0.4635261,0.21127708,-9.8853655,5023,0,0,1,1
643506188,-0.02051738,0.018367846,-0.026163546,4977,0,-1.1093845,-1.3096718,-9.28084,4977,0,0,1,1
643511188,0.027910579,0.017582301,-0.038191594,5000,0,-0.26553297,0.3668878,-10.309644,5000,0,0,1,1
643516210,0.012210055,0.043198533,-0.055365145,5022,0,0.47494206,-0.012464394,-9.898928,5022,0,0,1,1
643521188,-0.040672474,0.025368718,-0.030910797,4978,0,0.49641776,1.3676564,-10.820064,4978,0,0,1,1
643526187,-0.042953096,0.014462003,-0.026613887,4999,0,-0.02924111,-0.93606377,-9.683808,4999,0,0,1,1
643531210,-0.019983217,0.023027513,-0.029061127,5023,0,-0.5313343,-0.17822132,-9.6191635,5023,0,0,1,1
643536188,-0.0026664461,0.030711895,-0.06257389,4978,0,0.31244698,-1.9566214,-9.439035,4978,0,0,1,1
643541188,-0.008145964,0.017909138,-0.040328518,5000,0,-0.23738821,-0.045371953,-10.144245,5000,0,0,1,1
643546210,-0.017357856,0.025034305,-0.030153014,5022,0,0.6641697,0.46968877,-10.406569,5022,0,0,1,1
643551188,-0.03831264,0.048695512,-0.042498477,4978,0,-0.68389124,0.677933,-9.468163,4978,0,0,1,1
643556188,-0.03266017,0.02244109,-0.044230744,5000,0,0.13596815,-0.843007,-9.702637,5000,0,0,1,1
643561211,-0.020813312,0.006146503,-0.055253126,5023,0,-1.2489724,-0.9061697,-9.831474,5023,0,0,1,1
643566188,0.008731263,0.0072824433,-0.013821855,4977,0,1.4537911,-0.65304536,-10.21126,4977,0,0,1,1
643571188,-0.0037968338,0.03674353,-0.034980174,5000,0,-0.2584412,-0.57080203,-9.632468,5000,0,0,1,1
643576210,-0.02223229,0.017496675,-0.05982209,5022,0,-0.791497,0.81350917,-10.033919,5022,0,0,1,1
643581187,-0.029399455,0.0045133615,-0.045889936,4977,0,-1.0348253,0.64698476,-10.11409,4977,0,0,1,1
643586188,-0.022241468,0.008961196,-0.025114996,5001,0,0.21642633,0.6559111,-9.610146,5001,0,0,1,1
643591211,0.021144863,0.006982175,-0.038963486,5023,0,1.1280885,-2.6180277,-9.745775,5023,0,0,1,1
643596188,0.01498024,-0.010497237,-0.058090933,4977,0,0.57594055,-0.37329644,-9.493562,4977,0,0,1,1
643601189,-0.032733828,-0.0007077882,-0.06321716,5001,0,0.102142826,0.8708969,-10.371048,5001,0,0,1,1
643606210,-0.028325966,0.0008088195,-0.033367977,5021,0,-1.8750381,0.7212045,-9.868674,5021,0,0,1,1
643611188,0.0016015199,-0.0107291415,-0.026801948,4978,0,0.71868604,-0.33490393,-9.338791,4978,0,0,1,1
643616188,0.013845447,-0.0130301425,-0.057348505,5000,0,-1.17713,-1.6176251,-9.515335,5000,0,0,1,1
643621211,-0.012728085,-0.026718494,-0.049843296,5023,0,1.0833546,0.58021235,-10.565478,5023,0,0,1,1
643626188,-0.0075477324,-0.0074658366,-0.04558365,4977,0,-0.23434183,-0.6437197,-9.547622,4977,0,0,1,1
643631188,-0.0014180143,-0.0076267193,-0.02300045,5000,0,0.1920639,1.3569723,-10.2272625,5000,0,0,1,1
643636210,-0.019694228,-0.012929334,-0.049605493,5022,0,-0.5834915,-1.0999732,-9.116368,5022,0,0,1,1
643641188,-0.0034111708,-0.038052622,-0.042923313,4978,0,-0.7560514,-0.033345357,-10.053311,4978,0,0,1,1
643646187,0.016282635,-0.021530736,-0.06385874,4999,0,0.5852539,-0.6252294,-9.976866,4999,0,0,1,1
643651211,0.007524527,-0.008236582,-0.044888563,5024,0,1.3782995,0.14800853,-9.817911,5024,0,0,1,1
643656188,-0.03490533,-0.014563498,-0.040538106,4977,0,-0.3122608,-0.16441983,-9.911983,4977,0,0,1,1
643661190,-0.03137425,-0.027487338,-0.04447889,5002,0,-1.1743722,0.15600552,-9.799417,5002,0,0,1,1
643666210,-0.0018471439,-0.042179573,-0.054831576,5020,0,-1.1208853,-0.5816317,-10.158604,5020,0,0,1,1
643671188,0.005294039,-0.027946554,-0.04749169,4978,0,0.7834884,-0.3429602,-9.484413,4978,0,0,1,1
643676188,-0.008178283,-0.028882382,-0.053385768,5000,0,0.8283067,-1.0243665,-9.866517,5000,0,0,1,1
643681211,-0.02273476,-0.03332951,-0.04365015,5023,0,0.031589378,0.40043867,-10.1307955,5023,0,0,1,1
643686187,-0.025743783,-0.023886051,-0.048788425,4976,0,-1.4238966,1.7652323,-10.437379,4976,0,0,1,1
643691188,-0.014498487,-0.028600074,-0.042664774,5001,0,0.13472489,-0.5467337,-9.914093,5001,0,0,1,1
643696210,-0.011049468,-0.05166295,-0.055834673,5022,0,0.5745866,-1.1546205,-9.379508,5022,0,0,1,1
643701188,-0.032481138,-0.03404407,-0.058523133,4978,0,1.404346,0.17390499,-10.136158,4978,0,0,1,1
643706188,-0.034238044,-0.013016907,-0.053900532,5000,0,-1.6761975,0.44395933,-9.741624,5000,0,0,1,1
643711211,-0.02333758,-0.024143687,-0.060128704,5023,0,-0.7026877,0.66484165,-10.023382,5023,0,0,1,1
643716187,-0.013021575,-0.04169022,-0.05335727,4976,0,0.15059914,-0.5795087,-9.934212,4976,0,0,1,1
643721188,-0.02552325,-0.036446866,-0.042153258,5001,0,0.7551428,0.1479681,-9.913633,5001,0,0,1,1
643726210,-0.019977327,-0.026734404,-0.069069296,5022,0,-0.22644831,-1.0071831,-9.027953,5022,0,0,1,1
643731188,-0.011182545,-0.023019413,-0.062345944,4978,0,-0.3772451,1.4931015,-9.698222,4978,0,0,1,1
643736188,-0.029856846,-0.026797716,-0.05582626,5000,0,0.75663763,-0.8464161,-10.304596,5000,0,0,1,1
643741211,-0.022167882,-0.0472697,-0.035755508,5023,0,0.09090026,-1.1583091,-9.991639,5023,0,0,1,1
643746188,-0.019709675,-0.045393847,-0.06315974,4977,0,-0.5694697,-1.0083325,-9.56506,4977,0,0,1,1
643751188,-0.013847176,-0.017450264,-0.075558014,5000,0,-0.6712231,1.1984402,-9.45346,5000,0,0,1,1
643756210,-0.03994339,-0.010597891,-0.060984127,5022,0,0.61548716,0.9067504,-9.980414,5022,0,0,1,1
643761188,-0.030782117,-0.027846908,-0.046804596,4978,0,-0.19632588,-1.1089476,-10.229892,4978,0,0,1,1
643766188,-0.012037898,-0.025363289,-0.054855864,5000,0,-0.44715995,-0.5356388,-9.337978,5000,0,0,1,1
643771210,-0.019143373,-0.020250782,-0.07831791,5022,0,-0.025541326,0.30023482,-9.717228,5022,0,0,1,1
643776187,-0.03342705,-0.010442214,-0.07149893,4977,0,1.18999,0.67962253,-9.598366,4977,0,0,1,1
643781188,-0.030928334,-0.009975833,-0.06849596,5001,0,-0.46911314,-2.1593316,-9.058693,5001,0,0,1,1
643786210,-0.008662497,0.0072864722,-0.042344134,5022,0,-1.7794967,1.2886275,-10.885892,5022,0,0,1,1
643791188,-0.02022725,-0.0038610455,-0.07151064,4978,0,0.28723273,0.7465094,-9.851046,4978,0,0,1,1
643796188,-0.017729765,0.009939535,-0.07925476,5000,0,1.2712681,-1.452076,-9.467007,5000,0,0,1,1
643801211,-0.02221556,0.018989604,-0.07017314,5023,0,-0.5627826,0.042910803,-9.796459,5023,0,0,1,1
643806188,-0.028424786,0.02325053,-0.06480523,4977,0,-0.72280407,0.25289607,-9.756924,4977,0,0,1,1
643811188,0.00656513,0.019854534,-0.06038859,5000,0,0.72526306,0.5135503,-10.163959,5000,0,0,1,1
643816210,-0.0017581411,0.032005705,-0.08034391,5022,0,-0.6654399,-2.9169228,-9.488921,5022,0,0,1,1
643821188,-0.016639141,0.03640727,-0.069440976,4978,0,-0.9557038,1.7354544,-10.624399,4978,0,0,1,1
643826188,-0.043222785,0.03998113,-0.06703044,5000,0,0.2782771,1.7993778,-10.08363,5000,0,0,1,1
643831211,-0.021742318,0.031661205,-0.060932975,5023,0,0.90598154,-2.2437427,-9.727318,5023,0,0,1,1
643836188,-0.006937927,0.020700362,-0.07366166,4977,0,-0.97872406,-1.5223064,-9.527786,4977,0,0,1,1
643841188,-0.013593584,0.028600471,-0.07889314,5000,0,-0.4629353,1.9255595,-10.408385,5000,0,0,1,1
643846210,-0.04849584,0.022784453,-0.058578245,5022,0,1.0407207,0.3078693,-10.603116,5022,0,0,1,1
643851188,-0.0457984,0.009320272,-0.06033451,4978,0,-0.9577391,-1.9002926,-9.217116,4978,0,0,1,1
643856188,0.00035945594,0.016852722,-0.07405806,5000,0,0.21746412,0.8057165,-9.634543,5000,0,0,1,1
643861211,-0.02064053,0.0010732252,-0.08534394,5023,0,0.49983326,-1.4328492,-9.959617,5023,0,0,1,1
643866188,-0.03999451,0.00020588646,-0.0586396,4977,0,-0.5297175,0.47990215,-9.968152,4977,0,0,1,1
643871188,-0.042893518,0.0027143625,-0.058006268,5000,0,-0.2712562,0.60084254,-9.772037,5000,0,0,1,1
643876210,-0.030150587,-0.006603975,-0.07352519,5022,0,-0.3097073,-1.3229543,-9.549959,5022,0,0,1,1
643881188,-0.017050302,-0.019897763,-0.07914714,4978,0,0.9640058,-0.0942784,-9.786472,4978,0,0,1,1
643886187,-0.0039981785,-0.0141958725,-0.06897603,4999,0,-1.080683,-0.36463788,-9.814815,4999,0,0,1,1
643891211,-0.015124839,-0.011105304,-0.057454873,5024,0,-0.11794157,0.8922161,-10.281083,5024,0,0,1,1
643896188,-0.044295203,-0.007820117,-0.06995454,4977,0,0.6231133,0.8794133,-10.264306,4977,0,0,1,1
643901188,-0.015660863,-0.021804025,-0.0743088,5000,0,0.26867896,-2.15416,-9.230428,5000,0,0,1,1
643906210,-0.0026818283,-0.019993868,-0.07291759,5022,0,-1.855328,-0.73487186,-9.428424,5022,0,0,1,1
643911188,0.0028888916,-0.0097660795,-0.062016793,4978,0,0.049810067,0.8962089,-10.381315,4978,0,0,1,1
643916188,-0.03160037,0.0031703166,-0.053165328,5000,0,1.2613928,0.51762086,-10.011262,5000,0,0,1,1
643921211,-0.036697846,-0.0022844272,-0.07222131,5023,0,-1.2962067,-2.2524307,-9.017383,5023,0,0,1,1
643926188,-0.015985375,-0.006229255,-0.073188454,4977,0,0.1008628,-0.47743002,-10.231196,4977,0,0,1,1
643931188,-0.007556238,-0.0147448415,-0.060212746,5000,0,-0.1513812,-0.22661959,-9.772215,5000,0,0,1,1
643936210,-0.022027235,0.0110346135,-0.060713895,5022,0,-1.3291827,0.9995649,-9.9208355,5022,0,0,1,1
643941188,-0.019754196,0.0070667253,-0.061121028,4978,0,2.4028044,0.78226966,-10.317732,4978,0,0,1,1
643946188,-0.031275705,0.005499459,-0.07038473,5000,0,-1.7075647,-2.9906583,-8.867812,5000,0,0,1,1
643951210,-0.00393259,-0.005486421,-0.062445804,5022,0,-0.7904606,1.408251,-10.353729,5022,0,0,1,1
643956188,0.010442431,-0.0031893577,-0.06526959,4978,0,2.3093336,0.09825802,-9.743604,4978,0,0,1,1
643961188,0.011469371,0.01803406,-0.06688554,5000,0,-1.72079,-1.1177595,-9.058744,5000,0,0,1,1
643966210,0.001907721,0.0150769595,-0.056981657,5022,0,1.089706,1.2158399,-10.75858,5022,0,0,1,1
643971188,-0.0069535687,-0.0005734783,-0.065677054,4978,0,-1.0248584,-2.4880521,-9.291687,4978,0,0,1,1
643976188,0.025250454,-0.0010904175,-0.060603313,5000,0,-1.5011086,1.7444667,-10.372845,5000,0,0,1,1
643981211,0.03122687,-0.015022269,-0.06669214,5023,0,2.2150629,-0.72201467,-9.60218,5023,0,0,1,1
643986188,0.009290793,0.009496345,-0.057305075,4977,0,-1.3220472,-1.1447655,-9.135129,4977,0,0,1,1
643991188,0.018640716,-0.004802099,-0.05247675,5000,0,-0.06676553,1.3943236,-10.94332,5000,0,0,1,1
643996210,0.008386053,-0.03207942,-0.075653374,5022,0,0.36975974,-1.9348173,-9.779244,5022,0,0,1,1
644001188,0.038794838,-0.026553595,-0.06786413,4978,0,-0.5343484,0.6300617,-8.898665,4978,0,0,1,1
644006188,0.028404437,-0.017835276,-0.045326244,5000,0,0.9196058,0.13278499,-10.293467,5000,0,0,1,1
644011211,0.013601181,-0.014360014,-0.05612337,5023,0,-0.21985865,-0.21718033,-9.600059,5023,0,0,1,1
644016187,0.03135269,-0.0406218,-0.059230812,4976,0,-0.3322474,0.6701354,-10.748921,4976,0,0,1,1
644021188,0.028724352,-0.05873891,-0.06395043,5001,0,-0.10216054,-1.6668123,-9.553324,5001,0,0,1,1
644026210,0.039129168,-0.038975764,-0.049274605,5022,0,0.42587563,1.4067478,-9.649382,5022,0,0,1,1
644031188,0.034136593,-0.028495867,-0.04019113,4978,0,1.0223504,0.37686518,-9.645172,4978,0,0,1,1
644036188,0.0010554251,-0.04612273,-0.05203415,5000,0,-1.522618,-1.9045753,-10.211679,5000,0,0,1,1
644041211,0.02587907,-0.05446044,-0.05396208,5023,0,-0.4954055,1.1570946,-9.587319,5023,0,0,1,1
644046188,0.024365457,-0.06244066,-0.04334534,4977,0,1.539217,-0.61918914,-9.796849,4977,0,0,1,1
644051190,0.022604436,-0.027131507,-0.041034956,5002,0,-0.8330143,-0.3356896,-8.896275,5002,0,0,1,1
644056210,0.02069671,-0.043080293,-0.042057782,5020,0,-0.50153774,0.09177937,-10.327214,5020,0,0,1,1
644061188,-0.0031557018,-0.057034325,-0.04312836,4978,0,0.38221714,-0.21340708,-10.49645,4978,0,0,1,1
644066188,0.0066347616,-0.04965167,-0.043125182,5000,0,-0.51554614,-0.14191432,-8.999318,5000,0,0,1,1
644071211,0.0034397857,-0.049552225,-0.030159075,5023,0,0.55012363,-0.47805092,-9.310207,5023,0,0,1,1
644076187,-0.0032607827,-0.037459884,-0.031870198,4976,0,-0.09152172,-0.022208396,-10.165227,4976,0,0,1,1
644081188,-0.0015216029,-0.03604645,-0.04020465,5001,0,-0.28730527,0.20560165,-9.894859,5001,0,0,1,1
644086210,-0.024841912,-0.059270803,-0.025653057,5022,0,-0.5147065,-0.57960016,-10.282557,5022,0,0,1,1
644091188,-0.0097998865,-0.0528712,-0.010972639,4978,0,-0.33634225,0.39542323,-8.907912,4978,0,0,1,1
644096188,-0.00018394412,-0.03661027,-0.029756347,5000,0,1.1184072,-0.7992769,-9.369627,5000,0,0,1,1
644101211,-0.02039145,-0.05501617,-0.029302454,5023,0,-0.31442547,-0.3883693,-9.981221,5023,0,0,1,1
644106187,-0.02018263,-0.065700844,-0.0054644854,4976,0,-0.7155103,1.8687115,-10.112503,4976,0,0,1,1
644111188,-0.037511967,-0.074136324,-0.015684014,5001,0,0.36695722,-1.3937948,-9.201915,5001,0,0,1,1
644116210,-0.03653464,-0.08212832,-0.015923575,5022,0,-0.44721866,-0.1847016,-9.478204,5022,0,0,1,1
644121188,-0.019428078,-0.07979823,-0.009393249,4978,0,1.180847,0.26827726,-9.887186,4978,0,0,1,1
644126187,-0.049079403,-0.08950252,-0.013116818,4999,0,-0.85937905,-1.5587355,-10.115543,4999,0,0,1,1
644131211,-0.043850332,-0.101939216,-0.0022288978,5024,0,-1.0322402,1.3486646,-10.316095,5024,0,0,1,1
644136188,-0.0431872,-0.117571235,-0.0026658927,4977,0,1.4288883,-0.6689702,-9.4764805,4977,0,0,1,1
644141188,-0.053869084,-0.09752137,-0.010713275,5000,0,-0.251266,-1.7197555,-8.543728,5000,0,0,1,1
644146210,-0.032218996,-0.09584567,0.006145307,5022,0,-0.2839886,0.87190145,-10.300558,5022,0,0,1,1
644151187,-0.050024778,-0.11315221,0.0034893225,4977,0,-0.011394665,-0.15369767,-10.099493,4977,0,0,1,1
644156188,-0.069369696,-0.09649348,0.008947741,5001,0,-1.6195949,0.49790528,-9.787623,5001,0,0,1,1
644161211,-0.050131183,-0.11009004,0.009145334,5023,0,1.6143482,0.77048725,-10.141438,5023,0,0,1,1
644166188,-0.04044944,-0.09130271,-0.008113916,4977,0,0.22447838,-2.8610158,-8.820633,4977,0,0,1,1
644171188,-0.03324324,-0.069613315,0.016145771,5000,0,-2.0367196,1.3911629,-10.510414,5000,0,0,1,1
644176211,-0.05442403,-0.0762892,0.021182315,5023,0,1.357192,2.8446496,-10.821741,5023,0,0,1,1
644181188,-0.052101716,-0.06312544,0.017884137,4977,0,-0.85389775,-1.7308242,-8.801645,4977,0,0,1,1
644186188,-0.017759537,-0.058694225,0.00036596772,5000,0,0.11803363,-0.7713222,-9.737959,5000,0,0,1,1
644191210,-0.010421146,-0.045661446,0.011104585,5022,0,1.05077,1.3280637,-9.973469,5022,0,0,1,1
644196188,-0.017034816,-0.029579712,0.0119537,4978,0,-0.09292636,-0.57362205,-9.514209,4978,0,0,1,1
644201188,-0.01697826,-0.016008338,0.03674343,5000,0,-1.211592,0.034704328,-9.987239,5000,0,0,1,1
644206210,0.01189594,-0.014889718,0.03419736,5022,0,0.6858372,0.4242918,-9.887708,5022,0,0,1,1
644211188,0.0045437734,-0.00549376,0.004700976,4978,0,0.4772606,-2.1465065,-9.394021,4978,0,0,1,1
644216188,-0.004228341,-0.002877397,0.011416743,5000,0,-0.5879232,0.570139,-9.350407,5000,0,0,1,1
644221211,0.0032979867,0.0072970497,0.02899355,5023,0,0.7994439,1.1264576,-10.212773,5023,0,0,1,1
644226187,0.0076292143,0.025452908,0.031886227,4976,0,0.61573213,-1.7565528,-9.176881,4976,0,0,1,1
644231189,0.0022092727,0.031914882,0.038591404,5002,0,-1.5592079,0.24660544,-10.436992,5002,0,0,1,1
644236210,0.0041809706,0.018754292,0.017514205,5021,0,0.7979438,0.65559566,-10.238937,5021,0,0,1,1
644241188,0.020268137,0.036019474,0.019703228,4978,0,0.5644701,-0.979953,-9.1032,4978,0,0,1,1
644246188,0.00018632809,0.05863818,0.047499344,5000,0,-0.10482714,0.9064976,-9.875993,5000,0,0,1,1
644251211,-0.0052902247,0.052054197,0.036251366,5023,0,-0.1005787,-1.1215223,-9.419172,5023,0,0,1,1
644256188,0.019202005,0.0528282,0.022495579,4977,0,-1.0804259,-0.51004183,-9.906261,4977,0,0,1,1
644261188,-0.00406035,0.055761326,0.022721866,5000,0,-0.013795785,0.51243246,-9.96917,5000,0,0,1,1
644266210,0.0038557341,0.058228627,0.03511487,5022,0,0.97136176,-0.3653905,-9.283573,5022,0,0,1,1
644271188,0.01876573,0.070624046,0.044183668,4978,0,-0.12095895,-0.009131392,-9.408208,4978,0,0,1,1
644276188,0.0139842015,0.06425301,0.020565247,5000,0,0.5602641,-1.3945848,-9.9557705,5000,0,0,1,1
644281210,0.0016631907,0.07726014,0.025039157,5022,0,-0.95444727,0.23706669,-9.423886,5022,0,0,1,1
644286188,-0.0047097965,0.059512377,0.05565927,4978,0,-0.7236157,1.7606704,-9.98978,4978,0,0,1,1
644291188,0.01723253,0.060094416,0.02936988,5000,0,1.4496137,-2.7065105,-8.914837,5000,0,0,1,1
644296210,0.031384274,0.061661646,0.027037969,5022,0,-0.12608206,-0.6385991,-9.403906,5022,0,0,1,1
644301188,-0.0010782487,0.08087329,0.028384417,4978,0,-0.00747111,2.0795522,-10.689266,4978,0,0,1,1
644306188,0.0021793812,0.070196286,0.037553363,5000,0,-0.039232194,-1.8751206,-9.837647,5000,0,0,1,1
644311211,-0.0038306073,0.06838728,0.052186187,5023,0,-1.6500932,0.6637243,-9.522663,5023,0,0,1,1
644316188,0.028470377,0.090963304,0.037338845,4977,0,0.74434364,0.56215584,-9.545525,4977,0,0,1,1
644321189,0.017713653,0.087543696,0.018422397,5001,0,1.0073823,-1.605482,-10.00048,5001,0,0,1,1
644326210,0.0064132633,0.08864337,0.039551936,5021,0,-0.7688584,0.33130983,-9.720952,5021,0,0,1,1
644331188,-0.00053865375,0.09929701,0.048700485,4978,0,0.23094633,0.7390376,-10.047356,4978,0,0,1,1
644336188,0.0041347337,0.098229446,0.03397967,5000,0,0.66332626,-2.3493626,-9.203438,5000,0,0,1,1
644341211,0.021595946,0.09242875,0.029397624,5023,0,-0.82024044,-1.731435,-9.228571,5023,0,0,1,1
644346187,0.034416232,0.10782726,0.030227685,4976,0,-0.6423158,0.84901077,-9.8834,4976,0,0,1,1
644351188,0.007945821,0.12110096,0.049454078,5001,0,1.1111065,1.0214626,-10.47273,5001,0,0,1,1
644356210,-0.0018173024,0.121233046,0.059007317,5022,0,-0.50020504,-0.16291846,-9.393307,5022,0,0,1,1
644361188,0.010542008,0.11242118,0.03414469,4978,0,-0.65875244,-1.1866877,-9.67435,4978,0,0,1,1
644366188,0.04295063,0.11180438,0.022805914,5000,0,0.9455474,-0.28232974,-9.955718,5000,0,0,1,1
644371211,0.018225763,0.1313424,0.039508127,5023,0,0.17098027,0.033993866,-9.307762,5023,0,0,1,1
644376188,0.020689389,0.13889468,0.0564064,4977,0,-0.99614155,0.59597856,-10.206888,4977,0,0,1,1
644381188,0.033102848,0.145634,0.045261864,5000,0,0.3291665,-0.4755767,-9.749313,5000,0,0,1,1
644386210,0.041662432,0.1494867,0.033545658,5022,0,-0.67883873,-1.417453,-9.437902,5022,0,0,1,1
644391188,0.022370184,0.1389685,0.039955553,4978,0,-0.8841763,0.46374097,-10.37038,4978,0,0,1,1
644396188,0.03624983,0.13970421,0.044852003,5000,0,1.290596,0.67929786,-9.675968,5000,0,0,1,1
644401211,0.043253805,0.16407317,0.033670545,5023,0,-0.37056354,-0.48301414,-9.175489,5023,0,0,1,1
644406188,0.036635596,0.1513551,0.03845769,4977,0,0.2282621,-0.51961166,-10.98349,4977,0,0,1,1
644411188,0.029147038,0.14104876,0.044957675,5000,0,0.28835535,0.56348,-10.371462,5000,0,0,1,1
644416210,0.03204471,0.13768658,0.041847855,5022,0,-1.6193048,-0.58398914,-9.55356,5022,0,0,1,1
644421188,0.03580179,0.14300911,0.04121841,4978,0,-0.026441628,0.9370509,-10.015322,4978,0,0,1,1
644426188,0.031181404,0.13997039,0.025876783,5000,0,0.61152905,1.0027138,-9.965884,5000,0,0,1,1
644431211,0.037668254,0.11917713,0.048184466,5023,0,0.38613084,-1.2950029,-10.657855,5023,0,0,1,1
644436188,0.020687744,0.103627205,0.044227626,4977,0,-2.122384,-0.08686105,-9.955491,4977,0,0,1,1
644441190,0.0057569398,0.10844006,0.02274166,5002,0,0.8198165,1.9643507,-9.937882,5002,0,0,1,1
644446210,0.01481575,0.104987815,0.034736652,5020,0,1.5436573,-1.8761926,-9.509298,5020,0,0,1,1
644451188,0.0039138678,0.09757167,0.047423944,4978,0,-2.7398305,-0.9025391,-9.817389,4978,0,0,1,1
644456187,0.029510109,0.09846825,0.04418355,4999,0,0.3918612,1.8395396,-10.394707,4999,0,0,1,1
644461211,-0.0017345707,0.08561689,0.032566912,5024,0,0.69214904,0.14844981,-10.257671,5024,0,0,1,1
644466188,-0.035123587,0.06820498,0.017173009,4977,0,0.31521237,-0.5177246,-9.881155,4977,0,0,1,1
644471188,-0.014419223,0.065479755,0.018461041,5000,0,-0.90825063,-1.1498613,-9.249268,5000,0,0,1,1
644476210,-0.016158538,0.06186951,0.0365317,5022,0,-0.6395644,0.3937764,-10.132302,5022,0,0,1,1
644481188,-0.021877658,0.027139088,0.040285442,4978,0,-0.57198435,0.73805845,-11.470844,4978,0,0,1,1
644486187,-0.041650165,0.03861617,0.023259433,4999,0,0.34346274,0.08609851,-9.5053625,4999,0,0,1,1
644491211,-0.06992821,0.041048568,0.028801352,5024,0,1.6167308,-0.25947547,-10.102629,5024,0,0,1,1
644496188,-0.07684252,0.014311868,0.026454082,4977,0,-1.5649922,-1.0677552,-9.673376,4977,0,0,1,1
644501191,-0.044618562,0.008549732,0.05052844,5003,0,-0.68947166,1.1294141,-9.581356,5003,0,0,1,1
644506210,-0.032039206,0.012424007,0.024830693,5019,0,1.6088654,-0.95454913,-10.395859,5019,0,0,1,1
644511188,-0.040477887,0.008023047,0.024795046,4978,0,-1.2154322,-1.7610736,-9.267176,4978,0,0,1,1
644516188,-0.0701397,0.019181116,0.035395697,5000,0,-0.5704137,2.6878304,-10.737106,5000,0,0,1,1
644521211,-0.050336238,0.009087879,0.02448787,5023,0,0.6872314,-0.6313398,-9.881803,5023,0,0,1,1
644526187,-0.0068459553,-0.0067040077,0.022150312,4976,0,0.6653323,-3.0794234,-9.198632,4976,0,0,1,1
644531188,-0.008273243,0.022813438,0.016926676,5001,0,-0.5444505,0.9202091,-9.35035,5001,0,0,1,1
644536210,-0.015804408,0.02050957,0.020689994,5022,0,0.7889133,0.97724944,-10.747772,5022,0,0,1,1
644541188,-0.013078921,0.010306512,0.0341278,4978,0,0.7789955,-0.70029247,-9.983381,4978,0,0,1,1
644546188,-0.010468691,0.028101346,0.033575084,5000,0,-3.1741877,-1.8377228,-9.031017,5000,0,0,1,1
644551211,0.035327945,0.0134149715,0.029194001,5023,0,0.925847,1.2054393,-10.459489,5023,0,0,1,1
644556188,0.026712485,0.016864643,0.0059689647,4977,0,1.0370753,-0.62964416,-9.194517,4977,0,0,1,1
644561188,0.0047591026,0.038018137,0.029314619,5000,0,-0.7287184,0.38007402,-9.80247,5000,0,0,1,1
644566210,0.0029775107,0.03752033,0.03813371,5022,0,-0.05776849,0.70538276,-10.152379,5022,0,0,1,1
644571188,0.02818724,0.0212209,0.011119418,4978,0,0.81060874,-2.4559612,-9.191889,4978,0,0,1,1
644576188,0.06915006,0.023229873,0.011349338,5000,0,-0.5196227,-1.37562,-9.298202,5000,0,0,1,1
644581210,0.04237704,0.045651276,0.0031811383,5022,0,-0.20437028,1.4100726,-10.191188,5022,0,0,1,1
644586188,0.014092062,0.059085287,0.03332431,4978,0,0.38051802,1.398886,-10.044984,4978,0,0,1,1
644591188,0.041013476,0.057537563,0.029895393,5000,0,-1.5393068,-0.14863923,-9.999395,5000,0,0,1,1
644596210,0.070004694,0.049901698,0.012356823,5022,0,-0.18795694,-2.2427857,-9.388793,5022,0,0,1,1
644601188,0.04940929,0.04577496,0.008990909,4978,0,0.9516598,1.1535113,-10.433325,4978,0,0,1,1
644606188,0.06352189,0.072707005,0.006889275,5000,0,-0.6557202,0.34840342,-9.083164,5000,0,0,1,1
644611211,0.07134822,0.0734128,0.02758379,5023,0,0.52973014,0.8540906,-10.548419,5023,0,0,1,1
644616188,0.06256254,0.0788233,0.014943446,4977,0,1.0911325,-2.0817776,-9.471203,4977,0,0,1,1
644621188,0.07140305,0.095646255,0.013429447,5000,0,-2.803785,-0.059962925,-9.814761,5000,0,0,1,1
644626210,0.06312619,0.08851207,0.011935008,5022,0,0.45266882,2.0853343,-10.290832,5022,0,0,1,1
644631187,0.06249843,0.10150909,0.0032115532,4977,0,1.5482373,-1.5898334,-8.737747,4977,0,0,1,1
644636187,0.06423445,0.12879245,0.01750894,5000,0,-0.75907904,-0.3124314,-9.8045635,5000,0,0,1,1
644641211,0.061699126,0.1163231,0.00473194,5024,0,-0.0865379,-0.16121423,-9.618773,5024,0,0,1,1
644646188,0.057067886,0.11040771,-0.006387763,4977,0,0.5769917,-0.5249472,-10.077256,4977,0,0,1,1
644651188,0.036141675,0.12043276,0.012793993,5000,0,0.0030764942,-0.014131848,-10.094343,5000,0,0,1,1
644656210,0.048762493,0.13855454,0.009010084,5022,0,-0.9279232,-1.8154435,-8.363515,5022,0,0,1,1
644661188,0.061567746,0.122382924,0.012150435,4978,0,-0.078281105,1.1082472,-10.543876,4978,0,0,1,1
644666188,0.057992145,0.120857336,-0.011251147,5000,0,1.5751369,0.24969885,-10.443051,5000,0,0,1,1
644671210,0.035207618,0.12657116,-0.008075326,5022,0,-1.1867863,-1.1382581,-9.326515,5022,0,0,1,1
644676187,0.02252736,0.11712496,0.011892699,4977,0,-0.7528894,1.4292747,-9.674929,4977,0,0,1,1
644681188,0.040427346,0.121818185,-0.011794049,5001,0,0.6076214,-1.5536865,-9.721109,5001,0,0,1,1
644686210,0.042207044,0.10762105,-0.008803063,5022,0,-0.16868213,-0.99086463,-9.851354,5022,0,0,1,1
644691188,0.01813137,0.11134592,-0.004202691,4978,0,-0.39939553,0.6837287,-10.388899,4978,0,0,1,1
644696188,0.0015167006,0.09742233,-0.011093492,5000,0,-0.09614542,0.68691915,-10.676761,5000,0,0,1,1
644701211,-0.011407389,0.0921053,-0.0037271506,5023,0,1.1515663,-0.59478563,-9.558484,5023,0,0,1,1
644706188,-0.00764485,0.09852886,-0.010006505,4977,0,-0.9485293,-2.109067,-9.329359,4977,0,0,1,1
644711190,-8.568081e-05,0.0910616,-0.025402384,5002,0,-1.9976001,0.31910557,-10.264605,5002,0,0,1,1
644716211,-0.021205084,0.07028787,-0.022888074,5021,0,2.090747,1.3129262,-10.882482,5021,0,0,1,1
644721188,-0.054198053,0.086665474,-0.021161873,4977,0,0.348686,-0.35888308,-9.569315,4977,0,0,1,1
644726188,-0.08400855,0.08669907,-0.010636682,5000,0,-0.7043107,-2.217657,-9.676812,5000,0,0,1,1
644731211,-0.042118717,0.07019757,-0.009184137,5023,0,-0.98641735,0.48123217,-9.416748,5023,0,0,1,1
644736188,-0.028982837,0.07148639,-0.021177027,4977,0,0.3172076,0.13822389,-10.372357,4977,0,0,1,1
644741188,-0.04978599,0.08430044,-0.006877427,5000,0,1.24556,-0.17444275,-10.132696,5000,0,0,1,1
644746210,-0.08406466,0.091410965,-0.018722156,5022,0,-0.28011194,-0.6183472,-8.797374,5022,0,0,1,1
644751188,-0.0618948,0.09042527,-0.014121237,4978,0,0.20783028,-0.4283366,-10.161003,4978,0,0,1,1
644756187,-0.043240845,0.08197388,-0.025795292,4999,0,-0.2695502,-1.8977895,-9.83373,4999,0,0,1,1
644761211,-0.018018384,0.0956145,-0.02668418,5024,0,-0.6442473,0.5733921,-9.406901,5024,0,0,1,1
644766188,-0.028102927,0.105376884,-0.00800454,4977,0,1.7774501,0.56484896,-10.250809,4977,0,0,1,1
644771191,-0.04225888,0.1082924,-0.0308995,5003,0,-0.2780143,-0.6543665,-9.94111,5003,0,0,1,1
644776210,-0.033960912,0.09766265,-0.01558175,5019,0,-0.23291561,0.12009044,-9.95848,5019,0,0,1,1
644781191,0.000865829,0.100592196,-0.01507837,4981,0,-1.1415193,-1.3111545,-9.678753,4981,0,0,1,1
644786187,0.01854196,0.09375286,-0.02422849,4996,0,0.26599625,0.5020179,-9.928188,4996,0,0,1,1
644791211,0.017552584,0.10965101,-0.011168624,5024,0,1.3276429,-0.05046265,-9.756704,5024,0,0,1,1
644796187,-0.00496771,0.11589009,-0.020068271,4976,0,-1.5912124,-0.44473174,-10.060111,4976,0,0,1,1
644801189,0.017647613,0.07863695,-0.023469912,5002,0,0.8619337,0.33777085,-10.256438,5002,0,0,1,1
644806210,0.05207636,0.07863529,-0.030010387,5021,0,-0.914395,-3.29223,-8.587595,5021,0,0,1,1
644811188,0.06786399,0.093249574,-0.029607633,4978,0,-0.24974513,2.166366,-10.141632,4978,0,0,1,1
644816188,0.033794437,0.08704986,-0.028768476,5000,0,1.811857,0.27426344,-10.45717,5000,0,0,1,1
644821211,0.0351124,0.07681082,-0.017363472,5023,0,-1.7044356,-1.1283462,-9.945788,5023,0,0,1,1
644826188,0.07568611,0.06051859,-0.03324184,4977,0,-0.5887765,-0.12929001,-9.723267,4977,0,0,1,1
644831190,0.07491501,0.061889596,-0.024866005,5002,0,1.4172648,-1.2834378,-9.416376,5002,0,0,1,1
644836210,0.055360977,0.069490604,-0.0255411,5020,0,-0.09136279,1.3404644,-10.030447,5020,0,0,1,1
644841188,0.06379771,0.059965324,-0.024860822,4978,0,0.18027158,0.14011677,-9.651502,4978,0,0,1,1
644846188,0.050145533,0.040410727,-0.021475893,5000,0,0.10070745,-1.9154893,-9.873098,5000,0,0,1,1
644851212,0.0823274,0.03549831,-0.039205875,5024,0,-0.76873577,-0.31371662,-9.456763,5024,0,0,1,1
644856188,0.085006945,0.033800457,-0.034099158,4976,0,0.4704201,0.06199952,-9.487518,4976,0,0,1,1
644861188,0.05800507,0.035119966,-0.033780854,5000,0,1.5414523,-0.029412564,-10.426227,5000,0,0,1,1
644866210,0.06044435,0.038496036,-0.023516415,5022,0,-1.6896594,-0.536829,-9.576121,5022,0,0,1,1
644871188,0.070237815,0.029891502,-0.020718398,4978,0,-0.31337547,-0.59963244,-10.0538,4978,0,0,1,1
644876188,0.057751518,0.01365507,-0.03547679,5000,0,0.8068257,-0.18752001,-9.883793,5000,0,0,1,1
644881211,0.047323566,0.027893046,-0.040464986,5023,0,-0.25980774,0.09080715,-9.113391,5023,0,0,1,1
644886187,0.033844966,0.03717276,-0.02150789,4976,0,-0.32074973,0.6894524,-10.526382,4976,0,0,1,1
644891188,0.040773354,0.028111635,-0.012614026,5001,0,0.20547123,-0.5728931,-9.726756,5001,0,0,1,1
644896210,0.045930125,0.022667468,-0.02931916,5022,0,-0.9954498,-0.5882252,-9.334484,5022,0,0,1,1
644901188,0.02818557,0.01438474,-0.05934581,4978,0,1.333369,0.12702183,-10.033165,4978,0,0,1,1
644906188,0.012031301,0.023242548,-0.025362315,5000,0,-0.26635095,0.16279137,-9.580463,5000,0,0,1,1
644911211,0.032663856,0.036342524,-0.0060043274,5023,0,-1.3376167,0.36163035,-9.567261,5023,0,0,1,1
644916187,0.037109397,0.012997353,-0.035030875,4976,0,1.403333,-0.33611163,-10.731913,4976,0,0,1,1
644921188,0.019325292,0.024550388,-0.037426695,5001,0,-0.62704307,-0.73211396,-8.595071,5001,0,0,1,1
644926210,0.01956973,0.03548474,-0.04361749,5022,0,-0.28044164,0.14158462,-10.030861,5022,0,0,1,1
644931188,0.02498618,0.03113601,-0.011704817,4978,0,0.28920907,-0.020548973,-10.146338,4978,0,0,1,1
644936188,0.02649697,0.042004384,-0.019657448,5000,0,-0.028927196,-0.1715688,-9.2917185,5000,0,0,1,1
644941211,0.030139647,0.046330113,-0.052203685,5023,0,0.80516386,-0.77892774,-10.176923,5023,0,0,1,1
644946187,-0.0058096633,0.052087832,-0.026351837,4976,0,-1.4033991,0.17317076,-10.013766,4976,0,0,1,1
644951189,0.00648773,0.04809524,-0.02780603,5002,0,0.040935274,0.46840438,-10.012929,5002,0,0,1,1
644956210,0.035720732,0.053979523,-0.022101622,5021,0,0.7954359,-1.6058339,-9.63324,5021,0,0,1,1
644961188,0.03167276,0.073175296,-0.025724787,4978,0,-0.68279034,0.8084,-9.787313,4978,0,0,1,1
644966188,0.017974226,0.07524428,-0.045034215,5000,0,0.833065,0.14317887,-10.028915,5000,0,0,1,1
644971211,0.0048022433,0.07888618,-0.022638217,5023,0,-0.83525914,-1.595333,-9.386734,5023,0,0,1,1
644976188,0.0028259738,0.08679556,-0.02831064,4977,0,-0.29712266,1.5071939,-10.154052,4977,0,0,1,1
644981192,0.032708053,0.08996653,-0.03704032,5004,0,1.5576744,-0.7908517,-9.552295,5004,0,0,1,1
644986210,0.02181184,0.10728953,-0.03110727,5018,0,-1.9967225,-1.469756,-8.847908,5018,0,0,1,1
644991188,0.0038067186,0.10127935,-0.045928758,4978,0,-0.27035716,1.6306188,-10.977261,4978,0,0,1,1
644996188,0.0014383455,0.08939857,-0.02165769,5000,0,1.3216236,-0.8315254,-9.931996,5000,0,0,1,1
645001211,0.010833331,0.093273565,-0.028623525,5023,0,-1.896526,-1.3650717,-8.912193,5023,0,0,1,1
645006188,0.042116404,0.09936628,-0.04116267,4977,0,1.2306283,0.8742578,-10.443367,4977,0,0,1,1
645011189,0.0060084676,0.10094421,-0.022666324,5001,0,0.6374174,-0.55925035,-9.408815,5001,0,0,1,1
645016210,-0.022669435,0.104059175,-0.03390501,5021,0,-1.7144562,0.01939406,-10.066108,5021,0,0,1,1
645021188,0.017113077,0.07497575,-0.020704668,4978,0,0.25673023,-0.3199395,-10.152786,4978,0,0,1,1
645026187,0.023875335,0.0768058,-0.025181102,4999,0,0.39435428,-0.60006523,-9.37105,4999,0,0,1,1
645031211,0.022991411,0.09511305,-0.048605725,5024,0,1.0020868,-0.08310592,-9.974599,5024,0,0,1,1
645036188,-0.009452547,0.09595023,-0.011541941,4977,0,-1.2658554,-0.730906,-10.178821,4977,0,0,1,1
645041188,-0.013165176,0.08077878,-0.021740055,5000,0,-0.50227463,2.0776544,-10.533431,5000,0,0,1,1
645046210,0.018530747,0.07213521,-0.046787873,5022,0,1.0981677,-2.772962,-9.057867,5022,0,0,1,1
645051188,0.011382536,0.08984977,-0.024579532,4978,0,-1.6034791,0.835024,-9.597309,4978,0,0,1,1
645056188,-0.009035347,0.101376034,-0.024422156,5000,0,1.9961023,1.698952,-10.588503,5000,0,0,1,1
645061211,-0.033428412,0.08708735,-0.018379949,5023,0,-0.70354295,-2.5532844,-9.7784195,5023,0,0,1,1
645066187,-0.006314168,0.08694889,-0.03846085,4976,0,-1.7852634,0.3923473,-10.262462,4976,0,0,1,1
645071189,0.017874137,0.08517887,-0.035270534,5002,0,2.2410595,0.12518284,-9.850671,5002,0,0,1,1
645076210,-0.021422375,0.10409185,-0.017191535,5021,0,-0.6653667,-0.50484335,-8.890925,5021,0,0,1,1
645081188,-0.032454118,0.12283968,-0.028648367,4978,0,0.111343205,0.2530841,-10.363646,4978,0,0,1,1
645086188,-0.031735133,0.08632688,-0.019257924,5000,0,-0.77153623,-1.0070875,-10.061708,5000,0,0,1,1
645091211,-0.01624097,0.09093414,-0.034296803,5023,0,0.2293318,1.1402501,-10.224163,5023,0,0,1,1
645096188,0.00815602,0.11744642,-0.03891633,4977,0,0.96027005,-1.6354676,-8.870282,4977,0,0,1,1
645101188,-0.022612002,0.11892993,-0.0016010826,5000,0,-1.302064,0.4287132,-10.237705,5000,0,0,1,1
645106210,-0.01752551,0.107247084,-0.030683896,5022,0,1.3732799,-0.13641216,-10.666934,5022,0,0,1,1
645111188,-0.017675111,0.101311035,-0.038783424,4978,0,-1.8701669,-1.6133802,-9.201559,4978,0,0,1,1
645116187,-0.011795163,0.096204646,-0.01770068,4999,0,0.8037599,2.1448312,-10.237656,4999,0,0,1,1
645121211,-0.0029439519,0.102600135,-0.021134226,5024,0,1.005324,-2.3273602,-9.182286,5024,0,0,1,1
645126187,0.00704353,0.10877223,-0.008872766,4976,0,-1.3273472,0.28081584,-10.164837,4976,0,0,1,1
645131188,-0.019203743,0.07738316,-0.03755142,5001,0,0.6111252,0.71355104,-10.652188,5001,0,0,1,1
645136210,-0.0038935689,0.069864646,-0.030374162,5022,0,-0.651199,-0.61292,-9.58809,5022,0,0,1,1
645141188,0.024729207,0.07108664,-0.0053637894,4978,0,1.2550372,-1.0812887,-9.320782,4978,0,0,1,1
645146188,-0.008842792,0.09153787,-0.021507341,5000,0,-0.67991436,0.57708395,-10.028262,5000,0,0,1,1
645151211,0.0015065214,0.06761312,-0.015535149,5023,0,0.21978316,0.31538713,-10.585084,5023,0,0,1,1
645156188,-0.0057157455,0.052487504,-0.038903244,4977,0,-0.36589533,-1.5829896,-9.395959,4977,0,0,1,1
645161189,0.03345651,0.05091106,-0.01106331,5001,0,-0.14967856,1.165095,-9.03287,5001,0,0,1,1
645166210,0.012087628,0.06334757,-0.0072528645,5021,0,2.1032267,-1.3980834,-10.066282,5021,0,0,1,1
645171188,0.016085623,0.060337722,-0.04102658,4978,0,-1.1795856,-0.6395443,-9.654146,4978,0,0,1,1
645176188,0.0018467613,0.037979968,-0.017877337,5000,0,-0.4330366,0.7531929,-10.5336275,5000,0,0,1,1
645181211,0.0040877387,0.030640043,-0.019034147,5023,0,0.7706425,-0.58876127,-9.326094,5023,0,0,1,1
645186188,0.023775356,0.043913767,-0.0154585745,4977,0,0.3391139,0.084803745,-9.299607,4977,0,0,1,1
645191188,0.006637077,0.040107887,-0.009035074,5000,0,-0.65247065,-1.1919968,-9.856337,5000,0,0,1,1
645196210,0.013926376,0.025703244,-0.026848475,5022,0,-0.0007913086,1.7692201,-10.624931,5022,0,0,1,1
645201188,-0.0029362421,0.011620418,-0.027009387,4978,0,0.65104,-2.4614,-9.508835,4978,0,0,1,1
645206188,-0.0064403107,0.029712586,-0.009978055,5000,0,-1.3108237,1.5631418,-9.513109,5000,0,0,1,1
645211211,0.027696429,0.03563478,-0.01125584,5023,0,1.1138862,-0.28626892,-9.940869,5023,0,0,1,1
645216188,0.0016540193,0.025451096,-0.019394282,4977,0,0.35020405,-1.7528322,-9.643034,4977,0,0,1,1
645221188,-0.009058117,0.035260167,-0.029125478,5000,0,-1.2585256,0.8368681,-9.486639,5000,0,0,1,1
645226211,0.004672351,0.021788185,-0.0108557725,5023,0,-0.394661,-0.30939716,-10.499513,5023,0,0,1,1
645231188,0.020176584,0.027350709,0.011638833,4977,0,1.4960706,1.2036643,-9.63124,4977,0,0,1,1
645236188,0.012098272,0.041498635,-0.030566758,5000,0,0.46045417,-3.4325452,-9.244605,5000,0,0,1,1
645241211,0.015947104,0.044713728,-0.01778816,5023,0,-1.9350773,1.1503439,-10.01998,5023,0,0,1,1
645246188,-0.018795844,0.03738154,-0.017678026,4977,0,2.162116,1.5298108,-10.386844,4977,0,0,1,1
645251188,-0.010042458,0.035012912,-0.0072980328,5000,0,-0.78841233,-2.6660538,-8.505041,5000,0,0,1,1
645256210,0.031647593,0.050608106,-0.005615751,5022,0,-0.25564596,-0.27784526,-9.762131,5022,0,0,1,1
645261188,0.0020518089,0.045976672,-0.03784392,4978,0,0.2040959,0.40100604,-10.533303,4978,0,0,1,1
645266188,-0.01843813,0.046724726,-0.0015233045,5000,0,-0.096366,1.6031004,-10.259009,5000,0,0,1,1
645271211,-0.028038409,0.036757514,-0.011304406,5023,0,0.13883032,-2.3917854,-9.749041,5023,0,0,1,1
645276187,0.011630148,0.033105478,-0.013074343,4976,0,-0.98918325,0.121806465,-9.330588,4976,0,0,1,1
645281188,0.015075479,0.04037452,-0.0029095635,5001,0,2.0463831,-0.013084729,-10.357184,5001,0,0,1,1
645286210,-0.014636316,0.04687058,-0.024222322,5022,0,-1.0649399,-0.19497485,-9.553302,5022,0,0,1,1
645291188,-0.031045612,0.033546396,-0.004679868,4978,0,-0.28716666,-0.85308236,-9.637945,4978,0,0,1,1
645296188,-0.0046391096,0.026327223,-0.010525334,5000,0,0.24286173,0.5110654,-10.124179,5000,0,0,1,1
645301211,0.01639071,0.030543689,-0.017561555,5023,0,1.0447447,-0.39864853,-9.72104,5023,0,0,1,1
645306188,-0.003259657,0.042278193,-0.01820128,4977,0,-0.275324,-1.128761,-9.4746685,4977,0,0,1,1
645311188,-0.02080392,0.036502898,-0.0066777533,5000,0,-0.7344593,1.4625471,-10.91228,5000,0,0,1,1
645316210,-0.019164883,0.008892215,-0.009762317,5022,0,1.2433672,-1.9238678,-9.918407,5022,0,0,1,1
645321188,0.019102404,0.026336312,-0.012386868,4978,0,-0.40887886,0.23458543,-9.46031,4978,0,0,1,1
645326188,0.017455587,0.029847376,-0.009242739,5000,0,-0.78124136,0.026810434,-9.9972105,5000,0,0,1,1
645331211,-0.008929334,0.015494793,0.0014580027,5023,0,1.5024801,0.4261619,-10.323154,5023,0,0,1,1
645336188,-0.015536016,0.014539177,-0.0071363375,4977,0,-1.3912961,-2.2321868,-8.957107,4977,0,0,1,1
645341188,0.017621992,0.0060275123,-0.014513465,5000,0,-0.11145015,1.4037645,-10.880103,5000,0,0,1,1
645346210,0.017509673,-0.007161749,-0.00475478,5022,0,0.8576538,-0.23008807,-9.558429,5022,0,0,1,1
645351187,-0.0011544267,0.011572316,0.0012921982,4977,0,0.39134398,-0.5424321,-9.498275,4977,0,0,1,1
645356188,-0.019155288,0.002676079,-0.0069459258,5001,0,-0.3911534,-1.4604023,-9.632632,5001,0,0,1,1
645361211,-0.0073166215,-0.008857288,-0.012053662,5023,0,0.0074284296,1.7215308,-10.226504,5023,0,0,1,1
645366188,-0.0008832981,-0.018363526,-0.0038718113,4977,0,1.2788715,-0.8573856,-9.318664,4977,0,0,1,1
645371190,-0.011566189,-0.012164211,-0.0020318609,5002,0,-1.5859839,-0.47627816,-9.037835,5002,0,0,1,1
645376211,-0.024400469,-0.015855893,-0.010579548,5021,0,1.0257257,-0.19297266,-10.039976,5021,0,0,1,1
645381188,-0.01618535,-0.024743063,-0.0030686553,4977,0,-0.37013507,-0.5908323,-10.57375,4977,0,0,1,1
645386188,-0.02425876,-0.034205955,-0.00971052,5000,0,0.52437675,0.84030193,-10.170058,5000,0,0,1,1
645391211,-0.034467634,-0.031501036,-0.007926731,5023,0,-0.7870457,-1.5043428,-9.056414,5023,0,0,1,1
645396188,-0.017159823,-0.020876653,0.013978085,4977,0,0.11884592,1.4788756,-10.687515,4977,0,0,1,1
645401188,-0.04037006,-0.037729733,-0.020882735,5000,0,1.8810548,-2.754133,-9.680174,5000,0,0,1,1
645406210,-0.036590587,-0.04064387,-0.009400613,5022,0,-2.4357336,0.81962776,-9.75383,5022,0,0,1,1
645411188,-0.03397456,-0.04451512,0.0024740796,4978,0,0.38157976,0.43218538,-10.439527,4978,0,0,1,1
645416187,-0.027202886,-0.054598093,0.004978791,4999,0,0.74454856,0.73838174,-10.268447,4999,0,0,1,1
645421211,-0.04161326,-0.04492282,-0.004431662,5024,0,0.18462402,-1.9856287,-9.197086,5024,0,0,1,1
645426187,-0.044633336,-0.041126,-0.020563519,4976,0,-1.745612,-0.10679529,-9.604628,4976,0,0,1,1
645431188,-0.03574767,-0.06299999,-0.00034139663,5001,0,1.5521457,1.6743327,-10.76223,5001,0,0,1,1
645436210,-0.0567717,-0.06298378,0.0044070436,5022,0,0.40690163,-1.2810817,-9.497508,5022,0,0,1,1
645441188,-0.021416796,-0.04400794,-0.00028264566,4978,0,-1.2681676,-0.45390168,-9.40568,4978,0,0,1,1
645446188,-0.05063432,-0.074304715,-0.017777506,5000,0,0.50724375,-1.0125554,-10.121133,5000,0,0,1,1
645451211,-0.038041245,-0.06860397,-0.007468948,5023,0,1.0477936,1.1739062,-10.000861,5023,0,0,1,1
645456188,-0.042705763,-0.06158055,0.00038416157,4977,0,0.011273835,-1.3411502,-9.6322365,4977,0,0,1,1
645461188,-0.03672145,-0.06389108,0.00304013,5000,0,-0.8686832,0.46537608,-10.235158,5000,0,0,1,1
645466210,-0.03482498,-0.06865887,-0.0014511438,5022,0,0.30913383,-1.0733644,-9.62967,5022,0,0,1,1
645471188,-0.035298195,-0.06688094,-0.009977824,4978,0,0.8385331,0.19545166,-10.136898,4978,0,0,1,1
645476188,-0.03922609,-0.05495573,-0.012679794,5000,0,-0.058729887,-0.45350468,-9.627499,5000,0,0,1,1
645481210,-0.039385505,-0.052358486,-0.0026379742,5022,0,-0.64509946,-0.29432532,-9.92023,5022,0,0,1,1
645486188,-0.014158245,-0.06473889,0.013753244,4978,0,0.26597142,0.2560873,-10.16983,4978,0,0,1,1
645491188,-0.028612822,-0.05612474,-0.0050872583,5000,0,1.0744488,-1.8931638,-9.496024,5000,0,0,1,1
645496210,-0.019058276,-0.036864664,-0.022275377,5022,0,0.31855652,0.4754296,-9.02339,5022,0,0,1,1
645501188,-0.030704303,-0.025223346,0.0016283544,4978,0,-2.1573446,-0.012257803,-10.129362,4978,0,0,1,1
645506188,-0.019211795,-0.0460414,0.020685349,5000,0,1.0212466,1.2450384,-10.506448,5000,0,0,1,1
645511211,-0.008378188,-0.051219422,-0.0069566583,5023,0,1.2180353,-2.2055466,-9.144494,5023,0,0,1,1
645516188,-0.0050243833,-0.01949465,-0.0256426,4977,0,-0.44839874,0.22754544,-9.673198,4977,0,0,1,1
645521188,-0.0076113488,-0.019607948,0.0024665596,5000,0,-0.56613773,0.13115692,-9.725528,5000,0,0,1,1
645526210,-0.0029964806,-0.03158554,0.014507438,5022,0,0.3655254,1.2353318,-10.861149,5022,0,0,1,1
645531188,0.015304178,-0.04058277,-0.0015875509,4978,0,0.5968519,-1.925577,-9.049329,4978,0,0,1,1
645536188,0.021756584,-0.028475039,-0.008560792,5000,0,-1.1371835,0.47217715,-9.432502,5000,0,0,1,1
645541211,0.020508364,-0.02282169,-0.0034627756,5023,0,1.0412623,0.1283951,-10.215826,5023,0,0,1,1
645546188,0.004506274,-0.027429648,0.016975552,4977,0,0.1401596,-0.6999171,-10.375947,4977,0,0,1,1
645551188,0.031339414,-0.04607116,-0.0022478385,5000,0,-0.031063935,-1.3036871,-9.768935,5000,0,0,1,1
645556210,0.03415485,-0.03138593,-0.006398836,5022,0,-1.9553392,0.20793375,-10.027353,5022,0,0,1,1
645561188,0.011803213,-0.033485413,0.007586499,4978,0,2.146271,0.77124953,-10.2901745,4978,0,0,1,1
645566187,0.006699771,-0.028718835,0.011409283,4999,0,-0.032587796,-2.653036,-8.873861,4999,0,0,1,1
645571211,0.023995126,-0.029158577,0.0019900538,5024,0,-0.784644,0.36833605,-10.651169,5024,0,0,1,1
645576187,0.0075470754,-0.031225583,-0.017224494,4976,0,-0.5738646,0.13245161,-9.861723,4976,0,0,1,1
645581190,-0.007530624,-0.03429761,0.018417634,5003,0,-0.37740102,1.0991462,-9.863127,5003,0,0,1,1
645586210,0.0034124039,-0.038096983,0.02030385,5020,0,2.2221642,-2.3573415,-9.984795,5020,0,0,1,1
645591188,0.008379401,-0.022166677,-0.0054148985,4978,0,-1.2479151,-1.025422,-9.071035,4978,0,0,1,1
645596188,-0.0050998363,-0.022582298,-0.00502699,5000,0,-0.24200356,2.0174239,-10.872969,5000,0,0,1,1
645601211,-0.023332305,-0.039668523,0.02174984,5023,0,-0.7214113,-0.51018727,-10.160311,5023,0,0,1,1
645606188,-0.015631955,-0.04591225,0.020976247,4977,0,2.0303848,-0.21695451,-9.498419,4977,0,0,1,1
645611188,0.0014533241,-0.02542656,-0.0017409488,5000,0,-0.102718025,-2.628102,-9.022962,5000,0,0,1,1
645616210,-0.0047010356,-0.007680967,-0.002303681,5022,0,-1.4144344,2.642545,-10.493445,5022,0,0,1,1
645621188,-0.020900287,-0.037886124,0.007089352,4978,0,1.3906498,0.062416375,-10.676907,4978,0,0,1,1
645626188,-0.030167904,-0.035872974,0.0315143,5000,0,-0.60430646,-0.51696926,-9.410106,5000,0,0,1,1
645631211,0.006846046,-0.021328699,8.4430896e-05,5023,0,0.36049372,-1.260915,-9.382643,5023,0,0,1,1
645636188,0.009309218,-0.00913982,2.6213631e-05,4977,0,-1.0599217,1.255471,-9.618098,4977,0,0,1,1
645641188,-0.00075029,-0.025857164,0.011361628,5000,0,2.3833125,0.88060683,-10.850743,5000,0,0,1,1
645646210,-0.024548305,-0.030165017,0.023612592,5022,0,-1.6088618,-2.5097663,-9.078281,5022,0,0,1,1
645651188,0.0018753594,-0.029197816,0.017620796,4978,0,-0.81596327,1.4681139,-10.389006,4978,0,0,1,1
645656188,0.008628501,-0.027366934,-0.00806527,5000,0,1.2301629,-1.881706,-9.643629,5000,0,0,1,1
645661211,0.013443231,-0.01185042,0.024469873,5023,0,0.94890755,0.8935762,-9.67264,5023,0,0,1,1
645666187,-0.03700162,-0.008886925,0.026417397,4976,0,-0.282414,-1.6349417,-9.764859,4976,0,0,1,1
645671187,-0.023853973,-0.015046165,0.023429332,5000,0,-2.3378673,1.1389935,-10.2042,5000,0,0,1,1
645676210,-0.020215807,-0.03883439,0.020054463,5023,0,2.0857751,-0.61118245,-9.662925,5023,0,0,1,1
645681188,-0.024686743,-0.014496608,0.02161661,4978,0,-0.22317997,-2.0026994,-8.444578,4978,0,0,1,1
645686188,-0.018186888,-0.00016158806,0.025058372,5000,0,0.0062497747,0.89491504,-9.743414,5000,0,0,1,1
645691211,-0.05192406,-0.011528686,0.017742923,5023,0,-0.8196894,-0.102568865,-11.063679,5023,0,0,1,1
645696188,-0.05359641,-0.028771762,0.026579753,4977,0,0.378363,0.78809625,-10.349997,4977,0,0,1,1
645701188,-0.023878006,-0.028876845,0.024536975,5000,0,1.7136395,-2.9494417,-8.693054,5000,0,0,1,1
645706211,-0.030281177,0.0067670825,0.022502013,5023,0,-2.0012085,1.5571266,-9.280582,5023,0,0,1,1
645711188,-0.040995557,-0.0002407374,0.023513995,4977,0,1.9849035,0.5490174,-11.235512,4977,0,0,1,1
645716188,-0.04958622,-0.024814634,0.030413825,5000,0,-1.082386,-1.661538,-9.703114,5000,0,0,1,1
645721211,-0.027076786,-0.029314244,0.026533686,5023,0,-0.5747815,-0.32975057,-9.854936,5023,0,0,1,1
645726188,0.00011600931,0.00041438718,0.027985537,4977,0,0.3870095,-0.33441088,-9.164635,4977,0,0,1,1
645731188,-0.006913263,0.011853802,0.035115257,5000,0,1.3318348,1.9557288,-10.474802,5000,0,0,1,1
645736210,-0.024060708,0.005047774,0.025803663,5022,0,0.047981467,-3.2335281,-9.513331,5022,0,0,1,1
645741188,-0.0062520984,0.0089054415,0.046583246,4978,0,-3.0631917,1.2185857,-9.949338,4978,0,0,1,1
645746188,0.01012522,-0.004181888,0.03207485,5000,0,2.760022,0.37220976,-10.520159,5000,0,0,1,1
645751211,0.003537923,0.025072984,0.027515613,5023,0,0.057620335,-2.1850607,-8.155127,5023,0,0,1,1
645756188,0.024892846,0.03597308,0.042889338,4977,0,0.092320494,-0.37877288,-9.844392,4977,0,0,1,1
645761188,0.024105083,0.02363007,0.03744097,5000,0,-1.0746528,0.75931007,-10.531853,5000,0,0,1,1
645766210,0.028316222,0.0239511,0.050221812,5022,0,1.070281,1.1002165,-10.038607,5022,0,0,1,1
645771188,0.041678894,0.034222245,0.03941423,4978,0,0.24562743,-2.1668272,-8.772011,4978,0,0,1,1
645776187,0.063586354,0.046401493,0.046769008,4999,0,-0.5725528,0.6244401,-9.969016,4999,0,0,1,1
645781211,0.05947256,0.04269406,0.04488865,5024,0,1.217342,-0.7139244,-10.139487,5024,0,0,1,1
645786188,0.066321254,0.045976315,0.044146862,4977,0,-2.3050883,0.9952794,-9.999398,4977,0,0,1,1
645791188,0.06994201,0.03489236,0.054463208,5000,0,2.283174,0.93183637,-10.373614,5000,0,0,1,1
645796209,0.07482778,0.04485319,0.061745524,5021,0,-0.8685868,-3.60595,-7.9985967,5021,0,0,1,1
645801188,0.12789646,0.077583246,0.073836885,4979,0,0.28975886,0.66596395,-9.70539,4979,0,0,1,1
645806188,0.1278508,0.07077219,0.09811842,5000,0,0.2732837,0.103360415,-10.454474,5000,0,0,1,1
645811210,0.16576254,0.12812714,0.15131304,5022,0,0.09007559,-0.27853987,-8.165682,5022,0,0,1,1
645816188,0.23701496,0.17611808,0.2082658,4978,0,-0.82473665,-2.1948347,-8.030033,4978,0,0,1,1
645821188,0.26151857,0.18161303,0.22852328,5000,0,1.4829303,-0.44027627,-8.017066,5000,0,0,1,1
645826210,0.43358403,0.31990236,0.248633,5022,0,-0.8395443,-0.32892752,-8.458971,5022,0,0,1,1
645831188,0.4970323,0.3789176,0.32156828,4978,0,1.654174,-3.0513835,-7.555148,4978,0,0,1,1
645836188,0.6126477,0.48078305,0.32249233,5000,0,-0.72211,1.4192806,-6.3855724,5000,0,0,1,1
645841210,0.75996923,0.6005852,0.3582305,5022,0,1.4111704,-2.2942114,-7.0977316,5022,0,0,1,1
645846188,0.9351061,0.72032243,0.38596973,4978,0,-1.8421166,-0.08884486,-5.312222,4978,0,0,1,1
645851188,1.092098,0.8057573,0.43463796,5000,0,1.1022536,-1.425602,-6.464721,5000,0,0,1,1
645856210,1.2637511,0.9582931,0.47269666,5022,0,0.35060924,-2.1659336,-6.0257845,5022,0,0,1,1
645861188,1.4241974,1.0628576,0.5126438,4978,0,1.1360089,-0.0039720247,-6.0096345,4978,0,0,1,1
645866188,1.594709,1.1572214,0.5341518,5000,0,0.89473414,-1.9511561,-5.544091,5000,0,0,1,1
645871211,1.7852126,1.2965162,0.5740679,5023,0,-0.29090357,-0.58904713,-4.518332,5023,0,0,1,1
645876188,1.9500529,1.4146558,0.62986434,4977,0,1.8977525,-1.917108,-5.322794,4977,0,0,1,1
645881188,2.1330867,1.5040243,0.6399111,5000,0,-0.062081106,-0.19586828,-4.380255,5000,0,0,1,1
645886210,2.2910063,1.595608,0.651117,5022,0,-0.11938075,-1.3143456,-5.1457,5022,0,0,1,1
645891188,2.4398878,1.7008591,0.6627977,4978,0,1.5921397,-0.80899024,-3.6391807,4978,0,0,1,1
645896187,2.5897274,1.7592834,0.70694727,4999,0,-0.2308967,-0.9976373,-4.193154,4999,0,0,1,1
645901211,2.7213988,1.8572832,0.72518176,5024,0,-0.07488132,-0.84884405,-3.6737573,5024,0,0,1,1
645906188,2.826944,1.9130044,0.7741936,4977,0,0.84865326,-1.0322235,-3.2183323,4977,0,0,1,1
645911188,2.8969913,1.9427521,0.8169136,5000,0,0.20833465,-1.0184999,-3.595556,5000,0,0,1,1
645916210,3.0013187,2.0128512,0.8340659,5022,0,0.42926294,-1.521716,-2.9361265,5022,0,0,1,1
645921188,3.0781822,2.0040278,0.8811123,4978,0,1.2492903,-0.2405338,-2.806129,4978,0,0,1,1
645926188,3.0912702,2.0744333,0.8803575,5000,0,-0.4764426,-0.5645152,-2.991758,5000,0,0,1,1
645931211,3.1869555,2.0672004,0.922295,5023,0,0.99704313,-1.5801996,-2.580746,5023,0,0,1,1
645936188,3.2126892,2.0690217,0.93891966,4977,0,-0.09963181,-0.108717285,-3.5507946,4977,0,0,1,1
645941188,3.255309,2.0961833,0.94670045,5000,0,0.55391705,-0.8069979,-2.1193495,5000,0,0,1,1
645946210,3.3355427,2.073057,0.9852039,5022,0,0.57012993,-0.7693344,-2.8296206,5022,0,0,1,1
645951188,3.3530865,2.0596228,0.98929584,4978,0,-0.21451102,-0.1759744,-2.8850946,4978,0,0,1,1
645956188,3.4464219,2.0612497,0.99708855,5000,0,0.93854433,-1.4294313,-2.2410915,5000,0,0,1,1
645961211,3.4989324,2.024685,1.0242528,5023,0,-0.2770268,0.2048953,-3.315033,5023,0,0,1,1
645966188,3.5412953,2.0308733,1.0196127,4977,0,0.25145108,-1.0545478,-2.5928786,4977,0,0,1,1
645971188,3.6314394,1.9869777,1.0441957,5000,0,0.37637165,-0.41650286,-2.415959,5000,0,0,1,1
645976210,3.6925309,1.9483292,1.0480343,5022,0,-0.24306187,-0.15572494,-3.0340524,5022,0,0,1,1
645981188,3.762286,1.9400303,1.057004,4978,0,0.63304895,-0.5139447,-2.1165433,4978,0,0,1,1
645986188,3.844344,1.869236,1.0802952,5000,0,-0.03992413,-0.47074705,-3.1299758,5000,0,0,1,1
645991211,3.9164338,1.8373711,1.057508,5023,0,0.10599425,-0.60327137,-2.8741682,5023,0,0,1,1
645996188,4.0133867,1.7887952,1.0871027,4977,0,0.3787257,-1.187126,-2.6659021,4977,0,0,1,1
646001189,4.084035,1.7314382,1.0929638,5001,0,-0.019601664,-0.15225366,-2.9169767,5001,0,0,1,1
646006210,4.1766906,1.6888633,1.0855917,5021,0,-0.1066369,-1.5526091,-2.7395535,5021,0,0,1,1
646011187,4.273486,1.6330608,1.0958543,4977,0,0.7487345,-0.21539317,-2.2836318,4977,0,0,1,1
646016188,4.3443913,1.571207,1.096124,5001,0,-0.6709361,-0.6403409,-3.16013,5001,0,0,1,1
646021211,4.4528055,1.5126386,1.1098431,5023,0,0.5332344,-1.0416069,-2.751217,5023,0,0,1,1
646026188,4.531215,1.4598197,1.1106508,4977,0,-0.041298497,-1.0713426,-2.4909706,4977,0,0,1,1
646031188,4.626462,1.3805288,1.1160439,5000,0,0.22687025,-0.77232987,-3.2837505,5000,0,0,1,1
646036210,4.721335,1.334246,1.1328892,5022,0,-0.2015248,-0.89559954,-2.8690774,5022,0,0,1,1
646041188,4.8128057,1.2760773,1.1253705,4978,0,-0.07411948,-1.1698667,-2.4273362,4978,0,0,1,1
646046188,4.9035897,1.1954185,1.1477833,5000,0,0.7706149,-0.11694266,-3.12328,5000,0,0,1,1
646051211,4.9910874,1.1419601,1.1680921,5023,0,-0.7208888,-0.9707336,-3.1374636,5023,0,0,1,1
646056188,5.0774546,1.0895336,1.1556649,4977,0,0.45745757,-0.96451217,-2.4737282,4977,0,0,1,1
646061188,5.1636715,1.006869,1.1800253,5000,0,-0.071824454,-0.5495265,-3.084291,5000,0,0,1,1
646066210,5.263389,0.9612203,1.179702,5022,0,0.0395687,-1.1923859,-3.1724946,5022,0,0,1,1
646071188,5.3340874,0.89724165,1.1808105,4978,0,0.26227728,-0.5664339,-2.5292225,4978,0,0,1,1
646076187,5.4221497,0.83410585,1.2007285,4999,0,-0.10164441,-0.99602413,-2.8929675,4999,0,0,1,1
646081211,5.4944057,0.7865227,1.1956218,5024,0,0.19195463,-0.46436164,-3.0420475,5024,0,0,1,1
646086188,5.5708795,0.73105276,1.2026378,4977,0,0.24131094,-1.1867268,-2.2564445,4977,0,0,1,1
646091188,5.648595,0.6590244,1.2081099,5000,0,0.00849058,-0.18111542,-2.8178048,5000,0,0,1,1
646096210,5.7143645,0.6218637,1.2166605,5022,0,-0.085583255,-0.7816423,-3.0881245,5022,0,0,1,1
646101188,5.7889795,0.5748158,1.2253268,4978,0,0.17113638,-1.1994247,-2.6124632,4978,0,0,1,1
646106188,5.83663,0.5141162,1.2328911,5000,0,0.27770746,-0.36308074,-3.0206401,5000,0,0,1,1
646111211,5.900025,0.4953798,1.2381977,5023,0,0.114767544,-0.98057216,-2.567623,5023,0,0,1,1
646116188,5.943068,0.44995862,1.2471844,4977,0,-0.24763729,-0.072225966,-2.6960564,4977,0,0,1,1
646121188,5.99312,0.39874372,1.2469393,5000,0,0.25720322,-0.5381726,-2.6330442,5000,0,0,1,1
646126210,6.0318713,0.3882945,1.2681806,5022,0,0.25865844,-0.56054986,-2.2340045,5022,0,0,1,1
646131188,6.0688224,0.3498895,1.2663971,4978,0,-0.19069532,-0.8907168,-2.7791286,4978,0,0,1,1
646136187,6.1026654,0.3163541,1.2763754,4999,0,0.5967917,-0.6483796,-2.4157324,4999,0,0,1,1
646141212,6.1304297,0.31370476,1.2776312,5025,0,0.14300741,-0.6160084,-2.30354,5025,0,0,1,1
646146188,6.143679,0.28740218,1.2944802,4976,0,0.05221492,-0.16668013,-2.7144854,4976,0,0,1,1
646151190,6.1786933,0.27793044,1.3060133,5002,0,1.2154392,-2.8452075,-1.5372119,5002,0,0,1,1
646156210,6.2335777,0.15159196,1.4771258,5020,0,41.230072,-56.16878,-12.393917,5020,2,0,1,1
646161188,6.729744,-0.83947426,2.2224634,4978,0,101.0034,-176.9862,-41.64262,4978,3,0,1,1
646166188,6.0123615,1.6914365,2.7712176,5000,0,81.07815,-93.862946,15.297219,5000,7,0,1,1
646171211,9.091397,2.6299412,5.251547,5023,0,6.97963,38.766388,20.142761,5023,3,0,1,1
646176187,9.084009,1.6642582,3.4356132,4976,0,46.93373,-32.65346,-13.290979,4976,3,0,1,1
646181188,8.498496,0.6679411,2.7658234,5001,0,30.316006,7.802123,-35.309128,5001,2,0,1,1
646186210,7.3769264,-0.4428411,1.993097,5022,0,26.839323,-18.405342,-12.245061,5022,3,0,1,1
646191188,6.384948,-0.24028018,1.6613837,4978,0,-6.0703135,-22.118937,-22.028126,4978,2,0,1,1
646196188,5.106123,-1.2029594,1.0636363,5000,0,16.156853,-3.4177065,-8.460958,5000,0,0,1,1
646201211,3.8535275,-1.994761,1.1904485,5023,0,-2.5634744,-5.4768114,-20.044975,5023,0,0,1,1
646206188,3.5978658,-2.4536464,1.1443399,4977,0,-3.1790798,-20.633669,-3.00156,4977,0,0,1,1
646211188,3.3405464,-2.3680892,1.2032176,5000,0,15.873059,2.133176,-3.0593815,5000,0,0,1,1
646216210,3.4938965,-1.7904835,1.1733457,5022,0,8.067352,-24.491045,9.994742,5022,0,0,1,1
646221188,4.1003284,-2.4211044,1.436231,4978,0,2.081264,-9.0990715,0.6814611,4978,0,0,1,1
646226188,4.784275,-1.6895391,1.7675942,5000,0,2.871024,-10.552597,8.85233,5000,0,0,1,1
646231211,5.021986,-0.97903055,1.6752024,5023,0,-4.3175898,-3.9743285,8.626813,5023,0,0,1,1
646236188,5.8915915,-1.0154423,1.9736674,4977,0,2.3587773,-14.761077,0.7029995,4977,0,0,1,1
646241188,5.719712,-0.63443255,1.9130148,5000,0,2.6589866,1.1257193,0.69953525,5000,0,0,1,1
646246210,5.889591,-0.53489095,1.8149402,5022,0,1.1719009,-5.25769,-1.6834083,5022,0,0,1,1
646251188,6.3496013,-0.3221837,1.7806041,4978,0,-1.4368789,-2.9744892,1.5110111,4978,0,0,1,1
646256188,6.522302,-0.094340906,1.8626015,5000,0,2.3807032,-4.7168446,2.3703527,5000,0,0,1,1
646261211,6.2717543,0.14819185,2.0790257,5023,0,-2.5959065,3.6582558,-2.197511,5023,0,0,1,1
646266188,6.438965,0.37163043,2.339241,4977,0,4.5861683,-1.290004,-3.4153152,4977,0,0,1,1
646271188,6.709817,0.46530688,2.3779836,5000,0,2.7464488,-5.2268953,4.3337054,5000,0,0,1,1
646276210,6.551906,0.7279174,2.6944335,5022,0,-3.838264,0.41161293,-0.69887376,5022,0,0,1,1
646281188,6.7667193,0.8885778,2.790372,4978,0,1.369468,-6.8556046,2.0291395,4978,0,0,1,1
646286188,6.9626927,0.7124712,3.0029697,5000,0,-1.0668769,-17.56115,0.2334387,5000,0,0,1,1
646291210,7.2334123,0.57362473,3.1995583,5022,0,-4.8362374,-11.028459,3.6657643,5022,0,0,1,1
646296188,6.9326534,0.07262279,2.9346044,4978,0,-7.83526,-13.964831,7.042961,4978,0,0,1,1
646301193,6.9829745,0.1402442,2.5926924,5005,0,-6.311849,-19.179762,8.159495,5005,0,0,1,1
646306210,7.0493126,0.06633373,2.1171284,5017,0,-10.089849,-20.141058,13.711779,5017,0,0,1,1
646311188,6.840714,-0.097807646,1.81591,4978,0,-8.837983,-17.31455,12.742676,4978,0,0,1,1
646316187,7.010322,-0.23149718,1.4980596,4999,0,-10.361953,-22.031107,16.248487,4999,0,0,1,1
646321211,7.1475673,-0.37503794,1.2692353,5024,0,-9.907623,-20.076324,16.179592,5024,0,0,1,1
646326188,7.305241,-0.28701606,1.1838983,4977,0,-9.980132,-14.336871,18.566254,4977,0,0,1,1
646331188,7.458467,-0.21228836,1.0796409,5000,0,-8.360742,-17.147383,18.539968,5000,0,0,1,1
646336210,7.489633,-0.13892458,1.1488588,5022,0,-5.6499543,-15.765196,19.44909,5022,0,0,1,1
646341188,7.485298,-0.21134073,1.2509973,4978,0,-5.249358,-11.915624,20.21926,4978,0,0,1,1
646346188,7.531345,-0.2232384,1.3934989,5000,0,-6.5527973,-13.793344,20.456518,5000,0,0,1,1
646351211,7.674063,-0.026964571,1.5545784,5023,0,-4.9143143,-10.989205,22.802597,5023,0,0,1,1
646356188,7.7723727,0.06848627,1.6093783,4977,0,-4.79059,-8.506679,19.496359,4977,0,0,1,1
646361188,7.736768,0.09690093,1.7674267,5000,0,-2.3140578,-8.913323,16.627628,5000,0,0,1,1
646366210,7.6882143,0.15384099,1.822798,5022,0,-0.95955396,-8.082618,18.001368,5022,0,0,1,1
646371188,7.573017,0.19606757,1.822707,4978,0,-0.49410495,-6.7268596,13.392994,4978,0,0,1,1
646376188,7.394576,0.2426236,1.810462,5000,0,-0.81616676,-6.7457886,12.617519,5000,0,0,1,1
646381211,7.1257625,0.21330221,1.7293433,5023,0,2.0275528,-4.543801,7.5073996,5023,0,0,1,1
646386188,6.7625713,0.16362478,1.6334631,4977,0,2.9102485,-3.9612854,6.062322,4977,0,0,1,1
646391188,6.383015,0.08559726,1.4466007,5000,0,4.1363378,-1.358902,5.2307186,5000,0,0,1,1
646396210,6.0670395,0.039845288,1.2598137,5022,0,4.495769,-0.8279626,2.3817818,5022,0,0,1,1
646401187,5.950279,0.039618935,1.135766,4977,0,4.876069,-0.029527958,0.046486575,4977,0,0,1,1
646406188,6.0997295,-0.06846356,1.1668528,5001,0,3.0987463,1.7196457,0.097944744,5001,0,0,1,1
646411211,6.5132093,-0.060817678,1.1827526,5023,0,3.7474363,3.4079742,0.9454719,5023,0,0,1,1
646416188,7.1428576,-0.03236134,1.3926483,4977,0,2.3106642,-0.80132854,0.033029247,4977,0,0,1,1
646421188,7.5974574,0.16598411,1.7001774,5000,0,4.9466085,1.5124549,-2.2579184,5000,0,0,1,1
646426212,7.6214066,0.39138237,1.791074,5024,0,3.5374107,3.2531998,-3.526119,5024,0,0,1,1
646431188,7.4835453,0.13294768,1.8851893,4976,0,3.4590893,-0.7676637,-7.814208,4976,0,0,1,1
646436187,6.885124,-0.11380159,1.9650329,4999,0,1.8866374,1.8933978,-5.5276704,4999,0,0,1,1
646441210,6.2982535,-0.47892892,2.0604894,5023,0,2.3531642,-1.7925471,-2.5421255,5023,0,0,1,1
646446188,5.6361136,-0.44170392,2.1832702,4978,0,5.0488825,0.7463962,3.8067985,4978,0,0,1,1
646451187,4.939608,-0.3596217,2.1348636,4999,0,5.190543,5.039828,5.252461,4999,0,0,1,1
646456210,4.410394,-0.4511812,2.0727785,5023,0,1.0504166,4.227475,2.6177428,5023,0,0,1,1
646461188,4.5014358,-0.4337614,1.9552959,4978,0,-1.1900152,6.472292,5.5428576,4978,0,0,1,1
646466187,4.8032784,-0.2513345,1.9817995,4999,0,-0.56484616,4.3616385,8.069796,4999,0,0,1,1
646471210,4.9848013,0.22124186,2.069046,5023,0,-4.122779,5.1021624,6.141062,5023,0,0,1,1
646476188,5.022933,0.42771322,2.1269739,4978,0,-1.586982,6.9033127,4.84801,4978,0,0,1,1
646481187,4.6839514,0.56721497,2.0753372,4999,0,-0.92438805,9.786872,6.264471,4999,0,0,1,1
646486210,4.472102,0.65571934,2.0208595,5023,0,-1.937392,5.492847,7.9771037,5023,0,0,1,1
646491189,4.1965156,0.5701469,2.0690105,4979,0,-6.688441,6.4491,9.21775,4979,0,0,1,1
646496187,3.7790916,0.42564633,2.165928,4998,0,-4.95362,11.597367,7.837577,4998,0,0,1,1
646501210,3.5180306,0.23832777,2.111693,5023,0,-2.1745849,11.108027,9.32984,5023,0,0,1,1
646506188,3.3169389,0.20350897,1.9802811,4978,0,-3.808067,11.70927,9.398865,4978,0,0,1,1
646511187,3.3634524,0.26543072,1.8748859,4999,0,-6.577386,14.458978,9.181333,4999,0,0,1,1
646516210,3.622751,0.18751417,1.7864536,5023,0,-4.1486974,16.691925,9.180344,5023,0,0,1,1
646521188,3.8747132,0.19011414,1.7350359,4978,0,-5.2122083,12.831075,10.129432,4978,0,0,1,1
646526186,3.6656182,0.12587324,1.5903872,4998,0,-3.896876,15.224478,5.330607,4998,0,0,1,1
646531211,3.286985,0.032760877,1.557864,5025,0,-6.0717273,16.30501,5.843302,5025,0,0,1,1
646536188,3.20561,-0.36701462,1.6476878,4977,0,-6.2433653,11.297671,3.864663,4977,0,0,1,1
646541187,3.7706838,-0.7076889,1.5680391,4999,0,-1.705236,13.678685,7.367765,4999,0,0,1,1
646546210,4.085818,-0.9010652,1.3395989,5023,0,0.8781853,15.194346,8.2586,5023,0,0,1,1
646551188,4.0477586,-1.0364591,1.281772,4978,0,1.9313855,12.0871525,4.2963758,4978,0,0,1,1
646556187,3.9647477,-1.4485455,1.5009058,4999,0,1.5054016,13.247288,1.6081376,4999,0,0,1,1
646561210,3.9380217,-1.5368233,1.493573,5023,0,6.070286,15.720817,4.958553,5023,0,0,1,1
646566188,3.9955611,-1.5331556,1.4437039,4978,0,5.946368,12.0803585,4.942066,4978,0,0,1,1
646571186,3.8528361,-1.236192,1.373215,4998,0,9.79448,15.963361,8.170096,4998,0,0,1,1
646576210,3.5087092,-0.8559947,1.4520558,5024,0,11.626059,10.890164,9.543611,5024,0,0,1,1
646581188,3.1041863,-0.41862833,1.56372,4978,0,13.515134,14.730527,7.311955,4978,0,0,1,1
646586187,2.9509263,-0.14869733,1.4927903,4999,0,16.218225,15.113887,5.352436,4999,0,0,1,1
646591210,2.931105,0.081094086,1.3409547,5023,0,13.113311,13.457431,3.4644403,5023,0,0,1,1
646596188,3.0436559,0.2977785,1.2335392,4978,0,16.882559,17.090076,2.257902,4978,0,0,1,1
646601186,3.197538,0.5943449,1.1691157,4998,0,15.044468,15.231142,1.43941,4998,0,0,1,1
646606210,3.183699,0.7702047,1.0045955,5024,0,14.590887,17.776737,0.120187365,5024,0,0,1,1
646611188,3.0397177,0.8370203,0.7911305,4978,0,11.174024,15.036464,1.2341768,4978,0,0,1,1
646616187,2.9062736,0.8887568,0.48246124,4999,0,7.5478005,15.511198,3.6252165,4999,0,0,1,1
646621210,2.6740313,0.98467517,0.25965336,5023,0,6.0301757,14.902729,2.2829938,5023,0,0,1,1
646626188,2.330032,0.873628,-0.008765099,4978,0,4.7519803,12.573677,0.16345105,4978,0,0,1,1
646631187,1.8208299,0.656928,-0.28384507,4999,0,2.1980062,11.889144,-1.6722975,4999,0,0,1,1
646636210,1.304238,0.2928457,-0.5496827,5023,0,-0.6305443,11.268792,-3.3531494,5023,0,0,1,1
646641188,0.7096361,0.013247468,-0.77829415,4978,0,-1.566927,11.294521,-4.238906,4978,0,0,1,1
646646187,0.2304865,-0.19134091,-1.1027614,4999,0,-4.161976,10.185902,-4.200769,4999,0,0,1,1
646651211,-0.00013474438,-0.18794665,-1.4663898,5024,0,-4.5839186,7.886622,-4.3812203,5024,0,0,1,1
646656188,-0.14702421,-0.009344665,-1.7061868,4977,0,-4.0174317,8.022179,-3.0955615,4977,0,0,1,1
646661187,-0.26681718,0.200581,-1.8661404,4999,0,-3.3336112,7.7620587,-2.543812,4999,0,0,1,1
646666211,-0.39023682,0.33113936,-1.8939698,5024,0,-3.8009224,5.505527,-2.5969956,5024,0,0,1,1
646671188,-0.524959,0.23621626,-1.7720702,4977,0,-5.0071025,4.2581625,-3.3551984,4977,0,0,1,1
646676187,-0.75424045,0.09149696,-1.6307433,4999,0,-4.345713,5.5787783,-2.4885361,4999,0,0,1,1
646681211,-1.0786476,-0.08020184,-1.3328133,5024,0,-4.253524,6.353125,-1.5729947,5024,0,0,1,1
646686188,-1.3876742,-0.22386737,-0.997745,4977,0,-4.104834,5.2899036,-1.2736288,4977,0,0,1,1
646691187,-1.5645386,-0.28389028,-0.6061149,4999,0,-3.8395596,5.337174,1.2436409,4999,0,0,1,1
646696210,-1.662998,-0.2454646,-0.20257564,5023,0,-3.9736493,6.572658,2.947269,5023,0,0,1,1
646701188,-1.7590555,-0.10745026,-0.021852857,4978,0,-3.4760914,11.957449,3.5822275,4978,0,0,1,1
646706187,-1.8599479,0.025273642,0.08962178,4999,0,-3.2970798,10.808655,5.2037144,4999,0,0,1,1
646711211,-1.9715961,-0.014520387,0.23561537,5024,0,-2.0808146,9.698758,6.1927447,5024,0,0,1,1
646716188,-2.005186,0.038575806,0.36952567,4977,0,-2.0246534,9.796885,7.6887083,4977,0,0,1,1
646721187,-2.0987282,-0.018555613,0.548544,4999,0,-0.06955701,10.363138,7.4410973,4999,0,0,1,1
646726211,-2.0641298,-0.13228306,0.70223135,5024,0,-1.7052224,11.328233,6.8914905,5024,0,0,1,1
646731188,-2.033708,-0.2604635,0.8125992,4977,0,0.8904685,11.113492,6.8748193,4977,0,0,1,1
646736186,-1.9941345,-0.40646967,0.96029204,4998,0,1.1490793,6.6949472,8.571277,4998,0,0,1,1
646741211,-2.052418,-0.33497992,1.0389279,5025,0,-0.5910195,13.992825,9.335628,5025,0,0,1,1
646746188,-2.0478885,-0.28924307,1.0835304,4977,0,2.664995,8.553418,11.34778,4977,0,0,1,1
646751188,-2.0274742,-0.15811373,1.152632,5000,0,0.48247486,8.55851,10.704334,5000,0,0,1,1
646756211,-1.9389669,-0.07136624,1.1476307,5023,0,3.5912695,10.26921,10.035492,5023,0,0,1,1
646761191,-1.9163755,-0.04368818,1.1484872,4980,0,1.0925385,7.5747695,7.9708652,4980,0,0,1,1
646766186,-1.9030186,-0.09601265,1.1067175,4995,0,2.7549536,8.076128,6.635672,4995,0,0,1,1
646771211,-1.8821911,-0.07351403,1.0370915,5025,0,0.5642575,6.080756,6.783148,5025,0,0,1,1
646776188,-1.8515419,-0.13509148,0.9950404,4977,0,2.7740057,3.6135862,6.283205,4977,0,0,1,1
646781187,-1.8244452,-0.13118815,0.9698673,4999,0,0.7338678,5.440222,6.6502075,4999,0,0,1,1
646786211,-1.8480388,-0.15259583,0.91053754,5024,0,1.6217009,1.5493121,5.3107796,5024,0,0,1,1
646791188,-1.9093904,-0.107607655,0.8518984,4977,0,0.92494553,6.264042,6.3867636,4977,0,0,1,1
646796187,-1.8803205,-0.08509198,0.79938495,4999,0,1.5073546,2.0376961,7.272418,4999,0,0,1,1
646801211,-1.8896928,0.012675822,0.7500135,5024,0,-0.63324904,5.863109,6.1852684,5024,0,0,1,1
646806188,-1.8528874,0.037384946,0.71821845,4977,0,3.1676638,1.2962403,7.060465,4977,0,0,1,1
646811187,-1.8447843,0.062332474,0.6650337,4999,0,-0.9677906,3.9854965,7.1294627,4999,0,0,1,1
646816210,-1.8244071,0.08733868,0.61443233,5023,0,1.1062641,4.415318,7.5678706,5023,0,0,1,1
646821187,-1.7989277,0.06736906,0.5681969,4977,0,0.7262212,3.4725964,8.048291,4977,0,0,1,1
646826187,-1.8043014,0.0005212478,0.5600112,5000,0,1.179857,1.9229852,8.553229,5000,0,0,1,1
646831211,-1.7802114,-0.024790231,0.5445964,5024,0,-0.8635317,8.415448,9.378474,5024,0,0,1,1
646836187,-1.6747832,-0.044196766,0.52486104,4976,0,1.221979,2.7409592,9.784676,4976,0,0,1,1
646841187,-1.596021,-0.038940843,0.5010571,5000,0,-1.7195055,6.023718,10.472758,5000,0,0,1,1
646846215,-1.4798723,-0.008391988,0.50146705,5028,0,0.4389932,3.4043684,11.803746,5028,0,0,1,1
646851188,-1.3867061,0.022290718,0.46306092,4973,0,-0.00429407,5.9227724,11.314044,4973,0,0,1,1
646856187,-1.3231508,0.041716874,0.43901217,4999,0,-0.42013678,4.6945353,12.073529,4999,0,0,1,1
646861211,-1.2236784,0.03896444,0.38697678,5024,0,0.5924449,5.2568274,11.64209,5024,0,0,1,1
646866188,-1.1603007,0.053033523,0.35818255,4977,0,0.8750927,5.297481,12.170405,4977,0,0,1,1
646871187,-1.0061578,0.0013742463,0.33057302,4999,0,-0.5204487,1.4266531,11.782044,4999,0,0,1,1
646876211,-0.91989625,-0.04003069,0.26598343,5024,0,0.24435022,8.511394,11.472056,5024,0,0,1,1
646881188,-0.8111309,-0.06389984,0.25623617,4977,0,0.1836865,-0.5034607,11.207655,4977,0,0,1,1
646886187,-0.6602552,-0.105465434,0.21661815,4999,0,0.8348844,5.7367287,11.483677,4999,0,0,1,1
646891211,-0.585045,-0.058791168,0.19132008,5024,0,-0.41711998,4.420362,11.698397,5024,0,0,1,1
646896188,-0.47107825,-0.067253806,0.22286794,4977,0,0.87208575,-0.8482898,10.867061,4977,0,0,1,1
646901186,-0.38391733,-0.021357326,0.18993805,4998,0,0.44355497,7.004794,10.77632,4998,0,0,1,1
646906211,-0.33620718,0.0031852492,0.20650533,5025,0,1.3561786,1.155894,9.629881,5025,0,0,1,1
646911188,-0.2607423,-0.025541887,0.19831729,4977,0,1.7298514,1.7757745,8.457704,4977,0,0,1,1
646916187,-0.2061522,-0.03187591,0.18607855,4999,0,-0.72661567,5.99757,8.330329,4999,0,0,1,1
646921211,-0.118699975,-0.053120162,0.18667668,5024,0,2.244185,-1.815771,8.25107,5024,0,0,1,1
646926188,-0.07886336,-0.08859497,0.14432497,4977,0,0.046538167,4.1700387,7.488669,4977,0,0,1,1
646931186,-0.047806446,-0.103076845,0.14266977,4998,0,1.8053304,1.9629673,8.922353,4998,0,0,1,1
646936211,-0.012796461,-0.07601534,0.09635397,5025,0,2.2087505,-1.5681748,7.9726825,5025,0,0,1,1
646941188,-0.014886563,-0.06771974,0.08022645,4977,0,0.30133307,6.0658236,6.7717023,4977,0,0,1,1
646946187,0.024426363,-0.020272404,0.04800169,4999,0,1.2050337,-0.5292398,7.501057,4999,0,0,1,1
646951211,0.054149363,-0.0086809965,0.018373957,5024,0,1.3527281,2.6542618,7.3385196,5024,0,0,1,1
646956188,0.08656046,-0.025847219,-0.018961206,4977,0,0.55455977,4.126339,8.35153,4977,0,0,1,1
646961187,0.16319795,-0.0026791834,-0.058524497,4999,0,2.3346236,-1.5494859,9.116057,4999,0,0,1,1
646966211,0.18658176,-0.0381425,-0.05485067,5024,0,0.57925117,6.156161,8.135321,5024,0,0,1,1
646971188,0.22670038,-0.018536853,-0.087203294,4977,0,1.616167,3.5304282,9.643092,4977,0,0,1,1
646976189,0.2981061,-0.013644492,-0.11684945,5001,0,1.4051148,0.7159866,9.564501,5001,0,0,1,1
646981211,0.3277249,-0.039601114,-0.09870818,5022,0,-0.104112715,7.515196,9.932963,5022,0,0,1,1
646986188,0.4565095,-0.008419439,-0.11332494,4977,0,1.9368095,0.4794107,10.97271,4977,0,0,1,1
646991187,0.5245021,-0.013171346,-0.094872564,4999,0,1.11956,6.442024,10.341169,4999,0,0,1,1
646996211,0.5559905,0.0058254516,-0.07999578,5024,0,1.1255846,5.7605963,11.77436,5024,0,0,1,1
647001188,0.6479593,0.018486567,-0.09873152,4977,0,1.4283255,1.823189,11.29554,4977,0,0,1,1
647006187,0.7286378,-0.019377714,-0.077881575,4999,0,0.69154644,8.651505,10.615192,4999,0,0,1,1
647011211,0.7977284,0.026438583,-0.08723985,5024,0,0.7513285,3.9551039,10.070243,5024,0,0,1,1
647016188,0.8632916,-0.036273777,-0.08523558,4977,0,1.575439,5.13859,10.582205,4977,0,0,1,1
647021187,0.88123643,0.016017407,-0.12686448,4999,0,0.020670258,8.172634,11.02092,4999,0,0,1,1
647026211,0.97177094,-0.016704299,-0.10934446,5024,0,2.0046263,0.81659657,9.730011,5024,0,0,1,1
647031188,1.0177509,0.007981672,-0.15281953,4977,0,-0.054028437,9.929187,8.594195,4977,0,0,1,1
647036186,1.0051605,0.006477767,-0.16813077,4998,0,0.5451852,3.9048693,8.885804,4998,0,0,1,1
647041211,1.0303085,-0.0099958,-0.18367435,5025,0,1.9784162,2.9257658,9.557099,5025,0,0,1,1
647046188,1.0295793,0.04701101,-0.22662012,4977,0,-0.7104336,9.80408,7.9088387,4977,0,0,1,1
647051186,1.0306064,0.003555943,-0.22561468,4998,0,2.2173715,1.7406242,7.2305694,4998,0,0,1,1
647056211,1.0251276,0.03644984,-0.28324175,5025,0,-0.34871113,7.1919217,7.5846334,5025,0,0,1,1
647061188,0.998724,-0.008766406,-0.27072,4977,0,1.1220503,7.0430303,7.0206575,4977,0,0,1,1
647066187,1.0009017,0.06126718,-0.3115853,4999,0,0.84633124,1.301412,6.923448,4999,0,0,1,1
647071211,0.94948566,-0.0075710556,-0.32720038,5024,0,-0.34481794,7.845535,6.287268,5024,0,0,1,1
647076188,0.8770667,0.052994907,-0.35093808,4977,0,1.7151095,4.2452188,7.52291,4977,0,0,1,1
647081188,0.8959482,0.0053066653,-0.36652324,5000,0,0.97982335,4.798018,5.7961044,5000,0,0,1,1
647086210,0.8402525,0.0633164,-0.4035697,5022,0,0.41790137,9.112776,6.0893016,5022,0,0,1,1
647091188,0.81541127,0.026579775,-0.3958815,4978,0,0.86178595,1.6004388,7.4567137,4978,0,0,1,1
647096186,0.79101384,0.06765227,-0.43344742,4998,0,0.92130303,8.110137,6.880305,4998,0,0,1,1
647101210,0.7555233,0.063881375,-0.4366778,5024,0,0.13231567,7.3968806,6.811253,5024,0,0,1,1
647106188,0.7517104,0.073991306,-0.47837177,4978,0,2.1532238,2.5296147,7.1285467,4978,0,0,1,1
647111187,0.7010595,0.050703,-0.45127752,4999,0,-0.8092971,10.501807,7.6342673,4999,0,0,1,1
647116211,0.6924656,0.094207935,-0.4695409,5024,0,2.1729834,4.6140103,7.930015,5024,0,0,1,1
647121188,0.6957037,0.07190547,-0.4509488,4977,0,0.9582633,6.495885,7.5327625,4977,0,0,1,1
647126187,0.65347016,0.09266259,-0.4553812,4999,0,-0.047655463,11.461743,8.205278,4999,0,0,1,1
647131211,0.6663364,0.073498964,-0.41652703,5024,0,2.0610414,3.3212447,8.057966,5024,0,0,1,1
647136188,0.6930043,0.1099614,-0.4019005,4977,0,0.15912856,10.083127,7.46574,4977,0,0,1,1
647141187,0.6526234,0.08604415,-0.36138842,4999,0,0.1641156,9.011284,8.589314,4999,0,0,1,1
647146211,0.6483173,0.10594141,-0.3378252,5024,0,2.5814478,3.4163182,8.261482,5024,0,0,1,1
647151188,0.61439663,0.056312732,-0.28355932,4977,0,-1.0842006,11.818529,6.963443,4977,0,0,1,1
647156187,0.6098834,0.12019416,-0.26428422,4999,0,1.0455741,6.314397,7.3689766,4999,0,0,1,1
647161211,0.6033807,0.028226348,-0.20910773,5024,0,0.65520567,4.953814,7.7763023,5024,0,0,1,1
647166188,0.5571066,0.09786082,-0.18447062,4977,0,-0.9197257,10.740909,7.754475,4977,0,0,1,1
647171187,0.5660751,0.022929328,-0.11617192,4999,0,1.6569157,1.6893951,6.2344885,4999,0,0,1,1
647176211,0.5201772,0.08915089,-0.119177915,5024,0,-0.7315763,10.46427,6.5636835,5024,0,0,1,1
647181188,0.47241756,0.021106562,-0.034298442,4977,0,-0.29317984,6.5675955,6.075239,4977,0,0,1,1
647186187,0.45565125,0.06180983,-0.04932416,4999,0,0.59194696,3.2233758,6.881618,4999,0,0,1,1
647191212,0.42636383,0.00091753365,0.03451475,5025,0,-2.249794,9.628236,5.8607306,5025,0,0,1,1
647196188,0.36019596,0.04182837,0.028039008,4976,0,1.5453057,4.3432226,5.8630457,4976,0,0,1,1
647201187,0.33211598,-0.013366437,0.06720138,4999,0,-1.7031028,6.0382514,5.8099794,4999,0,0,1,1
647206211,0.25599995,-0.007934484,0.09291396,5024,0,0.19154227,8.717093,5.624441,5024,0,0,1,1
647211188,0.25787154,-0.032532535,0.105117574,4977,0,-0.5641787,1.5778391,6.7131643,4977,0,0,1,1
647216187,0.21341912,-0.028750533,0.114934094,4999,0,-0.7760688,10.77719,5.5070333,4999,0,0,1,1
647221211,0.15891053,-0.010139005,0.15837936,5024,0,-0.22283964,4.527231,5.8369784,5024,0,0,1,1
647226188,0.10984538,-0.07337752,0.1441346,4977,0,0.2687684,6.174694,6.359863,4977,0,0,1,1
647231187,0.0845113,-0.03280842,0.1539298,4999,0,-0.96492237,8.844385,6.6157346,4999,0,0,1,1
647236211,0.059204653,-0.074430525,0.20291133,5024,0,0.8667021,3.957087,6.7148767,5024,0,0,1,1
647241188,0.049162827,-0.031429686,0.1496637,4977,0,-0.10376575,10.034839,6.596653,4977,0,0,1,1
647246187,-0.020667719,-0.071047984,0.18449922,4999,0,0.08920531,6.6641397,6.9132214,4999,0,0,1,1
647251211,-0.011573393,-0.06902978,0.1734599,5024,0,2.211406,4.871921,7.60096,5024,0,0,1,1
647256188,-0.032921564,-0.046859276,0.15045166,4977,0,-1.3695401,12.217743,6.8397527,4977,0,0,1,1
647261187,-0.04733955,-0.060708273,0.1656759,4999,0,1.8391782,5.0888124,7.459989,4999,0,0,1,1
647266211,-0.054399524,-0.03778484,0.14282413,5024,0,0.65248334,7.867328,8.108952,5024,0,0,1,1
647271188,-0.1083028,-0.054155465,0.12458531,4977,0,0.6219724,9.676325,7.3202276,4977,0,0,1,1
647276187,-0.07630883,-0.04792631,0.1235996,4999,0,2.7496142,4.0565734,7.4444723,4999,0,0,1,1
647281211,-0.06579091,-0.022906393,0.09517282,5024,0,0.5211288,11.802398,7.846937,5024,0,0,1,1
647286188,-0.118636884,0.0019213471,0.10241691,4977,0,1.581247,6.404133,7.2695813,4977,0,0,1,1
647291187,-0.10070664,-0.03957561,0.0675141,4999,0,1.335149,4.8355217,8.141641,4999,0,0,1,1
647296211,-0.13371077,-0.0013324701,0.055105705,5024,0,0.53564364,11.113963,7.031809,5024,0,0,1,1
647301191,-0.14840624,-0.010706037,0.043518715,4980,0,2.356323,4.258413,6.778621,4980,0,0,1,1
647306187,-0.12914369,0.0030027542,0.02802587,4996,0,0.46890762,7.799907,7.220936,4996,0,0,1,1
647311211,-0.19200033,0.016335096,0.011946272,5024,0,0.16480215,7.7430596,7.879333,5024,0,0,1,1
647316186,-0.17792574,0.0054550725,0.0030560435,4975,0,1.9522245,2.4931595,6.648683,4975,0,0,1,1
647321187,-0.18825693,0.026484415,-0.02548585,5001,0,0.039337277,9.533126,6.4091105,5001,0,0,1,1
647326211,-0.230794,0.037395086,-0.014817672,5024,0,0.9415421,6.381088,6.4344974,5024,0,0,1,1
647331187,-0.23658459,0.022779638,-0.049023308,4976,0,0.6860471,3.098797,6.549542,4976,0,0,1,1
647336187,-0.2697245,0.010215341,-0.053141564,5000,0,-0.9407648,9.804387,7.3227725,5000,0,0,1,1
647341211,-0.26342458,0.04090315,-0.06320068,5024,0,2.365165,2.1497443,7.06808,5024,0,0,1,1
647346187,-0.2744732,0.024284773,-0.07639201,4976,0,-0.97183406,8.305061,5.8166094,4976,0,0,1,1
647351187,-0.30373925,0.02091724,-0.076009944,5000,0,0.112559974,6.774003,6.9887443,5000,0,0,1,1
647356211,-0.30367863,0.018514894,-0.0790202,5024,0,1.0316179,2.255803,8.361943,5024,0,0,1,1
647361187,-0.2886602,0.030533936,-0.09046726,4976,0,-0.9530344,9.76262,7.5480213,4976,0,0,1,1
647366188,-0.3069999,0.03527018,-0.06974289,5001,0,1.3479575,4.3245225,7.116917,5001,0,0,1,1
647371211,-0.3107236,0.00061345176,-0.07828549,5023,0,-0.9235596,6.557614,7.227656,5023,0,0,1,1
647376187,-0.29866496,-0.013290616,-0.07073031,4976,0,-0.59291303,8.122747,8.206343,4976,0,0,1,1
647381188,-0.2629247,-0.014173483,-0.070202745,5001,0,1.1108729,2.0501983,8.718644,5001,0,0,1,1
647386211,-0.25432968,-0.001897799,-0.043718595,5023,0,-0.8323052,9.973181,7.6585665,5023,0,0,1,1
647391187,-0.27412438,-0.015714664,-0.038105477,4976,0,0.86328316,6.05651,8.700424,4976,0,0,1,1
647396187,-0.20658213,-0.030864678,-0.02607001,5000,0,0.42757186,5.3945856,8.61866,5000,0,0,1,1
647401211,-0.22369772,-0.024974143,-0.008527324,5024,0,-0.7994167,9.940058,8.462175,5024,0,0,1,1
647406187,-0.18599488,-0.014429077,0.029640915,4976,0,1.9320804,2.0090938,8.8675995,4976,0,0,1,1
647411188,-0.15566558,-0.03286868,0.02510817,5001,0,-0.45640785,8.227211,8.046708,5001,0,0,1,1
647416211,-0.14610371,-0.049514093,0.05717166,5023,0,0.30172855,6.7573013,8.464632,5023,0,0,1,1
647421186,-0.106996395,-0.06318194,0.0790648,4975,0,1.6347162,2.6926713,8.105504,4975,0,0,1,1
647426187,-0.09967723,-0.039269835,0.08560484,5001,0,-0.43129277,9.9696245,8.455738,5001,0,0,1,1
647431211,-0.099976316,-0.029014817,0.12601624,5024,0,1.0642407,3.7834446,8.004697,5024,0,0,1,1
647436187,-0.07082075,-0.048611347,0.13154678,4976,0,0.580816,4.752995,8.066403,4976,0,0,1,1
647441187,-0.07180832,-0.03625915,0.15194929,5000,0,0.29809767,8.753223,7.901507,5000,0,0,1,1
647446211,-0.022691794,-0.033656638,0.1575588,5024,0,2.1525977,1.7769384,7.20238,5024,0,0,1,1
647451187,-0.01806443,-0.034395218,0.15434879,4976,0,-0.47454217,8.945717,6.9179645,4976,0,0,1,1
647456188,-0.05220547,-0.03610651,0.19308932,5001,0,0.94287175,4.474011,7.8694525,5001,0,0,1,1
647461212,-0.027899953,-0.049466375,0.18040279,5024,0,2.242692,2.4276536,7.8687787,5024,0,0,1,1
647466187,-0.04170102,-0.02131851,0.16206844,4975,0,-0.6022396,10.236763,6.54382,4975,0,0,1,1
647471187,-0.036432475,-0.015880547,0.18207686,5000,0,2.1311753,1.0928768,6.9882793,5000,0,0,1,1
647476212,-0.035756525,-0.026597476,0.16482423,5025,0,-0.046208996,6.6655784,7.4813757,5025,0,0,1,1
647481187,-0.030815465,-0.0068238047,0.16786064,4975,0,1.1029744,7.246001,8.0832405,4975,0,0,1,1
647486187,-0.0006364917,0.0031678302,0.13439576,5000,0,2.0418,1.4440794,7.0929923,5000,0,0,1,1
647491211,-0.04062775,-0.0016947511,0.12301835,5024,0,-0.8354538,9.680371,7.081679,5024,0,0,1,1
647496186,-0.038633276,-0.009513926,0.123283684,4975,0,1.9693074,4.273538,8.013875,4975,0,0,1,1
647501188,0.000462531,-0.0053453855,0.0778911,5002,0,0.9325467,4.9748225,7.845728,5002,0,0,1,1
647506211,-0.012431661,0.004759273,0.060995694,5023,0,0.121558405,9.526728,8.122411,5023,0,0,1,1
647511187,-0.015780505,-0.0047325515,0.043480325,4976,0,1.5353565,2.3307185,8.322633,4976,0,0,1,1
647516188,0.028962402,0.0067906757,0.013339171,5001,0,0.61929077,8.687302,8.283579,5001,0,0,1,1
647521210,0.024526138,0.025682734,-0.009426691,5022,0,0.28617084,8.004593,8.654749,5022,0,0,1,1
647526186,0.058222868,0.023518652,-0.038340643,4976,0,0.93264985,3.0631764,8.631783,4976,0,0,1,1
647531188,0.029865615,0.021900399,-0.042339243,5002,0,-0.2933136,10.600468,8.277433,5002,0,0,1,1
647536211,0.056425825,0.026660152,-0.08064876,5023,0,1.9336126,5.1970887,8.722158,5023,0,0,1,1
647541186,0.11433986,0.0140403705,-0.12408893,4975,0,0.17365688,5.927223,7.981631,4975,0,0,1,1
647546188,0.083699584,0.0007863594,-0.13113971,5002,0,-0.679254,9.643548,8.537666,5002,0,0,1,1
647551211,0.12111974,0.008475039,-0.13178612,5023,0,2.1232889,1.9600085,8.330645,5023,0,0,1,1
647556187,0.1384901,0.014470978,-0.17409973,4976,0,-0.65961766,9.46497,8.035631,4976,0,0,1,1
647561187,0.10370819,0.026712397,-0.18505563,5000,0,0.82786214,6.950669,8.556695,5000,0,0,1,1
647566211,0.1293529,0.005559131,-0.19092889,5024,0,1.0476964,3.7656324,7.920694,5024,0,0,1,1
647571187,0.1495007,0.035807587,-0.18915585,4976,0,-0.8057257,10.189655,6.8380938,4976,0,0,1,1
647576188,0.14513385,0.042201955,-0.19983785,5001,0,1.5069814,3.4264913,7.7151947,5001,0,0,1,1
647581211,0.15375043,0.008217175,-0.2148821,5023,0,0.7197859,5.5643096,8.347504,5023,0,0,1,1
647586187,0.12112449,0.023370514,-0.19627184,4976,0,-0.18720941,8.184029,7.0542903,4976,0,0,1,1
647591187,0.15838477,0.0023105068,-0.193018,5000,0,1.6389785,1.9224869,6.293574,5000,0,0,1,1
647596211,0.15083909,0.0130718,-0.20483772,5024,0,-0.9837757,9.089341,6.952179,5024,0,0,1,1
647601187,0.12144995,0.0025553647,-0.1581384,4976,0,1.9610243,4.0680804,8.18297,4976,0,0,1,1
647606188,0.13120694,0.025016887,-0.15326348,5001,0,1.0518056,3.587516,6.6081758,5001,0,0,1,1
647611211,0.11981472,0.024621429,-0.15718426,5023,0,-1.2213849,9.402619,6.6049166,5023,0,0,1,1
647616187,0.11827472,0.041040517,-0.11951411,4976,0,1.9190598,3.388375,7.5853896,4976,0,0,1,1
647621188,0.1405416,0.024416268,-0.10133679,5001,0,0.091295965,5.2546496,7.025313,5001,0,0,1,1
647626211,0.096141055,0.043259468,-0.0829449,5023,0,0.71618277,8.096753,7.203568,5023,0,0,1,1
647631188,0.0979367,0.0031824117,-0.06487473,4977,0,1.6450351,2.3454204,7.853621,4977,0,0,1,1
647636188,0.09003976,0.019331211,-0.046188883,5000,0,-0.38485646,10.271151,6.979502,5000,0,0,1,1
647641211,0.12070979,0.0046099373,-0.015582373,5023,0,1.6128454,4.4891763,7.1802764,5023,0,0,1,1
647646186,0.13712183,0.014711022,-0.012142333,4975,0,-0.258709,5.807269,8.055059,4975,0,0,1,1
647651187,0.09531029,0.01633426,0.014368263,5001,0,-0.66727495,9.560831,8.37295,5001,0,0,1,1
647656210,0.1358943,0.032670435,0.035004556,5023,0,2.9181938,2.5671349,8.054902,5023,0,0,1,1
647661187,0.12908292,0.028285371,0.040593278,4977,0,-0.8194835,9.502994,7.1721516,4977,0,0,1,1
647666187,0.10225335,0.01990976,0.067745484,5000,0,0.46418607,8.577586,8.085511,5000,0,0,1,1
647671210,0.1473253,0.004906158,0.07206352,5023,0,1.296434,1.7740529,8.510278,5023,0,0,1,1
647676187,0.1572238,0.001731629,0.092179686,4977,0,-0.98107797,11.276927,7.384181,4977,0,0,1,1
647681188,0.12436819,0.0070923893,0.10342063,5001,0,1.1369375,4.3723783,7.6611357,5001,0,0,1,1
647686210,0.13944477,-0.016862823,0.09025148,5022,0,0.22101563,7.481603,8.465513,5022,0,0,1,1
647691187,0.13415651,0.0028050672,0.11283412,4977,0,-0.14599249,8.506428,7.6260786,4977,0,0,1,1
647696188,0.15829062,0.0024934744,0.11350871,5001,0,1.350785,3.2337396,7.058312,5001,0,0,1,1
647701210,0.11779945,0.009175426,0.102685824,5022,0,-1.329511,9.953499,7.0591893,5022,0,0,1,1
647706187,0.1010645,-0.012392687,0.099096365,4977,0,1.7203517,4.0192437,7.705377,4977,0,0,1,1
647711188,0.1362218,-0.019960592,0.09232778,5001,0,0.010745432,6.244761,6.4803157,5001,0,0,1,1
647716210,0.0739707,-0.022046609,0.09344944,5022,0,-1.2268381,9.935159,6.538105,5022,0,0,1,1
647721187,0.06256493,-0.011971182,0.07635852,4977,0,2.002977,2.2817492,7.8389325,4977,0,0,1,1
647726188,0.05613096,-0.03346432,0.06166046,5001,0,-1.2789437,7.892379,6.988589,5001,0,0,1,1
647731210,0.028143529,-0.021940274,0.066006415,5022,0,1.8167294,6.454722,6.676301,5022,0,0,1,1
647736187,0.040343866,-0.009578922,0.04123831,4977,0,0.28230938,4.915009,6.546803,4977,0,0,1,1
647741188,0.0028320681,-0.008466884,0.01431976,5001,0,-1.0258462,8.847683,7.0323873,5001,0,0,1,1
647746210,-0.0030236652,-0.010087175,0.017300775,5022,0,2.0011647,3.4848003,7.3224883,5022,0,0,1,1
647751188,-0.029862583,-0.019908905,-0.01266215,4978,0,0.0023753124,7.9835854,7.230447,4978,0,0,1,1
647756187,-0.06628455,0.0031462528,-0.021057636,4999,0,1.0004709,8.24735,6.792506,4999,0,0,1,1
647761210,-0.053614575,-0.03447154,-0.05592385,5023,0,1.0229685,3.1662743,6.925558,5023,0,0,1,1
647766188,-0.081054084,-0.018203871,-0.056208845,4978,0,-1.1510099,10.587029,6.7958136,4978,0,0,1,1
647771188,-0.07629773,-0.0027694816,-0.053476676,5000,0,3.0106204,4.4557586,8.433977,5000,0,0,1,1
647776210,-0.07070629,0.023512827,-0.093305774,5022,0,0.68760526,7.121531,7.709529,5022,0,0,1,1
647781187,-0.11190559,0.0034375654,-0.080741316,4977,0,-0.0779216,8.240524,7.2954783,4977,0,0,1,1
647786188,-0.08474456,0.011346917,-0.08399248,5001,0,2.2968235,3.4492483,8.1101,5001,0,0,1,1
647791210,-0.07885367,0.019183824,-0.098721065,5022,0,-1.0880445,10.542379,7.071745,5022,0,0,1,1
647796188,-0.09050331,0.020683685,-0.1002267,4978,0,2.2898908,5.083115,8.077078,4978,0,0,1,1
647801188,-0.09198202,0.0034336918,-0.08856428,5000,0,0.4411007,5.5681663,7.826148,5000,0,0,1,1
647806210,-0.09827872,-0.003119025,-0.096783094,5022,0,0.3390617,9.654887,7.7203565,5022,0,0,1,1
647811188,-0.08014299,0.029411176,-0.08898623,4978,0,2.1066287,4.4652257,7.2824206,4978,0,0,1,1
647816188,-0.09315621,0.026274763,-0.08342906,5000,0,-0.58233315,7.4697027,7.6147904,5000,0,0,1,1
647821210,-0.09924804,0.03480105,-0.064894564,5022,0,0.5459768,7.2573123,8.378922,5022,0,0,1,1
647826187,-0.05802257,0.009979479,-0.060332254,4977,0,1.8886873,3.2408876,7.9416776,4977,0,0,1,1
647831190,-0.084732845,0.038083185,-0.057053156,5003,0,-0.9292944,10.1816,6.2519236,5003,0,0,1,1
647836210,-0.11474105,0.020690028,-0.0347821,5020,0,1.5107071,3.258094,7.4008336,5020,0,0,1,1
647841187,-0.074665114,0.002256674,-0.028743975,4977,0,-0.41929433,5.624492,7.7635636,4977,0,0,1,1
647846188,-0.10800323,0.0017289496,-0.01200682,5001,0,-0.4632052,8.536339,7.5272956,5001,0,0,1,1
647851211,-0.08862468,0.00795522,0.005030761,5023,0,2.4035091,2.4995606,6.6530423,5023,0,0,1,1
647856191,-0.118648484,0.008332947,-0.00086382846,4980,0,-2.478999,9.515822,7.097284,4980,0,0,1,1
647861188,-0.10123937,0.0012605462,0.020526985,4997,0,1.6081952,3.9896991,7.8599296,4997,0,0,1,1
647866210,-0.10786928,-0.007723706,0.033602092,5022,0,0.31983063,3.6398237,7.551364,5022,0,0,1,1
647871188,-0.11357753,0.011545329,0.056521907,4978,0,-1.2962952,10.021856,7.1091332,4978,0,0,1,1
647876188,-0.13309094,0.008107391,0.015570687,5000,0,2.3915057,2.8425229,8.269005,5000,0,0,1,1
647881210,-0.19192803,-0.032663,-0.0223268,5022,0,-1.5562922,9.614684,8.354568,5022,0,0,1,1
647886188,-0.2739673,0.015857236,-0.10468448,4978,0,1.5280305,8.298162,9.679269,4978,0,0,1,1
647891188,-0.22738124,0.054502655,-0.17384283,5000,0,0.9056154,7.650052,10.225242,5000,0,0,1,1
647896210,-0.16170856,0.0852284,-0.23961501,5022,0,-0.28741026,9.007393,9.65314,5022,0,0,1,1
647901187,-0.0888259,0.09866778,-0.32166827,4977,0,0.47957206,7.89275,8.8038435,4977,0,0,1,1
647906188,-0.0175612,0.08883536,-0.3806649,5001,0,1.4477232,8.870112,8.791857,5001,0,0,1,1
647911210,-0.00013314196,0.07810114,-0.46300405,5022,0,0.7052513,8.093785,9.216915,5022,0,0,1,1
647916188,-0.0146101,0.07312614,-0.51465046,4978,0,0.95469433,8.273173,9.00061,4978,0,0,1,1
647921188,-0.021096222,0.03520264,-0.5722646,5000,0,0.25361893,6.889639,7.912791,5000,0,0,1,1
647926210,-0.0009388617,0.04941222,-0.63805616,5022,0,0.7517555,7.6097393,7.7341576,5022,0,0,1,1
647931188,0.03437327,0.07109101,-0.67767215,4978,0,0.7528067,6.086123,7.8326006,4978,0,0,1,1
647936188,0.026259964,0.089724615,-0.7562766,5000,0,0.6071744,7.399907,6.328436,5000,0,0,1,1
647941210,0.023007927,0.11603641,-0.8023827,5022,0,0.21493623,6.195839,7.335829,5022,0,0,1,1
647946188,0.041001357,0.11947808,-0.84157073,4978,0,0.22877455,4.277542,6.1803093,4978,0,0,1,1
647951188,0.0012423658,0.12047426,-0.8477945,5000,0,0.8086844,4.801929,5.8742623,5000,0,0,1,1
647956210,-0.04918523,0.10288855,-0.8568469,5022,0,0.2675811,4.2189,5.1271424,5022,0,0,1,1
647961189,-0.10021626,0.081159055,-0.8453491,4979,0,0.2288756,5.18662,5.2131147,4979,0,0,1,1
647966188,-0.11905777,0.05811147,-0.817749,4999,0,0.38991627,3.6570692,5.011367,4999,0,0,1,1
647971210,-0.13580942,0.03374665,-0.7845633,5022,0,0.174093,3.8293314,4.590634,5022,0,0,1,1
647976188,-0.16062956,0.03153632,-0.7299531,4978,0,0.3102511,4.2639303,4.9100175,4978,0,0,1,1
647981188,-0.19657056,0.03727453,-0.6817196,5000,0,-0.085946396,4.8969426,5.4734597,5000,0,0,1,1
647986210,-0.21657708,0.04987492,-0.6096577,5022,0,0.34373018,3.3227682,6.2682295,5022,0,0,1,1
647991188,-0.24908105,0.06483887,-0.51966757,4978,0,0.143658,4.5022583,6.820013,4978,0,0,1,1
647996188,-0.2647774,0.06837678,-0.43122628,5000,0,0.27835202,4.7050886,7.081678,5000,0,0,1,1
648001210,-0.28222317,0.05649227,-0.32825172,5022,0,0.1957215,4.901788,7.182042,5022,0,0,1,1
648006187,-0.28590804,0.039052296,-0.2422602,4977,0,0.13669653,5.749168,7.604301,4977,0,0,1,1
648011188,-0.284264,0.023952834,-0.13370848,5001,0,-0.025515633,5.777665,7.881164,5001,0,0,1,1
648016210,-0.26559177,0.0032483623,-0.030351646,5022,0,0.023038682,6.5739136,8.551531,5022,0,0,1,1
648021188,-0.22222959,0.00604338,0.070390984,4978,0,0.083346345,6.021604,9.321359,4978,0,0,1,1
648026188,-0.19389127,-0.004679823,0.18176243,5000,0,-0.21212098,6.5717487,9.875958,5000,0,0,1,1
648031210,-0.17830808,0.0019697628,0.28369105,5022,0,-0.13250314,6.9854236,9.901231,5022,0,0,1,1
648036188,-0.16739173,-0.004745065,0.3677799,4978,0,-0.21690796,7.413319,9.824319,4978,0,0,1,1
648041188,-0.1356004,-0.012119315,0.4524495,5000,0,-0.3450244,7.0788703,9.747186,5000,0,0,1,1
648046210,-0.07403851,-0.024351967,0.5295444,5022,0,-0.41157523,7.1136756,9.316455,5022,0,0,1,1
648051188,-0.017319791,-0.04898177,0.5921139,4978,0,-0.51621383,7.1436687,9.1592455,4978,0,0,1,1
648056187,0.01089363,-0.06590339,0.64999557,4999,0,-0.46329823,6.9410267,9.148453,4999,0,0,1,1
648061210,0.015544773,-0.0818907,0.6983995,5023,0,-0.57313555,6.656894,8.924699,5023,0,0,1,1
648066188,0.019328522,-0.08696616,0.7347609,4978,0,-0.5465499,6.1668997,8.421648,4978,0,0,1,1
648071188,0.034483954,-0.09053206,0.7683826,5000,0,-0.6251466,5.793962,7.8602567,5000,0,0,1,1
648076210,0.052595958,-0.08921058,0.7784733,5022,0,-0.5198233,5.8119864,7.23443,5022,0,0,1,1
648081188,0.05830288,-0.08901999,0.7732867,4978,0,-0.43793344,5.5699635,6.6348853,4978,0,0,1,1
648086187,0.04717049,-0.08898748,0.757823,4999,0,-0.48031393,5.394788,6.368708,4999,0,0,1,1
648091210,0.027446367,-0.09360296,0.73017955,5023,0,-0.3697398,5.0457196,6.230722,5023,0,0,1,1
648096188,-0.0024882723,-0.10048827,0.6981071,4978,0,-0.20868492,4.9654937,5.9877734,4978,0,0,1,1
648101188,-0.04325925,-0.10700238,0.64607453,5000,0,-0.08022424,5.0391088,5.7875195,5000,0,0,1,1
648106210,-0.088381656,-0.110968105,0.5879795,5022,0,0.085967176,5.204233,5.628502,5022,0,0,1,1
648111188,-0.124558635,-0.11095509,0.5229961,4978,0,0.118478216,5.160471,5.658313,4978,0,0,1,1
648116188,-0.14220642,-0.109289736,0.4485094,5000,0,0.33726856,5.3654695,5.9811254,5000,0,0,1,1
648121210,-0.15875652,-0.09943103,0.37712342,5022,0,0.49345353,5.589953,6.268445,5022,0,0,1,1
648126188,-0.18892796,-0.09204009,0.29485995,4978,0,0.65861315,5.9813595,6.647496,4978,0,0,1,1
648131188,-0.23070748,-0.0779881,0.21131411,5000,0,0.87849337,6.3047156,7.1854806,5000,0,0,1,1
648136210,-0.26089406,-0.06576204,0.1264212,5022,0,1.0380341,6.5402937,7.654523,5022,0,0,1,1
648141188,-0.271996,-0.050235458,0.040852364,4978,0,1.1696385,6.8454676,7.961494,4978,0,0,1,1
648146188,-0.26452225,-0.032027505,-0.042133085,5000,0,1.3090576,7.147826,8.262728,5000,0,0,1,1
648151210,-0.24809308,-0.01607985,-0.12512523,5022,0,1.4169418,7.388446,8.596867,5022,0,0,1,1
648156188,-0.23034018,0.0031857663,-0.20059775,4978,0,1.5314076,7.690958,9.051108,4978,0,0,1,1
648161188,-0.20877828,0.017144332,-0.2771694,5000,0,1.5813792,7.7894382,9.40984,5000,0,0,1,1
648166210,-0.18782026,0.031276755,-0.34461212,5022,0,1.6843147,7.8896813,9.639457,5022,0,0,1,1
648171188,-0.16536589,0.042288925,-0.40514836,4978,0,1.6618371,7.908075,9.759483,4978,0,0,1,1
648176188,-0.13379861,0.057241723,-0.45796403,5000,0,1.6349531,7.818278,9.71986,5000,0,0,1,1
648181211,-0.09835329,0.072579585,-0.5045135,5023,0,1.5639033,7.6995964,9.637439,5023,0,0,1,1
648186188,-0.06265357,0.08982464,-0.54232186,4977,0,1.4603577,7.4835124,9.475842,4977,0,0,1,1
648191188,-0.029502608,0.104942255,-0.57058316,5000,0,1.3383691,7.2563744,9.288091,5000,0,0,1,1
648196210,-0.007861619,0.11763525,-0.5908092,5022,0,1.179625,6.906669,8.973359,5022,0,0,1,1
648201188,0.007161888,0.12460027,-0.59975404,4978,0,1.0133249,6.520588,8.569803,4978,0,0,1,1
648206188,0.016194591,0.12629336,-0.5998407,5000,0,0.8582485,6.0825152,8.110516,5000,0,0,1,1
648211210,0.026162267,0.12800582,-0.59333724,5022,0,0.6503449,5.6543117,7.652383,5022,0,0,1,1
648216188,0.03336188,0.123604186,-0.57985854,4978,0,0.41600284,5.2416444,7.2216372,4978,0,0,1,1
648221188,0.030554729,0.12248185,-0.5603452,5000,0,0.18050869,4.9849844,6.8645453,5000,0,0,1,1
648226210,0.017733647,0.12249483,-0.5338011,5022,0,-0.044836733,4.704232,6.535238,5022,0,0,1,1
648231187,-0.0036481067,0.120448075,-0.50196785,4977,0,-0.22871672,4.465501,6.355867,4977,0,0,1,1
648236188,-0.027866377,0.118534334,-0.46348834,5001,0,-0.3982917,4.299149,6.270141,5001,0,0,1,1
648241210,-0.055620134,0.11163184,-0.41873053,5022,0,-0.5587372,4.1762514,6.152017,5022,0,0,1,1
648246188,-0.07951632,0.099401385,-0.36950937,4978,0,-0.7086172,4.146414,6.0861063,4978,0,0,1,1
648251188,-0.09924414,0.08556808,-0.31587827,5000,0,-0.8478782,4.1765614,6.121937,5000,0,0,1,1
648256210,-0.11498394,0.0683729,-0.26040494,5022,0,-0.94468004,4.300726,6.271878,5022,0,0,1,1
648261188,-0.13016345,0.048156288,-0.1988295,4978,0,-1.0499408,4.4906225,6.5871944,4978,0,0,1,1
648266188,-0.14662352,0.02878461,-0.13426463,5000,0,-1.1085676,4.7774553,7.0009985,5000,0,0,1,1
648271210,-0.15643033,0.012773792,-0.07081946,5022,0,-1.1094971,5.0016737,7.413183,5022,0,0,1,1
648276188,-0.15829654,-0.0031125604,-0.0076643704,4978,0,-1.0539056,5.288659,7.783024,4978,0,0,1,1
648281188,-0.14720309,-0.017501969,0.05669989,5000,0,-1.0562639,5.541517,8.101318,5000,0,0,1,1
648286210,-0.1320085,-0.03408457,0.11870029,5022,0,-0.9901932,5.77096,8.406117,5022,0,0,1,1
648291188,-0.10900773,-0.050940014,0.18169115,4978,0,-0.90209574,6.023525,8.77685,4978,0,0,1,1
648296188,-0.08753275,-0.06848705,0.23858503,5000,0,-0.7284614,6.4150853,9.071476,5000,0,0,1,1
648301210,-0.062675945,-0.08381678,0.2903409,5022,0,-0.6398572,6.547968,9.288836,5022,0,0,1,1
648306188,-0.037604086,-0.098481745,0.33925635,4978,0,-0.5043664,6.625859,9.399396,4978,0,0,1,1
648311187,-0.00547083,-0.110560685,0.38482612,4999,0,-0.27358153,6.683787,9.43316,4999,0,0,1,1
648316210,0.026014807,-0.11880836,0.4217447,5023,0,-0.0722876,6.6905117,9.392283,5023,0,0,1,1
648321187,0.054832365,-0.12235455,0.4528466,4977,0,0.101740085,6.5682564,9.23228,4977,0,0,1,1
648326188,0.082538225,-0.124206804,0.48112607,5001,0,0.25773555,6.4882913,9.003309,5001,0,0,1,1
648331210,0.106312215,-0.124008834,0.50319266,5022,0,0.40171424,6.328548,8.767391,5022,0,0,1,1
648336188,0.1262054,-0.12267151,0.5218211,4978,0,0.5854988,6.1221375,8.459127,4978,0,0,1,1
648341188,0.13652742,-0.11864114,0.5314673,5000,0,0.7345688,5.952864,8.102442,5000,0,0,1,1
648346210,0.13611226,-0.11238682,0.5301232,5022,0,0.90184194,5.810893,7.7576537,5022,0,0,1,1
648351188,0.13534681,-0.10207033,0.52121735,4978,0,1.0146241,5.5744743,7.3894677,4978,0,0,1,1
648356188,0.13137183,-0.09078602,0.5077838,5000,0,1.0420728,5.3794913,7.038122,5000,0,0,1,1
648361210,0.122231774,-0.076340824,0.48714918,5022,0,1.0950521,5.318377,6.8242993,5022,0,0,1,1
648366188,0.10469282,-0.062426805,0.4602886,4978,0,1.1238289,5.258453,6.6406145,4978,0,0,1,1
648371188,0.08084185,-0.047379352,0.4249159,5000,0,1.1830463,5.2942114,6.5223722,5000,0,0,1,1
648376212,0.05418821,-0.036320727,0.3822185,5024,0,1.156369,5.29473,6.4523816,5024,0,0,1,1
648381187,0.02935515,-0.025278762,0.33491775,4975,0,1.1682097,5.323767,6.496582,4975,0,0,1,1
648386187,0.01275014,-0.016070124,0.2817712,5000,0,1.1525079,5.412091,6.551507,5000,0,0,1,1
648391210,-0.004516597,-0.006061312,0.22381435,5023,0,1.1117085,5.6029224,6.719875,5023,0,0,1,1
648396187,-0.026865749,0.006718552,0.16140082,4977,0,1.0356879,5.852436,6.923796,4977,0,0,1,1
648401188,-0.045796435,0.019904748,0.097225,5001,0,0.97304493,6.1015244,7.244099,5001,0,0,1,1
648406210,-0.057219442,0.033750813,0.03117975,5022,0,0.89338917,6.346433,7.69587,5022,0,0,1,1
648411188,-0.062987365,0.04567767,-0.03589213,4978,0,0.82772607,6.606145,7.973719,4978,0,0,1,1
648416187,-0.06292286,0.055852976,-0.10178804,4999,0,0.73174226,6.802103,8.183374,4999,0,0,1,1
648421210,-0.057572383,0.062513195,-0.16441114,5023,0,0.63946843,6.967349,8.452095,5023,0,0,1,1
648426188,-0.047874685,0.06732839,-0.22598478,4978,0,0.5595644,7.144468,8.738584,4978,0,0,1,1
648431188,-0.03427008,0.0707888,-0.2838367,5000,0,0.45356768,7.2890153,8.93333,5000,0,0,1,1
648436210,-0.01767662,0.07232484,-0.33590242,5022,0,0.31429717,7.4315987,9.115089,5022,0,0,1,1
648441187,0.0032326002,0.07659454,-0.38402197,4977,0,0.22328262,7.461931,9.231456,4977,0,0,1,1
648446188,0.025525022,0.07906657,-0.42761746,5001,0,0.14030269,7.4089274,9.242517,5001,0,0,1,1
648451210,0.048893474,0.07991575,-0.46390253,5022,0,0.04923693,7.257377,9.169248,5022,0,0,1,1
648456188,0.072390474,0.07949224,-0.49195397,4978,0,0.024381012,7.0628242,8.974299,4978,0,0,1,1
648461188,0.0919084,0.07558591,-0.51276547,5000,0,-0.06241051,6.8447037,8.767297,5000,0,0,1,1
648466210,0.105352566,0.07033134,-0.5260786,5022,0,-0.10353427,6.6073475,8.445928,5022,0,0,1,1
648471187,0.117441155,0.061069194,-0.53064054,4977,0,-0.203905,6.3840675,8.133312,4977,0,0,1,1
648476188,0.12648807,0.05322313,-0.5271045,5001,0,-0.21926063,6.0332074,7.8609853,5001,0,0,1,1
648481210,0.13223384,0.046769977,-0.5158663,5022,0,-0.21654993,5.7351036,7.6071267,5022,0,0,1,1
648486188,0.13301514,0.04093353,-0.49504226,4978,0,-0.22939022,5.371646,7.326814,4978,0,0,1,1
648491188,0.12725073,0.03721777,-0.4672163,5000,0,-0.21804345,5.116943,7.05481,5000,0,0,1,1
648496210,0.11603268,0.033147033,-0.43289685,5022,0,-0.18594854,4.916215,6.8078766,5022,0,0,1,1
648501188,0.09919789,0.02989203,-0.39363295,4978,0,-0.19686428,4.7611446,6.612005,4978,0,0,1,1
648506188,0.083680585,0.024279788,-0.3458418,5000,0,-0.17245327,4.691436,6.5234957,5000,0,0,1,1
648511211,0.065694556,0.01884059,-0.29273316,5023,0,-0.10599307,4.61579,6.517984,5023,0,0,1,1
648516188,0.047171645,0.010804904,-0.23354767,4977,0,-0.111494094,4.587672,6.512967,4977,0,0,1,1
648521186,0.026915211,0.0020722528,-0.17153718,4998,0,-0.032070268,4.616177,6.5861015,4998,0,0,1,1
648526210,0.00837993,-0.004744332,-0.1060984,5024,0,0.025228493,4.703304,6.7465696,5024,0,0,1,1
648531188,-0.0037365684,-0.012315419,-0.0401086,4978,0,0.07292878,4.8636436,6.9510913,4978,0,0,1,1
648536187,-0.013118289,-0.016810153,0.025532397,4999,0,0.12411168,5.086634,7.258261,4999,0,0,1,1
648541210,-0.017700182,-0.019507004,0.09099077,5023,0,0.16307905,5.3266373,7.5522842,5023,0,0,1,1
648546188,-0.022139315,-0.02188587,0.1538515,4978,0,0.18578191,5.6024528,7.8134937,4978,0,0,1,1
648551187,-0.021140264,-0.024665022,0.21372566,4999,0,0.20383981,5.83604,8.022748,4999,0,0,1,1
648556210,-0.0132836895,-0.0285285,0.26846004,5023,0,0.27217036,6.028831,8.24104,5023,0,0,1,1
648561189,0.0040829666,-0.03266743,0.31981665,4979,0,0.28217036,6.199473,8.434964,4979,0,0,1,1
648566187,0.022939267,-0.03853673,0.3641653,4998,0,0.28286448,6.4189525,8.633717,4998,0,0,1,1
648571215,0.03707903,-0.040778898,0.4020654,5028,0,0.28579953,6.660722,8.81029,5028,0,0,1,1
648576188,0.051677916,-0.04332771,0.43303803,4973,0,0.2567161,6.8097806,8.837881,4973,0,0,1,1
648581186,0.071427345,-0.044492047,0.45695892,4998,0,0.22099388,6.855564,8.825494,4998,0,0,1,1
648586210,0.09415099,-0.045398336,0.47377214,5024,0,0.20656724,6.822908,8.749258,5024,0,0,1,1
648591190,0.11445815,-0.044239912,0.482114,4980,0,0.20346367,6.7811875,8.632336,4980,0,0,1,1
648596187,0.12825131,-0.04511017,0.4829449,4997,0,0.19268686,6.7239456,8.424303,4997,0,0,1,1
648601210,0.13662608,-0.04588053,0.47413352,5023,0,0.1945261,6.6366696,8.220439,5023,0,0,1,1
648606188,0.14109232,-0.046568554,0.45887667,4978,0,0.17928174,6.541006,7.977905,4978,0,0,1,1
648611187,0.14128236,-0.046483442,0.43544146,4999,0,0.14510943,6.440826,7.6796365,4999,0,0,1,1
648616210,0.13809036,-0.046390936,0.40545374,5023,0,0.15107521,6.291702,7.431498,5023,0,0,1,1
648621188,0.13001649,-0.04340664,0.36767298,4978,0,0.16732658,6.1477637,7.2371364,4978,0,0,1,1
648626187,0.11792388,-0.03950413,0.32447398,4999,0,0.189009,5.9881287,7.0159206,4999,0,0,1,1
648631210,0.0997663,-0.035964247,0.27500436,5023,0,0.22306608,5.88012,6.870289,5023,0,0,1,1
648636188,0.077740304,-0.03024459,0.2246599,4978,0,0.24198109,5.829254,6.6908484,4978,0,0,1,1
648641187,0.054274023,-0.027413294,0.16934219,4999,0,0.28564075,5.8288064,6.5763288,4999,0,0,1,1
648646210,0.030560028,-0.025971577,0.111010015,5023,0,0.3024956,5.893371,6.583931,5023,0,0,1,1
648651188,0.0058662924,-0.023583088,0.053529378,4978,0,0.35169187,5.9310117,6.7057557,4978,0,0,1,1
648656187,-0.013710705,-0.021277288,-0.0042184074,4999,0,0.42816383,5.9997687,6.8527946,4999,0,0,1,1
648661210,-0.03222256,-0.015980355,-0.062047068,5023,0,0.49569324,6.0958285,7.024613,5023,0,0,1,1
648666188,-0.047448035,-0.009580978,-0.11701749,4978,0,0.5599355,6.212446,7.171532,4978,0,0,1,1
648671187,-0.06336641,-0.00029194556,-0.17064625,4999,0,0.60680974,6.4010296,7.3675,4999,0,0,1,1
648676210,-0.075500496,0.010192604,-0.22029097,5023,0,0.6540869,6.559606,7.641688,5023,0,0,1,1
648681188,-0.077677384,0.019249659,-0.2644566,4978,0,0.699587,6.725559,7.9555817,4978,0,0,1,1
648686187,-0.074899174,0.028115628,-0.30450124,4999,0,0.726612,6.8867636,8.180907,4999,0,0,1,1
648691210,-0.06719008,0.03273318,-0.338479,5023,0,0.78447694,6.9826736,8.319066,5023,0,0,1,1
648696188,-0.060575947,0.03608439,-0.36721322,4978,0,0.8128908,6.998767,8.440305,4978,0,0,1,1
648701187,-0.049245533,0.04149198,-0.38919914,4999,0,0.80451405,6.9793587,8.561307,4999,0,0,1,1
648706210,-0.033763774,0.04650535,-0.40341207,5023,0,0.78905225,7.0006237,8.669707,5023,0,0,1,1
648711188,-0.018346103,0.05306031,-0.4101017,4978,0,0.7395372,6.9813786,8.721732,4978,0,0,1,1
648716186,-0.0028597089,0.058704067,-0.41011325,4998,0,0.6892553,6.9476514,8.666931,4998,0,0,1,1
648721210,0.012786787,0.06383324,-0.40572324,5024,0,0.6200388,6.798462,8.567659,5024,0,0,1,1
648726188,0.025575334,0.06717493,-0.3912505,4978,0,0.58128244,6.59487,8.410379,4978,0,0,1,1
648731187,0.03701687,0.0671287,-0.37182036,4999,0,0.51731074,6.328551,8.2073555,4999,0,0,1,1
648736210,0.04502119,0.064537875,-0.34649667,5023,0,0.42937168,6.0952415,8.025453,5023,0,0,1,1
648741190,0.049043804,0.061824962,-0.31567308,4980,0,0.30297142,5.9067645,7.7677073,4980,0,0,1,1
648746187,0.0467996,0.058247387,-0.27907953,4997,0,0.16679709,5.728781,7.508472,4997,0,0,1,1
648751210,0.043533977,0.055392805,-0.24132381,5023,0,0.05144516,5.5517325,7.3307233,5023,0,0,1,1
648756188,0.036796067,0.05195028,-0.19884466,4978,0,-0.06325755,5.3462806,7.138694,4978,0,0,1,1
648761187,0.0283895,0.048278652,-0.15352602,4999,0,-0.15386455,5.159902,7.0022864,4999,0,0,1,1
648766211,0.015581876,0.04355754,-0.10781447,5024,0,-0.23111866,5.015867,6.8702126,5024,0,0,1,1
648771188,-0.0010660472,0.03694846,-0.061814904,4977,0,-0.3160186,4.9467134,6.751478,4977,0,0,1,1
648776187,-0.019172905,0.02795132,-0.015489415,4999,0,-0.4096027,4.956686,6.692085,4999,0,0,1,1
648781211,-0.03440515,0.017773937,0.031178875,5024,0,-0.48383608,5.011983,6.680805,5024,0,0,1,1
648786188,-0.0467255,0.007508911,0.076610684,4977,0,-0.52715135,5.1189384,6.7495666,4977,0,0,1,1
648791186,-0.058464214,-0.0028606097,0.119514465,4998,0,-0.5382437,5.2211304,6.948574,4998,0,0,1,1
648796211,-0.06998582,-0.0130695775,0.16060945,5025,0,-0.5513696,5.3858514,7.1932287,5025,0,0,1,1
648801188,-0.07633785,-0.021420036,0.19666494,4977,0,-0.5285429,5.4902496,7.336365,4977,0,0,1,1
648806187,-0.08111286,-0.031117741,0.23170266,4999,0,-0.5095878,5.667384,7.4921446,4999,0,0,1,1
648811211,-0.08177179,-0.039572794,0.26211196,5024,0,-0.44956815,5.902764,7.6579905,5024,0,0,1,1
648816188,-0.07815886,-0.049610198,0.2871865,4977,0,-0.40845102,6.1363654,7.898812,4977,0,0,1,1
648821187,-0.07217112,-0.057661705,0.3056796,4999,0,-0.33231893,6.3801794,8.145882,4999,0,0,1,1
648826211,-0.06232479,-0.06747071,0.32080942,5024,0,-0.21463688,6.5234876,8.327807,5024,0,0,1,1
648831188,-0.05128661,-0.07346498,0.33123663,4977,0,-0.0973403,6.6427617,8.454517,4977,0,0,1,1
648836187,-0.038778912,-0.07799415,0.33583495,4999,0,0.03160247,6.713292,8.517161,4999,0,0,1,1
648841211,-0.025540154,-0.07942501,0.33593708,5024,0,0.14295635,6.7668943,8.54311,5024,0,0,1,1
648846188,-0.011088642,-0.077718645,0.33114183,4977,0,0.26842034,6.8078847,8.547172,4977,0,0,1,1
648851187,0.0026595772,-0.07613407,0.32177845,4999,0,0.39672488,6.8370667,8.521472,4999,0,0,1,1
648856211,0.014214742,-0.0739244,0.30693805,5024,0,0.51152027,6.8039308,8.447242,5024,0,0,1,1
648861188,0.02256804,-0.071344346,0.28776446,4977,0,0.628599,6.7064962,8.32715,4977,0,0,1,1
648866187,0.02959292,-0.06799727,0.26584524,4999,0,0.73272556,6.5555153,8.110478,4999,0,0,1,1
648871211,0.03146068,-0.06217741,0.23886202,5024,0,0.8298594,6.4106665,7.923339,5024,0,0,1,1
648876188,0.031751383,-0.053115897,0.20953016,4977,0,0.88794047,6.2702594,7.751148,4977,0,0,1,1
648881187,0.02684359,-0.042084392,0.17746636,4999,0,0.968766,6.183602,7.575122,4999,0,0,1,1
648886210,0.02069959,-0.030721486,0.1443359,5023,0,0.9895777,6.137363,7.417145,5023,0,0,1,1
648891188,0.010019358,-0.017334022,0.10716177,4978,0,0.98634845,6.0117855,7.285281,4978,0,0,1,1
648896187,-0.0016621988,-0.006377895,0.06883518,4999,0,0.9993452,5.987641,7.064222,4999,0,0,1,1
648901211,-0.01585297,0.004048308,0.027452871,5024,0,1.0279206,5.815214,7.074804,5024,0,0,1,1
648906188,-0.031590197,0.012342513,-0.01108116,4977,0,1.0141344,5.746704,6.9535446,4977,0,0,1,1
648911187,-0.047620293,0.022894932,-0.048045363,4999,0,0.85105354,5.7098217,7.028494,4999,0,0,1,1
648916211,-0.06065846,0.030408336,-0.08247506,5024,0,1.0503005,5.7569785,7.0601096,5024,0,0,1,1
648921188,-0.074722014,0.039294362,-0.12129228,4977,0,0.66805434,6.0314097,7.0704694,4977,0,0,1,1
648926187,-0.086448684,0.049200557,-0.15754525,4999,0,0.88726836,5.8923182,7.3541055,4999,0,0,1,1
648931211,-0.09385243,0.057519365,-0.19118392,5024,0,0.46409196,6.197326,7.384964,5024,0,0,1,1
648936188,-0.0972559,0.06399335,-0.21975817,4977,0,0.613385,6.0883737,7.7305245,4977,0,0,1,1
648941187,-0.098672025,0.06824655,-0.24667443,4999,0,0.4784883,6.2961707,7.807505,4999,0,0,1,1
648946211,-0.09723341,0.06997328,-0.26866072,5024,0,0.34159395,6.4005013,7.9648495,5024,0,0,1,1
648951188,-0.09562607,0.069938086,-0.2898853,4977,0,0.29161,6.4376955,8.132079,4977,0,0,1,1
648956187,-0.08714364,0.0695297,-0.3024877,4999,0,-0.0625368,6.6446033,8.21476,4999,0,0,1,1
648961211,-0.07573313,0.06694629,-0.31189445,5024,0,0.17398258,6.4596586,8.502286,5024,0,0,1,1
648966188,-0.06283728,0.06366074,-0.3162955,4977,0,-0.20283404,6.7038555,8.426133,4977,0,0,1,1
648971187,-0.046567887,0.0592744,-0.31626356,4999,0,0.02113374,6.4612064,8.617619,4999,0,0,1,1
648976211,-0.033440415,0.056141105,-0.3125863,5024,0,-0.23943557,6.5635223,8.473073,5024,0,0,1,1
648981187,-0.01670079,0.05175138,-0.30180115,4976,0,-0.1957398,6.3465548,8.464245,4976,0,0,1,1
648986187,-0.00576288,0.04295899,-0.28658193,5000,0,-0.23366311,6.2810397,8.399324,5000,0,0,1,1
648991211,0.008089985,0.035413843,-0.26676345,5024,0,-0.4219636,6.2608814,8.142801,5024,0,0,1,1
648996189,0.014938324,0.027942965,-0.2444832,4978,0,-0.20121631,5.953628,8.192224,4978,0,0,1,1
649001186,0.02590994,0.01641116,-0.21730198,4997,0,-0.4443644,6.0009584,7.8732076,4997,0,0,1,1
649006211,0.027569972,0.008434872,-0.18407571,5025,0,-0.2654042,5.630267,7.824338,5025,0,0,1,1
649011188,0.030069107,-0.00060010765,-0.15052453,4977,0,-0.23441015,5.4231567,7.570131,4977,0,0,1,1
649016187,0.027971951,-0.006446756,-0.11515635,4999,0,-0.36139247,5.52424,7.39214,4999,0,0,1,1
649021211,0.024007322,-0.011615531,-0.07630506,5024,0,-0.1014655,5.1589108,7.276427,5024,0,0,1,1
649026188,0.016508622,-0.01792355,-0.033934902,4977,0,-0.29907662,5.1347704,7.178037,4977,0,0,1,1
649031187,0.0088991355,-0.022922795,0.007545455,4999,0,-0.15681943,5.2208643,7.129255,4999,0,0,1,1
649036211,0.0016114208,-0.02947845,0.0471942,5024,0,0.11510193,5.0199146,7.0919185,5024,0,0,1,1
649041188,-0.009223561,-0.0340496,0.09002665,4977,0,-0.1421142,5.177115,7.086217,4977,0,0,1,1
649046187,-0.016051205,-0.036192793,0.12773713,4999,0,0.13905118,5.12065,7.1209106,4999,0,0,1,1
649051211,-0.026168512,-0.040334687,0.1643316,5024,0,0.22126137,5.0974092,7.212166,5024,0,0,1,1
649056188,-0.028274542,-0.042573106,0.20164949,4977,0,0.12372541,5.439234,7.30736,4977,0,0,1,1
649061187,-0.034615953,-0.04049626,0.23234898,4999,0,0.47795424,5.463355,7.5200496,4999,0,0,1,1
649066211,-0.038363896,-0.042002406,0.2592053,5024,0,0.24045193,5.668773,7.6343894,5024,0,0,1,1
649071188,-0.034973696,-0.04075567,0.28015533,4977,0,0.330696,5.9742045,7.759248,4977,0,0,1,1
649076186,-0.0330978,-0.042511687,0.2989579,4998,0,0.68292475,5.775412,7.9500504,4998,0,0,1,1
649081211,-0.024509627,-0.04157192,0.3129435,5025,0,0.30974677,6.2031975,8.018711,5025,0,0,1,1
649086188,-0.016773691,-0.037389982,0.31980687,4977,0,0.5966074,6.2728844,8.227807,4977,0,0,1,1
649091186,-0.0064782198,-0.038934182,0.3226717,4998,0,0.6020236,6.2760825,8.309126,4998,0,0,1,1
649096211,0.0026200817,-0.034870844,0.32029873,5025,0,0.41355518,6.636281,8.41752,5025,0,0,1,1
649101188,0.016285008,-0.029995147,0.3107669,4977,0,0.62874764,6.631433,8.470663,4977,0,0,1,1
649106187,0.028961351,-0.028658139,0.29944983,4999,0,0.48890147,6.653955,8.44909,4999,0,0,1,1
649111209,0.03967971,-0.022575254,0.27995738,5022,0,0.5212851,6.732038,8.453724,5022,0,0,1,1
649116188,0.046713922,-0.021423033,0.2569574,4979,0,0.57089597,6.573901,8.373978,4979,0,0,1,1
649121186,0.05579867,-0.01628209,0.22993033,4998,0,0.39603272,6.5814357,8.243721,4998,0,0,1,1
649126211,0.06408237,-0.012606853,0.19992945,5025,0,0.45495334,6.572591,8.086862,5025,0,0,1,1
649131188,0.06557536,-0.011041787,0.16507338,4977,0,0.38628122,6.545142,7.929882,4977,0,0,1,1
649136187,0.06326524,-0.005867734,0.12669614,4999,0,0.37494168,6.4118767,7.8279357,4999,0,0,1,1
649141211,0.06338385,-0.0012698348,0.08517189,5024,0,0.3612793,6.304322,7.7120256,5024,0,0,1,1
649146188,0.0602963,0.002285821,0.04491385,4977,0,0.3685866,6.1732445,7.5699043,4977,0,0,1,1
649151186,0.051944766,0.005340185,0.004972837,4998,0,0.3260747,6.0812025,7.4322553,4998,0,0,1,1
649156211,0.040924557,0.009670977,-0.03654433,5025,0,0.33789226,6.010292,7.289799,5025,0,0,1,1
649161188,0.029260648,0.012866757,-0.080099426,4977,0,0.2898487,5.9972363,7.1676946,4977,0,0,1,1
649166187,0.01886886,0.015411078,-0.11879653,4999,0,0.20918776,5.986225,7.1408687,4999,0,0,1,1
649171211,0.008755438,0.015119941,-0.15255634,5024,0,0.3063681,5.9428854,7.208276,5024,0,0,1,1
649176187,-0.0039927657,0.017779846,-0.18794218,4976,0,0.30240184,5.9223523,7.265138,4976,0,0,1,1
649181186,-0.014177284,0.02007345,-0.21965806,4999,0,0.31267536,5.8762527,7.322624,4999,0,0,1,1
649186211,-0.022597717,0.023216918,-0.2456593,5025,0,0.25170478,5.926061,7.302117,5025,0,0,1,1
649191188,-0.029848797,0.025494097,-0.2672047,4977,0,0.32865727,5.9288487,7.381068,4977,0,0,1,1
649196186,-0.034199312,0.027897999,-0.28323093,4998,0,0.34659004,6.02945,7.5467653,4998,0,0,1,1
649201211,-0.03495902,0.031840768,-0.2932524,5025,0,0.3183777,6.115709,7.75222,5025,0,0,1,1
649206188,-0.03190195,0.0328579,-0.30089384,4977,0,0.3179652,6.2055626,7.909477,4977,0,0,1,1
649211186,-0.02975676,0.033107553,-0.3046652,4998,0,0.37013546,6.337584,8.029167,4998,0,0,1,1
649216211,-0.024528332,0.031626023,-0.30325222,5025,0,0.37232295,6.264285,8.124989,5025,0,0,1,1
649221188,-0.018299222,0.03283122,-0.2947721,4977,0,0.38249037,6.2311573,8.187582,4977,0,0,1,1
649226187,-0.006387807,0.03277292,-0.28051913,4999,0,0.34497023,6.2370377,8.253562,4999,0,0,1,1
649231211,0.00435134,0.032952353,-0.26064909,5024,0,0.32740575,6.2957177,8.322562,5024,0,0,1,1
649236188,0.015791878,0.032321464,-0.23756726,4977,0,0.2926558,6.330132,8.3406,4977,0,0,1,1
649241187,0.0258963,0.03128844,-0.21307057,4999,0,0.2802355,6.2962556,8.317868,4999,0,0,1,1
649246211,0.03581199,0.02881432,-0.18393394,5024,0,0.27907148,6.1645455,8.235748,5024,0,0,1,1
649251188,0.044249836,0.024500906,-0.1509124,4977,0,0.26983675,6.042237,8.112166,4977,0,0,1,1
649256187,0.051883083,0.02244107,-0.11821586,4999,0,0.18754199,5.908843,8.0006275,4999,0,0,1,1
649261211,0.056778423,0.018339586,-0.08001065,5024,0,0.16267215,5.8351455,7.897153,5024,0,0,1,1
649266188,0.0569442,0.01730646,-0.043688122,4977,0,0.07625237,5.785809,7.756765,4977,0,0,1,1
649271188,0.056591332,0.013680539,-0.0047328672,5000,0,0.021369586,5.7080927,7.637856,5000,0,0,1,1
649276211,0.056562882,0.0089874305,0.033514157,5023,0,0.0067956867,5.628501,7.5194345,5023,0,0,1,1
649281188,0.053051606,0.0054208026,0.069065295,4977,0,-0.008473305,5.5215197,7.381804,4977,0,0,1,1
649286186,0.047267593,0.0012406189,0.10159903,4998,0,-0.04375561,5.396289,7.2854457,4998,0,0,1,1
649291210,0.039915398,-0.0049279374,0.13573015,5024,0,-0.066496536,5.3445754,7.223431,5024,0,0,1,1
649296189,0.030907499,-0.009221835,0.16603467,4979,0,-0.11405976,5.3628616,7.179416,4979,0,0,1,1
649301187,0.02351683,-0.013678975,0.192706,4998,0,-0.13148275,5.4676757,7.1502237,4998,0,0,1,1
649306211,0.015944399,-0.018288821,0.21652657,5024,0,-0.15385659,5.56533,7.1642733,5024,0,0,1,1
649311188,0.0070266346,-0.024177501,0.23471431,4977,0,-0.14386132,5.653241,7.2254586,4977,0,0,1,1
649316187,0.00063346693,-0.027419139,0.24822849,4999,0,-0.13785245,5.6881466,7.3600864,4999,0,0,1,1
649321211,-0.0033212535,-0.031971037,0.2592021,5024,0,-0.108371355,5.753557,7.4636946,5024,0,0,1,1
649326188,-0.006562368,-0.036474723,0.26457927,4977,0,-0.06835228,5.9036417,7.5364213,4977,0,0,1,1
649331187,-0.0104588205,-0.039633755,0.26510265,4999,0,-0.034361985,6.084312,7.6479053,4999,0,0,1,1
649336211,-0.012035731,-0.042462002,0.26141715,5024,0,-0.0062541426,6.23461,7.767402,5024,0,0,1,1
649341188,-0.0097385235,-0.044492725,0.2538902,4977,0,0.065839745,6.390571,7.8826723,4977,0,0,1,1
649346187,-0.007003897,-0.045488928,0.24168773,4999,0,0.120449536,6.5059166,8.032441,4999,0,0,1,1
649351210,-0.0010726954,-0.046870712,0.22642878,5023,0,0.21387441,6.5935755,8.133193,5023,0,0,1,1
649356188,0.0015767697,-0.0473227,0.20570515,4978,0,0.29818848,6.6405473,8.20558,4978,0,0,1,1
649361186,0.008353579,-0.04478782,0.18493207,4998,0,0.36316925,6.6807485,8.202833,4998,0,0,1,1
649366211,0.011751045,-0.04229779,0.16042289,5025,0,0.4251071,6.7202487,8.18303,5025,0,0,1,1
649371188,0.018125527,-0.038692284,0.13283692,4977,0,0.48457044,6.77654,8.158993,4977,0,0,1,1
649376187,0.02290244,-0.033971995,0.102986984,4999,0,0.54068583,6.7618103,8.154501,4999,0,0,1,1
649381211,0.026834587,-0.030859286,0.072349906,5024,0,0.60442346,6.6976643,8.129128,5024,0,0,1,1
649386188,0.029655483,-0.024318911,0.0405378,4977,0,0.6833295,6.58241,8.059047,4977,0,0,1,1
649391187,0.030884517,-0.01672318,0.010814798,4999,0,0.7200184,6.48026,7.9334183,4999,0,0,1,1
649396211,0.029378546,-0.010872403,-0.020766303,5024,0,0.7642918,6.3803973,7.795981,5024,0,0,1,1
649401188,0.026016207,-0.0035023126,-0.050766304,4977,0,0.7703926,6.313654,7.61414,4977,0,0,1,1
649406187,0.021736825,0.0050424044,-0.078593306,4999,0,0.77757907,6.248814,7.542888,4999,0,0,1,1
649411211,0.016398907,0.012361093,-0.10559405,5024,0,0.7529353,6.1618476,7.4871845,5024,0,0,1,1
649416191,0.008642365,0.020007677,-0.13001575,4980,0,0.7765047,6.0900126,7.4794335,4980,0,0,1,1
649421186,-0.00023710374,0.026851635,-0.1542194,4995,0,0.7435533,5.974588,7.374407,4995,0,0,1,1
649426212,-0.008574701,0.033151574,-0.17414626,5026,0,0.70246273,5.9103546,7.313185,5026,0,0,1,1
649431188,-0.018120345,0.038332738,-0.19084285,4976,0,0.66585547,5.833915,7.281351,4976,0,0,1,1
649436187,-0.025424708,0.04302696,-0.20458663,4999,0,0.5835229,5.833492,7.2826676,4999,0,0,1,1
649441211,-0.034505904,0.047209494,-0.21453284,5024,0,0.5209465,5.867331,7.3308516,5024,0,0,1,1
649446188,-0.041072875,0.05083995,-0.22294052,4977,0,0.436286,5.894931,7.4125204,4977,0,0,1,1
649451187,-0.046722576,0.053980608,-0.2264384,4999,0,0.3437689,5.9462595,7.509432,4999,0,0,1,1
649456211,-0.049480464,0.056000203,-0.22700135,5024,0,0.26934358,5.969566,7.572542,5024,0,0,1,1
649461190,-0.0503721,0.054096077,-0.2225682,4979,0,0.19424,5.959439,7.664651,4979,0,0,1,1
649466186,-0.050376266,0.052745048,-0.21704645,4996,0,0.124264136,6.033181,7.7671795,4996,0,0,1,1
649471211,-0.048276175,0.051776547,-0.20623776,5025,0,0.03892714,6.0876594,7.867418,5025,0,0,1,1
649476188,-0.04597575,0.046840064,-0.19387855,4977,0,-0.0401972,6.173627,7.983903,4977,0,0,1,1
649481187,-0.04216952,0.04268059,-0.1782356,4999,0,-0.14017186,6.2567716,8.064619,4999,0,0,1,1
649486211,-0.033991933,0.037178885,-0.160223,5024,0,-0.17106457,6.22451,8.0781765,5024,0,0,1,1
649491188,-0.02581115,0.029302813,-0.13800123,4977,0,-0.22619489,6.2227817,8.116894,4977,0,0,1,1
649496187,-0.017877668,0.02339138,-0.11548704,4999,0,-0.2402554,6.1631675,8.139732,4999,0,0,1,1
649501211,-0.010970955,0.016325194,-0.0920228,5024,0,-0.24520156,6.129993,8.127129,5024,0,0,1,1
649506188,-0.0031361133,0.00829746,-0.066460684,4977,0,-0.2682416,6.10021,8.086692,4977,0,0,1,1
649511186,0.0027337943,0.0014250408,-0.038848985,4998,0,-0.27878138,6.0846343,8.008254,4998,0,0,1,1
649516211,0.0069458983,-0.0073138373,-0.011232389,5025,0,-0.29666418,6.0276484,7.947326,5025,0,0,1,1
649521188,0.011606912,-0.012946841,0.015330446,4977,0,-0.26309288,5.968137,7.8803096,4977,0,0,1,1
649526187,0.017536623,-0.020602526,0.042927608,4999,0,-0.1858536,5.8477507,7.783656,4999,0,0,1,1
649531211,0.017015418,-0.02619401,0.07041596,5024,0,-0.13519634,5.7317257,7.680971,5024,0,0,1,1
649536188,0.01525723,-0.031082695,0.096945524,4977,0,-0.097578414,5.6839104,7.6049485,4977,0,0,1,1
649541187,0.013542992,-0.03545189,0.12167807,4999,0,-0.026117865,5.62361,7.5028906,4999,0,0,1,1
649546211,0.0094023775,-0.040309545,0.14568214,5024,0,-0.0058555705,5.6248555,7.395026,5024,0,0,1,1
649551188,0.005095971,-0.04270295,0.1662764,4977,0,0.060187466,5.649789,7.352157,4977,0,0,1,1
649556187,-0.0016400611,-0.044757877,0.18509309,4999,0,0.16401249,5.6251507,7.360559,4999,0,0,1,1
649561211,-0.005027201,-0.045529455,0.20065404,5024,0,0.24280332,5.590378,7.3837013,5024,0,0,1,1
649566188,-0.008832282,-0.045766097,0.2128005,4977,0,0.32764634,5.603221,7.367163,4977,0,0,1,1
649571187,-0.015289919,-0.04458524,0.22170687,4999,0,0.3770845,5.67132,7.377011,4999,0,0,1,1
649576211,-0.022801053,-0.04256447,0.22686522,5024,0,0.44028237,5.7792516,7.4018373,5024,0,0,1,1
649581188,-0.025890106,-0.041120943,0.22834128,4977,0,0.48324162,5.911642,7.5260625,4977,0,0,1,1
649586187,-0.02816024,-0.03715098,0.22667076,4999,0,0.5271114,6.019909,7.650078,4999,0,0,1,1
649591211,-0.028089657,-0.033781733,0.21972924,5024,0,0.5851638,6.129621,7.7578297,5024,0,0,1,1
649596188,-0.027908469,-0.02852782,0.20999697,4977,0,0.60988855,6.1950583,7.8563957,4977,0,0,1,1
649601187,-0.02682842,-0.024394955,0.19551481,4999,0,0.6423669,6.2607555,7.927069,4999,0,0,1,1
649606210,-0.024169276,-0.020729147,0.18039197,5023,0,0.66004115,6.3308463,7.987097,5023,0,0,1,1
649611188,-0.021431016,-0.015254275,0.1598409,4978,0,0.6292738,6.4353046,8.04696,4978,0,0,1,1
649612731,-0.018608332,-0.0134394765,0.15429205,5001,0,0.6716551,6.4267187,8.124026,5001,0,0,1,1
649617729,-0.014848145,-0.008469898,0.13120075,4998,0,0.66753757,6.481558,8.150748,4998,0,0,1,1
649622730,-0.00974386,-0.002162579,0.10554221,5001,0,0.6313636,6.5476775,8.175387,5001,0,0,1,1
649627773,-0.0049518277,0.0031471776,0.07808642,5043,0,0.58741236,6.5942364,8.18199,5043,0,0,1,1
649632730,0.00015122673,0.0072983457,0.048645288,4957,0,0.5604153,6.616764,8.191858,4957,0,0,1,1
649637730,0.0063605593,0.012977204,0.018835923,5000,0,0.529754,6.5963054,8.173913,5000,0,0,1,1
649642729,0.008970565,0.016729806,-0.011286819,4999,0,0.5002597,6.50801,8.091779,4999,0,0,1,1
649647730,0.011682671,0.019070167,-0.042469166,5001,0,0.46906963,6.4327273,7.9884744,5001,0,0,1,1
649652730,0.013045346,0.022626098,-0.07090897,5000,0,0.4156851,6.356177,7.907176,5000,0,0,1,1
649657730,0.012588852,0.025991583,-0.09958473,5000,0,0.35837787,6.3086324,7.8159943,5000,0,0,1,1
649662774,0.0107329,0.026547544,-0.12627357,5044,0,0.28882998,6.244752,7.742683,5044,0,0,1,1
649667730,0.008022917,0.030047957,-0.15126328,4956,0,0.2422806,6.18398,7.650087,4956,0,0,1,1
649672729,0.006063049,0.030171465,-0.17327389,4999,0,0.21660678,6.0764046,7.557876,4999,0,0,1,1
649677730,0.0012297273,0.030424409,-0.19353591,5001,0,0.18372962,5.9317703,7.474725,5001,0,0,1,1
649682729,-0.0024309568,0.031276595,-0.2084934,4999,0,0.1593044,5.8479915,7.403984,4999,0,0,1,1
649687729,-0.008274488,0.030584637,-0.21909568,5000,0,0.14240362,5.796864,7.4033246,5000,0,0,1,1
649692729,-0.014384944,0.029975595,-0.226803,5000,0,0.11208318,5.773852,7.3903656,5000,0,0,1,1
649697774,-0.020697858,0.028971838,-0.23121326,5045,0,0.074606344,5.7833567,7.4078794,5045,0,0,1,1
649702730,-0.02561126,0.02827863,-0.23076351,4956,0,0.054629367,5.7927775,7.444315,4956,0,0,1,1
649707730,-0.027892629,0.027707556,-0.22675113,5000,0,0.052546658,5.7657347,7.4998155,5000,0,0,1,1
649712729,-0.029438438,0.023966622,-0.21878514,4999,0,0.05989871,5.730406,7.5866323,4999,0,0,1,1
649717729,-0.029293614,0.022346104,-0.20635661,5000,0,0.069610626,5.7152057,7.6466126,5000,0,0,1,1
649722730,-0.030541757,0.01950943,-0.1918672,5001,0,0.081608914,5.7545185,7.745694,5001,0,0,1,1
649727729,-0.02910368,0.018067133,-0.17248292,4999,0,0.05493961,5.8206754,7.833093,4999,0,0,1,1
649732773,-0.026648117,0.015815612,-0.15102573,5044,0,0.02240364,5.900451,7.8935513,5044,0,0,1,1
649737729,-0.02172943,0.0131745115,-0.1255617,4956,0,0.04149139,5.9465194,7.9591627,4956,0,0,1,1
649742729,-0.013830894,0.009886574,-0.10102758,5000,0,0.062383704,5.9352627,8.060132,5000,0,0,1,1
649747729,-0.006478088,0.006233345,-0.072668515,5000,0,0.09144979,5.9061723,8.113975,5000,0,0,1,1
649752729,-0.000897129,0.0041834014,-0.043596927,5000,0,0.12299952,5.916782,8.1406765,5000,0,0,1,1
649757729,0.0056793573,0.00019656548,-0.013365464,5000,0,0.09739626,5.9281197,8.1216955,5000,0,0,1,1
649762729,0.013412404,-0.0022362266,0.017315611,5000,0,0.09722271,5.9513707,8.086781,5000,0,0,1,1
649767774,0.018797273,-0.005274782,0.04612685,5045,0,0.059734598,5.968769,8.06204,5045,0,0,1,1
649772729,0.0263859,-0.0073172636,0.07580711,4955,0,0.09024153,5.946998,8.01377,4955,0,0,1,1
649777729,0.031614155,-0.010186561,0.10312657,5000,0,0.10821527,5.8839083,7.97126,5000,0,0,1,1
649782730,0.03600999,-0.013139135,0.12793617,5001,0,0.11897048,5.8276224,7.9138308,5001,0,0,1,1
649787729,0.039305706,-0.015499993,0.15153909,4999,0,0.1117663,5.7569222,7.7985654,4999,0,0,1,1
649792730,0.041009873,-0.017902108,0.17195114,5001,0,0.1148913,5.7552996,7.683841,5001,0,0,1,1
649797729,0.03938458,-0.019314038,0.18944976,4999,0,0.08978102,5.768815,7.5894485,4999,0,0,1,1
649802774,0.037268583,-0.020017484,0.20291556,5045,0,0.073670216,5.772376,7.5313435,5045,0,0,1,1
649807730,0.03516032,-0.020667477,0.21194692,4956,0,0.103532255,5.7920866,7.51457,4956,0,0,1,1
649812729,0.03164297,-0.021686636,0.21707857,4999,0,0.120934494,5.7576547,7.4909186,4999,0,0,1,1
649817730,0.027816642,-0.024039814,0.22061364,5001,0,0.15043245,5.7378993,7.4654555,5001,0,0,1,1
649822729,0.02172215,-0.024618886,0.2190292,4999,0,0.16065793,5.749458,7.4161534,4999,0,0,1,1
649827730,0.016523449,-0.024503697,0.2131713,5001,0,0.16400042,5.82108,7.3834987,5001,0,0,1,1
649832729,0.0106075555,-0.024803989,0.20517291,4999,0,0.16132115,5.920438,7.415234,4999,0,0,1,1
649837774,0.0049049635,-0.024586955,0.19272907,5045,0,0.18294406,6.014715,7.5086737,5045,0,0,1,1
649842730,0.0019051003,-0.024589986,0.17688276,4956,0,0.22860494,6.0975037,7.5984583,4956,0,0,1,1
649847730,-0.0020232513,-0.023492668,0.15738723,5000,0,0.23257239,6.172954,7.665682,5000,0,0,1,1
649852729,-0.004365744,-0.022762535,0.13505952,4999,0,0.2796944,6.2137823,7.7354054,4999,0,0,1,1
649857730,-0.0056400583,-0.020130804,0.11247778,5001,0,0.3247091,6.292877,7.77344,5001,0,0,1,1
649862729,-0.0076277414,-0.017974632,0.088152975,4999,0,0.36910012,6.3602777,7.861692,4999,0,0,1,1
649867729,-0.007476595,-0.014943738,0.060825016,5000,0,0.3893808,6.4413123,7.9655657,5000,0,0,1,1
649872773,-0.0048437603,-0.012916019,0.033470757,5044,0,0.41354162,6.5547667,8.052379,5044,0,0,1,1
649877730,-0.003116831,-0.009611803,0.005440963,4957,0,0.43554503,6.594189,8.0907,4957,0,0,1,1
649882729,0.0014163773,-0.0066267927,-0.023574766,4999,0,0.48808327,6.56445,8.102603,4999,0,0,1,1
649887730,0.0053757494,-0.002209007,-0.050501373,5001,0,0.51166475,6.528366,8.094565,5001,0,0,1,1
649892729,0.008984474,0.0010011229,-0.07553079,4999,0,0.537193,6.4694676,8.077914,4999,0,0,1,1
649897729,0.011956339,0.0048150816,-0.098448746,5000,0,0.5555194,6.4522877,8.04616,5000,0,0,1,1
649902730,0.013526048,0.008870319,-0.12057913,5001,0,0.55018425,6.450348,7.997648,5001,0,0,1,1
649907773,0.015224008,0.013503001,-0.1405755,5043,0,0.5537646,6.393325,7.9477563,5043,0,0,1,1
649912730,0.01626779,0.017715095,-0.15670015,4957,0,0.52450305,6.3368015,7.8875203,4957,0,0,1,1
649917730,0.017483968,0.021790963,-0.17184341,5000,0,0.5444875,6.186144,7.818573,5000,0,0,1,1
649922730,0.017729843,0.024560431,-0.18301365,5000,0,0.5537448,6.042774,7.7370563,5000,0,0,1,1
649927730,0.016746968,0.028408665,-0.19055302,5000,0,0.5290541,5.965472,7.652986,5000,0,0,1,1
649932729,0.013350597,0.031233624,-0.19461219,4999,0,0.4727465,5.906145,7.597034,4999,0,0,1,1
649937729,0.008882945,0.033385534,-0.19423704,5000,0,0.4049109,5.8736343,7.5112844,5000,0,0,1,1
649942774,0.0036455358,0.03589405,-0.19286667,5045,0,0.36212057,5.816056,7.463361,5045,0,0,1,1
649947730,-0.0004494864,0.03661166,-0.18616141,4956,0,0.29800293,5.7883754,7.403761,4956,0,0,1,1
649952730,-0.0037644368,0.03784543,-0.17732717,5000,0,0.2699371,5.7286115,7.422217,5000,0,0,1,1
649957729,-0.007438118,0.036587246,-0.16717131,4999,0,0.22592479,5.6654253,7.458721,4999,0,0,1,1
649962729,-0.011945715,0.03568723,-0.15234159,5000,0,0.16947407,5.639465,7.48206,5000,0,0,1,1
649967730,-0.016992599,0.035449747,-0.13759935,5001,0,0.08375914,5.6681323,7.5085626,5001,0,0,1,1
649972729,-0.021155406,0.033183374,-0.11779143,4999,0,-0.0053866985,5.725939,7.520116,4999,0,0,1,1
649977774,-0.02330429,0.030380825,-0.09771162,5045,0,-0.06316812,5.787367,7.6225257,5045,0,0,1,1
649982729,-0.023385553,0.026473915,-0.078031525,4955,0,-0.10708257,5.8269124,7.6934843,4955,0,0,1,1
649987730,-0.020658433,0.022418818,-0.05609414,5001,0,-0.13075522,5.8362355,7.7652526,5001,0,0,1,1
649992729,-0.018774984,0.016614506,-0.033383865,4999,0,-0.12626275,5.86453,7.8573713,4999,0,0,1,1
649997730,-0.016253386,0.010893474,-0.010041364,5001,0,-0.16828752,5.9080305,7.8999343,5001,0,0,1,1
650002729,-0.013541566,0.005352558,0.011594256,4999,0,-0.19364527,5.9495068,7.9137926,4999,0,0,1,1
650007729,-0.009352304,0.00020121306,0.03444253,5000,0,-0.23933807,6.0266876,7.948082,5000,0,0,1,1
650012774,-0.0044006566,-0.004444773,0.05616496,5045,0,-0.21666156,6.091343,8.011248,5045,0,0,1,1
650017730,0.0015892014,-0.011085769,0.07677538,4956,0,-0.21016295,6.102871,8.060449,4956,0,0,1,1
650022729,0.006316569,-0.01660142,0.09534707,4999,0,-0.17422561,6.074418,8.031775,4999,0,0,1,1
650027729,0.012717916,-0.021374041,0.11221098,5000,0,-0.11759163,6.02865,8.000296,5000,0,0,1,1
650032730,0.016120268,-0.026236385,0.1280303,5001,0,-0.08257551,6.04576,7.915447,5001,0,0,1,1
650037730,0.01839822,-0.030180635,0.14182203,5000,0,-0.05742,6.0202513,7.8638167,5000,0,0,1,1
650042729,0.021363504,-0.034119006,0.15287977,4999,0,-0.02183281,6.0162654,7.80959,4999,0,0,1,1
650047773,0.02210832,-0.03699087,0.16061276,5044,0,0.030467909,6.028156,7.7605596,5044,0,0,1,1
650052729,0.023551878,-0.036963224,0.16695654,4956,0,0.09775258,5.99225,7.7051034,4956,0,0,1,1
650057730,0.02355056,-0.039145462,0.1703738,5001,0,0.16705768,5.953542,7.6460075,5001,0,0,1,1
650062729,0.020970821,-0.038560145,0.17195503,4999,0,0.2463757,5.869526,7.562322,4999,0,0,1,1
650067729,0.016572183,-0.037944235,0.17072366,5000,0,0.3171887,5.8521824,7.479209,5000,0,0,1,1
650072729,0.011637569,-0.036149383,0.16648279,5000,0,0.36285982,5.890217,7.4681125,5000,0,0,1,1
650077729,0.006642917,-0.033907983,0.16027144,5000,0,0.41904616,5.9290056,7.4666104,5000,0,0,1,1
650082775,0.0010272788,-0.031041456,0.15094721,5046,0,0.47029316,5.972445,7.488613,5046,0,0,1,1
650087730,-0.0028358088,-0.027957542,0.13784072,4955,0,0.5237417,5.9868503,7.50896,4955,0,0,1,1
650092729,-0.008347608,-0.02363641,0.12414917,4999,0,0.58959186,5.982204,7.515136,4999,0,0,1,1
650097730,-0.013208204,-0.019096885,0.10868055,5001,0,0.6088516,6.0112586,7.5194182,5001,0,0,1,1
650102730,-0.018961325,-0.014210239,0.09092934,5000,0,0.639278,6.0706043,7.5918493,5000,0,0,1,1
650107729,-0.02232588,-0.008800215,0.07174115,4999,0,0.6286957,6.1425138,7.660574,4999,0,0,1,1
650112729,-0.02451566,-0.0036627366,0.05196152,5000,0,0.61844873,6.2472506,7.762427,5000,0,0,1,1
650117774,-0.025540855,0.001350452,0.029733028,5045,0,0.63131857,6.34161,7.835322,5045,0,0,1,1
650122729,-0.026644284,0.0077973465,0.008618874,4955,0,0.6183917,6.380896,7.895346,4955,0,0,1,1
650127729,-0.024493894,0.012556034,-0.01291034,5000,0,0.60416937,6.3816376,7.9525695,5000,0,0,1,1
650132730,-0.022360837,0.01601213,-0.035504404,5001,0,0.60292464,6.3599415,8.02418,5001,0,0,1,1
650137729,-0.019452915,0.019782392,-0.056701347,4999,0,0.53989786,6.3872857,8.055327,4999,0,0,1,1
650142729,-0.01672286,0.023852319,-0.07764355,5000,0,0.48923618,6.4087057,8.086263,5000,0,0,1,1
650147730,-0.0135011,0.027436951,-0.0946799,5001,0,0.42599204,6.446419,8.063888,5001,0,0,1,1
650152774,-0.011464436,0.03013263,-0.11411382,5044,0,0.35578954,6.4469223,8.03532,5044,0,0,1,1
650157730,-0.006313913,0.030964507,-0.13086821,4956,0,0.31632274,6.393904,8.013758,4956,0,0,1,1
650162729,-0.00043106225,0.031678926,-0.14375257,4999,0,0.28344706,6.305908,7.988083,4999,0,0,1,1
650167730,0.0025484215,0.032668367,-0.15651,5001,0,0.24852616,6.1879215,7.9212685,5001,0,0,1,1
650172730,0.0028060505,0.033259064,-0.16469447,5000,0,0.19395338,6.107309,7.8659544,5000,0,0,1,1
650177730,0.0026555925,0.031742007,-0.16999535,5000,0,0.13929647,6.073905,7.789593,5000,0,0,1,1
650182729,0.001997361,0.032471657,-0.1739299,4999,0,0.07556363,6.046308,7.7148476,4999,0,0,1,1
650187774,0.0015167842,0.029354341,-0.17299014,5045,0,0.03119099,5.951244,7.6304197,5045,0,0,1,1
650192729,0.00025047694,0.02758365,-0.17132342,4955,0,0.0020911987,5.8803067,7.5893946,4955,0,0,1,1
650197730,-0.0011600903,0.025454247,-0.16659112,5001,0,-0.018114705,5.7658076,7.550098,5001,0,0,1,1
650202730,-0.0036803936,0.020803481,-0.1556687,5000,0,-0.015610881,5.6853533,7.5078278,5000,0,0,1,1
650207730,-0.007183411,0.017113559,-0.14495479,5000,0,-0.04269855,5.649385,7.478416,5000,0,0,1,1
650212730,-0.011120226,0.014780255,-0.13081731,5000,0,-0.05663447,5.6305146,7.421911,5000,0,0,1,1
650217729,-0.015153095,0.011080276,-0.114313655,4999,0,-0.073620014,5.6585727,7.443013,4999,0,0,1,1
650222774,-0.018106211,0.008753492,-0.09687741,5045,0,-0.08282052,5.6791625,7.478024,5045,0,0,1,1
650227730,-0.018876154,0.005904709,-0.07662169,4956,0,-0.04450191,5.6789794,7.5739293,4956,0,0,1,1
650232729,-0.021489171,0.0020187327,-0.05540098,4999,0,-0.023275843,5.6706123,7.648351,4999,0,0,1,1
650237729,-0.021541562,-0.0014391879,-0.033785455,5000,0,0.008828996,5.6590776,7.6797748,5000,0,0,1,1
650242729,-0.023015391,-0.0053605186,-0.010503866,5000,0,0.022522753,5.7100825,7.721714,5000,0,0,1,1
650247730,-0.023459913,-0.008048536,0.013748394,5001,0,0.042608257,5.788944,7.772821,5001,0,0,1,1
650252729,-0.018473452,-0.0104926955,0.03605176,4999,0,0.061264083,5.8838997,7.8447013,4999,0,0,1,1
650257774,-0.015906513,-0.012988446,0.056923214,5045,0,0.08467018,5.948993,7.9333005,5045,0,0,1,1
650262729,-0.01050441,-0.015970612,0.07906033,4955,0,0.12273842,5.978373,8.007825,4955,0,0,1,1
650267729,-0.005124721,-0.017319798,0.09900775,5000,0,0.16646875,5.988169,8.030959,5000,0,0,1,1
650272730,0.00093528826,-0.01871567,0.116975345,5001,0,0.20276695,5.9744306,8.012356,5001,0,0,1,1
650277729,0.006151541,-0.020598834,0.13328037,4999,0,0.2218696,6.01241,8.00809,4999,0,0,1,1
650282730,0.01043691,-0.02250684,0.14847672,5001,0,0.21289027,6.0852103,8.0323305,5001,0,0,1,1
650287729,0.015168656,-0.021059074,0.1581534,4999,0,0.23661716,6.1198206,8.032084,4999,0,0,1,1
650292773,0.020105828,-0.021741902,0.16632941,5044,0,0.284598,6.106311,8.002449,5044,0,0,1,1
650297729,0.02356974,-0.020809764,0.1713562,4956,0,0.27973995,6.107774,7.9644036,4956,0,0,1,1
650302730,0.027292151,-0.020991046,0.17427833,5001,0,0.30214897,6.0369115,7.8684783,5001,0,0,1,1
650307729,0.029289218,-0.020646159,0.17429669,4999,0,0.31786808,6.0085497,7.7932544,4999,0,0,1,1
650312729,0.0302441,-0.017948603,0.17140622,5000,0,0.3308561,5.9758086,7.6926827,5000,0,0,1,1
650317730,0.02869438,-0.017282663,0.1640358,5001,0,0.32876012,5.9886074,7.653479,5001,0,0,1,1
650322729,0.024697116,-0.016260233,0.15439793,4999,0,0.3136225,6.0432453,7.618741,4999,0,0,1,1
650327774,0.020763986,-0.013778322,0.14095809,5045,0,0.30246475,6.0620327,7.575869,5045,0,0,1,1
650332729,0.017251346,-0.01196021,0.12738502,4955,0,0.32233334,6.0170417,7.5187283,4955,0,0,1,1
650337729,0.013165611,-0.010122128,0.11018984,5000,0,0.32805023,5.98838,7.4892135,5000,0,0,1,1
650342729,0.008644192,-0.008003293,0.090595774,5000,0,0.35902548,5.983851,7.4903555,5000,0,0,1,1
650347729,0.0019516932,-0.0060990974,0.071981825,5000,0,0.3618258,6.0032325,7.534373,5000,0,0,1,1
650352729,-0.0035072258,-0.0032103064,0.050647378,5000,0,0.33162364,6.062404,7.5487547,5000,0,0,1,1
650357729,-0.008479454,-0.00089763134,0.027941545,5000,0,0.32673183,6.149412,7.5577297,5000,0,0,1,1
650362773,-0.013616271,0.0005700019,0.0052381847,5044,0,0.32101265,6.2102723,7.625616,5044,0,0,1,1
650367729,-0.01434795,0.0027705077,-0.017991172,4956,0,0.32000455,6.217511,7.6914268,4956,0,0,1,1
650372730,-0.015359346,0.00455881,-0.040053032,5001,0,0.36058614,6.212695,7.753488,5001,0,0,1,1
650377729,-0.016549125,0.006689319,-0.061973456,4999,0,0.3631783,6.218431,7.8378544,4999,0,0,1,1
650382729,-0.017105123,0.01054211,-0.08125614,5000,0,0.35718626,6.282944,7.9065347,5000,0,0,1,1
650387729,-0.015761625,0.0115281055,-0.1008227,5000,0,0.33661485,6.345965,7.947906,5000,0,0,1,1
650392729,-0.0154455975,0.013537454,-0.117577076,5000,0,0.34114274,6.383704,7.9807653,5000,0,0,1,1
650397774,-0.012198851,0.015118871,-0.1319055,5045,0,0.3366724,6.369042,7.9916706,5045,0,0,1,1
650402730,-0.007442152,0.01701529,-0.14481315,4956,0,0.35689446,6.3361864,8.031072,4956,0,0,1,1
650407729,-0.0022416965,0.018091654,-0.1552156,4999,0,0.36581498,6.2674875,8.056936,4999,0,0,1,1
650412730,0.0021469202,0.019131236,-0.16098203,5001,0,0.37333044,6.213343,8.026299,5001,0,0,1,1
650417729,0.0058414503,0.020090954,-0.16496958,4999,0,0.3361813,6.165686,7.9833717,4999,0,0,1,1
650422730,0.0077197435,0.020966288,-0.16509429,5001,0,0.30119783,6.1519876,7.9094477,5001,0,0,1,1
650427729,0.010151439,0.022433797,-0.16292316,4999,0,0.28739303,6.130179,7.847294,4999,0,0,1,1
650432774,0.012954189,0.022439864,-0.1583686,5045,0,0.26596853,6.0438685,7.833358,5045,0,0,1,1
650437729,0.01409117,0.022069398,-0.15066925,4955,0,0.24194242,5.945978,7.784028,4955,0,0,1,1
650442729,0.016717674,0.021186395,-0.1405398,5000,0,0.25191507,5.8428392,7.7338576,5000,0,0,1,1
650447730,0.015979342,0.020778075,-0.1276009,5001,0,0.22614753,5.756851,7.65813,5001,0,0,1,1
650452729,0.012640367,0.02083521,-0.11212616,4999,0,0.18711144,5.7212186,7.584294,4999,0,0,1,1
650457730,0.009697296,0.019033186,-0.09603354,5001,0,0.14514592,5.703328,7.515708,5001,0,0,1,1
650462729,0.007037329,0.01664757,-0.07701817,4999,0,0.09924231,5.697099,7.474665,4999,0,0,1,1
650467773,0.0042261006,0.016521225,-0.058294524,5044,0,0.073448874,5.6833386,7.521901,5044,0,0,1,1
650472729,0.0018479644,0.014420534,-0.03880143,4956,0,0.070629336,5.636697,7.540537,4956,0,0,1,1
650477729,-0.00065823557,0.010558304,-0.017664023,5000,0,0.055319358,5.6035557,7.5261817,5000,0,0,1,1
650482729,-0.0035530068,0.0092127295,0.003153772,5000,0,0.023968967,5.618981,7.5211644,5000,0,0,1,1
650487730,-0.0072308355,0.005613323,0.023356933,5001,0,0.0028261445,5.663927,7.531343,5001,0,0,1,1
650492730,-0.010471992,0.0025457067,0.044651654,5000,0,-0.027428718,5.761383,7.5923314,5000,0,0,1,1
650497729,-0.01101501,-0.00057227246,0.06346401,4999,0,-0.04703204,5.831416,7.6955576,4999,0,0,1,1
650502774,-0.011071928,-0.0036165777,0.08113798,5045,0,-0.042249136,5.9111075,7.766001,5045,0,0,1,1
650507729,-0.00887694,-0.0069705467,0.096164145,4955,0,-0.03022294,5.954187,7.841807,4955,0,0,1,1
650512729,-0.0056926487,-0.011260577,0.10917423,5000,0,-0.044019233,5.9671493,7.8656883,5000,0,0,1,1
650517730,-0.0024514871,-0.014870108,0.120339364,5001,0,0.0019032507,6.0047407,7.8774233,5001,0,0,1,1
650522729,3.2108153e-05,-0.017335894,0.12995176,4999,0,0.018532833,6.0675187,7.9213853,4999,0,0,1,1
650527730,0.0026595616,-0.020939428,0.13792688,5001,0,0.008448764,6.143067,7.9381714,5001,0,0,1,1
650532729,0.0063856184,-0.02295936,0.14332868,4999,0,0.026231794,6.237649,8.0189705,4999,0,0,1,1
650537773,0.01038794,-0.024024177,0.14408505,5044,0,0.06320889,6.2575445,8.010615,5044,0,0,1,1
650542729,0.015332152,-0.02606497,0.1453065,4956,0,0.10163723,6.230308,7.97166,4956,0,0,1,1
650547729,0.018361533,-0.02715883,0.14227171,5000,0,0.1567301,6.192792,7.9196305,5000,0,0,1,1
650552729,0.020776136,-0.027654314,0.13731657,5000,0,0.21030481,6.147829,7.8980675,5000,0,0,1,1
650557730,0.0222212,-0.027726976,0.13088113,5001,0,0.25115785,6.162781,7.886444,5001,0,0,1,1
650562730,0.021392709,-0.027023852,0.12212431,5000,0,0.28657904,6.1947536,7.837232,5000,0,0,1,1
650567729,0.020656496,-0.024244484,0.11150606,4999,0,0.31199795,6.211353,7.756544,4999,0,0,1,1
650572773,0.019732421,-0.023488127,0.09837244,5044,0,0.36273506,6.152884,7.69603,5044,0,0,1,1
650577730,0.019023076,-0.02193685,0.08413081,4957,0,0.4084005,6.0993633,7.6169496,4957,0,0,1,1
650582729,0.015695438,-0.018728785,0.07016583,4999,0,0.46818265,6.028759,7.5912185,4999,0,0,1,1
650587730,0.011392543,-0.014223399,0.05391241,5001,0,0.50900674,6.0075164,7.552362,5001,0,0,1,1
650592729,0.0059385914,-0.01129712,0.036402255,4999,0,0.51853096,6.0263395,7.5461287,4999,0,0,1,1
650597730,-9.689147e-05,-0.0073301266,0.020254862,5001,0,0.5366805,6.0831532,7.5404925,5001,0,0,1,1
650602730,-0.0057142098,-0.0026487582,0.0020300413,5000,0,0.52198935,6.0891614,7.541442,5000,0,0,1,1
650607774,-0.010056875,0.001769097,-0.014898288,5044,0,0.54109603,6.0938835,7.5579405,5044,0,0,1,1
650612729,-0.013216338,0.004582711,-0.032113094,4955,0,0.54256487,6.074755,7.5956693,4955,0,0,1,1
650617730,-0.017453682,0.010101945,-0.04688354,5001,0,0.5492387,6.0650864,7.6622686,5001,0,0,1,1
650622729,-0.020973865,0.013523335,-0.06270694,4999,0,0.54524255,6.061733,7.6860914,4999,0,0,1,1
650627729,-0.02190922,0.017829228,-0.07733935,5000,0,0.51133054,6.133088,7.714931,5000,0,0,1,1
650632730,-0.024629492,0.019764788,-0.089841336,5001,0,0.4517963,6.187607,7.753064,5001,0,0,1,1
650637729,-0.024434453,0.02426883,-0.10118415,4999,0,0.4247974,6.2453814,7.8089867,4999,0,0,1,1
650642773,-0.022881608,0.02584591,-0.11069841,5044,0,0.39326185,6.246782,7.8897896,5044,0,0,1,1
650647729,-0.019953439,0.028807033,-0.119178645,4956,0,0.3536971,6.2072845,7.943989,4956,0,0,1,1
650652729,-0.016174695,0.03030226,-0.12624644,5000,0,0.32562593,6.196152,8.0052,5000,0,0,1,1
650657730,-0.015103661,0.030030195,-0.12988125,5001,0,0.2867414,6.1868997,7.9970026,5001,0,0,1,1
650662729,-0.010853896,0.030901358,-0.13116364,4999,0,0.21952306,6.1792126,7.97061,4999,0,0,1,1
650667729,-0.008688357,0.02955714,-0.13083632,5000,0,0.15063539,6.199255,7.9665504,5000,0,0,1,1
650672729,-0.0047263764,0.028297994,-0.12970111,5000,0,0.10460056,6.185203,7.9315295,5000,0,0,1,1
650677773,-0.0005240879,0.02635616,-0.12505539,5044,0,0.07224852,6.1165957,7.927247,5044,0,0,1,1
650682730,0.0029145288,0.024779212,-0.118200436,4957,0,0.02991229,6.0557766,7.908934,4957,0,0,1,1
650687751,0.006494227,0.021966824,-0.11221228,5021,0,0.02205194,5.9591837,7.82215,5021,0,0,1,1
650692729,0.006659167,0.01794743,-0.099657305,4978,0,0.002422813,5.885741,7.759479,4978,0,0,1,1
650697729,0.0069821435,0.0144523075,-0.08815432,5000,0,-0.05530179,5.886598,7.6911983,5000,0,0,1,1
650702729,0.006269309,0.011279104,-0.07524497,5000,0,-0.06464739,5.8440924,7.6291366,5000,0,0,1,1
650707730,0.006408132,0.00922635,-0.06036672,5001,0,-0.08037107,5.825965,7.6066437,5001,0,0,1,1
650712774,0.0042834985,0.005774496,-0.045704685,5044,0,-0.08898307,5.774676,7.6127133,5044,0,0,1,1
650717729,0.0029297788,0.0021649248,-0.02921021,4955,0,-0.051244304,5.697398,7.575481,4955,0,0,1,1
650722729,-0.00020562063,-0.002322273,-0.012848699,5000,0,-0.046790913,5.647037,7.5165615,5000,0,0,1,1
650727730,-0.0027456642,-0.006359176,0.0054270877,5001,0,-0.048160832,5.6289167,7.488839,5001,0,0,1,1
650732729,-0.005429532,-0.008823152,0.02299475,4999,0,-0.020164989,5.6659184,7.483019,4999,0,0,1,1
650737729,-0.009521592,-0.012096923,0.03959246,5000,0,-0.007909481,5.729685,7.538258,5000,0,0,1,1
650742729,-0.011100459,-0.014758891,0.05702715,5000,0,0.020668492,5.7800913,7.606745,5000,0,0,1,1
650747773,-0.012506492,-0.015823366,0.069994174,5044,0,0.06958925,5.819193,7.635744,5044,0,0,1,1
650752729,-0.012340972,-0.018587057,0.08453946,4956,0,0.09650126,5.81906,7.6817904,4956,0,0,1,1
650757730,-0.012581436,-0.020189257,0.09749661,5001,0,0.16192135,5.827374,7.7166786,5001,0,0,1,1
650762729,-0.011826654,-0.02127049,0.1089533,4999,0,0.1982307,5.9070697,7.799223,4999,0,0,1,1
650767730,-0.011466412,-0.022337247,0.11835722,5001,0,0.22095996,5.983413,7.8411603,5001,0,0,1,1
650772730,-0.0098130815,-0.023026168,0.12593745,5000,0,0.26976958,6.065429,7.9139047,5000,0,0,1,1
650777730,-0.0063134786,-0.021902196,0.13076606,5000,0,0.273143,6.1343164,7.961426,5000,0,0,1,1
650782773,-0.0018750221,-0.020876296,0.13484615,5043,0,0.2968486,6.1749306,7.9759345,5043,0,0,1,1
650787730,0.0011040502,-0.019677311,0.13484482,4957,0,0.3513585,6.1740317,7.9386253,4957,0,0,1,1
650792730,0.0060014045,-0.02037897,0.13310683,5000,0,0.37887198,6.14861,7.9481006,5000,0,0,1,1
650797729,0.010122793,-0.018736316,0.12923238,4999,0,0.41325748,6.172117,7.9921384,4999,0,0,1,1
650802730,0.011798857,-0.015161967,0.12306317,5001,0,0.42122433,6.2306376,7.973167,5001,0,0,1,1
650807729,0.0123553695,-0.013954588,0.11429144,4999,0,0.41207647,6.2632732,7.9392548,4999,0,0,1,1
650812730,0.014585628,-0.012045821,0.104638,5001,0,0.4032148,6.2715406,7.8774962,5001,0,0,1,1
650817773,0.01659713,-0.00878228,0.0914945,5043,0,0.4153329,6.2392497,7.8313785,5043,0,0,1,1
650822730,0.017505048,-0.0060481695,0.07758812,4957,0,0.4158263,6.1742826,7.8123465,4957,0,0,1,1
650827729,0.016827406,-0.0042394507,0.06351592,4999,0,0.4276957,6.1087904,7.756536,4999,0,0,1,1
650832730,0.015456916,-0.001656847,0.046677273,5001,0,0.43038815,6.0907,7.7139363,5001,0,0,1,1
650837730,0.011693086,0.0022369989,0.030087953,5000,0,0.39712837,6.107321,7.64968,5000,0,0,1,1
650842730,0.0077504446,0.0046635154,0.012245454,5000,0,0.35216346,6.1231556,7.6047344,5000,0,0,1,1
650847730,0.0053246524,0.006198154,-0.004881727,5000,0,0.35260922,6.1138496,7.556714,5000,0,0,1,1
650852774,0.0015856506,0.007534976,-0.022857422,5044,0,0.3525862,6.0735373,7.5662627,5044,0,0,1,1
650857730,-0.0010599787,0.0111181,-0.040799037,4956,0,0.32571033,6.020031,7.597845,4956,0,0,1,1
650862729,-0.0051481966,0.013600225,-0.057928383,4999,0,0.3200972,6.0150595,7.603338,4999,0,0,1,1
650867729,-0.010250065,0.013818302,-0.07273031,5000,0,0.31164175,6.0005603,7.5893626,5000,0,0,1,1
650872729,-0.015082306,0.015598895,-0.08717498,5000,0,0.27762273,6.039702,7.5886927,5000,0,0,1,1
650877730,-0.018378632,0.015725954,-0.10023984,5001,0,0.2435151,6.091861,7.621645,5001,0,0,1,1
650882729,-0.020253127,0.01785115,-0.11149803,4999,0,0.2284921,6.1324954,7.7013764,4999,0,0,1,1
650887774,-0.019664053,0.018094577,-0.120173655,5045,0,0.2145912,6.1246243,7.778144,5045,0,0,1,1
650892729,-0.017242812,0.018260647,-0.12709743,4955,0,0.22498004,6.101791,7.8401318,4955,0,0,1,1
650897729,-0.016557459,0.018293066,-0.13223894,5000,0,0.22415756,6.0577226,7.849839,5000,0,0,1,1
650902730,-0.015870776,0.017867025,-0.1336553,5001,0,0.21391363,6.083627,7.870433,5001,0,0,1,1
650907730,-0.013708182,0.017306218,-0.13359103,5000,0,0.17598535,6.130558,7.887797,5000,0,0,1,1
650912730,-0.011283443,0.015773518,-0.13133976,5000,0,0.16974516,6.1333404,7.926361,5000,0,0,1,1
650917729,-0.007876065,0.01606132,-0.12676324,4999,0,0.15662093,6.130343,7.975515,4999,0,0,1,1
650922774,-0.0033182995,0.014726662,-0.12024942,5045,0,0.14325148,6.0961123,7.9901676,5045,0,0,1,1
650927729,0.0005055564,0.013184792,-0.11056718,4955,0,0.15816253,6.01442,7.976082,4955,0,0,1,1
650932729,0.004937859,0.011920315,-0.098651424,5000,0,0.18326102,5.9801407,7.9229116,5000,0,0,1,1
650937730,0.009123242,0.010856167,-0.08675569,5001,0,0.15826707,5.919823,7.869899,5001,0,0,1,1
650942729,0.010249278,0.008637125,-0.07122811,4999,0,0.13168642,5.925593,7.8463273,4999,0,0,1,1
650947730,0.0121462215,0.007341872,-0.05525576,5001,0,0.123489596,5.920948,7.817628,5001,0,0,1,1
650952730,0.013714498,0.006088452,-0.03887299,5000,0,0.12840006,5.8877015,7.765823,5000,0,0,1,1
650957774,0.014604303,0.003910571,-0.021910917,5044,0,0.11514167,5.8546844,7.732499,5044,0,0,1,1
650962729,0.014454389,0.0025013057,-0.004836253,4955,0,0.12326085,5.762705,7.675329,4955,0,0,1,1
650967729,0.0146780815,0.0008257425,0.014504511,5000,0,0.13221127,5.7129645,7.62352,5000,0,0,1,1
650972729,0.01209994,-0.0010635776,0.030439233,5000,0,0.12380582,5.708346,7.5870934,5000,0,0,1,1
650977730,0.008907773,-0.0022980773,0.048615556,5001,0,0.093184575,5.723042,7.5920315,5001,0,0,1,1
650982729,0.0071537145,-0.003981819,0.0632413,4999,0,0.09636727,5.770753,7.6075397,4999,0,0,1,1
650987730,0.004294045,-0.00659747,0.07773103,5001,0,0.09261932,5.789944,7.6119823,5001,0,0,1,1
650992773,0.0030164798,-0.007579511,0.09090986,5043,0,0.09272801,5.7829657,7.580165,5043,0,0,1,1
650997730,0.0032455656,-0.009570099,0.10109481,4957,0,0.11950773,5.7762933,7.5805607,4957,0,0,1,1
651002729,0.0011468566,-0.0118099665,0.11129007,4999,0,0.123399615,5.793816,7.5895014,4999,0,0,1,1
651007729,-0.0019157109,-0.012627322,0.11981498,5000,0,0.119071536,5.8707185,7.6664,5000,0,0,1,1
651012730,-0.0033300524,-0.013364851,0.12484684,5001,0,0.13030043,5.96734,7.7200036,5001,0,0,1,1
651017730,-0.004454217,-0.014934728,0.12758169,5000,0,0.11174247,6.05048,7.7594757,5000,0,0,1,1
651022729,-0.0039254823,-0.014815097,0.1276652,4999,0,0.12005632,6.12868,7.8118467,4999,0,0,1,1
651027773,-0.0017908467,-0.016576149,0.12480923,5044,0,0.15884216,6.134584,7.8307514,5044,0,0,1,1
651032730,0.00061609474,-0.016674718,0.12124124,4957,0,0.18978167,6.1429224,7.868522,4957,0,0,1,1
651037730,0.0013345871,-0.016534157,0.11495431,5000,0,0.22916326,6.1608653,7.9063854,5000,0,0,1,1
651042729,0.0026035407,-0.016640112,0.10762835,4999,0,0.25883555,6.2089543,7.9362783,4999,0,0,1,1
651047729,0.005070019,-0.01595949,0.09730353,5000,0,0.26012108,6.2760463,7.953354,5000,0,0,1,1
651052729,0.0059447573,-0.015714467,0.08542557,5000,0,0.27373055,6.3180857,7.935802,5000,0,0,1,1
651057729,0.008466419,-0.013954498,0.071994014,5000,0,0.2829967,6.3503027,7.903809,5000,0,0,1,1
651062773,0.011479132,-0.012524352,0.058167912,5044,0,0.31370384,6.304137,7.9055743,5044,0,0,1,1
651067729,0.012903943,-0.0119741075,0.042859368,4956,0,0.36314407,6.236187,7.899473,4956,0,0,1,1
651072730,0.015110867,-0.0094171,0.028340066,5001,0,0.3826693,6.2090635,7.8652716,5001,0,0,1,1
651077730,0.012873093,-0.007413973,0.012523393,5000,0,0.4098379,6.199343,7.8174696,5000,0,0,1,1
651082730,0.010189112,-0.005223782,-0.0019000274,5000,0,0.4014068,6.2109795,7.7579803,5000,0,0,1,1
651087730,0.0081239315,-0.0021861661,-0.018112028,5000,0,0.41797915,6.2045736,7.7006197,5000,0,0,1,1
651092729,0.0073666694,0.0013167787,-0.033363033,4999,0,0.42247778,6.15896,7.665111,4999,0,0,1,1
651097773,0.0058792774,0.0036342551,-0.047277153,5044,0,0.43106,6.0792503,7.663784,5044,0,0,1,1
651102729,0.0038356888,0.006349898,-0.061445337,4956,0,0.44685724,6.0280924,7.636458,4956,0,0,1,1
651107729,0.0015860323,0.009579921,-0.07109168,5000,0,0.44500953,5.9882784,7.6171556,5000,0,0,1,1
651112729,-0.0036314304,0.012738144,-0.08365094,5000,0,0.4237595,5.992978,7.56075,5000,0,0,1,1
651117730,-0.008625251,0.0144500835,-0.09177741,5001,0,0.40254328,5.9757185,7.572427,5001,0,0,1,1
651122730,-0.010609695,0.017417703,-0.09851125,5000,0,0.38071254,6.015683,7.5825787,5000,0,0,1,1
651127729,-0.012997609,0.019513521,-0.10508979,4999,0,0.36507502,6.015195,7.6528754,4999,0,0,1,1
651132774,-0.014305551,0.021612344,-0.10923024,5045,0,0.36219245,5.9907823,7.695237,5045,0,0,1,1
651137729,-0.015600653,0.022168778,-0.11101618,4955,0,0.37082705,5.950277,7.70517,4955,0,0,1,1
651142729,-0.016671963,0.023343457,-0.110765405,5000,0,0.34462398,5.9616065,7.7143908,5000,0,0,1,1
651147730,-0.01886848,0.023924442,-0.10917228,5001,0,0.27830458,5.9723735,7.7420015,5001,0,0,1,1
651152729,-0.018351912,0.02359463,-0.10552597,4999,0,0.21740195,6.03648,7.8025656,4999,0,0,1,1
651157729,-0.017220283,0.022930102,-0.10133802,5000,0,0.17819193,6.069542,7.8221245,5000,0,0,1,1
651162729,-0.014276904,0.023175118,-0.09453202,5000,0,0.12591992,6.088451,7.8838215,5000,0,0,1,1
651167775,-0.010627629,0.021562595,-0.087224856,5046,0,0.10145661,6.0672474,7.938302,5046,0,0,1,1
651172730,-0.006780453,0.019141568,-0.07678673,4955,0,0.09020141,6.0105677,7.926571,4955,0,0,1,1
651177729,-0.0041436297,0.01782088,-0.06570559,4999,0,0.08268824,5.968066,7.889252,4999,0,0,1,1
651182729,-0.0018659543,0.014637012,-0.05403221,5000,0,0.026795605,6.006544,7.8923635,5000,0,0,1,1
651187730,-0.00052223605,0.011665249,-0.04172162,5001,0,0.004621313,6.017016,7.904958,5001,0,0,1,1
651192730,0.002345428,0.008912588,-0.029387807,5000,0,-0.024660423,6.019647,7.8913836,5000,0,0,1,1
651197729,0.0054539135,0.0065190457,-0.015821667,4999,0,-0.040087152,5.9919047,7.873655,4999,0,0,1,1
651202773,0.008553286,0.0013781575,-0.0009509408,5044,0,-0.04345128,5.9327674,7.8010683,5044,0,0,1,1
651207729,0.009248301,-0.0014079306,0.011921684,4956,0,-0.027719803,5.8843436,7.7597165,4956,0,0,1,1
651212730,0.011275383,-0.0050637606,0.025142113,5001,0,-0.0048010475,5.8319645,7.7065096,5001,0,0,1,1
651217729,0.011209331,-0.007467088,0.03845395,4999,0,-0.007111732,5.813539,7.6642375,4999,0,0,1,1
651222729,0.009329479,-0.009896983,0.050624907,5000,0,-0.00782043,5.8501387,7.6543016,5000,0,0,1,1
651227730,0.007718378,-0.012547747,0.062753096,5001,0,0.009285699,5.8770866,7.6461706,5001,0,0,1,1
651232730,0.007208499,-0.015639784,0.07261178,5000,0,0.03096911,5.8695893,7.6189756,5000,0,0,1,1
651237773,0.0042671426,-0.017085401,0.08234859,5043,0,0.07368737,5.8303795,7.5834594,5043,0,0,1,1
651242729,0.0030101005,-0.019228294,0.09045981,4956,0,0.111852475,5.7937803,7.5708036,4956,0,0,1,1
651247730,0.0010209887,-0.020794833,0.09623045,5001,0,0.17006707,5.798403,7.6026487,5001,0,0,1,1
651252730,-0.002512006,-0.0201605,0.10104556,5000,0,0.1817692,5.8333755,7.638774,5000,0,0,1,1
651257730,-0.003982198,-0.021014802,0.10487948,5000,0,0.22049402,5.9093995,7.649389,5000,0,0,1,1
651262730,-0.0062683676,-0.021678248,0.105949305,5000,0,0.2396421,6.007013,7.6731787,5000,0,0,1,1
651267729,-0.006846468,-0.02035532,0.10599614,4999,0,0.27945104,6.0562954,7.7002525,4999,0,0,1,1
651272773,-0.005530653,-0.019585434,0.10400772,5044,0,0.31815955,6.042149,7.711695,5044,0,0,1,1
651277729,-0.0057479287,-0.017979007,0.10012153,4956,0,0.3643394,6.0445724,7.769888,4956,0,0,1,1
651282729,-0.005463238,-0.0167398,0.09476227,5000,0,0.4101937,6.0889745,7.8280373,5000,0,0,1,1
651287729,-0.0055758515,-0.014114975,0.08758978,5000,0,0.42059267,6.1677833,7.891541,5000,0,0,1,1
651292729,-0.0060604364,-0.011189159,0.079487264,5000,0,0.40886095,6.2256227,7.9206333,5000,0,0,1,1
651297729,-0.0047954596,-0.010097612,0.070029475,5000,0,0.41473815,6.259402,7.902789,5000,0,0,1,1
651302730,-0.0023250927,-0.0066399756,0.059074707,5001,0,0.41562352,6.283653,7.9203076,5001,0,0,1,1
651307773,0.0019319954,-0.004313214,0.045785718,5043,0,0.46102208,6.250872,7.941713,5043,0,0,1,1
651312730,0.0040268563,-0.0021463062,0.03348863,4957,0,0.48714775,6.2032833,7.956984,4957,0,0,1,1
651317730,0.0036443197,2.4056999e-05,0.020307858,5000,0,0.46423236,6.2132993,7.90198,5000,0,0,1,1
651322730,0.0046068374,0.0033888468,0.0059954473,5000,0,0.4394456,6.2380075,7.8704605,5000,0,0,1,1
651327729,0.0055856444,0.0066009564,-0.007614395,4999,0,0.4196088,6.250469,7.831504,4999,0,0,1,1
651332729,0.005490799,0.009570429,-0.019903947,5000,0,0.3717307,6.2418537,7.7936835,5000,0,0,1,1
651337729,0.0062256535,0.010881669,-0.03473211,5000,0,0.36105967,6.2128105,7.791927,5000,0,0,1,1
651342773,0.007247667,0.014124369,-0.047708113,5044,0,0.36060196,6.136274,7.778537,5044,0,0,1,1
651347730,0.006396688,0.015200559,-0.060342323,4957,0,0.33157873,6.0624394,7.7553864,4957,0,0,1,1
651352730,0.0036212131,0.015814373,-0.07142492,5000,0,0.31549212,6.032556,7.700567,5000,0,0,1,1
651357730,-0.00019113361,0.017538197,-0.08093015,5000,0,0.28047556,6.022952,7.616332,5000,0,0,1,1
651362729,-0.0032145916,0.017703328,-0.08870179,4999,0,0.23852845,6.0170517,7.6175375,4999,0,0,1,1
651367729,-0.004943885,0.019029364,-0.09507249,5000,0,0.19617271,6.026059,7.596412,5000,0,0,1,1
651372730,-0.005983357,0.01895624,-0.101165645,5001,0,0.19156392,5.9725385,7.636799,5001,0,0,1,1
651377773,-0.0067522856,0.018038286,-0.105357654,5043,0,0.17357734,5.9345703,7.6650243,5043,0,0,1,1
651382729,-0.008929146,0.017989015,-0.10644241,4956,0,0.17521931,5.8913774,7.650363,4956,0,0,1,1
651387730,-0.011247524,0.01697183,-0.1057665,5001,0,0.14781223,5.8879943,7.5917416,5001,0,0,1,1
651392729,-0.013987437,0.01596233,-0.10482522,4999,0,0.11068939,5.922943,7.641977,4999,0,0,1,1
651397729,-0.014801422,0.015603725,-0.09998998,5000,0,0.100545794,5.9464464,7.7008314,5000,0,0,1,1
651402730,-0.015337285,0.013767918,-0.09423492,5001,0,0.08134984,5.976069,7.781879,5001,0,0,1,1
651407729,-0.013756292,0.01146775,-0.08797373,4999,0,0.085781276,5.9771605,7.8065653,4999,0,0,1,1
651412773,-0.011667731,0.010186973,-0.08065299,5044,0,0.08376517,5.940445,7.8057365,5044,0,0,1,1
651417730,-0.010512644,0.007247633,-0.06967061,4957,0,0.09536202,5.9296618,7.822564,4957,0,0,1,1
651422729,-0.008159865,0.006460842,-0.057074457,4999,0,0.10561925,5.9254065,7.831398,4999,0,0,1,1
651427729,-0.005854297,0.0041495794,-0.046757627,5000,0,0.10390116,5.946545,7.863538,5000,0,0,1,1
651432730,-0.0036981993,0.0022213573,-0.030609451,5001,0,0.086798385,6.0167947,7.9068127,5001,0,0,1,1
651437729,-0.00020509525,0.00044047076,-0.018280447,4999,0,0.07694261,6.0260715,7.9272923,4999,0,0,1,1
651442729,0.0032486822,-0.0015131652,-0.0045964876,5000,0,0.09195403,6.010546,7.9129405,5000,0,0,1,1
651447774,0.0066519226,-0.0034962883,0.009910372,5045,0,0.12840372,5.962636,7.886713,5045,0,0,1,1
651452729,0.00934751,-0.0049656415,0.023397127,4955,0,0.15682669,5.898973,7.8426237,4955,0,0,1,1
651457730,0.011392122,-0.0057247626,0.036990855,5001,0,0.1674486,5.8730793,7.8414917,5001,0,0,1,1
651462729,0.011934737,-0.008456936,0.05146128,4999,0,0.1526605,5.904631,7.8222504,4999,0,0,1,1
651467729,0.012138963,-0.008853889,0.06320051,5000,0,0.16233794,5.9345217,7.7880025,5000,0,0,1,1
651472730,0.013340843,-0.010433409,0.07430765,5001,0,0.14916067,5.95303,7.730007,5001,0,0,1,1
651477729,0.014133029,-0.011317157,0.0825701,4999,0,0.15731795,5.921221,7.692594,4999,0,0,1,1
651482774,0.01527099,-0.011879069,0.09207092,5045,0,0.20506543,5.8638263,7.6438885,5045,0,0,1,1
651487729,0.015328027,-0.012490027,0.09869819,4955,0,0.23072141,5.845927,7.61462,4955,0,0,1,1
651492729,0.011493599,-0.011930619,0.10312127,5000,0,0.23609942,5.8505354,7.6357484,5000,0,0,1,1
651497730,0.008587491,-0.012514119,0.10604742,5001,0,0.23339634,5.90631,7.6668024,5001,0,0,1,1
651502729,0.005857488,-0.012119392,0.108476505,4999,0,0.23412989,5.969508,7.6417403,4999,0,0,1,1
651507730,0.0040128343,-0.01041029,0.10633357,5001,0,0.22948687,5.959792,7.6176405,5001,0,0,1,1
651512729,0.002429865,-0.0115737915,0.10351517,4999,0,0.23823121,5.9972725,7.638805,4999,0,0,1,1
651517773,0.0013118318,-0.01119335,0.098507226,5044,0,0.26030293,5.9951744,7.67035,5044,0,0,1,1
651522730,6.946446e-05,-0.010182935,0.09220358,4957,0,0.27889463,5.9958463,7.6952105,4957,0,0,1,1
651527729,-0.0018740146,-0.009296858,0.08319036,4999,0,0.2997683,6.051894,7.7096663,4999,0,0,1,1
651532729,-0.0037439892,-0.00815074,0.075368114,5000,0,0.28558025,6.113094,7.741286,5000,0,0,1,1
651537729,-0.0050862827,-0.00780302,0.06426986,5000,0,0.27333248,6.208136,7.761202,5000,0,0,1,1
651542730,-0.004357141,-0.0066603776,0.05140981,5001,0,0.2655698,6.2641506,7.811468,5001,0,0,1,1
651547730,-0.0028885072,-0.0055069844,0.03804557,5000,0,0.30563593,6.2505865,7.8311057,5000,0,0,1,1
651552773,-0.0024613484,-0.0035680917,0.023465127,5043,0,0.30967247,6.236873,7.8898234,5043,0,0,1,1
651557729,-0.0012589858,-0.0011260762,0.010581312,4956,0,0.34316483,6.2120357,7.9180546,4956,0,0,1,1
651562730,-0.0008864787,-0.0004625939,-0.0035427501,5001,0,0.33943883,6.2386384,7.899722,5001,0,0,1,1
651567729,-0.0005290042,0.00088027737,-0.017529119,4999,0,0.33380973,6.2703524,7.8717737,4999,0,0,1,1
651572730,0.00036973227,0.0019448018,-0.030435262,5001,0,0.31329668,6.3000493,7.8670197,5001,0,0,1,1
651577729,0.002801242,0.0037540335,-0.0437354,4999,0,0.31271204,6.294986,7.879604,4999,0,0,1,1
651582730,0.0045316545,0.00511912,-0.0571075,5001,0,0.33331278,6.210296,7.882326,5001,0,0,1,1
651587774,0.006237208,0.007176023,-0.06741362,5044,0,0.35349077,6.1687217,7.847816,5044,0,0,1,1
651592729,0.0059057386,0.008902635,-0.07581834,4955,0,0.3731356,6.1135974,7.8050117,4955,0,0,1,1
651597730,0.0054051117,0.010583594,-0.08468586,5001,0,0.34474918,6.092074,7.742595,5001,0,0,1,1
651602730,0.0028763523,0.011156653,-0.090749815,5000,0,0.3223967,6.0572276,7.714432,5000,0,0,1,1
651607729,0.001292954,0.013565325,-0.09570276,4999,0,0.30813605,6.0566325,7.690808,4999,0,0,1,1
651612730,0.001017522,0.013898484,-0.09849401,5001,0,0.28657135,6.014459,7.6977124,5001,0,0,1,1
651617730,-0.00045635487,0.0138786705,-0.09955921,5000,0,0.3003194,5.9796386,7.7184176,5000,0,0,1,1
651622773,-0.0005616566,0.0152049055,-0.10073089,5043,0,0.29345608,5.9098773,7.6689467,5043,0,0,1,1
651627729,-0.0026535315,0.015152488,-0.09791403,4956,0,0.28623366,5.8481627,7.628195,4956,0,0,1,1
651632729,-0.00592246,0.015925402,-0.092623316,5000,0,0.2462491,5.8504453,7.6000175,5000,0,0,1,1
651637729,-0.007773378,0.016035208,-0.08702047,5000,0,0.22361635,5.87145,7.5929008,5000,0,0,1,1
651642729,-0.0080797635,0.016351895,-0.07995633,5000,0,0.17634892,5.923622,7.6449924,5000,0,0,1,1
651647730,-0.010583815,0.016069485,-0.072065614,5001,0,0.15350685,5.92911,7.6894865,5001,0,0,1,1
651652729,-0.010092805,0.014782519,-0.06191513,4999,0,0.14455843,5.8853974,7.7219167,4999,0,0,1,1
651657773,-0.009851126,0.014347597,-0.051291578,5044,0,0.15219116,5.8768935,7.723016,5044,0,0,1,1
651662729,-0.009892984,0.01291843,-0.040725168,4956,0,0.1400899,5.8592253,7.7432876,4956,0,0,1,1
651667729,-0.010161984,0.010286219,-0.027484074,5000,0,0.104927436,5.887501,7.76859,5000,0,0,1,1
651672730,-0.0100709,0.007933294,-0.016577011,5001,0,0.08323487,5.9433446,7.799148,5001,0,0,1,1
651677729,-0.007683229,0.006295309,-0.0040858206,4999,0,0.06586616,5.986429,7.84305,4999,0,0,1,1
651682729,-0.00573817,0.0037148613,0.008001213,5000,0,0.046920523,6.0204,7.8752637,5000,0,0,1,1
651687730,-0.0017047946,0.0011698295,0.019842751,5001,0,0.04514224,5.9983144,7.8671956,5001,0,0,1,1
651692773,0.0010297454,-0.0012743912,0.031949025,5043,0,0.042178817,5.9803076,7.8486733,5043,0,0,1,1
651697729,0.0036746326,-0.0028144268,0.04187045,4956,0,0.062293723,5.957912,7.8339562,4956,0,0,1,1
651702729,0.0043183398,-0.005133786,0.05312352,5000,0,0.06581907,5.982197,7.834305,5000,0,0,1,1
651707730,0.0058904397,-0.0077124853,0.06251695,5001,0,0.053685173,6.033241,7.8873878,5001,0,0,1,1
651712730,0.007568741,-0.009936992,0.06937934,5000,0,0.05598416,6.0664387,7.862939,5000,0,0,1,1
651717730,0.009334109,-0.01062714,0.07636527,5000,0,0.05840797,6.049754,7.8197145,5000,0,0,1,1
651722729,0.009727388,-0.013233903,0.08068754,4999,0,0.08381,6.018039,7.7730846,4999,0,0,1,1
651727773,0.012090646,-0.015056725,0.08544689,5044,0,0.11008755,5.9708576,7.744824,5044,0,0,1,1
651732729,0.0118355,-0.016442813,0.08823138,4956,0,0.15714747,5.924287,7.729265,4956,0,0,1,1
651737729,0.010875448,-0.016675023,0.090669,5000,0,0.17728733,5.9586577,7.690586,5000,0,0,1,1
651742729,0.0093306815,-0.01831974,0.08911702,5000,0,0.17291994,5.9949007,7.6677427,5000,0,0,1,1
651747730,0.0068051256,-0.016813166,0.08761792,5001,0,0.20920601,6.01689,7.6491733,5001,0,0,1,1
651752729,0.0059323125,-0.017105885,0.08397752,4999,0,0.23035975,6.0282826,7.639138,4999,0,0,1,1
651757730,0.0035590904,-0.014951929,0.08017123,5001,0,0.26905453,5.996689,7.6111197,5001,0,0,1,1
651762774,0.0033883434,-0.014989409,0.074431784,5044,0,0.32333001,5.969285,7.646078,5044,0,0,1,1
651767729,-0.00010266512,-0.01377675,0.06741381,4955,0,0.36305776,5.9722214,7.668074,4955,0,0,1,1
651772730,-0.003749926,-0.012528117,0.05947211,5001,0,0.39312047,6.023902,7.6834064,5001,0,0,1,1
651777729,-0.0069030384,-0.0103573175,0.0494903,4999,0,0.38188237,6.0784936,7.6949444,4999,0,0,1,1
651782729,-0.007910677,-0.00716996,0.040554192,5000,0,0.38601932,6.1343966,7.7115855,5000,0,0,1,1
651787730,-0.009174159,-0.005782117,0.02997492,5001,0,0.38397875,6.1570816,7.7308245,5001,0,0,1,1
651792729,-0.007375892,-0.002099638,0.018720968,4999,0,0.4062367,6.144925,7.769503,4999,0,0,1,1
651797773,-0.006597163,7.667381e-05,0.007577897,5044,0,0.43696824,6.1235347,7.803727,5044,0,0,1,1
651802730,-0.007257183,0.002446078,-0.0036533114,4957,0,0.45611274,6.125483,7.8354964,4957,0,0,1,1
651807729,-0.00803511,0.004927704,-0.015282793,4999,0,0.43600148,6.170911,7.853312,4999,0,0,1,1
651812730,-0.007970984,0.0067881695,-0.024658112,5001,0,0.40788972,6.216838,7.8471546,5001,0,0,1,1
651817730,-0.006307548,0.010119576,-0.03698764,5000,0,0.38061786,6.266377,7.8698196,5000,0,0,1,1
651822730,-0.0057805767,0.011326623,-0.045342218,5000,0,0.3662394,6.2269063,7.8873625,5000,0,0,1,1
651827729,-0.0035437436,0.0136462385,-0.055419806,4999,0,0.37326354,6.1909156,7.920845,4999,0,0,1,1
651832773,-0.0016250215,0.014640674,-0.06288882,5044,0,0.3540678,6.150101,7.9254007,5044,0,0,1,1
651837730,-0.00013728299,0.016148476,-0.069921836,4957,0,0.3579107,6.100263,7.859243,4957,0,0,1,1
651842729,0.00081375433,0.016593583,-0.07555372,4999,0,0.29618853,6.092124,7.821766,4999,0,0,1,1
651847730,0.0009045105,0.017124547,-0.080318965,5001,0,0.22929777,6.1221166,7.79523,5001,0,0,1,1
651852729,0.0015387515,0.017806921,-0.082962066,4999,0,0.1983331,6.1008964,7.768542,4999,0,0,1,1
651857730,0.0025007974,0.018490475,-0.08579803,5001,0,0.1908161,6.063949,7.7731643,5001,0,0,1,1
651862729,0.0025062466,0.019024096,-0.086512044,4999,0,0.16546671,5.981017,7.772081,4999,0,0,1,1
651867773,0.001937478,0.017463798,-0.08509012,5044,0,0.17495243,5.9349527,7.7107763,5044,0,0,1,1
651872729,0.0005597374,0.016566176,-0.08134208,4956,0,0.15890007,5.8843117,7.6689587,4956,0,0,1,1
651877729,-0.00064573187,0.015429188,-0.07902953,5000,0,0.12864149,5.8742223,7.643453,5000,0,0,1,1
651882729,-0.0039047333,0.012513013,-0.07277264,5000,0,0.07116667,5.883633,7.6021338,5000,0,0,1,1
651887730,-0.0051963376,0.011635874,-0.06598392,5001,0,0.050516732,5.89242,7.646881,5001,0,0,1,1
651892730,-0.00566532,0.009692395,-0.058760017,5000,0,0.050109025,5.879838,7.670281,5000,0,0,1,1
651897730,-0.0061943545,0.0077467193,-0.051419735,5000,0,0.065525435,5.8468137,7.661617,5000,0,0,1,1
651902774,-0.0059948415,0.007013286,-0.041289642,5044,0,0.06842722,5.8131957,7.657743,5044,0,0,1,1
651907729,-0.007584961,0.0049216575,-0.031172536,4955,0,0.08932536,5.813141,7.6347623,4955,0,0,1,1
651912730,-0.009115356,0.0015886632,-0.019924419,5001,0,0.05651046,5.8432603,7.6813936,5001,0,0,1,1
651917730,-0.009087213,0.0001394739,-0.010089404,5000,0,0.061302997,5.9108214,7.722839,5000,0,0,1,1
651922730,-0.009011484,-0.0020162554,0.0020731105,5000,0,0.062464144,5.9477243,7.7965007,5000,0,0,1,1
651927729,-0.0076934285,-0.0035598911,0.0127824545,4999,0,0.072080925,5.9663467,7.8372946,4999,0,0,1,1
651932730,-0.0053319833,-0.005818853,0.024016608,5001,0,0.12147238,5.9619913,7.8303533,5001,0,0,1,1
651937773,-0.003075455,-0.008086372,0.03500418,5043,0,0.14229801,5.942703,7.833091,5043,0,0,1,1
651942730,-0.00048675484,-0.010619753,0.04596129,4957,0,0.16562156,5.93158,7.8281555,4957,0,0,1,1
651947729,0.0011153637,-0.01139475,0.054866478,4999,0,0.16324708,5.995465,7.852123,4999,0,0,1,1
651952729,0.0023512186,-0.011716142,0.064327165,5000,0,0.17899017,6.043873,7.8866587,5000,0,0,1,1
651957730,0.004189402,-0.012094517,0.070472375,5001,0,0.19533932,6.0712037,7.8928585,5001,0,0,1,1
651962729,0.0077092773,-0.012940436,0.07536732,4999,0,0.21695736,6.079322,7.8497405,4999,0,0,1,1
651967729,0.010830345,-0.013387172,0.080508016,5000,0,0.23514035,6.0227027,7.8424335,5000,0,0,1,1
651972773,0.012541666,-0.013661302,0.08486299,5044,0,0.25091118,6.0096974,7.8084235,5044,0,0,1,1
651977729,0.012453442,-0.013454796,0.08576462,4956,0,0.28788355,5.9995666,7.8040657,4956,0,0,1,1
651982730,0.012329326,-0.011927404,0.08598089,5001,0,0.2849365,6.004471,7.805198,5001,0,0,1,1
651987730,0.012436193,-0.011401069,0.085947424,5000,0,0.28235215,6.063346,7.78047,5000,0,0,1,1
651992729,0.010990004,-0.010159627,0.08259295,4999,0,0.28416157,6.0877185,7.73008,4999,0,0,1,1
651997730,0.011202655,-0.01011431,0.07759686,5001,0,0.29136893,6.0625105,7.7121887,5001,0,0,1,1
652002729,0.009530028,-0.00881909,0.07291695,4999,0,0.3237783,6.01043,7.6650424,4999,0,0,1,1
652007773,0.009419945,-0.007594532,0.06595258,5044,0,0.32102406,5.9775605,7.661513,5044,0,0,1,1
652012729,0.00790684,-0.005209048,0.058697715,4956,0,0.34981066,5.979067,7.670293,4956,0,0,1,1
652017729,0.003619165,-0.0031236683,0.0492491,5000,0,0.32442972,6.024184,7.667075,5000,0,0,1,1
652022729,0.00078218983,-0.0013387149,0.04130592,5000,0,0.30729923,6.113453,7.65361,5000,0,0,1,1
652027730,-0.002264552,-0.000479538,0.03030805,5001,0,0.2978959,6.1226487,7.6580505,5001,0,0,1,1
652032730,-0.0028877754,0.0007180269,0.019155378,5000,0,0.3012613,6.1086154,7.697203,5000,0,0,1,1
652037729,-0.004614198,0.0017124639,0.006320972,4999,0,0.3326843,6.081286,7.7284713,4999,0,0,1,1
652042773,-0.0047789076,0.0035585575,-0.0053650504,5044,0,0.33185357,6.0774026,7.758865,5044,0,0,1,1
652047730,-0.0066832188,0.0060210386,-0.015465463,4957,0,0.32961687,6.0760546,7.770375,4957,0,0,1,1
652052729,-0.009159615,0.006489671,-0.026757633,4999,0,0.2901404,6.137444,7.7771406,4999,0,0,1,1
652057730,-0.009644464,0.008070978,-0.038194306,5001,0,0.2635045,6.1943917,7.7873726,5001,0,0,1,1
652062729,-0.0089478465,0.008109808,-0.048830375,4999,0,0.26540157,6.212887,7.815811,4999,0,0,1,1
652067729,-0.006127394,0.008897182,-0.057149876,5000,0,0.26600108,6.196101,7.8582273,5000,0,0,1,1
652072730,-0.005028711,0.010639931,-0.06572047,5001,0,0.26037002,6.1566443,7.8848476,5001,0,0,1,1
652077773,-0.0037465042,0.011274529,-0.07371622,5043,0,0.26474044,6.119196,7.8994412,5043,0,0,1,1
652082729,-0.0034618068,0.011619283,-0.077312864,4956,0,0.26233733,6.108914,7.884007,4956,0,0,1,1
652087730,-0.003149968,0.0113878315,-0.081507556,5001,0,0.24359328,6.131725,7.8631067,5001,0,0,1,1
652092730,-0.001970622,0.0105890455,-0.084731564,5000,0,0.225571,6.1527343,7.8486724,5000,0,0,1,1
652097730,0.0005150806,0.0125473775,-0.086064704,5000,0,0.20349742,6.134173,7.828706,5000,0,0,1,1
652102729,0.0017509756,0.01275494,-0.08568864,4999,0,0.21613677,6.0670543,7.827038,4999,0,0,1,1
652107729,0.004074079,0.011541231,-0.0833297,5000,0,0.21570466,6.0133944,7.81114,5000,0,0,1,1
652112773,0.004523693,0.010833358,-0.08099881,5044,0,0.22485839,5.937879,7.772095,5044,0,0,1,1
652117730,0.003613488,0.010412065,-0.07526311,4957,0,0.20687562,5.919827,7.721859,4957,0,0,1,1
652122729,0.0035641284,0.00987464,-0.067479536,4999,0,0.19339648,5.934168,7.6726346,4999,0,0,1,1
652127729,0.0024994507,0.00988694,-0.06010154,5000,0,0.15120316,5.9134016,7.671885,5000,0,0,1,1
652132730,0.0013308572,0.008971261,-0.050634466,5001,0,0.1544005,5.910859,7.6583633,5001,0,0,1,1
652137730,0.0014520219,0.0075839227,-0.04294297,5000,0,0.15040511,5.8499103,7.7023973,5000,0,0,1,1
652142729,0.001577862,0.006691182,-0.032839324,4999,0,0.17437875,5.802779,7.686482,4999,0,0,1,1
652147773,-0.00029705671,0.005536217,-0.022290047,5044,0,0.18571605,5.7851276,7.65011,5044,0,0,1,1
652152729,-0.002675801,0.0039621457,-0.01000435,4956,0,0.14858796,5.789202,7.6247706,4956,0,0,1,1
652157729,-0.0040987823,0.0031600376,0.00094334554,5000,0,0.11699775,5.831634,7.648765,5000,0,0,1,1
652162729,-0.005528241,0.0014968753,0.011901092,5000,0,0.11304002,5.901445,7.6784415,5000,0,0,1,1
652167729,-0.0057959505,0.0014067155,0.022888899,5000,0,0.11124793,5.9248466,7.7191772,5000,0,0,1,1
652172730,-0.0048721177,-0.0004327647,0.03339815,5001,0,0.09976365,5.941431,7.736758,5001,0,0,1,1
652177729,-0.0025881876,-0.0027351798,0.044054404,4999,0,0.12759112,5.9187737,7.761724,4999,0,0,1,1
652182773,-0.0038857607,-0.002693432,0.053213757,5044,0,0.14042355,5.9205246,7.751989,5044,0,0,1,1
652187730,-0.0022883536,-0.0049273893,0.06111634,4957,0,0.13983071,5.9402695,7.7777715,4957,0,0,1,1
652192730,-0.0025042677,-0.006392399,0.066778086,5000,0,0.12863773,6.0157256,7.826091,5000,0,0,1,1
652197730,-0.0016726286,-0.007990659,0.07116165,5000,0,0.12573518,6.0937586,7.8648357,5000,0,0,1,1
652202729,0.0004747513,-0.008757442,0.07651506,4999,0,0.11837564,6.1082606,7.867311,4999,0,0,1,1
652207730,0.0031400786,-0.010144458,0.07844966,5001,0,0.14044812,6.096866,7.8632097,5001,0,0,1,1
652212729,0.0058569503,-0.011631375,0.0794463,4999,0,0.18090178,6.0751696,7.830756,4999,0,0,1,1
652217774,0.007950324,-0.011697617,0.07921696,5045,0,0.19025694,6.073872,7.8240685,5045,0,0,1,1
652222729,0.008566205,-0.012749714,0.078247145,4955,0,0.19416524,6.043622,7.819109,4955,0,0,1,1
652227729,0.009323316,-0.012109319,0.07572093,5000,0,0.19096068,6.1300344,7.831362,5000,0,0,1,1
652232729,0.008590973,-0.011154427,0.07186642,5000,0,0.20665018,6.157482,7.797101,5000,0,0,1,1
652237730,0.008760034,-0.011508353,0.0643004,5001,0,0.22918378,6.140883,7.7861547,5001,0,0,1,1
652242730,0.010023381,-0.010616114,0.059176784,5000,0,0.2525083,6.11636,7.7629657,5000,0,0,1,1
652247730,0.008441058,-0.010262511,0.052052572,5000,0,0.29476917,6.063522,7.722362,5000,0,0,1,1
652252773,0.008494807,-0.009813248,0.04334596,5043,0,0.3210644,6.013256,7.727074,5043,0,0,1,1
652257730,0.0051077497,-0.008567249,0.035355933,4957,0,0.32820442,6.009851,7.7006097,4957,0,0,1,1
652262729,0.003698218,-0.0070994264,0.026301622,4999,0,0.32458058,6.0701547,7.6764545,4999,0,0,1,1
652267729,-0.00018420663,-0.0049044597,0.01569174,5000,0,0.33061624,6.099957,7.667825,5000,0,0,1,1
652272729,-0.0016309221,-0.0018102822,0.0061883205,5000,0,0.32768032,6.093153,7.659683,5000,0,0,1,1
652277730,-0.0020483537,-0.00047575348,-0.0040037753,5001,0,0.35261017,6.0775585,7.6515927,5001,0,0,1,1
652282729,-0.004261595,0.00082219805,-0.0141482195,4999,0,0.3760476,6.039887,7.6922035,4999,0,0,1,1
652287773,-0.0038592515,0.0026843788,-0.022428174,5044,0,0.3974215,6.022146,7.717306,5044,0,0,1,1
652292729,-0.008093816,0.0053207455,-0.030471753,4956,0,0.38905287,6.0475645,7.734602,4956,0,0,1,1
652297730,-0.010609819,0.006096531,-0.03885632,5001,0,0.38804227,6.1072226,7.748989,5001,0,0,1,1
652302729,-0.0108277695,0.008974253,-0.046496466,4999,0,0.33180752,6.1514797,7.7815256,4999,0,0,1,1
652307730,-0.01089489,0.008917979,-0.05433903,5001,0,0.32901648,6.1462617,7.7702875,5001,0,0,1,1
652312729,-0.009065852,0.01140313,-0.060417596,4999,0,0.33439356,6.096686,7.799108,4999,0,0,1,1
652317729,-0.007599267,0.012206204,-0.06397475,5000,0,0.35263386,6.06563,7.8342705,5000,0,0,1,1
652322773,-0.0073367865,0.014123975,-0.067465715,5044,0,0.33969042,6.0621643,7.8394947,5044,0,0,1,1
652327729,-0.007257289,0.013679914,-0.07056942,4956,0,0.2895945,6.0665483,7.8331165,4956,0,0,1,1
652332730,-0.0074004703,0.015473005,-0.07148053,5001,0,0.25100854,6.1168914,7.821978,5001,0,0,1,1
652337730,-0.0048870095,0.015324831,-0.0710273,5000,0,0.21322304,6.1066604,7.8242226,5000,0,0,1,1
652342730,-0.002958231,0.016126456,-0.07074745,5000,0,0.19416486,6.1099453,7.8362045,5000,0,0,1,1
652347730,-0.0014939967,0.015414064,-0.06824576,5000,0,0.18502119,6.0664406,7.8785872,5000,0,0,1,1
652352729,0.0015610126,0.014652645,-0.06379991,4999,0,0.18857583,6.006797,7.8600674,4999,0,0,1,1
652357773,0.0015956692,0.013569058,-0.059945375,5044,0,0.18247014,5.969144,7.835696,5044,0,0,1,1
652362729,0.0012410841,0.012196643,-0.054439858,4956,0,0.14208896,5.952435,7.784151,4956,0,0,1,1
652367729,0.00040218455,0.0104800165,-0.04810561,5000,0,0.094155714,5.9625845,7.731861,5000,0,0,1,1
652372730,0.0015820334,0.009864062,-0.039824948,5001,0,0.0729611,5.974999,7.7163305,5001,0,0,1,1
652377730,0.0027818573,0.0073458715,-0.03430162,5000,0,0.064159,5.9619,7.7105246,5000,0,0,1,1
652382729,0.0041735563,0.005656392,-0.025255162,4999,0,0.06974058,5.902588,7.7380033,4999,0,0,1,1
652387729,0.0039203777,0.00339617,-0.017397804,5000,0,0.094510674,5.8466525,7.714665,5000,0,0,1,1
652392773,0.0032159816,0.0022322536,-0.0072993147,5044,0,0.08737579,5.8252764,7.655025,5044,0,0,1,1
652397729,0.0009942901,-0.0006949088,0.002729281,4956,0,0.06879948,5.8522325,7.6198044,4956,0,0,1,1
652402730,-0.0012263798,-0.002032609,0.0118591115,5001,0,0.060972843,5.8772793,7.633861,5001,0,0,1,1
652407729,-0.001948114,-0.004935647,0.019830618,4999,0,0.061334427,5.897976,7.675964,4999,0,0,1,1
652412729,-0.0011665043,-0.004616363,0.028253507,5000,0,0.066848174,5.9071836,7.704932,5000,0,0,1,1
652417729,-0.0014882715,-0.0063417037,0.036931574,5000,0,0.0997884,5.897029,7.7025495,5000,0,0,1,1
652422729,-0.0024539274,-0.008493014,0.043665115,5000,0,0.13127258,5.8598776,7.7043867,5000,0,0,1,1
652427774,-0.0027401256,-0.009973474,0.05180904,5045,0,0.13439216,5.892558,7.677589,5045,0,0,1,1
652432729,-0.0031078549,-0.010585994,0.057098124,4955,0,0.17531951,5.9161844,7.705234,4955,0,0,1,1
652437730,-0.003649538,-0.011188478,0.061025057,5001,0,0.17914739,5.982875,7.7595644,5001,0,0,1,1
652442729,-0.0040766317,-0.011504757,0.06414422,4999,0,0.18477748,6.0490184,7.8391986,4999,0,0,1,1
652447730,-0.0020739941,-0.011860059,0.06807602,5001,0,0.20160413,6.0876102,7.8497953,5001,0,0,1,1
652452730,-0.0014669442,-0.013035037,0.069501825,5000,0,0.2564074,6.072134,7.845342,5000,0,0,1,1
652457729,0.0009684746,-0.011941035,0.07036583,4999,0,0.27294582,6.0563035,7.838601,4999,0,0,1,1
652462773,0.0022069537,-0.012031197,0.069759704,5044,0,0.28505516,6.0545597,7.844426,5044,0,0,1,1
652467729,0.003925279,-0.011845474,0.06774284,4956,0,0.30342603,6.0876994,7.8726234,4956,0,0,1,1
652472729,0.0043910784,-0.00987799,0.06613544,5000,0,0.31694248,6.1378145,7.882808,5000,0,0,1,1
652477729,0.005685805,-0.007680025,0.061296932,5000,0,0.33000156,6.173625,7.8660107,5000,0,0,1,1
652482729,0.0060834293,-0.006752574,0.054745544,5000,0,0.32294345,6.156437,7.8447146,5000,0,0,1,1
652487730,0.008711799,-0.006480165,0.048347138,5001,0,0.34956035,6.131791,7.802924,5001,0,0,1,1
652492729,0.009772054,-0.004770806,0.041308977,4999,0,0.36079448,6.0811796,7.774017,4999,0,0,1,1
652497773,0.009824382,-0.0024980642,0.034565523,5044,0,0.37467825,6.0726223,7.7465687,5044,0,0,1,1
652502729,0.008369989,-0.0019450195,0.027325448,4956,0,0.3512451,6.086058,7.7618,4956,0,0,1,1
652507729,0.0057782163,0.00017921346,0.016518869,5000,0,0.33504874,6.1172595,7.750237,5000,0,0,1,1
652512730,0.0043952,0.0020565533,0.0070780287,5001,0,0.33031195,6.125734,7.748077,5001,0,0,1,1
652517729,0.0027548235,0.0040174853,-0.0012004016,4999,0,0.32475102,6.118559,7.704074,4999,0,0,1,1
652522730,0.0016293452,0.0058967625,-0.011274261,5001,0,0.32189146,6.069982,7.6977654,5001,0,0,1,1
652527729,0.0009168025,0.005729988,-0.020486884,4999,0,0.31552446,6.0136113,7.6761413,4999,0,0,1,1
652532774,-0.00059413805,0.007359531,-0.02842706,5045,0,0.31700304,6.0053325,7.6820765,5045,0,0,1,1
652537730,-0.0036993471,0.0088095805,-0.036333546,4956,0,0.30436665,6.011737,7.676121,4956,0,0,1,1
652542729,-0.006016235,0.01040824,-0.043781415,4999,0,0.25459304,6.075852,7.69811,4999,0,0,1,1
652547730,-0.008125019,0.012172725,-0.050242413,5001,0,0.21535356,6.0997944,7.706523,5001,0,0,1,1
652552729,-0.008302505,0.011913483,-0.05787239,4999,0,0.24304797,6.099964,7.7136216,4999,0,0,1,1
652557730,-0.007719521,0.011986551,-0.062597565,5001,0,0.22892635,6.05009,7.7440777,5001,0,0,1,1
652562729,-0.007561938,0.0121215405,-0.06634925,4999,0,0.24041098,6.013673,7.7692304,4999,0,0,1,1
652567773,-0.007563453,0.011099801,-0.0695687,5044,0,0.23018566,6.03005,7.8055234,5044,0,0,1,1
652572730,-0.010292755,0.012108095,-0.06994354,4957,0,0.20534228,6.050325,7.823476,4957,0,0,1,1
652577729,-0.0092619,0.011208353,-0.07015358,4999,0,0.18548886,6.0864916,7.818809,4999,0,0,1,1
652582729,-0.007311828,0.011080512,-0.068883345,5000,0,0.15148218,6.08651,7.8147345,5000,0,0,1,1
652587729,-0.0048726746,0.009711857,-0.06817892,5000,0,0.14987355,6.07448,7.8128977,5000,0,0,1,1
652592730,-0.0009613364,0.009212168,-0.06435861,5001,0,0.16863616,6.022415,7.83451,5001,0,0,1,1
652597730,4.6682893e-05,0.008855364,-0.05987626,5000,0,0.19116503,5.9772706,7.856413,5000,0,0,1,1
652602773,0.0006035075,0.0072426824,-0.054100804,5043,0,0.18265659,5.966465,7.8397694,5043,0,0,1,1
652607729,0.00044923276,0.0071438,-0.04666548,4956,0,0.16079292,5.992633,7.8061743,4956,0,0,1,1
652612733,0.0007244923,0.0054960977,-0.039012574,5004,0,0.13261978,6.011277,7.811816,5004,0,0,1,1
652617729,0.0030837597,0.0039629904,-0.030498592,4996,0,0.12810628,6.0061274,7.8010674,4996,0,0,1,1
652622730,0.004500622,0.0022158895,-0.02318266,5001,0,0.14768685,5.980199,7.785674,5001,0,0,1,1
652627729,0.0064225253,0.00065723935,-0.013520054,4999,0,0.15864873,5.9134583,7.8004136,4999,0,0,1,1
652632729,0.0068509164,0.0007783694,-0.004188456,5000,0,0.18086843,5.87153,7.7657714,5000,0,0,1,1
652637776,0.0050961343,-0.0011059921,0.0054800953,5047,0,0.17993176,5.8663635,7.700379,5047,0,0,1,1
652642730,0.004876023,-0.0018070445,0.015041063,4954,0,0.17768891,5.8701043,7.6558146,4954,0,0,1,1
652647729,0.0033896284,-0.0024108877,0.023716003,4999,0,0.15762307,5.9006343,7.665534,4999,0,0,1,1
652652729,0.0037522353,-0.0034239679,0.03303225,5000,0,0.13424762,5.9306493,7.6795063,5000,0,0,1,1
652657730,0.0032232143,-0.0042070136,0.040995993,5001,0,0.1731313,5.9070497,7.711544,5001,0,0,1,1
652662729,0.0033211221,-0.0062072687,0.047589228,4999,0,0.18783739,5.8794518,7.7131267,4999,0,0,1,1
652667729,0.0034107445,-0.006185746,0.05494139,5000,0,0.19665289,5.8778086,7.688798,5000,0,0,1,1
652672773,0.00048288426,-0.00686927,0.059528302,5044,0,0.19525075,5.890719,7.6832533,5044,0,0,1,1
652677730,-0.0010200219,-0.0069994316,0.06454369,4957,0,0.18894513,5.9553914,7.6799707,4957,0,0,1,1
652682729,-0.0023137345,-0.007323919,0.06925727,4999,0,0.19429871,6.0057364,7.721758,4999,0,0,1,1
652687730,-0.0012201864,-0.00781045,0.07062822,5001,0,0.1754609,6.0394773,7.764353,5001,0,0,1,1
652692729,-0.0016515047,-0.0076340996,0.07051894,4999,0,0.20578204,6.0571218,7.7875857,4999,0,0,1,1
652697730,0.0005345924,-0.008271873,0.06850827,5001,0,0.22856298,6.052057,7.77927,5001,0,0,1,1
652702730,0.00072477415,-0.008322561,0.06811734,5000,0,0.23820072,6.025674,7.777492,5000,0,0,1,1
652707773,-0.0009507415,-0.008410146,0.063757315,5043,0,0.24490064,6.063847,7.777796,5043,0,0,1,1
652712730,0.00027245513,-0.0076809023,0.060657963,4957,0,0.24322546,6.1114025,7.815391,4957,0,0,1,1
652717729,0.000656774,-0.0068115955,0.055760868,4999,0,0.24886501,6.168881,7.855167,4999,0,0,1,1
652722730,0.0014898938,-0.006055641,0.048533604,5001,0,0.25111234,6.214192,7.849374,5001,0,0,1,1
652727730,0.0037323271,-0.0056660417,0.040488284,5000,0,0.27067295,6.1950064,7.8711524,5000,0,0,1,1
652732730,0.003544629,-0.005344965,0.03240835,5000,0,0.28942275,6.1461945,7.8430333,5000,0,0,1,1
652737729,0.005470013,-0.004056162,0.023747966,4999,0,0.3135982,6.10695,7.801837,4999,0,0,1,1
652742773,0.0052596834,-0.0038646662,0.01616332,5044,0,0.30610734,6.0983987,7.7808037,5044,0,0,1,1
652747729,0.00473097,-0.002134214,0.007539418,4956,0,0.28928232,6.138134,7.7959733,4956,0,0,1,1
652752729,0.0033116746,-0.00067667867,-0.000828161,5000,0,0.2874813,6.1721044,7.791086,5000,0,0,1,1
652757730,0.0029258877,0.0012122599,-0.011487954,5001,0,0.29319665,6.1710515,7.778824,5001,0,0,1,1
652762729,0.0034097086,0.0021619725,-0.0193089,4999,0,0.29507914,6.1044455,7.7083383,4999,0,0,1,1
652767730,0.0034910422,0.0032315408,-0.02748004,5001,0,0.31612387,6.0527005,7.6917934,5001,0,0,1,1
652772729,0.0021972223,0.00419174,-0.034846596,4999,0,0.33214957,6.0226226,7.677801,4999,0,0,1,1
652777774,0.00075664115,0.0060593733,-0.041896377,5045,0,0.31011245,6.0073953,7.688911,5045,0,0,1,1
652782730,-0.0031731715,0.007171195,-0.046915334,4956,0,0.30624616,6.036196,7.714068,4956,0,0,1,1
652787730,-0.0042050434,0.008339858,-0.05275397,5000,0,0.27990046,6.0485168,7.7084184,5000,0,0,1,1
652792730,-0.006165327,0.009112775,-0.058795784,5000,0,0.2635897,6.059083,7.6871862,5000,0,0,1,1
652797729,-0.007171539,0.009300334,-0.060846474,4999,0,0.27832532,6.0047293,7.69186,4999,0,0,1,1
652802730,-0.0078203445,0.010653802,-0.063875,5001,0,0.305426,5.980644,7.681997,5001,0,0,1,1
652807729,-0.0073470734,0.0111235855,-0.06410579,4999,0,0.28629515,5.9352202,7.708025,4999,0,0,1,1
652812774,-0.008562815,0.0111576,-0.06353987,5045,0,0.27212283,5.958652,7.7329144,5045,0,0,1,1
652817729,-0.009634067,0.012192995,-0.061678223,4955,0,0.25429925,6.008466,7.768494,4955,0,0,1,1
652822729,-0.0113665555,0.011737778,-0.059734702,5000,0,0.22339445,6.042571,7.773917,5000,0,0,1,1
652827729,-0.011677331,0.012527013,-0.055217538,5000,0,0.18816909,6.061119,7.775365,5000,0,0,1,1
652832729,-0.008216835,0.011795565,-0.051526174,5000,0,0.19212334,6.0255823,7.797148,5000,0,0,1,1
652837729,-0.0067935036,0.010905862,-0.04642235,5000,0,0.19590373,5.9839153,7.8332143,5000,0,0,1,1
652842729,-0.0044260197,0.010463708,-0.0402372,5000,0,0.18920384,5.943661,7.828996,5000,0,0,1,1
652847773,-0.0032401315,0.008387244,-0.03360964,5044,0,0.1627199,5.967502,7.8418055,5044,0,0,1,1
652852751,-0.0034536242,0.006918591,-0.025646258,4978,0,0.14686912,6.001964,7.839888,4978,0,0,1,1
652857730,-0.0025211517,0.006851223,-0.018489579,4979,0,0.10342381,6.0291495,7.8095603,4979,0,0,1,1
652862730,-0.0005435918,0.00562788,-0.011950057,5000,0,0.119918734,6.0206065,7.8113513,5000,0,0,1,1
652867729,0.0021095888,0.003703933,-0.0045295903,4999,0,0.10964089,5.987473,7.8194976,4999,0,0,1,1
652872731,0.004594695,0.002832373,0.0039253784,5002,0,0.09776572,5.9386888,7.817283,5002,0,0,1,1
652877730,0.0059711523,0.0011136691,0.011953128,4999,0,0.12645349,5.906152,7.8054924,4999,0,0,1,1
652882776,0.004137148,-0.0017761877,0.020401366,5046,0,0.12367627,5.9237204,7.7806144,5046,0,0,1,1
652887730,0.0036078442,-0.0038017058,0.026904024,4954,0,0.09817919,5.952706,7.714049,4954,0,0,1,1
652892730,0.0033399584,-0.0053208563,0.03469401,5000,0,0.09631576,5.9507685,7.7293644,5000,0,0,1,1
652897730,0.0021008654,-0.005717242,0.040906165,5000,0,0.08545673,5.9602165,7.711742,5000,0,0,1,1
652902730,0.00345591,-0.0063891048,0.044342875,5000,0,0.110026926,5.914984,7.697648,5000,0,0,1,1
652907730,0.0037912363,-0.007834376,0.050122395,5000,0,0.15819415,5.9093347,7.6835165,5000,0,0,1,1
652912730,0.0038624555,-0.009574861,0.054306008,5000,0,0.17139092,5.9007235,7.6797233,5000,0,0,1,1
652917776,0.00054027763,-0.009914803,0.05703161,5046,0,0.1577779,5.919071,7.6574774,5046,0,0,1,1
652922730,-0.0015521194,-0.008953046,0.059157837,4954,0,0.18489395,5.962113,7.666241,4954,0,0,1,1
652927730,-0.0034690576,-0.009752542,0.061087776,5000,0,0.19167094,6.004794,7.693622,5000,0,0,1,1
652932730,-0.003857632,-0.010891429,0.06086403,5000,0,0.20516047,6.034007,7.7385597,5000,0,0,1,1
652937730,-0.002315097,-0.009928694,0.057706565,5000,0,0.24249607,6.0185533,7.7871995,5000,0,0,1,1
652942730,-0.0002488802,-0.009389153,0.0561049,5000,0,0.2733377,6.0157323,7.7765985,5000,0,0,1,1
652947730,-0.0021753013,-0.009797074,0.051820125,5000,0,0.2963215,6.0083003,7.7361674,5000,0,0,1,1
652952777,-0.0034321498,-0.009386722,0.049598187,5047,0,0.2986868,6.0567904,7.746251,5047,0,0,1,1
652957730,-0.0038142505,-0.0084767,0.044681165,4953,0,0.28545088,6.1085668,7.7673883,4953,0,0,1,1
652962730,-0.003678441,-0.006796152,0.03931009,5000,0,0.30180523,6.170672,7.819968,5000,0,0,1,1
652967730,-0.0012753415,-0.0056246864,0.033758108,5000,0,0.3174644,6.1721587,7.833717,5000,0,0,1,1
652972730,0.00022134818,-0.00385921,0.025870465,5000,0,0.33247647,6.1455274,7.8523755,5000,0,0,1,1
652977730,0.0004705671,-0.00291645,0.019979004,5000,0,0.3679557,6.1314626,7.8540473,5000,0,0,1,1
652982730,0.0012723074,-0.0015229711,0.011506293,5000,0,0.36759073,6.118661,7.8205347,5000,0,0,1,1
652987776,0.0001943094,0.0010361254,0.004400977,5046,0,0.3657422,6.109467,7.803746,5046,0,0,1,1
652992730,0.00029386592,0.0013387258,-0.0017539057,4954,0,0.33933437,6.1514435,7.8043103,4954,0,0,1,1
652997730,0.0005907171,0.003380614,-0.01031223,5000,0,0.3323052,6.1649017,7.832031,5000,0,0,1,1
653002730,0.0017566439,0.0052922606,-0.017697087,5000,0,0.32297528,6.1514707,7.8187838,5000,0,0,1,1
653007730,0.003704317,0.006337194,-0.024456806,5000,0,0.3197501,6.0937476,7.772908,5000,0,0,1,1
653012730,0.0027482568,0.007870175,-0.031323798,5000,0,0.3224948,6.0275087,7.74207,5000,0,0,1,1
653017730,0.002974564,0.008156647,-0.03799369,5000,0,0.31988883,6.0148187,7.699785,5000,0,0,1,1
653022776,0.0013938887,0.009339139,-0.041286536,5046,0,0.30594766,6.032321,7.743523,5046,0,0,1,1
653027730,-0.0003647295,0.011428951,-0.046518575,4954,0,0.25631517,6.0482445,7.728032,4954,0,0,1,1
653032730,-0.0020692835,0.011379013,-0.051089488,5000,0,0.24561796,6.045793,7.7276325,5000,0,0,1,1
653037730,-0.0019605898,0.012971842,-0.053627882,5000,0,0.2265763,6.043748,7.722284,5000,0,0,1,1
653042730,-0.0014457082,0.012357756,-0.055577494,5000,0,0.21815208,5.9956975,7.714513,5000,0,0,1,1
653047730,-0.002231772,0.011379873,-0.058223236,5000,0,0.22702172,5.9453645,7.6766043,5000,0,0,1,1
653052730,-0.004117268,0.012059074,-0.05682687,5000,0,0.2064149,5.904562,7.6773057,5000,0,0,1,1
653057776,-0.0052694334,0.011896928,-0.055596806,5046,0,0.18045296,5.9524903,7.7061596,5046,0,0,1,1
653062730,-0.0076938653,0.010226094,-0.053483818,4954,0,0.15581869,5.9915423,7.757171,4954,0,0,1,1
653067730,-0.006264368,0.009971526,-0.052374095,5000,0,0.12925738,6.027454,7.730843,5000,0,0,1,1
653072730,-0.005780813,0.0087078605,-0.048397668,5000,0,0.13383247,6.0138745,7.721117,5000,0,0,1,1
653077730,-0.0047279918,0.009127707,-0.04344363,5000,0,0.117296815,5.987996,7.750363,5000,0,0,1,1
653082730,-0.0046928944,0.0068565845,-0.03780191,5000,0,0.13074096,5.946919,7.76555,5000,0,0,1,1
653087730,-0.0035659391,0.005014885,-0.032410286,5000,0,0.15179336,5.9255385,7.7842093,5000,0,0,1,1
653092777,-0.0035846678,0.0037794686,-0.025727455,5047,0,0.13732028,5.958468,7.8096266,5047,0,0,1,1
653097730,-0.003293451,0.0022801382,-0.01841789,4953,0,0.11738546,6.01386,7.8361387,4953,0,0,1,1
653102730,-0.0020039296,0.0011009073,-0.011236705,5000,0,0.116858326,6.043651,7.8310595,5000,0,0,1,1
653107730,-0.0006680143,-1.6575355e-05,-0.0029035662,5000,0,0.10369683,6.0422444,7.8127728,5000,0,0,1,1
653112730,0.0038852184,-0.0019046409,0.0041143247,5000,0,0.1372188,5.9682317,7.804589,5000,0,0,1,1
653117730,0.006059112,-0.0028731306,0.011421253,5000,0,0.15315515,5.934801,7.8355103,5000,0,0,1,1
653122730,0.0053595807,-0.004843154,0.019319078,5000,0,0.14904937,5.9447,7.821463,5000,0,0,1,1
653127776,0.0058164545,-0.005509613,0.025933333,5046,0,0.17624845,5.962731,7.786026,5046,0,0,1,1
653132730,0.0058033103,-0.00609647,0.03260279,4954,0,0.17982437,5.99942,7.7629585,4954,0,0,1,1
653137730,0.006708534,-0.0063610873,0.03849403,5000,0,0.17645164,6.020818,7.746021,5000,0,0,1,1
653142730,0.007076931,-0.0065828315,0.043564774,5000,0,0.19197105,6.0035663,7.7561197,5000,0,0,1,1
653147730,0.008029569,-0.0074234908,0.048513807,5000,0,0.20091063,5.9686975,7.763799,5000,0,0,1,1
653152730,0.0075929216,-0.0075473282,0.052276555,5000,0,0.24415706,5.9053955,7.7472105,5000,0,0,1,1
653157730,0.007440953,-0.008317674,0.05454193,5000,0,0.23941824,5.9116797,7.7158504,5000,0,0,1,1
653162777,0.005977508,-0.008164204,0.059115514,5047,0,0.24909881,5.9520087,7.6870766,5047,0,0,1,1
653167730,0.004518987,-0.008776575,0.05983609,4953,0,0.23349726,6.0101786,7.666667,4953,0,0,1,1
653172730,0.0032109402,-0.0071014073,0.05936454,5000,0,0.23114727,6.027875,7.6637535,5000,0,0,1,1
653177731,0.0029236348,-0.006707531,0.05693428,5001,0,0.25113872,6.0207844,7.700947,5001,0,0,1,1
653182731,0.003118905,-0.0062515647,0.054627277,5000,0,0.27565157,5.996872,7.744179,5000,0,0,1,1
653187731,0.0016480177,-0.0050645988,0.051083647,5000,0,0.28333414,5.996882,7.736463,5000,0,0,1,1
653192731,9.870399e-06,-0.004829879,0.04764914,5000,0,0.29724932,6.003285,7.7035575,5000,0,0,1,1
653197777,-0.0018062647,-0.005308931,0.042735115,5046,0,0.2968569,6.0418367,7.7257833,5046,0,0,1,1
653202731,-0.0026461752,-0.0030049097,0.03612778,4954,0,0.27172893,6.1002607,7.750708,4954,0,0,1,1
653207731,-0.0018983487,-0.002540008,0.03036332,5000,0,0.27310658,6.144182,7.78914,5000,0,0,1,1
653212731,-0.0026190006,-0.0012548842,0.02376446,5000,0,0.27245182,6.1406593,7.816568,5000,0,0,1,1
653217730,4.4435696e-05,-0.00047177504,0.015556321,4999,0,0.30614236,6.1153474,7.803153,4999,0,0,1,1
653222730,-0.0007505459,0.00022643915,0.0073767626,5000,0,0.2960681,6.107638,7.774887,5000,0,0,1,1
653227730,-0.0010485685,0.0020047037,0.0011783922,5000,0,0.31110382,6.1055355,7.788279,5000,0,0,1,1
653232776,-0.00071430876,0.002649461,-0.006016163,5046,0,0.27303872,6.1434455,7.781487,5046,0,0,1,1
653237731,-0.00023385599,0.0036631632,-0.014443595,4955,0,0.25091177,6.187746,7.811954,4955,0,0,1,1
653242731,-8.4636464e-05,0.003833303,-0.021985732,5000,0,0.24424489,6.197056,7.8559346,5000,0,0,1,1
653247731,-8.995374e-05,0.004724918,-0.029934088,5000,0,0.26150262,6.163833,7.8430877,5000,0,0,1,1
653252730,0.0008328754,0.0059111454,-0.0368445,4999,0,0.2615565,6.134338,7.825359,4999,0,0,1,1
653257730,0.0005032948,0.0071576447,-0.041649617,5000,0,0.27702177,6.0622954,7.772088,5000,0,0,1,1
653262730,0.0020197558,0.00742589,-0.045875236,5000,0,0.27267703,6.0334034,7.7545695,5000,0,0,1,1
653267777,0.0012077396,0.007135578,-0.049624078,5047,0,0.26070076,6.048903,7.7522383,5047,0,0,1,1
653272730,0.0005331995,0.00812614,-0.052922864,4953,0,0.24305882,6.069648,7.7498336,4953,0,0,1,1
653277730,-0.0007581054,0.008433537,-0.05538899,5000,0,0.23949085,6.07324,7.761419,5000,0,0,1,1
653282730,-0.00083343196,0.008773218,-0.056560837,5000,0,0.23167184,6.025634,7.7301927,5000,0,0,1,1
653287730,-0.00040673444,0.008213345,-0.05760617,5000,0,0.23603936,5.9795995,7.709963,5000,0,0,1,1
653292730,-0.0008952443,0.008260831,-0.055524584,5000,0,0.22696137,5.919876,7.67955,5000,0,0,1,1
653297730,-0.002029681,0.008450153,-0.053655922,5000,0,0.23470165,5.906523,7.6719747,5000,0,0,1,1
653302776,-0.00348664,0.008265109,-0.050898295,5046,0,0.2044914,5.937092,7.702089,5046,0,0,1,1
653307730,-0.005239321,0.009151543,-0.046086147,4954,0,0.1986263,5.9754915,7.743418,4954,0,0,1,1
653312730,-0.0065765004,0.007639304,-0.041743547,5000,0,0.18258853,5.989295,7.7536926,5000,0,0,1,1
653317730,-0.0069131195,0.0071435147,-0.037216734,5000,0,0.18085831,5.941252,7.727485,5000,0,0,1,1
653322730,-0.004245724,0.0063093756,-0.030938141,5000,0,0.1812993,5.9139295,7.6980486,5000,0,0,1,1
653327731,-0.0033981043,0.0060534826,-0.025775237,5001,0,0.19685316,5.868957,7.7121196,5001,0,0,1,1
653332730,-0.0040212004,0.005318712,-0.017135158,4999,0,0.17449327,5.8937945,7.755362,4999,0,0,1,1
653337777,-0.00550917,0.0039851214,-0.008624363,5047,0,0.1678176,5.954595,7.78015,5047,0,0,1,1
653342730,-0.006272123,0.00313947,-0.0021280884,4953,0,0.12789339,6.013904,7.7939153,4953,0,0,1,1
653347730,-0.0062510385,0.0024255053,0.0043469947,5000,0,0.123291045,6.0410314,7.800615,5000,0,0,1,1
653352730,-0.0036189184,0.000930173,0.011722375,5000,0,0.13956931,6.0004473,7.8040032,5000,0,0,1,1
653357730,-0.00079182273,-0.0010189415,0.01943277,5000,0,0.152219,5.9766417,7.80892,5000,0,0,1,1
653362730,-0.00011876368,-0.0016438286,0.025118671,5000,0,0.17716953,5.944998,7.8356094,5000,0,0,1,1
653367730,0.0018337641,-0.0026439852,0.031797733,5000,0,0.19113554,5.969254,7.8423343,5000,0,0,1,1
653372777,0.0023154381,-0.0033594058,0.03750623,5047,0,0.14165339,6.0053244,7.828955,5047,0,0,1,1
653377730,0.0027114835,-0.0046876953,0.041899197,4953,0,0.14472304,6.0582237,7.7949734,4953,0,0,1,1
653382730,0.0040581007,-0.00527922,0.045874298,5000,0,0.13201773,6.0674806,7.7663383,5000,0,0,1,1
653387730,0.006052759,-0.006038395,0.04872398,5000,0,0.15184578,6.0326476,7.77388,5000,0,0,1,1
653392730,0.008027312,-0.006583894,0.050787836,5000,0,0.18316631,5.9679737,7.7664247,5000,0,0,1,1
653397730,0.009167138,-0.0074646776,0.05023013,5000,0,0.20150931,5.966036,7.757281,5000,0,0,1,1
653402730,0.0063048378,-0.007166805,0.052743986,5000,0,0.21659094,5.9773145,7.7581244,5000,0,0,1,1
653407777,0.0035064311,-0.0078696245,0.052808154,5047,0,0.20664206,6.0110645,7.722795,5047,0,0,1,1
653412730,0.0027685647,-0.007819869,0.05087149,4953,0,0.19026282,6.031728,7.705245,4953,0,0,1,1
653417730,0.0024890203,-0.008177147,0.048600063,5000,0,0.20538433,6.0340796,7.716,5000,0,0,1,1
653422730,0.0032597578,-0.0083837705,0.04531779,5000,0,0.24337314,6.013584,7.716507,5000,0,0,1,1
653427730,0.0019219742,-0.0073570563,0.04179372,5000,0,0.27030382,5.9953203,7.7209115,5000,0,0,1,1
653432730,0.0012961474,-0.006622953,0.037032034,5000,0,0.2863852,5.980768,7.712995,5000,0,0,1,1
653437730,-0.0015405396,-0.0067192637,0.033766106,5000,0,0.2858611,5.995005,7.681153,5000,0,0,1,1
653442777,-0.004707882,-0.005115501,0.027680041,5047,0,0.29072192,6.0641623,7.7043433,5047,0,0,1,1
653447730,-0.005640675,-0.0038577225,0.02023751,4953,0,0.30418333,6.1036196,7.7122784,4953,0,0,1,1
653452730,-0.004768611,-0.0026911714,0.015302244,5000,0,0.28672874,6.1299143,7.7783704,5000,0,0,1,1
653457730,-0.0041609453,-0.0013582286,0.0077312062,5000,0,0.33002225,6.108925,7.8049765,5000,0,0,1,1
653462730,-0.0024270653,0.00055991515,0.0020962902,5000,0,0.34836355,6.075929,7.815691,5000,0,0,1,1
653467730,-0.0037297767,0.0012208332,-0.005103442,5000,0,0.3622565,6.0624547,7.775589,5000,0,0,1,1
653472730,-0.0037834994,0.002229897,-0.011776858,5000,0,0.3375627,6.089216,7.783127,5000,0,0,1,1
653477777,-0.0037722164,0.003000191,-0.018396838,5047,0,0.3338459,6.123803,7.8053875,5047,0,0,1,1
653482730,-0.0048020803,0.005200754,-0.02296037,4953,0,0.30338708,6.135938,7.822923,4953,0,0,1,1
653487730,-0.0015293778,0.0057558976,-0.028715847,5000,0,0.31908688,6.15823,7.8385262,5000,0,0,1,1
653492740,0.00035065418,0.0065984605,-0.034190696,5010,0,0.3142502,6.109725,7.8459067,5010,0,0,1,1
653497730,0.0015461029,0.0075607602,-0.03922479,4990,0,0.29037708,6.0675764,7.8145003,4990,0,0,1,1
653502730,0.00093538436,0.0073337257,-0.042061966,5000,0,0.3123751,6.0347815,7.774838,5000,0,0,1,1
653507730,-0.00044482053,0.009502372,-0.04552646,5000,0,0.2782159,6.035141,7.75456,5000,0,0,1,1
653512776,-0.0009941242,0.0095454985,-0.04596976,5046,0,0.24976252,6.0698934,7.789989,5046,0,0,1,1
653517730,-0.0018227469,0.011471267,-0.047790017,4954,0,0.21386667,6.0912895,7.818997,4954,0,0,1,1
653522730,-0.0008727794,0.010602831,-0.04863281,5000,0,0.23313136,6.076198,7.7787094,5000,0,0,1,1
653527730,-0.00016119382,0.011498605,-0.049348526,5000,0,0.21750686,6.003032,7.7483087,5000,0,0,1,1
653532730,0.000366193,0.01105158,-0.04755074,5000,0,0.21704982,5.9556336,7.7214956,5000,0,0,1,1
653537730,-6.107282e-05,0.009224151,-0.045942467,5000,0,0.21421488,5.931717,7.714848,5000,0,0,1,1
653542730,-0.00043525093,0.010067008,-0.043091808,5000,0,0.16417724,5.9147606,7.6861277,5000,0,0,1,1
653547777,-0.0015717149,0.008643682,-0.038915858,5047,0,0.17381202,5.9573345,7.7108984,5047,0,0,1,1
653552730,-0.0017260818,0.0082324585,-0.03405459,4953,0,0.13949278,5.980685,7.731726,4953,0,0,1,1
653557730,-0.0013250452,0.0069895284,-0.030288726,5000,0,0.12323113,5.9732084,7.7360673,5000,0,0,1,1
653562730,-0.0007668821,0.005900189,-0.024610158,5000,0,0.12242647,5.9522185,7.7164106,5000,0,0,1,1
653567730,-0.0008835115,0.004679641,-0.019436538,5000,0,0.14458343,5.898498,7.7051773,5000,0,0,1,1
653572730,-0.0010611117,0.004153297,-0.013731653,5000,0,0.1303097,5.869652,7.7191906,5000,0,0,1,1
653577730,-0.0033053125,0.0017697932,-0.0072010187,5000,0,0.13768998,5.8955197,7.7410774,5000,0,0,1,1
653582776,-0.0035991152,0.00019291474,-0.00026739886,5046,0,0.12564471,5.940508,7.7492285,5046,0,0,1,1
653587730,-0.0035145541,-0.0007311337,0.0049957247,4954,0,0.11431658,5.9975996,7.753174,4954,0,0,1,1
653592730,-0.0032339096,-0.0013511212,0.012071645,5000,0,0.12341878,6.017851,7.7523193,5000,0,0,1,1
653597730,-0.0019157545,-0.0035775371,0.017457085,5000,0,0.13975136,5.9741874,7.757248,5000,0,0,1,1
653602730,-0.0004758801,-0.004631772,0.024667945,5000,0,0.15487872,5.9547753,7.783878,5000,0,0,1,1
653607730,0.0014039422,-0.004575445,0.029156957,5000,0,0.1910831,5.9461184,7.7914505,5000,0,0,1,1
653612730,0.00052359205,-0.006099463,0.03338202,5000,0,0.19604366,5.985248,7.809329,5000,0,0,1,1
653617776,-0.00068354775,-0.0067106183,0.037230976,5046,0,0.18797307,6.044393,7.8303385,5046,0,0,1,1
653622730,0.0014509782,-0.00715997,0.04127474,4954,0,0.17907502,6.0885177,7.825313,4954,0,0,1,1
653627730,0.0029223298,-0.007557851,0.044959094,5000,0,0.20488063,6.077346,7.8163795,5000,0,0,1,1
653632730,0.0052869576,-0.008458416,0.046404663,5000,0,0.21059082,6.0447464,7.791021,5000,0,0,1,1
653637730,0.006905541,-0.00774216,0.046263296,5000,0,0.23059236,5.999745,7.819311,5000,0,0,1,1
653642730,0.006907894,-0.00874641,0.04673794,5000,0,0.26028147,5.985891,7.803159,5000,0,0,1,1
653647730,0.0078032417,-0.007888759,0.047231242,5000,0,0.26536277,6.018075,7.7820606,5000,0,0,1,1
653652776,0.006018611,-0.0064950367,0.04667852,5046,0,0.24220316,6.06481,7.7402444,5046,0,0,1,1
653657730,0.005708755,-0.0061142826,0.045342688,4954,0,0.24494137,6.0934467,7.744896,4954,0,0,1,1
653662730,0.006209314,-0.0065771686,0.043124817,5000,0,0.25944287,6.0942063,7.741515,5000,0,0,1,1
653667730,0.006535397,-0.0045119976,0.038091727,5000,0,0.28934592,6.0437346,7.7242317,5000,0,0,1,1
653672730,0.007026363,-0.0041837473,0.03470207,5000,0,0.31954855,6.0049486,7.7578053,5000,0,0,1,1
653677730,0.0037277925,-0.002912903,0.030489042,5000,0,0.31107968,6.001473,7.7239714,5000,0,0,1,1
653682730,0.0020046388,-0.0009561622,0.02554674,5000,0,0.299405,6.016451,7.703862,5000,0,0,1,1
653687776,7.8567165e-05,-0.0012531067,0.020043574,5046,0,0.28890195,6.042914,7.681624,5046,0,0,1,1
653692730,-0.001619643,0.0011382648,0.012996085,4954,0,0.28810737,6.086596,7.701996,4954,0,0,1,1
653697730,-0.002130865,0.00095289305,0.006994322,5000,0,0.29126197,6.055355,7.7321067,5000,0,0,1,1
653702730,-0.002149592,0.0017791786,0.0016262382,5000,0,0.3004088,6.056675,7.7591105,5000,0,0,1,1
653707730,-0.0023715147,0.003123484,-0.0048177103,5000,0,0.29638147,6.0428243,7.748931,5000,0,0,1,1
653712730,-0.0039386284,0.0038447008,-0.011555869,5000,0,0.2958459,6.0468473,7.7304363,5000,0,0,1,1
653717730,-0.0061589684,0.0058306307,-0.01609345,5000,0,0.26103532,6.093932,7.77015,5000,0,0,1,1
653722776,-0.005766051,0.0060504735,-0.02295955,5046,0,0.25374946,6.1033196,7.7760053,5046,0,0,1,1
653727730,-0.006387026,0.0072126,-0.028846279,4954,0,0.23309651,6.1416774,7.8032546,4954,0,0,1,1
653732730,-0.0045499024,0.007416445,-0.03515174,5000,0,0.25277057,6.154526,7.8418417,5000,0,0,1,1
653737730,-0.003969996,0.008039972,-0.038651552,5000,0,0.2526548,6.1099615,7.8237085,5000,0,0,1,1
653742730,-0.0017981683,0.007718464,-0.042460095,5000,0,0.25459647,6.062161,7.8138537,5000,0,0,1,1
653747730,-0.0012678955,0.0075019766,-0.04683727,5000,0,0.24906215,6.0538125,7.781671,5000,0,0,1,1
653752730,-0.0017686265,0.0076341173,-0.04685899,5000,0,0.2310629,6.051858,7.769105,5000,0,0,1,1
653757776,-0.0009763814,0.007604251,-0.048052303,5046,0,0.21488556,6.0961695,7.8016195,5046,0,0,1,1
653762730,-0.0013310849,0.007823165,-0.048449147,4954,0,0.1734747,6.10589,7.8248925,4954,0,0,1,1
653767730,0.00020048763,0.008521802,-0.04768884,5000,0,0.18959595,6.0720463,7.8202753,5000,0,0,1,1
653772730,0.001438954,0.007621944,-0.047123663,5000,0,0.19303466,6.012307,7.770379,5000,0,0,1,1
653777730,0.0013558523,0.0072057866,-0.04465933,5000,0,0.20613116,5.974837,7.737022,5000,0,0,1,1
653782730,0.0009854642,0.0056391656,-0.041075617,5000,0,0.21004362,5.9271545,7.733942,5000,0,0,1,1
653787730,0.00024058786,0.005544917,-0.035170272,5000,0,0.1895015,5.942427,7.7390366,5000,0,0,1,1
653792777,-0.0014983772,0.0048999228,-0.031918257,5047,0,0.18157275,5.9718323,7.730515,5047,0,0,1,1
653797730,-0.0014249242,0.004160981,-0.027259653,4953,0,0.14200293,6.0007205,7.7624063,4953,0,0,1,1
653802730,0.00014308505,0.0028751395,-0.020580009,5000,0,0.16637936,5.9545317,7.726802,5000,0,0,1,1
653807730,0.0005972076,0.0020688616,-0.015671808,5000,0,0.17280416,5.929688,7.6682186,5000,0,0,1,1
653812730,0.00019941415,0.0021874846,-0.009918898,5000,0,0.18309128,5.885875,7.671616,5000,0,0,1,1
653817730,0.00047162984,0.00092477404,-0.003058957,5000,0,0.18912928,5.888193,7.6986647,5000,0,0,1,1
653822730,-0.0012450028,0.0010721432,0.004053764,5000,0,0.16777554,5.9255548,7.72884,5000,0,0,1,1
653827777,-0.0029523685,-4.1923384e-05,0.010703139,5047,0,0.15715268,5.960737,7.7379284,5047,0,0,1,1
653832730,-0.0041194702,-0.0010354953,0.016430594,4953,0,0.16439435,5.9922647,7.7682443,4953,0,0,1,1
653837730,-0.0031280268,-0.0015240185,0.022713775,5000,0,0.15860891,5.9877787,7.737389,5000,0,0,1,1
653842730,-0.0013148542,-0.002342055,0.027885117,5000,0,0.17179374,5.9605465,7.7375593,5000,0,0,1,1
653847730,-0.0011009804,-0.002555323,0.03307306,5000,0,0.1953752,5.94033,7.7712045,5000,0,0,1,1
653852730,-0.0012366589,-0.0049924385,0.03658339,5000,0,0.20846345,5.941517,7.7689357,5000,0,0,1,1
653857730,-0.0017424683,-0.0047789495,0.04097677,5000,0,0.20132037,6.006079,7.805761,5000,0,0,1,1
653862776,-0.0022255392,-0.0040596207,0.043860674,5046,0,0.17340447,6.061535,7.803192,5046,0,0,1,1
653867730,-0.00076808454,-0.004940485,0.04629772,4954,0,0.15814282,6.1020994,7.7914777,4954,0,0,1,1
653872730,0.0010594262,-0.006318991,0.04734228,5000,0,0.19336545,6.0796185,7.7924156,5000,0,0,1,1
