timestamp,timestamp_sample,q[0],q[1],q[2],q[3],delta_q_reset[0],delta_q_reset[1],delta_q_reset[2],delta_q_reset[3],quat_reset_counter
630566454,630566189,0.71247375,0.005975603,-0.00022418363,0.7016733,0.7085878,5.3527116e-10,-1.791907e-10,0.7056227,1
630571513,630571216,0.71249276,0.0059673507,-0.00022258566,0.70165414,0.7085878,5.3527116e-10,-1.791907e-10,0.7056227,1
630576442,630576187,0.71251667,0.005963679,-0.00024227382,0.7016298,0.7085878,5.3527116e-10,-1.791907e-10,0.7056227,1
630581453,630581189,0.7125225,0.005958153,-0.00025581464,0.701624,0.7085878,5.3527116e-10,-1.791907e-10,0.7056227,1
630586508,630586213,0.71249694,0.005954226,-0.00026564908,0.7016499,0.7085878,5.3527116e-10,-1.791907e-10,0.7056227,1
630591441,630591188,0.7124467,0.0059618647,-0.00025166984,0.7017009,0.7085878,5.3527116e-10,-1.791907e-10,0.7056227,1
630596449,630596187,0.71237344,0.005972409,-0.0002449301,0.7017752,0.7085878,5.3527116e-10,-1.791907e-10,0.7056227,1
630601509,630601215,0.71228755,0.0059587955,-0.0002371292,0.7018625,0.7085878,5.3527116e-10,-1.791907e-10,0.7056227,1
630606457,630606187,0.71222425,0.005950213,-0.00024061605,0.7019268,0.7085878,5.3527116e-10,-1.791907e-10,0.7056227,1
630611460,630611194,0.71221864,0.0059422837,-0.00024275691,0.70193255,0.7085878,5.3527116e-10,-1.791907e-10,0.7056227,1
630616472,630616212,0.7122664,0.0059397896,-0.00024915455,0.70188415,0.7085878,5.3527116e-10,-1.791907e-10,0.7056227,1
630621453,630621188,0.7123181,0.0059547587,-0.000247582,0.70183146,0.7085878,5.3527116e-10,-1.791907e-10,0.7056227,1
630626445,630626188,0.7123697,0.005963273,-0.00025110107,0.70177907,0.7085878,5.3527116e-10,-1.791907e-10,0.7056227,1
630631500,630631212,0.7124149,0.005960022,-0.00025812542,0.70173323,0.7085878,5.3527116e-10,-1.791907e-10,0.7056227,1
630636451,630636189,0.7124615,0.005957365,-0.00025560192,0.70168597,0.7085878,5.3527116e-10,-1.791907e-10,0.7056227,1
630641452,630641190,0.7125176,0.0059479703,-0.00024910475,0.701629,0.7085878,5.3527116e-10,-1.791907e-10,0.7056227,1
630646496,630646211,0.712574,0.0059496714,-0.00025772888,0.7015717,0.7085878,5.3527116e-10,-1.791907e-10,0.7056227,1
630651452,630651189,0.71263456,0.005957688,-0.00026324647,0.70151013,0.7085878,5.3527116e-10,-1.791907e-10,0.7056227,1
630656439,630656187,0.7126668,0.00596531,-0.00026122955,0.7014773,0.7085878,5.3527116e-10,-1.791907e-10,0.7056227,1
630661499,630661213,0.7126839,0.005978619,-0.00025316435,0.70145977,0.7085878,5.3527116e-10,-1.791907e-10,0.7056227,1
630666462,630666189,0.7126756,0.0059846533,-0.0002477,0.7014683,0.7085878,5.3527116e-10,-1.791907e-10,0.7056227,1
630671450,630671188,0.71264285,0.0059770187,-0.00023278099,0.7015016,0.7085878,5.3527116e-10,-1.791907e-10,0.7056227,1
630676466,630676212,0.7125967,0.005960709,-0.00024355722,0.70154864,0.7085878,5.3527116e-10,-1.791907e-10,0.7056227,1
630681455,630681189,0.7125477,0.0059544533,-0.00025318653,0.70159847,0.7085878,5.3527116e-10,-1.791907e-10,0.7056227,1
630686448,630686187,0.7125019,0.005948895,-0.000263276,0.7016451,0.7085878,5.3527116e-10,-1.791907e-10,0.7056227,1
630691475,630691213,0.71245825,0.0059484085,-0.00026159055,0.70168936,0.7085878,5.3527116e-10,-1.791907e-10,0.7056227,1
630696457,630696190,0.7124233,0.0059504495,-0.00026905583,0.70172477,0.7085878,5.3527116e-10,-1.791907e-10,0.7056227,1
630701455,630701188,0.7124017,0.005950142,-0.000263226,0.70174676,0.7085878,5.3527116e-10,-1.791907e-10,0.7056227,1
630706507,630706212,0.7123924,0.005937289,-0.0002549361,0.70175624,0.7085878,5.3527116e-10,-1.791907e-10,0.7056227,1
630711465,630711191,0.7123929,0.005925785,-0.00025234508,0.7017558,0.7085878,5.3527116e-10,-1.791907e-10,0.7056227,1
630716446,630716187,0.71240807,0.0059363656,-0.00026518793,0.7017403,0.7085878,5.3527116e-10,-1.791907e-10,0.7056227,1
630721498,630721213,0.7124248,0.005942747,-0.00026925572,0.7017232,0.7085878,5.3527116e-10,-1.791907e-10,0.7056227,1
630726458,630726188,0.7124439,0.005957303,-0.00025644907,0.7017037,0.7085878,5.3527116e-10,-1.791907e-10,0.7056227,1
630731456,630731188,0.71247256,0.005960965,-0.0002456263,0.7016747,0.7085878,5.3527116e-10,-1.791907e-10,0.7056227,1
630736499,630736213,0.7124956,0.0059701004,-0.00022957119,0.70165116,0.7085878,5.3527116e-10,-1.791907e-10,0.7056227,1
630741451,630741190,0.7125139,0.005974125,-0.00021657626,0.7016325,0.7085878,5.3527116e-10,-1.791907e-10,0.7056227,1
630746452,630746188,0.71252847,0.0059736823,-0.00022465558,0.70161784,0.7085878,5.3527116e-10,-1.791907e-10,0.7056227,1
630751476,630751213,0.7125317,0.005974336,-0.00023860023,0.70161456,0.7085878,5.3527116e-10,-1.791907e-10,0.7056227,1
630756444,630756188,0.71253455,0.0059678024,-0.00024520903,0.70161164,0.7085878,5.3527116e-10,-1.791907e-10,0.7056227,1
630761450,630761187,0.71253,0.005971296,-0.00024876124,0.7016162,0.7085878,5.3527116e-10,-1.791907e-10,0.7056227,1
630766497,630766212,0.7125197,0.0059628086,-0.0002424616,0.7016267,0.7085878,5.3527116e-10,-1.791907e-10,0.7056227,1
630771473,630771190,0.7125055,0.0059505817,-0.00024270127,0.7016412,0.7085878,5.3527116e-10,-1.791907e-10,0.7056227,1
630776440,630776187,0.7124837,0.0059397276,-0.00025367877,0.7016635,0.7085878,5.3527116e-10,-1.791907e-10,0.7056227,1
630781496,630781213,0.7124593,0.0059352433,-0.00027122168,0.7016883,0.7085878,5.3527116e-10,-1.791907e-10,0.7056227,1
630786450,630786188,0.7124411,0.0059261955,-0.0002844726,0.70170695,0.7085878,5.3527116e-10,-1.791907e-10,0.7056227,1
630791446,630791188,0.71242446,0.005919553,-0.00028452318,0.7017238,0.7085878,5.3527116e-10,-1.791907e-10,0.7056227,1
630796508,630796213,0.7124105,0.0059217,-0.00027283936,0.701738,0.7085878,5.3527116e-10,-1.791907e-10,0.7056227,1
630801460,630801191,0.71240467,0.0059277574,-0.00025893742,0.70174384,0.7085878,5.3527116e-10,-1.791907e-10,0.7056227,1
630806457,630806187,0.712409,0.0059444127,-0.00024651384,0.7017393,0.7085878,5.3527116e-10,-1.791907e-10,0.7056227,1
630811504,630811217,0.71242374,0.0059491466,-0.0002474759,0.70172435,0.7085878,5.3527116e-10,-1.791907e-10,0.7056227,1
630816447,630816187,0.712445,0.005957604,-0.00024763244,0.70170265,0.7085878,5.3527116e-10,-1.791907e-10,0.7056227,1
630821444,630821188,0.7124626,0.005966095,-0.00024388009,0.7016847,0.7085878,5.3527116e-10,-1.791907e-10,0.7056227,1
630826470,630826213,0.71248794,0.005965232,-0.00023471427,0.701659,0.7085878,5.3527116e-10,-1.791907e-10,0.7056227,1
630831455,630831188,0.71251327,0.0059666843,-0.00022519293,0.7016333,0.7085878,5.3527116e-10,-1.791907e-10,0.7056227,1
630836458,630836188,0.71253246,0.005973125,-0.00022367504,0.7016137,0.7085878,5.3527116e-10,-1.791907e-10,0.7056227,1
630841504,630841219,0.7125405,0.005979721,-0.00022283505,0.7016055,0.7085878,5.3527116e-10,-1.791907e-10,0.7056227,1
630846448,630846188,0.71253777,0.005977795,-0.00023000788,0.70160836,0.7085878,5.3527116e-10,-1.791907e-10,0.7056227,1
630851452,630851188,0.7125313,0.005963516,-0.00023525897,0.701615,0.7085878,5.3527116e-10,-1.791907e-10,0.7056227,1
630856509,630856213,0.71251386,0.0059468583,-0.00024725843,0.70163286,0.7085878,5.3527116e-10,-1.791907e-10,0.7056227,1
630861453,630861188,0.7124964,0.005938942,-0.0002503855,0.7016507,0.7085878,5.3527116e-10,-1.791907e-10,0.7056227,1
630866451,630866188,0.71247774,0.0059310887,-0.00025475112,0.7016697,0.7085878,5.3527116e-10,-1.791907e-10,0.7056227,1
630871511,630871220,0.7124544,0.0059327376,-0.00026841465,0.7016934,0.7085878,5.3527116e-10,-1.791907e-10,0.7056227,1
630876438,630876187,0.71243757,0.0059317746,-0.0002727678,0.7017105,0.7085878,5.3527116e-10,-1.791907e-10,0.7056227,1
630881450,630881188,0.71242183,0.005928528,-0.00027755136,0.70172644,0.7085878,5.3527116e-10,-1.791907e-10,0.7056227,1
630886496,630886213,0.71241224,0.0059336964,-0.00027506796,0.70173615,0.7085878,5.3527116e-10,-1.791907e-10,0.7056227,1
630891443,630891188,0.71241176,0.005924131,-0.0002752744,0.70173675,0.7085878,5.3527116e-10,-1.791907e-10,0.7056227,1
630896451,630896188,0.7124196,0.005925282,-0.00026653594,0.70172876,0.7085878,5.3527116e-10,-1.791907e-10,0.7056227,1
630901530,630901218,0.7124369,0.005937903,-0.00026464835,0.70171106,0.7085878,5.3527116e-10,-1.791907e-10,0.7056227,1
630906457,630906188,0.7124701,0.005963729,-0.0002510982,0.70167714,0.7085878,5.3527116e-10,-1.791907e-10,0.7056227,1
630911465,630911190,0.7125011,0.005972292,-0.00025563472,0.7016456,0.7085878,5.3527116e-10,-1.791907e-10,0.7056227,1
630916495,630916211,0.7125264,0.005968651,-0.00024609282,0.7016199,0.7085878,5.3527116e-10,-1.791907e-10,0.7056227,1
630921445,630921188,0.7125427,0.0059664673,-0.00024161363,0.70160335,0.7085878,5.3527116e-10,-1.791907e-10,0.7056227,1
630926450,630926188,0.71255183,0.005961227,-0.00024555172,0.7015942,0.7085878,5.3527116e-10,-1.791907e-10,0.7056227,1
630931474,630931212,0.71254754,0.005960904,-0.000248705,0.7015985,0.7085878,5.3527116e-10,-1.791907e-10,0.7056227,1
630936450,630936188,0.7125311,0.0059693996,-0.0002498095,0.7016151,0.7085878,5.3527116e-10,-1.791907e-10,0.7056227,1
630941447,630941190,0.7125058,0.0059749475,-0.00024913598,0.7016408,0.7085878,5.3527116e-10,-1.791907e-10,0.7056227,1
630946472,630946211,0.71247536,0.00596509,-0.00025305536,0.7016718,0.7085878,5.3527116e-10,-1.791907e-10,0.7056227,1
630951452,630951188,0.7124467,0.005960923,-0.00025700757,0.7017009,0.7085878,5.3527116e-10,-1.791907e-10,0.7056227,1
630956446,630956189,0.71242577,0.005949519,-0.0002666312,0.7017223,0.7085878,5.3527116e-10,-1.791907e-10,0.7056227,1
630961501,630961213,0.7124116,0.0059361313,-0.00028129946,0.7017368,0.7085878,5.3527116e-10,-1.791907e-10,0.7056227,1
630966451,630966188,0.7124048,0.0059345877,-0.00029421333,0.70174366,0.7085878,5.3527116e-10,-1.791907e-10,0.7056227,1
630971455,630971191,0.7124053,0.005929722,-0.00029962696,0.7017431,0.7085878,5.3527116e-10,-1.791907e-10,0.7056227,1
630976474,630976212,0.7124129,0.0059368927,-0.00029107835,0.7017355,0.7085878,5.3527116e-10,-1.791907e-10,0.7056227,1
630981453,630981188,0.7124318,0.0059379097,-0.00027775124,0.7017163,0.7085878,5.3527116e-10,-1.791907e-10,0.7056227,1
630986454,630986188,0.7124541,0.005931564,-0.00027897945,0.7016937,0.7085878,5.3527116e-10,-1.791907e-10,0.7056227,1
630991468,630991212,0.71247774,0.005939369,-0.0002819536,0.70166963,0.7085878,5.3527116e-10,-1.791907e-10,0.7056227,1
630996456,630996189,0.71250004,0.005944443,-0.00028614147,0.7016469,0.7085878,5.3527116e-10,-1.791907e-10,0.7056227,1
631001466,631001190,0.71252066,0.00595478,-0.0002819668,0.7016259,0.7085878,5.3527116e-10,-1.791907e-10,0.7056227,1
631006510,631006211,0.7125337,0.00596799,-0.00026923386,0.7016125,0.7085878,5.3527116e-10,-1.791907e-10,0.7056227,1
631011451,631011188,0.7125329,0.005972392,-0.00025836227,0.70161325,0.7085878,5.3527116e-10,-1.791907e-10,0.7056227,1
631016454,631016188,0.7125231,0.005973733,-0.00024590257,0.70162314,0.7085878,5.3527116e-10,-1.791907e-10,0.7056227,1
631021475,631021212,0.71250874,0.0059761982,-0.00024164731,0.70163774,0.7085878,5.3527116e-10,-1.791907e-10,0.7056227,1
631026448,631026188,0.7124924,0.005980195,-0.00024385637,0.7016544,0.7085878,5.3527116e-10,-1.791907e-10,0.7056227,1
631031464,631031188,0.71247554,0.0059797843,-0.00026090242,0.7016715,0.7085878,5.3527116e-10,-1.791907e-10,0.7056227,1
631036473,631036212,0.7124586,0.0059781177,-0.00027397444,0.70168865,0.7085878,5.3527116e-10,-1.791907e-10,0.7056227,1
631041442,631041188,0.71244204,0.0059727794,-0.0002696843,0.7017055,0.7085878,5.3527116e-10,-1.791907e-10,0.7056227,1
631046456,631046188,0.71242726,0.00596162,-0.00025804222,0.70172065,0.7085878,5.3527116e-10,-1.791907e-10,0.7056227,1
631051498,631051212,0.71242183,0.005959775,-0.00025486475,0.7017262,0.7085878,5.3527116e-10,-1.791907e-10,0.7056227,1
631056441,631056188,0.7124238,0.0059577553,-0.00026773324,0.70172423,0.7085878,5.3527116e-10,-1.791907e-10,0.7056227,1
631061463,631061190,0.7124315,0.005963438,-0.00029394616,0.70171636,0.7085878,5.3527116e-10,-1.791907e-10,0.7056227,1
631066472,631066211,0.71244305,0.0059609376,-0.00031108817,0.70170456,0.7085878,5.3527116e-10,-1.791907e-10,0.7056227,1
631071445,631071188,0.7124576,0.005967531,-0.0003062143,0.7016897,0.7085878,5.3527116e-10,-1.791907e-10,0.7056227,1
631076456,631076188,0.71247697,0.0059575834,-0.000280082,0.70167017,0.7085878,5.3527116e-10,-1.791907e-10,0.7056227,1
631081501,631081213,0.7124953,0.0059548784,-0.00026239656,0.7016515,0.7085878,5.3527116e-10,-1.791907e-10,0.7056227,1
631086448,631086188,0.7125093,0.0059475363,-0.00026411915,0.70163745,0.7085878,5.3527116e-10,-1.791907e-10,0.7056227,1
631091450,631091190,0.71251774,0.0059653805,-0.00028187383,0.7016288,0.7085878,5.3527116e-10,-1.791907e-10,0.7056227,1
631096472,631096211,0.71252006,0.005981457,-0.0002902278,0.70162624,0.7085878,5.3527116e-10,-1.791907e-10,0.7056227,1
631101450,631101188,0.71251845,0.005990369,-0.00029313614,0.7016278,0.7085878,5.3527116e-10,-1.791907e-10,0.7056227,1
631106457,631106188,0.7125185,0.005978791,-0.00026960362,0.70162785,0.7085878,5.3527116e-10,-1.791907e-10,0.7056227,1
631111500,631111213,0.71250916,0.0059673507,-0.0002545024,0.70163745,0.7085878,5.3527116e-10,-1.791907e-10,0.7056227,1
631116450,631116187,0.7124964,0.0059633013,-0.00024393163,0.70165044,0.7085878,5.3527116e-10,-1.791907e-10,0.7056227,1
631121447,631121191,0.7124799,0.00597993,-0.00026295395,0.701667,0.7085878,5.3527116e-10,-1.791907e-10,0.7056227,1
631126473,631126211,0.7124627,0.0059957574,-0.000277517,0.7016843,0.7085878,5.3527116e-10,-1.791907e-10,0.7056227,1
631131453,631131190,0.7124457,0.0059910603,-0.00028720117,0.7017017,0.7085878,5.3527116e-10,-1.791907e-10,0.7056227,1
631136456,631136188,0.71243846,0.0059717055,-0.00027491245,0.7017092,0.7085878,5.3527116e-10,-1.791907e-10,0.7056227,1
631141472,631141212,0.71243095,0.005950814,-0.00026588963,0.701717,0.7085878,5.3527116e-10,-1.791907e-10,0.7056227,1
631146455,631146188,0.7124329,0.005948911,-0.00026347788,0.70171505,0.7085878,5.3527116e-10,-1.791907e-10,0.7056227,1
631151453,631151189,0.7124323,0.0059610335,-0.00028165666,0.7017155,0.7085878,5.3527116e-10,-1.791907e-10,0.7056227,1
631156464,631156211,0.7124396,0.005981123,-0.00029657176,0.701708,0.7085878,5.3527116e-10,-1.791907e-10,0.7056227,1
631161467,631161188,0.7124493,0.005986338,-0.0002946759,0.7016981,0.7085878,5.3527116e-10,-1.791907e-10,0.7056227,1
631166449,631166188,0.7124696,0.00596412,-0.00028152645,0.7016777,0.7085878,5.3527116e-10,-1.791907e-10,0.7056227,1
631171495,631171212,0.7124874,0.0059422613,-0.00026843278,0.70165974,0.7085878,5.3527116e-10,-1.791907e-10,0.7056227,1
631176451,631176188,0.7125036,0.0059347455,-0.00027352473,0.70164335,0.7085878,5.3527116e-10,-1.791907e-10,0.7056227,1
631181456,631181188,0.71251774,0.005953464,-0.00028883293,0.70162886,0.7085878,5.3527116e-10,-1.791907e-10,0.7056227,1
631186499,631186212,0.7125244,0.0059773475,-0.00028736392,0.7016219,0.7085878,5.3527116e-10,-1.791907e-10,0.7056227,1
631191442,631191188,0.7125241,0.0059880028,-0.00028708696,0.70162207,0.7085878,5.3527116e-10,-1.791907e-10,0.7056227,1
631196446,631196187,0.71252227,0.0059731216,-0.00027320386,0.70162404,0.7085878,5.3527116e-10,-1.791907e-10,0.7056227,1
631201475,631201213,0.7125077,0.0059424955,-0.00027752944,0.70163906,0.7085878,5.3527116e-10,-1.791907e-10,0.7056227,1
631206454,631206187,0.71249133,0.0059393146,-0.00028263486,0.70165575,0.7085878,5.3527116e-10,-1.791907e-10,0.7056227,1
631211454,631211188,0.7124679,0.0059551885,-0.0002871005,0.7016794,0.7085878,5.3527116e-10,-1.791907e-10,0.7056227,1
631216501,631216212,0.71244675,0.0059857015,-0.0002788147,0.7017006,0.7085878,5.3527116e-10,-1.791907e-10,0.7056227,1
631221445,631221188,0.71243507,0.0059911027,-0.00027583964,0.7017124,0.7085878,5.3527116e-10,-1.791907e-10,0.7056227,1
631226450,631226188,0.7124194,0.0059671397,-0.00028023013,0.7017286,0.7085878,5.3527116e-10,-1.791907e-10,0.7056227,1
631231506,631231219,0.71241283,0.005946194,-0.0002838648,0.7017354,0.7085878,5.3527116e-10,-1.791907e-10,0.7056227,1
631236440,631236187,0.7124077,0.0059377705,-0.00028369718,0.70174074,0.7085878,5.3527116e-10,-1.791907e-10,0.7056227,1
631241446,631241190,0.71241444,0.005960902,-0.00027968828,0.7017337,0.7085878,5.3527116e-10,-1.791907e-10,0.7056227,1
631246496,631246212,0.71243054,0.0059723235,-0.00028734864,0.7017173,0.7085878,5.3527116e-10,-1.791907e-10,0.7056227,1
631251449,631251188,0.7124522,0.005967226,-0.00029995065,0.7016953,0.7085878,5.3527116e-10,-1.791907e-10,0.7056227,1
631256442,631256188,0.71247035,0.005959273,-0.00030390781,0.7016769,0.7085878,5.3527116e-10,-1.791907e-10,0.7056227,1
631261516,631261221,0.7124892,0.005964845,-0.00028192805,0.7016577,0.7085878,5.3527116e-10,-1.791907e-10,0.7056227,1
631266447,631266187,0.71250594,0.0059811906,-0.00025905212,0.7016406,0.7085878,5.3527116e-10,-1.791907e-10,0.7056227,1
631271449,631271191,0.7125146,0.005976618,-0.0002612748,0.70163184,0.7085878,5.3527116e-10,-1.791907e-10,0.7056227,1
631276498,631276214,0.7125192,0.005972652,-0.00029566442,0.7016272,0.7085878,5.3527116e-10,-1.791907e-10,0.7056227,1
631281450,631281188,0.71251327,0.0059620994,-0.00031221166,0.70163333,0.7085878,5.3527116e-10,-1.791907e-10,0.7056227,1
631286447,631286188,0.7125011,0.0059756995,-0.00029120833,0.7016455,0.7085878,5.3527116e-10,-1.791907e-10,0.7056227,1
631291500,631291212,0.7124831,0.0059905043,-0.00025319387,0.7016637,0.7085878,5.3527116e-10,-1.791907e-10,0.7056227,1
631296451,631296189,0.7124645,0.0059839417,-0.0002572967,0.7016826,0.7085878,5.3527116e-10,-1.791907e-10,0.7056227,1
631301458,631301190,0.7124513,0.0059663216,-0.00028542257,0.7016962,0.7085878,5.3527116e-10,-1.791907e-10,0.7056227,1
631306507,631306212,0.7124378,0.005954131,-0.0003052124,0.7017099,0.7085878,5.3527116e-10,-1.791907e-10,0.7056227,1
631311458,631311193,0.7124257,0.0059650633,-0.00029658433,0.70172215,0.7085878,5.3527116e-10,-1.791907e-10,0.7056227,1
631316448,631316187,0.7124201,0.005978219,-0.00027090887,0.7017278,0.7085878,5.3527116e-10,-1.791907e-10,0.7056227,1
631321505,631321216,0.71242356,0.0059751915,-0.0002628181,0.7017243,0.7085878,5.3527116e-10,-1.791907e-10,0.7056227,1
631326454,631326188,0.7124321,0.0059748054,-0.00027785287,0.70171565,0.7085878,5.3527116e-10,-1.791907e-10,0.7056227,1
631331450,631331188,0.71244156,0.005959701,-0.00030393558,0.7017062,0.7085878,5.3527116e-10,-1.791907e-10,0.7056227,1
631336474,631336212,0.71245545,0.0059769265,-0.00028828185,0.7016919,0.7085878,5.3527116e-10,-1.791907e-10,0.7056227,1
631341495,631341212,0.71246856,0.005989787,-0.00025958856,0.70167845,0.7085878,5.3527116e-10,-1.791907e-10,0.7056227,1
631346448,631346188,0.71248186,0.005983171,-0.0002574625,0.701665,0.7085878,5.3527116e-10,-1.791907e-10,0.7056227,1
631351501,631351216,0.71249557,0.005973645,-0.00027986907,0.70165116,0.7085878,5.3527116e-10,-1.791907e-10,0.7056227,1
631356441,631356187,0.71250415,0.005958473,-0.00029979445,0.7016426,0.7085878,5.3527116e-10,-1.791907e-10,0.7056227,1
631361470,631361190,0.7125117,0.00598053,-0.00028465487,0.7016347,0.7085878,5.3527116e-10,-1.791907e-10,0.7056227,1
631366498,631366211,0.7125063,0.0059831175,-0.0002693532,0.70164025,0.7085878,5.3527116e-10,-1.791907e-10,0.7056227,1
631371447,631371190,0.71249837,0.0059793126,-0.00025482604,0.7016483,0.7085878,5.3527116e-10,-1.791907e-10,0.7056227,1
631376451,631376187,0.7124901,0.0059678657,-0.00027678243,0.70165676,0.7085878,5.3527116e-10,-1.791907e-10,0.7056227,1
631381474,631381212,0.7124784,0.0059496122,-0.00030361107,0.7016688,0.7085878,5.3527116e-10,-1.791907e-10,0.7056227,1
631386445,631386189,0.71246874,0.0059764823,-0.00029784624,0.70167845,0.7085878,5.3527116e-10,-1.791907e-10,0.7056227,1
631391442,631391188,0.71245766,0.005994537,-0.0002628041,0.70168954,0.7085878,5.3527116e-10,-1.791907e-10,0.7056227,1
631396501,631396212,0.71244615,0.005998813,-0.0002455824,0.70170116,0.7085878,5.3527116e-10,-1.791907e-10,0.7056227,1
631401460,631401190,0.712436,0.0059742643,-0.00027325336,0.7017117,0.7085878,5.3527116e-10,-1.791907e-10,0.7056227,1
631406464,631406188,0.7124289,0.005952497,-0.00030472287,0.701719,0.7085878,5.3527116e-10,-1.791907e-10,0.7056227,1
631411489,631411217,0.71242994,0.0059668245,-0.00030352038,0.70171785,0.7085878,5.3527116e-10,-1.791907e-10,0.7056227,1
631416444,631416187,0.7124325,0.0059868135,-0.0002831217,0.70171505,0.7085878,5.3527116e-10,-1.791907e-10,0.7056227,1
631421450,631421188,0.71243906,0.005996856,-0.00026537562,0.7017083,0.7085878,5.3527116e-10,-1.791907e-10,0.7056227,1
631426506,631426213,0.7124491,0.0059693134,-0.0002731177,0.7016985,0.7085878,5.3527116e-10,-1.791907e-10,0.7056227,1
631431449,631431188,0.7124575,0.005951222,-0.00029224818,0.70169014,0.7085878,5.3527116e-10,-1.791907e-10,0.7056227,1
631436442,631436188,0.71247214,0.005970288,-0.0002936124,0.701675,0.7085878,5.3527116e-10,-1.791907e-10,0.7056227,1
631441502,631441217,0.7124854,0.005991734,-0.00027763008,0.70166135,0.7085878,5.3527116e-10,-1.791907e-10,0.7056227,1
631446446,631446187,0.7124975,0.005989293,-0.0002673241,0.70164907,0.7085878,5.3527116e-10,-1.791907e-10,0.7056227,1
631451456,631451192,0.7125048,0.005969661,-0.00028507176,0.7016418,0.7085878,5.3527116e-10,-1.791907e-10,0.7056227,1
631456467,631456213,0.7125078,0.0059509985,-0.000302695,0.701639,0.7085878,5.3527116e-10,-1.791907e-10,0.7056227,1
631461451,631461188,0.7125081,0.00596343,-0.0002958649,0.70163864,0.7085878,5.3527116e-10,-1.791907e-10,0.7056227,1
631466454,631466188,0.71249986,0.00597297,-0.00027975813,0.70164686,0.7085878,5.3527116e-10,-1.791907e-10,0.7056227,1
631471505,631471217,0.7124952,0.0059794346,-0.00026448598,0.7016516,0.7085878,5.3527116e-10,-1.791907e-10,0.7056227,1
631476445,631476187,0.7124809,0.005958483,-0.00028193422,0.7016662,0.7085878,5.3527116e-10,-1.791907e-10,0.7056227,1
631481450,631481189,0.7124659,0.0059231734,-0.0003143561,0.7016817,0.7085878,5.3527116e-10,-1.791907e-10,0.7056227,1
631486472,631486212,0.7124574,0.0059366645,-0.00031525065,0.70169014,0.7085878,5.3527116e-10,-1.791907e-10,0.7056227,1
631491442,631491188,0.7124483,0.005957383,-0.00029331207,0.7016993,0.7085878,5.3527116e-10,-1.791907e-10,0.7056227,1
631496460,631496188,0.71244776,0.0059801093,-0.00027821268,0.7016996,0.7085878,5.3527116e-10,-1.791907e-10,0.7056227,1
631501500,631501213,0.7124431,0.0059652785,-0.0002809391,0.70170456,0.7085878,5.3527116e-10,-1.791907e-10,0.7056227,1
631506460,631506188,0.7124459,0.0059443535,-0.00029890347,0.7017019,0.7085878,5.3527116e-10,-1.791907e-10,0.7056227,1
631511450,631511188,0.7124504,0.0059462707,-0.0003075185,0.7016973,0.7085878,5.3527116e-10,-1.791907e-10,0.7056227,1
631516469,631516211,0.71245736,0.0059573757,-0.0002998965,0.70169014,0.7085878,5.3527116e-10,-1.791907e-10,0.7056227,1
631521434,631521188,0.7124733,0.005985723,-0.00028770266,0.7016737,0.7085878,5.3527116e-10,-1.791907e-10,0.7056227,1
631526445,631526188,0.7124816,0.0059720585,-0.00028739587,0.7016654,0.7085878,5.3527116e-10,-1.791907e-10,0.7056227,1
631531495,631531210,0.71249,0.0059529147,-0.0003048274,0.70165694,0.7085878,5.3527116e-10,-1.791907e-10,0.7056227,1
631536425,631536186,0.71248996,0.005949909,-0.00030886187,0.701657,0.7085878,5.3527116e-10,-1.791907e-10,0.7056227,1
631541443,631541188,0.71248955,0.005961489,-0.00029215048,0.7016574,0.7085878,5.3527116e-10,-1.791907e-10,0.7056227,1
631546463,631546211,0.7124875,0.0059776106,-0.00028296662,0.7016593,0.7085878,5.3527116e-10,-1.791907e-10,0.7056227,1
631551442,631551187,0.71248645,0.0059733475,-0.00029649338,0.70166045,0.7085878,5.3527116e-10,-1.791907e-10,0.7056227,1
631556434,631556188,0.7124777,0.005960008,-0.000313802,0.70166945,0.7085878,5.3527116e-10,-1.791907e-10,0.7056227,1
631561470,631561211,0.7124669,0.005947723,-0.0003170226,0.70168054,0.7085878,5.3527116e-10,-1.791907e-10,0.7056227,1
631566433,631566186,0.71245885,0.0059555024,-0.0003019995,0.70168865,0.7085878,5.3527116e-10,-1.791907e-10,0.7056227,1
631571438,631571188,0.71245295,0.0059653237,-0.0002851753,0.70169455,0.7085878,5.3527116e-10,-1.791907e-10,0.7056227,1
631576469,631576211,0.7124519,0.0059496616,-0.00029828888,0.7016958,0.7085878,5.3527116e-10,-1.791907e-10,0.7056227,1
631581447,631581188,0.7124499,0.005941868,-0.0003177219,0.70169777,0.7085878,5.3527116e-10,-1.791907e-10,0.7056227,1
631586431,631586187,0.71245116,0.0059337644,-0.00031867012,0.7016965,0.7085878,5.3527116e-10,-1.791907e-10,0.7056227,1
631591464,631591210,0.71244776,0.00593876,-0.0003096748,0.70170003,0.7085878,5.3527116e-10,-1.791907e-10,0.7056227,1
631596443,631596187,0.71245515,0.0059570763,-0.0002920006,0.70169234,0.7085878,5.3527116e-10,-1.791907e-10,0.7056227,1
631601447,631601187,0.71246576,0.0059738406,-0.00028250515,0.7016814,0.7085878,5.3527116e-10,-1.791907e-10,0.7056227,1
631606475,631606211,0.7124711,0.0059718136,-0.00028580803,0.70167595,0.7085878,5.3527116e-10,-1.791907e-10,0.7056227,1
631611470,631611208,0.7124736,0.0059593585,-0.00029508688,0.7016737,0.7085878,5.3527116e-10,-1.791907e-10,0.7056227,1
631616439,631616187,0.7124692,0.0059617525,-0.0002881358,0.7016781,0.7085878,5.3527116e-10,-1.791907e-10,0.7056227,1
631621459,631621211,0.7124717,0.0059646703,-0.00027696489,0.7016755,0.7085878,5.3527116e-10,-1.791907e-10,0.7056227,1
631626438,631626187,0.71246815,0.005959187,-0.00028451413,0.70167917,0.7085878,5.3527116e-10,-1.791907e-10,0.7056227,1
631631442,631631188,0.7124667,0.005965766,-0.00029785166,0.70168054,0.7085878,5.3527116e-10,-1.791907e-10,0.7056227,1
631636471,631636211,0.7124614,0.005956313,-0.00030129286,0.70168597,0.7085878,5.3527116e-10,-1.791907e-10,0.7056227,1
631641438,631641187,0.71245617,0.0059610116,-0.00029026318,0.70169127,0.7085878,5.3527116e-10,-1.791907e-10,0.7056227,1
631646440,631646188,0.71245265,0.005970271,-0.00027501202,0.7016947,0.7085878,5.3527116e-10,-1.791907e-10,0.7056227,1
631651472,631651213,0.71245193,0.005953578,-0.00028352256,0.7016956,0.7085878,5.3527116e-10,-1.791907e-10,0.7056227,1
631656434,631656187,0.71245456,0.005950207,-0.00031119597,0.70169294,0.7085878,5.3527116e-10,-1.791907e-10,0.7056227,1
631661441,631661188,0.71245694,0.0059477985,-0.00031411592,0.70169055,0.7085878,5.3527116e-10,-1.791907e-10,0.7056227,1
631666464,631666211,0.7124551,0.0059417756,-0.0003069899,0.7016925,0.7085878,5.3527116e-10,-1.791907e-10,0.7056227,1
631671435,631671188,0.71245754,0.0059460658,-0.00028175703,0.7016901,0.7085878,5.3527116e-10,-1.791907e-10,0.7056227,1
631676445,631676187,0.71246016,0.0059400485,-0.0002745735,0.70168746,0.7085878,5.3527116e-10,-1.791907e-10,0.7056227,1
631681472,631681211,0.7124612,0.0059363274,-0.00029183523,0.70168644,0.7085878,5.3527116e-10,-1.791907e-10,0.7056227,1
631686426,631686186,0.7124644,0.005935447,-0.00030235958,0.70168316,0.7085878,5.3527116e-10,-1.791907e-10,0.7056227,1
631691443,631691188,0.7124664,0.0059472295,-0.00029167865,0.70168096,0.7085878,5.3527116e-10,-1.791907e-10,0.7056227,1
631696468,631696214,0.71246976,0.005956387,-0.00026498648,0.70167756,0.7085878,5.3527116e-10,-1.791907e-10,0.7056227,1
631701442,631701188,0.7124669,0.00595035,-0.0002672511,0.7016805,0.7085878,5.3527116e-10,-1.791907e-10,0.7056227,1
631706446,631706188,0.71247053,0.0059575927,-0.0002807029,0.7016767,0.7085878,5.3527116e-10,-1.791907e-10,0.7056227,1
631711466,631711211,0.71247125,0.0059486097,-0.00029510143,0.70167613,0.7085878,5.3527116e-10,-1.791907e-10,0.7056227,1
631716438,631716187,0.7124688,0.005959915,-0.00028267223,0.7016785,0.7085878,5.3527116e-10,-1.791907e-10,0.7056227,1
631721439,631721188,0.71246505,0.005958286,-0.00026298373,0.70168227,0.7085878,5.3527116e-10,-1.791907e-10,0.7056227,1
631726474,631726211,0.71245956,0.005928653,-0.0002769134,0.7016882,0.7085878,5.3527116e-10,-1.791907e-10,0.7056227,1
631731440,631731187,0.7124602,0.0059160762,-0.0003103502,0.7016875,0.7085878,5.3527116e-10,-1.791907e-10,0.7056227,1
631736434,631736187,0.7124586,0.0059256526,-0.00031988174,0.7016891,0.7085878,5.3527116e-10,-1.791907e-10,0.7056227,1
631741474,631741212,0.71245676,0.0059577846,-0.00029973435,0.7016907,0.7085878,5.3527116e-10,-1.791907e-10,0.7056227,1
631746434,631746186,0.71244884,0.005957536,-0.000284105,0.7016987,0.7085878,5.3527116e-10,-1.791907e-10,0.7056227,1
631751433,631751187,0.7124453,0.005933722,-0.0002845045,0.70170254,0.7085878,5.3527116e-10,-1.791907e-10,0.7056227,1
631756457,631756211,0.7124453,0.005912015,-0.0003083494,0.7017027,0.7085878,5.3527116e-10,-1.791907e-10,0.7056227,1
631761444,631761187,0.71244395,0.005895385,-0.00032464004,0.7017042,0.7085878,5.3527116e-10,-1.791907e-10,0.7056227,1
631766446,631766188,0.71244997,0.0059281653,-0.0003129032,0.7016978,0.7085878,5.3527116e-10,-1.791907e-10,0.7056227,1
631771464,631771212,0.7124557,0.0059449896,-0.00028140497,0.70169187,0.7085878,5.3527116e-10,-1.791907e-10,0.7056227,1
631776441,631776187,0.71245956,0.0059249145,-0.0002796717,0.7016881,0.7085878,5.3527116e-10,-1.791907e-10,0.7056227,1
631781441,631781188,0.71246505,0.0059064766,-0.0003001032,0.70168275,0.7085878,5.3527116e-10,-1.791907e-10,0.7056227,1
631786471,631786213,0.7124716,0.005906645,-0.0003044366,0.7016761,0.7085878,5.3527116e-10,-1.791907e-10,0.7056227,1
631791442,631791188,0.71247643,0.005939689,-0.0003016632,0.7016709,0.7085878,5.3527116e-10,-1.791907e-10,0.7056227,1
631796441,631796188,0.7124777,0.0059603928,-0.00027845215,0.70166945,0.7085878,5.3527116e-10,-1.791907e-10,0.7056227,1
631801474,631801212,0.7124773,0.0059557855,-0.00027236668,0.7016699,0.7085878,5.3527116e-10,-1.791907e-10,0.7056227,1
631806444,631806187,0.7124718,0.0059287213,-0.00029157358,0.7016758,0.7085878,5.3527116e-10,-1.791907e-10,0.7056227,1
631811441,631811188,0.7124623,0.0059248973,-0.0003073088,0.7016853,0.7085878,5.3527116e-10,-1.791907e-10,0.7056227,1
631816463,631816211,0.71245414,0.0059483736,-0.0002943338,0.7016935,0.7085878,5.3527116e-10,-1.791907e-10,0.7056227,1
631821434,631821188,0.71244776,0.0059688212,-0.0002770262,0.7016998,0.7085878,5.3527116e-10,-1.791907e-10,0.7056227,1
631826445,631826188,0.71243584,0.0059487643,-0.0002853121,0.7017121,0.7085878,5.3527116e-10,-1.791907e-10,0.7056227,1
631831471,631831212,0.71243054,0.0059261727,-0.00030463384,0.7017176,0.7085878,5.3527116e-10,-1.791907e-10,0.7056227,1
631836430,631836187,0.7124289,0.0059157065,-0.00031493144,0.7017193,0.7085878,5.3527116e-10,-1.791907e-10,0.7056227,1
631841441,631841188,0.71243125,0.0059397593,-0.00030690405,0.7017167,0.7085878,5.3527116e-10,-1.791907e-10,0.7056227,1
631846471,631846211,0.7124388,0.0059745307,-0.0002892339,0.70170885,0.7085878,5.3527116e-10,-1.791907e-10,0.7056227,1
631851436,631851187,0.7124435,0.005956437,-0.0002877114,0.7017042,0.7085878,5.3527116e-10,-1.791907e-10,0.7056227,1
631856434,631856187,0.7124511,0.0059156492,-0.00030771378,0.70169675,0.7085878,5.3527116e-10,-1.791907e-10,0.7056227,1
631861495,631861211,0.71245706,0.0058851186,-0.00031737628,0.701691,0.7085878,5.3527116e-10,-1.791907e-10,0.7056227,1
631866436,631866187,0.71246713,0.0059090946,-0.00030253184,0.7016806,0.7085878,5.3527116e-10,-1.791907e-10,0.7056227,1
631871433,631871188,0.7124745,0.005930809,-0.00028574848,0.7016729,0.7085878,5.3527116e-10,-1.791907e-10,0.7056227,1
631876463,631876211,0.7124759,0.0059428825,-0.00028076395,0.7016715,0.7085878,5.3527116e-10,-1.791907e-10,0.7056227,1
631881440,631881188,0.7124765,0.0059306542,-0.00029413725,0.70167094,0.7085878,5.3527116e-10,-1.791907e-10,0.7056227,1
631886432,631886188,0.7124746,0.005906093,-0.00030295222,0.70167303,0.7085878,5.3527116e-10,-1.791907e-10,0.7056227,1
631891468,631891212,0.7124707,0.005932067,-0.00029619923,0.7016768,0.7085878,5.3527116e-10,-1.791907e-10,0.7056227,1
631896465,631896187,0.71246654,0.0059523685,-0.00027708185,0.70168084,0.7085878,5.3527116e-10,-1.791907e-10,0.7056227,1
631901435,631901188,0.71246696,0.0059656454,-0.00028472036,0.70168036,0.7085878,5.3527116e-10,-1.791907e-10,0.7056227,1
631906474,631906210,0.7124611,0.0059483103,-0.00030249875,0.7016864,0.7085878,5.3527116e-10,-1.791907e-10,0.7056227,1
631911447,631911188,0.71245575,0.00592114,-0.000317813,0.70169204,0.7085878,5.3527116e-10,-1.791907e-10,0.7056227,1
631916450,631916187,0.71244836,0.0059237173,-0.00031043327,0.7016995,0.7085878,5.3527116e-10,-1.791907e-10,0.7056227,1
631921462,631921211,0.712443,0.00594465,-0.00028788816,0.7017048,0.7085878,5.3527116e-10,-1.791907e-10,0.7056227,1
631926436,631926187,0.7124425,0.0059695086,-0.00027572777,0.7017051,0.7085878,5.3527116e-10,-1.791907e-10,0.7056227,1
631931440,631931188,0.7124424,0.0059561287,-0.00030152072,0.70170534,0.7085878,5.3527116e-10,-1.791907e-10,0.7056227,1
631936464,631936211,0.7124467,0.0059406715,-0.00032121487,0.7017011,0.7085878,5.3527116e-10,-1.791907e-10,0.7056227,1
631941440,631941187,0.71245325,0.0059422823,-0.00030746518,0.7016944,0.7085878,5.3527116e-10,-1.791907e-10,0.7056227,1
631946445,631946188,0.7124574,0.0059487596,-0.0002972639,0.70169014,0.7085878,5.3527116e-10,-1.791907e-10,0.7056227,1
631951494,631951212,0.7124616,0.005967613,-0.0002762641,0.7016857,0.7085878,5.3527116e-10,-1.791907e-10,0.7056227,1
631956428,631956187,0.7124663,0.0059453826,-0.00029200802,0.70168114,0.7085878,5.3527116e-10,-1.791907e-10,0.7056227,1
631961441,631961188,0.71246827,0.0059116213,-0.00031036697,0.70167935,0.7085878,5.3527116e-10,-1.791907e-10,0.7056227,1
631966464,631966211,0.7124731,0.005912709,-0.00031163078,0.7016745,0.7085878,5.3527116e-10,-1.791907e-10,0.7056227,1
631971434,631971188,0.71247333,0.005928739,-0.00029211925,0.70167416,0.7085878,5.3527116e-10,-1.791907e-10,0.7056227,1
631976440,631976188,0.7124773,0.0059547448,-0.000278936,0.7016699,0.7085878,5.3527116e-10,-1.791907e-10,0.7056227,1
631981466,631981211,0.71248233,0.005950517,-0.00028867534,0.70166487,0.7085878,5.3527116e-10,-1.791907e-10,0.7056227,1
631986427,631986187,0.71248156,0.005939493,-0.00030804286,0.7016657,0.7085878,5.3527116e-10,-1.791907e-10,0.7056227,1
631991443,631991188,0.71247476,0.005923861,-0.0003198786,0.70167273,0.7085878,5.3527116e-10,-1.791907e-10,0.7056227,1
631996471,631996211,0.7124704,0.00593316,-0.00029267778,0.701677,0.7085878,5.3527116e-10,-1.791907e-10,0.7056227,1
632001433,632001188,0.7124664,0.0059443573,-0.00027876126,0.70168096,0.7085878,5.3527116e-10,-1.791907e-10,0.7056227,1
632006454,632006188,0.71246195,0.0059384317,-0.00029663078,0.70168555,0.7085878,5.3527116e-10,-1.791907e-10,0.7056227,1
632011468,632011211,0.712459,0.005945115,-0.00031403935,0.70168847,0.7085878,5.3527116e-10,-1.791907e-10,0.7056227,1
632016438,632016187,0.71245116,0.0059413686,-0.0003162334,0.70169646,0.7085878,5.3527116e-10,-1.791907e-10,0.7056227,1
632021434,632021188,0.71244806,0.0059476886,-0.000291914,0.7016997,0.7085878,5.3527116e-10,-1.791907e-10,0.7056227,1
632026526,632026212,0.7124452,0.0059627974,-0.00027608112,0.7017025,0.7085878,5.3527116e-10,-1.791907e-10,0.7056227,1
632031438,632031187,0.7124468,0.005956635,-0.0002845116,0.7017008,0.7085878,5.3527116e-10,-1.791907e-10,0.7056227,1
632036432,632036188,0.7124499,0.0059459517,-0.0003145451,0.7016978,0.7085878,5.3527116e-10,-1.791907e-10,0.7056227,1
632041466,632041211,0.7124556,0.0059392126,-0.00031623786,0.70169204,0.7085878,5.3527116e-10,-1.791907e-10,0.7056227,1
632046437,632046187,0.7124604,0.005932427,-0.0003021334,0.70168716,0.7085878,5.3527116e-10,-1.791907e-10,0.7056227,1
632051434,632051188,0.71246433,0.0059466157,-0.0002780841,0.70168316,0.7085878,5.3527116e-10,-1.791907e-10,0.7056227,1
632056472,632056211,0.7124703,0.005942986,-0.00027093303,0.70167714,0.7085878,5.3527116e-10,-1.791907e-10,0.7056227,1
632061444,632061188,0.7124731,0.0059352233,-0.0002986605,0.70167434,0.7085878,5.3527116e-10,-1.791907e-10,0.7056227,1
632066449,632066188,0.7124765,0.0059379563,-0.00030880896,0.7016709,0.7085878,5.3527116e-10,-1.791907e-10,0.7056227,1
632071462,632071212,0.71247596,0.005927886,-0.00029572131,0.70167154,0.7085878,5.3527116e-10,-1.791907e-10,0.7056227,1
632076437,632076187,0.71247244,0.0059374166,-0.00027540757,0.70167494,0.7085878,5.3527116e-10,-1.791907e-10,0.7056227,1
632081441,632081188,0.71247053,0.005928955,-0.00027860125,0.70167696,0.7085878,5.3527116e-10,-1.791907e-10,0.7056227,1
632086456,632086211,0.71247226,0.0059286174,-0.00029517518,0.7016752,0.7085878,5.3527116e-10,-1.791907e-10,0.7056227,1
632091439,632091187,0.712466,0.005936644,-0.0003050671,0.7016815,0.7085878,5.3527116e-10,-1.791907e-10,0.7056227,1
632096443,632096187,0.712463,0.005945295,-0.00028378604,0.7016845,0.7085878,5.3527116e-10,-1.791907e-10,0.7056227,1
632101471,632101214,0.71246076,0.005952579,-0.0002713677,0.70168674,0.7085878,5.3527116e-10,-1.791907e-10,0.7056227,1
632106453,632106187,0.7124559,0.005931507,-0.000283058,0.70169175,0.7085878,5.3527116e-10,-1.791907e-10,0.7056227,1
632111447,632111188,0.7124592,0.005935588,-0.00029957577,0.7016884,0.7085878,5.3527116e-10,-1.791907e-10,0.7056227,1
632116468,632116211,0.71245825,0.005942797,-0.0003163727,0.70168936,0.7085878,5.3527116e-10,-1.791907e-10,0.7056227,1
632121434,632121188,0.7124648,0.0059645725,-0.0002930466,0.70168245,0.7085878,5.3527116e-10,-1.791907e-10,0.7056227,1
632126440,632126188,0.71246636,0.005961278,-0.00027740278,0.7016809,0.7085878,5.3527116e-10,-1.791907e-10,0.7056227,1
632131464,632131211,0.7124631,0.0059444513,-0.00029130062,0.7016845,0.7085878,5.3527116e-10,-1.791907e-10,0.7056227,1
632136434,632136187,0.7124672,0.005935101,-0.00030487406,0.7016803,0.7085878,5.3527116e-10,-1.791907e-10,0.7056227,1
632141447,632141188,0.71247077,0.005925314,-0.00032151205,0.7016767,0.7085878,5.3527116e-10,-1.791907e-10,0.7056227,1
632146470,632146211,0.7124735,0.005944401,-0.00030349707,0.7016738,0.7085878,5.3527116e-10,-1.791907e-10,0.7056227,1
632151432,632151187,0.71247727,0.0059492933,-0.0002788141,0.70166993,0.7085878,5.3527116e-10,-1.791907e-10,0.7056227,1
632156500,632156188,0.7124799,0.005935839,-0.00027103326,0.7016675,0.7085878,5.3527116e-10,-1.791907e-10,0.7056227,1
632161473,632161211,0.7124809,0.0059235888,-0.00028722727,0.7016665,0.7085878,5.3527116e-10,-1.791907e-10,0.7056227,1
632166437,632166187,0.71248454,0.0059186914,-0.000296145,0.70166284,0.7085878,5.3527116e-10,-1.791907e-10,0.7056227,1
632171433,632171188,0.7124824,0.0059328005,-0.00028740033,0.70166487,0.7085878,5.3527116e-10,-1.791907e-10,0.7056227,1
632176470,632176211,0.7124825,0.005938804,-0.0002763162,0.7016647,0.7085878,5.3527116e-10,-1.791907e-10,0.7056227,1
632181440,632181188,0.71248317,0.0059216483,-0.00027956214,0.70166427,0.7085878,5.3527116e-10,-1.791907e-10,0.7056227,1
632186432,632186188,0.7124777,0.005908007,-0.00029338096,0.7016699,0.7085878,5.3527116e-10,-1.791907e-10,0.7056227,1
632191470,632191213,0.71247673,0.0059281723,-0.00029088004,0.70167065,0.7085878,5.3527116e-10,-1.791907e-10,0.7056227,1
632196434,632196187,0.71247387,0.0059542432,-0.00026710378,0.7016733,0.7085878,5.3527116e-10,-1.791907e-10,0.7056227,1
632201433,632201187,0.7124705,0.0059596333,-0.0002645077,0.7016767,0.7085878,5.3527116e-10,-1.791907e-10,0.7056227,1
632206495,632206211,0.7124657,0.0059414003,-0.000280123,0.7016818,0.7085878,5.3527116e-10,-1.791907e-10,0.7056227,1
632211441,632211188,0.71246666,0.0059283418,-0.00029638564,0.70168096,0.7085878,5.3527116e-10,-1.791907e-10,0.7056227,1
632216446,632216188,0.7124632,0.0059345537,-0.00030668572,0.70168436,0.7085878,5.3527116e-10,-1.791907e-10,0.7056227,1
632221458,632221211,0.7124622,0.0059617283,-0.00028749518,0.7016852,0.7085878,5.3527116e-10,-1.791907e-10,0.7056227,1
632226442,632226187,0.712465,0.0059820046,-0.00027537765,0.7016822,0.7085878,5.3527116e-10,-1.791907e-10,0.7056227,1
632231447,632231188,0.7124689,0.0059545073,-0.00027508184,0.70167845,0.7085878,5.3527116e-10,-1.791907e-10,0.7056227,1
632236461,632236211,0.71247077,0.0059300675,-0.0002932641,0.7016768,0.7085878,5.3527116e-10,-1.791907e-10,0.7056227,1
632241438,632241187,0.7124731,0.005916818,-0.00029394994,0.70167446,0.7085878,5.3527116e-10,-1.791907e-10,0.7056227,1
632246439,632246187,0.71247673,0.005931782,-0.00028280812,0.70167065,0.7085878,5.3527116e-10,-1.791907e-10,0.7056227,1
632251468,632251213,0.71247613,0.0059527787,-0.0002741585,0.70167106,0.7085878,5.3527116e-10,-1.791907e-10,0.7056227,1
632256434,632256187,0.7124838,0.0059398427,-0.00027515733,0.7016634,0.7085878,5.3527116e-10,-1.791907e-10,0.7056227,1
632261448,632261187,0.712487,0.0059278854,-0.00028489056,0.7016603,0.7085878,5.3527116e-10,-1.791907e-10,0.7056227,1
632266467,632266211,0.71248204,0.005916799,-0.00028967625,0.70166546,0.7085878,5.3527116e-10,-1.791907e-10,0.7056227,1
632271432,632271188,0.7124796,0.0059353383,-0.00027178111,0.7016677,0.7085878,5.3527116e-10,-1.791907e-10,0.7056227,1
632276440,632276187,0.712473,0.0059403386,-0.00025524964,0.7016744,0.7085878,5.3527116e-10,-1.791907e-10,0.7056227,1
632281465,632281211,0.71247196,0.005918586,-0.00027948138,0.70167565,0.7085878,5.3527116e-10,-1.791907e-10,0.7056227,1
632286438,632286187,0.71247166,0.005915679,-0.00029276076,0.70167595,0.7085878,5.3527116e-10,-1.791907e-10,0.7056227,1
632291445,632291188,0.71247077,0.005910692,-0.00028628678,0.70167696,0.7085878,5.3527116e-10,-1.791907e-10,0.7056227,1
632296494,632296212,0.7124653,0.0059341462,-0.0002659136,0.7016823,0.7085878,5.3527116e-10,-1.791907e-10,0.7056227,1
632301436,632301187,0.71246535,0.005954487,-0.00024773588,0.7016821,0.7085878,5.3527116e-10,-1.791907e-10,0.7056227,1
632306456,632306188,0.7124676,0.0059547448,-0.0002567677,0.70167977,0.7085878,5.3527116e-10,-1.791907e-10,0.7056227,1
632311466,632311212,0.71246934,0.00593957,-0.0002764629,0.7016781,0.7085878,5.3527116e-10,-1.791907e-10,0.7056227,1
632316427,632316187,0.71246797,0.005934264,-0.000294822,0.7016795,0.7085878,5.3527116e-10,-1.791907e-10,0.7056227,1
632321434,632321188,0.7124684,0.0059564095,-0.0002646609,0.70167893,0.7085878,5.3527116e-10,-1.791907e-10,0.7056227,1
632326470,632326211,0.71246713,0.005964441,-0.000252488,0.7016802,0.7085878,5.3527116e-10,-1.791907e-10,0.7056227,1
632331441,632331188,0.712468,0.0059577334,-0.00026173293,0.70167935,0.7085878,5.3527116e-10,-1.791907e-10,0.7056227,1
632336433,632336188,0.71247125,0.0059392774,-0.00028278568,0.70167625,0.7085878,5.3527116e-10,-1.791907e-10,0.7056227,1
632341468,632341211,0.7124692,0.005920531,-0.00028908867,0.7016784,0.7085878,5.3527116e-10,-1.791907e-10,0.7056227,1
632346435,632346187,0.71246845,0.0059222747,-0.00027389236,0.70167917,0.7085878,5.3527116e-10,-1.791907e-10,0.7056227,1
632351433,632351187,0.712469,0.0059352345,-0.00025373095,0.7016786,0.7085878,5.3527116e-10,-1.791907e-10,0.7056227,1
632356469,632356211,0.7124693,0.005937767,-0.00025301636,0.70167816,0.7085878,5.3527116e-10,-1.791907e-10,0.7056227,1
632361439,632361188,0.7124761,0.0059208144,-0.000278481,0.7016715,0.7085878,5.3527116e-10,-1.791907e-10,0.7056227,1
632366439,632366188,0.71248007,0.0059202365,-0.00028422356,0.7016674,0.7085878,5.3527116e-10,-1.791907e-10,0.7056227,1
632371456,632371212,0.7124781,0.005927563,-0.00026062084,0.7016693,0.7085878,5.3527116e-10,-1.791907e-10,0.7056227,1
632376436,632376187,0.7124746,0.005930009,-0.00024053057,0.7016729,0.7085878,5.3527116e-10,-1.791907e-10,0.7056227,1
632381441,632381188,0.7124726,0.0059205196,-0.00024159417,0.701675,0.7085878,5.3527116e-10,-1.791907e-10,0.7056227,1
632386457,632386211,0.71247584,0.005913766,-0.00026921698,0.7016718,0.7085878,5.3527116e-10,-1.791907e-10,0.7056227,1
632391445,632391188,0.71248,0.0059106206,-0.0002800318,0.70166755,0.7085878,5.3527116e-10,-1.791907e-10,0.7056227,1
632396445,632396187,0.7124724,0.0059298323,-0.00027372414,0.7016751,0.7085878,5.3527116e-10,-1.791907e-10,0.7056227,1
632401473,632401211,0.7124694,0.005955623,-0.00023746568,0.701678,0.7085878,5.3527116e-10,-1.791907e-10,0.7056227,1
632406451,632406187,0.71246344,0.0059491764,-0.00023582227,0.701684,0.7085878,5.3527116e-10,-1.791907e-10,0.7056227,1
632411441,632411188,0.7124615,0.0059345514,-0.00026722898,0.70168614,0.7085878,5.3527116e-10,-1.791907e-10,0.7056227,1
632416467,632416206,0.7124633,0.0059342883,-0.00028317244,0.70168424,0.7085878,5.3527116e-10,-1.791907e-10,0.7056227,1
632421432,632421188,0.7124625,0.0059477463,-0.0002800735,0.70168495,0.7085878,5.3527116e-10,-1.791907e-10,0.7056227,1
632426439,632426188,0.7124601,0.0059582395,-0.00025961525,0.70168734,0.7085878,5.3527116e-10,-1.791907e-10,0.7056227,1
632431467,632431212,0.7124572,0.0059584826,-0.00025002085,0.7016903,0.7085878,5.3527116e-10,-1.791907e-10,0.7056227,1
632436430,632436187,0.7124609,0.005940779,-0.00026643695,0.70168674,0.7085878,5.3527116e-10,-1.791907e-10,0.7056227,1
632441447,632441188,0.71246254,0.0059212847,-0.0002827054,0.70168525,0.7085878,5.3527116e-10,-1.791907e-10,0.7056227,1
632446469,632446211,0.7124691,0.0059458567,-0.0002761185,0.7016783,0.7085878,5.3527116e-10,-1.791907e-10,0.7056227,1
632451434,632451188,0.71247214,0.0059545645,-0.00024959372,0.7016751,0.7085878,5.3527116e-10,-1.791907e-10,0.7056227,1
632456440,632456188,0.7124757,0.0059447447,-0.00024324238,0.70167154,0.7085878,5.3527116e-10,-1.791907e-10,0.7056227,1
632461500,632461220,0.7124808,0.0059303534,-0.00026632892,0.7016666,0.7085878,5.3527116e-10,-1.791907e-10,0.7056227,1
632466426,632466186,0.7124835,0.005917371,-0.0002822456,0.701664,0.7085878,5.3527116e-10,-1.791907e-10,0.7056227,1
632471441,632471188,0.7124857,0.005930205,-0.0002701201,0.70166165,0.7085878,5.3527116e-10,-1.791907e-10,0.7056227,1
632476467,632476211,0.7124828,0.00594038,-0.00024153631,0.7016644,0.7085878,5.3527116e-10,-1.791907e-10,0.7056227,1
632481439,632481187,0.7124805,0.005945872,-0.00022521538,0.7016667,0.7085878,5.3527116e-10,-1.791907e-10,0.7056227,1
632486432,632486188,0.7124772,0.005924464,-0.00024842162,0.7016702,0.7085878,5.3527116e-10,-1.791907e-10,0.7056227,1
632491466,632491211,0.71247405,0.005917866,-0.00027704483,0.70167357,0.7085878,5.3527116e-10,-1.791907e-10,0.7056227,1
632496438,632496187,0.71247643,0.005949032,-0.00027372284,0.7016709,0.7085878,5.3527116e-10,-1.791907e-10,0.7056227,1
632501433,632501188,0.7124728,0.005975202,-0.00024684204,0.70167434,0.7085878,5.3527116e-10,-1.791907e-10,0.7056227,1
632506492,632506211,0.71246535,0.0059851953,-0.00023754967,0.70168185,0.7085878,5.3527116e-10,-1.791907e-10,0.7056227,1
632511441,632511188,0.7124616,0.005969514,-0.00025181717,0.70168567,0.7085878,5.3527116e-10,-1.791907e-10,0.7056227,1
632516444,632516188,0.71246284,0.005953091,-0.00027824737,0.70168453,0.7085878,5.3527116e-10,-1.791907e-10,0.7056227,1
632521471,632521212,0.7124618,0.005953185,-0.0002848942,0.7016856,0.7085878,5.3527116e-10,-1.791907e-10,0.7056227,1
632526440,632526187,0.7124667,0.0059767882,-0.0002677725,0.7016804,0.7085878,5.3527116e-10,-1.791907e-10,0.7056227,1
632531442,632531188,0.71247256,0.005979921,-0.0002532251,0.70167446,0.7085878,5.3527116e-10,-1.791907e-10,0.7056227,1
632536456,632536211,0.7124782,0.0059574926,-0.0002612308,0.7016689,0.7085878,5.3527116e-10,-1.791907e-10,0.7056227,1
632541441,632541187,0.7124828,0.005939996,-0.00027864982,0.7016644,0.7085878,5.3527116e-10,-1.791907e-10,0.7056227,1
632546463,632546187,0.7124844,0.005951471,-0.00027848314,0.7016627,0.7085878,5.3527116e-10,-1.791907e-10,0.7056227,1
632551471,632551212,0.71248794,0.0059689702,-0.0002641502,0.701659,0.7085878,5.3527116e-10,-1.791907e-10,0.7056227,1
632556436,632556187,0.71248746,0.00597715,-0.00024764158,0.70165944,0.7085878,5.3527116e-10,-1.791907e-10,0.7056227,1
632561443,632561190,0.71249133,0.0059569073,-0.00025357213,0.7016557,0.7085878,5.3527116e-10,-1.791907e-10,0.7056227,1
632566464,632566211,0.7124871,0.0059207524,-0.00027859895,0.7016603,0.7085878,5.3527116e-10,-1.791907e-10,0.7056227,1
632571448,632571188,0.7124893,0.005920299,-0.0002717838,0.701658,0.7085878,5.3527116e-10,-1.791907e-10,0.7056227,1
632576443,632576187,0.71249145,0.0059421356,-0.00024387785,0.7016556,0.7085878,5.3527116e-10,-1.791907e-10,0.7056227,1
632581471,632581211,0.71249163,0.005955069,-0.00022879177,0.7016553,0.7085878,5.3527116e-10,-1.791907e-10,0.7056227,1
632586427,632586186,0.71249366,0.005944159,-0.00024157677,0.7016534,0.7085878,5.3527116e-10,-1.791907e-10,0.7056227,1
632591444,632591187,0.7124938,0.0059293006,-0.00025447455,0.7016534,0.7085878,5.3527116e-10,-1.791907e-10,0.7056227,1
632596474,632596214,0.7124925,0.0059359637,-0.00026433013,0.7016546,0.7085878,5.3527116e-10,-1.791907e-10,0.7056227,1
632601432,632601188,0.7124909,0.005961213,-0.00024175589,0.70165604,0.7085878,5.3527116e-10,-1.791907e-10,0.7056227,1
632606456,632606188,0.71249163,0.005985009,-0.00023150549,0.7016551,0.7085878,5.3527116e-10,-1.791907e-10,0.7056227,1
632611473,632611213,0.7124885,0.005968546,-0.00024539948,0.7016584,0.7085878,5.3527116e-10,-1.791907e-10,0.7056227,1
632616431,632616187,0.7124839,0.0059519205,-0.00027506897,0.7016632,0.7085878,5.3527116e-10,-1.791907e-10,0.7056227,1
632621446,632621192,0.71247965,0.0059451093,-0.0002795249,0.70166755,0.7085878,5.3527116e-10,-1.791907e-10,0.7056227,1
632626464,632626211,0.7124801,0.0059564216,-0.0002614991,0.70166695,0.7085878,5.3527116e-10,-1.791907e-10,0.7056227,1
632631440,632631188,0.71248245,0.005975022,-0.0002588866,0.70166445,0.7085878,5.3527116e-10,-1.791907e-10,0.7056227,1
632636432,632636188,0.7124881,0.0059711193,-0.0002644855,0.7016587,0.7085878,5.3527116e-10,-1.791907e-10,0.7056227,1
632641466,632641211,0.71248937,0.005963935,-0.00027448582,0.70165753,0.7085878,5.3527116e-10,-1.791907e-10,0.7056227,1
632646438,632646187,0.7124825,0.005963469,-0.00027449554,0.7016645,0.7085878,5.3527116e-10,-1.791907e-10,0.7056227,1
632651434,632651188,0.71248275,0.0059764297,-0.0002500822,0.70166415,0.7085878,5.3527116e-10,-1.791907e-10,0.7056227,1
632656467,632656210,0.7124853,0.0059786355,-0.00023084825,0.7016616,0.7085878,5.3527116e-10,-1.791907e-10,0.7056227,1
632661443,632661188,0.7124896,0.0059421845,-0.00025392367,0.70165753,0.7085878,5.3527116e-10,-1.791907e-10,0.7056227,1
632666435,632666188,0.7124902,0.00592547,-0.0002685167,0.701657,0.7085878,5.3527116e-10,-1.791907e-10,0.7056227,1
632671471,632671211,0.71248764,0.005925921,-0.0002598956,0.7016596,0.7085878,5.3527116e-10,-1.791907e-10,0.7056227,1
632676440,632676187,0.71248156,0.0059395945,-0.0002357443,0.7016657,0.7085878,5.3527116e-10,-1.791907e-10,0.7056227,1
632681444,632681188,0.7124775,0.0059644785,-0.0002234304,0.7016696,0.7085878,5.3527116e-10,-1.791907e-10,0.7056227,1
632686457,632686210,0.7124765,0.0059575494,-0.0002388485,0.70167065,0.7085878,5.3527116e-10,-1.791907e-10,0.7056227,1
632691447,632691188,0.7124744,0.005945164,-0.00026335023,0.7016729,0.7085878,5.3527116e-10,-1.791907e-10,0.7056227,1
632696452,632696188,0.71246743,0.0059415875,-0.0002757273,0.70168006,0.7085878,5.3527116e-10,-1.791907e-10,0.7056227,1
632701461,632701211,0.7124608,0.005954203,-0.00025489958,0.7016866,0.7085878,5.3527116e-10,-1.791907e-10,0.7056227,1
632706453,632706187,0.71245986,0.005963497,-0.0002435181,0.7016875,0.7085878,5.3527116e-10,-1.791907e-10,0.7056227,1
632711443,632711188,0.7124618,0.0059568235,-0.00025682972,0.7016856,0.7085878,5.3527116e-10,-1.791907e-10,0.7056227,1
632716461,632716210,0.7124659,0.0059571075,-0.00026663786,0.7016815,0.7085878,5.3527116e-10,-1.791907e-10,0.7056227,1
632721441,632721188,0.7124613,0.0059524323,-0.0002790378,0.70168614,0.7085878,5.3527116e-10,-1.791907e-10,0.7056227,1
632726447,632726188,0.7124615,0.0059601776,-0.00026364173,0.7016859,0.7085878,5.3527116e-10,-1.791907e-10,0.7056227,1
632731469,632731211,0.7124667,0.0059780893,-0.00025716797,0.7016804,0.7085878,5.3527116e-10,-1.791907e-10,0.7056227,1
632736429,632736187,0.71247286,0.0059668655,-0.00027478085,0.70167434,0.7085878,5.3527116e-10,-1.791907e-10,0.7056227,1
632741447,632741188,0.71247935,0.0059661325,-0.0002969417,0.7016677,0.7085878,5.3527116e-10,-1.791907e-10,0.7056227,1
632746460,632746210,0.71248096,0.0059701214,-0.0002904862,0.701666,0.7085878,5.3527116e-10,-1.791907e-10,0.7056227,1
632751438,632751188,0.71247625,0.005970892,-0.00026348417,0.70167077,0.7085878,5.3527116e-10,-1.791907e-10,0.7056227,1
632756445,632756188,0.71246934,0.005961619,-0.0002476567,0.7016779,0.7085878,5.3527116e-10,-1.791907e-10,0.7056227,1
632761469,632761210,0.7124671,0.005939334,-0.00025005918,0.70168036,0.7085878,5.3527116e-10,-1.791907e-10,0.7056227,1
632766432,632766188,0.71246433,0.0059298463,-0.00027865617,0.7016832,0.7085878,5.3527116e-10,-1.791907e-10,0.7056227,1
632771444,632771189,0.71245843,0.0059471363,-0.00027719044,0.70168906,0.7085878,5.3527116e-10,-1.791907e-10,0.7056227,1
632776468,632776210,0.71245223,0.0059664524,-0.00025296572,0.7016952,0.7085878,5.3527116e-10,-1.791907e-10,0.7056227,1
632781439,632781188,0.71245223,0.005965536,-0.00023022758,0.7016952,0.7085878,5.3527116e-10,-1.791907e-10,0.7056227,1
632786433,632786188,0.7124536,0.0059490157,-0.00023447043,0.70169395,0.7085878,5.3527116e-10,-1.791907e-10,0.7056227,1
632791465,632791211,0.7124583,0.005942866,-0.00025258985,0.70168924,0.7085878,5.3527116e-10,-1.791907e-10,0.7056227,1
632796447,632796188,0.7124623,0.0059368433,-0.0002668228,0.7016853,0.7085878,5.3527116e-10,-1.791907e-10,0.7056227,1
632801438,632801188,0.71246266,0.0059453696,-0.00025885375,0.7016849,0.7085878,5.3527116e-10,-1.791907e-10,0.7056227,1
632806492,632806209,0.7124681,0.0059579154,-0.00024166782,0.7016792,0.7085878,5.3527116e-10,-1.791907e-10,0.7056227,1
632811454,632811199,0.71246696,0.005942079,-0.00025250728,0.7016805,0.7085878,5.3527116e-10,-1.791907e-10,0.7056227,1
632816438,632816187,0.712472,0.0059534214,-0.0002620468,0.70167524,0.7085878,5.3527116e-10,-1.791907e-10,0.7056227,1
632821464,632821211,0.71247596,0.0059648724,-0.00026662124,0.7016712,0.7085878,5.3527116e-10,-1.791907e-10,0.7056227,1
632826440,632826188,0.7124738,0.005976507,-0.00025828418,0.70167327,0.7085878,5.3527116e-10,-1.791907e-10,0.7056227,1
632831440,632831188,0.71247154,0.005986367,-0.00024142348,0.7016755,0.7085878,5.3527116e-10,-1.791907e-10,0.7056227,1
632836454,632836210,0.7124651,0.005950365,-0.0002596153,0.7016823,0.7085878,5.3527116e-10,-1.791907e-10,0.7056227,1
632841441,632841188,0.7124673,0.005942488,-0.0002816472,0.7016801,0.7085878,5.3527116e-10,-1.791907e-10,0.7056227,1
632846444,632846188,0.71246666,0.0059503084,-0.00028291912,0.7016807,0.7085878,5.3527116e-10,-1.791907e-10,0.7056227,1
632851456,632851210,0.7124691,0.0059738164,-0.00026330035,0.70167804,0.7085878,5.3527116e-10,-1.791907e-10,0.7056227,1
632856445,632856188,0.7124674,0.0059708045,-0.00025121254,0.70167977,0.7085878,5.3527116e-10,-1.791907e-10,0.7056227,1
632861467,632861196,0.7124676,0.005945379,-0.00025066335,0.70167977,0.7085878,5.3527116e-10,-1.791907e-10,0.7056227,1
632866467,632866210,0.7124665,0.0059263264,-0.00027049324,0.70168114,0.7085878,5.3527116e-10,-1.791907e-10,0.7056227,1
632871441,632871188,0.7124695,0.0059363395,-0.00028019724,0.701678,0.7085878,5.3527116e-10,-1.791907e-10,0.7056227,1
632876440,632876187,0.7124761,0.005974228,-0.00026089733,0.701671,0.7085878,5.3527116e-10,-1.791907e-10,0.7056227,1
632881493,632881211,0.71247965,0.0059765605,-0.00024415765,0.70166737,0.7085878,5.3527116e-10,-1.791907e-10,0.7056227,1
632886429,632886188,0.71248037,0.0059612934,-0.00023480348,0.7016667,0.7085878,5.3527116e-10,-1.791907e-10,0.7056227,1
632891458,632891188,0.7124762,0.005939596,-0.00025123358,0.7016711,0.7085878,5.3527116e-10,-1.791907e-10,0.7056227,1
632896461,632896210,0.7124748,0.005933263,-0.00026158473,0.70167255,0.7085878,5.3527116e-10,-1.791907e-10,0.7056227,1
632901435,632901188,0.7124746,0.005963698,-0.00024967655,0.70167255,0.7085878,5.3527116e-10,-1.791907e-10,0.7056227,1
632906460,632906187,0.71247673,0.005976082,-0.0002365535,0.7016703,0.7085878,5.3527116e-10,-1.791907e-10,0.7056227,1
632911469,632911211,0.7124749,0.0059656366,-0.00025034597,0.7016723,0.7085878,5.3527116e-10,-1.791907e-10,0.7056227,1
632916432,632916188,0.71247464,0.0059476993,-0.0002637356,0.7016727,0.7085878,5.3527116e-10,-1.791907e-10,0.7056227,1
632921441,632921188,0.71247613,0.0059466874,-0.0002716394,0.7016711,0.7085878,5.3527116e-10,-1.791907e-10,0.7056227,1
632926467,632926211,0.7124758,0.005974625,-0.00026487678,0.70167124,0.7085878,5.3527116e-10,-1.791907e-10,0.7056227,1
632931433,632931188,0.71248007,0.00599858,-0.0002498737,0.70166665,0.7085878,5.3527116e-10,-1.791907e-10,0.7056227,1
632936437,632936187,0.7124772,0.0059709027,-0.00026152687,0.7016698,0.7085878,5.3527116e-10,-1.791907e-10,0.7056227,1
632941462,632941210,0.7124782,0.0059514293,-0.0002838651,0.701669,0.7085878,5.3527116e-10,-1.791907e-10,0.7056227,1
632946441,632946188,0.7124778,0.005946742,-0.00029098272,0.70166945,0.7085878,5.3527116e-10,-1.791907e-10,0.7056227,1
632951435,632951188,0.71247923,0.005959965,-0.00027507535,0.70166785,0.7085878,5.3527116e-10,-1.791907e-10,0.7056227,1
632956466,632956210,0.7124788,0.0059845117,-0.00025294442,0.7016681,0.7085878,5.3527116e-10,-1.791907e-10,0.7056227,1
632961441,632961188,0.7124782,0.0059710885,-0.00025353525,0.7016688,0.7085878,5.3527116e-10,-1.791907e-10,0.7056227,1
632966433,632966188,0.71247977,0.005943384,-0.0002736807,0.7016674,0.7085878,5.3527116e-10,-1.791907e-10,0.7056227,1
632971474,632971211,0.71247286,0.005927504,-0.00028228306,0.7016746,0.7085878,5.3527116e-10,-1.791907e-10,0.7056227,1
632976439,632976188,0.7124784,0.0059552337,-0.0002609585,0.7016688,0.7085878,5.3527116e-10,-1.791907e-10,0.7056227,1
632981434,632981188,0.7124831,0.005973736,-0.0002456639,0.7016639,0.7085878,5.3527116e-10,-1.791907e-10,0.7056227,1
632986461,632986210,0.7124894,0.00597385,-0.00025463468,0.7016575,0.7085878,5.3527116e-10,-1.791907e-10,0.7056227,1
632991444,632991188,0.712494,0.00595534,-0.0002708862,0.70165294,0.7085878,5.3527116e-10,-1.791907e-10,0.7056227,1
632996445,632996190,0.7124917,0.0059300377,-0.0002842996,0.7016555,0.7085878,5.3527116e-10,-1.791907e-10,0.7056227,1
633001457,633001211,0.7124905,0.005949403,-0.00027074764,0.7016566,0.7085878,5.3527116e-10,-1.791907e-10,0.7056227,1
633006460,633006188,0.71249294,0.005963951,-0.00025052307,0.7016539,0.7085878,5.3527116e-10,-1.791907e-10,0.7056227,1
633011443,633011188,0.71249205,0.0059571774,-0.0002647665,0.70165485,0.7085878,5.3527116e-10,-1.791907e-10,0.7056227,1
633016461,633016210,0.712489,0.0059545115,-0.0002852142,0.701658,0.7085878,5.3527116e-10,-1.791907e-10,0.7056227,1
633021454,633021188,0.7124872,0.005939466,-0.00029590778,0.70166,0.7085878,5.3527116e-10,-1.791907e-10,0.7056227,1
633026440,633026188,0.71247953,0.0059547364,-0.0002774006,0.70166767,0.7085878,5.3527116e-10,-1.791907e-10,0.7056227,1
633031464,633031211,0.71247876,0.0059816623,-0.00025075956,0.70166826,0.7085878,5.3527116e-10,-1.791907e-10,0.7056227,1
633036435,633036188,0.71247566,0.005973654,-0.00025935072,0.7016715,0.7085878,5.3527116e-10,-1.791907e-10,0.7056227,1
633041447,633041188,0.7124751,0.0059473487,-0.0002904788,0.7016722,0.7085878,5.3527116e-10,-1.791907e-10,0.7056227,1
633046467,633046210,0.7124728,0.0059381267,-0.0003080836,0.7016746,0.7085878,5.3527116e-10,-1.791907e-10,0.7056227,1
633051434,633051188,0.7124698,0.0059439875,-0.00028275303,0.70167756,0.7085878,5.3527116e-10,-1.791907e-10,0.7056227,1
633056441,633056188,0.7124704,0.0059635798,-0.00025358368,0.70167685,0.7085878,5.3527116e-10,-1.791907e-10,0.7056227,1
633061463,633061211,0.71247333,0.0059735137,-0.0002443779,0.70167375,0.7085878,5.3527116e-10,-1.791907e-10,0.7056227,1
633066451,633066188,0.7124805,0.005961103,-0.00026985968,0.7016666,0.7085878,5.3527116e-10,-1.791907e-10,0.7056227,1
633071441,633071188,0.71248263,0.005947228,-0.00028182848,0.70166457,0.7085878,5.3527116e-10,-1.791907e-10,0.7056227,1
633076463,633076211,0.7124853,0.0059510022,-0.00026362867,0.70166177,0.7085878,5.3527116e-10,-1.791907e-10,0.7056227,1
633081433,633081188,0.7124863,0.005966034,-0.0002418993,0.7016606,0.7085878,5.3527116e-10,-1.791907e-10,0.7056227,1
633086440,633086188,0.7124871,0.00597703,-0.00023842936,0.7016597,0.7085878,5.3527116e-10,-1.791907e-10,0.7056227,1
633091473,633091211,0.7124865,0.005963047,-0.00025554543,0.7016604,0.7085878,5.3527116e-10,-1.791907e-10,0.7056227,1
633096439,633096188,0.71247953,0.005946467,-0.00027822604,0.70166767,0.7085878,5.3527116e-10,-1.791907e-10,0.7056227,1
633101438,633101188,0.7124778,0.005952216,-0.00026404834,0.70166945,0.7085878,5.3527116e-10,-1.791907e-10,0.7056227,1
633106518,633106210,0.7124723,0.0059641427,-0.00024358967,0.7016749,0.7085878,5.3527116e-10,-1.791907e-10,0.7056227,1
633111441,633111188,0.71246713,0.00596312,-0.00024293375,0.7016802,0.7085878,5.3527116e-10,-1.791907e-10,0.7056227,1
633116432,633116188,0.71246576,0.0059607727,-0.00026971428,0.70168155,0.7085878,5.3527116e-10,-1.791907e-10,0.7056227,1
633121464,633121210,0.71246636,0.005944891,-0.0003081607,0.7016811,0.7085878,5.3527116e-10,-1.791907e-10,0.7056227,1
633126440,633126188,0.7124691,0.0059635662,-0.00029596835,0.70167816,0.7085878,5.3527116e-10,-1.791907e-10,0.7056227,1
633131437,633131191,0.7124698,0.0059696794,-0.0002656315,0.7016774,0.7085878,5.3527116e-10,-1.791907e-10,0.7056227,1
633136461,633136210,0.7124679,0.0059638503,-0.00026062405,0.70167935,0.7085878,5.3527116e-10,-1.791907e-10,0.7056227,1
633141441,633141188,0.71247506,0.005960955,-0.00028146486,0.70167214,0.7085878,5.3527116e-10,-1.791907e-10,0.7056227,1
633146445,633146188,0.712477,0.0059398967,-0.00031354532,0.7016702,0.7085878,5.3527116e-10,-1.791907e-10,0.7056227,1
633151467,633151213,0.7124852,0.0059625343,-0.00030180466,0.70166177,0.7085878,5.3527116e-10,-1.791907e-10,0.7056227,1
633156441,633156188,0.7124924,0.0059728557,-0.00026361056,0.7016544,0.7085878,5.3527116e-10,-1.791907e-10,0.7056227,1
633161452,633161187,0.7124913,0.005980751,-0.00024641925,0.70165545,0.7085878,5.3527116e-10,-1.791907e-10,0.7056227,1
633166457,633166210,0.7124917,0.005978218,-0.00025353927,0.7016551,0.7085878,5.3527116e-10,-1.791907e-10,0.7056227,1
633171441,633171188,0.7124872,0.005954507,-0.00028416442,0.7016598,0.7085878,5.3527116e-10,-1.791907e-10,0.7056227,1
633176438,633176187,0.71248347,0.0059656883,-0.00029281533,0.70166355,0.7085878,5.3527116e-10,-1.791907e-10,0.7056227,1
633181465,633181211,0.7124824,0.005965211,-0.0002625652,0.7016647,0.7085878,5.3527116e-10,-1.791907e-10,0.7056227,1
633186444,633186187,0.71247816,0.005965321,-0.00024544608,0.701669,0.7085878,5.3527116e-10,-1.791907e-10,0.7056227,1
633191447,633191188,0.71247774,0.005956952,-0.00025610358,0.70166945,0.7085878,5.3527116e-10,-1.791907e-10,0.7056227,1
633196475,633196210,0.7124801,0.0059408117,-0.00028180206,0.70166713,0.7085878,5.3527116e-10,-1.791907e-10,0.7056227,1
633201441,633201188,0.71248174,0.0059548076,-0.00027958528,0.7016654,0.7085878,5.3527116e-10,-1.791907e-10,0.7056227,1
633206454,633206188,0.7124843,0.005969127,-0.00025276645,0.7016627,0.7085878,5.3527116e-10,-1.791907e-10,0.7056227,1
633211463,633211211,0.7124849,0.0059616887,-0.0002419458,0.7016622,0.7085878,5.3527116e-10,-1.791907e-10,0.7056227,1
633216432,633216188,0.71248543,0.005945403,-0.00025995707,0.70166177,0.7085878,5.3527116e-10,-1.791907e-10,0.7056227,1
633221445,633221188,0.71248806,0.0059465077,-0.00028685987,0.701659,0.7085878,5.3527116e-10,-1.791907e-10,0.7056227,1
633226459,633226210,0.7124896,0.005957481,-0.00029541974,0.7016574,0.7085878,5.3527116e-10,-1.791907e-10,0.7056227,1
633231435,633231188,0.7124896,0.005974576,-0.00027212693,0.70165724,0.7085878,5.3527116e-10,-1.791907e-10,0.7056227,1
633236445,633236187,0.7124881,0.005974256,-0.0002529231,0.7016587,0.7085878,5.3527116e-10,-1.791907e-10,0.7056227,1
633241469,633241210,0.71248364,0.005961183,-0.0002660104,0.7016634,0.7085878,5.3527116e-10,-1.791907e-10,0.7056227,1
633246440,633246188,0.712482,0.005963332,-0.00027968752,0.70166504,0.7085878,5.3527116e-10,-1.791907e-10,0.7056227,1
633251438,633251188,0.71248037,0.0059658503,-0.00028825316,0.7016667,0.7085878,5.3527116e-10,-1.791907e-10,0.7056227,1
633256462,633256210,0.7124833,0.0059768623,-0.00027332298,0.7016637,0.7085878,5.3527116e-10,-1.791907e-10,0.7056227,1
633261451,633261188,0.7124839,0.0059785973,-0.00026077568,0.7016631,0.7085878,5.3527116e-10,-1.791907e-10,0.7056227,1
633266433,633266187,0.71248215,0.0059689605,-0.00026230997,0.70166487,0.7085878,5.3527116e-10,-1.791907e-10,0.7056227,1
633271470,633271211,0.7124828,0.0059628696,-0.00026202458,0.7016642,0.7085878,5.3527116e-10,-1.791907e-10,0.7056227,1
633276442,633276188,0.7124798,0.005964568,-0.00025831797,0.70166725,0.7085878,5.3527116e-10,-1.791907e-10,0.7056227,1
633281433,633281187,0.7124796,0.0059675667,-0.00024854345,0.7016674,0.7085878,5.3527116e-10,-1.791907e-10,0.7056227,1
633286463,633286210,0.71247846,0.0059536267,-0.00024892716,0.70166874,0.7085878,5.3527116e-10,-1.791907e-10,0.7056227,1
633291443,633291188,0.71247613,0.005934623,-0.0002584167,0.70167124,0.7085878,5.3527116e-10,-1.791907e-10,0.7056227,1
633296439,633296190,0.7124744,0.0059363726,-0.00026152967,0.701673,0.7085878,5.3527116e-10,-1.791907e-10,0.7056227,1
633301464,633301211,0.7124765,0.0059605935,-0.0002578417,0.7016707,0.7085878,5.3527116e-10,-1.791907e-10,0.7056227,1
633306458,633306188,0.71247566,0.0059736515,-0.0002497496,0.70167136,0.7085878,5.3527116e-10,-1.791907e-10,0.7056227,1
633311440,633311188,0.7124812,0.00596531,-0.0002586479,0.7016658,0.7085878,5.3527116e-10,-1.791907e-10,0.7056227,1
633316454,633316210,0.71248615,0.005943533,-0.00027253033,0.70166105,0.7085878,5.3527116e-10,-1.791907e-10,0.7056227,1
633321444,633321188,0.7124819,0.005940494,-0.00028766712,0.70166534,0.7085878,5.3527116e-10,-1.791907e-10,0.7056227,1
633326451,633326187,0.7124881,0.005961389,-0.00027151854,0.7016589,0.7085878,5.3527116e-10,-1.791907e-10,0.7056227,1
633331466,633331211,0.7124879,0.005971953,-0.00026243157,0.7016591,0.7085878,5.3527116e-10,-1.791907e-10,0.7056227,1
633336442,633336188,0.71249294,0.005975919,-0.00026446875,0.7016539,0.7085878,5.3527116e-10,-1.791907e-10,0.7056227,1
633341440,633341187,0.7125002,0.0059584198,-0.000272726,0.7016467,0.7085878,5.3527116e-10,-1.791907e-10,0.7056227,1
633346463,633346210,0.7124954,0.0059526823,-0.00028748298,0.7016516,0.7085878,5.3527116e-10,-1.791907e-10,0.7056227,1
633351438,633351188,0.7124941,0.0059707705,-0.0002781208,0.7016527,0.7085878,5.3527116e-10,-1.791907e-10,0.7056227,1
633356446,633356187,0.7124891,0.0059790537,-0.0002715544,0.70165765,0.7085878,5.3527116e-10,-1.791907e-10,0.7056227,1
633361474,633361211,0.7124849,0.00598257,-0.00027243423,0.70166194,0.7085878,5.3527116e-10,-1.791907e-10,0.7056227,1
633366432,633366188,0.7124849,0.0059587248,-0.00028289403,0.7016621,0.7085878,5.3527116e-10,-1.791907e-10,0.7056227,1
633371440,633371187,0.71247935,0.005948594,-0.00028638248,0.7016678,0.7085878,5.3527116e-10,-1.791907e-10,0.7056227,1
633376469,633376211,0.71247494,0.0059665,-0.00025630245,0.70167226,0.7085878,5.3527116e-10,-1.791907e-10,0.7056227,1
633381433,633381188,0.71246934,0.0059689423,-0.00023734571,0.70167786,0.7085878,5.3527116e-10,-1.791907e-10,0.7056227,1
633386439,633386187,0.7124663,0.00595949,-0.00025269424,0.7016811,0.7085878,5.3527116e-10,-1.791907e-10,0.7056227,1
633391465,633391211,0.71247405,0.0059416494,-0.00027604128,0.7016734,0.7085878,5.3527116e-10,-1.791907e-10,0.7056227,1
633396444,633396190,0.7124779,0.0059392727,-0.0002909375,0.70166945,0.7085878,5.3527116e-10,-1.791907e-10,0.7056227,1
633401433,633401187,0.7124785,0.005965485,-0.0002695817,0.70166856,0.7085878,5.3527116e-10,-1.791907e-10,0.7056227,1
633406505,633406211,0.71248025,0.0059840353,-0.00023646938,0.7016666,0.7085878,5.3527116e-10,-1.791907e-10,0.7056227,1
633411444,633411188,0.7124823,0.0059795245,-0.00024522532,0.70166457,0.7085878,5.3527116e-10,-1.791907e-10,0.7056227,1
633416431,633416187,0.7124882,0.0059549455,-0.00027668072,0.7016588,0.7085878,5.3527116e-10,-1.791907e-10,0.7056227,1
633421465,633421211,0.71248937,0.005930512,-0.0002967598,0.7016579,0.7085878,5.3527116e-10,-1.791907e-10,0.7056227,1
633426443,633426189,0.71248895,0.0059424597,-0.0002856397,0.7016582,0.7085878,5.3527116e-10,-1.791907e-10,0.7056227,1
633431433,633431188,0.7124875,0.0059639113,-0.00025226414,0.70165944,0.7085878,5.3527116e-10,-1.791907e-10,0.7056227,1
633436464,633436211,0.7124815,0.005978421,-0.0002464277,0.70166546,0.7085878,5.3527116e-10,-1.791907e-10,0.7056227,1
633441447,633441188,0.7124837,0.0059723677,-0.00026480373,0.70166326,0.7085878,5.3527116e-10,-1.791907e-10,0.7056227,1
633446428,633446187,0.7124847,0.005956694,-0.00028293033,0.7016623,0.7085878,5.3527116e-10,-1.791907e-10,0.7056227,1
633451457,633451211,0.71248233,0.0059693563,-0.00027789376,0.7016646,0.7085878,5.3527116e-10,-1.791907e-10,0.7056227,1
633456453,633456188,0.71247995,0.005982267,-0.00024981672,0.7016669,0.7085878,5.3527116e-10,-1.791907e-10,0.7056227,1
633461442,633461188,0.7124767,0.005975454,-0.0002476022,0.7016704,0.7085878,5.3527116e-10,-1.791907e-10,0.7056227,1
633466456,633466211,0.7124827,0.0059540533,-0.00027488585,0.70166445,0.7085878,5.3527116e-10,-1.791907e-10,0.7056227,1
633471446,633471188,0.71249175,0.0059380527,-0.0002931137,0.7016553,0.7085878,5.3527116e-10,-1.791907e-10,0.7056227,1
633476441,633476187,0.71249306,0.005959659,-0.00028131952,0.7016539,0.7085878,5.3527116e-10,-1.791907e-10,0.7056227,1
633481464,633481211,0.71249586,0.0059780893,-0.00023657717,0.7016508,0.7085878,5.3527116e-10,-1.791907e-10,0.7056227,1
633486440,633486188,0.71249455,0.0059737843,-0.00022789607,0.70165217,0.7085878,5.3527116e-10,-1.791907e-10,0.7056227,1
633491441,633491187,0.71249306,0.005953149,-0.00025788738,0.7016539,0.7085878,5.3527116e-10,-1.791907e-10,0.7056227,1
633496467,633496211,0.71250224,0.005939199,-0.00028514882,0.7016447,0.7085878,5.3527116e-10,-1.791907e-10,0.7056227,1
633501440,633501188,0.7125046,0.005951082,-0.0002885889,0.70164216,0.7085878,5.3527116e-10,-1.791907e-10,0.7056227,1
633506455,633506187,0.71250385,0.005975147,-0.00025924479,0.7016428,0.7085878,5.3527116e-10,-1.791907e-10,0.7056227,1
633511494,633511211,0.7125014,0.005982837,-0.00023691589,0.7016452,0.7085878,5.3527116e-10,-1.791907e-10,0.7056227,1
633516430,633516188,0.7124977,0.0059642107,-0.0002600333,0.7016491,0.7085878,5.3527116e-10,-1.791907e-10,0.7056227,1
633521448,633521188,0.71250266,0.005947945,-0.00028517717,0.70164424,0.7085878,5.3527116e-10,-1.791907e-10,0.7056227,1
633526463,633526211,0.71250397,0.005942562,-0.0003031052,0.70164293,0.7085878,5.3527116e-10,-1.791907e-10,0.7056227,1
633531435,633531188,0.7125036,0.005968499,-0.00028395362,0.7016431,0.7085878,5.3527116e-10,-1.791907e-10,0.7056227,1
633536437,633536187,0.71250176,0.005985646,-0.00025420013,0.70164484,0.7085878,5.3527116e-10,-1.791907e-10,0.7056227,1
633541468,633541211,0.7124966,0.005971184,-0.0002652449,0.7016502,0.7085878,5.3527116e-10,-1.791907e-10,0.7056227,1
633546433,633546188,0.7124965,0.005962233,-0.00028361235,0.7016504,0.7085878,5.3527116e-10,-1.791907e-10,0.7056227,1
633551436,633551188,0.7124936,0.0059521045,-0.0002874546,0.70165336,0.7085878,5.3527116e-10,-1.791907e-10,0.7056227,1
633556472,633556213,0.71248955,0.0059691556,-0.00026405798,0.7016573,0.7085878,5.3527116e-10,-1.791907e-10,0.7056227,1
633561456,633561192,0.71248585,0.0059765,-0.00023794513,0.701661,0.7085878,5.3527116e-10,-1.791907e-10,0.7056227,1
633566428,633566186,0.71248144,0.0059578717,-0.00024676204,0.7016657,0.7085878,5.3527116e-10,-1.791907e-10,0.7056227,1
633571464,633571211,0.71248,0.005948364,-0.00026706952,0.7016672,0.7085878,5.3527116e-10,-1.791907e-10,0.7056227,1
633576439,633576188,0.7124858,0.005944587,-0.00027484793,0.7016614,0.7085878,5.3527116e-10,-1.791907e-10,0.7056227,1
633581434,633581188,0.7124903,0.005961825,-0.00026382107,0.7016567,0.7085878,5.3527116e-10,-1.791907e-10,0.7056227,1
633586466,633586211,0.71249,0.005976091,-0.00023445893,0.70165676,0.7085878,5.3527116e-10,-1.791907e-10,0.7056227,1
633591448,633591188,0.7124912,0.0059605883,-0.00023824046,0.7016557,0.7085878,5.3527116e-10,-1.791907e-10,0.7056227,1
633596431,633596187,0.7124915,0.0059484,-0.00025394573,0.7016555,0.7085878,5.3527116e-10,-1.791907e-10,0.7056227,1
633601462,633601211,0.71249753,0.0059431014,-0.00027626916,0.7016494,0.7085878,5.3527116e-10,-1.791907e-10,0.7056227,1
633606457,633606187,0.712501,0.0059549804,-0.00026734074,0.7016458,0.7085878,5.3527116e-10,-1.791907e-10,0.7056227,1
633611441,633611188,0.7125005,0.005973598,-0.00024961986,0.7016462,0.7085878,5.3527116e-10,-1.791907e-10,0.7056227,1
633616464,633616211,0.71250117,0.0059687537,-0.0002534841,0.7016456,0.7085878,5.3527116e-10,-1.791907e-10,0.7056227,1
633621444,633621188,0.71249604,0.0059499578,-0.00028029393,0.7016509,0.7085878,5.3527116e-10,-1.791907e-10,0.7056227,1
633626437,633626187,0.71249694,0.0059421854,-0.00028902545,0.7016501,0.7085878,5.3527116e-10,-1.791907e-10,0.7056227,1
633631465,633631211,0.7124969,0.005952324,-0.00027364717,0.70165,0.7085878,5.3527116e-10,-1.791907e-10,0.7056227,1
633636440,633636188,0.71249866,0.0059724874,-0.00026426718,0.70164806,0.7085878,5.3527116e-10,-1.791907e-10,0.7056227,1
633641442,633641187,0.71249855,0.0059702406,-0.0002602767,0.7016482,0.7085878,5.3527116e-10,-1.791907e-10,0.7056227,1
633646467,633646211,0.712493,0.0059495913,-0.00027995367,0.701654,0.7085878,5.3527116e-10,-1.791907e-10,0.7056227,1
633651446,633651188,0.71249294,0.0059524705,-0.0002727269,0.7016541,0.7085878,5.3527116e-10,-1.791907e-10,0.7056227,1
633656437,633656187,0.71249366,0.0059615327,-0.00025953347,0.70165324,0.7085878,5.3527116e-10,-1.791907e-10,0.7056227,1
633661467,633661212,0.71249354,0.0059616407,-0.00024407331,0.70165336,0.7085878,5.3527116e-10,-1.791907e-10,0.7056227,1
633666433,633666187,0.7124926,0.0059587955,-0.00025312393,0.7016544,0.7085878,5.3527116e-10,-1.791907e-10,0.7056227,1
633671443,633671188,0.71248627,0.0059393025,-0.00027787464,0.701661,0.7085878,5.3527116e-10,-1.791907e-10,0.7056227,1
633676464,633676211,0.71248764,0.005944614,-0.00026984946,0.70165956,0.7085878,5.3527116e-10,-1.791907e-10,0.7056227,1
633681434,633681188,0.7124919,0.0059538255,-0.00025037496,0.70165503,0.7085878,5.3527116e-10,-1.791907e-10,0.7056227,1
633686441,633686187,0.71249515,0.005967168,-0.00023607661,0.70165163,0.7085878,5.3527116e-10,-1.791907e-10,0.7056227,1
633691469,633691211,0.71249914,0.005955024,-0.00024793248,0.7016477,0.7085878,5.3527116e-10,-1.791907e-10,0.7056227,1
633696442,633696188,0.7125004,0.005932447,-0.00026842128,0.7016467,0.7085878,5.3527116e-10,-1.791907e-10,0.7056227,1
633701441,633701188,0.71250224,0.0059293653,-0.00027325584,0.7016448,0.7085878,5.3527116e-10,-1.791907e-10,0.7056227,1
633706493,633706211,0.7125084,0.0059435247,-0.00025726078,0.7016384,0.7085878,5.3527116e-10,-1.791907e-10,0.7056227,1
633711442,633711188,0.71251225,0.0059631495,-0.0002546195,0.7016343,0.7085878,5.3527116e-10,-1.791907e-10,0.7056227,1
633716432,633716187,0.712507,0.0059516146,-0.00027803032,0.7016397,0.7085878,5.3527116e-10,-1.791907e-10,0.7056227,1
633721494,633721211,0.7125034,0.0059455037,-0.00029534497,0.70164347,0.7085878,5.3527116e-10,-1.791907e-10,0.7056227,1
633726438,633726188,0.7125009,0.0059541357,-0.00028355862,0.7016459,0.7085878,5.3527116e-10,-1.791907e-10,0.7056227,1
633731432,633731187,0.7125003,0.005970589,-0.00025798316,0.70164645,0.7085878,5.3527116e-10,-1.791907e-10,0.7056227,1
633736463,633736211,0.7125003,0.0059658405,-0.00026228806,0.7016465,0.7085878,5.3527116e-10,-1.791907e-10,0.7056227,1
633741443,633741189,0.71249676,0.0059437486,-0.00029620348,0.70165026,0.7085878,5.3527116e-10,-1.791907e-10,0.7056227,1
633746432,633746187,0.7124966,0.005932036,-0.00030720606,0.70165044,0.7085878,5.3527116e-10,-1.791907e-10,0.7056227,1
633751466,633751211,0.7124978,0.0059348987,-0.00027989535,0.70164925,0.7085878,5.3527116e-10,-1.791907e-10,0.7056227,1
633756442,633756187,0.7124973,0.0059568435,-0.00023944216,0.70164955,0.7085878,5.3527116e-10,-1.791907e-10,0.7056227,1
633761448,633761187,0.7124913,0.0059549636,-0.00024335335,0.7016557,0.7085878,5.3527116e-10,-1.791907e-10,0.7056227,1
633766461,633766211,0.71248615,0.005930176,-0.00028249438,0.7016611,0.7085878,5.3527116e-10,-1.791907e-10,0.7056227,1
633771442,633771188,0.71248645,0.0059167324,-0.00029780794,0.70166093,0.7085878,5.3527116e-10,-1.791907e-10,0.7056227,1
633776439,633776187,0.7124896,0.0059287366,-0.00026282138,0.70165765,0.7085878,5.3527116e-10,-1.791907e-10,0.7056227,1
633781460,633781212,0.7124916,0.005943703,-0.00023426359,0.7016555,0.7085878,5.3527116e-10,-1.791907e-10,0.7056227,1
633786434,633786187,0.7124838,0.005939891,-0.0002516793,0.7016634,0.7085878,5.3527116e-10,-1.791907e-10,0.7056227,1
633791442,633791188,0.7124833,0.005918165,-0.00028701077,0.7016641,0.7085878,5.3527116e-10,-1.791907e-10,0.7056227,1
633796475,633796211,0.71249396,0.0059140944,-0.00028729558,0.70165336,0.7085878,5.3527116e-10,-1.791907e-10,0.7056227,1
633801444,633801188,0.7124939,0.00594903,-0.00025367914,0.7016531,0.7085878,5.3527116e-10,-1.791907e-10,0.7056227,1
633806452,633806187,0.7124947,0.005956913,-0.00025295533,0.7016523,0.7085878,5.3527116e-10,-1.791907e-10,0.7056227,1
633811468,633811215,0.71248907,0.0059330463,-0.00028593515,0.7016582,0.7085878,5.3527116e-10,-1.791907e-10,0.7056227,1
633816427,633816187,0.71248883,0.0059177685,-0.00030674404,0.70165855,0.7085878,5.3527116e-10,-1.791907e-10,0.7056227,1
633821440,633821188,0.71250767,0.0059299413,-0.000294138,0.7016393,0.7085878,5.3527116e-10,-1.791907e-10,0.7056227,1
633826475,633826211,0.7125156,0.00596851,-0.00026727977,0.7016309,0.7085878,5.3527116e-10,-1.791907e-10,0.7056227,1
633831430,633831187,0.7125054,0.0059557413,-0.00026017797,0.7016414,0.7085878,5.3527116e-10,-1.791907e-10,0.7056227,1
633836443,633836187,0.7125026,0.005938015,-0.00029375963,0.70164436,0.7085878,5.3527116e-10,-1.791907e-10,0.7056227,1
633841472,633841212,0.7125039,0.0059295255,-0.00031228972,0.70164305,0.7085878,5.3527116e-10,-1.791907e-10,0.7056227,1
633846429,633846186,0.7125126,0.0059336736,-0.00028151157,0.7016342,0.7085878,5.3527116e-10,-1.791907e-10,0.7056227,1
633851439,633851188,0.7125135,0.005949561,-0.00026079986,0.7016332,0.7085878,5.3527116e-10,-1.791907e-10,0.7056227,1
633856460,633856210,0.7125057,0.0059493035,-0.00027682856,0.70164114,0.7085878,5.3527116e-10,-1.791907e-10,0.7056227,1
633861441,633861188,0.7125049,0.0059285485,-0.00027611505,0.7016421,0.7085878,5.3527116e-10,-1.791907e-10,0.7056227,1
633866435,633866188,0.71250546,0.0059182276,-0.00026908002,0.7016416,0.7085878,5.3527116e-10,-1.791907e-10,0.7056227,1
633871470,633871211,0.7125024,0.005929727,-0.0002745308,0.70164466,0.7085878,5.3527116e-10,-1.791907e-10,0.7056227,1
633876436,633876187,0.712499,0.0059228423,-0.0002702382,0.7016482,0.7085878,5.3527116e-10,-1.791907e-10,0.7056227,1
633881435,633881188,0.71250063,0.005916102,-0.00026545956,0.7016465,0.7085878,5.3527116e-10,-1.791907e-10,0.7056227,1
633886459,633886210,0.71249837,0.005928602,-0.00027016885,0.7016487,0.7085878,5.3527116e-10,-1.791907e-10,0.7056227,1
633891445,633891188,0.71249616,0.005928003,-0.00027809764,0.701651,0.7085878,5.3527116e-10,-1.791907e-10,0.7056227,1
633896439,633896188,0.71250826,0.005914798,-0.00027827985,0.7016388,0.7085878,5.3527116e-10,-1.791907e-10,0.7056227,1
633901463,633901211,0.7125111,0.0059332224,-0.00026512097,0.7016358,0.7085878,5.3527116e-10,-1.791907e-10,0.7056227,1
633906453,633906187,0.7125017,0.0059492,-0.0002645655,0.7016452,0.7085878,5.3527116e-10,-1.791907e-10,0.7056227,1
633911445,633911189,0.71250176,0.0059331832,-0.00028462606,0.7016452,0.7085878,5.3527116e-10,-1.791907e-10,0.7056227,1
633916454,633916210,0.7125023,0.0059241867,-0.00030018203,0.7016448,0.7085878,5.3527116e-10,-1.791907e-10,0.7056227,1
633921449,633921188,0.7125112,0.005938873,-0.0002948392,0.70163566,0.7085878,5.3527116e-10,-1.791907e-10,0.7056227,1
633926449,633926188,0.712524,0.0059628,-0.00028223355,0.7016224,0.7085878,5.3527116e-10,-1.791907e-10,0.7056227,1
633931468,633931211,0.7125057,0.0059663514,-0.00028304054,0.701641,0.7085878,5.3527116e-10,-1.791907e-10,0.7056227,1
633936438,633936187,0.7124923,0.005940617,-0.00030763366,0.7016548,0.7085878,5.3527116e-10,-1.791907e-10,0.7056227,1
633941443,633941188,0.712512,0.005922649,-0.00032088222,0.7016349,0.7085878,5.3527116e-10,-1.791907e-10,0.7056227,1
633946461,633946210,0.7125162,0.00593781,-0.00030737952,0.7016305,0.7085878,5.3527116e-10,-1.791907e-10,0.7056227,1
633951440,633951187,0.7124998,0.005953163,-0.00028121634,0.70164704,0.7085878,5.3527116e-10,-1.791907e-10,0.7056227,1
633956439,633956187,0.71249396,0.005943361,-0.00028627293,0.70165306,0.7085878,5.3527116e-10,-1.791907e-10,0.7056227,1
633961465,633961211,0.712495,0.0059374482,-0.00030786285,0.701652,0.7085878,5.3527116e-10,-1.791907e-10,0.7056227,1
633966433,633966188,0.7125018,0.005934266,-0.00029660919,0.7016452,0.7085878,5.3527116e-10,-1.791907e-10,0.7056227,1
633971449,633971188,0.7124992,0.0059338994,-0.00027312132,0.7016478,0.7085878,5.3527116e-10,-1.791907e-10,0.7056227,1
633976468,633976210,0.71249086,0.005934329,-0.0002641978,0.7016563,0.7085878,5.3527116e-10,-1.791907e-10,0.7056227,1
633981433,633981188,0.7125036,0.005935248,-0.00027576383,0.70164335,0.7085878,5.3527116e-10,-1.791907e-10,0.7056227,1
633986440,633986187,0.71251225,0.0059218416,-0.00029463795,0.7016347,0.7085878,5.3527116e-10,-1.791907e-10,0.7056227,1
633991464,633991211,0.71250623,0.0059322105,-0.00027952332,0.7016407,0.7085878,5.3527116e-10,-1.791907e-10,0.7056227,1
633996432,633996188,0.7125118,0.005950788,-0.000249309,0.701635,0.7085878,5.3527116e-10,-1.791907e-10,0.7056227,1
634001445,634001188,0.7125173,0.0059514088,-0.0002614538,0.70162934,0.7085878,5.3527116e-10,-1.791907e-10,0.7056227,1
634006474,634006210,0.7125036,0.0059413607,-0.00029047052,0.70164335,0.7085878,5.3527116e-10,-1.791907e-10,0.7056227,1
634011434,634011188,0.71249455,0.0059363437,-0.00028526594,0.7016525,0.7085878,5.3527116e-10,-1.791907e-10,0.7056227,1
634016432,634016188,0.71250355,0.005952286,-0.00027087505,0.7016433,0.7085878,5.3527116e-10,-1.791907e-10,0.7056227,1
634021475,634021213,0.7125097,0.0059669334,-0.00028890715,0.7016369,0.7085878,5.3527116e-10,-1.791907e-10,0.7056227,1
634026438,634026187,0.7125,0.0059567667,-0.00031738146,0.70164686,0.7085878,5.3527116e-10,-1.791907e-10,0.7056227,1
634031434,634031188,0.7124906,0.0059526665,-0.00030508873,0.7016564,0.7085878,5.3527116e-10,-1.791907e-10,0.7056227,1
634036469,634036210,0.7124901,0.0059510907,-0.0002948888,0.70165694,0.7085878,5.3527116e-10,-1.791907e-10,0.7056227,1
634041443,634041187,0.7124948,0.0059567266,-0.0003094776,0.70165217,0.7085878,5.3527116e-10,-1.791907e-10,0.7056227,1
634046438,634046188,0.712498,0.0059372676,-0.00031628128,0.70164895,0.7085878,5.3527116e-10,-1.791907e-10,0.7056227,1
634051463,634051211,0.71249515,0.0059286263,-0.0003058543,0.70165193,0.7085878,5.3527116e-10,-1.791907e-10,0.7056227,1
634056446,634056188,0.7124953,0.0059359805,-0.00031685812,0.7016517,0.7085878,5.3527116e-10,-1.791907e-10,0.7056227,1
634061506,634061188,0.712497,0.0059382245,-0.00032325264,0.70164996,0.7085878,5.3527116e-10,-1.791907e-10,0.7056227,1
634066458,634066210,0.7125063,0.005937967,-0.00030135133,0.7016406,0.7085878,5.3527116e-10,-1.791907e-10,0.7056227,1
634071443,634071188,0.712501,0.005938548,-0.0002848608,0.701646,0.7085878,5.3527116e-10,-1.791907e-10,0.7056227,1
634076436,634076186,0.71249163,0.005932101,-0.0002969262,0.7016555,0.7085878,5.3527116e-10,-1.791907e-10,0.7056227,1
634081458,634081211,0.7125015,0.0059332354,-0.00030504132,0.70164543,0.7085878,5.3527116e-10,-1.791907e-10,0.7056227,1
634086445,634086188,0.7125023,0.0059538283,-0.00028597232,0.70164454,0.7085878,5.3527116e-10,-1.791907e-10,0.7056227,1
634091445,634091188,0.7124959,0.0059540714,-0.00028173448,0.70165104,0.7085878,5.3527116e-10,-1.791907e-10,0.7056227,1
634096467,634096210,0.7125036,0.0059332554,-0.0002900361,0.7016434,0.7085878,5.3527116e-10,-1.791907e-10,0.7056227,1
634101447,634101188,0.7125076,0.0059430143,-0.00028935596,0.70163924,0.7085878,5.3527116e-10,-1.791907e-10,0.7056227,1
634106452,634106187,0.71250355,0.005957067,-0.00028768927,0.7016432,0.7085878,5.3527116e-10,-1.791907e-10,0.7056227,1
634111467,634111213,0.71249765,0.0059684594,-0.00028462938,0.70164907,0.7085878,5.3527116e-10,-1.791907e-10,0.7056227,1
634116438,634116187,0.7125057,0.0059612514,-0.0002819267,0.70164096,0.7085878,5.3527116e-10,-1.791907e-10,0.7056227,1
634121441,634121187,0.712509,0.0059643,-0.00029628107,0.7016376,0.7085878,5.3527116e-10,-1.791907e-10,0.7056227,1
634126470,634126211,0.7125025,0.005974479,-0.00030860034,0.7016441,0.7085878,5.3527116e-10,-1.791907e-10,0.7056227,1
634131435,634131188,0.7125032,0.005964334,-0.0003032184,0.7016434,0.7085878,5.3527116e-10,-1.791907e-10,0.7056227,1
634136437,634136187,0.7125101,0.005972462,-0.00029770992,0.7016365,0.7085878,5.3527116e-10,-1.791907e-10,0.7056227,1
634141473,634141211,0.71250546,0.005956665,-0.00030590463,0.70164126,0.7085878,5.3527116e-10,-1.791907e-10,0.7056227,1
634146426,634146187,0.71250254,0.0059231804,-0.00031511812,0.70164454,0.7085878,5.3527116e-10,-1.791907e-10,0.7056227,1
634151442,634151188,0.7125027,0.005929352,-0.00032075637,0.70164424,0.7085878,5.3527116e-10,-1.791907e-10,0.7056227,1
634156469,634156211,0.7124995,0.005941209,-0.00032670144,0.70164746,0.7085878,5.3527116e-10,-1.791907e-10,0.7056227,1
634161431,634161188,0.71250015,0.0059271036,-0.0003150962,0.7016469,0.7085878,5.3527116e-10,-1.791907e-10,0.7056227,1
634166439,634166188,0.71250707,0.005919705,-0.0003093633,0.70163995,0.7085878,5.3527116e-10,-1.791907e-10,0.7056227,1
634171465,634171211,0.7125038,0.0059255683,-0.00032850358,0.7016432,0.7085878,5.3527116e-10,-1.791907e-10,0.7056227,1
634176438,634176187,0.7125032,0.00592234,-0.0003139505,0.7016438,0.7085878,5.3527116e-10,-1.791907e-10,0.7056227,1
634181434,634181188,0.712509,0.005925913,-0.0002782968,0.7016379,0.7085878,5.3527116e-10,-1.791907e-10,0.7056227,1
634186468,634186211,0.71251875,0.00596057,-0.0002766284,0.70162773,0.7085878,5.3527116e-10,-1.791907e-10,0.7056227,1
634191496,634191188,0.712525,0.005976901,-0.0002810124,0.70162123,0.7085878,5.3527116e-10,-1.791907e-10,0.7056227,1
634196432,634196187,0.7125277,0.005964297,-0.00028594193,0.7016186,0.7085878,5.3527116e-10,-1.791907e-10,0.7056227,1
634201467,634201211,0.7125198,0.005952448,-0.00029655278,0.7016267,0.7085878,5.3527116e-10,-1.791907e-10,0.7056227,1
634206449,634206187,0.7125108,0.005966255,-0.00029313954,0.7016358,0.7085878,5.3527116e-10,-1.791907e-10,0.7056227,1
634211435,634211188,0.7125116,0.005964352,-0.0002747771,0.701635,0.7085878,5.3527116e-10,-1.791907e-10,0.7056227,1
634216468,634216211,0.7125073,0.0059643644,-0.000282509,0.70163935,0.7085878,5.3527116e-10,-1.791907e-10,0.7056227,1
634221444,634221188,0.7125035,0.005967195,-0.0003092031,0.7016431,0.7085878,5.3527116e-10,-1.791907e-10,0.7056227,1
634226439,634226187,0.7125038,0.005973321,-0.0003061239,0.70164275,0.7085878,5.3527116e-10,-1.791907e-10,0.7056227,1
634231457,634231211,0.7124982,0.0059680464,-0.00029932123,0.7016486,0.7085878,5.3527116e-10,-1.791907e-10,0.7056227,1
634236436,634236187,0.71249706,0.0059704403,-0.0003027996,0.70164967,0.7085878,5.3527116e-10,-1.791907e-10,0.7056227,1
634241441,634241188,0.71250975,0.0059711765,-0.00029614122,0.70163685,0.7085878,5.3527116e-10,-1.791907e-10,0.7056227,1
634246464,634246211,0.7125092,0.0059415814,-0.000312187,0.7016375,0.7085878,5.3527116e-10,-1.791907e-10,0.7056227,1
634251443,634251188,0.7125069,0.005912984,-0.0003398765,0.7016401,0.7085878,5.3527116e-10,-1.791907e-10,0.7056227,1
634256448,634256188,0.71251935,0.005922391,-0.00033921003,0.70162743,0.7085878,5.3527116e-10,-1.791907e-10,0.7056227,1
634261508,634261218,0.7125291,0.0059220428,-0.00033888457,0.7016175,0.7085878,5.3527116e-10,-1.791907e-10,0.7056227,1
634266439,634266187,0.712536,0.005916135,-0.00033448404,0.70161057,0.7085878,5.3527116e-10,-1.791907e-10,0.7056227,1
634271440,634271188,0.71253663,0.0059250914,-0.0003260591,0.70160985,0.7085878,5.3527116e-10,-1.791907e-10,0.7056227,1
634276463,634276211,0.71254,0.005924722,-0.0003066662,0.70160645,0.7085878,5.3527116e-10,-1.791907e-10,0.7056227,1
634281432,634281188,0.71252775,0.00592352,-0.00029110274,0.70161897,0.7085878,5.3527116e-10,-1.791907e-10,0.7056227,1
634286441,634286188,0.7125351,0.0059437174,-0.00027058437,0.70161134,0.7085878,5.3527116e-10,-1.791907e-10,0.7056227,1
634291474,634291212,0.71252406,0.0059421235,-0.00028443983,0.70162255,0.7085878,5.3527116e-10,-1.791907e-10,0.7056227,1
634296428,634296187,0.7125139,0.005927658,-0.00029319574,0.701633,0.7085878,5.3527116e-10,-1.791907e-10,0.7056227,1
634301441,634301188,0.7125069,0.005944151,-0.00028989793,0.7016399,0.7085878,5.3527116e-10,-1.791907e-10,0.7056227,1
634306495,634306211,0.7125015,0.005947045,-0.00028437877,0.7016454,0.7085878,5.3527116e-10,-1.791907e-10,0.7056227,1
634311433,634311188,0.7124952,0.0059467875,-0.00028659456,0.7016518,0.7085878,5.3527116e-10,-1.791907e-10,0.7056227,1
634316440,634316188,0.71248996,0.005942165,-0.00030404396,0.7016571,0.7085878,5.3527116e-10,-1.791907e-10,0.7056227,1
634321511,634321212,0.7124883,0.0059377295,-0.00031381365,0.70165884,0.7085878,5.3527116e-10,-1.791907e-10,0.7056227,1
634326439,634326187,0.71248597,0.005946806,-0.00032015037,0.7016611,0.7085878,5.3527116e-10,-1.791907e-10,0.7056227,1
634331433,634331188,0.7124898,0.0059563736,-0.00032712403,0.7016572,0.7085878,5.3527116e-10,-1.791907e-10,0.7056227,1
634336464,634336211,0.712501,0.0059584193,-0.00032879168,0.7016458,0.7085878,5.3527116e-10,-1.791907e-10,0.7056227,1
634341439,634341187,0.7125089,0.0059550726,-0.0003304773,0.70163774,0.7085878,5.3527116e-10,-1.791907e-10,0.7056227,1
634346432,634346188,0.71250904,0.005961464,-0.00034212953,0.70163757,0.7085878,5.3527116e-10,-1.791907e-10,0.7056227,1
634351473,634351212,0.71251196,0.005956762,-0.00035057607,0.7016347,0.7085878,5.3527116e-10,-1.791907e-10,0.7056227,1
634356435,634356187,0.71251243,0.005944455,-0.00035295857,0.7016343,0.7085878,5.3527116e-10,-1.791907e-10,0.7056227,1
634361434,634361188,0.71251637,0.0059454823,-0.00035180274,0.7016303,0.7085878,5.3527116e-10,-1.791907e-10,0.7056227,1
634366465,634366211,0.71252024,0.0059316424,-0.00035807857,0.7016265,0.7085878,5.3527116e-10,-1.791907e-10,0.7056227,1
634371443,634371188,0.7125126,0.005925065,-0.00036715856,0.7016343,0.7085878,5.3527116e-10,-1.791907e-10,0.7056227,1
634376446,634376188,0.71250916,0.005936515,-0.00036961236,0.7016377,0.7085878,5.3527116e-10,-1.791907e-10,0.7056227,1
634381461,634381211,0.7125143,0.0059462967,-0.00035933126,0.7016324,0.7085878,5.3527116e-10,-1.791907e-10,0.7056227,1
634386437,634386187,0.71250284,0.005966176,-0.00034675194,0.7016439,0.7085878,5.3527116e-10,-1.791907e-10,0.7056227,1
634391441,634391187,0.71249133,0.005960756,-0.00034113263,0.7016556,0.7085878,5.3527116e-10,-1.791907e-10,0.7056227,1
634396458,634396211,0.71248806,0.0059488136,-0.0003474046,0.701659,0.7085878,5.3527116e-10,-1.791907e-10,0.7056227,1
634401439,634401188,0.7124802,0.005944048,-0.00034627877,0.701667,0.7085878,5.3527116e-10,-1.791907e-10,0.7056227,1
634406455,634406188,0.7124814,0.0059449985,-0.0003186784,0.70166576,0.7085878,5.3527116e-10,-1.791907e-10,0.7056227,1
634411467,634411212,0.71248543,0.0059433035,-0.00031957318,0.70166177,0.7085878,5.3527116e-10,-1.791907e-10,0.7056227,1
634416436,634416187,0.71248287,0.005946664,-0.00031474602,0.70166427,0.7085878,5.3527116e-10,-1.791907e-10,0.7056227,1
634421443,634421188,0.7124761,0.0059510893,-0.0003185409,0.7016711,0.7085878,5.3527116e-10,-1.791907e-10,0.7056227,1
634426469,634426211,0.71246576,0.005942304,-0.00031913412,0.7016817,0.7085878,5.3527116e-10,-1.791907e-10,0.7056227,1
634431435,634431188,0.71247643,0.0059337616,-0.00030769815,0.7016709,0.7085878,5.3527116e-10,-1.791907e-10,0.7056227,1
634436440,634436187,0.71248484,0.005911366,-0.00030734844,0.7016626,0.7085878,5.3527116e-10,-1.791907e-10,0.7056227,1
634441467,634441211,0.7125024,0.005901427,-0.00032558065,0.7016448,0.7085878,5.3527116e-10,-1.791907e-10,0.7056227,1
634446428,634446186,0.7125157,0.0059122434,-0.0003281632,0.70163125,0.7085878,5.3527116e-10,-1.791907e-10,0.7056227,1
634451449,634451187,0.7125139,0.005947521,-0.00032545824,0.7016328,0.7085878,5.3527116e-10,-1.791907e-10,0.7056227,1
634456475,634456210,0.7125077,0.0059713456,-0.0003006054,0.7016389,0.7085878,5.3527116e-10,-1.791907e-10,0.7056227,1
634461431,634461188,0.71249074,0.005971183,-0.00028638577,0.7016561,0.7085878,5.3527116e-10,-1.791907e-10,0.7056227,1
634466442,634466188,0.7124766,0.005967402,-0.00030008284,0.70167047,0.7085878,5.3527116e-10,-1.791907e-10,0.7056227,1
634471464,634471211,0.7124723,0.005953252,-0.00033318545,0.70167494,0.7085878,5.3527116e-10,-1.791907e-10,0.7056227,1
634476430,634476187,0.71246684,0.005942694,-0.00035702233,0.7016806,0.7085878,5.3527116e-10,-1.791907e-10,0.7056227,1
634481438,634481189,0.71246564,0.0059675244,-0.00031913328,0.7016816,0.7085878,5.3527116e-10,-1.791907e-10,0.7056227,1
634486468,634486211,0.712454,0.005961618,-0.00028471692,0.7016935,0.7085878,5.3527116e-10,-1.791907e-10,0.7056227,1
634491442,634491188,0.7124441,0.0059470525,-0.00028014212,0.7017036,0.7085878,5.3527116e-10,-1.791907e-10,0.7056227,1
634496440,634496188,0.71245325,0.0059379046,-0.000315404,0.7016944,0.7085878,5.3527116e-10,-1.791907e-10,0.7056227,1
634501465,634501210,0.7124663,0.005924094,-0.00036893535,0.7016813,0.7085878,5.3527116e-10,-1.791907e-10,0.7056227,1
634506452,634506187,0.7124893,0.0059482255,-0.00037464316,0.7016578,0.7085878,5.3527116e-10,-1.791907e-10,0.7056227,1
634511436,634511188,0.7125056,0.0059728376,-0.00034389202,0.701641,0.7085878,5.3527116e-10,-1.791907e-10,0.7056227,1
634516462,634516210,0.7125035,0.0060043917,-0.0002950209,0.7016428,0.7085878,5.3527116e-10,-1.791907e-10,0.7056227,1
634521455,634521187,0.7124853,0.006011088,-0.0002926396,0.7016613,0.7085878,5.3527116e-10,-1.791907e-10,0.7056227,1
634526439,634526188,0.7124745,0.0059449617,-0.00032937515,0.7016728,0.7085878,5.3527116e-10,-1.791907e-10,0.7056227,1
634531463,634531211,0.712501,0.005932994,-0.00035015584,0.701646,0.7085878,5.3527116e-10,-1.791907e-10,0.7056227,1
634536439,634536187,0.7125218,0.0059710685,-0.00033616205,0.7016246,0.7085878,5.3527116e-10,-1.791907e-10,0.7056227,1
634541445,634541189,0.7125158,0.0060154954,-0.00033089207,0.70163023,0.7085878,5.3527116e-10,-1.791907e-10,0.7056227,1
634546453,634546210,0.71250147,0.0060014636,-0.00032026652,0.7016449,0.7085878,5.3527116e-10,-1.791907e-10,0.7056227,1
634551441,634551188,0.7125038,0.0059912456,-0.00029943188,0.7016427,0.7085878,5.3527116e-10,-1.791907e-10,0.7056227,1
634556437,634556186,0.7125166,0.0059779654,-0.00032764307,0.7016297,0.7085878,5.3527116e-10,-1.791907e-10,0.7056227,1
634561473,634561211,0.7125344,0.005949977,-0.00033494367,0.7016118,0.7085878,5.3527116e-10,-1.791907e-10,0.7056227,1
634566448,634566188,0.7125297,0.0059715095,-0.00032081938,0.7016165,0.7085878,5.3527116e-10,-1.791907e-10,0.7056227,1
634571441,634571188,0.7125125,0.006002012,-0.00029270127,0.70163375,0.7085878,5.3527116e-10,-1.791907e-10,0.7056227,1
634576465,634576212,0.7125024,0.006002082,-0.00030790994,0.70164394,0.7085878,5.3527116e-10,-1.791907e-10,0.7056227,1
634581438,634581188,0.712521,0.0059550256,-0.00034157452,0.7016255,0.7085878,5.3527116e-10,-1.791907e-10,0.7056227,1
634586442,634586187,0.71253264,0.005958125,-0.0003390948,0.7016137,0.7085878,5.3527116e-10,-1.791907e-10,0.7056227,1
634591463,634591211,0.712516,0.0059659234,-0.00034451718,0.7016304,0.7085878,5.3527116e-10,-1.791907e-10,0.7056227,1
634596445,634596191,0.71252126,0.0059742834,-0.0003373078,0.701625,0.7085878,5.3527116e-10,-1.791907e-10,0.7056227,1
634601445,634601188,0.71249986,0.005989522,-0.0003412267,0.7016466,0.7085878,5.3527116e-10,-1.791907e-10,0.7056227,1
634606499,634606211,0.71249586,0.0059468,-0.00036079707,0.70165104,0.7085878,5.3527116e-10,-1.791907e-10,0.7056227,1
634611441,634611188,0.71250814,0.00591855,-0.00039142137,0.7016388,0.7085878,5.3527116e-10,-1.791907e-10,0.7056227,1
634616440,634616187,0.71250063,0.005979921,-0.00034413236,0.701646,0.7085878,5.3527116e-10,-1.791907e-10,0.7056227,1
634621466,634621211,0.7124874,0.0060057878,-0.00032918257,0.70165914,0.7085878,5.3527116e-10,-1.791907e-10,0.7056227,1
634626432,634626188,0.7124862,0.005960195,-0.00035026122,0.70166075,0.7085878,5.3527116e-10,-1.791907e-10,0.7056227,1
634631436,634631187,0.7125007,0.0059506213,-0.00034833877,0.7016462,0.7085878,5.3527116e-10,-1.791907e-10,0.7056227,1
634636469,634636211,0.7124985,0.005990504,-0.00029800466,0.70164806,0.7085878,5.3527116e-10,-1.791907e-10,0.7056227,1
634641444,634641188,0.71251386,0.006015719,-0.00031279243,0.7016322,0.7085878,5.3527116e-10,-1.791907e-10,0.7056227,1
634646429,634646187,0.712512,0.005964319,-0.00033812897,0.7016345,0.7085878,5.3527116e-10,-1.791907e-10,0.7056227,1
634651466,634651211,0.71250886,0.0060235257,-0.00030169362,0.7016372,0.7085878,5.3527116e-10,-1.791907e-10,0.7056227,1
634656440,634656188,0.71250933,0.0060697207,-0.0002712672,0.70163643,0.7085878,5.3527116e-10,-1.791907e-10,0.7056227,1
634661434,634661188,0.712513,0.005991033,-0.0003120101,0.7016333,0.7085878,5.3527116e-10,-1.791907e-10,0.7056227,1
634666494,634666216,0.71250707,0.0059819655,-0.00029783818,0.7016395,0.7085878,5.3527116e-10,-1.791907e-10,0.7056227,1
634671442,634671188,0.71250385,0.0060400027,-0.00027796478,0.7016422,0.7085878,5.3527116e-10,-1.791907e-10,0.7056227,1
634676438,634676188,0.71250415,0.006066401,-0.0003414444,0.7016416,0.7085878,5.3527116e-10,-1.791907e-10,0.7056227,1
634681460,634681210,0.71249485,0.005955145,-0.0003428039,0.70165205,0.7085878,5.3527116e-10,-1.791907e-10,0.7056227,1
634686441,634686188,0.7125261,0.00598206,-0.00039240633,0.70162004,0.7085878,5.3527116e-10,-1.791907e-10,0.7056227,1
634691444,634691188,0.7124978,0.006022605,-0.00032273692,0.7016485,0.7085878,5.3527116e-10,-1.791907e-10,0.7056227,1
634696454,634696210,0.71252865,0.0059056245,-0.00042060367,0.701618,0.7085878,5.3527116e-10,-1.791907e-10,0.7056227,1
634701454,634701190,0.7125425,0.0058737556,-0.00042848944,0.70160425,0.7085878,5.3527116e-10,-1.791907e-10,0.7056227,1
634706462,634706188,0.7125172,0.0059945756,-0.00038122357,0.70162904,0.7085878,5.3527116e-10,-1.791907e-10,0.7056227,1
634711505,634711210,0.7125258,0.0058859787,-0.00045223872,0.7016211,0.7085878,5.3527116e-10,-1.791907e-10,0.7056227,1
634716440,634716188,0.71251094,0.0059004417,-0.00045243543,0.7016361,0.7085878,5.3527116e-10,-1.791907e-10,0.7056227,1
634721444,634721188,0.71250504,0.005937779,-0.00040354847,0.7016418,0.7085878,5.3527116e-10,-1.791907e-10,0.7056227,1
634726461,634726210,0.71251553,0.0059112418,-0.00043131644,0.7016313,0.7085878,5.3527116e-10,-1.791907e-10,0.7056227,1
634731443,634731188,0.7124664,0.0059332787,-0.00040389338,0.701681,0.7085878,5.3527116e-10,-1.791907e-10,0.7056227,1
634736445,634736188,0.7124882,0.005985225,-0.00043146545,0.7016585,0.7085878,5.3527116e-10,-1.791907e-10,0.7056227,1
634741469,634741210,0.7124987,0.005927686,-0.00041775635,0.7016483,0.7085878,5.3527116e-10,-1.791907e-10,0.7056227,1
634746438,634746188,0.7124942,0.0060526794,-0.0004062105,0.7016518,0.7085878,5.3527116e-10,-1.791907e-10,0.7056227,1
634751442,634751188,0.712536,0.0059666154,-0.00041852304,0.7016101,0.7085878,5.3527116e-10,-1.791907e-10,0.7056227,1
634756463,634756210,0.7125225,0.005988077,-0.00038766905,0.7016236,0.7085878,5.3527116e-10,-1.791907e-10,0.7056227,1
634761438,634761188,0.7125452,0.006004471,-0.0003617665,0.70160043,0.7085878,5.3527116e-10,-1.791907e-10,0.7056227,1
634766441,634766188,0.7125453,0.005965499,-0.00038738133,0.7016007,0.7085878,5.3527116e-10,-1.791907e-10,0.7056227,1
634771472,634771211,0.7125377,0.005983553,-0.00039758754,0.7016082,0.7085878,5.3527116e-10,-1.791907e-10,0.7056227,1
634776436,634776188,0.7125438,0.005974521,-0.00043274625,0.70160216,0.7085878,5.3527116e-10,-1.791907e-10,0.7056227,1
634781447,634781188,0.71253586,0.005971302,-0.0004262141,0.70161015,0.7085878,5.3527116e-10,-1.791907e-10,0.7056227,1
634786467,634786210,0.71255946,0.006043765,-0.00039659918,0.7015856,0.7085878,5.3527116e-10,-1.791907e-10,0.7056227,1
634791444,634791188,0.71255726,0.0059923693,-0.00042426787,0.7015883,0.7085878,5.3527116e-10,-1.791907e-10,0.7056227,1
634796432,634796187,0.71258104,0.0059536425,-0.00043435604,0.7015645,0.7085878,5.3527116e-10,-1.791907e-10,0.7056227,1
634801465,634801211,0.7125903,0.0058864807,-0.00048493312,0.7015556,0.7085878,5.3527116e-10,-1.791907e-10,0.7056227,1
634806455,634806188,0.7125811,0.0059113055,-0.00048459476,0.7015647,0.7085878,5.3527116e-10,-1.791907e-10,0.7056227,1
634811439,634811188,0.71257466,0.005904551,-0.000503215,0.70157135,0.7085878,5.3527116e-10,-1.791907e-10,0.7056227,1
634816469,634816210,0.71252036,0.00595973,-0.00047751775,0.701626,0.7085878,5.3527116e-10,-1.791907e-10,0.7056227,1
634821442,634821188,0.71254724,0.0059274375,-0.00048351358,0.701599,0.7085878,5.3527116e-10,-1.791907e-10,0.7056227,1
634826433,634826187,0.7125099,0.005961187,-0.0005151637,0.7016366,0.7085878,5.3527116e-10,-1.791907e-10,0.7056227,1
634831466,634831211,0.7125516,0.005922033,-0.0005060973,0.70159465,0.7085878,5.3527116e-10,-1.791907e-10,0.7056227,1
634836440,634836188,0.7125199,0.0059600906,-0.0005084394,0.7016265,0.7085878,5.3527116e-10,-1.791907e-10,0.7056227,1
634841448,634841188,0.71254545,0.005936169,-0.000483054,0.7016007,0.7085878,5.3527116e-10,-1.791907e-10,0.7056227,1
634846454,634846210,0.7125331,0.005950194,-0.0005350267,0.70161307,0.7085878,5.3527116e-10,-1.791907e-10,0.7056227,1
634851449,634851188,0.71256566,0.0059222938,-0.000539239,0.7015802,0.7085878,5.3527116e-10,-1.791907e-10,0.7056227,1
634856440,634856188,0.7125398,0.0058947396,-0.00056399626,0.70160675,0.7085878,5.3527116e-10,-1.791907e-10,0.7056227,1
634861459,634861211,0.7125468,0.0058880504,-0.00049723696,0.7015998,0.7085878,5.3527116e-10,-1.791907e-10,0.7056227,1
634866441,634866188,0.7125168,0.005917556,-0.00052571757,0.70163,0.7085878,5.3527116e-10,-1.791907e-10,0.7056227,1
634871445,634871188,0.7125186,0.0059208134,-0.00046100264,0.7016281,0.7085878,5.3527116e-10,-1.791907e-10,0.7056227,1
634876469,634876210,0.71249276,0.0059712217,-0.00053993746,0.7016539,0.7085878,5.3527116e-10,-1.791907e-10,0.7056227,1
634881440,634881188,0.712519,0.0058897333,-0.00049019314,0.701628,0.7085878,5.3527116e-10,-1.791907e-10,0.7056227,1
634886440,634886187,0.7125021,0.005904995,-0.00055764953,0.7016449,0.7085878,5.3527116e-10,-1.791907e-10,0.7056227,1
634891465,634891211,0.7125212,0.00586981,-0.0005239304,0.7016258,0.7085878,5.3527116e-10,-1.791907e-10,0.7056227,1
634896439,634896188,0.7125156,0.005902743,-0.0004589052,0.70163137,0.7085878,5.3527116e-10,-1.791907e-10,0.7056227,1
634901451,634901191,0.7125516,0.005879772,-0.0004490529,0.701595,0.7085878,5.3527116e-10,-1.791907e-10,0.7056227,1
634906498,634906210,0.7125553,0.005877861,-0.0004555777,0.7015913,0.7085878,5.3527116e-10,-1.791907e-10,0.7056227,1
634911435,634911188,0.7125471,0.0058947033,-0.00045831053,0.70159936,0.7085878,5.3527116e-10,-1.791907e-10,0.7056227,1
634916440,634916188,0.7125426,0.005828567,-0.00048462706,0.7016045,0.7085878,5.3527116e-10,-1.791907e-10,0.7056227,1
634921465,634921210,0.71252686,0.005903555,-0.0004277666,0.7016199,0.7085878,5.3527116e-10,-1.791907e-10,0.7056227,1
634926435,634926188,0.71259815,0.0059151202,-0.00043950957,0.7015474,0.7085878,5.3527116e-10,-1.791907e-10,0.7056227,1
634931442,634931188,0.712703,0.0059503415,-0.0005093686,0.7014405,0.7085878,5.3527116e-10,-1.791907e-10,0.7056227,1
634936464,634936210,0.7128797,0.0058747497,-0.0007147897,0.7012614,0.7085878,5.3527116e-10,-1.791907e-10,0.7056227,1
634941451,634941188,0.713056,0.005864176,-0.0008906473,0.70108205,0.7085878,5.3527116e-10,-1.791907e-10,0.7056227,1
634946434,634946188,0.7131576,0.005964165,-0.0009961991,0.7009777,0.7085878,5.3527116e-10,-1.791907e-10,0.7056227,1
634951469,634951211,0.7131535,0.0059686615,-0.0009958592,0.70098186,0.7085878,5.3527116e-10,-1.791907e-10,0.7056227,1
634956442,634956188,0.7130291,0.0060174004,-0.0009860335,0.70110804,0.7085878,5.3527116e-10,-1.791907e-10,0.7056227,1
634961434,634961188,0.71287596,0.005994655,-0.00093432755,0.70126396,0.7085878,5.3527116e-10,-1.791907e-10,0.7056227,1
634966463,634966210,0.7127142,0.0060139447,-0.0009748544,0.7014282,0.7085878,5.3527116e-10,-1.791907e-10,0.7056227,1
634971446,634971188,0.7125736,0.005975937,-0.0010434773,0.70157117,0.7085878,5.3527116e-10,-1.791907e-10,0.7056227,1
634976432,634976187,0.712524,0.005840797,-0.0010570943,0.70162266,0.7085878,5.3527116e-10,-1.791907e-10,0.7056227,1
634981473,634981211,0.7124845,0.0059071067,-0.0010974407,0.7016622,0.7085878,5.3527116e-10,-1.791907e-10,0.7056227,1
634986440,634986188,0.7125088,0.0058751446,-0.0010444655,0.7016378,0.7085878,5.3527116e-10,-1.791907e-10,0.7056227,1
634991447,634991188,0.71251464,0.005993051,-0.0009636842,0.701631,0.7085878,5.3527116e-10,-1.791907e-10,0.7056227,1
634996459,634996210,0.712462,0.0061101858,-0.0009302348,0.70168346,0.7085878,5.3527116e-10,-1.791907e-10,0.7056227,1
635001446,635001188,0.7124368,0.0059458246,-0.00090582296,0.7017105,0.7085878,5.3527116e-10,-1.791907e-10,0.7056227,1
635006458,635006187,0.7123432,0.0059596477,-0.0009624865,0.70180535,0.7085878,5.3527116e-10,-1.791907e-10,0.7056227,1
635011456,635011211,0.71222717,0.0058819964,-0.0009151638,0.70192385,0.7085878,5.3527116e-10,-1.791907e-10,0.7056227,1
635016440,635016188,0.7121729,0.005949031,-0.0008434158,0.7019784,0.7085878,5.3527116e-10,-1.791907e-10,0.7056227,1
635021445,635021188,0.7121478,0.006073432,-0.00078005693,0.702003,0.7085878,5.3527116e-10,-1.791907e-10,0.7056227,1
635026464,635026210,0.7121664,0.006077725,-0.0007476956,0.701984,0.7085878,5.3527116e-10,-1.791907e-10,0.7056227,1
635031447,635031188,0.71223176,0.0061431704,-0.00081516383,0.7019171,0.7085878,5.3527116e-10,-1.791907e-10,0.7056227,1
635036450,635036188,0.7122639,0.006053777,-0.00078165607,0.7018853,0.7085878,5.3527116e-10,-1.791907e-10,0.7056227,1
635041468,635041210,0.7123238,0.0060808724,-0.0007509084,0.7018243,0.7085878,5.3527116e-10,-1.791907e-10,0.7056227,1
635046433,635046188,0.7122945,0.006040679,-0.0006950012,0.7018544,0.7085878,5.3527116e-10,-1.791907e-10,0.7056227,1
635051442,635051188,0.71231675,0.0060217576,-0.0005490123,0.7018322,0.7085878,5.3527116e-10,-1.791907e-10,0.7056227,1
635056475,635056210,0.7123383,0.0060658148,-0.000548249,0.7018098,0.7085878,5.3527116e-10,-1.791907e-10,0.7056227,1
635061447,635061188,0.7123417,0.0060166526,-0.0005573834,0.70180684,0.7085878,5.3527116e-10,-1.791907e-10,0.7056227,1
635066440,635066188,0.7123688,0.005935986,-0.00061090366,0.70178,0.7085878,5.3527116e-10,-1.791907e-10,0.7056227,1
635071471,635071210,0.71240836,0.0060025174,-0.00068170315,0.7017392,0.7085878,5.3527116e-10,-1.791907e-10,0.7056227,1
635076434,635076188,0.71246016,0.005938294,-0.00057337654,0.7016872,0.7085878,5.3527116e-10,-1.791907e-10,0.7056227,1
635081441,635081188,0.7125463,0.0059714424,-0.0006630935,0.7015994,0.7085878,5.3527116e-10,-1.791907e-10,0.7056227,1
635086468,635086210,0.71256226,0.005895826,-0.0006868077,0.7015838,0.7085878,5.3527116e-10,-1.791907e-10,0.7056227,1
635091451,635091191,0.71259004,0.0058488077,-0.000743693,0.7015559,0.7085878,5.3527116e-10,-1.791907e-10,0.7056227,1
635096434,635096187,0.7125852,0.0058742785,-0.000797707,0.7015605,0.7085878,5.3527116e-10,-1.791907e-10,0.7056227,1
635101497,635101210,0.71254337,0.0058653923,-0.00075551705,0.7016031,0.7085878,5.3527116e-10,-1.791907e-10,0.7056227,1
635106455,635106188,0.712502,0.0058814106,-0.00075065077,0.701645,0.7085878,5.3527116e-10,-1.791907e-10,0.7056227,1
635111434,635111188,0.71247387,0.0059633316,-0.00073567353,0.701673,0.7085878,5.3527116e-10,-1.791907e-10,0.7056227,1
635116471,635116210,0.71246445,0.006012423,-0.00082634663,0.70168203,0.7085878,5.3527116e-10,-1.791907e-10,0.7056227,1
635121442,635121188,0.71248466,0.005993442,-0.0008586828,0.70166165,0.7085878,5.3527116e-10,-1.791907e-10,0.7056227,1
635126433,635126188,0.7125123,0.0059670783,-0.0008904016,0.70163375,0.7085878,5.3527116e-10,-1.791907e-10,0.7056227,1
635131465,635131211,0.7125564,0.0059152925,-0.0009430495,0.7015893,0.7085878,5.3527116e-10,-1.791907e-10,0.7056227,1
635136442,635136188,0.7126188,0.005810823,-0.0008473458,0.70152694,0.7085878,5.3527116e-10,-1.791907e-10,0.7056227,1
635141435,635141188,0.7125277,0.0058210003,-0.00086595415,0.7016194,0.7085878,5.3527116e-10,-1.791907e-10,0.7056227,1
635146457,635146211,0.71247226,0.0058188783,-0.0008444102,0.70167565,0.7085878,5.3527116e-10,-1.791907e-10,0.7056227,1
635151446,635151188,0.7124661,0.0057763797,-0.0008086893,0.70168227,0.7085878,5.3527116e-10,-1.791907e-10,0.7056227,1
635156441,635156188,0.7123877,0.0058980323,-0.0009301593,0.70176077,0.7085878,5.3527116e-10,-1.791907e-10,0.7056227,1
635161456,635161211,0.7123605,0.0058594835,-0.0009558175,0.7017887,0.7085878,5.3527116e-10,-1.791907e-10,0.7056227,1
635166441,635166188,0.71227384,0.005910205,-0.0010561373,0.7018761,0.7085878,5.3527116e-10,-1.791907e-10,0.7056227,1
635171442,635171188,0.7122255,0.006140194,-0.0011368172,0.701923,0.7085878,5.3527116e-10,-1.791907e-10,0.7056227,1
635176461,635176210,0.7122485,0.006066967,-0.0011019306,0.70190036,0.7085878,5.3527116e-10,-1.791907e-10,0.7056227,1
635181443,635181188,0.712191,0.0061516054,-0.0010560482,0.7019581,0.7085878,5.3527116e-10,-1.791907e-10,0.7056227,1
635186453,635186188,0.7121986,0.0062104617,-0.0009907788,0.7019499,0.7085878,5.3527116e-10,-1.791907e-10,0.7056227,1
635191472,635191211,0.71213186,0.006114217,-0.00087761134,0.70201856,0.7085878,5.3527116e-10,-1.791907e-10,0.7056227,1
635196436,635196188,0.7121343,0.0062447116,-0.0008133133,0.7020151,0.7085878,5.3527116e-10,-1.791907e-10,0.7056227,1
635201448,635201188,0.7122603,0.006211351,-0.00092040555,0.7018874,0.7085878,5.3527116e-10,-1.791907e-10,0.7056227,1
635206497,635206210,0.7122449,0.0060690967,-0.0010780917,0.701904,0.7085878,5.3527116e-10,-1.791907e-10,0.7056227,1
635211435,635211189,0.71225923,0.005997568,-0.001245479,0.7018899,0.7085878,5.3527116e-10,-1.791907e-10,0.7056227,1
635216439,635216187,0.71229815,0.005832623,-0.0014197532,0.70185137,0.7085878,5.3527116e-10,-1.791907e-10,0.7056227,1
635221463,635221210,0.71240556,0.00579157,-0.0014835101,0.7017426,0.7085878,5.3527116e-10,-1.791907e-10,0.7056227,1
635226434,635226188,0.7126686,0.0057054483,-0.0016883787,0.7014757,0.7085878,5.3527116e-10,-1.791907e-10,0.7056227,1
635231460,635231188,0.71270317,0.0055760248,-0.0018903473,0.70144105,0.7085878,5.3527116e-10,-1.791907e-10,0.7056227,1
635236463,635236210,0.7126623,0.005348989,-0.0020905524,0.7014839,0.7085878,5.3527116e-10,-1.791907e-10,0.7056227,1
635241439,635241188,0.7126985,0.005093925,-0.0023344422,0.70144814,0.7085878,5.3527116e-10,-1.791907e-10,0.7056227,1
635246440,635246188,0.7127103,0.0049144924,-0.0025277457,0.70143676,0.7085878,5.3527116e-10,-1.791907e-10,0.7056227,1
635251472,635251211,0.7127458,0.0046195094,-0.0027822608,0.70140177,0.7085878,5.3527116e-10,-1.791907e-10,0.7056227,1
635256443,635256188,0.7127407,0.0043005766,-0.0031166957,0.7014075,0.7085878,5.3527116e-10,-1.791907e-10,0.7056227,1
635261433,635261187,0.71278065,0.0039905277,-0.0036302893,0.70136625,0.7085878,5.3527116e-10,-1.791907e-10,0.7056227,1
635266461,635266210,0.71288115,0.003552464,-0.0041001886,0.7012639,0.7085878,5.3527116e-10,-1.791907e-10,0.7056227,1
635271444,635271189,0.7129724,0.0031013475,-0.004462295,0.70117104,0.7085878,5.3527116e-10,-1.791907e-10,0.7056227,1
635276432,635276187,0.71305794,0.0028254203,-0.0048932936,0.7010824,0.7085878,5.3527116e-10,-1.791907e-10,0.7056227,1
635281466,635281211,0.71305066,0.0024685021,-0.0051572486,0.70108926,0.7085878,5.3527116e-10,-1.791907e-10,0.7056227,1
635286446,635286188,0.71303415,0.0021348537,-0.0054370947,0.701105,0.7085878,5.3527116e-10,-1.791907e-10,0.7056227,1
635291435,635291188,0.71306616,0.0018589547,-0.0058045345,0.7010703,0.7085878,5.3527116e-10,-1.791907e-10,0.7056227,1
635296462,635296210,0.71304435,0.0015459647,-0.0059861746,0.70109177,0.7085878,5.3527116e-10,-1.791907e-10,0.7056227,1
635301446,635301188,0.7130233,0.0013182345,-0.0063365838,0.7011105,0.7085878,5.3527116e-10,-1.791907e-10,0.7056227,1
635306457,635306187,0.7130166,0.0011594115,-0.006705041,0.70111424,0.7085878,5.3527116e-10,-1.791907e-10,0.7056227,1
635311463,635311211,0.71303254,0.0009930758,-0.006983053,0.7010955,0.7085878,5.3527116e-10,-1.791907e-10,0.7056227,1
635316451,635316188,0.7131155,0.00096293155,-0.0073410664,0.7010075,0.7085878,5.3527116e-10,-1.791907e-10,0.7056227,1
635321441,635321188,0.713148,0.0008979587,-0.007551764,0.70097226,0.7085878,5.3527116e-10,-1.791907e-10,0.7056227,1
635326453,635326210,0.71308523,0.00082011346,-0.0076531447,0.7010352,0.7085878,5.3527116e-10,-1.791907e-10,0.7056227,1
635331442,635331188,0.71306014,0.0008776947,-0.007786521,0.7010592,0.7085878,5.3527116e-10,-1.791907e-10,0.7056227,1
635336441,635336188,0.71299005,0.0007909981,-0.00780352,0.7011304,0.7085878,5.3527116e-10,-1.791907e-10,0.7056227,1
635341466,635341211,0.7128796,0.0007028278,-0.007761986,0.70124316,0.7085878,5.3527116e-10,-1.791907e-10,0.7056227,1
635346446,635346188,0.71275026,0.00066693063,-0.0077860677,0.7013744,0.7085878,5.3527116e-10,-1.791907e-10,0.7056227,1
635351447,635351188,0.7125867,0.00050236506,-0.00771754,0.7015415,0.7085878,5.3527116e-10,-1.791907e-10,0.7056227,1
635356470,635356210,0.71246874,0.00027908228,-0.0076503702,0.7016622,0.7085878,5.3527116e-10,-1.791907e-10,0.7056227,1
635361462,635361188,0.71235836,0.00013983094,-0.007607193,0.7017748,0.7085878,5.3527116e-10,-1.791907e-10,0.7056227,1
635366448,635366188,0.7122301,-0.000117565665,-0.0074893157,0.7019062,0.7085878,5.3527116e-10,-1.791907e-10,0.7056227,1
635371464,635371211,0.71211064,-0.00026047084,-0.00742976,0.702028,0.7085878,5.3527116e-10,-1.791907e-10,0.7056227,1
635376438,635376187,0.7119073,-0.0003965544,-0.007321671,0.70223516,0.7085878,5.3527116e-10,-1.791907e-10,0.7056227,1
635381442,635381188,0.711734,-0.00058887294,-0.007091304,0.70241314,0.7085878,5.3527116e-10,-1.791907e-10,0.7056227,1
635386461,635386210,0.7116,-0.0006183491,-0.0069918255,0.7025499,0.7085878,5.3527116e-10,-1.791907e-10,0.7056227,1
635391439,635391188,0.7114162,-0.00061450206,-0.0066807587,0.70273894,0.7085878,5.3527116e-10,-1.791907e-10,0.7056227,1
635396446,635396188,0.7112325,-0.00072615355,-0.0063930894,0.7029274,0.7085878,5.3527116e-10,-1.791907e-10,0.7056227,1
635401499,635401213,0.71101284,-0.0005587111,-0.0060989093,0.70315236,0.7085878,5.3527116e-10,-1.791907e-10,0.7056227,1
635406453,635406188,0.7108241,-0.00044683705,-0.0056484384,0.7033471,0.7085878,5.3527116e-10,-1.791907e-10,0.7056227,1
635411435,635411188,0.7106273,-0.00028370376,-0.005267946,0.7035489,0.7085878,5.3527116e-10,-1.791907e-10,0.7056227,1
635416460,635416210,0.71039194,-0.00010317621,-0.0048823887,0.7037894,0.7085878,5.3527116e-10,-1.791907e-10,0.7056227,1
635421446,635421188,0.7101935,3.102854e-05,-0.004433439,0.7039926,0.7085878,5.3527116e-10,-1.791907e-10,0.7056227,1
635426433,635426187,0.70996,0.00021903265,-0.004163074,0.70422965,0.7085878,5.3527116e-10,-1.791907e-10,0.7056227,1
635431470,635431211,0.70975685,0.0003384051,-0.003969839,0.7044356,0.7085878,5.3527116e-10,-1.791907e-10,0.7056227,1
635436441,635436188,0.70964193,0.00048113565,-0.003862471,0.7045519,0.7085878,5.3527116e-10,-1.791907e-10,0.7056227,1
635441440,635441188,0.709507,0.00064882735,-0.004013561,0.7046867,0.7085878,5.3527116e-10,-1.791907e-10,0.7056227,1
635446466,635446210,0.709428,0.0007206012,-0.0040454194,0.704766,0.7085878,5.3527116e-10,-1.791907e-10,0.7056227,1
635451442,635451188,0.7093284,0.00078956544,-0.0040065655,0.7048664,0.7085878,5.3527116e-10,-1.791907e-10,0.7056227,1
635456441,635456187,0.70919675,0.0009014399,-0.0039674384,0.7049989,0.7085878,5.3527116e-10,-1.791907e-10,0.7056227,1
635461456,635461211,0.70913935,0.000863498,-0.0039048896,0.7050571,0.7085878,5.3527116e-10,-1.791907e-10,0.7056227,1
635466445,635466188,0.70907736,0.0009019187,-0.003875248,0.70511955,0.7085878,5.3527116e-10,-1.791907e-10,0.7056227,1
635471449,635471188,0.7090537,0.00081981,-0.003868431,0.7051435,0.7085878,5.3527116e-10,-1.791907e-10,0.7056227,1
635476460,635476210,0.70907944,0.00066307205,-0.003827727,0.70511794,0.7085878,5.3527116e-10,-1.791907e-10,0.7056227,1
635481442,635481188,0.70901537,0.00071320124,-0.0039050106,0.7051819,0.7085878,5.3527116e-10,-1.791907e-10,0.7056227,1
635486441,635486188,0.7090809,0.0005493744,-0.004003046,0.7051157,0.7085878,5.3527116e-10,-1.791907e-10,0.7056227,1
635491495,635491210,0.7091479,0.0004622129,-0.0042889486,0.7050466,0.7085878,5.3527116e-10,-1.791907e-10,0.7056227,1
635496446,635496188,0.70916563,0.00034873027,-0.0045898748,0.705027,0.7085878,5.3527116e-10,-1.791907e-10,0.7056227,1
635501442,635501188,0.70918036,0.00013261828,-0.004886103,0.7050102,0.7085878,5.3527116e-10,-1.791907e-10,0.7056227,1
635506500,635506210,0.7091808,0.00011726945,-0.0051000267,0.70500827,0.7085878,5.3527116e-10,-1.791907e-10,0.7056227,1
635511436,635511190,0.7091976,-6.079903e-05,-0.0052926107,0.70498997,0.7085878,5.3527116e-10,-1.791907e-10,0.7056227,1
635516442,635516188,0.7091896,-0.00012402721,-0.005394959,0.7049973,0.7085878,5.3527116e-10,-1.791907e-10,0.7056227,1
635521472,635521211,0.70918417,-0.00020745597,-0.005445062,0.7050023,0.7085878,5.3527116e-10,-1.791907e-10,0.7056227,1
635526434,635526188,0.7091503,-0.00028726924,-0.005552916,0.7050355,0.7085878,5.3527116e-10,-1.791907e-10,0.7056227,1
635531453,635531188,0.70917743,-0.00043170791,-0.0056708693,0.70500714,0.7085878,5.3527116e-10,-1.791907e-10,0.7056227,1
635536466,635536210,0.7093028,-0.0005116498,-0.0058809794,0.7048793,0.7085878,5.3527116e-10,-1.791907e-10,0.7056227,1
635541437,635541188,0.70943767,-0.0006153025,-0.0061591985,0.7047411,0.7085878,5.3527116e-10,-1.791907e-10,0.7056227,1
635546440,635546187,0.7097065,-0.0007467165,-0.006492529,0.7044673,0.7085878,5.3527116e-10,-1.791907e-10,0.7056227,1
635551466,635551211,0.7098561,-0.00088728504,-0.0069608726,0.70431185,0.7085878,5.3527116e-10,-1.791907e-10,0.7056227,1
635556429,635556187,0.7099221,-0.0010369505,-0.007245283,0.7042422,0.7085878,5.3527116e-10,-1.791907e-10,0.7056227,1
635561435,635561188,0.7099664,-0.0012847455,-0.007322852,0.7041963,0.7085878,5.3527116e-10,-1.791907e-10,0.7056227,1
635566471,635566211,0.70992476,-0.0014181765,-0.0073936773,0.7042373,0.7085878,5.3527116e-10,-1.791907e-10,0.7056227,1
635571441,635571187,0.70989394,-0.0015792294,-0.007373227,0.7042683,0.7085878,5.3527116e-10,-1.791907e-10,0.7056227,1
635576436,635576187,0.709865,-0.0017518941,-0.00745328,0.70429623,0.7085878,5.3527116e-10,-1.791907e-10,0.7056227,1
635581466,635581211,0.70981413,-0.001911348,-0.0076247365,0.7043452,0.7085878,5.3527116e-10,-1.791907e-10,0.7056227,1
635586443,635586187,0.7098861,-0.002138752,-0.0077581685,0.70427054,0.7085878,5.3527116e-10,-1.791907e-10,0.7056227,1
635591435,635591188,0.7098598,-0.00227938,-0.0080778655,0.7042931,0.7085878,5.3527116e-10,-1.791907e-10,0.7056227,1
635596473,635596211,0.7098674,-0.0024020795,-0.008355645,0.70428175,0.7085878,5.3527116e-10,-1.791907e-10,0.7056227,1
635601441,635601187,0.709907,-0.0025586048,-0.008556178,0.70423883,0.7085878,5.3527116e-10,-1.791907e-10,0.7056227,1
635606448,635606188,0.70988965,-0.0025488737,-0.008689324,0.7042547,0.7085878,5.3527116e-10,-1.791907e-10,0.7056227,1
635611466,635611212,0.70990974,-0.0025810248,-0.008639022,0.70423496,0.7085878,5.3527116e-10,-1.791907e-10,0.7056227,1
635616434,635616187,0.70981514,-0.002636632,-0.008525655,0.7043315,0.7085878,5.3527116e-10,-1.791907e-10,0.7056227,1
635621452,635621188,0.7097162,-0.0025543105,-0.008437109,0.7044326,0.7085878,5.3527116e-10,-1.791907e-10,0.7056227,1
635626458,635626211,0.70969224,-0.0025519298,-0.008354571,0.70445776,0.7085878,5.3527116e-10,-1.791907e-10,0.7056227,1
635631447,635631188,0.70961785,-0.0025362384,-0.008188467,0.7045347,0.7085878,5.3527116e-10,-1.791907e-10,0.7056227,1
635636445,635636187,0.70959496,-0.0025511095,-0.008089006,0.70455885,0.7085878,5.3527116e-10,-1.791907e-10,0.7056227,1
635641475,635641212,0.7095457,-0.0025912526,-0.007905605,0.7046104,0.7085878,5.3527116e-10,-1.791907e-10,0.7056227,1
635646438,635646187,0.7094648,-0.0025194024,-0.0076815113,0.7046945,0.7085878,5.3527116e-10,-1.791907e-10,0.7056227,1
635651442,635651188,0.70954084,-0.0026020473,-0.007530048,0.7046193,0.7085878,5.3527116e-10,-1.791907e-10,0.7056227,1
635656471,635656211,0.7096198,-0.002579428,-0.007437643,0.70454085,0.7085878,5.3527116e-10,-1.791907e-10,0.7056227,1
635661433,635661187,0.7096956,-0.002484521,-0.007392831,0.7044653,0.7085878,5.3527116e-10,-1.791907e-10,0.7056227,1
635666442,635666188,0.7097839,-0.0025885645,-0.0075025302,0.70437485,0.7085878,5.3527116e-10,-1.791907e-10,0.7056227,1
635671469,635671213,0.7098575,-0.002509531,-0.007743841,0.7042983,0.7085878,5.3527116e-10,-1.791907e-10,0.7056227,1
635676429,635676187,0.7099447,-0.0024515176,-0.008082549,0.70420676,0.7085878,5.3527116e-10,-1.791907e-10,0.7056227,1
635681443,635681188,0.7100217,-0.002585497,-0.008420814,0.70412475,0.7085878,5.3527116e-10,-1.791907e-10,0.7056227,1
635686471,635686211,0.7098366,-0.0026083086,-0.008704327,0.70430785,0.7085878,5.3527116e-10,-1.791907e-10,0.7056227,1
635691434,635691188,0.7095405,-0.0028533933,-0.008934872,0.7046023,0.7085878,5.3527116e-10,-1.791907e-10,0.7056227,1
635696443,635696188,0.7093013,-0.003139955,-0.009115741,0.70483965,0.7085878,5.3527116e-10,-1.791907e-10,0.7056227,1
635701468,635701212,0.70907295,-0.0034371635,-0.009495574,0.7050628,0.7085878,5.3527116e-10,-1.791907e-10,0.7056227,1
635706446,635706187,0.7088498,-0.0038407084,-0.009966242,0.70527864,0.7085878,5.3527116e-10,-1.791907e-10,0.7056227,1
635711440,635711188,0.7085603,-0.0042824177,-0.010603341,0.7055577,0.7085878,5.3527116e-10,-1.791907e-10,0.7056227,1
635716472,635716211,0.70833206,-0.0046617906,-0.011365936,0.7057726,0.7085878,5.3527116e-10,-1.791907e-10,0.7056227,1
635721439,635721187,0.7082675,-0.0050790086,-0.012187989,0.7058207,0.7085878,5.3527116e-10,-1.791907e-10,0.7056227,1
635726435,635726188,0.70815295,-0.0053151045,-0.013043413,0.7059186,0.7085878,5.3527116e-10,-1.791907e-10,0.7056227,1
635731494,635731212,0.7079644,-0.0055892607,-0.013666915,0.7060937,0.7085878,5.3527116e-10,-1.791907e-10,0.7056227,1
635736439,635736187,0.70776045,-0.0056691435,-0.014215568,0.7062868,0.7085878,5.3527116e-10,-1.791907e-10,0.7056227,1
635741435,635741188,0.70755774,-0.0056786845,-0.014649807,0.7064809,0.7085878,5.3527116e-10,-1.791907e-10,0.7056227,1
635746465,635746211,0.7073877,-0.0056523997,-0.014955892,0.706645,0.7085878,5.3527116e-10,-1.791907e-10,0.7056227,1
635751446,635751188,0.70713305,-0.0055080373,-0.015299144,0.7068936,0.7085878,5.3527116e-10,-1.791907e-10,0.7056227,1
635756435,635756188,0.7069144,-0.0054187775,-0.015487054,0.7071088,0.7085878,5.3527116e-10,-1.791907e-10,0.7056227,1
635761526,635761235,0.7067385,-0.0051630093,-0.015733335,0.7072811,0.7085878,5.3527116e-10,-1.791907e-10,0.7056227,1
635766437,635766187,0.70657015,-0.004970287,-0.015956428,0.7074457,0.7085878,5.3527116e-10,-1.791907e-10,0.7056227,1
635771442,635771188,0.70646465,-0.0047574723,-0.016150396,0.70754814,0.7085878,5.3527116e-10,-1.791907e-10,0.7056227,1
635776459,635776211,0.706283,-0.0045050667,-0.016371794,0.707726,0.7085878,5.3527116e-10,-1.791907e-10,0.7056227,1
635781441,635781188,0.7060985,-0.0043081664,-0.016467303,0.70790905,0.7085878,5.3527116e-10,-1.791907e-10,0.7056227,1
635786445,635786188,0.70596045,-0.0040822616,-0.016609658,0.7080447,0.7085878,5.3527116e-10,-1.791907e-10,0.7056227,1
635791473,635791212,0.705757,-0.0039344733,-0.016614804,0.7082482,0.7085878,5.3527116e-10,-1.791907e-10,0.7056227,1
635796448,635796190,0.70548034,-0.0037681693,-0.01660977,0.7085249,0.7085878,5.3527116e-10,-1.791907e-10,0.7056227,1
635801443,635801188,0.7052014,-0.0036141917,-0.016564753,0.70880437,0.7085878,5.3527116e-10,-1.791907e-10,0.7056227,1
635806496,635806211,0.7049417,-0.003572535,-0.01640711,0.7090665,0.7085878,5.3527116e-10,-1.791907e-10,0.7056227,1
635811434,635811188,0.70468944,-0.0034604557,-0.016210416,0.70932233,0.7085878,5.3527116e-10,-1.791907e-10,0.7056227,1
635816441,635816188,0.7044532,-0.0034991526,-0.016040077,0.70956063,0.7085878,5.3527116e-10,-1.791907e-10,0.7056227,1
635821497,635821211,0.70417506,-0.0036130617,-0.015826626,0.7098409,0.7085878,5.3527116e-10,-1.791907e-10,0.7056227,1
635826427,635826187,0.7038824,-0.0037040473,-0.0156101445,0.71013534,0.7085878,5.3527116e-10,-1.791907e-10,0.7056227,1
635831443,635831188,0.7036371,-0.0038479955,-0.015335962,0.7103836,0.7085878,5.3527116e-10,-1.791907e-10,0.7056227,1
635836466,635836211,0.7033373,-0.0039890883,-0.015045475,0.7106859,0.7085878,5.3527116e-10,-1.791907e-10,0.7056227,1
635841435,635841188,0.7030649,-0.0041129217,-0.014591888,0.71096414,0.7085878,5.3527116e-10,-1.791907e-10,0.7056227,1
635846445,635846188,0.7027974,-0.0042270524,-0.014107764,0.71123767,0.7085878,5.3527116e-10,-1.791907e-10,0.7056227,1
635851473,635851212,0.7025683,-0.004307702,-0.013724986,0.711471,0.7085878,5.3527116e-10,-1.791907e-10,0.7056227,1
635856430,635856187,0.7023747,-0.0044612973,-0.013322835,0.71166885,0.7085878,5.3527116e-10,-1.791907e-10,0.7056227,1
635861448,635861188,0.7021005,-0.0045434544,-0.01303782,0.71194404,0.7085878,5.3527116e-10,-1.791907e-10,0.7056227,1
635866464,635866211,0.7018609,-0.004677125,-0.01272094,0.71218514,0.7085878,5.3527116e-10,-1.791907e-10,0.7056227,1
635871442,635871187,0.7015934,-0.004767065,-0.012441111,0.712453,0.7085878,5.3527116e-10,-1.791907e-10,0.7056227,1
635876432,635876187,0.7013343,-0.004807674,-0.012102608,0.7127136,0.7085878,5.3527116e-10,-1.791907e-10,0.7056227,1
635881467,635881212,0.7010478,-0.004655719,-0.011866303,0.7130005,0.7085878,5.3527116e-10,-1.791907e-10,0.7056227,1
635886437,635886187,0.700749,-0.0045178365,-0.0116093485,0.7132993,0.7085878,5.3527116e-10,-1.791907e-10,0.7056227,1
635891435,635891188,0.70052236,-0.004380659,-0.011330245,0.7135271,0.7085878,5.3527116e-10,-1.791907e-10,0.7056227,1
635896471,635896211,0.70030695,-0.0040882365,-0.011156838,0.713743,0.7085878,5.3527116e-10,-1.791907e-10,0.7056227,1
635901443,635901188,0.70009047,-0.0038508778,-0.010913325,0.71396047,0.7085878,5.3527116e-10,-1.791907e-10,0.7056227,1
635906448,635906187,0.69986767,-0.0036683439,-0.010708056,0.714183,0.7085878,5.3527116e-10,-1.791907e-10,0.7056227,1
635911467,635911211,0.699663,-0.0034820638,-0.010500034,0.7143875,0.7085878,5.3527116e-10,-1.791907e-10,0.7056227,1
635916441,635916187,0.6994101,-0.0032947615,-0.010233798,0.7146398,0.7085878,5.3527116e-10,-1.791907e-10,0.7056227,1
635921444,635921188,0.69903916,-0.0032256932,-0.009926497,0.7150073,0.7085878,5.3527116e-10,-1.791907e-10,0.7056227,1
635926465,635926211,0.6987269,-0.0031848145,-0.0095237,0.71531814,0.7085878,5.3527116e-10,-1.791907e-10,0.7056227,1
635931443,635931187,0.69839317,-0.003130281,-0.00929981,0.71564716,0.7085878,5.3527116e-10,-1.791907e-10,0.7056227,1
635936447,635936188,0.6980694,-0.0031657752,-0.009042549,0.7159661,0.7085878,5.3527116e-10,-1.791907e-10,0.7056227,1
635941464,635941211,0.6977625,-0.0032750927,-0.0089064,0.71626633,0.7085878,5.3527116e-10,-1.791907e-10,0.7056227,1
635946436,635946187,0.6974633,-0.0032823295,-0.008836453,0.7165585,0.7085878,5.3527116e-10,-1.791907e-10,0.7056227,1
635951441,635951188,0.6972107,-0.0032835554,-0.0088119395,0.7168046,0.7085878,5.3527116e-10,-1.791907e-10,0.7056227,1
635956462,635956210,0.6969561,-0.003180274,-0.008758755,0.7170533,0.7085878,5.3527116e-10,-1.791907e-10,0.7056227,1
635961443,635961188,0.6966841,-0.0031126116,-0.008712207,0.7173184,0.7085878,5.3527116e-10,-1.791907e-10,0.7056227,1
635966450,635966188,0.69639,-0.0029225394,-0.008686835,0.7176051,0.7085878,5.3527116e-10,-1.791907e-10,0.7056227,1
635971473,635971211,0.69610786,-0.0027159515,-0.008525676,0.7178815,0.7085878,5.3527116e-10,-1.791907e-10,0.7056227,1
635976431,635976187,0.6958043,-0.0023693019,-0.008333293,0.71817917,0.7085878,5.3527116e-10,-1.791907e-10,0.7056227,1
635981443,635981188,0.69554424,-0.0021475952,-0.008112631,0.71843433,0.7085878,5.3527116e-10,-1.791907e-10,0.7056227,1
635986460,635986210,0.69528484,-0.001839634,-0.007860988,0.71868896,0.7085878,5.3527116e-10,-1.791907e-10,0.7056227,1
635991434,635991188,0.69498646,-0.00158834,-0.0077049234,0.71897984,0.7085878,5.3527116e-10,-1.791907e-10,0.7056227,1
635996448,635996191,0.6947403,-0.0014140655,-0.007492429,0.71922034,0.7085878,5.3527116e-10,-1.791907e-10,0.7056227,1
636001465,636001211,0.69451606,-0.0011950749,-0.0072914953,0.71943927,0.7085878,5.3527116e-10,-1.791907e-10,0.7056227,1
636006446,636006187,0.69428486,-0.0010275783,-0.0071185203,0.7196644,0.7085878,5.3527116e-10,-1.791907e-10,0.7056227,1
636011450,636011188,0.6940734,-0.00092029275,-0.0069364607,0.71987027,0.7085878,5.3527116e-10,-1.791907e-10,0.7056227,1
636016465,636016210,0.6938294,-0.0008699766,-0.006782209,0.72010696,0.7085878,5.3527116e-10,-1.791907e-10,0.7056227,1
636021447,636021187,0.693618,-0.0008325978,-0.006697807,0.7203114,0.7085878,5.3527116e-10,-1.791907e-10,0.7056227,1
636026435,636026188,0.69346124,-0.0008899494,-0.006596938,0.7204632,0.7085878,5.3527116e-10,-1.791907e-10,0.7056227,1
636031472,636031211,0.69331604,-0.0007982304,-0.006455607,0.72060436,0.7085878,5.3527116e-10,-1.791907e-10,0.7056227,1
636036442,636036187,0.69317,-0.00072347466,-0.006266645,0.7207466,0.7085878,5.3527116e-10,-1.791907e-10,0.7056227,1
636041436,636041188,0.6930666,-0.00061923044,-0.0059669428,0.7208487,0.7085878,5.3527116e-10,-1.791907e-10,0.7056227,1
636046461,636046210,0.693016,-0.00049478584,-0.005691727,0.72089964,0.7085878,5.3527116e-10,-1.791907e-10,0.7056227,1
636051442,636051187,0.6930013,-0.0003821996,-0.0054602646,0.7209156,0.7085878,5.3527116e-10,-1.791907e-10,0.7056227,1
636056434,636056188,0.692925,-0.00022582947,-0.005298335,0.7209902,0.7085878,5.3527116e-10,-1.791907e-10,0.7056227,1
636061465,636061211,0.6928385,-0.00020836854,-0.0051784376,0.7210742,0.7085878,5.3527116e-10,-1.791907e-10,0.7056227,1
636066441,636066188,0.692821,-8.1285674e-05,-0.0051264255,0.7210914,0.7085878,5.3527116e-10,-1.791907e-10,0.7056227,1
636071447,636071190,0.69283336,-1.7781622e-05,-0.0050794245,0.7210799,0.7085878,5.3527116e-10,-1.791907e-10,0.7056227,1
636076457,636076211,0.69279087,3.6761234e-05,-0.0050352807,0.721121,0.7085878,5.3527116e-10,-1.791907e-10,0.7056227,1
636081447,636081188,0.6927901,0.00013081334,-0.004942586,0.72112244,0.7085878,5.3527116e-10,-1.791907e-10,0.7056227,1
636086446,636086188,0.6928322,0.00026557638,-0.0048407647,0.7210826,0.7085878,5.3527116e-10,-1.791907e-10,0.7056227,1
636091462,636091211,0.6929321,0.00046044844,-0.0046898033,0.72098744,0.7085878,5.3527116e-10,-1.791907e-10,0.7056227,1
636096447,636096187,0.6929568,0.00057639123,-0.004521085,0.7209647,0.7085878,5.3527116e-10,-1.791907e-10,0.7056227,1
636101452,636101188,0.69295377,0.00074650615,-0.0043660384,0.7209685,0.7085878,5.3527116e-10,-1.791907e-10,0.7056227,1
636106512,636106210,0.69295454,0.0009328387,-0.0042191744,0.7209684,0.7085878,5.3527116e-10,-1.791907e-10,0.7056227,1
636111442,636111188,0.6929863,0.0010525093,-0.004054598,0.7209387,0.7085878,5.3527116e-10,-1.791907e-10,0.7056227,1
636116440,636116187,0.6929854,0.001217158,-0.003985153,0.72093964,0.7085878,5.3527116e-10,-1.791907e-10,0.7056227,1
636121465,636121211,0.6929866,0.0013092761,-0.0039026958,0.72093874,0.7085878,5.3527116e-10,-1.791907e-10,0.7056227,1
636126433,636126188,0.6929563,0.0014362474,-0.003878561,0.72096777,0.7085878,5.3527116e-10,-1.791907e-10,0.7056227,1
636131450,636131190,0.69299287,0.0015804647,-0.0037795843,0.7209329,0.7085878,5.3527116e-10,-1.791907e-10,0.7056227,1
636136493,636136210,0.6930807,0.0017541235,-0.0036455225,0.72084874,0.7085878,5.3527116e-10,-1.791907e-10,0.7056227,1
636141433,636141188,0.69316024,0.00202408,-0.0034767953,0.7207724,0.7085878,5.3527116e-10,-1.791907e-10,0.7056227,1
636146442,636146188,0.6932104,0.0021582553,-0.0032515693,0.7207247,0.7085878,5.3527116e-10,-1.791907e-10,0.7056227,1
636151465,636151211,0.6932537,0.0024234399,-0.0030998073,0.7206829,0.7085878,5.3527116e-10,-1.791907e-10,0.7056227,1
636156431,636156187,0.6932727,0.0025916894,-0.0029089754,0.72066486,0.7085878,5.3527116e-10,-1.791907e-10,0.7056227,1
636161455,636161190,0.6933407,0.00273423,-0.0027352325,0.72059965,0.7085878,5.3527116e-10,-1.791907e-10,0.7056227,1
636166463,636166210,0.69336015,0.002923822,-0.0026769515,0.7205804,0.7085878,5.3527116e-10,-1.791907e-10,0.7056227,1
636171435,636171188,0.6933623,0.0029565059,-0.0025767025,0.7205785,0.7085878,5.3527116e-10,-1.791907e-10,0.7056227,1
636176434,636176188,0.6933889,0.0030814235,-0.0024296637,0.7205529,0.7085878,5.3527116e-10,-1.791907e-10,0.7056227,1
636181470,636181211,0.6934439,0.0032212567,-0.00231159,0.72049975,0.7085878,5.3527116e-10,-1.791907e-10,0.7056227,1
636186440,636186188,0.6935526,0.0033391856,-0.002156207,0.720395,0.7085878,5.3527116e-10,-1.791907e-10,0.7056227,1
636191436,636191188,0.6935731,0.0034727852,-0.001961182,0.7203752,0.7085878,5.3527116e-10,-1.791907e-10,0.7056227,1
636196462,636196210,0.6935907,0.0034642047,-0.0018126238,0.7203588,0.7085878,5.3527116e-10,-1.791907e-10,0.7056227,1
636201444,636201188,0.69364506,0.0036444117,-0.0017052642,0.7203058,0.7085878,5.3527116e-10,-1.791907e-10,0.7056227,1
636206453,636206188,0.69368404,0.0037790658,-0.0015740133,0.72026783,0.7085878,5.3527116e-10,-1.791907e-10,0.7056227,1
636211470,636211211,0.69375104,0.0038398358,-0.0014146547,0.72020334,0.7085878,5.3527116e-10,-1.791907e-10,0.7056227,1
636216441,636216188,0.6937625,0.004046205,-0.0014387215,0.7201912,0.7085878,5.3527116e-10,-1.791907e-10,0.7056227,1
636221436,636221188,0.6938394,0.004096569,-0.0015042808,0.7201167,0.7085878,5.3527116e-10,-1.791907e-10,0.7056227,1
636226514,636226210,0.69395864,0.0041606557,-0.0016006101,0.72000116,0.7085878,5.3527116e-10,-1.791907e-10,0.7056227,1
636231444,636231189,0.6939915,0.004237633,-0.0016846657,0.7199688,0.7085878,5.3527116e-10,-1.791907e-10,0.7056227,1
636236441,636236188,0.6940661,0.0042586937,-0.0017580173,0.71989655,0.7085878,5.3527116e-10,-1.791907e-10,0.7056227,1
636241466,636241211,0.6941208,0.004398755,-0.0018352582,0.71984273,0.7085878,5.3527116e-10,-1.791907e-10,0.7056227,1
636246445,636246188,0.6942306,0.0044145035,-0.0017761217,0.71973693,0.7085878,5.3527116e-10,-1.791907e-10,0.7056227,1
636251449,636251188,0.6943486,0.0045183897,-0.0017268301,0.7196226,0.7085878,5.3527116e-10,-1.791907e-10,0.7056227,1
636256467,636256210,0.6944135,0.0045739547,-0.0016926174,0.7195597,0.7085878,5.3527116e-10,-1.791907e-10,0.7056227,1
636261441,636261188,0.6945204,0.004539108,-0.0015874743,0.71945703,0.7085878,5.3527116e-10,-1.791907e-10,0.7056227,1
636266441,636266188,0.69462734,0.0046365066,-0.0015385746,0.71935326,0.7085878,5.3527116e-10,-1.791907e-10,0.7056227,1
636271465,636271211,0.6947544,0.0046362095,-0.0015032225,0.71923053,0.7085878,5.3527116e-10,-1.791907e-10,0.7056227,1
636276434,636276188,0.69486016,0.004584706,-0.0015916795,0.7191286,0.7085878,5.3527116e-10,-1.791907e-10,0.7056227,1
636281442,636281188,0.6948974,0.004639356,-0.0016996826,0.719092,0.7085878,5.3527116e-10,-1.791907e-10,0.7056227,1
636286462,636286210,0.69501173,0.004571988,-0.0017683442,0.7189818,0.7085878,5.3527116e-10,-1.791907e-10,0.7056227,1
636291435,636291188,0.6951643,0.0046821064,-0.001850247,0.7188333,0.7085878,5.3527116e-10,-1.791907e-10,0.7056227,1
636296454,636296188,0.6953379,0.0046762577,-0.0018493073,0.7186655,0.7085878,5.3527116e-10,-1.791907e-10,0.7056227,1
636301470,636301211,0.6954797,0.0047156066,-0.0018584102,0.7185279,0.7085878,5.3527116e-10,-1.791907e-10,0.7056227,1
636306448,636306188,0.6956108,0.0047307853,-0.0018691255,0.7184009,0.7085878,5.3527116e-10,-1.791907e-10,0.7056227,1
636311443,636311188,0.6957783,0.0046487926,-0.0018381287,0.71823925,0.7085878,5.3527116e-10,-1.791907e-10,0.7056227,1
636316460,636316210,0.69593924,0.0046234736,-0.0018791795,0.71808344,0.7085878,5.3527116e-10,-1.791907e-10,0.7056227,1
636321434,636321188,0.696072,0.004530036,-0.0018932178,0.7179553,0.7085878,5.3527116e-10,-1.791907e-10,0.7056227,1
636326441,636326188,0.6961503,0.0044573657,-0.0018765901,0.7178799,0.7085878,5.3527116e-10,-1.791907e-10,0.7056227,1
636331465,636331210,0.69626683,0.004397161,-0.0019557734,0.71776694,0.7085878,5.3527116e-10,-1.791907e-10,0.7056227,1
636336442,636336188,0.6964644,0.0042952024,-0.0019811136,0.7175757,0.7085878,5.3527116e-10,-1.791907e-10,0.7056227,1
636341439,636341188,0.69666314,0.0042934213,-0.0020690511,0.71738255,0.7085878,5.3527116e-10,-1.791907e-10,0.7056227,1
636346475,636346210,0.6968171,0.0042360164,-0.002182601,0.7172331,0.7085878,5.3527116e-10,-1.791907e-10,0.7056227,1
636351439,636351188,0.69698405,0.0042443722,-0.0022337933,0.7170707,0.7085878,5.3527116e-10,-1.791907e-10,0.7056227,1
636356494,636356188,0.6972014,0.004317518,-0.0023363444,0.71685857,0.7085878,5.3527116e-10,-1.791907e-10,0.7056227,1
636361468,636361210,0.6973295,0.00431328,-0.0023723473,0.7167338,0.7085878,5.3527116e-10,-1.791907e-10,0.7056227,1
636366442,636366188,0.69742715,0.004311646,-0.002476856,0.71663845,0.7085878,5.3527116e-10,-1.791907e-10,0.7056227,1
636371435,636371188,0.69753027,0.00424632,-0.0025641536,0.71653813,0.7085878,5.3527116e-10,-1.791907e-10,0.7056227,1
636376460,636376210,0.69768614,0.004153104,-0.0027021149,0.7163865,0.7085878,5.3527116e-10,-1.791907e-10,0.7056227,1
636381442,636381188,0.6978451,0.0041157026,-0.0028253,0.7162314,0.7085878,5.3527116e-10,-1.791907e-10,0.7056227,1
636386445,636386187,0.6979884,0.003934596,-0.002914913,0.7160924,0.7085878,5.3527116e-10,-1.791907e-10,0.7056227,1
636391462,636391211,0.69817287,0.0038847579,-0.0030201678,0.71591234,0.7085878,5.3527116e-10,-1.791907e-10,0.7056227,1
636396441,636396188,0.69831115,0.0038152914,-0.0031608518,0.7157772,0.7085878,5.3527116e-10,-1.791907e-10,0.7056227,1
636401453,636401188,0.69847476,0.0036794387,-0.0032879186,0.7156177,0.7085878,5.3527116e-10,-1.791907e-10,0.7056227,1
636406472,636406210,0.69859225,0.0036540797,-0.0035604283,0.7155019,0.7085878,5.3527116e-10,-1.791907e-10,0.7056227,1
636411444,636411188,0.69870317,0.003512127,-0.0037725272,0.7153932,0.7085878,5.3527116e-10,-1.791907e-10,0.7056227,1
636416440,636416188,0.69880867,0.0033858342,-0.0040256204,0.71528935,0.7085878,5.3527116e-10,-1.791907e-10,0.7056227,1
636421466,636421211,0.6989289,0.0032661778,-0.0042999913,0.7151708,0.7085878,5.3527116e-10,-1.791907e-10,0.7056227,1
636426441,636426187,0.6991106,0.003087622,-0.004505256,0.7149927,0.7085878,5.3527116e-10,-1.791907e-10,0.7056227,1
636431450,636431188,0.6992473,0.0030204493,-0.0047350614,0.7148579,0.7085878,5.3527116e-10,-1.791907e-10,0.7056227,1
636436467,636436210,0.6994025,0.0028730563,-0.0049093347,0.71470547,0.7085878,5.3527116e-10,-1.791907e-10,0.7056227,1
636441435,636441188,0.69960296,0.0027016685,-0.005040685,0.71450895,0.7085878,5.3527116e-10,-1.791907e-10,0.7056227,1
636446442,636446188,0.699793,0.0025917243,-0.0052222474,0.714322,0.7085878,5.3527116e-10,-1.791907e-10,0.7056227,1
636451473,636451211,0.6999341,0.0023983282,-0.005348594,0.71418345,0.7085878,5.3527116e-10,-1.791907e-10,0.7056227,1
636456432,636456188,0.7000249,0.0023382897,-0.0053890534,0.7140944,0.7085878,5.3527116e-10,-1.791907e-10,0.7056227,1
636461459,636461188,0.7002306,0.0021716286,-0.0055839354,0.7138917,0.7085878,5.3527116e-10,-1.791907e-10,0.7056227,1
636466468,636466210,0.7004127,0.0020737997,-0.0057456195,0.71371204,0.7085878,5.3527116e-10,-1.791907e-10,0.7056227,1
636471435,636471188,0.7005486,0.0019827627,-0.006009898,0.7135767,0.7085878,5.3527116e-10,-1.791907e-10,0.7056227,1
636476441,636476188,0.700701,0.0018162915,-0.0061536613,0.7134263,0.7085878,5.3527116e-10,-1.791907e-10,0.7056227,1
636481464,636481210,0.7008907,0.0017836536,-0.0063749924,0.713238,0.7085878,5.3527116e-10,-1.791907e-10,0.7056227,1
636486498,636486188,0.7011909,0.0017092323,-0.006715306,0.71294,0.7085878,5.3527116e-10,-1.791907e-10,0.7056227,1
636491436,636491188,0.70144004,0.0016206943,-0.0070141135,0.7126922,0.7085878,5.3527116e-10,-1.791907e-10,0.7056227,1
636496463,636496210,0.7015727,0.0015677307,-0.0074687,0.7125571,0.7085878,5.3527116e-10,-1.791907e-10,0.7056227,1
636501443,636501188,0.7017022,0.001376086,-0.007866985,0.7124257,0.7085878,5.3527116e-10,-1.791907e-10,0.7056227,1
636506454,636506188,0.701872,0.0012672743,-0.008238759,0.71225435,0.7085878,5.3527116e-10,-1.791907e-10,0.7056227,1
636511471,636511211,0.70204437,0.0011431997,-0.008562433,0.7120809,0.7085878,5.3527116e-10,-1.791907e-10,0.7056227,1
636516441,636516188,0.7021101,0.0009105595,-0.008817671,0.7120133,0.7085878,5.3527116e-10,-1.791907e-10,0.7056227,1
636521437,636521188,0.70216215,0.00074197876,-0.009019747,0.7119596,0.7085878,5.3527116e-10,-1.791907e-10,0.7056227,1
636526465,636526210,0.70232034,0.00054906786,-0.009253878,0.7118007,0.7085878,5.3527116e-10,-1.791907e-10,0.7056227,1
636531443,636531188,0.7025585,0.00034251806,-0.009402683,0.7115638,0.7085878,5.3527116e-10,-1.791907e-10,0.7056227,1
636536442,636536187,0.70269424,0.00016020806,-0.00968196,0.7114262,0.7085878,5.3527116e-10,-1.791907e-10,0.7056227,1
636541459,636541211,0.70275235,-9.5277675e-05,-0.009912502,0.7113656,0.7085878,5.3527116e-10,-1.791907e-10,0.7056227,1
636546446,636546188,0.7029099,-0.00024026782,-0.010149785,0.71120656,0.7085878,5.3527116e-10,-1.791907e-10,0.7056227,1
636551450,636551188,0.7031038,-0.00033136533,-0.010399404,0.7110112,0.7085878,5.3527116e-10,-1.791907e-10,0.7056227,1
636556466,636556210,0.703248,-0.00038075523,-0.010624748,0.71086514,0.7085878,5.3527116e-10,-1.791907e-10,0.7056227,1
636561439,636561188,0.7032973,-0.00036596504,-0.010815515,0.7108135,0.7085878,5.3527116e-10,-1.791907e-10,0.7056227,1
636566444,636566188,0.7034033,-0.0003675783,-0.010929114,0.7107069,0.7085878,5.3527116e-10,-1.791907e-10,0.7056227,1
636571465,636571211,0.7036189,-0.00035965114,-0.011021692,0.710492,0.7085878,5.3527116e-10,-1.791907e-10,0.7056227,1
636576446,636576188,0.7038042,-0.00024413095,-0.011209195,0.7103055,0.7085878,5.3527116e-10,-1.791907e-10,0.7056227,1
636581443,636581188,0.7039571,-0.00023849164,-0.011243556,0.7101535,0.7085878,5.3527116e-10,-1.791907e-10,0.7056227,1
636586468,636586210,0.7041412,-8.6970904e-05,-0.011219195,0.7099713,0.7085878,5.3527116e-10,-1.791907e-10,0.7056227,1
636591436,636591188,0.7043575,0.00014402479,-0.011325072,0.7097551,0.7085878,5.3527116e-10,-1.791907e-10,0.7056227,1
636596453,636596190,0.70458645,0.00024267925,-0.011294539,0.70952827,0.7085878,5.3527116e-10,-1.791907e-10,0.7056227,1
636601471,636601210,0.70477104,0.00047892323,-0.0112351915,0.7093457,0.7085878,5.3527116e-10,-1.791907e-10,0.7056227,1
636606448,636606188,0.7049117,0.0006820848,-0.01128943,0.7092049,0.7085878,5.3527116e-10,-1.791907e-10,0.7056227,1
636611445,636611189,0.7051261,0.0007964983,-0.011312161,0.7089913,0.7085878,5.3527116e-10,-1.791907e-10,0.7056227,1
636616464,636616210,0.7053421,0.001082851,-0.011354987,0.70877534,0.7085878,5.3527116e-10,-1.791907e-10,0.7056227,1
636621434,636621188,0.7055251,0.0012271007,-0.011361032,0.70859283,0.7085878,5.3527116e-10,-1.791907e-10,0.7056227,1
636626440,636626188,0.7056712,0.0013247359,-0.0114200935,0.70844626,0.7085878,5.3527116e-10,-1.791907e-10,0.7056227,1
636631466,636631211,0.705882,0.0015705674,-0.011470292,0.70823485,0.7085878,5.3527116e-10,-1.791907e-10,0.7056227,1
636636442,636636188,0.70619166,0.001692147,-0.011522604,0.707925,0.7085878,5.3527116e-10,-1.791907e-10,0.7056227,1
636641436,636641188,0.7064829,0.001913291,-0.0113935545,0.7076359,0.7085878,5.3527116e-10,-1.791907e-10,0.7056227,1
636646471,636646213,0.7068726,0.0021303615,-0.011535081,0.7072437,0.7085878,5.3527116e-10,-1.791907e-10,0.7056227,1
636651450,636651187,0.7072312,0.0022894447,-0.0116662355,0.7068825,0.7085878,5.3527116e-10,-1.791907e-10,0.7056227,1
636656430,636656187,0.7075071,0.0024996237,-0.011841854,0.7066027,0.7085878,5.3527116e-10,-1.791907e-10,0.7056227,1
636661473,636661211,0.7077957,0.002685988,-0.01206366,0.7063092,0.7085878,5.3527116e-10,-1.791907e-10,0.7056227,1
636666440,636666188,0.70804167,0.0028449497,-0.012298453,0.7060579,0.7085878,5.3527116e-10,-1.791907e-10,0.7056227,1
636671435,636671188,0.7083036,0.0030213315,-0.012704719,0.7057872,0.7085878,5.3527116e-10,-1.791907e-10,0.7056227,1
636676464,636676210,0.70856524,0.003137903,-0.0130147645,0.70551836,0.7085878,5.3527116e-10,-1.791907e-10,0.7056227,1
636681450,636681189,0.7087668,0.0032932342,-0.013411706,0.70530766,0.7085878,5.3527116e-10,-1.791907e-10,0.7056227,1
636686433,636686187,0.7090485,0.0033193934,-0.01387734,0.7050153,0.7085878,5.3527116e-10,-1.791907e-10,0.7056227,1
636691458,636691211,0.70939416,0.003283426,-0.014240608,0.70466053,0.7085878,5.3527116e-10,-1.791907e-10,0.7056227,1
636696450,636696188,0.70962864,0.0034323274,-0.014653207,0.7044152,0.7085878,5.3527116e-10,-1.791907e-10,0.7056227,1
636701442,636701188,0.7098862,0.0035738277,-0.014957446,0.7041486,0.7085878,5.3527116e-10,-1.791907e-10,0.7056227,1
636706471,636706210,0.71015567,0.0037804777,-0.015133936,0.70387197,0.7085878,5.3527116e-10,-1.791907e-10,0.7056227,1
636711452,636711188,0.71037215,0.0039867405,-0.0153512815,0.7036476,0.7085878,5.3527116e-10,-1.791907e-10,0.7056227,1
636716439,636716186,0.71059126,0.004208127,-0.015490821,0.703422,0.7085878,5.3527116e-10,-1.791907e-10,0.7056227,1
636721465,636721211,0.71079284,0.004441472,-0.015541021,0.7032158,0.7085878,5.3527116e-10,-1.791907e-10,0.7056227,1
636726441,636726188,0.7110614,0.0045717685,-0.015658494,0.70294076,0.7085878,5.3527116e-10,-1.791907e-10,0.7056227,1
636731446,636731188,0.7113086,0.0048671574,-0.01564795,0.7026889,0.7085878,5.3527116e-10,-1.791907e-10,0.7056227,1
636736463,636736210,0.7115389,0.0052339174,-0.01563655,0.70245326,0.7085878,5.3527116e-10,-1.791907e-10,0.7056227,1
636741443,636741188,0.71188426,0.005576016,-0.015572702,0.70210207,0.7085878,5.3527116e-10,-1.791907e-10,0.7056227,1
636746447,636746187,0.7121646,0.005922189,-0.015317301,0.70182055,0.7085878,5.3527116e-10,-1.791907e-10,0.7056227,1
636751471,636751211,0.7124424,0.0063244062,-0.015195523,0.70153755,0.7085878,5.3527116e-10,-1.791907e-10,0.7056227,1
636756434,636756188,0.71287227,0.0067510596,-0.015100093,0.7010988,0.7085878,5.3527116e-10,-1.791907e-10,0.7056227,1
636761451,636761193,0.7132566,0.007200402,-0.014981973,0.70070595,0.7085878,5.3527116e-10,-1.791907e-10,0.7056227,1
636766469,636766210,0.7135156,0.007572197,-0.014948436,0.70043904,0.7085878,5.3527116e-10,-1.791907e-10,0.7056227,1
636771437,636771189,0.7136842,0.008133149,-0.014979738,0.7002602,0.7085878,5.3527116e-10,-1.791907e-10,0.7056227,1
636776439,636776187,0.7139221,0.008527941,-0.015027724,0.70001197,0.7085878,5.3527116e-10,-1.791907e-10,0.7056227,1
636781466,636781211,0.71421266,0.008932855,-0.015132249,0.6997082,0.7085878,5.3527116e-10,-1.791907e-10,0.7056227,1
636786440,636786188,0.7143929,0.009354388,-0.015160522,0.699518,0.7085878,5.3527116e-10,-1.791907e-10,0.7056227,1
636791439,636791188,0.7145425,0.009792737,-0.0152250165,0.6993578,0.7085878,5.3527116e-10,-1.791907e-10,0.7056227,1
636796471,636796210,0.7148119,0.01017299,-0.015330095,0.6990747,0.7085878,5.3527116e-10,-1.791907e-10,0.7056227,1
636801446,636801188,0.7151072,0.010642704,-0.015334649,0.69876564,0.7085878,5.3527116e-10,-1.791907e-10,0.7056227,1
636806446,636806187,0.7153452,0.010958371,-0.015290485,0.69851804,0.7085878,5.3527116e-10,-1.791907e-10,0.7056227,1
636811466,636811211,0.7156199,0.01132215,-0.01528144,0.69823104,0.7085878,5.3527116e-10,-1.791907e-10,0.7056227,1
636816443,636816188,0.71590924,0.011645324,-0.015138123,0.6979322,0.7085878,5.3527116e-10,-1.791907e-10,0.7056227,1
636821434,636821187,0.71620005,0.011961217,-0.015005048,0.69763124,0.7085878,5.3527116e-10,-1.791907e-10,0.7056227,1
636826464,636826210,0.71643597,0.012292243,-0.0149348285,0.6973847,0.7085878,5.3527116e-10,-1.791907e-10,0.7056227,1
636831449,636831188,0.7166413,0.012523667,-0.014787396,0.69717276,0.7085878,5.3527116e-10,-1.791907e-10,0.7056227,1
636836430,636836187,0.71680796,0.01267519,-0.0146077275,0.6970025,0.7085878,5.3527116e-10,-1.791907e-10,0.7056227,1
636841457,636841210,0.716996,0.01300515,-0.014450039,0.69680625,0.7085878,5.3527116e-10,-1.791907e-10,0.7056227,1
636846443,636846188,0.7171898,0.013224861,-0.014212091,0.69660753,0.7085878,5.3527116e-10,-1.791907e-10,0.7056227,1
636851446,636851188,0.71735555,0.013439434,-0.013906108,0.6964389,0.7085878,5.3527116e-10,-1.791907e-10,0.7056227,1
636856455,636856210,0.7175852,0.013706444,-0.013572206,0.69620365,0.7085878,5.3527116e-10,-1.791907e-10,0.7056227,1
636861457,636861188,0.71787095,0.013993874,-0.013272711,0.695909,0.7085878,5.3527116e-10,-1.791907e-10,0.7056227,1
636866437,636866186,0.7180952,0.014214037,-0.012842412,0.6956813,0.7085878,5.3527116e-10,-1.791907e-10,0.7056227,1
636871473,636871211,0.7183083,0.014510568,-0.01233395,0.6954642,0.7085878,5.3527116e-10,-1.791907e-10,0.7056227,1
636876458,636876188,0.71851915,0.0148046315,-0.011847986,0.6952487,0.7085878,5.3527116e-10,-1.791907e-10,0.7056227,1
636881445,636881188,0.71866345,0.014997317,-0.01129489,0.6951046,0.7085878,5.3527116e-10,-1.791907e-10,0.7056227,1
636886463,636886210,0.7187992,0.015285343,-0.010613148,0.69496876,0.7085878,5.3527116e-10,-1.791907e-10,0.7056227,1
636891449,636891189,0.7188888,0.015557994,-0.009919029,0.6948802,0.7085878,5.3527116e-10,-1.791907e-10,0.7056227,1
636896437,636896186,0.7189717,0.015712172,-0.009161064,0.69480133,0.7085878,5.3527116e-10,-1.791907e-10,0.7056227,1
636901466,636901211,0.7191409,0.015854923,-0.008420334,0.69463235,0.7085878,5.3527116e-10,-1.791907e-10,0.7056227,1
636906451,636906188,0.7192839,0.0160005,-0.0076834704,0.6944896,0.7085878,5.3527116e-10,-1.791907e-10,0.7056227,1
636911442,636911188,0.7194178,0.016074356,-0.0068228818,0.6943581,0.7085878,5.3527116e-10,-1.791907e-10,0.7056227,1
636916464,636916210,0.7195852,0.01616073,-0.0059830644,0.6941903,0.7085878,5.3527116e-10,-1.791907e-10,0.7056227,1
636921460,636921188,0.71973187,0.016118202,-0.00527774,0.69404507,0.7085878,5.3527116e-10,-1.791907e-10,0.7056227,1
636926443,636926187,0.7199003,0.016113108,-0.004448054,0.69387627,0.7085878,5.3527116e-10,-1.791907e-10,0.7056227,1
636931471,636931211,0.7200956,0.01606017,-0.0038002636,0.6936787,0.7085878,5.3527116e-10,-1.791907e-10,0.7056227,1
636936435,636936188,0.7202706,0.015952915,-0.003344371,0.6935018,0.7085878,5.3527116e-10,-1.791907e-10,0.7056227,1
636941441,636941188,0.7204027,0.015758311,-0.002856447,0.69337106,0.7085878,5.3527116e-10,-1.791907e-10,0.7056227,1
636946462,636946210,0.72048575,0.015577643,-0.0024594367,0.6932905,0.7085878,5.3527116e-10,-1.791907e-10,0.7056227,1
636951444,636951188,0.7206032,0.015326724,-0.0021823305,0.69317484,0.7085878,5.3527116e-10,-1.791907e-10,0.7056227,1
636956431,636956187,0.72070813,0.015019913,-0.0018606912,0.69307345,0.7085878,5.3527116e-10,-1.791907e-10,0.7056227,1
636961467,636961211,0.72080714,0.014745675,-0.0016064934,0.6929771,0.7085878,5.3527116e-10,-1.791907e-10,0.7056227,1
636966443,636966188,0.7209071,0.014464351,-0.0013417086,0.69287956,0.7085878,5.3527116e-10,-1.791907e-10,0.7056227,1
636971433,636971187,0.7210472,0.01415962,-0.0010566408,0.6927405,0.7085878,5.3527116e-10,-1.791907e-10,0.7056227,1
636976493,636976210,0.72130436,0.013853719,-0.00093401887,0.69247913,0.7085878,5.3527116e-10,-1.791907e-10,0.7056227,1
636981442,636981188,0.7215652,0.013562459,-0.00081429974,0.69221324,0.7085878,5.3527116e-10,-1.791907e-10,0.7056227,1
636986432,636986187,0.72170883,0.013216115,-0.0007649324,0.69207025,0.7085878,5.3527116e-10,-1.791907e-10,0.7056227,1
636991466,636991211,0.72184193,0.012879544,-0.00090897037,0.6919376,0.7085878,5.3527116e-10,-1.791907e-10,0.7056227,1
636996448,636996188,0.72198415,0.012575728,-0.0009900391,0.69179463,0.7085878,5.3527116e-10,-1.791907e-10,0.7056227,1
637001444,637001190,0.7221214,0.012199518,-0.0010290528,0.691658,0.7085878,5.3527116e-10,-1.791907e-10,0.7056227,1
637006498,637006210,0.72217715,0.011791563,-0.0011963325,0.69160664,0.7085878,5.3527116e-10,-1.791907e-10,0.7056227,1
637011445,637011188,0.7222073,0.011528049,-0.0013444747,0.6915794,0.7085878,5.3527116e-10,-1.791907e-10,0.7056227,1
637016441,637016187,0.72228825,0.01118615,-0.0014065751,0.6915003,0.7085878,5.3527116e-10,-1.791907e-10,0.7056227,1
637021459,637021211,0.7224156,0.010807363,-0.0014941216,0.6913731,0.7085878,5.3527116e-10,-1.791907e-10,0.7056227,1
637026451,637026188,0.722501,0.010534642,-0.0015592991,0.6912879,0.7085878,5.3527116e-10,-1.791907e-10,0.7056227,1
637031441,637031187,0.72256535,0.010232172,-0.0016171943,0.69122505,0.7085878,5.3527116e-10,-1.791907e-10,0.7056227,1
637036464,637036210,0.7226508,0.0099607175,-0.0015440456,0.6911398,0.7085878,5.3527116e-10,-1.791907e-10,0.7056227,1
637041443,637041188,0.722736,0.00978199,-0.0014763761,0.69105345,0.7085878,5.3527116e-10,-1.791907e-10,0.7056227,1
637046440,637046187,0.72275066,0.009585563,-0.0013323608,0.6910412,0.7085878,5.3527116e-10,-1.791907e-10,0.7056227,1
637051466,637051211,0.72275126,0.009412974,-0.0011520279,0.6910432,0.7085878,5.3527116e-10,-1.791907e-10,0.7056227,1
637056435,637056188,0.72271997,0.009248563,-0.00090544275,0.6910785,0.7085878,5.3527116e-10,-1.791907e-10,0.7056227,1
637061446,637061187,0.7227178,0.009166897,-0.00057927833,0.6910822,0.7085878,5.3527116e-10,-1.791907e-10,0.7056227,1
637066470,637066210,0.7227267,0.009112179,-0.00022866135,0.69107383,0.7085878,5.3527116e-10,-1.791907e-10,0.7056227,1
637071444,637071188,0.72271276,0.009159893,0.00021400554,0.6910878,0.7085878,5.3527116e-10,-1.791907e-10,0.7056227,1
637076436,637076187,0.7227004,0.009176636,0.0006626225,0.69110024,0.7085878,5.3527116e-10,-1.791907e-10,0.7056227,1
637081473,637081211,0.7227264,0.00919311,0.0011284497,0.6910722,0.7085878,5.3527116e-10,-1.791907e-10,0.7056227,1
637086433,637086188,0.7227537,0.009255313,0.001678218,0.69104177,0.7085878,5.3527116e-10,-1.791907e-10,0.7056227,1
637091444,637091188,0.7227431,0.009414954,0.002274978,0.69104904,0.7085878,5.3527116e-10,-1.791907e-10,0.7056227,1
637096465,637096211,0.7226839,0.009550029,0.002854402,0.69110686,0.7085878,5.3527116e-10,-1.791907e-10,0.7056227,1
637101453,637101188,0.722616,0.009745512,0.0034280492,0.69117254,0.7085878,5.3527116e-10,-1.791907e-10,0.7056227,1
637106444,637106187,0.72258943,0.009968771,0.004102,0.6911935,0.7085878,5.3527116e-10,-1.791907e-10,0.7056227,1
637111466,637111211,0.7226044,0.010168397,0.00473475,0.6911708,0.7085878,5.3527116e-10,-1.791907e-10,0.7056227,1
637116441,637116188,0.72256964,0.010422062,0.0053534196,0.6911989,0.7085878,5.3527116e-10,-1.791907e-10,0.7056227,1
637121435,637121188,0.72253376,0.010639294,0.0060366127,0.69122744,0.7085878,5.3527116e-10,-1.791907e-10,0.7056227,1
637126475,637126213,0.7225879,0.010896736,0.0066861566,0.6911609,0.7085878,5.3527116e-10,-1.791907e-10,0.7056227,1
637131444,637131188,0.72259504,0.01110144,0.00734097,0.6911436,0.7085878,5.3527116e-10,-1.791907e-10,0.7056227,1
637136434,637136186,0.7225374,0.011299339,0.007993915,0.6911933,0.7085878,5.3527116e-10,-1.791907e-10,0.7056227,1
637141466,637141211,0.72249484,0.01150634,0.008724089,0.6912256,0.7085878,5.3527116e-10,-1.791907e-10,0.7056227,1
637146442,637146188,0.7224509,0.011730306,0.009368677,0.69125926,0.7085878,5.3527116e-10,-1.791907e-10,0.7056227,1
637151442,637151187,0.7223422,0.011884537,0.010015931,0.6913612,0.7085878,5.3527116e-10,-1.791907e-10,0.7056227,1
637156458,637156211,0.7222554,0.012050152,0.010632721,0.6914397,0.7085878,5.3527116e-10,-1.791907e-10,0.7056227,1
637161458,637161188,0.7222054,0.012220871,0.011254796,0.69147915,0.7085878,5.3527116e-10,-1.791907e-10,0.7056227,1
637166437,637166187,0.7221701,0.01235361,0.011853421,0.6915037,0.7085878,5.3527116e-10,-1.791907e-10,0.7056227,1
637171458,637171211,0.72215754,0.012376414,0.012362774,0.69150746,0.7085878,5.3527116e-10,-1.791907e-10,0.7056227,1
637176442,637176188,0.7221335,0.012478577,0.012852236,0.69152176,0.7085878,5.3527116e-10,-1.791907e-10,0.7056227,1
637181442,637181188,0.7220886,0.012524178,0.013368569,0.6915581,0.7085878,5.3527116e-10,-1.791907e-10,0.7056227,1
637186472,637186211,0.7220177,0.012519358,0.013818295,0.69162333,0.7085878,5.3527116e-10,-1.791907e-10,0.7056227,1
637191442,637191188,0.721958,0.012558502,0.0142612755,0.69167596,0.7085878,5.3527116e-10,-1.791907e-10,0.7056227,1
637196444,637196187,0.7218932,0.012611584,0.014691482,0.69173366,0.7085878,5.3527116e-10,-1.791907e-10,0.7056227,1
637201466,637201211,0.7217728,0.012563377,0.015121681,0.69185084,0.7085878,5.3527116e-10,-1.791907e-10,0.7056227,1
637206449,637206188,0.7216814,0.012555529,0.015497553,0.69193804,0.7085878,5.3527116e-10,-1.791907e-10,0.7056227,1
637211446,637211187,0.72159296,0.012593294,0.015823198,0.6920222,0.7085878,5.3527116e-10,-1.791907e-10,0.7056227,1
637216471,637216211,0.72154665,0.012527808,0.016145574,0.6920642,0.7085878,5.3527116e-10,-1.791907e-10,0.7056227,1
637221447,637221188,0.721468,0.012577895,0.016468393,0.6921377,0.7085878,5.3527116e-10,-1.791907e-10,0.7056227,1
637226437,637226187,0.7213873,0.0125715695,0.016698776,0.69221634,0.7085878,5.3527116e-10,-1.791907e-10,0.7056227,1
637231466,637231211,0.72134686,0.012548391,0.016955556,0.69225276,0.7085878,5.3527116e-10,-1.791907e-10,0.7056227,1
637236434,637236188,0.72128385,0.012565077,0.0171642,0.6923129,0.7085878,5.3527116e-10,-1.791907e-10,0.7056227,1
637241442,637241187,0.72119486,0.012547253,0.017394962,0.6924001,0.7085878,5.3527116e-10,-1.791907e-10,0.7056227,1
637246467,637246211,0.7210826,0.012523121,0.017580943,0.69251275,0.7085878,5.3527116e-10,-1.791907e-10,0.7056227,1
637251440,637251188,0.721006,0.012531662,0.01770397,0.6925893,0.7085878,5.3527116e-10,-1.791907e-10,0.7056227,1
637256431,637256187,0.7209242,0.012536397,0.01784166,0.6926708,0.7085878,5.3527116e-10,-1.791907e-10,0.7056227,1
637261463,637261205,0.72081625,0.012509262,0.017981458,0.6927801,0.7085878,5.3527116e-10,-1.791907e-10,0.7056227,1
637266442,637266188,0.7207187,0.012481927,0.01803736,0.69288063,0.7085878,5.3527116e-10,-1.791907e-10,0.7056227,1
637271433,637271188,0.72065,0.012481376,0.018098354,0.6929505,0.7085878,5.3527116e-10,-1.791907e-10,0.7056227,1
637276464,637276211,0.7206214,0.0124402605,0.018167213,0.6929792,0.7085878,5.3527116e-10,-1.791907e-10,0.7056227,1
637281443,637281188,0.72052443,0.012439203,0.018191239,0.6930794,0.7085878,5.3527116e-10,-1.791907e-10,0.7056227,1
637286430,637286186,0.7204397,0.012441649,0.01814696,0.6931685,0.7085878,5.3527116e-10,-1.791907e-10,0.7056227,1
637291474,637291212,0.7203683,0.012479032,0.018121915,0.69324267,0.7085878,5.3527116e-10,-1.791907e-10,0.7056227,1
637296447,637296189,0.72029585,0.012491453,0.01805813,0.69331944,0.7085878,5.3527116e-10,-1.791907e-10,0.7056227,1
637301435,637301188,0.7201791,0.012470598,0.01795511,0.6934438,0.7085878,5.3527116e-10,-1.791907e-10,0.7056227,1
637306474,637306210,0.7200733,0.012491649,0.017829828,0.6935564,0.7085878,5.3527116e-10,-1.791907e-10,0.7056227,1
637311444,637311189,0.7200341,0.012486025,0.017704062,0.6936004,0.7085878,5.3527116e-10,-1.791907e-10,0.7056227,1
637316436,637316186,0.7199681,0.012423257,0.01754578,0.69367415,0.7085878,5.3527116e-10,-1.791907e-10,0.7056227,1
637321458,637321211,0.7199075,0.0123262005,0.017415732,0.693742,0.7085878,5.3527116e-10,-1.791907e-10,0.7056227,1
637326447,637326188,0.719802,0.012300916,0.017266726,0.69385564,0.7085878,5.3527116e-10,-1.791907e-10,0.7056227,1
637331440,637331187,0.7197449,0.01220215,0.017091362,0.6939209,0.7085878,5.3527116e-10,-1.791907e-10,0.7056227,1
637336465,637336211,0.7196537,0.01207844,0.016986974,0.69402033,0.7085878,5.3527116e-10,-1.791907e-10,0.7056227,1
637341443,637341188,0.71954566,0.012014049,0.016800558,0.69413793,0.7085878,5.3527116e-10,-1.791907e-10,0.7056227,1
637346442,637346187,0.7194501,0.011938883,0.016611855,0.6942428,0.7085878,5.3527116e-10,-1.791907e-10,0.7056227,1
637351495,637351211,0.719363,0.01179597,0.016451115,0.69433933,0.7085878,5.3527116e-10,-1.791907e-10,0.7056227,1
637356429,637356187,0.71927774,0.011707926,0.01624286,0.69443405,0.7085878,5.3527116e-10,-1.791907e-10,0.7056227,1
637361447,637361187,0.71917653,0.011649751,0.016046328,0.6945444,0.7085878,5.3527116e-10,-1.791907e-10,0.7056227,1
637366470,637366211,0.71909404,0.011576182,0.015908213,0.6946342,0.7085878,5.3527116e-10,-1.791907e-10,0.7056227,1
637371438,637371187,0.7190055,0.011537043,0.015787465,0.69472927,0.7085878,5.3527116e-10,-1.791907e-10,0.7056227,1
637376439,637376187,0.7189251,0.011521768,0.015631251,0.6948163,0.7085878,5.3527116e-10,-1.791907e-10,0.7056227,1
637381467,637381213,0.71884745,0.01152769,0.015545253,0.69489855,0.7085878,5.3527116e-10,-1.791907e-10,0.7056227,1
637386426,637386186,0.71879363,0.011584794,0.015486136,0.69495445,0.7085878,5.3527116e-10,-1.791907e-10,0.7056227,1
637391441,637391188,0.71871483,0.011623984,0.015443272,0.6950363,0.7085878,5.3527116e-10,-1.791907e-10,0.7056227,1
637396509,637396211,0.71861094,0.011695945,0.015432236,0.69514275,0.7085878,5.3527116e-10,-1.791907e-10,0.7056227,1
637401433,637401188,0.7185212,0.011817114,0.015422876,0.69523364,0.7085878,5.3527116e-10,-1.791907e-10,0.7056227,1
637406454,637406187,0.71842813,0.011933017,0.01546642,0.6953269,0.7085878,5.3527116e-10,-1.791907e-10,0.7056227,1
637411473,637411213,0.7183555,0.0120217595,0.015537812,0.69539887,0.7085878,5.3527116e-10,-1.791907e-10,0.7056227,1
637416437,637416187,0.7182549,0.012148231,0.015507715,0.6955012,0.7085878,5.3527116e-10,-1.791907e-10,0.7056227,1
637421434,637421188,0.71815807,0.012252608,0.015513259,0.6955992,0.7085878,5.3527116e-10,-1.791907e-10,0.7056227,1
637426466,637426211,0.7180746,0.012390959,0.015616394,0.6956807,0.7085878,5.3527116e-10,-1.791907e-10,0.7056227,1
637431441,637431188,0.7180058,0.012495273,0.015682444,0.69574827,0.7085878,5.3527116e-10,-1.791907e-10,0.7056227,1
637436435,637436187,0.71792156,0.012641222,0.015669696,0.69583285,0.7085878,5.3527116e-10,-1.791907e-10,0.7056227,1
637441469,637441212,0.71782696,0.012749476,0.015663335,0.69592863,0.7085878,5.3527116e-10,-1.791907e-10,0.7056227,1
637446435,637446187,0.71772385,0.012904859,0.0156762,0.69603175,0.7085878,5.3527116e-10,-1.791907e-10,0.7056227,1
637451434,637451187,0.7176567,0.013005201,0.015664065,0.69609946,0.7085878,5.3527116e-10,-1.791907e-10,0.7056227,1
637456470,637456211,0.71753293,0.013116553,0.015587038,0.6962267,0.7085878,5.3527116e-10,-1.791907e-10,0.7056227,1
637461441,637461188,0.71742404,0.013234812,0.015469541,0.6963393,0.7085878,5.3527116e-10,-1.791907e-10,0.7056227,1
637466444,637466188,0.7173152,0.013375018,0.015376714,0.69645077,0.7085878,5.3527116e-10,-1.791907e-10,0.7056227,1
637471460,637471212,0.7172321,0.013457362,0.015280142,0.6965369,0.7085878,5.3527116e-10,-1.791907e-10,0.7056227,1
637476440,637476187,0.71711564,0.013533002,0.015108421,0.696659,0.7085878,5.3527116e-10,-1.791907e-10,0.7056227,1
637481447,637481188,0.7169641,0.013623675,0.014877306,0.6968182,0.7085878,5.3527116e-10,-1.791907e-10,0.7056227,1
637486457,637486211,0.7168765,0.013720523,0.014722784,0.69690967,0.7085878,5.3527116e-10,-1.791907e-10,0.7056227,1
637491445,637491187,0.71680504,0.013815494,0.014564734,0.69698465,0.7085878,5.3527116e-10,-1.791907e-10,0.7056227,1
637496449,637496188,0.7166607,0.01387005,0.014358001,0.6971363,0.7085878,5.3527116e-10,-1.791907e-10,0.7056227,1
637501505,637501212,0.71654034,0.01392463,0.01416033,0.69726294,0.7085878,5.3527116e-10,-1.791907e-10,0.7056227,1
637506449,637506187,0.71641415,0.014051151,0.014023613,0.6973928,0.7085878,5.3527116e-10,-1.791907e-10,0.7056227,1
637511442,637511188,0.71631145,0.014202398,0.01392465,0.6974972,0.7085878,5.3527116e-10,-1.791907e-10,0.7056227,1
637516465,637516211,0.7161979,0.014304756,0.013836176,0.6976135,0.7085878,5.3527116e-10,-1.791907e-10,0.7056227,1
637521433,637521187,0.7160656,0.014398164,0.013718435,0.6977497,0.7085878,5.3527116e-10,-1.791907e-10,0.7056227,1
637526458,637526187,0.71596265,0.014582738,0.01360626,0.69785374,0.7085878,5.3527116e-10,-1.791907e-10,0.7056227,1
637531493,637531212,0.7158454,0.014757267,0.013570057,0.697971,0.7085878,5.3527116e-10,-1.791907e-10,0.7056227,1
637536428,637536187,0.7157399,0.014897107,0.013480547,0.698078,0.7085878,5.3527116e-10,-1.791907e-10,0.7056227,1
637541441,637541188,0.7156471,0.014998932,0.013383463,0.69817287,0.7085878,5.3527116e-10,-1.791907e-10,0.7056227,1
637546466,637546211,0.71550035,0.015146357,0.013286495,0.6983218,0.7085878,5.3527116e-10,-1.791907e-10,0.7056227,1
637551434,637551188,0.71544534,0.0152889155,0.013173273,0.69837725,0.7085878,5.3527116e-10,-1.791907e-10,0.7056227,1
637556441,637556187,0.7154181,0.015359749,0.012940756,0.69840795,0.7085878,5.3527116e-10,-1.791907e-10,0.7056227,1
637561497,637561211,0.7153043,0.01542339,0.0127178,0.69852716,0.7085878,5.3527116e-10,-1.791907e-10,0.7056227,1
637566441,637566187,0.715218,0.015378103,0.012433614,0.69862163,0.7085878,5.3527116e-10,-1.791907e-10,0.7056227,1
637571436,637571188,0.7151319,0.015435849,0.012107645,0.69871426,0.7085878,5.3527116e-10,-1.791907e-10,0.7056227,1
637576469,637576211,0.7150627,0.015511346,0.011826089,0.6987883,0.7085878,5.3527116e-10,-1.791907e-10,0.7056227,1
637581441,637581188,0.71497476,0.015461154,0.0115254745,0.69888425,0.7085878,5.3527116e-10,-1.791907e-10,0.7056227,1
637586433,637586188,0.71485734,0.015361052,0.011130214,0.699013,0.7085878,5.3527116e-10,-1.791907e-10,0.7056227,1
637591470,637591211,0.71477336,0.015273392,0.010841807,0.6991053,0.7085878,5.3527116e-10,-1.791907e-10,0.7056227,1
637596437,637596187,0.71471995,0.015250142,0.010559812,0.6991648,0.7085878,5.3527116e-10,-1.791907e-10,0.7056227,1
637601446,637601188,0.71465194,0.01523139,0.01027357,0.6992389,0.7085878,5.3527116e-10,-1.791907e-10,0.7056227,1
637606500,637606211,0.71455663,0.015116133,0.010049653,0.6993421,0.7085878,5.3527116e-10,-1.791907e-10,0.7056227,1
637611442,637611187,0.7144472,0.015026426,0.009858013,0.6994586,0.7085878,5.3527116e-10,-1.791907e-10,0.7056227,1
637616442,637616188,0.71437263,0.015042804,0.009647992,0.69953734,0.7085878,5.3527116e-10,-1.791907e-10,0.7056227,1
637621462,637621212,0.714292,0.015028472,0.009464128,0.6996225,0.7085878,5.3527116e-10,-1.791907e-10,0.7056227,1
637626440,637626186,0.71419734,0.014984039,0.009318821,0.699722,0.7085878,5.3527116e-10,-1.791907e-10,0.7056227,1
637631448,637631188,0.7140873,0.014984924,0.009211315,0.69983566,0.7085878,5.3527116e-10,-1.791907e-10,0.7056227,1
637636462,637636211,0.71401995,0.014951862,0.009109151,0.69990647,0.7085878,5.3527116e-10,-1.791907e-10,0.7056227,1
637641442,637641188,0.71398234,0.015003155,0.008924325,0.69994617,0.7085878,5.3527116e-10,-1.791907e-10,0.7056227,1
637646441,637646188,0.7139338,0.015035961,0.008798279,0.6999965,0.7085878,5.3527116e-10,-1.791907e-10,0.7056227,1
637651465,637651211,0.71384615,0.01507425,0.00874361,0.70008576,0.7085878,5.3527116e-10,-1.791907e-10,0.7056227,1
637656458,637656187,0.71379334,0.015112606,0.008647863,0.70014,0.7085878,5.3527116e-10,-1.791907e-10,0.7056227,1
637661445,637661188,0.71377087,0.015116624,0.008480253,0.70016485,0.7085878,5.3527116e-10,-1.791907e-10,0.7056227,1
637666470,637666211,0.7137216,0.015163174,0.00835832,0.7002156,0.7085878,5.3527116e-10,-1.791907e-10,0.7056227,1
637671433,637671188,0.71365273,0.015168836,0.00827021,0.7002867,0.7085878,5.3527116e-10,-1.791907e-10,0.7056227,1
637676447,637676192,0.71357095,0.015177441,0.008113215,0.7003716,0.7085878,5.3527116e-10,-1.791907e-10,0.7056227,1
637681464,637681211,0.7135577,0.015166677,0.008038375,0.70038617,0.7085878,5.3527116e-10,-1.791907e-10,0.7056227,1
637686430,637686187,0.71353036,0.015232594,0.007936095,0.7004138,0.7085878,5.3527116e-10,-1.791907e-10,0.7056227,1
637691446,637691188,0.71346873,0.0152237015,0.0078227045,0.7004781,0.7085878,5.3527116e-10,-1.791907e-10,0.7056227,1
637696473,637696212,0.71344185,0.015223155,0.0076952265,0.7005069,0.7085878,5.3527116e-10,-1.791907e-10,0.7056227,1
637701433,637701188,0.7134205,0.015286563,0.007598674,0.70052826,0.7085878,5.3527116e-10,-1.791907e-10,0.7056227,1
637706457,637706188,0.7133978,0.015355651,0.0075161373,0.7005508,0.7085878,5.3527116e-10,-1.791907e-10,0.7056227,1
637711473,637711211,0.7133521,0.015366987,0.007437395,0.70059794,0.7085878,5.3527116e-10,-1.791907e-10,0.7056227,1
637716425,637716187,0.7132657,0.015411369,0.0073430864,0.7006858,0.7085878,5.3527116e-10,-1.791907e-10,0.7056227,1
637721436,637721188,0.7132527,0.01543961,0.0072447914,0.70069945,0.7085878,5.3527116e-10,-1.791907e-10,0.7056227,1
637726469,637726210,0.7132335,0.015490275,0.0072030197,0.70071834,0.7085878,5.3527116e-10,-1.791907e-10,0.7056227,1
637731441,637731188,0.7131729,0.015497829,0.0071127582,0.7007808,0.7085878,5.3527116e-10,-1.791907e-10,0.7056227,1
637736433,637736188,0.71311504,0.015493909,0.0069741504,0.7008412,0.7085878,5.3527116e-10,-1.791907e-10,0.7056227,1
637741472,637741212,0.7130847,0.015540164,0.0068945116,0.7008718,0.7085878,5.3527116e-10,-1.791907e-10,0.7056227,1
637746440,637746187,0.7131092,0.015586947,0.0068274904,0.70084655,0.7085878,5.3527116e-10,-1.791907e-10,0.7056227,1
637751435,637751188,0.71307653,0.015647566,0.0067597586,0.70087904,0.7085878,5.3527116e-10,-1.791907e-10,0.7056227,1
637756463,637756210,0.7130176,0.015697481,0.006639662,0.700939,0.7085878,5.3527116e-10,-1.791907e-10,0.7056227,1
637761460,637761206,0.7129935,0.015734281,0.006471881,0.7009643,0.7085878,5.3527116e-10,-1.791907e-10,0.7056227,1
637766438,637766188,0.71301097,0.01581535,0.006408866,0.70094526,0.7085878,5.3527116e-10,-1.791907e-10,0.7056227,1
637771462,637771211,0.71297646,0.015912287,0.006359152,0.70097864,0.7085878,5.3527116e-10,-1.791907e-10,0.7056227,1
637776438,637776187,0.7129408,0.01596206,0.0062250593,0.701015,0.7085878,5.3527116e-10,-1.791907e-10,0.7056227,1
637781446,637781190,0.7129052,0.015955236,0.006117431,0.7010522,0.7085878,5.3527116e-10,-1.791907e-10,0.7056227,1
637786462,637786210,0.7129307,0.016075185,0.0060388763,0.7010243,0.7085878,5.3527116e-10,-1.791907e-10,0.7056227,1
637791442,637791187,0.7129489,0.016173447,0.0059685134,0.701004,0.7085878,5.3527116e-10,-1.791907e-10,0.7056227,1
637796452,637796191,0.71293443,0.016169462,0.005837952,0.70101994,0.7085878,5.3527116e-10,-1.791907e-10,0.7056227,1
637801469,637801211,0.7129034,0.016153418,0.005701123,0.701053,0.7085878,5.3527116e-10,-1.791907e-10,0.7056227,1
637806455,637806187,0.7129259,0.016219191,0.0055408245,0.70102984,0.7085878,5.3527116e-10,-1.791907e-10,0.7056227,1
637811445,637811188,0.71296823,0.01628713,0.0054160263,0.7009863,0.7085878,5.3527116e-10,-1.791907e-10,0.7056227,1
637816470,637816210,0.7129532,0.016300377,0.005260322,0.7010025,0.7085878,5.3527116e-10,-1.791907e-10,0.7056227,1
637821431,637821188,0.7129074,0.01630029,0.0050482983,0.7010506,0.7085878,5.3527116e-10,-1.791907e-10,0.7056227,1
637826441,637826188,0.7129342,0.016316472,0.0048434893,0.70102435,0.7085878,5.3527116e-10,-1.791907e-10,0.7056227,1
637831466,637831211,0.712979,0.016355209,0.0046253772,0.70097935,0.7085878,5.3527116e-10,-1.791907e-10,0.7056227,1
637836432,637836187,0.7129912,0.01640434,0.004413905,0.7009672,0.7085878,5.3527116e-10,-1.791907e-10,0.7056227,1
637841451,637841188,0.7129953,0.016427683,0.004182438,0.7009639,0.7085878,5.3527116e-10,-1.791907e-10,0.7056227,1
637846466,637846210,0.7130154,0.016425723,0.0039686346,0.70094484,0.7085878,5.3527116e-10,-1.791907e-10,0.7056227,1
637851433,637851188,0.71307635,0.016449712,0.0038130828,0.70088303,0.7085878,5.3527116e-10,-1.791907e-10,0.7056227,1
637856441,637856187,0.71310705,0.016498588,0.0036528,0.70085156,0.7085878,5.3527116e-10,-1.791907e-10,0.7056227,1
637861465,637861211,0.7131162,0.016517643,0.0035528068,0.70084226,0.7085878,5.3527116e-10,-1.791907e-10,0.7056227,1
637866437,637866188,0.7131255,0.016519362,0.0034703664,0.7008332,0.7085878,5.3527116e-10,-1.791907e-10,0.7056227,1
637871436,637871188,0.71313053,0.016507782,0.003407655,0.7008287,0.7085878,5.3527116e-10,-1.791907e-10,0.7056227,1
637876461,637876210,0.71316874,0.016510617,0.0033457184,0.70079005,0.7085878,5.3527116e-10,-1.791907e-10,0.7056227,1
637881441,637881188,0.713188,0.0165373,0.0033640964,0.70076966,0.7085878,5.3527116e-10,-1.791907e-10,0.7056227,1
637886433,637886188,0.7131995,0.016503898,0.0033592782,0.7007588,0.7085878,5.3527116e-10,-1.791907e-10,0.7056227,1
637891465,637891211,0.71322846,0.01647506,0.0033644012,0.70072997,0.7085878,5.3527116e-10,-1.791907e-10,0.7056227,1
637896442,637896188,0.7132802,0.016475514,0.003367297,0.7006773,0.7085878,5.3527116e-10,-1.791907e-10,0.7056227,1
637901446,637901192,0.7133281,0.016465295,0.0033239839,0.7006289,0.7085878,5.3527116e-10,-1.791907e-10,0.7056227,1
637906497,637906210,0.7133319,0.016438166,0.0033043306,0.7006258,0.7085878,5.3527116e-10,-1.791907e-10,0.7056227,1
637911441,637911188,0.7133492,0.016487844,0.0033183477,0.7006069,0.7085878,5.3527116e-10,-1.791907e-10,0.7056227,1
637916433,637916188,0.7134333,0.0165208,0.0033170397,0.70052046,0.7085878,5.3527116e-10,-1.791907e-10,0.7056227,1
637921474,637921212,0.71348673,0.016512869,0.003221283,0.7004668,0.7085878,5.3527116e-10,-1.791907e-10,0.7056227,1
637926437,637926187,0.7134948,0.016516475,0.0031528445,0.7004588,0.7085878,5.3527116e-10,-1.791907e-10,0.7056227,1
637931442,637931188,0.7135226,0.016570225,0.0031040136,0.7004294,0.7085878,5.3527116e-10,-1.791907e-10,0.7056227,1
637936452,637936210,0.7136059,0.016606234,0.0030317816,0.7003441,0.7085878,5.3527116e-10,-1.791907e-10,0.7056227,1
637941442,637941188,0.71369964,0.016613878,0.0029663166,0.7002486,0.7085878,5.3527116e-10,-1.791907e-10,0.7056227,1
637946446,637946188,0.71373546,0.016647428,0.0028146817,0.7002119,0.7085878,5.3527116e-10,-1.791907e-10,0.7056227,1
637951470,637951211,0.7137679,0.016702838,0.0027460665,0.7001777,0.7085878,5.3527116e-10,-1.791907e-10,0.7056227,1
637956441,637956188,0.713858,0.016763557,0.002710968,0.7000846,0.7085878,5.3527116e-10,-1.791907e-10,0.7056227,1
637961452,637961188,0.7139339,0.016801927,0.0026257744,0.70000666,0.7085878,5.3527116e-10,-1.791907e-10,0.7056227,1
637966467,637966210,0.7139875,0.016815668,0.0025290793,0.699952,0.7085878,5.3527116e-10,-1.791907e-10,0.7056227,1
637971442,637971188,0.7140172,0.016876861,0.002477083,0.6999204,0.7085878,5.3527116e-10,-1.791907e-10,0.7056227,1
637976441,637976188,0.71408087,0.01695068,0.0024918236,0.6998536,0.7085878,5.3527116e-10,-1.791907e-10,0.7056227,1
637981465,637981211,0.71420586,0.017017271,0.0024699827,0.69972456,0.7085878,5.3527116e-10,-1.791907e-10,0.7056227,1
637986434,637986187,0.7142807,0.017020207,0.002438537,0.6996481,0.7085878,5.3527116e-10,-1.791907e-10,0.7056227,1
637991451,637991190,0.7143229,0.01705568,0.0023799625,0.69960433,0.7085878,5.3527116e-10,-1.791907e-10,0.7056227,1
637996466,637996210,0.7143997,0.017092928,0.0023512887,0.6995251,0.7085878,5.3527116e-10,-1.791907e-10,0.7056227,1
638001437,638001188,0.714516,0.017153623,0.0023525571,0.6994049,0.7085878,5.3527116e-10,-1.791907e-10,0.7056227,1
638006497,638006188,0.7146028,0.017128468,0.0023082725,0.6993169,0.7085878,5.3527116e-10,-1.791907e-10,0.7056227,1
638011465,638011211,0.7146444,0.017105384,0.0022621707,0.69927526,0.7085878,5.3527116e-10,-1.791907e-10,0.7056227,1
638016432,638016188,0.7147148,0.01709505,0.0021912784,0.6992036,0.7085878,5.3527116e-10,-1.791907e-10,0.7056227,1
638021443,638021188,0.7148097,0.01711881,0.0022302326,0.6991059,0.7085878,5.3527116e-10,-1.791907e-10,0.7056227,1
638026469,638026210,0.7149121,0.017086526,0.002246377,0.69900197,0.7085878,5.3527116e-10,-1.791907e-10,0.7056227,1
638031440,638031188,0.7149824,0.017006505,0.002271429,0.698932,0.7085878,5.3527116e-10,-1.791907e-10,0.7056227,1
638036433,638036187,0.7150451,0.016932914,0.0022633208,0.69886965,0.7085878,5.3527116e-10,-1.791907e-10,0.7056227,1
638041466,638041211,0.7151451,0.016904702,0.0023061326,0.6987678,0.7085878,5.3527116e-10,-1.791907e-10,0.7056227,1
638046447,638046188,0.71527416,0.016857587,0.002390197,0.69863653,0.7085878,5.3527116e-10,-1.791907e-10,0.7056227,1
638051437,638051189,0.7153472,0.016759243,0.0024618187,0.69856393,0.7085878,5.3527116e-10,-1.791907e-10,0.7056227,1
638056461,638056210,0.7154076,0.016661473,0.002480717,0.6985043,0.7085878,5.3527116e-10,-1.791907e-10,0.7056227,1
638061444,638061188,0.71552384,0.016622437,0.0025113947,0.6983861,0.7085878,5.3527116e-10,-1.791907e-10,0.7056227,1
638066434,638066188,0.71561915,0.016600855,0.0026024033,0.69828856,0.7085878,5.3527116e-10,-1.791907e-10,0.7056227,1
638071471,638071211,0.71569455,0.01652169,0.0026494544,0.698213,0.7085878,5.3527116e-10,-1.791907e-10,0.7056227,1
638076449,638076188,0.71576333,0.016440593,0.0026720287,0.6981444,0.7085878,5.3527116e-10,-1.791907e-10,0.7056227,1
638081443,638081188,0.71586645,0.016411008,0.002647064,0.6980394,0.7085878,5.3527116e-10,-1.791907e-10,0.7056227,1
638086453,638086210,0.71597993,0.016449966,0.002651433,0.6979221,0.7085878,5.3527116e-10,-1.791907e-10,0.7056227,1
638091441,638091188,0.7160784,0.016458213,0.0026930885,0.69782066,0.7085878,5.3527116e-10,-1.791907e-10,0.7056227,1
638096449,638096188,0.7161472,0.016450783,0.0026914694,0.6977503,0.7085878,5.3527116e-10,-1.791907e-10,0.7056227,1
638101458,638101211,0.7162467,0.016495554,0.0025875533,0.6976474,0.7085878,5.3527116e-10,-1.791907e-10,0.7056227,1
638106460,638106188,0.7163674,0.016575707,0.0025342824,0.69752175,0.7085878,5.3527116e-10,-1.791907e-10,0.7056227,1
638111442,638111188,0.7164562,0.016657365,0.0024825449,0.6974288,0.7085878,5.3527116e-10,-1.791907e-10,0.7056227,1
638116472,638116210,0.7165208,0.016728016,0.002391399,0.69736105,0.7085878,5.3527116e-10,-1.791907e-10,0.7056227,1
638121441,638121188,0.7166161,0.016779559,0.0022606098,0.69726235,0.7085878,5.3527116e-10,-1.791907e-10,0.7056227,1
638126443,638126188,0.7167227,0.016886225,0.0021360659,0.6971506,0.7085878,5.3527116e-10,-1.791907e-10,0.7056227,1
638131473,638131211,0.7168179,0.016982654,0.0020006974,0.6970508,0.7085878,5.3527116e-10,-1.791907e-10,0.7056227,1
638136431,638136188,0.7168768,0.017055,0.0019240535,0.69698864,0.7085878,5.3527116e-10,-1.791907e-10,0.7056227,1
638141450,638141188,0.71696913,0.017115649,0.0017966385,0.69689256,0.7085878,5.3527116e-10,-1.791907e-10,0.7056227,1
638146466,638146210,0.7170986,0.017164892,0.0016528388,0.6967584,0.7085878,5.3527116e-10,-1.791907e-10,0.7056227,1
638151434,638151188,0.7172063,0.017207038,0.001511383,0.69664687,0.7085878,5.3527116e-10,-1.791907e-10,0.7056227,1
638156440,638156188,0.71726865,0.017269613,0.0014156897,0.69658124,0.7085878,5.3527116e-10,-1.791907e-10,0.7056227,1
638161464,638161211,0.7173543,0.01731009,0.0013422432,0.69649225,0.7085878,5.3527116e-10,-1.791907e-10,0.7056227,1
638166437,638166188,0.71747404,0.017281404,0.0013135546,0.69636965,0.7085878,5.3527116e-10,-1.791907e-10,0.7056227,1
638171446,638171190,0.71759427,0.017254183,0.0012152082,0.6962466,0.7085878,5.3527116e-10,-1.791907e-10,0.7056227,1
638176463,638176210,0.71764696,0.017273504,0.001135211,0.69619197,0.7085878,5.3527116e-10,-1.791907e-10,0.7056227,1
638181444,638181188,0.7177204,0.017232105,0.0011036395,0.6961174,0.7085878,5.3527116e-10,-1.791907e-10,0.7056227,1
638186433,638186187,0.71783864,0.017183842,0.0011083706,0.6959966,0.7085878,5.3527116e-10,-1.791907e-10,0.7056227,1
638191470,638191211,0.7179535,0.017102666,0.0010884557,0.6958801,0.7085878,5.3527116e-10,-1.791907e-10,0.7056227,1
638196441,638196188,0.7180371,0.017033387,0.0010566826,0.6957956,0.7085878,5.3527116e-10,-1.791907e-10,0.7056227,1
638201440,638201188,0.7180896,0.017012466,0.0010318338,0.695742,0.7085878,5.3527116e-10,-1.791907e-10,0.7056227,1
638206475,638206210,0.7181904,0.016963609,0.0010710282,0.6956391,0.7085878,5.3527116e-10,-1.791907e-10,0.7056227,1
638211443,638211188,0.7183108,0.016863307,0.0011157317,0.6955171,0.7085878,5.3527116e-10,-1.791907e-10,0.7056227,1
638216433,638216188,0.718396,0.016792836,0.0011140256,0.69543076,0.7085878,5.3527116e-10,-1.791907e-10,0.7056227,1
638221465,638221211,0.7184632,0.016734423,0.0010490818,0.6953629,0.7085878,5.3527116e-10,-1.791907e-10,0.7056227,1
638226447,638226188,0.71855164,0.016683819,0.0010699617,0.69527274,0.7085878,5.3527116e-10,-1.791907e-10,0.7056227,1
638231442,638231188,0.7186418,0.01665583,0.0011405557,0.6951801,0.7085878,5.3527116e-10,-1.791907e-10,0.7056227,1
638236461,638236210,0.71875167,0.016550276,0.0011277108,0.695069,0.7085878,5.3527116e-10,-1.791907e-10,0.7056227,1
638241440,638241188,0.71880746,0.016481774,0.001123787,0.695013,0.7085878,5.3527116e-10,-1.791907e-10,0.7056227,1
638246447,638246188,0.71887296,0.016462682,0.0011259347,0.69494563,0.7085878,5.3527116e-10,-1.791907e-10,0.7056227,1
638251461,638251211,0.71897113,0.016397407,0.001173317,0.6948455,0.7085878,5.3527116e-10,-1.791907e-10,0.7056227,1
638256441,638256188,0.7190855,0.016320858,0.0012513013,0.6947288,0.7085878,5.3527116e-10,-1.791907e-10,0.7056227,1
638261495,638261212,0.719162,0.016245939,0.0012913174,0.69465137,0.7085878,5.3527116e-10,-1.791907e-10,0.7056227,1
638266462,638266210,0.7192292,0.016203571,0.0013762552,0.6945825,0.7085878,5.3527116e-10,-1.791907e-10,0.7056227,1
638271442,638271188,0.7193282,0.016093707,0.0014494797,0.6944825,0.7085878,5.3527116e-10,-1.791907e-10,0.7056227,1
638276440,638276187,0.71942884,0.016012946,0.0014907182,0.69438,0.7085878,5.3527116e-10,-1.791907e-10,0.7056227,1
638281466,638281211,0.71950924,0.015933184,0.0015782935,0.69429827,0.7085878,5.3527116e-10,-1.791907e-10,0.7056227,1
638286433,638286187,0.719571,0.015833823,0.0016969803,0.6942363,0.7085878,5.3527116e-10,-1.791907e-10,0.7056227,1
638291456,638291188,0.7196615,0.015751049,0.0017500544,0.69414425,0.7085878,5.3527116e-10,-1.791907e-10,0.7056227,1
638296465,638296210,0.7197613,0.015677124,0.0017666358,0.6940424,0.7085878,5.3527116e-10,-1.791907e-10,0.7056227,1
638301435,638301188,0.7198591,0.015588697,0.0018008968,0.69394284,0.7085878,5.3527116e-10,-1.791907e-10,0.7056227,1
638306465,638306188,0.71990746,0.015507683,0.0018763107,0.6938944,0.7085878,5.3527116e-10,-1.791907e-10,0.7056227,1
638311464,638311211,0.7199866,0.015395965,0.0018861655,0.6938146,0.7085878,5.3527116e-10,-1.791907e-10,0.7056227,1
638316431,638316187,0.72008437,0.015345901,0.0019047128,0.6937142,0.7085878,5.3527116e-10,-1.791907e-10,0.7056227,1
638321442,638321188,0.7201843,0.015321897,0.0018594279,0.6936111,0.7085878,5.3527116e-10,-1.791907e-10,0.7056227,1
638326462,638326210,0.72024673,0.015268796,0.0018321153,0.6935476,0.7085878,5.3527116e-10,-1.791907e-10,0.7056227,1
638331435,638331188,0.720315,0.015243204,0.0018465864,0.6934772,0.7085878,5.3527116e-10,-1.791907e-10,0.7056227,1
638336438,638336188,0.7204017,0.015263487,0.0018190912,0.69338673,0.7085878,5.3527116e-10,-1.791907e-10,0.7056227,1
638341493,638341211,0.7205099,0.015267129,0.0017885062,0.69327426,0.7085878,5.3527116e-10,-1.791907e-10,0.7056227,1
638346439,638346188,0.7205759,0.015285793,0.0017065372,0.6932055,0.7085878,5.3527116e-10,-1.791907e-10,0.7056227,1
638351435,638351188,0.720632,0.015334037,0.0016380384,0.6931462,0.7085878,5.3527116e-10,-1.791907e-10,0.7056227,1
638356467,638356210,0.7207235,0.015366478,0.0015880176,0.69305056,0.7085878,5.3527116e-10,-1.791907e-10,0.7056227,1
638361442,638361188,0.7208205,0.015424689,0.0015689489,0.69294846,0.7085878,5.3527116e-10,-1.791907e-10,0.7056227,1
638366433,638366188,0.7209201,0.015469159,0.0014636271,0.69284403,0.7085878,5.3527116e-10,-1.791907e-10,0.7056227,1
638371464,638371211,0.7209705,0.015518817,0.0013378384,0.6927907,0.7085878,5.3527116e-10,-1.791907e-10,0.7056227,1
638376441,638376188,0.72104734,0.015592811,0.0012483873,0.6927092,0.7085878,5.3527116e-10,-1.791907e-10,0.7056227,1
638381434,638381188,0.7211259,0.01565677,0.0011523009,0.69262624,0.7085878,5.3527116e-10,-1.791907e-10,0.7056227,1
638386455,638386210,0.7212,0.015694186,0.0011135269,0.69254833,0.7085878,5.3527116e-10,-1.791907e-10,0.7056227,1
638391509,638391188,0.7212912,0.015688486,0.0009987061,0.6924536,0.7085878,5.3527116e-10,-1.791907e-10,0.7056227,1
638396452,638396190,0.72137,0.015692212,0.0008917268,0.69237155,0.7085878,5.3527116e-10,-1.791907e-10,0.7056227,1
638401462,638401211,0.7214571,0.015708808,0.00081472506,0.6922805,0.7085878,5.3527116e-10,-1.791907e-10,0.7056227,1
638406454,638406188,0.7215175,0.015700787,0.0007742497,0.6922178,0.7085878,5.3527116e-10,-1.791907e-10,0.7056227,1
638411449,638411188,0.7215794,0.015687808,0.0007622313,0.69215363,0.7085878,5.3527116e-10,-1.791907e-10,0.7056227,1
638416460,638416210,0.7216531,0.01564963,0.0007141712,0.69207764,0.7085878,5.3527116e-10,-1.791907e-10,0.7056227,1
638421443,638421188,0.7217509,0.015599291,0.0006577919,0.6919768,0.7085878,5.3527116e-10,-1.791907e-10,0.7056227,1
638426445,638426188,0.72182226,0.015558456,0.00065469125,0.6919033,0.7085878,5.3527116e-10,-1.791907e-10,0.7056227,1
638431469,638431211,0.72190136,0.015507155,0.00061607064,0.69182193,0.7085878,5.3527116e-10,-1.791907e-10,0.7056227,1
638436441,638436187,0.7219574,0.015465586,0.00062759,0.6917644,0.7085878,5.3527116e-10,-1.791907e-10,0.7056227,1
638441444,638441188,0.72204626,0.015369065,0.00065523305,0.69167376,0.7085878,5.3527116e-10,-1.791907e-10,0.7056227,1
638446471,638446210,0.72213006,0.015247743,0.0006838786,0.691589,0.7085878,5.3527116e-10,-1.791907e-10,0.7056227,1
638451430,638451188,0.7221998,0.015176587,0.0006777729,0.6915177,0.7085878,5.3527116e-10,-1.791907e-10,0.7056227,1
638456442,638456188,0.72226,0.015092005,0.0006580708,0.69145674,0.7085878,5.3527116e-10,-1.791907e-10,0.7056227,1
638461465,638461211,0.7223143,0.014984318,0.00069096166,0.69140226,0.7085878,5.3527116e-10,-1.791907e-10,0.7056227,1
638466433,638466188,0.7224054,0.014834431,0.00073386874,0.6913103,0.7085878,5.3527116e-10,-1.791907e-10,0.7056227,1
638471448,638471188,0.7224787,0.014710092,0.0007595262,0.6912363,0.7085878,5.3527116e-10,-1.791907e-10,0.7056227,1
638476465,638476210,0.7225263,0.0145659605,0.00076081895,0.6911895,0.7085878,5.3527116e-10,-1.791907e-10,0.7056227,1
638481435,638481188,0.7225738,0.014429804,0.0007426621,0.69114274,0.7085878,5.3527116e-10,-1.791907e-10,0.7056227,1
638486441,638486187,0.7226377,0.014311539,0.00077394256,0.6910784,0.7085878,5.3527116e-10,-1.791907e-10,0.7056227,1
638491465,638491210,0.7227112,0.014193038,0.0008134857,0.691004,0.7085878,5.3527116e-10,-1.791907e-10,0.7056227,1
638496441,638496188,0.7227747,0.014047192,0.0008247023,0.69094056,0.7085878,5.3527116e-10,-1.791907e-10,0.7056227,1
638501446,638501191,0.72281545,0.013908836,0.00076003827,0.69090074,0.7085878,5.3527116e-10,-1.791907e-10,0.7056227,1
638506496,638506210,0.72287446,0.013821644,0.0007177702,0.69084084,0.7085878,5.3527116e-10,-1.791907e-10,0.7056227,1
638511446,638511191,0.7229314,0.013744458,0.0008116708,0.69078267,0.7085878,5.3527116e-10,-1.791907e-10,0.7056227,1
638516432,638516187,0.7230022,0.013624344,0.0008242003,0.6907109,0.7085878,5.3527116e-10,-1.791907e-10,0.7056227,1
638521525,638521211,0.7230412,0.013485105,0.00074531964,0.69067293,0.7085878,5.3527116e-10,-1.791907e-10,0.7056227,1
638526441,638526188,0.72306025,0.013394338,0.00072310393,0.6906547,0.7085878,5.3527116e-10,-1.791907e-10,0.7056227,1
638531433,638531187,0.72314054,0.013296719,0.0007289793,0.6905726,0.7085878,5.3527116e-10,-1.791907e-10,0.7056227,1
638536468,638536210,0.7232051,0.013214808,0.0007636694,0.6905065,0.7085878,5.3527116e-10,-1.791907e-10,0.7056227,1
638541444,638541188,0.72322184,0.013121474,0.0007442891,0.6904908,0.7085878,5.3527116e-10,-1.791907e-10,0.7056227,1
638546438,638546186,0.7232542,0.012997901,0.0006981224,0.6904593,0.7085878,5.3527116e-10,-1.791907e-10,0.7056227,1
638551466,638551212,0.723322,0.012942733,0.00070773816,0.69038934,0.7085878,5.3527116e-10,-1.791907e-10,0.7056227,1
638556444,638556188,0.7233723,0.012888497,0.000711687,0.6903376,0.7085878,5.3527116e-10,-1.791907e-10,0.7056227,1
638561446,638561187,0.7233754,0.012849176,0.0007214962,0.6903351,0.7085878,5.3527116e-10,-1.791907e-10,0.7056227,1
638566462,638566211,0.7234205,0.012778696,0.0007213032,0.6902891,0.7085878,5.3527116e-10,-1.791907e-10,0.7056227,1
638571443,638571188,0.7234855,0.012737124,0.0007329311,0.6902217,0.7085878,5.3527116e-10,-1.791907e-10,0.7056227,1
638576437,638576186,0.72350395,0.012712471,0.00072066626,0.6902029,0.7085878,5.3527116e-10,-1.791907e-10,0.7056227,1
638581465,638581211,0.7235251,0.012648814,0.0007295756,0.69018185,0.7085878,5.3527116e-10,-1.791907e-10,0.7056227,1
638586441,638586188,0.7235743,0.012577572,0.00075601006,0.6901315,0.7085878,5.3527116e-10,-1.791907e-10,0.7056227,1
638591441,638591187,0.72360486,0.012528854,0.0007752261,0.6901004,0.7085878,5.3527116e-10,-1.791907e-10,0.7056227,1
638596465,638596211,0.72363085,0.0124505395,0.0007643652,0.69007456,0.7085878,5.3527116e-10,-1.791907e-10,0.7056227,1
638601444,638601188,0.7236581,0.012388478,0.000760454,0.6900471,0.7085878,5.3527116e-10,-1.791907e-10,0.7056227,1
638606457,638606187,0.723697,0.012338382,0.0007392553,0.69000727,0.7085878,5.3527116e-10,-1.791907e-10,0.7056227,1
638611472,638611211,0.723706,0.012269525,0.0007834801,0.689999,0.7085878,5.3527116e-10,-1.791907e-10,0.7056227,1
638616436,638616187,0.7237349,0.012186154,0.00076543324,0.68997014,0.7085878,5.3527116e-10,-1.791907e-10,0.7056227,1
638621442,638621188,0.7237645,0.0121331625,0.0007285487,0.6899401,0.7085878,5.3527116e-10,-1.791907e-10,0.7056227,1
638626467,638626213,0.72375304,0.012076858,0.00073070364,0.6899531,0.7085878,5.3527116e-10,-1.791907e-10,0.7056227,1
638631434,638631188,0.7237802,0.012002635,0.00073433766,0.68992585,0.7085878,5.3527116e-10,-1.791907e-10,0.7056227,1
638636436,638636187,0.7238088,0.011980455,0.0007167753,0.68989617,0.7085878,5.3527116e-10,-1.791907e-10,0.7056227,1
638641466,638641211,0.7237982,0.011913365,0.0006963096,0.6899085,0.7085878,5.3527116e-10,-1.791907e-10,0.7056227,1
638646442,638646188,0.7238191,0.011879313,0.00070644834,0.6898872,0.7085878,5.3527116e-10,-1.791907e-10,0.7056227,1
638651496,638651187,0.7238378,0.011915217,0.0007078552,0.689867,0.7085878,5.3527116e-10,-1.791907e-10,0.7056227,1
638656467,638656211,0.72384703,0.011880014,0.0007335734,0.6898579,0.7085878,5.3527116e-10,-1.791907e-10,0.7056227,1
638661454,638661188,0.7238325,0.011858457,0.00072961434,0.6898735,0.7085878,5.3527116e-10,-1.791907e-10,0.7056227,1
638666433,638666187,0.72385716,0.011902041,0.0007248004,0.6898468,0.7085878,5.3527116e-10,-1.791907e-10,0.7056227,1
638671466,638671211,0.7238566,0.011952171,0.0007858599,0.68984646,0.7085878,5.3527116e-10,-1.791907e-10,0.7056227,1
638676442,638676188,0.7238511,0.011970819,0.0008026364,0.68985194,0.7085878,5.3527116e-10,-1.791907e-10,0.7056227,1
638681438,638681187,0.72384614,0.011975373,0.0008241357,0.68985707,0.7085878,5.3527116e-10,-1.791907e-10,0.7056227,1
638686472,638686210,0.7238332,0.012018624,0.00084871356,0.6898698,0.7085878,5.3527116e-10,-1.791907e-10,0.7056227,1
638691448,638691188,0.72382647,0.012041299,0.0009114295,0.68987644,0.7085878,5.3527116e-10,-1.791907e-10,0.7056227,1
638696436,638696186,0.7238314,0.012063238,0.0009150691,0.68987083,0.7085878,5.3527116e-10,-1.791907e-10,0.7056227,1
638701459,638701211,0.7238022,0.012098693,0.0009393604,0.6899008,0.7085878,5.3527116e-10,-1.791907e-10,0.7056227,1
638706494,638706188,0.7237811,0.012109416,0.0009935356,0.6899227,0.7085878,5.3527116e-10,-1.791907e-10,0.7056227,1
638711444,638711187,0.72379595,0.012121989,0.0010449557,0.6899069,0.7085878,5.3527116e-10,-1.791907e-10,0.7056227,1
638716456,638716211,0.7237592,0.012172673,0.0010436882,0.6899445,0.7085878,5.3527116e-10,-1.791907e-10,0.7056227,1
638721444,638721188,0.7237298,0.012177917,0.0010903183,0.6899752,0.7085878,5.3527116e-10,-1.791907e-10,0.7056227,1
638726438,638726187,0.7237107,0.012198616,0.0011555969,0.68999475,0.7085878,5.3527116e-10,-1.791907e-10,0.7056227,1
638731470,638731211,0.7236958,0.012209746,0.001168174,0.6900102,0.7085878,5.3527116e-10,-1.791907e-10,0.7056227,1
638736442,638736188,0.7236528,0.012245963,0.0011788204,0.69005466,0.7085878,5.3527116e-10,-1.791907e-10,0.7056227,1
638741440,638741187,0.72362274,0.012289833,0.0012347982,0.6900853,0.7085878,5.3527116e-10,-1.791907e-10,0.7056227,1
638746465,638746211,0.72358346,0.012326773,0.0012761187,0.69012576,0.7085878,5.3527116e-10,-1.791907e-10,0.7056227,1
638751436,638751190,0.7235594,0.01233029,0.0012819149,0.69015086,0.7085878,5.3527116e-10,-1.791907e-10,0.7056227,1
638756445,638756187,0.72352195,0.0123783285,0.0012946978,0.69018924,0.7085878,5.3527116e-10,-1.791907e-10,0.7056227,1
638761466,638761215,0.72347987,0.012442013,0.0013416883,0.69023216,0.7085878,5.3527116e-10,-1.791907e-10,0.7056227,1
638766432,638766187,0.723433,0.012465933,0.0013893695,0.6902807,0.7085878,5.3527116e-10,-1.791907e-10,0.7056227,1
638771447,638771188,0.7234085,0.012500055,0.0013918286,0.69030565,0.7085878,5.3527116e-10,-1.791907e-10,0.7056227,1
638776475,638776210,0.7233548,0.012556117,0.0014123068,0.6903609,0.7085878,5.3527116e-10,-1.791907e-10,0.7056227,1
638781437,638781187,0.72330374,0.012568584,0.001456494,0.69041413,0.7085878,5.3527116e-10,-1.791907e-10,0.7056227,1
638786438,638786187,0.72326696,0.012630523,0.0014570776,0.6904515,0.7085878,5.3527116e-10,-1.791907e-10,0.7056227,1
638791465,638791211,0.7232273,0.01268097,0.0014983442,0.690492,0.7085878,5.3527116e-10,-1.791907e-10,0.7056227,1
638796446,638796190,0.72315365,0.012712382,0.0015003092,0.6905686,0.7085878,5.3527116e-10,-1.791907e-10,0.7056227,1
638801433,638801188,0.72311336,0.012736021,0.0015014891,0.69061035,0.7085878,5.3527116e-10,-1.791907e-10,0.7056227,1
638806496,638806211,0.7230519,0.012829437,0.0015339839,0.69067293,0.7085878,5.3527116e-10,-1.791907e-10,0.7056227,1
638811449,638811188,0.72299343,0.012873745,0.0015577672,0.69073325,0.7085878,5.3527116e-10,-1.791907e-10,0.7056227,1
638816429,638816186,0.72294813,0.012940324,0.0015356066,0.69077945,0.7085878,5.3527116e-10,-1.791907e-10,0.7056227,1
638821466,638821211,0.7228875,0.013038256,0.0015423862,0.6908411,0.7085878,5.3527116e-10,-1.791907e-10,0.7056227,1
638826440,638826188,0.72282475,0.013112476,0.0015981356,0.69090515,0.7085878,5.3527116e-10,-1.791907e-10,0.7056227,1
638831436,638831188,0.7227849,0.013196959,0.0016065551,0.6909452,0.7085878,5.3527116e-10,-1.791907e-10,0.7056227,1
638836469,638836211,0.7227223,0.013309213,0.0016221037,0.69100857,0.7085878,5.3527116e-10,-1.791907e-10,0.7056227,1
638841451,638841188,0.72265065,0.013345681,0.0016225419,0.6910827,0.7085878,5.3527116e-10,-1.791907e-10,0.7056227,1
638846428,638846186,0.72259486,0.013422182,0.0015996905,0.69113964,0.7085878,5.3527116e-10,-1.791907e-10,0.7056227,1
638851457,638851211,0.72252905,0.013530396,0.0016397259,0.6912062,0.7085878,5.3527116e-10,-1.791907e-10,0.7056227,1
638856452,638856188,0.72245437,0.013547776,0.0016337581,0.69128394,0.7085878,5.3527116e-10,-1.791907e-10,0.7056227,1
638861439,638861188,0.72238654,0.013581524,0.0016001402,0.69135433,0.7085878,5.3527116e-10,-1.791907e-10,0.7056227,1
638866456,638866210,0.722302,0.013658193,0.0015699636,0.6914412,0.7085878,5.3527116e-10,-1.791907e-10,0.7056227,1
638871448,638871188,0.7222323,0.013678085,0.0015792311,0.6915136,0.7085878,5.3527116e-10,-1.791907e-10,0.7056227,1
638876439,638876187,0.72217375,0.013680628,0.0015265153,0.6915748,0.7085878,5.3527116e-10,-1.791907e-10,0.7056227,1
638881465,638881211,0.72209066,0.01372333,0.0014518624,0.6916608,0.7085878,5.3527116e-10,-1.791907e-10,0.7056227,1
638886443,638886188,0.7220233,0.013750569,0.0014139056,0.6917307,0.7085878,5.3527116e-10,-1.791907e-10,0.7056227,1
638891445,638891188,0.7219541,0.013765377,0.0013459823,0.69180274,0.7085878,5.3527116e-10,-1.791907e-10,0.7056227,1
638896466,638896211,0.72188056,0.013803703,0.0013020252,0.6918788,0.7085878,5.3527116e-10,-1.791907e-10,0.7056227,1
638901451,638901189,0.72180104,0.01381583,0.0012597099,0.6919616,0.7085878,5.3527116e-10,-1.791907e-10,0.7056227,1
638906456,638906187,0.72172594,0.013789578,0.0011462141,0.6920407,0.7085878,5.3527116e-10,-1.791907e-10,0.7056227,1
638911469,638911211,0.7216528,0.013832232,0.0010591148,0.6921162,0.7085878,5.3527116e-10,-1.791907e-10,0.7056227,1
638916432,638916188,0.72158235,0.013854564,0.0010172011,0.6921893,0.7085878,5.3527116e-10,-1.791907e-10,0.7056227,1
638921441,638921187,0.7215205,0.013849205,0.00091590115,0.692254,0.7085878,5.3527116e-10,-1.791907e-10,0.7056227,1
638926465,638926211,0.7214146,0.01390938,0.0008482409,0.69236326,0.7085878,5.3527116e-10,-1.791907e-10,0.7056227,1
638931436,638931188,0.7213283,0.0139289275,0.00080068345,0.69245285,0.7085878,5.3527116e-10,-1.791907e-10,0.7056227,1
638936440,638936187,0.721272,0.013942828,0.00074165594,0.6925113,0.7085878,5.3527116e-10,-1.791907e-10,0.7056227,1
638941468,638941212,0.7211818,0.01397567,0.0006846155,0.6926046,0.7085878,5.3527116e-10,-1.791907e-10,0.7056227,1
638946439,638946188,0.7210882,0.01401766,0.0006247365,0.6927013,0.7085878,5.3527116e-10,-1.791907e-10,0.7056227,1
638951433,638951187,0.72100526,0.014050255,0.0005828176,0.692787,0.7085878,5.3527116e-10,-1.791907e-10,0.7056227,1
638956472,638956211,0.72092885,0.014111005,0.00054975523,0.69286525,0.7085878,5.3527116e-10,-1.791907e-10,0.7056227,1
638961459,638961190,0.7208601,0.014152155,0.00053914345,0.6929359,0.7085878,5.3527116e-10,-1.791907e-10,0.7056227,1
638966429,638966187,0.72076505,0.014205175,0.0004821589,0.69303375,0.7085878,5.3527116e-10,-1.791907e-10,0.7056227,1
638971471,638971215,0.72067577,0.014242201,0.0004144644,0.69312584,0.7085878,5.3527116e-10,-1.791907e-10,0.7056227,1
638976446,638976188,0.7205851,0.0143176885,0.00041939656,0.6932186,0.7085878,5.3527116e-10,-1.791907e-10,0.7056227,1
638981434,638981188,0.72049755,0.014404453,0.00039278404,0.6933079,0.7085878,5.3527116e-10,-1.791907e-10,0.7056227,1
638986465,638986211,0.72042465,0.014437418,0.00033015903,0.69338286,0.7085878,5.3527116e-10,-1.791907e-10,0.7056227,1
638991446,638991188,0.720324,0.014509599,0.00030335042,0.693486,0.7085878,5.3527116e-10,-1.791907e-10,0.7056227,1
638996432,638996187,0.7202156,0.014600365,0.00026694985,0.69359666,0.7085878,5.3527116e-10,-1.791907e-10,0.7056227,1
639001465,639001211,0.7201572,0.01469334,0.00024299521,0.6936554,0.7085878,5.3527116e-10,-1.791907e-10,0.7056227,1
639006455,639006188,0.72008795,0.014733447,0.00023335373,0.6937264,0.7085878,5.3527116e-10,-1.791907e-10,0.7056227,1
639011441,639011187,0.71996766,0.014801686,0.00022029068,0.69384974,0.7085878,5.3527116e-10,-1.791907e-10,0.7056227,1
639016461,639016210,0.71986,0.014886375,0.00016479476,0.69395965,0.7085878,5.3527116e-10,-1.791907e-10,0.7056227,1
639021447,639021188,0.71979946,0.014988533,0.00015501348,0.69402033,0.7085878,5.3527116e-10,-1.791907e-10,0.7056227,1
639026438,639026186,0.71972144,0.015038035,0.00014429278,0.69410014,0.7085878,5.3527116e-10,-1.791907e-10,0.7056227,1
639031457,639031211,0.7196069,0.015085556,0.00014767426,0.6942179,0.7085878,5.3527116e-10,-1.791907e-10,0.7056227,1
639036440,639036188,0.7195074,0.015144345,0.00013491405,0.6943197,0.7085878,5.3527116e-10,-1.791907e-10,0.7056227,1
639041463,639041188,0.71943176,0.015234749,7.911709e-05,0.69439614,0.7085878,5.3527116e-10,-1.791907e-10,0.7056227,1
639046465,639046211,0.719357,0.015313855,0.00010982597,0.6944717,0.7085878,5.3527116e-10,-1.791907e-10,0.7056227,1
639051451,639051188,0.71926045,0.015338659,0.00015155486,0.69457126,0.7085878,5.3527116e-10,-1.791907e-10,0.7056227,1
639056437,639056187,0.7191592,0.01539298,0.0001523659,0.6946749,0.7085878,5.3527116e-10,-1.791907e-10,0.7056227,1
639061473,639061211,0.71910167,0.015431825,0.00012411404,0.6947336,0.7085878,5.3527116e-10,-1.791907e-10,0.7056227,1
639066431,639066188,0.71901065,0.015500708,0.00014049694,0.6948263,0.7085878,5.3527116e-10,-1.791907e-10,0.7056227,1
639071441,639071188,0.7188915,0.015556154,0.00020127196,0.69494826,0.7085878,5.3527116e-10,-1.791907e-10,0.7056227,1
639076465,639076211,0.71879107,0.015580787,0.00021616374,0.6950516,0.7085878,5.3527116e-10,-1.791907e-10,0.7056227,1
639081443,639081188,0.7187349,0.015560233,0.00024095488,0.69511,0.7085878,5.3527116e-10,-1.791907e-10,0.7056227,1
639086444,639086187,0.7186536,0.015606215,0.00032023562,0.6951931,0.7085878,5.3527116e-10,-1.791907e-10,0.7056227,1
639091470,639091211,0.71857285,0.015650112,0.00035013683,0.69527555,0.7085878,5.3527116e-10,-1.791907e-10,0.7056227,1
639096436,639096188,0.7184617,0.015670937,0.00037152815,0.69539,0.7085878,5.3527116e-10,-1.791907e-10,0.7056227,1
639101441,639101187,0.71837026,0.015684705,0.00041600497,0.69548404,0.7085878,5.3527116e-10,-1.791907e-10,0.7056227,1
639106498,639106211,0.71829486,0.015670719,0.00048003293,0.69556224,0.7085878,5.3527116e-10,-1.791907e-10,0.7056227,1
639111447,639111191,0.71822506,0.015665095,0.00048011745,0.69563437,0.7085878,5.3527116e-10,-1.791907e-10,0.7056227,1
639116431,639116187,0.71811664,0.0156473,0.00039883665,0.6957467,0.7085878,5.3527116e-10,-1.791907e-10,0.7056227,1
639121471,639121211,0.71799487,0.015671624,0.00029660203,0.695872,0.7085878,5.3527116e-10,-1.791907e-10,0.7056227,1
639126440,639126188,0.71791184,0.015696185,0.00028495892,0.6959571,0.7085878,5.3527116e-10,-1.791907e-10,0.7056227,1
639131432,639131187,0.71781063,0.015687719,0.000293191,0.6960617,0.7085878,5.3527116e-10,-1.791907e-10,0.7056227,1
639136465,639136211,0.7177195,0.015677188,0.0001900008,0.6961559,0.7085878,5.3527116e-10,-1.791907e-10,0.7056227,1
639141446,639141188,0.71764064,0.015676564,7.074065e-05,0.69623727,0.7085878,5.3527116e-10,-1.791907e-10,0.7056227,1
639146432,639146187,0.71755946,0.015659865,-2.3622244e-05,0.6963212,0.7085878,5.3527116e-10,-1.791907e-10,0.7056227,1
639151466,639151211,0.71745485,0.015669106,-9.130512e-05,0.69642884,0.7085878,5.3527116e-10,-1.791907e-10,0.7056227,1
639156446,639156188,0.71732116,0.015678385,-0.0001175265,0.69656634,0.7085878,5.3527116e-10,-1.791907e-10,0.7056227,1
639161449,639161188,0.7172307,0.015658256,-0.00019782012,0.69665986,0.7085878,5.3527116e-10,-1.791907e-10,0.7056227,1
639166468,639166211,0.7171615,0.015588455,-0.00028032812,0.6967327,0.7085878,5.3527116e-10,-1.791907e-10,0.7056227,1
639171447,639171188,0.71706474,0.015551776,-0.00030812641,0.696833,0.7085878,5.3527116e-10,-1.791907e-10,0.7056227,1
639176436,639176186,0.7169562,0.015544495,-0.00036258795,0.6969449,0.7085878,5.3527116e-10,-1.791907e-10,0.7056227,1
639181457,639181211,0.7168371,0.01557436,-0.00036451273,0.6970667,0.7085878,5.3527116e-10,-1.791907e-10,0.7056227,1
639186441,639186188,0.7167337,0.015575315,-0.00034436327,0.69717294,0.7085878,5.3527116e-10,-1.791907e-10,0.7056227,1
639191443,639191188,0.71665084,0.015495227,-0.00034437169,0.69725996,0.7085878,5.3527116e-10,-1.791907e-10,0.7056227,1
639196466,639196211,0.7165746,0.015420048,-0.00031159123,0.6973399,0.7085878,5.3527116e-10,-1.791907e-10,0.7056227,1
639201458,639201188,0.7164693,0.015441467,-0.00028608605,0.6974477,0.7085878,5.3527116e-10,-1.791907e-10,0.7056227,1
639206453,639206187,0.7163737,0.01545612,-0.00033561676,0.6975455,0.7085878,5.3527116e-10,-1.791907e-10,0.7056227,1
639211470,639211211,0.71627146,0.015418695,-0.0003807878,0.6976513,0.7085878,5.3527116e-10,-1.791907e-10,0.7056227,1
639216434,639216188,0.7161532,0.015355243,-0.00032690796,0.69777423,0.7085878,5.3527116e-10,-1.791907e-10,0.7056227,1
639221441,639221188,0.71605986,0.01526619,-0.00032748986,0.6978719,0.7085878,5.3527116e-10,-1.791907e-10,0.7056227,1
639226465,639226211,0.7159956,0.015230608,-0.0003877648,0.69793856,0.7085878,5.3527116e-10,-1.791907e-10,0.7056227,1
639231435,639231188,0.71589667,0.015203501,-0.00047868903,0.6980406,0.7085878,5.3527116e-10,-1.791907e-10,0.7056227,1
639236442,639236186,0.7157948,0.015143722,-0.00056690525,0.6981463,0.7085878,5.3527116e-10,-1.791907e-10,0.7056227,1
639241470,639241211,0.71569246,0.015039421,-0.00057611265,0.6982534,0.7085878,5.3527116e-10,-1.791907e-10,0.7056227,1
639246433,639246188,0.7155961,0.014971222,-0.0005657852,0.6983537,0.7085878,5.3527116e-10,-1.791907e-10,0.7056227,1
639251442,639251188,0.7155281,0.014872021,-0.0006204895,0.6984255,0.7085878,5.3527116e-10,-1.791907e-10,0.7056227,1
639256465,639256211,0.71543884,0.014799814,-0.0007114881,0.6985183,0.7085878,5.3527116e-10,-1.791907e-10,0.7056227,1
639261453,639261188,0.7153293,0.014765121,-0.0007656879,0.69863117,0.7085878,5.3527116e-10,-1.791907e-10,0.7056227,1
639266430,639266187,0.7152187,0.014748011,-0.0007908724,0.6987447,0.7085878,5.3527116e-10,-1.791907e-10,0.7056227,1
639271474,639271211,0.71512026,0.014747501,-0.0008632894,0.6988453,0.7085878,5.3527116e-10,-1.791907e-10,0.7056227,1
639276442,639276187,0.7150392,0.014706734,-0.00096629397,0.698929,0.7085878,5.3527116e-10,-1.791907e-10,0.7056227,1
639281438,639281187,0.7149574,0.014683007,-0.001056026,0.69901305,0.7085878,5.3527116e-10,-1.791907e-10,0.7056227,1
639286471,639286211,0.7148552,0.014702159,-0.0011428146,0.6991171,0.7085878,5.3527116e-10,-1.791907e-10,0.7056227,1
639291443,639291188,0.7147598,0.014722655,-0.0012436176,0.699214,0.7085878,5.3527116e-10,-1.791907e-10,0.7056227,1
639296432,639296187,0.7146719,0.014742344,-0.0013844689,0.6993032,0.7085878,5.3527116e-10,-1.791907e-10,0.7056227,1
639301467,639301210,0.71457946,0.014694096,-0.0015076889,0.69939834,0.7085878,5.3527116e-10,-1.791907e-10,0.7056227,1
639306457,639306188,0.71449816,0.014694549,-0.001582294,0.69948125,0.7085878,5.3527116e-10,-1.791907e-10,0.7056227,1
639311433,639311187,0.714393,0.014740482,-0.0016657503,0.6995874,0.7085878,5.3527116e-10,-1.791907e-10,0.7056227,1
639316457,639316211,0.7143268,0.014786364,-0.0017697042,0.69965386,0.7085878,5.3527116e-10,-1.791907e-10,0.7056227,1
639321448,639321188,0.71425813,0.0147934705,-0.0018170812,0.6997237,0.7085878,5.3527116e-10,-1.791907e-10,0.7056227,1
639326442,639326187,0.7141432,0.014807615,-0.0018497363,0.69984066,0.7085878,5.3527116e-10,-1.791907e-10,0.7056227,1
639331458,639331211,0.71408224,0.014801435,-0.0018734446,0.69990283,0.7085878,5.3527116e-10,-1.791907e-10,0.7056227,1
639336442,639336188,0.71402276,0.014842964,-0.0018991699,0.69996256,0.7085878,5.3527116e-10,-1.791907e-10,0.7056227,1
639341444,639341187,0.7139558,0.014877963,-0.0019457962,0.70002997,0.7085878,5.3527116e-10,-1.791907e-10,0.7056227,1
639346465,639346211,0.71386504,0.014913511,-0.0018839614,0.70012194,0.7085878,5.3527116e-10,-1.791907e-10,0.7056227,1
639351446,639351188,0.7137908,0.01489605,-0.0018161995,0.70019823,0.7085878,5.3527116e-10,-1.791907e-10,0.7056227,1
639356438,639356187,0.7137561,0.014908682,-0.0017397661,0.7002335,0.7085878,5.3527116e-10,-1.791907e-10,0.7056227,1
639361465,639361211,0.71369374,0.014911432,-0.0017352324,0.70029706,0.7085878,5.3527116e-10,-1.791907e-10,0.7056227,1
639366433,639366188,0.7135986,0.01497217,-0.0016863283,0.7003928,0.7085878,5.3527116e-10,-1.791907e-10,0.7056227,1
639371442,639371187,0.71351576,0.015041134,-0.0016121133,0.7004758,0.7085878,5.3527116e-10,-1.791907e-10,0.7056227,1
639376472,639376211,0.7134595,0.015063071,-0.0015206512,0.700533,0.7085878,5.3527116e-10,-1.791907e-10,0.7056227,1
639381435,639381188,0.7134389,0.015025083,-0.0015103633,0.7005547,0.7085878,5.3527116e-10,-1.791907e-10,0.7056227,1
639386459,639386187,0.71338975,0.015037128,-0.0015448236,0.7006045,0.7085878,5.3527116e-10,-1.791907e-10,0.7056227,1
639391470,639391211,0.71328604,0.015116789,-0.0014902392,0.70070845,0.7085878,5.3527116e-10,-1.791907e-10,0.7056227,1
639396442,639396188,0.7132346,0.015151763,-0.0014906292,0.70076007,0.7085878,5.3527116e-10,-1.791907e-10,0.7056227,1
639401445,639401188,0.7131824,0.015135063,-0.0014746716,0.70081365,0.7085878,5.3527116e-10,-1.791907e-10,0.7056227,1
639406494,639406211,0.71313757,0.015100848,-0.0015260263,0.7008599,0.7085878,5.3527116e-10,-1.791907e-10,0.7056227,1
639411437,639411188,0.7130647,0.015116412,-0.0015410802,0.7009337,0.7085878,5.3527116e-10,-1.791907e-10,0.7056227,1
639416429,639416187,0.7129877,0.015160568,-0.0015229965,0.70101106,0.7085878,5.3527116e-10,-1.791907e-10,0.7056227,1
639421471,639421211,0.7129568,0.015187334,-0.0015611427,0.7010419,0.7085878,5.3527116e-10,-1.791907e-10,0.7056227,1
639426442,639426188,0.71290594,0.015191752,-0.0015893958,0.7010934,0.7085878,5.3527116e-10,-1.791907e-10,0.7056227,1
639431433,639431187,0.7128483,0.015218966,-0.001630152,0.70115125,0.7085878,5.3527116e-10,-1.791907e-10,0.7056227,1
639436467,639436211,0.7127839,0.015317991,-0.0016094683,0.7012147,0.7085878,5.3527116e-10,-1.791907e-10,0.7056227,1
639441444,639441190,0.71271884,0.015409806,-0.0016509391,0.7012786,0.7085878,5.3527116e-10,-1.791907e-10,0.7056227,1
639446429,639446186,0.71265924,0.015454672,-0.0016779864,0.7013381,0.7085878,5.3527116e-10,-1.791907e-10,0.7056227,1
639451470,639451211,0.7125813,0.015565307,-0.0016675236,0.7014149,0.7085878,5.3527116e-10,-1.791907e-10,0.7056227,1
639456446,639456188,0.71252996,0.015704796,-0.0016472257,0.70146406,0.7085878,5.3527116e-10,-1.791907e-10,0.7056227,1
639461434,639461187,0.7124856,0.015767716,-0.0016731806,0.7015076,0.7085878,5.3527116e-10,-1.791907e-10,0.7056227,1
639466457,639466211,0.71242815,0.015832094,-0.0016860751,0.7015645,0.7085878,5.3527116e-10,-1.791907e-10,0.7056227,1
639471443,639471188,0.71238506,0.015951656,-0.001634602,0.7016057,0.7085878,5.3527116e-10,-1.791907e-10,0.7056227,1
639476438,639476187,0.71234506,0.016070269,-0.0015102428,0.7016439,0.7085878,5.3527116e-10,-1.791907e-10,0.7056227,1
639481465,639481211,0.7123202,0.016081925,-0.0014612358,0.7016689,0.7085878,5.3527116e-10,-1.791907e-10,0.7056227,1
639486442,639486188,0.7122864,0.016079873,-0.0014513865,0.70170325,0.7085878,5.3527116e-10,-1.791907e-10,0.7056227,1
639491447,639491188,0.71221626,0.016131168,-0.0013650226,0.70177346,0.7085878,5.3527116e-10,-1.791907e-10,0.7056227,1
639496470,639496211,0.71217585,0.016138585,-0.0011950816,0.7018146,0.7085878,5.3527116e-10,-1.791907e-10,0.7056227,1
639501447,639501190,0.7121153,0.016069474,-0.0010493039,0.70187795,0.7085878,5.3527116e-10,-1.791907e-10,0.7056227,1
639506452,639506187,0.7120812,0.015971117,-0.0009763883,0.70191485,0.7085878,5.3527116e-10,-1.791907e-10,0.7056227,1
639511464,639511211,0.7120345,0.015909107,-0.00082694227,0.7019638,0.7085878,5.3527116e-10,-1.791907e-10,0.7056227,1
639516457,639516188,0.71197236,0.015834978,-0.0006358774,0.70202863,0.7085878,5.3527116e-10,-1.791907e-10,0.7056227,1
639521442,639521188,0.71191525,0.015713038,-0.000423635,0.70208955,0.7085878,5.3527116e-10,-1.791907e-10,0.7056227,1
639526466,639526211,0.7119002,0.015562669,-0.000272338,0.70210826,0.7085878,5.3527116e-10,-1.791907e-10,0.7056227,1
639531437,639531188,0.71187985,0.015402867,-0.00020102406,0.7021324,0.7085878,5.3527116e-10,-1.791907e-10,0.7056227,1
639536443,639536186,0.71181905,0.015270916,-6.871717e-05,0.7021969,0.7085878,5.3527116e-10,-1.791907e-10,0.7056227,1
639541493,639541211,0.7117661,0.015099714,3.3014323e-05,0.7022543,0.7085878,5.3527116e-10,-1.791907e-10,0.7056227,1
639546434,639546188,0.7117438,0.0149009805,0.00011410831,0.7022812,0.7085878,5.3527116e-10,-1.791907e-10,0.7056227,1
639551442,639551187,0.7117382,0.0147108575,0.00016002843,0.7022908,0.7085878,5.3527116e-10,-1.791907e-10,0.7056227,1
639556464,639556211,0.7116912,0.014571204,0.00020226643,0.7023414,0.7085878,5.3527116e-10,-1.791907e-10,0.7056227,1
639561467,639561192,0.71161634,0.01442737,0.00024625604,0.7024201,0.7085878,5.3527116e-10,-1.791907e-10,0.7056227,1
639566438,639566187,0.7115729,0.014295569,0.0002865958,0.70246685,0.7085878,5.3527116e-10,-1.791907e-10,0.7056227,1
639571466,639571211,0.7115817,0.014106213,0.00030012146,0.7024617,0.7085878,5.3527116e-10,-1.791907e-10,0.7056227,1
639576447,639576188,0.7115623,0.013957689,0.00030245836,0.7024844,0.7085878,5.3527116e-10,-1.791907e-10,0.7056227,1
639581433,639581188,0.7114959,0.013830587,0.00032420942,0.70255417,0.7085878,5.3527116e-10,-1.791907e-10,0.7056227,1
639586473,639586211,0.711448,0.013678293,0.00035010008,0.7026056,0.7085878,5.3527116e-10,-1.791907e-10,0.7056227,1
639591444,639591188,0.71145725,0.013532718,0.0003895571,0.70259905,0.7085878,5.3527116e-10,-1.791907e-10,0.7056227,1
639596429,639596186,0.71142584,0.013400341,0.0004287918,0.7026334,0.7085878,5.3527116e-10,-1.791907e-10,0.7056227,1
639601472,639601211,0.7113622,0.01326229,0.00044628445,0.7027004,0.7085878,5.3527116e-10,-1.791907e-10,0.7056227,1
639606454,639606188,0.7113183,0.013166875,0.00046223096,0.70274657,0.7085878,5.3527116e-10,-1.791907e-10,0.7056227,1
639611433,639611188,0.71130097,0.013138789,0.00048281552,0.70276463,0.7085878,5.3527116e-10,-1.791907e-10,0.7056227,1
639616465,639616211,0.71128225,0.013035969,0.00054277846,0.70278543,0.7085878,5.3527116e-10,-1.791907e-10,0.7056227,1
639621441,639621188,0.7112102,0.012971285,0.0005561792,0.7028595,0.7085878,5.3527116e-10,-1.791907e-10,0.7056227,1
639626438,639626187,0.7111477,0.012911183,0.000591481,0.70292383,0.7085878,5.3527116e-10,-1.791907e-10,0.7056227,1
639631457,639631211,0.71115774,0.012898416,0.00066627347,0.7029139,0.7085878,5.3527116e-10,-1.791907e-10,0.7056227,1
639636441,639636188,0.71112704,0.012838601,0.0007589056,0.70294595,0.7085878,5.3527116e-10,-1.791907e-10,0.7056227,1
639641444,639641187,0.71109056,0.012757536,0.0008189914,0.70298433,0.7085878,5.3527116e-10,-1.791907e-10,0.7056227,1
639646463,639646212,0.7110426,0.01266022,0.0008803681,0.70303446,0.7085878,5.3527116e-10,-1.791907e-10,0.7056227,1
639651446,639651188,0.7110214,0.012619269,0.0009224786,0.7030566,0.7085878,5.3527116e-10,-1.791907e-10,0.7056227,1
639656445,639656187,0.7110168,0.012550966,0.0010161912,0.70306236,0.7085878,5.3527116e-10,-1.791907e-10,0.7056227,1
639661471,639661211,0.71097344,0.012444121,0.0011006123,0.703108,0.7085878,5.3527116e-10,-1.791907e-10,0.7056227,1
639666440,639666188,0.7109499,0.012345476,0.0010771498,0.7031336,0.7085878,5.3527116e-10,-1.791907e-10,0.7056227,1
639671442,639671187,0.71095693,0.012293736,0.0011074046,0.7031273,0.7085878,5.3527116e-10,-1.791907e-10,0.7056227,1
639676464,639676211,0.7109471,0.012210553,0.0011290738,0.7031386,0.7085878,5.3527116e-10,-1.791907e-10,0.7056227,1
639681435,639681188,0.71092135,0.01215909,0.0011677057,0.7031655,0.7085878,5.3527116e-10,-1.791907e-10,0.7056227,1
639686437,639686187,0.7109125,0.012066669,0.0011659332,0.703176,0.7085878,5.3527116e-10,-1.791907e-10,0.7056227,1
639691474,639691211,0.7109163,0.012003309,0.001178216,0.7031733,0.7085878,5.3527116e-10,-1.791907e-10,0.7056227,1
639696442,639696188,0.71090233,0.01200955,0.0011974804,0.7031873,0.7085878,5.3527116e-10,-1.791907e-10,0.7056227,1
639701456,639701188,0.710863,0.011910939,0.0012316874,0.70322865,0.7085878,5.3527116e-10,-1.791907e-10,0.7056227,1
639706499,639706211,0.71085256,0.011870991,0.0012782501,0.7032398,0.7085878,5.3527116e-10,-1.791907e-10,0.7056227,1
639711445,639711188,0.71084684,0.0118444795,0.0012602437,0.70324606,0.7085878,5.3527116e-10,-1.791907e-10,0.7056227,1
639716443,639716187,0.7108357,0.011752165,0.0012932103,0.7032588,0.7085878,5.3527116e-10,-1.791907e-10,0.7056227,1
639721464,639721211,0.7108158,0.011674794,0.00135324,0.7032801,0.7085878,5.3527116e-10,-1.791907e-10,0.7056227,1
639726440,639726188,0.71079636,0.011622958,0.0013833645,0.7033005,0.7085878,5.3527116e-10,-1.791907e-10,0.7056227,1
639731433,639731187,0.7108195,0.011520926,0.0014528006,0.7032787,0.7085878,5.3527116e-10,-1.791907e-10,0.7056227,1
639736469,639736211,0.7108051,0.011463215,0.0015135842,0.70329404,0.7085878,5.3527116e-10,-1.791907e-10,0.7056227,1
639741447,639741188,0.71078515,0.011388486,0.0015469093,0.7033153,0.7085878,5.3527116e-10,-1.791907e-10,0.7056227,1
639746431,639746187,0.71076363,0.011318732,0.001717904,0.7033377,0.7085878,5.3527116e-10,-1.791907e-10,0.7056227,1
639751465,639751211,0.7107605,0.011235116,0.0018092644,0.70334214,0.7085878,5.3527116e-10,-1.791907e-10,0.7056227,1
639756441,639756188,0.71076614,0.011106354,0.0018705747,0.70333827,0.7085878,5.3527116e-10,-1.791907e-10,0.7056227,1
639761437,639761187,0.7107221,0.011016949,0.0019802887,0.7033839,0.7085878,5.3527116e-10,-1.791907e-10,0.7056227,1
639766465,639766210,0.7106959,0.010933146,0.0021305743,0.70341116,0.7085878,5.3527116e-10,-1.791907e-10,0.7056227,1
639771449,639771188,0.7107072,0.0108363805,0.0022376047,0.70340097,0.7085878,5.3527116e-10,-1.791907e-10,0.7056227,1
639776433,639776187,0.71071345,0.010687028,0.0023070301,0.7033967,0.7085878,5.3527116e-10,-1.791907e-10,0.7056227,1
639781456,639781211,0.7107035,0.010591241,0.0023757846,0.703408,0.7085878,5.3527116e-10,-1.791907e-10,0.7056227,1
639786442,639786188,0.7106711,0.010539357,0.002489369,0.703441,0.7085878,5.3527116e-10,-1.791907e-10,0.7056227,1
639791441,639791187,0.710649,0.01045604,0.0026393796,0.70346403,0.7085878,5.3527116e-10,-1.791907e-10,0.7056227,1
639796463,639796211,0.7106665,0.01037105,0.0026642443,0.70344764,0.7085878,5.3527116e-10,-1.791907e-10,0.7056227,1
639801448,639801188,0.7106071,0.010346083,0.002721381,0.7035077,0.7085878,5.3527116e-10,-1.791907e-10,0.7056227,1
639806459,639806187,0.71058005,0.010300845,0.002837757,0.7035353,0.7085878,5.3527116e-10,-1.791907e-10,0.7056227,1
639811470,639811211,0.7105511,0.010293545,0.002937918,0.7035643,0.7085878,5.3527116e-10,-1.791907e-10,0.7056227,1
639816441,639816188,0.71054864,0.01026127,0.0029685912,0.7035671,0.7085878,5.3527116e-10,-1.791907e-10,0.7056227,1
639821457,639821187,0.7105603,0.0102132745,0.0030830624,0.7035555,0.7085878,5.3527116e-10,-1.791907e-10,0.7056227,1
639826465,639826211,0.71052337,0.010259664,0.0032154175,0.7035916,0.7085878,5.3527116e-10,-1.791907e-10,0.7056227,1
639831436,639831188,0.710529,0.010248609,0.0033110608,0.7035855,0.7085878,5.3527116e-10,-1.791907e-10,0.7056227,1
639836438,639836187,0.71054417,0.010194087,0.003444706,0.70357037,0.7085878,5.3527116e-10,-1.791907e-10,0.7056227,1
639841465,639841211,0.710547,0.010195617,0.0035131357,0.7035672,0.7085878,5.3527116e-10,-1.791907e-10,0.7056227,1
639846435,639846188,0.71053934,0.010149089,0.0036098456,0.7035751,0.7085878,5.3527116e-10,-1.791907e-10,0.7056227,1
639851446,639851188,0.71050984,0.010168185,0.003719797,0.703604,0.7085878,5.3527116e-10,-1.791907e-10,0.7056227,1
639856470,639856211,0.7105155,0.010147745,0.0037380653,0.70359844,0.7085878,5.3527116e-10,-1.791907e-10,0.7056227,1
639861451,639861188,0.7105431,0.010127671,0.0037747677,0.7035707,0.7085878,5.3527116e-10,-1.791907e-10,0.7056227,1
639866439,639866187,0.71052825,0.010140525,0.0038149736,0.7035853,0.7085878,5.3527116e-10,-1.791907e-10,0.7056227,1
639871470,639871214,0.7105398,0.010162002,0.0038135801,0.70357335,0.7085878,5.3527116e-10,-1.791907e-10,0.7056227,1
639876434,639876188,0.71055424,0.01016435,0.0038536023,0.70355856,0.7085878,5.3527116e-10,-1.791907e-10,0.7056227,1
639881433,639881188,0.7105867,0.010159251,0.0038538997,0.70352584,0.7085878,5.3527116e-10,-1.791907e-10,0.7056227,1
639886470,639886211,0.7106299,0.010205741,0.003831735,0.7034816,0.7085878,5.3527116e-10,-1.791907e-10,0.7056227,1
639891446,639891191,0.71063864,0.010284923,0.0038775513,0.70347136,0.7085878,5.3527116e-10,-1.791907e-10,0.7056227,1
639896428,639896187,0.7106388,0.010315053,0.0039209467,0.70347047,0.7085878,5.3527116e-10,-1.791907e-10,0.7056227,1
639901472,639901211,0.71068084,0.010388418,0.0039390232,0.7034269,0.7085878,5.3527116e-10,-1.791907e-10,0.7056227,1
639906452,639906187,0.7107211,0.010424133,0.0039515574,0.70338565,0.7085878,5.3527116e-10,-1.791907e-10,0.7056227,1
639911434,639911188,0.71075374,0.010448387,0.0039394298,0.7033524,0.7085878,5.3527116e-10,-1.791907e-10,0.7056227,1
639916465,639916211,0.7107667,0.010483274,0.003952079,0.7033386,0.7085878,5.3527116e-10,-1.791907e-10,0.7056227,1
639921448,639921188,0.71081066,0.010500436,0.003926095,0.70329404,0.7085878,5.3527116e-10,-1.791907e-10,0.7056227,1
639926431,639926187,0.710839,0.0105227,0.0039356872,0.7032651,0.7085878,5.3527116e-10,-1.791907e-10,0.7056227,1
639931458,639931211,0.7108705,0.01051202,0.0039086705,0.7032336,0.7085878,5.3527116e-10,-1.791907e-10,0.7056227,1
639936444,639936188,0.71088415,0.010472005,0.0038556815,0.7032207,0.7085878,5.3527116e-10,-1.791907e-10,0.7056227,1
639941442,639941187,0.7109255,0.0104394285,0.0038241695,0.70317954,0.7085878,5.3527116e-10,-1.791907e-10,0.7056227,1
639946457,639946211,0.7109431,0.01039445,0.0037937805,0.70316255,0.7085878,5.3527116e-10,-1.791907e-10,0.7056227,1
639951462,639951189,0.7109456,0.010301308,0.003760409,0.70316154,0.7085878,5.3527116e-10,-1.791907e-10,0.7056227,1
639956438,639956187,0.7109819,0.010225333,0.0037068573,0.70312625,0.7085878,5.3527116e-10,-1.791907e-10,0.7056227,1
639961465,639961211,0.7110086,0.010149341,0.003660453,0.70310056,0.7085878,5.3527116e-10,-1.791907e-10,0.7056227,1
639966441,639966188,0.7110255,0.010039009,0.0036897175,0.703085,0.7085878,5.3527116e-10,-1.791907e-10,0.7056227,1
639971445,639971187,0.71106297,0.009846133,0.0036416363,0.70305,0.7085878,5.3527116e-10,-1.791907e-10,0.7056227,1
639976464,639976211,0.7110752,0.009698996,0.0035851966,0.70304,0.7085878,5.3527116e-10,-1.791907e-10,0.7056227,1
639981435,639981188,0.71111965,0.009549364,0.0035414288,0.7029973,0.7085878,5.3527116e-10,-1.791907e-10,0.7056227,1
639986445,639986187,0.711118,0.009392464,0.0035919037,0.70300084,0.7085878,5.3527116e-10,-1.791907e-10,0.7056227,1
639991471,639991211,0.7111083,0.0091898125,0.0035533393,0.7030135,0.7085878,5.3527116e-10,-1.791907e-10,0.7056227,1
639996438,639996188,0.71112335,0.008999595,0.0035040104,0.70300096,0.7085878,5.3527116e-10,-1.791907e-10,0.7056227,1
640001445,640001187,0.7111565,0.008853696,0.00351408,0.70296925,0.7085878,5.3527116e-10,-1.791907e-10,0.7056227,1
640006499,640006211,0.711165,0.008716088,0.0035098006,0.70296234,0.7085878,5.3527116e-10,-1.791907e-10,0.7056227,1
640011433,640011188,0.7111616,0.008506166,0.0035252192,0.70296836,0.7085878,5.3527116e-10,-1.791907e-10,0.7056227,1
640016438,640016187,0.7111758,0.008344107,0.0034690665,0.7029562,0.7085878,5.3527116e-10,-1.791907e-10,0.7056227,1
640021469,640021211,0.7112095,0.008210032,0.0034161506,0.702924,0.7085878,5.3527116e-10,-1.791907e-10,0.7056227,1
640026439,640026188,0.71121967,0.0080929585,0.0034707978,0.7029147,0.7085878,5.3527116e-10,-1.791907e-10,0.7056227,1
640031446,640031188,0.7112155,0.007991557,0.0034814232,0.7029201,0.7085878,5.3527116e-10,-1.791907e-10,0.7056227,1
640036472,640036211,0.7112243,0.007914647,0.003467298,0.70291203,0.7085878,5.3527116e-10,-1.791907e-10,0.7056227,1
640041443,640041188,0.7112538,0.00783617,0.003462401,0.70288306,0.7085878,5.3527116e-10,-1.791907e-10,0.7056227,1
640046441,640046187,0.71124643,0.007819617,0.003552042,0.70289034,0.7085878,5.3527116e-10,-1.791907e-10,0.7056227,1
640051469,640051211,0.7112481,0.007823408,0.0035563684,0.7028886,0.7085878,5.3527116e-10,-1.791907e-10,0.7056227,1
640056445,640056188,0.711257,0.007834944,0.003575458,0.7028794,0.7085878,5.3527116e-10,-1.791907e-10,0.7056227,1
640061432,640061187,0.7112749,0.007837074,0.0035840813,0.70286113,0.7085878,5.3527116e-10,-1.791907e-10,0.7056227,1
640066465,640066211,0.71129274,0.007901659,0.0036295666,0.7028421,0.7085878,5.3527116e-10,-1.791907e-10,0.7056227,1
640071442,640071188,0.71131,0.007936818,0.0037034783,0.7028238,0.7085878,5.3527116e-10,-1.791907e-10,0.7056227,1
640076428,640076186,0.7113102,0.007955366,0.0037353588,0.70282334,0.7085878,5.3527116e-10,-1.791907e-10,0.7056227,1
640081466,640081211,0.71132684,0.007972489,0.0037611572,0.7028062,0.7085878,5.3527116e-10,-1.791907e-10,0.7056227,1
640086446,640086188,0.7113379,0.008001772,0.0038130535,0.7027943,0.7085878,5.3527116e-10,-1.791907e-10,0.7056227,1
640091449,640091187,0.71137357,0.008019566,0.0038624129,0.70275784,0.7085878,5.3527116e-10,-1.791907e-10,0.7056227,1
640096463,640096211,0.7113868,0.008042821,0.0038705464,0.70274407,0.7085878,5.3527116e-10,-1.791907e-10,0.7056227,1
640101449,640101188,0.71137923,0.008034216,0.0038716549,0.7027518,0.7085878,5.3527116e-10,-1.791907e-10,0.7056227,1
640106452,640106187,0.71138906,0.008080301,0.0039241333,0.7027411,0.7085878,5.3527116e-10,-1.791907e-10,0.7056227,1
640111467,640111211,0.7114196,0.0081028715,0.0039390055,0.70270985,0.7085878,5.3527116e-10,-1.791907e-10,0.7056227,1
640116438,640116188,0.71140015,0.008110868,0.003978031,0.7027292,0.7085878,5.3527116e-10,-1.791907e-10,0.7056227,1
640121442,640121188,0.71139973,0.008093778,0.0039806752,0.7027298,0.7085878,5.3527116e-10,-1.791907e-10,0.7056227,1
640126468,640126213,0.7114124,0.008059327,0.003997451,0.70271724,0.7085878,5.3527116e-10,-1.791907e-10,0.7056227,1
640131448,640131189,0.7114268,0.008058243,0.004002804,0.7027027,0.7085878,5.3527116e-10,-1.791907e-10,0.7056227,1
640136440,640136187,0.7114153,0.008029044,0.004042046,0.7027145,0.7085878,5.3527116e-10,-1.791907e-10,0.7056227,1
640141465,640141211,0.7113948,0.0080075525,0.0040955837,0.7027351,0.7085878,5.3527116e-10,-1.791907e-10,0.7056227,1
640146433,640146188,0.7114079,0.007957437,0.004124792,0.7027223,0.7085878,5.3527116e-10,-1.791907e-10,0.7056227,1
640151442,640151188,0.7114149,0.007931837,0.004196038,0.7027151,0.7085878,5.3527116e-10,-1.791907e-10,0.7056227,1
640156464,640156211,0.71141636,0.007895812,0.004255761,0.70271355,0.7085878,5.3527116e-10,-1.791907e-10,0.7056227,1
640161445,640161188,0.7113964,0.0078350855,0.0043410235,0.702734,0.7085878,5.3527116e-10,-1.791907e-10,0.7056227,1
640166446,640166186,0.711399,0.007759453,0.0043839067,0.70273185,0.7085878,5.3527116e-10,-1.791907e-10,0.7056227,1
640171470,640171211,0.7114242,0.007755314,0.00445249,0.702706,0.7085878,5.3527116e-10,-1.791907e-10,0.7056227,1
640176434,640176188,0.711427,0.007723263,0.0045786286,0.70270276,0.7085878,5.3527116e-10,-1.791907e-10,0.7056227,1
640181441,640181187,0.7114173,0.0076397955,0.004608313,0.70271325,0.7085878,5.3527116e-10,-1.791907e-10,0.7056227,1
640186462,640186210,0.7114112,0.0075715613,0.0046712155,0.7027198,0.7085878,5.3527116e-10,-1.791907e-10,0.7056227,1
640191445,640191188,0.71145195,0.0075566494,0.004769202,0.702678,0.7085878,5.3527116e-10,-1.791907e-10,0.7056227,1
640196432,640196187,0.71147513,0.0074697933,0.004872428,0.7026548,0.7085878,5.3527116e-10,-1.791907e-10,0.7056227,1
640201472,640201211,0.71144944,0.0074276356,0.004937639,0.7026807,0.7085878,5.3527116e-10,-1.791907e-10,0.7056227,1
640206457,640206188,0.7114467,0.0073453393,0.0050074793,0.70268387,0.7085878,5.3527116e-10,-1.791907e-10,0.7056227,1
640211433,640211187,0.71150553,0.007333545,0.005123317,0.7026236,0.7085878,5.3527116e-10,-1.791907e-10,0.7056227,1
640216472,640216211,0.71151984,0.0072737313,0.0051905005,0.70260924,0.7085878,5.3527116e-10,-1.791907e-10,0.7056227,1
640221442,640221189,0.7115272,0.0072066206,0.005168091,0.7026027,0.7085878,5.3527116e-10,-1.791907e-10,0.7056227,1
640226428,640226187,0.7115184,0.007181135,0.0052025164,0.70261157,0.7085878,5.3527116e-10,-1.791907e-10,0.7056227,1
640231466,640231211,0.71157295,0.0070958524,0.005187567,0.70255727,0.7085878,5.3527116e-10,-1.791907e-10,0.7056227,1
640236445,640236188,0.7116238,0.0070179584,0.0051116436,0.7025072,0.7085878,5.3527116e-10,-1.791907e-10,0.7056227,1
640241451,640241188,0.7116074,0.0069951126,0.005082957,0.70252424,0.7085878,5.3527116e-10,-1.791907e-10,0.7056227,1
640246462,640246211,0.71160877,0.006941033,0.005037236,0.7025237,0.7085878,5.3527116e-10,-1.791907e-10,0.7056227,1
640251445,640251188,0.7116428,0.006895778,0.004978993,0.7024901,0.7085878,5.3527116e-10,-1.791907e-10,0.7056227,1
640256438,640256187,0.7116856,0.0068245833,0.004882795,0.70244807,0.7085878,5.3527116e-10,-1.791907e-10,0.7056227,1
640261458,640261211,0.711702,0.0067728637,0.0048053237,0.7024325,0.7085878,5.3527116e-10,-1.791907e-10,0.7056227,1
640266441,640266188,0.7117509,0.0067443317,0.0046397205,0.7023843,0.7085878,5.3527116e-10,-1.791907e-10,0.7056227,1
640271444,640271188,0.71182936,0.0066973977,0.0045243604,0.70230603,0.7085878,5.3527116e-10,-1.791907e-10,0.7056227,1
640276466,640276211,0.7118648,0.0066796057,0.0043161926,0.7022715,0.7085878,5.3527116e-10,-1.791907e-10,0.7056227,1
640281447,640281188,0.7118989,0.0066281646,0.0041668406,0.7022384,0.7085878,5.3527116e-10,-1.791907e-10,0.7056227,1
640286441,640286187,0.7119572,0.0065244837,0.00397459,0.70218134,0.7085878,5.3527116e-10,-1.791907e-10,0.7056227,1
640291466,640291211,0.7119999,0.006479662,0.0037102697,0.7021399,0.7085878,5.3527116e-10,-1.791907e-10,0.7056227,1
640296439,640296190,0.712014,0.0064089703,0.0034892655,0.7021274,0.7085878,5.3527116e-10,-1.791907e-10,0.7056227,1
640301443,640301188,0.7120232,0.006352077,0.0033662117,0.70211923,0.7085878,5.3527116e-10,-1.791907e-10,0.7056227,1
640306496,640306213,0.7120863,0.006250337,0.0032002367,0.7020569,0.7085878,5.3527116e-10,-1.791907e-10,0.7056227,1
640311435,640311188,0.71215564,0.0061948257,0.0029885217,0.701988,0.7085878,5.3527116e-10,-1.791907e-10,0.7056227,1
640316445,640316187,0.71218956,0.0061562746,0.0028216334,0.7019546,0.7085878,5.3527116e-10,-1.791907e-10,0.7056227,1
640321493,640321211,0.71220684,0.006115217,0.0027142405,0.70193785,0.7085878,5.3527116e-10,-1.791907e-10,0.7056227,1
640326430,640326188,0.71227294,0.006047851,0.0026246342,0.7018717,0.7085878,5.3527116e-10,-1.791907e-10,0.7056227,1
640331439,640331187,0.71232957,0.006039896,0.0024845803,0.7018148,0.7085878,5.3527116e-10,-1.791907e-10,0.7056227,1
640336465,640336211,0.7123673,0.0060427343,0.002315174,0.7017771,0.7085878,5.3527116e-10,-1.791907e-10,0.7056227,1
640341446,640341188,0.7123737,0.006056584,0.0021981536,0.7017709,0.7085878,5.3527116e-10,-1.791907e-10,0.7056227,1
640346432,640346187,0.712385,0.0060816132,0.0021416307,0.70175934,0.7085878,5.3527116e-10,-1.791907e-10,0.7056227,1
640351465,640351211,0.71244645,0.0060766777,0.002068436,0.70169723,0.7085878,5.3527116e-10,-1.791907e-10,0.7056227,1
640356447,640356188,0.7124999,0.006077145,0.0019867897,0.7016431,0.7085878,5.3527116e-10,-1.791907e-10,0.7056227,1
640361433,640361188,0.7125361,0.0060853832,0.0019187821,0.7016065,0.7085878,5.3527116e-10,-1.791907e-10,0.7056227,1
640366464,640366211,0.71254134,0.0061544124,0.0018901094,0.7016007,0.7085878,5.3527116e-10,-1.791907e-10,0.7056227,1
640371447,640371188,0.7125717,0.006191737,0.0019527131,0.7015694,0.7085878,5.3527116e-10,-1.791907e-10,0.7056227,1
640376430,640376187,0.71259254,0.006283765,0.0020738656,0.70154697,0.7085878,5.3527116e-10,-1.791907e-10,0.7056227,1
640381466,640381211,0.71261656,0.006283373,0.0021036484,0.70152247,0.7085878,5.3527116e-10,-1.791907e-10,0.7056227,1
640386447,640386188,0.71262497,0.006339917,0.002151401,0.70151323,0.7085878,5.3527116e-10,-1.791907e-10,0.7056227,1
640391432,640391187,0.7126372,0.0064133434,0.0022861762,0.70149976,0.7085878,5.3527116e-10,-1.791907e-10,0.7056227,1
640396458,640396211,0.7126832,0.0065032425,0.0024101848,0.7014518,0.7085878,5.3527116e-10,-1.791907e-10,0.7056227,1
640401449,640401188,0.7126929,0.006594517,0.002552994,0.7014405,0.7085878,5.3527116e-10,-1.791907e-10,0.7056227,1
640406452,640406187,0.71266276,0.006637732,0.0026769182,0.7014703,0.7085878,5.3527116e-10,-1.791907e-10,0.7056227,1
640411458,640411211,0.7127113,0.0067098085,0.0027727387,0.70142,0.7085878,5.3527116e-10,-1.791907e-10,0.7056227,1
640416446,640416188,0.71275324,0.0068331235,0.0029340223,0.7013755,0.7085878,5.3527116e-10,-1.791907e-10,0.7056227,1
640421440,640421187,0.71271807,0.0069102095,0.0030857197,0.7014098,0.7085878,5.3527116e-10,-1.791907e-10,0.7056227,1
640426475,640426211,0.71266454,0.0070081195,0.0032164955,0.7014627,0.7085878,5.3527116e-10,-1.791907e-10,0.7056227,1
640431439,640431188,0.7126287,0.0070662578,0.003376723,0.70149773,0.7085878,5.3527116e-10,-1.791907e-10,0.7056227,1
640436439,640436187,0.71266073,0.0071341046,0.0035080735,0.7014638,0.7085878,5.3527116e-10,-1.791907e-10,0.7056227,1
640441466,640441211,0.71265584,0.007265691,0.003697186,0.7014665,0.7085878,5.3527116e-10,-1.791907e-10,0.7056227,1
640446433,640446188,0.71261376,0.007423894,0.0037684499,0.7015073,0.7085878,5.3527116e-10,-1.791907e-10,0.7056227,1
640451446,640451188,0.71260047,0.0075267507,0.0039112642,0.7015189,0.7085878,5.3527116e-10,-1.791907e-10,0.7056227,1
640456469,640456211,0.7126011,0.007701815,0.003979505,0.70151585,0.7085878,5.3527116e-10,-1.791907e-10,0.7056227,1
640461443,640461188,0.7125897,0.007789731,0.0040737367,0.70152605,0.7085878,5.3527116e-10,-1.791907e-10,0.7056227,1
640466438,640466187,0.71252984,0.007983131,0.004199122,0.70158386,0.7085878,5.3527116e-10,-1.791907e-10,0.7056227,1
640471465,640471211,0.7125062,0.008109192,0.0043129027,0.70160574,0.7085878,5.3527116e-10,-1.791907e-10,0.7056227,1
640476433,640476188,0.71251196,0.008269707,0.004359709,0.7015977,0.7085878,5.3527116e-10,-1.791907e-10,0.7056227,1
640481442,640481188,0.71252203,0.008376191,0.004355982,0.70158625,0.7085878,5.3527116e-10,-1.791907e-10,0.7056227,1
640486465,640486211,0.7125023,0.008461506,0.0043439097,0.7016053,0.7085878,5.3527116e-10,-1.791907e-10,0.7056227,1
640491442,640491188,0.71239465,0.008605027,0.0043665417,0.7017127,0.7085878,5.3527116e-10,-1.791907e-10,0.7056227,1
640496430,640496186,0.71233875,0.008755117,0.004439482,0.70176715,0.7085878,5.3527116e-10,-1.791907e-10,0.7056227,1
640501471,640501211,0.71237296,0.008872103,0.0044799494,0.7017307,0.7085878,5.3527116e-10,-1.791907e-10,0.7056227,1
640506455,640506188,0.71238405,0.0089212945,0.0044081598,0.7017193,0.7085878,5.3527116e-10,-1.791907e-10,0.7056227,1
640511435,640511188,0.7123031,0.0089406585,0.0043159523,0.70180184,0.7085878,5.3527116e-10,-1.791907e-10,0.7056227,1
640516469,640516211,0.7121993,0.008985636,0.00423079,0.70190716,0.7085878,5.3527116e-10,-1.791907e-10,0.7056227,1
640521443,640521188,0.7121458,0.009140099,0.0042335335,0.70195943,0.7085878,5.3527116e-10,-1.791907e-10,0.7056227,1
640526430,640526187,0.71216047,0.009306018,0.004278916,0.7019421,0.7085878,5.3527116e-10,-1.791907e-10,0.7056227,1
640531472,640531211,0.7121275,0.009297466,0.0042391852,0.7019759,0.7085878,5.3527116e-10,-1.791907e-10,0.7056227,1
640536440,640536188,0.71204835,0.009326895,0.004147725,0.7020562,0.7085878,5.3527116e-10,-1.791907e-10,0.7056227,1
640541433,640541187,0.71200085,0.009331101,0.0040371134,0.70210505,0.7085878,5.3527116e-10,-1.791907e-10,0.7056227,1
640546474,640546210,0.7119604,0.009472505,0.0040268744,0.7021442,0.7085878,5.3527116e-10,-1.791907e-10,0.7056227,1
640551441,640551188,0.71193457,0.00958763,0.004047084,0.70216876,0.7085878,5.3527116e-10,-1.791907e-10,0.7056227,1
640556464,640556187,0.7118883,0.009629745,0.004065644,0.70221496,0.7085878,5.3527116e-10,-1.791907e-10,0.7056227,1
640561458,640561211,0.71181875,0.009613834,0.0040870034,0.7022855,0.7085878,5.3527116e-10,-1.791907e-10,0.7056227,1
640566458,640566206,0.71180266,0.009651726,0.0040707737,0.70230144,0.7085878,5.3527116e-10,-1.791907e-10,0.7056227,1
640571441,640571187,0.71175855,0.0097596785,0.004058812,0.7023447,0.7085878,5.3527116e-10,-1.791907e-10,0.7056227,1
640576467,640576211,0.71169966,0.009883572,0.004098723,0.7024025,0.7085878,5.3527116e-10,-1.791907e-10,0.7056227,1
640581447,640581188,0.7116531,0.009907253,0.004110683,0.70244926,0.7085878,5.3527116e-10,-1.791907e-10,0.7056227,1
640586437,640586187,0.71159434,0.009908286,0.004146727,0.7025085,0.7085878,5.3527116e-10,-1.791907e-10,0.7056227,1
640591467,640591212,0.71158624,0.009852688,0.0042064884,0.7025172,0.7085878,5.3527116e-10,-1.791907e-10,0.7056227,1
640596446,640596188,0.71153307,0.009916136,0.004246856,0.7025699,0.7085878,5.3527116e-10,-1.791907e-10,0.7056227,1
640601443,640601188,0.7114812,0.009959436,0.004324938,0.7026212,0.7085878,5.3527116e-10,-1.791907e-10,0.7056227,1
640606495,640606210,0.7114687,0.009948664,0.004434074,0.70263344,0.7085878,5.3527116e-10,-1.791907e-10,0.7056227,1
640611441,640611188,0.71142083,0.009915968,0.0045492346,0.7026816,0.7085878,5.3527116e-10,-1.791907e-10,0.7056227,1
640616445,640616187,0.7113819,0.009852382,0.004762667,0.70272046,0.7085878,5.3527116e-10,-1.791907e-10,0.7056227,1
640621470,640621211,0.7113376,0.009802671,0.0049999272,0.7027644,0.7085878,5.3527116e-10,-1.791907e-10,0.7056227,1
640626435,640626188,0.71133596,0.0097937435,0.0051649488,0.7027649,0.7085878,5.3527116e-10,-1.791907e-10,0.7056227,1
640631441,640631188,0.7113319,0.00978421,0.005309339,0.70276815,0.7085878,5.3527116e-10,-1.791907e-10,0.7056227,1
640636472,640636211,0.7112574,0.0097382,0.0055068275,0.7028427,0.7085878,5.3527116e-10,-1.791907e-10,0.7056227,1
640641433,640641188,0.71118635,0.009734579,0.0057362146,0.7029128,0.7085878,5.3527116e-10,-1.791907e-10,0.7056227,1
640646440,640646187,0.71118355,0.009737338,0.0059589925,0.7029137,0.7085878,5.3527116e-10,-1.791907e-10,0.7056227,1
640651466,640651211,0.711177,0.009743369,0.006118289,0.7029189,0.7085878,5.3527116e-10,-1.791907e-10,0.7056227,1
640656443,640656187,0.711144,0.009766585,0.0062303864,0.702951,0.7085878,5.3527116e-10,-1.791907e-10,0.7056227,1
640661433,640661187,0.7110765,0.009827791,0.00640227,0.7030168,0.7085878,5.3527116e-10,-1.791907e-10,0.7056227,1
640666465,640666211,0.7110344,0.009922363,0.006575628,0.7030565,0.7085878,5.3527116e-10,-1.791907e-10,0.7056227,1
640671442,640671188,0.7110224,0.010030947,0.0067326105,0.7030657,0.7085878,5.3527116e-10,-1.791907e-10,0.7056227,1
640676440,640676187,0.71100914,0.010070491,0.0067950217,0.70307785,0.7085878,5.3527116e-10,-1.791907e-10,0.7056227,1
640681474,640681214,0.71100086,0.010118827,0.006818687,0.70308536,0.7085878,5.3527116e-10,-1.791907e-10,0.7056227,1
640686497,640686187,0.71096003,0.010238457,0.0068791867,0.7031242,0.7085878,5.3527116e-10,-1.791907e-10,0.7056227,1
640691431,640691187,0.71092564,0.010378545,0.0069542876,0.7031563,0.7085878,5.3527116e-10,-1.791907e-10,0.7056227,1
640696468,640696212,0.7109355,0.010493042,0.006996905,0.70314425,0.7085878,5.3527116e-10,-1.791907e-10,0.7056227,1
640701443,640701188,0.7109043,0.01052382,0.0069809975,0.70317537,0.7085878,5.3527116e-10,-1.791907e-10,0.7056227,1
640706455,640706187,0.71088725,0.010561401,0.006988421,0.703192,0.7085878,5.3527116e-10,-1.791907e-10,0.7056227,1
640711461,640711211,0.71086895,0.010659089,0.0070026047,0.7032089,0.7085878,5.3527116e-10,-1.791907e-10,0.7056227,1
640716440,640716186,0.7108205,0.01076355,0.00704459,0.70325583,0.7085878,5.3527116e-10,-1.791907e-10,0.7056227,1
640721451,640721188,0.7108264,0.01077498,0.006993422,0.70325017,0.7085878,5.3527116e-10,-1.791907e-10,0.7056227,1
640726462,640726211,0.7108034,0.010759631,0.006950185,0.7032742,0.7085878,5.3527116e-10,-1.791907e-10,0.7056227,1
640731442,640731188,0.71079504,0.010790996,0.006925432,0.70328236,0.7085878,5.3527116e-10,-1.791907e-10,0.7056227,1
640736439,640736187,0.71076334,0.010889496,0.006998665,0.7033121,0.7085878,5.3527116e-10,-1.791907e-10,0.7056227,1
640741473,640741211,0.71076053,0.010892995,0.0069980933,0.7033149,0.7085878,5.3527116e-10,-1.791907e-10,0.7056227,1
640746442,640746187,0.7107457,0.010872012,0.0070064263,0.7033301,0.7085878,5.3527116e-10,-1.791907e-10,0.7056227,1
640751443,640751188,0.7107118,0.010869457,0.007002638,0.7033645,0.7085878,5.3527116e-10,-1.791907e-10,0.7056227,1
640756471,640756211,0.71070105,0.010893782,0.0070369514,0.7033747,0.7085878,5.3527116e-10,-1.791907e-10,0.7056227,1
640761433,640761187,0.7107013,0.01092403,0.00713808,0.70337296,0.7085878,5.3527116e-10,-1.791907e-10,0.7056227,1
640766441,640766187,0.7106743,0.0108963335,0.007183847,0.7034002,0.7085878,5.3527116e-10,-1.791907e-10,0.7056227,1
640771468,640771212,0.7106683,0.010861629,0.007249878,0.70340604,0.7085878,5.3527116e-10,-1.791907e-10,0.7056227,1
640776429,640776186,0.7106513,0.010833123,0.0072711087,0.7034235,0.7085878,5.3527116e-10,-1.791907e-10,0.7056227,1
640781446,640781188,0.7106461,0.010761803,0.007325868,0.7034293,0.7085878,5.3527116e-10,-1.791907e-10,0.7056227,1
640786470,640786211,0.7106409,0.010736359,0.0074178716,0.7034339,0.7085878,5.3527116e-10,-1.791907e-10,0.7056227,1
640791433,640791188,0.710619,0.010668039,0.007461223,0.7034566,0.7085878,5.3527116e-10,-1.791907e-10,0.7056227,1
640796442,640796188,0.71061933,0.0105723245,0.0074763517,0.7034576,0.7085878,5.3527116e-10,-1.791907e-10,0.7056227,1
640801470,640801211,0.7105965,0.010512362,0.0075159674,0.7034811,0.7085878,5.3527116e-10,-1.791907e-10,0.7056227,1
640806451,640806187,0.7105806,0.010415477,0.0075618667,0.7034981,0.7085878,5.3527116e-10,-1.791907e-10,0.7056227,1
640811435,640811188,0.71057177,0.01033564,0.007537886,0.70350844,0.7085878,5.3527116e-10,-1.791907e-10,0.7056227,1
640816508,640816211,0.71055806,0.010241782,0.0075186626,0.7035239,0.7085878,5.3527116e-10,-1.791907e-10,0.7056227,1
640821441,640821188,0.71056706,0.010149419,0.00746791,0.7035166,0.7085878,5.3527116e-10,-1.791907e-10,0.7056227,1
640826433,640826187,0.7105563,0.0100759845,0.007476563,0.7035285,0.7085878,5.3527116e-10,-1.791907e-10,0.7056227,1
640831470,640831211,0.7105504,0.009978175,0.0074175643,0.70353657,0.7085878,5.3527116e-10,-1.791907e-10,0.7056227,1
640836440,640836187,0.7105506,0.00987364,0.0073343,0.7035387,0.7085878,5.3527116e-10,-1.791907e-10,0.7056227,1
640841433,640841188,0.7105413,0.009788208,0.0072989347,0.7035496,0.7085878,5.3527116e-10,-1.791907e-10,0.7056227,1
640846473,640846211,0.7105556,0.009724714,0.0072590904,0.7035365,0.7085878,5.3527116e-10,-1.791907e-10,0.7056227,1
640851440,640851188,0.7105383,0.009674827,0.0071980334,0.7035552,0.7085878,5.3527116e-10,-1.791907e-10,0.7056227,1
640856434,640856187,0.7105309,0.009614466,0.0071176933,0.7035644,0.7085878,5.3527116e-10,-1.791907e-10,0.7056227,1
640861473,640861211,0.71053475,0.009529039,0.0070591676,0.7035622,0.7085878,5.3527116e-10,-1.791907e-10,0.7056227,1
640866445,640866187,0.7105246,0.00952977,0.0070410296,0.70357263,0.7085878,5.3527116e-10,-1.791907e-10,0.7056227,1
640871449,640871188,0.71054405,0.009505438,0.006961419,0.7035541,0.7085878,5.3527116e-10,-1.791907e-10,0.7056227,1
640876461,640876211,0.7105363,0.009496788,0.006884355,0.70356286,0.7085878,5.3527116e-10,-1.791907e-10,0.7056227,1
640881440,640881187,0.7105325,0.009468378,0.006809414,0.70356774,0.7085878,5.3527116e-10,-1.791907e-10,0.7056227,1
640886441,640886188,0.7105457,0.009479535,0.0067611593,0.7035547,0.7085878,5.3527116e-10,-1.791907e-10,0.7056227,1
640891469,640891212,0.7105379,0.009520225,0.006745232,0.7035622,0.7085878,5.3527116e-10,-1.791907e-10,0.7056227,1
640896438,640896187,0.710542,0.009517643,0.006662847,0.7035589,0.7085878,5.3527116e-10,-1.791907e-10,0.7056227,1
640901444,640901188,0.71053684,0.009591006,0.006627423,0.70356345,0.7085878,5.3527116e-10,-1.791907e-10,0.7056227,1
640906499,640906211,0.7105432,0.0096577825,0.0065831784,0.7035565,0.7085878,5.3527116e-10,-1.791907e-10,0.7056227,1
640911433,640911188,0.71055466,0.00973986,0.0066072005,0.7035436,0.7085878,5.3527116e-10,-1.791907e-10,0.7056227,1
640916440,640916188,0.71054983,0.009800093,0.006550191,0.7035482,0.7085878,5.3527116e-10,-1.791907e-10,0.7056227,1
640921467,640921211,0.71054953,0.009865919,0.006528455,0.70354784,0.7085878,5.3527116e-10,-1.791907e-10,0.7056227,1
640926428,640926186,0.71057034,0.009994909,0.006520229,0.70352507,0.7085878,5.3527116e-10,-1.791907e-10,0.7056227,1
640931446,640931188,0.7105675,0.010090507,0.0065561864,0.70352626,0.7085878,5.3527116e-10,-1.791907e-10,0.7056227,1
640936470,640936211,0.71058524,0.010185696,0.0065832543,0.70350665,0.7085878,5.3527116e-10,-1.791907e-10,0.7056227,1
640941433,640941188,0.7105755,0.01026574,0.006526277,0.70351577,0.7085878,5.3527116e-10,-1.791907e-10,0.7056227,1
640946449,640946187,0.7105851,0.010362668,0.0065243025,0.7035047,0.7085878,5.3527116e-10,-1.791907e-10,0.7056227,1
640951474,640951212,0.7106003,0.010474343,0.0065477625,0.7034875,0.7085878,5.3527116e-10,-1.791907e-10,0.7056227,1
640956426,640956187,0.7105783,0.010561726,0.006568561,0.7035082,0.7085878,5.3527116e-10,-1.791907e-10,0.7056227,1
640961434,640961188,0.7105838,0.010612862,0.0065209684,0.70350236,0.7085878,5.3527116e-10,-1.791907e-10,0.7056227,1
640966470,640966211,0.7106031,0.010716338,0.0065139453,0.7034813,0.7085878,5.3527116e-10,-1.791907e-10,0.7056227,1
640971440,640971188,0.7105999,0.010841432,0.0065171695,0.7034827,0.7085878,5.3527116e-10,-1.791907e-10,0.7056227,1
640976434,640976188,0.71060663,0.010905535,0.0065440238,0.70347464,0.7085878,5.3527116e-10,-1.791907e-10,0.7056227,1
640981466,640981212,0.7106028,0.010975945,0.0065250923,0.70347756,0.7085878,5.3527116e-10,-1.791907e-10,0.7056227,1
640986436,640986186,0.7106246,0.01104547,0.0065029324,0.7034547,0.7085878,5.3527116e-10,-1.791907e-10,0.7056227,1
640991433,640991188,0.7106426,0.011162599,0.006500044,0.7034346,0.7085878,5.3527116e-10,-1.791907e-10,0.7056227,1
640996468,640996213,0.7106113,0.01124919,0.0065330015,0.70346457,0.7085878,5.3527116e-10,-1.791907e-10,0.7056227,1
641001442,641001188,0.7106483,0.011314774,0.0065631713,0.7034258,0.7085878,5.3527116e-10,-1.791907e-10,0.7056227,1
641006448,641006188,0.71064854,0.0113933245,0.006580646,0.70342416,0.7085878,5.3527116e-10,-1.791907e-10,0.7056227,1
641011495,641011213,0.7106552,0.011480874,0.0066027944,0.7034158,0.7085878,5.3527116e-10,-1.791907e-10,0.7056227,1
641016436,641016187,0.7106636,0.011572038,0.0066980794,0.70340496,0.7085878,5.3527116e-10,-1.791907e-10,0.7056227,1
641021442,641021188,0.7106494,0.011654071,0.006760849,0.7034174,0.7085878,5.3527116e-10,-1.791907e-10,0.7056227,1
641026456,641026211,0.71068126,0.011722414,0.006775461,0.7033839,0.7085878,5.3527116e-10,-1.791907e-10,0.7056227,1
641031443,641031188,0.7106801,0.011819969,0.0068314984,0.7033829,0.7085878,5.3527116e-10,-1.791907e-10,0.7056227,1
641036441,641036188,0.71069425,0.011910108,0.006919233,0.70336616,0.7085878,5.3527116e-10,-1.791907e-10,0.7056227,1
641041475,641041213,0.71070194,0.012016012,0.0069943434,0.7033559,0.7085878,5.3527116e-10,-1.791907e-10,0.7056227,1
641046438,641046187,0.71072125,0.012120753,0.007038104,0.7033342,0.7085878,5.3527116e-10,-1.791907e-10,0.7056227,1
641051442,641051188,0.7107242,0.012177686,0.0070880875,0.70332974,0.7085878,5.3527116e-10,-1.791907e-10,0.7056227,1
641056472,641056211,0.7107325,0.012243339,0.0071450425,0.70331955,0.7085878,5.3527116e-10,-1.791907e-10,0.7056227,1
641061439,641061187,0.71074873,0.012356299,0.007180088,0.70330083,0.7085878,5.3527116e-10,-1.791907e-10,0.7056227,1
641066444,641066188,0.71078545,0.012456613,0.0072165495,0.70326155,0.7085878,5.3527116e-10,-1.791907e-10,0.7056227,1
641071472,641071212,0.7107785,0.012505182,0.0072584474,0.70326734,0.7085878,5.3527116e-10,-1.791907e-10,0.7056227,1
641076437,641076187,0.71078724,0.012563881,0.0073126117,0.7032569,0.7085878,5.3527116e-10,-1.791907e-10,0.7056227,1
641081442,641081188,0.7108407,0.012639319,0.0073445253,0.7032012,0.7085878,5.3527116e-10,-1.791907e-10,0.7056227,1
641086465,641086211,0.7108572,0.012741213,0.007385554,0.7031822,0.7085878,5.3527116e-10,-1.791907e-10,0.7056227,1
641091432,641091187,0.7108569,0.012775335,0.0073962566,0.70318174,0.7085878,5.3527116e-10,-1.791907e-10,0.7056227,1
641096447,641096188,0.7108694,0.012875046,0.0074020764,0.70316726,0.7085878,5.3527116e-10,-1.791907e-10,0.7056227,1
641101493,641101211,0.7109174,0.012979817,0.0074139163,0.70311666,0.7085878,5.3527116e-10,-1.791907e-10,0.7056227,1
641106447,641106187,0.710936,0.013045266,0.0074098636,0.70309675,0.7085878,5.3527116e-10,-1.791907e-10,0.7056227,1
641111442,641111188,0.7109416,0.01310778,0.007400096,0.70308995,0.7085878,5.3527116e-10,-1.791907e-10,0.7056227,1
641116465,641116211,0.7109844,0.013242452,0.007383374,0.70304435,0.7085878,5.3527116e-10,-1.791907e-10,0.7056227,1
641121443,641121188,0.711018,0.013361198,0.007387932,0.70300806,0.7085878,5.3527116e-10,-1.791907e-10,0.7056227,1
641126434,641126187,0.7110275,0.013421918,0.00732848,0.702998,0.7085878,5.3527116e-10,-1.791907e-10,0.7056227,1
641131474,641131212,0.711061,0.013568427,0.0072484803,0.70296204,0.7085878,5.3527116e-10,-1.791907e-10,0.7056227,1
641136436,641136187,0.7110977,0.013723006,0.007240336,0.702922,0.7085878,5.3527116e-10,-1.791907e-10,0.7056227,1
641141435,641141188,0.71112466,0.013813975,0.0071693263,0.70289373,0.7085878,5.3527116e-10,-1.791907e-10,0.7056227,1
641146465,641146211,0.71115166,0.01393578,0.0070612836,0.70286506,0.7085878,5.3527116e-10,-1.791907e-10,0.7056227,1
641151442,641151188,0.711186,0.01410305,0.0070089484,0.7028275,0.7085878,5.3527116e-10,-1.791907e-10,0.7056227,1
641156432,641156187,0.71122026,0.014227277,0.0069596088,0.7027908,0.7085878,5.3527116e-10,-1.791907e-10,0.7056227,1
641161510,641161214,0.7112415,0.014307802,0.0068247477,0.702769,0.7085878,5.3527116e-10,-1.791907e-10,0.7056227,1
641166432,641166187,0.71127236,0.014480046,0.0067264154,0.70273525,0.7085878,5.3527116e-10,-1.791907e-10,0.7056227,1
641171441,641171188,0.71129346,0.0145764705,0.006687926,0.7027123,0.7085878,5.3527116e-10,-1.791907e-10,0.7056227,1
641176463,641176212,0.7113348,0.014672248,0.006572885,0.70266944,0.7085878,5.3527116e-10,-1.791907e-10,0.7056227,1
641181442,641181188,0.71134335,0.014797304,0.006489899,0.70265895,0.7085878,5.3527116e-10,-1.791907e-10,0.7056227,1
641186446,641186188,0.7113595,0.014865282,0.0064399927,0.7026416,0.7085878,5.3527116e-10,-1.791907e-10,0.7056227,1
641191460,641191212,0.71141,0.014913227,0.0063880454,0.70259,0.7085878,5.3527116e-10,-1.791907e-10,0.7056227,1
641196446,641196187,0.71142864,0.015012709,0.0063084615,0.70256966,0.7085878,5.3527116e-10,-1.791907e-10,0.7056227,1
641201447,641201188,0.71142346,0.015050487,0.006292853,0.70257425,0.7085878,5.3527116e-10,-1.791907e-10,0.7056227,1
641206516,641206215,0.7114627,0.0150895575,0.0062825405,0.70253384,0.7085878,5.3527116e-10,-1.791907e-10,0.7056227,1
641211442,641211188,0.7114892,0.015180564,0.006272895,0.7025051,0.7085878,5.3527116e-10,-1.791907e-10,0.7056227,1
641216440,641216188,0.7114878,0.015191313,0.0062802243,0.7025062,0.7085878,5.3527116e-10,-1.791907e-10,0.7056227,1
641221467,641221211,0.71152115,0.015206552,0.006311464,0.7024718,0.7085878,5.3527116e-10,-1.791907e-10,0.7056227,1
641226426,641226186,0.71154773,0.0152386725,0.0063215364,0.7024441,0.7085878,5.3527116e-10,-1.791907e-10,0.7056227,1
641231441,641231188,0.7115516,0.015258697,0.0064285216,0.7024388,0.7085878,5.3527116e-10,-1.791907e-10,0.7056227,1
641236465,641236211,0.7115776,0.015244084,0.006483291,0.70241225,0.7085878,5.3527116e-10,-1.791907e-10,0.7056227,1
641241433,641241187,0.7116102,0.015309008,0.0066032168,0.7023767,0.7085878,5.3527116e-10,-1.791907e-10,0.7056227,1
641246447,641246188,0.7115802,0.015288449,0.0067292103,0.70240635,0.7085878,5.3527116e-10,-1.791907e-10,0.7056227,1
641251493,641251214,0.7116048,0.0152764395,0.006845116,0.7023806,0.7085878,5.3527116e-10,-1.791907e-10,0.7056227,1
641256431,641256187,0.7116184,0.015272264,0.0069852034,0.7023655,0.7085878,5.3527116e-10,-1.791907e-10,0.7056227,1
641261442,641261188,0.71159685,0.015226406,0.007151701,0.7023867,0.7085878,5.3527116e-10,-1.791907e-10,0.7056227,1
641266471,641266211,0.7116193,0.015138272,0.0072695804,0.70236456,0.7085878,5.3527116e-10,-1.791907e-10,0.7056227,1
641271444,641271187,0.71163875,0.0150882155,0.0074514677,0.7023441,0.7085878,5.3527116e-10,-1.791907e-10,0.7056227,1
641276433,641276188,0.71162474,0.015000864,0.0076418053,0.7023581,0.7085878,5.3527116e-10,-1.791907e-10,0.7056227,1
641281473,641281213,0.7116415,0.014919253,0.007770653,0.7023415,0.7085878,5.3527116e-10,-1.791907e-10,0.7056227,1
641286435,641286187,0.7116582,0.0148419645,0.007965466,0.702324,0.7085878,5.3527116e-10,-1.791907e-10,0.7056227,1
641291435,641291188,0.71163815,0.014718414,0.008160543,0.70234466,0.7085878,5.3527116e-10,-1.791907e-10,0.7056227,1
641296469,641296211,0.7116462,0.014632057,0.008263669,0.702337,0.7085878,5.3527116e-10,-1.791907e-10,0.7056227,1
641301442,641301188,0.71166337,0.014585071,0.00843297,0.70231867,0.7085878,5.3527116e-10,-1.791907e-10,0.7056227,1
641306449,641306188,0.71164197,0.014476972,0.008565346,0.70234096,0.7085878,5.3527116e-10,-1.791907e-10,0.7056227,1
641311466,641311211,0.71166074,0.014396211,0.008631752,0.70232284,0.7085878,5.3527116e-10,-1.791907e-10,0.7056227,1
641316442,641316187,0.71167946,0.014378552,0.008729273,0.702303,0.7085878,5.3527116e-10,-1.791907e-10,0.7056227,1
641321442,641321188,0.71165675,0.014335542,0.008843645,0.70232546,0.7085878,5.3527116e-10,-1.791907e-10,0.7056227,1
641326457,641326211,0.7116723,0.014293197,0.008889409,0.70231,0.7085878,5.3527116e-10,-1.791907e-10,0.7056227,1
641331446,641331188,0.71168447,0.01432485,0.0089202495,0.7022966,0.7085878,5.3527116e-10,-1.791907e-10,0.7056227,1
641336455,641336187,0.7116549,0.014285849,0.008974923,0.70232666,0.7085878,5.3527116e-10,-1.791907e-10,0.7056227,1
641341465,641341211,0.71166366,0.014225263,0.008979529,0.70231897,0.7085878,5.3527116e-10,-1.791907e-10,0.7056227,1
641346435,641346187,0.7116693,0.014285605,0.008984382,0.702312,0.7085878,5.3527116e-10,-1.791907e-10,0.7056227,1
641351442,641351188,0.7116381,0.014325259,0.008975714,0.70234287,0.7085878,5.3527116e-10,-1.791907e-10,0.7056227,1
641356462,641356210,0.71163857,0.014265515,0.008963419,0.70234376,0.7085878,5.3527116e-10,-1.791907e-10,0.7056227,1
641361442,641361188,0.7116494,0.014306652,0.0089454325,0.7023322,0.7085878,5.3527116e-10,-1.791907e-10,0.7056227,1
641366447,641366188,0.71165055,0.0143597275,0.008882511,0.70233077,0.7085878,5.3527116e-10,-1.791907e-10,0.7056227,1
641371494,641371211,0.7116248,0.01433585,0.0088303555,0.702358,0.7085878,5.3527116e-10,-1.791907e-10,0.7056227,1
641376428,641376187,0.711615,0.014361779,0.008765485,0.7023682,0.7085878,5.3527116e-10,-1.791907e-10,0.7056227,1
641381448,641381188,0.71161616,0.014480203,0.008700165,0.70236546,0.7085878,5.3527116e-10,-1.791907e-10,0.7056227,1
641386462,641386210,0.7115978,0.014502649,0.008595141,0.7023848,0.7085878,5.3527116e-10,-1.791907e-10,0.7056227,1
641391434,641391188,0.7115784,0.014520935,0.008476868,0.7024055,0.7085878,5.3527116e-10,-1.791907e-10,0.7056227,1
641396445,641396188,0.7115867,0.0146112405,0.008427215,0.7023959,0.7085878,5.3527116e-10,-1.791907e-10,0.7056227,1
641401465,641401211,0.7115873,0.014686678,0.008321479,0.70239496,0.7085878,5.3527116e-10,-1.791907e-10,0.7056227,1
641406446,641406187,0.7115715,0.014734137,0.008202697,0.70241135,0.7085878,5.3527116e-10,-1.791907e-10,0.7056227,1
641411450,641411188,0.71154654,0.014814919,0.008090702,0.70243627,0.7085878,5.3527116e-10,-1.791907e-10,0.7056227,1
641416469,641416210,0.71154207,0.014927944,0.0080116885,0.70243925,0.7085878,5.3527116e-10,-1.791907e-10,0.7056227,1
641421434,641421188,0.7115658,0.015033091,0.007951173,0.70241374,0.7085878,5.3527116e-10,-1.791907e-10,0.7056227,1
641426435,641426188,0.71152246,0.015101405,0.007845,0.7024573,0.7085878,5.3527116e-10,-1.791907e-10,0.7056227,1
641431465,641431211,0.71150225,0.015177164,0.0077290623,0.7024775,0.7085878,5.3527116e-10,-1.791907e-10,0.7056227,1
641436438,641436187,0.7115004,0.015318452,0.007679711,0.70247686,0.7085878,5.3527116e-10,-1.791907e-10,0.7056227,1
641441436,641441190,0.7114766,0.015424779,0.007669299,0.7024986,0.7085878,5.3527116e-10,-1.791907e-10,0.7056227,1
641446467,641446210,0.7114566,0.015494872,0.007555521,0.70251864,0.7085878,5.3527116e-10,-1.791907e-10,0.7056227,1
641451441,641451188,0.7114282,0.015639063,0.0074912137,0.7025448,0.7085878,5.3527116e-10,-1.791907e-10,0.7056227,1
641456439,641456188,0.71140844,0.015795548,0.007455826,0.70256174,0.7085878,5.3527116e-10,-1.791907e-10,0.7056227,1
641461470,641461211,0.711402,0.015941111,0.0074866735,0.70256466,0.7085878,5.3527116e-10,-1.791907e-10,0.7056227,1
641466443,641466187,0.7113858,0.016024066,0.007446434,0.7025797,0.7085878,5.3527116e-10,-1.791907e-10,0.7056227,1
641471440,641471190,0.711371,0.016126564,0.0074238675,0.70259243,0.7085878,5.3527116e-10,-1.791907e-10,0.7056227,1
641476458,641476210,0.71134174,0.016245894,0.007406295,0.7026195,0.7085878,5.3527116e-10,-1.791907e-10,0.7056227,1
641481439,641481187,0.7113171,0.01638785,0.007449417,0.7026407,0.7085878,5.3527116e-10,-1.791907e-10,0.7056227,1
641486446,641486188,0.71129686,0.016462985,0.00744259,0.70265955,0.7085878,5.3527116e-10,-1.791907e-10,0.7056227,1
641491461,641491211,0.711266,0.0165327,0.00747971,0.7026888,0.7085878,5.3527116e-10,-1.791907e-10,0.7056227,1
641496439,641496187,0.7112588,0.016596297,0.0074787824,0.7026946,0.7085878,5.3527116e-10,-1.791907e-10,0.7056227,1
641501452,641501188,0.71125007,0.016710918,0.007462495,0.70270085,0.7085878,5.3527116e-10,-1.791907e-10,0.7056227,1
641506474,641506210,0.7112221,0.016770767,0.0074400264,0.7027279,0.7085878,5.3527116e-10,-1.791907e-10,0.7056227,1
641511442,641511188,0.7111916,0.016792737,0.007424622,0.70275843,0.7085878,5.3527116e-10,-1.791907e-10,0.7056227,1
641516444,641516189,0.7111598,0.016879452,0.007424015,0.70278853,0.7085878,5.3527116e-10,-1.791907e-10,0.7056227,1
641521469,641521211,0.7111706,0.01690105,0.0073535596,0.7027778,0.7085878,5.3527116e-10,-1.791907e-10,0.7056227,1
641526434,641526188,0.71116287,0.016991505,0.007276337,0.7027843,0.7085878,5.3527116e-10,-1.791907e-10,0.7056227,1
641531444,641531188,0.71111816,0.017070254,0.007220236,0.70282817,0.7085878,5.3527116e-10,-1.791907e-10,0.7056227,1
641536462,641536210,0.7110807,0.01713615,0.0072123986,0.70286465,0.7085878,5.3527116e-10,-1.791907e-10,0.7056227,1
641541433,641541188,0.7110516,0.017224146,0.007168134,0.7028923,0.7085878,5.3527116e-10,-1.791907e-10,0.7056227,1
641546442,641546188,0.7110486,0.017310685,0.007039028,0.7028945,0.7085878,5.3527116e-10,-1.791907e-10,0.7056227,1
641551499,641551211,0.7110492,0.0173968,0.006924047,0.70289296,0.7085878,5.3527116e-10,-1.791907e-10,0.7056227,1
641556432,641556187,0.7110037,0.01749508,0.006841271,0.70293736,0.7085878,5.3527116e-10,-1.791907e-10,0.7056227,1
641561458,641561188,0.7109781,0.017605502,0.006811525,0.7029608,0.7085878,5.3527116e-10,-1.791907e-10,0.7056227,1
641566465,641566210,0.7109657,0.01769045,0.0067441426,0.7029719,0.7085878,5.3527116e-10,-1.791907e-10,0.7056227,1
641571434,641571188,0.7109695,0.017741324,0.0066056084,0.70296806,0.7085878,5.3527116e-10,-1.791907e-10,0.7056227,1
641576447,641576188,0.7109435,0.017807,0.0064994865,0.70299363,0.7085878,5.3527116e-10,-1.791907e-10,0.7056227,1
641581472,641581211,0.7108961,0.017891848,0.0064276834,0.7030401,0.7085878,5.3527116e-10,-1.791907e-10,0.7056227,1
641586436,641586187,0.71085167,0.017964678,0.0063571525,0.70308375,0.7085878,5.3527116e-10,-1.791907e-10,0.7056227,1
641591440,641591188,0.7108278,0.018054307,0.0062503368,0.70310664,0.7085878,5.3527116e-10,-1.791907e-10,0.7056227,1
641596496,641596210,0.710837,0.018044705,0.006148261,0.7030984,0.7085878,5.3527116e-10,-1.791907e-10,0.7056227,1
641601442,641601188,0.7108219,0.018044379,0.006042454,0.7031146,0.7085878,5.3527116e-10,-1.791907e-10,0.7056227,1
641606454,641606188,0.71078503,0.018048368,0.005904408,0.703153,0.7085878,5.3527116e-10,-1.791907e-10,0.7056227,1
641611470,641611211,0.71074104,0.018063096,0.0058054873,0.70319796,0.7085878,5.3527116e-10,-1.791907e-10,0.7056227,1
641616440,641616187,0.71071005,0.01811468,0.0057065412,0.7032288,0.7085878,5.3527116e-10,-1.791907e-10,0.7056227,1
641621435,641621188,0.7107067,0.018076403,0.00555747,0.70323426,0.7085878,5.3527116e-10,-1.791907e-10,0.7056227,1
641626462,641626210,0.710697,0.018017238,0.0054285866,0.7032466,0.7085878,5.3527116e-10,-1.791907e-10,0.7056227,1
641631441,641631187,0.7106563,0.018047508,0.005273816,0.7032881,0.7085878,5.3527116e-10,-1.791907e-10,0.7056227,1
641636449,641636190,0.7106303,0.01806996,0.005172247,0.70331454,0.7085878,5.3527116e-10,-1.791907e-10,0.7056227,1
641641462,641641210,0.7106004,0.018066816,0.005136219,0.7033451,0.7085878,5.3527116e-10,-1.791907e-10,0.7056227,1
641646444,641646187,0.71054953,0.017999891,0.0050251526,0.70339906,0.7085878,5.3527116e-10,-1.791907e-10,0.7056227,1
641651450,641651188,0.7105271,0.017951913,0.004887099,0.7034239,0.7085878,5.3527116e-10,-1.791907e-10,0.7056227,1
641656459,641656210,0.7105215,0.017981734,0.004755538,0.7034297,0.7085878,5.3527116e-10,-1.791907e-10,0.7056227,1
641661442,641661188,0.71049535,0.018070363,0.004725531,0.7034541,0.7085878,5.3527116e-10,-1.791907e-10,0.7056227,1
641666443,641666188,0.7104568,0.018086111,0.0046727844,0.70349294,0.7085878,5.3527116e-10,-1.791907e-10,0.7056227,1
641671464,641671211,0.7103987,0.018051447,0.004567692,0.70355326,0.7085878,5.3527116e-10,-1.791907e-10,0.7056227,1
641676442,641676188,0.7103681,0.0180649,0.0043860227,0.70358485,0.7085878,5.3527116e-10,-1.791907e-10,0.7056227,1
641681454,641681188,0.7103722,0.018166332,0.004308654,0.7035786,0.7085878,5.3527116e-10,-1.791907e-10,0.7056227,1
641686468,641686210,0.71033555,0.018280825,0.004230874,0.70361316,0.7085878,5.3527116e-10,-1.791907e-10,0.7056227,1
641691432,641691188,0.71029043,0.018295763,0.004134549,0.7036588,0.7085878,5.3527116e-10,-1.791907e-10,0.7056227,1
641696449,641696188,0.71022475,0.018321149,0.004004869,0.7037253,0.7085878,5.3527116e-10,-1.791907e-10,0.7056227,1
641701469,641701211,0.71019745,0.018375333,0.003839205,0.70375234,0.7085878,5.3527116e-10,-1.791907e-10,0.7056227,1
641706470,641706187,0.7101847,0.018511565,0.003747136,0.7037621,0.7085878,5.3527116e-10,-1.791907e-10,0.7056227,1
641711444,641711190,0.71015763,0.01858379,0.0036952521,0.70378774,0.7085878,5.3527116e-10,-1.791907e-10,0.7056227,1
641716460,641716210,0.7101127,0.018612806,0.0035904725,0.70383286,0.7085878,5.3527116e-10,-1.791907e-10,0.7056227,1
641721435,641721188,0.7100653,0.01863255,0.0034736688,0.7038807,0.7085878,5.3527116e-10,-1.791907e-10,0.7056227,1
641726459,641726188,0.7100447,0.018728765,0.0033987113,0.7038993,0.7085878,5.3527116e-10,-1.791907e-10,0.7056227,1
641731468,641731211,0.7100429,0.018818757,0.0033319204,0.703899,0.7085878,5.3527116e-10,-1.791907e-10,0.7056227,1
641736441,641736188,0.70999616,0.018874457,0.0032752706,0.7039449,0.7085878,5.3527116e-10,-1.791907e-10,0.7056227,1
641741435,641741188,0.7099548,0.01889021,0.0032257119,0.7039864,0.7085878,5.3527116e-10,-1.791907e-10,0.7056227,1
641746465,641746210,0.7099239,0.018959051,0.0031814706,0.704016,0.7085878,5.3527116e-10,-1.791907e-10,0.7056227,1
641751445,641751187,0.7099071,0.018999131,0.003099229,0.7040323,0.7085878,5.3527116e-10,-1.791907e-10,0.7056227,1
641756438,641756187,0.7098694,0.01905144,0.003045754,0.7040691,0.7085878,5.3527116e-10,-1.791907e-10,0.7056227,1
641761465,641761211,0.7098309,0.01908384,0.0029701043,0.7041074,0.7085878,5.3527116e-10,-1.791907e-10,0.7056227,1
641766440,641766188,0.7098119,0.019124739,0.002966271,0.7041254,0.7085878,5.3527116e-10,-1.791907e-10,0.7056227,1
641771447,641771191,0.7098043,0.019138573,0.0029396296,0.7041328,0.7085878,5.3527116e-10,-1.791907e-10,0.7056227,1
641776467,641776210,0.7097913,0.019163275,0.0028549475,0.70414555,0.7085878,5.3527116e-10,-1.791907e-10,0.7056227,1
641781442,641781188,0.7097598,0.019197613,0.0027690025,0.7041767,0.7085878,5.3527116e-10,-1.791907e-10,0.7056227,1
641786441,641786188,0.7097225,0.019238442,0.0027537902,0.70421326,0.7085878,5.3527116e-10,-1.791907e-10,0.7056227,1
641791463,641791211,0.7097135,0.019238608,0.0027447836,0.7042223,0.7085878,5.3527116e-10,-1.791907e-10,0.7056227,1
641796438,641796188,0.7096943,0.01925352,0.0026999568,0.7042415,0.7085878,5.3527116e-10,-1.791907e-10,0.7056227,1
641801448,641801188,0.70966953,0.019265866,0.002612033,0.7042665,0.7085878,5.3527116e-10,-1.791907e-10,0.7056227,1
641806468,641806210,0.7096551,0.01928399,0.0025580325,0.70428073,0.7085878,5.3527116e-10,-1.791907e-10,0.7056227,1
641811450,641811191,0.70965147,0.019292893,0.0025830513,0.70428395,0.7085878,5.3527116e-10,-1.791907e-10,0.7056227,1
641816438,641816186,0.7096192,0.019291217,0.0025869315,0.7043165,0.7085878,5.3527116e-10,-1.791907e-10,0.7056227,1
641821465,641821211,0.7096151,0.019258374,0.002533578,0.7043218,0.7085878,5.3527116e-10,-1.791907e-10,0.7056227,1
641826443,641826188,0.70960045,0.019260984,0.0024759928,0.7043367,0.7085878,5.3527116e-10,-1.791907e-10,0.7056227,1
641831447,641831187,0.7095959,0.019235509,0.0024316704,0.70434207,0.7085878,5.3527116e-10,-1.791907e-10,0.7056227,1
641836468,641836210,0.709567,0.01924669,0.002454088,0.70437086,0.7085878,5.3527116e-10,-1.791907e-10,0.7056227,1
641841436,641841188,0.7095243,0.019236019,0.0024417557,0.70441425,0.7085878,5.3527116e-10,-1.791907e-10,0.7056227,1
641846443,641846187,0.7095294,0.019228766,0.0024296977,0.70440936,0.7085878,5.3527116e-10,-1.791907e-10,0.7056227,1
641851464,641851210,0.70952815,0.019206611,0.0023658383,0.7044114,0.7085878,5.3527116e-10,-1.791907e-10,0.7056227,1
641856446,641856188,0.7094792,0.019206434,0.0023639414,0.7044607,0.7085878,5.3527116e-10,-1.791907e-10,0.7056227,1
641861441,641861187,0.7094663,0.019229008,0.0023661286,0.7044731,0.7085878,5.3527116e-10,-1.791907e-10,0.7056227,1
641866464,641866211,0.70947254,0.01923891,0.0024119006,0.7044663,0.7085878,5.3527116e-10,-1.791907e-10,0.7056227,1
641871434,641871188,0.7094732,0.019252606,0.0023811494,0.70446545,0.7085878,5.3527116e-10,-1.791907e-10,0.7056227,1
641876437,641876187,0.70945436,0.019265402,0.0023213017,0.7044842,0.7085878,5.3527116e-10,-1.791907e-10,0.7056227,1
641881467,641881211,0.70941186,0.019348126,0.0023774423,0.7045246,0.7085878,5.3527116e-10,-1.791907e-10,0.7056227,1
641886438,641886188,0.70940757,0.019427884,0.0024444137,0.7045264,0.7085878,5.3527116e-10,-1.791907e-10,0.7056227,1
641891440,641891188,0.7094083,0.019477287,0.0024554718,0.7045244,0.7085878,5.3527116e-10,-1.791907e-10,0.7056227,1
641896495,641896211,0.7093871,0.019491144,0.0024057226,0.70454544,0.7085878,5.3527116e-10,-1.791907e-10,0.7056227,1
641901444,641901189,0.7093505,0.019617584,0.0024232392,0.7045787,0.7085878,5.3527116e-10,-1.791907e-10,0.7056227,1
641906445,641906187,0.709338,0.019753754,0.0024872571,0.7045872,0.7085878,5.3527116e-10,-1.791907e-10,0.7056227,1
641911471,641911212,0.70934725,0.019805182,0.002572837,0.7045762,0.7085878,5.3527116e-10,-1.791907e-10,0.7056227,1
641916440,641916188,0.7093352,0.019851116,0.002555151,0.70458704,0.7085878,5.3527116e-10,-1.791907e-10,0.7056227,1
641921435,641921187,0.70929855,0.019923082,0.0025503028,0.70462203,0.7085878,5.3527116e-10,-1.791907e-10,0.7056227,1
641926465,641926211,0.7092787,0.020039655,0.0025738925,0.70463866,0.7085878,5.3527116e-10,-1.791907e-10,0.7056227,1
641931449,641931190,0.7092897,0.02011758,0.0026213946,0.7046252,0.7085878,5.3527116e-10,-1.791907e-10,0.7056227,1
641936429,641936187,0.70926416,0.020149508,0.0026605988,0.7046498,0.7085878,5.3527116e-10,-1.791907e-10,0.7056227,1
641941461,641941211,0.709239,0.020174475,0.0026224216,0.70467454,0.7085878,5.3527116e-10,-1.791907e-10,0.7056227,1
641946441,641946188,0.7092242,0.020219948,0.002594275,0.70468825,0.7085878,5.3527116e-10,-1.791907e-10,0.7056227,1
641951442,641951188,0.70921206,0.02029729,0.0026409216,0.7046981,0.7085878,5.3527116e-10,-1.791907e-10,0.7056227,1
641956458,641956211,0.70920676,0.02027238,0.002663981,0.704704,0.7085878,5.3527116e-10,-1.791907e-10,0.7056227,1
641961456,641961188,0.70917964,0.020240163,0.0026716127,0.70473224,0.7085878,5.3527116e-10,-1.791907e-10,0.7056227,1
641966440,641966187,0.70915985,0.020165887,0.002658131,0.7047543,0.7085878,5.3527116e-10,-1.791907e-10,0.7056227,1
641971464,641971211,0.70915073,0.02015498,0.0026777314,0.7047637,0.7085878,5.3527116e-10,-1.791907e-10,0.7056227,1
641976445,641976187,0.7091348,0.020137042,0.002720081,0.7047801,0.7085878,5.3527116e-10,-1.791907e-10,0.7056227,1
641981440,641981187,0.7091261,0.020049077,0.0027838347,0.7047911,0.7085878,5.3527116e-10,-1.791907e-10,0.7056227,1
641986494,641986210,0.7091148,0.019914268,0.0028284832,0.7048062,0.7085878,5.3527116e-10,-1.791907e-10,0.7056227,1
641991436,641991188,0.70906806,0.01987305,0.002877978,0.70485413,0.7085878,5.3527116e-10,-1.791907e-10,0.7056227,1
641996444,641996187,0.7090642,0.019848438,0.0029178765,0.70485854,0.7085878,5.3527116e-10,-1.791907e-10,0.7056227,1
642001495,642001211,0.70905393,0.019786939,0.003018778,0.70487016,0.7085878,5.3527116e-10,-1.791907e-10,0.7056227,1
642006446,642006188,0.70901394,0.019674165,0.0030953283,0.7049132,0.7085878,5.3527116e-10,-1.791907e-10,0.7056227,1
642011442,642011188,0.70900965,0.019598525,0.0031235085,0.7049195,0.7085878,5.3527116e-10,-1.791907e-10,0.7056227,1
642016464,642016211,0.7089736,0.019595789,0.0031969193,0.7049556,0.7085878,5.3527116e-10,-1.791907e-10,0.7056227,1
642021437,642021188,0.70896393,0.019581363,0.0032474722,0.7049654,0.7085878,5.3527116e-10,-1.791907e-10,0.7056227,1
642026439,642026187,0.70895076,0.019496001,0.0033117938,0.70498073,0.7085878,5.3527116e-10,-1.791907e-10,0.7056227,1
642031465,642031211,0.7088982,0.019415373,0.003360863,0.70503557,0.7085878,5.3527116e-10,-1.791907e-10,0.7056227,1
642036439,642036188,0.70886433,0.019400012,0.0034003626,0.7050699,0.7085878,5.3527116e-10,-1.791907e-10,0.7056227,1
642041441,642041187,0.7088442,0.019429628,0.0034573814,0.70508903,0.7085878,5.3527116e-10,-1.791907e-10,0.7056227,1
642046470,642046211,0.7088251,0.019387888,0.0035168019,0.70510906,0.7085878,5.3527116e-10,-1.791907e-10,0.7056227,1
642051444,642051189,0.7087979,0.01936097,0.0035704311,0.70513695,0.7085878,5.3527116e-10,-1.791907e-10,0.7056227,1
642056430,642056187,0.7087652,0.019360648,0.0036293445,0.7051695,0.7085878,5.3527116e-10,-1.791907e-10,0.7056227,1
642061465,642061211,0.7087383,0.019412095,0.0037253308,0.70519453,0.7085878,5.3527116e-10,-1.791907e-10,0.7056227,1
642066440,642066188,0.70871633,0.019434385,0.0037895734,0.7052157,0.7085878,5.3527116e-10,-1.791907e-10,0.7056227,1
642071437,642071187,0.7086942,0.01940607,0.003825888,0.70523846,0.7085878,5.3527116e-10,-1.791907e-10,0.7056227,1
642076467,642076211,0.70864695,0.019447625,0.0038959463,0.7052845,0.7085878,5.3527116e-10,-1.791907e-10,0.7056227,1
642081469,642081188,0.708615,0.019471815,0.0039737583,0.7053155,0.7085878,5.3527116e-10,-1.791907e-10,0.7056227,1
642086432,642086187,0.7085867,0.01952611,0.004020317,0.7053422,0.7085878,5.3527116e-10,-1.791907e-10,0.7056227,1
642091465,642091211,0.70854104,0.01948722,0.004050466,0.70538896,0.7085878,5.3527116e-10,-1.791907e-10,0.7056227,1
642096445,642096188,0.70851356,0.01944402,0.0040766923,0.7054176,0.7085878,5.3527116e-10,-1.791907e-10,0.7056227,1
642101441,642101188,0.70848024,0.019439716,0.0040981444,0.705451,0.7085878,5.3527116e-10,-1.791907e-10,0.7056227,1
642106500,642106215,0.7084334,0.01943626,0.0040905173,0.7054982,0.7085878,5.3527116e-10,-1.791907e-10,0.7056227,1
642111446,642111188,0.70841134,0.019423207,0.0041247243,0.7055205,0.7085878,5.3527116e-10,-1.791907e-10,0.7056227,1
642116450,642116187,0.70838237,0.019388689,0.00409242,0.70555073,0.7085878,5.3527116e-10,-1.791907e-10,0.7056227,1
642121466,642121211,0.7083528,0.019342577,0.0040563564,0.7055819,0.7085878,5.3527116e-10,-1.791907e-10,0.7056227,1
642126440,642126188,0.7082985,0.019388478,0.00407567,0.70563495,0.7085878,5.3527116e-10,-1.791907e-10,0.7056227,1
642131442,642131188,0.70824075,0.019411603,0.004070883,0.7056924,0.7085878,5.3527116e-10,-1.791907e-10,0.7056227,1
642136464,642136211,0.7082241,0.01936717,0.0040590363,0.7057104,0.7085878,5.3527116e-10,-1.791907e-10,0.7056227,1
642141449,642141189,0.7081826,0.019313414,0.0039667734,0.7057541,0.7085878,5.3527116e-10,-1.791907e-10,0.7056227,1
642146438,642146186,0.708128,0.019340409,0.003894255,0.70580846,0.7085878,5.3527116e-10,-1.791907e-10,0.7056227,1
642151466,642151211,0.70809704,0.019387836,0.0038897905,0.70583826,0.7085878,5.3527116e-10,-1.791907e-10,0.7056227,1
642156433,642156188,0.70805675,0.019378142,0.0038448805,0.70587915,0.7085878,5.3527116e-10,-1.791907e-10,0.7056227,1
642161445,642161187,0.70803154,0.019308044,0.0037610119,0.7059068,0.7085878,5.3527116e-10,-1.791907e-10,0.7056227,1
642166466,642166211,0.70799506,0.019280752,0.0036691234,0.7059447,0.7085878,5.3527116e-10,-1.791907e-10,0.7056227,1
642171435,642171188,0.70790786,0.01934717,0.0036426506,0.7060305,0.7085878,5.3527116e-10,-1.791907e-10,0.7056227,1
642176443,642176187,0.70788664,0.019355591,0.0035875328,0.70605177,0.7085878,5.3527116e-10,-1.791907e-10,0.7056227,1
642181471,642181211,0.7078763,0.019328145,0.0035595954,0.7060629,0.7085878,5.3527116e-10,-1.791907e-10,0.7056227,1
642186434,642186188,0.70783,0.0192868,0.0034938701,0.70611084,0.7085878,5.3527116e-10,-1.791907e-10,0.7056227,1
642191441,642191188,0.70776266,0.019280663,0.0034082108,0.70617896,0.7085878,5.3527116e-10,-1.791907e-10,0.7056227,1
642196465,642196211,0.7077081,0.019312685,0.0033879708,0.7062328,0.7085878,5.3527116e-10,-1.791907e-10,0.7056227,1
642201448,642201188,0.7076826,0.019357424,0.003383444,0.70625716,0.7085878,5.3527116e-10,-1.791907e-10,0.7056227,1
642206443,642206187,0.70765597,0.019278595,0.0033213922,0.7062863,0.7085878,5.3527116e-10,-1.791907e-10,0.7056227,1
642211472,642211211,0.70758784,0.019234896,0.003226301,0.70635617,0.7085878,5.3527116e-10,-1.791907e-10,0.7056227,1
642216439,642216188,0.70753026,0.019251484,0.0031786098,0.7064136,0.7085878,5.3527116e-10,-1.791907e-10,0.7056227,1
642221433,642221187,0.70752215,0.019271856,0.0031787925,0.70642126,0.7085878,5.3527116e-10,-1.791907e-10,0.7056227,1
642226470,642226211,0.70750326,0.019200671,0.0031721126,0.7064421,0.7085878,5.3527116e-10,-1.791907e-10,0.7056227,1
642231445,642231188,0.7074377,0.019118259,0.0031734372,0.70651007,0.7085878,5.3527116e-10,-1.791907e-10,0.7056227,1
642236432,642236187,0.7073654,0.01906647,0.0031562299,0.70658386,0.7085878,5.3527116e-10,-1.791907e-10,0.7056227,1
642241466,642241211,0.7073391,0.019031877,0.003188528,0.7066109,0.7085878,5.3527116e-10,-1.791907e-10,0.7056227,1
642246443,642246188,0.7073158,0.018961797,0.003248945,0.7066359,0.7085878,5.3527116e-10,-1.791907e-10,0.7056227,1
642251441,642251187,0.7072757,0.01884693,0.0032692696,0.7066791,0.7085878,5.3527116e-10,-1.791907e-10,0.7056227,1
642256458,642256211,0.7072094,0.018729126,0.0033102399,0.7067483,0.7085878,5.3527116e-10,-1.791907e-10,0.7056227,1
642261457,642261188,0.70714355,0.018642353,0.0033945618,0.7068161,0.7085878,5.3527116e-10,-1.791907e-10,0.7056227,1
642266437,642266187,0.70711535,0.018544609,0.003496783,0.70684636,0.7085878,5.3527116e-10,-1.791907e-10,0.7056227,1
642271458,642271211,0.70709956,0.018436506,0.0035433802,0.7068648,0.7085878,5.3527116e-10,-1.791907e-10,0.7056227,1
642276441,642276188,0.70703846,0.01829344,0.0036274055,0.70692915,0.7085878,5.3527116e-10,-1.791907e-10,0.7056227,1
642281452,642281191,0.7069658,0.018173581,0.0037547871,0.70700425,0.7085878,5.3527116e-10,-1.791907e-10,0.7056227,1
642286465,642286211,0.706915,0.01807108,0.0038594466,0.7070571,0.7085878,5.3527116e-10,-1.791907e-10,0.7056227,1
642291451,642291188,0.7069026,0.018008282,0.003968644,0.7070705,0.7085878,5.3527116e-10,-1.791907e-10,0.7056227,1
642296441,642296187,0.7068676,0.017868081,0.004060336,0.7071086,0.7085878,5.3527116e-10,-1.791907e-10,0.7056227,1
642301465,642301211,0.7068008,0.017741468,0.004155194,0.70717794,0.7085878,5.3527116e-10,-1.791907e-10,0.7056227,1
642306449,642306188,0.7067476,0.017681938,0.004306642,0.70723176,0.7085878,5.3527116e-10,-1.791907e-10,0.7056227,1
642311441,642311187,0.7066907,0.017642608,0.0044150753,0.7072888,0.7085878,5.3527116e-10,-1.791907e-10,0.7056227,1
642316493,642316211,0.7066546,0.01753944,0.004490034,0.70732707,0.7085878,5.3527116e-10,-1.791907e-10,0.7056227,1
642321433,642321188,0.70660216,0.017442498,0.0045490568,0.7073814,0.7085878,5.3527116e-10,-1.791907e-10,0.7056227,1
642326439,642326187,0.70655984,0.01738787,0.004639177,0.7074245,0.7085878,5.3527116e-10,-1.791907e-10,0.7056227,1
642331466,642331211,0.70651054,0.0173861,0.0047555007,0.70747304,0.7085878,5.3527116e-10,-1.791907e-10,0.7056227,1
642336433,642336188,0.7064572,0.017350767,0.0048184516,0.70752674,0.7085878,5.3527116e-10,-1.791907e-10,0.7056227,1
642341442,642341188,0.706409,0.017297247,0.0048249965,0.70757616,0.7085878,5.3527116e-10,-1.791907e-10,0.7056227,1
642346464,642346210,0.70636827,0.017283766,0.0049125534,0.70761645,0.7085878,5.3527116e-10,-1.791907e-10,0.7056227,1
642351446,642351191,0.70630765,0.017292848,0.0049413918,0.70767653,0.7085878,5.3527116e-10,-1.791907e-10,0.7056227,1
642356433,642356187,0.7062487,0.017308706,0.004955805,0.7077349,0.7085878,5.3527116e-10,-1.791907e-10,0.7056227,1
642361501,642361212,0.7062018,0.017320506,0.0049974443,0.7077811,0.7085878,5.3527116e-10,-1.791907e-10,0.7056227,1
642366436,642366187,0.7061614,0.01726885,0.005002349,0.7078226,0.7085878,5.3527116e-10,-1.791907e-10,0.7056227,1
642371433,642371187,0.7060932,0.017271418,0.0049911304,0.7078907,0.7085878,5.3527116e-10,-1.791907e-10,0.7056227,1
642376468,642376211,0.70601714,0.017330747,0.0050079157,0.70796496,0.7085878,5.3527116e-10,-1.791907e-10,0.7056227,1
642381441,642381188,0.70597523,0.017351774,0.0050635277,0.7080059,0.7085878,5.3527116e-10,-1.791907e-10,0.7056227,1
642386432,642386187,0.7059319,0.017337637,0.005059855,0.7080495,0.7085878,5.3527116e-10,-1.791907e-10,0.7056227,1
642391469,642391212,0.7058765,0.017303078,0.0050302446,0.7081057,0.7085878,5.3527116e-10,-1.791907e-10,0.7056227,1
642396437,642396186,0.7058176,0.017360212,0.0050527975,0.70816284,0.7085878,5.3527116e-10,-1.791907e-10,0.7056227,1
642401434,642401188,0.70574886,0.017418975,0.0050939964,0.7082296,0.7085878,5.3527116e-10,-1.791907e-10,0.7056227,1
642406473,642406211,0.7057327,0.017416075,0.005144354,0.7082454,0.7085878,5.3527116e-10,-1.791907e-10,0.7056227,1
642411450,642411187,0.7056847,0.01736872,0.0051294332,0.7082946,0.7085878,5.3527116e-10,-1.791907e-10,0.7056227,1
642416438,642416187,0.7056299,0.017341794,0.0050837174,0.7083502,0.7085878,5.3527116e-10,-1.791907e-10,0.7056227,1
642421465,642421211,0.7055627,0.017376985,0.0050888998,0.7084161,0.7085878,5.3527116e-10,-1.791907e-10,0.7056227,1
642426434,642426186,0.705523,0.017427921,0.0051335245,0.7084541,0.7085878,5.3527116e-10,-1.791907e-10,0.7056227,1
642431441,642431188,0.70551986,0.017410712,0.005169142,0.7084574,0.7085878,5.3527116e-10,-1.791907e-10,0.7056227,1
642436465,642436211,0.7054549,0.017375441,0.005131338,0.7085232,0.7085878,5.3527116e-10,-1.791907e-10,0.7056227,1
642441441,642441188,0.7053618,0.01735264,0.0051070265,0.70861673,0.7085878,5.3527116e-10,-1.791907e-10,0.7056227,1
642446443,642446187,0.7053329,0.017429734,0.0051134084,0.70864356,0.7085878,5.3527116e-10,-1.791907e-10,0.7056227,1
642451472,642451212,0.70529395,0.017469417,0.0051233876,0.7086813,0.7085878,5.3527116e-10,-1.791907e-10,0.7056227,1
642456431,642456187,0.705274,0.017412256,0.0050590998,0.708703,0.7085878,5.3527116e-10,-1.791907e-10,0.7056227,1
642461446,642461188,0.70522296,0.017368102,0.00500269,0.7087552,0.7085878,5.3527116e-10,-1.791907e-10,0.7056227,1
642466467,642466211,0.70516056,0.017315146,0.004962364,0.7088189,0.7085878,5.3527116e-10,-1.791907e-10,0.7056227,1
642471434,642471188,0.7050918,0.01735102,0.0049587907,0.70888644,0.7085878,5.3527116e-10,-1.791907e-10,0.7056227,1
642476468,642476205,0.7050673,0.017322138,0.004905383,0.7089119,0.7085878,5.3527116e-10,-1.791907e-10,0.7056227,1
642481470,642481211,0.7050547,0.017254964,0.0048704892,0.7089263,0.7085878,5.3527116e-10,-1.791907e-10,0.7056227,1
642486427,642486187,0.7050099,0.017183034,0.0048211245,0.708973,0.7085878,5.3527116e-10,-1.791907e-10,0.7056227,1
642491442,642491188,0.7049263,0.01711611,0.0047550867,0.7090581,0.7085878,5.3527116e-10,-1.791907e-10,0.7056227,1
642496467,642496211,0.7048779,0.017045557,0.0047824136,0.7091077,0.7085878,5.3527116e-10,-1.791907e-10,0.7056227,1
642501434,642501188,0.7048607,0.016978811,0.0048144055,0.70912623,0.7085878,5.3527116e-10,-1.791907e-10,0.7056227,1
642506447,642506187,0.7048105,0.016909307,0.0048139985,0.7091778,0.7085878,5.3527116e-10,-1.791907e-10,0.7056227,1
642511469,642511212,0.70475197,0.016814167,0.0047675017,0.7092385,0.7085878,5.3527116e-10,-1.791907e-10,0.7056227,1
642516441,642516187,0.7047001,0.016722836,0.0047301715,0.7092925,0.7085878,5.3527116e-10,-1.791907e-10,0.7056227,1
642521440,642521188,0.70469207,0.016631112,0.004734318,0.7093026,0.7085878,5.3527116e-10,-1.791907e-10,0.7056227,1
642526494,642526211,0.70462793,0.016565744,0.004738787,0.7093678,0.7085878,5.3527116e-10,-1.791907e-10,0.7056227,1
642531439,642531188,0.7045498,0.01649952,0.004708615,0.7094472,0.7085878,5.3527116e-10,-1.791907e-10,0.7056227,1
642536434,642536188,0.70449287,0.016456481,0.0046783662,0.7095049,0.7085878,5.3527116e-10,-1.791907e-10,0.7056227,1
642541468,642541213,0.7044666,0.016429307,0.0047075446,0.7095314,0.7085878,5.3527116e-10,-1.791907e-10,0.7056227,1
642546439,642546187,0.7044363,0.01636831,0.0046979315,0.70956296,0.7085878,5.3527116e-10,-1.791907e-10,0.7056227,1
642551435,642551188,0.70436555,0.01630624,0.0046631256,0.70963484,0.7085878,5.3527116e-10,-1.791907e-10,0.7056227,1
642556471,642556211,0.70434356,0.016314337,0.004652874,0.7096566,0.7085878,5.3527116e-10,-1.791907e-10,0.7056227,1
642561442,642561188,0.7043247,0.01632412,0.0046315463,0.70967513,0.7085878,5.3527116e-10,-1.791907e-10,0.7056227,1
642566442,642566188,0.7044004,0.016300647,0.004562309,0.709601,0.7085878,5.3527116e-10,-1.791907e-10,0.7056227,1
642571470,642571214,0.70450354,0.016229281,0.004315356,0.7095018,0.7085878,5.3527116e-10,-1.791907e-10,0.7056227,1
642576440,642576187,0.70454615,0.01619194,0.0039939145,0.7094623,0.7085878,5.3527116e-10,-1.791907e-10,0.7056227,1
642581444,642581188,0.7045349,0.016178038,0.0035677091,0.70947593,0.7085878,5.3527116e-10,-1.791907e-10,0.7056227,1
642586469,642586210,0.70451957,0.016085178,0.0030922834,0.7094956,0.7085878,5.3527116e-10,-1.791907e-10,0.7056227,1
642591443,642591188,0.70451087,0.01596789,0.002532205,0.7095091,0.7085878,5.3527116e-10,-1.791907e-10,0.7056227,1
642596441,642596188,0.7044742,0.015822357,0.0020029389,0.7095504,0.7085878,5.3527116e-10,-1.791907e-10,0.7056227,1
642601475,642601214,0.70440775,0.015664985,0.0014079947,0.7096213,0.7085878,5.3527116e-10,-1.791907e-10,0.7056227,1
642606452,642606187,0.7043912,0.015456895,0.00085035496,0.70964324,0.7085878,5.3527116e-10,-1.791907e-10,0.7056227,1
642611447,642611188,0.70442283,0.01529106,0.0003756002,0.7096158,0.7085878,5.3527116e-10,-1.791907e-10,0.7056227,1
642616469,642616211,0.7044567,0.0150653375,-4.9012106e-05,0.7095871,0.7085878,5.3527116e-10,-1.791907e-10,0.7056227,1
642621434,642621187,0.7044396,0.014845675,-0.00043662245,0.7096086,0.7085878,5.3527116e-10,-1.791907e-10,0.7056227,1
642626441,642626188,0.7044472,0.0146158505,-0.000747712,0.7096056,0.7085878,5.3527116e-10,-1.791907e-10,0.7056227,1
642631474,642631211,0.7044437,0.014410013,-0.0009854743,0.70961297,0.7085878,5.3527116e-10,-1.791907e-10,0.7056227,1
642636426,642636187,0.70442885,0.01420894,-0.0010892065,0.7096316,0.7085878,5.3527116e-10,-1.791907e-10,0.7056227,1
642641447,642641188,0.7043779,0.013994329,-0.0011606747,0.70968634,0.7085878,5.3527116e-10,-1.791907e-10,0.7056227,1
642646471,642646211,0.7042967,0.013820044,-0.0011761728,0.70977026,0.7085878,5.3527116e-10,-1.791907e-10,0.7056227,1
642651438,642651188,0.7042712,0.013699824,-0.0011176231,0.70979804,0.7085878,5.3527116e-10,-1.791907e-10,0.7056227,1
642656440,642656188,0.70427126,0.0135523295,-0.0010134743,0.70980096,0.7085878,5.3527116e-10,-1.791907e-10,0.7056227,1
642661500,642661212,0.7042513,0.013370219,-0.00088923593,0.7098244,0.7085878,5.3527116e-10,-1.791907e-10,0.7056227,1
642666438,642666187,0.7042034,0.01321471,-0.0006782086,0.709875,0.7085878,5.3527116e-10,-1.791907e-10,0.7056227,1
642671435,642671188,0.70417106,0.0131973205,-0.00044862583,0.70990765,0.7085878,5.3527116e-10,-1.791907e-10,0.7056227,1
642676471,642676212,0.70416874,0.013162829,-0.00015716163,0.70991075,0.7085878,5.3527116e-10,-1.791907e-10,0.7056227,1
642681443,642681188,0.7041507,0.013152484,0.0001768891,0.7099288,0.7085878,5.3527116e-10,-1.791907e-10,0.7056227,1
642686434,642686188,0.70411706,0.013066778,0.00042301856,0.7099636,0.7085878,5.3527116e-10,-1.791907e-10,0.7056227,1
642691467,642691211,0.7040562,0.012989316,0.0007175616,0.71002513,0.7085878,5.3527116e-10,-1.791907e-10,0.7056227,1
642696438,642696187,0.7040346,0.012983657,0.001055565,0.71004623,0.7085878,5.3527116e-10,-1.791907e-10,0.7056227,1
642701435,642701188,0.70398444,0.013036345,0.0014156026,0.7100944,0.7085878,5.3527116e-10,-1.791907e-10,0.7056227,1
642706524,642706211,0.7039585,0.013052448,0.0018052697,0.71011895,0.7085878,5.3527116e-10,-1.791907e-10,0.7056227,1
642711442,642711188,0.70392615,0.013043895,0.0021661469,0.7101502,0.7085878,5.3527116e-10,-1.791907e-10,0.7056227,1
642716449,642716191,0.7039106,0.01303357,0.0024914376,0.71016467,0.7085878,5.3527116e-10,-1.791907e-10,0.7056227,1
642721520,642721212,0.70391244,0.013056487,0.0028420587,0.71016115,0.7085878,5.3527116e-10,-1.791907e-10,0.7056227,1
642726440,642726187,0.70387286,0.013118658,0.0031776566,0.7101978,0.7085878,5.3527116e-10,-1.791907e-10,0.7056227,1
642731442,642731188,0.7038223,0.0131053375,0.003518408,0.71024656,0.7085878,5.3527116e-10,-1.791907e-10,0.7056227,1
642736465,642736211,0.70378417,0.013113526,0.0038384397,0.71028256,0.7085878,5.3527116e-10,-1.791907e-10,0.7056227,1
642741445,642741188,0.70375615,0.013090291,0.0041325237,0.7103091,0.7085878,5.3527116e-10,-1.791907e-10,0.7056227,1
642746441,642746187,0.70373166,0.013068129,0.004385325,0.7103322,0.7085878,5.3527116e-10,-1.791907e-10,0.7056227,1
642751468,642751212,0.70365375,0.013111128,0.004662891,0.7104068,0.7085878,5.3527116e-10,-1.791907e-10,0.7056227,1
642756438,642756187,0.7036501,0.01310955,0.0049485667,0.7104085,0.7085878,5.3527116e-10,-1.791907e-10,0.7056227,1
642761451,642761191,0.7036479,0.013074479,0.005222457,0.7104094,0.7085878,5.3527116e-10,-1.791907e-10,0.7056227,1
642766474,642766210,0.7035991,0.013013595,0.00538439,0.7104576,0.7085878,5.3527116e-10,-1.791907e-10,0.7056227,1
642771433,642771187,0.7035633,0.012957179,0.0055698142,0.71049273,0.7085878,5.3527116e-10,-1.791907e-10,0.7056227,1
642776440,642776188,0.7035268,0.013002687,0.00587384,0.7105256,0.7085878,5.3527116e-10,-1.791907e-10,0.7056227,1
642781466,642781211,0.70353496,0.012967428,0.006118133,0.7105161,0.7085878,5.3527116e-10,-1.791907e-10,0.7056227,1
642786430,642786187,0.7035008,0.012913547,0.0063020294,0.71054924,0.7085878,5.3527116e-10,-1.791907e-10,0.7056227,1
642791448,642791188,0.70345503,0.012816761,0.006464631,0.71059483,0.7085878,5.3527116e-10,-1.791907e-10,0.7056227,1
642796473,642796211,0.7034282,0.012718697,0.006631678,0.7106216,0.7085878,5.3527116e-10,-1.791907e-10,0.7056227,1
642801433,642801188,0.70339036,0.012721733,0.006800694,0.7106574,0.7085878,5.3527116e-10,-1.791907e-10,0.7056227,1
642806454,642806187,0.7033907,0.012746308,0.0069586136,0.71065503,0.7085878,5.3527116e-10,-1.791907e-10,0.7056227,1
642811469,642811214,0.7033613,0.012710153,0.007125338,0.7106833,0.7085878,5.3527116e-10,-1.791907e-10,0.7056227,1
642816434,642816186,0.7033497,0.012631735,0.007232108,0.710695,0.7085878,5.3527116e-10,-1.791907e-10,0.7056227,1
642821435,642821187,0.703308,0.012579162,0.007285684,0.7107367,0.7085878,5.3527116e-10,-1.791907e-10,0.7056227,1
642826469,642826211,0.7032633,0.012556594,0.0073461966,0.7107807,0.7085878,5.3527116e-10,-1.791907e-10,0.7056227,1
642831441,642831188,0.7032416,0.012539708,0.0074454797,0.7108014,0.7085878,5.3527116e-10,-1.791907e-10,0.7056227,1
642836433,642836187,0.7032484,0.012509458,0.0075595886,0.71079403,0.7085878,5.3527116e-10,-1.791907e-10,0.7056227,1
642841474,642841211,0.7032109,0.012402816,0.0076168496,0.71083236,0.7085878,5.3527116e-10,-1.791907e-10,0.7056227,1
642846437,642846187,0.7031545,0.01228292,0.007640682,0.71088994,0.7085878,5.3527116e-10,-1.791907e-10,0.7056227,1
642851497,642851188,0.7031348,0.01221698,0.0077309115,0.71090966,0.7085878,5.3527116e-10,-1.791907e-10,0.7056227,1
642856475,642856210,0.7031435,0.012133692,0.007819705,0.7109015,0.7085878,5.3527116e-10,-1.791907e-10,0.7056227,1
642861440,642861188,0.7031281,0.0119940275,0.007863963,0.71091866,0.7085878,5.3527116e-10,-1.791907e-10,0.7056227,1
642866441,642866188,0.703094,0.011843432,0.007901208,0.7109545,0.7085878,5.3527116e-10,-1.791907e-10,0.7056227,1
642871460,642871212,0.7030819,0.011689871,0.008004686,0.7109678,0.7085878,5.3527116e-10,-1.791907e-10,0.7056227,1
642876436,642876186,0.7030505,0.01157926,0.008074194,0.7109999,0.7085878,5.3527116e-10,-1.791907e-10,0.7056227,1
642881447,642881188,0.7030225,0.011455274,0.008078849,0.71102947,0.7085878,5.3527116e-10,-1.791907e-10,0.7056227,1
642886456,642886211,0.7030029,0.011287051,0.008176477,0.7110504,0.7085878,5.3527116e-10,-1.791907e-10,0.7056227,1
642891447,642891188,0.7029881,0.011103399,0.00825009,0.7110672,0.7085878,5.3527116e-10,-1.791907e-10,0.7056227,1
642896440,642896188,0.7029749,0.010973092,0.008227466,0.71108246,0.7085878,5.3527116e-10,-1.791907e-10,0.7056227,1
642901474,642901213,0.7029301,0.010855979,0.008253957,0.71112823,0.7085878,5.3527116e-10,-1.791907e-10,0.7056227,1
642906451,642906187,0.70291126,0.010698502,0.008277426,0.711149,0.7085878,5.3527116e-10,-1.791907e-10,0.7056227,1
642911442,642911188,0.70292205,0.010585823,0.008284271,0.71113986,0.7085878,5.3527116e-10,-1.791907e-10,0.7056227,1
642916464,642916211,0.7028859,0.010464379,0.008291172,0.71117735,0.7085878,5.3527116e-10,-1.791907e-10,0.7056227,1
642921439,642921188,0.7028361,0.010341199,0.00828636,0.7112285,0.7085878,5.3527116e-10,-1.791907e-10,0.7056227,1
642926446,642926188,0.7028522,0.010274943,0.008288826,0.71121347,0.7085878,5.3527116e-10,-1.791907e-10,0.7056227,1
642931472,642931212,0.70284563,0.010207972,0.008287864,0.71122086,0.7085878,5.3527116e-10,-1.791907e-10,0.7056227,1
642936431,642936187,0.7028085,0.010057037,0.008217046,0.7112606,0.7085878,5.3527116e-10,-1.791907e-10,0.7056227,1
642941442,642941188,0.7027994,0.00997134,0.008196982,0.711271,0.7085878,5.3527116e-10,-1.791907e-10,0.7056227,1
642946472,642946211,0.7027795,0.009923641,0.008198559,0.7112914,0.7085878,5.3527116e-10,-1.791907e-10,0.7056227,1
642951432,642951188,0.7027632,0.009863464,0.008164209,0.71130866,0.7085878,5.3527116e-10,-1.791907e-10,0.7056227,1
642956446,642956188,0.7027649,0.009784198,0.008128105,0.7113084,0.7085878,5.3527116e-10,-1.791907e-10,0.7056227,1
642961500,642961216,0.7027433,0.009711986,0.008099168,0.7113312,0.7085878,5.3527116e-10,-1.791907e-10,0.7056227,1
642966430,642966187,0.70270115,0.009661714,0.008099143,0.7113735,0.7085878,5.3527116e-10,-1.791907e-10,0.7056227,1
642971434,642971188,0.7027105,0.009632141,0.008068534,0.71136504,0.7085878,5.3527116e-10,-1.791907e-10,0.7056227,1
642976464,642976211,0.7026834,0.009562454,0.008029054,0.7113932,0.7085878,5.3527116e-10,-1.791907e-10,0.7056227,1
642981469,642981187,0.7026562,0.009503961,0.007966926,0.7114215,0.7085878,5.3527116e-10,-1.791907e-10,0.7056227,1
642986432,642986187,0.70264375,0.009476609,0.0079850005,0.71143395,0.7085878,5.3527116e-10,-1.791907e-10,0.7056227,1
642991473,642991212,0.7026315,0.009410565,0.007992869,0.7114468,0.7085878,5.3527116e-10,-1.791907e-10,0.7056227,1
642996442,642996187,0.70261395,0.0093193455,0.007964525,0.7114657,0.7085878,5.3527116e-10,-1.791907e-10,0.7056227,1
643001435,643001188,0.7026003,0.009235852,0.007915693,0.71148086,0.7085878,5.3527116e-10,-1.791907e-10,0.7056227,1
643006496,643006211,0.7025895,0.009172806,0.007932474,0.71149206,0.7085878,5.3527116e-10,-1.791907e-10,0.7056227,1
643011441,643011188,0.7026008,0.009090458,0.007941883,0.71148187,0.7085878,5.3527116e-10,-1.791907e-10,0.7056227,1
643016433,643016188,0.70258284,0.009001433,0.007946223,0.71150064,0.7085878,5.3527116e-10,-1.791907e-10,0.7056227,1
643021459,643021212,0.70257807,0.008878803,0.00792451,0.71150714,0.7085878,5.3527116e-10,-1.791907e-10,0.7056227,1
643026442,643026187,0.7025743,0.008733984,0.007914644,0.71151274,0.7085878,5.3527116e-10,-1.791907e-10,0.7056227,1
643031446,643031188,0.7025669,0.008628054,0.007968128,0.7115208,0.7085878,5.3527116e-10,-1.791907e-10,0.7056227,1
643036461,643036211,0.70256007,0.008510817,0.007985361,0.7115288,0.7085878,5.3527116e-10,-1.791907e-10,0.7056227,1
643041441,643041188,0.7025419,0.008331243,0.008022803,0.7115484,0.7085878,5.3527116e-10,-1.791907e-10,0.7056227,1
643046440,643046188,0.7025343,0.008194326,0.008026027,0.71155745,0.7085878,5.3527116e-10,-1.791907e-10,0.7056227,1
643051474,643051211,0.7025673,0.008073583,0.00807229,0.71152574,0.7085878,5.3527116e-10,-1.791907e-10,0.7056227,1
643056434,643056187,0.7025376,0.007894281,0.008173365,0.7115559,0.7085878,5.3527116e-10,-1.791907e-10,0.7056227,1
643061442,643061188,0.7025233,0.007715456,0.0082155,0.7115715,0.7085878,5.3527116e-10,-1.791907e-10,0.7056227,1
643066465,643066211,0.70252985,0.007518644,0.00825963,0.7115667,0.7085878,5.3527116e-10,-1.791907e-10,0.7056227,1
643071435,643071188,0.70252,0.007360765,0.008328066,0.7115773,0.7085878,5.3527116e-10,-1.791907e-10,0.7056227,1
643076445,643076187,0.70251995,0.0071660266,0.008384457,0.7115786,0.7085878,5.3527116e-10,-1.791907e-10,0.7056227,1
643081472,643081212,0.70251334,0.0069515253,0.008450902,0.71158653,0.7085878,5.3527116e-10,-1.791907e-10,0.7056227,1
643086429,643086187,0.7024959,0.0067727068,0.008508447,0.71160483,0.7085878,5.3527116e-10,-1.791907e-10,0.7056227,1
643091441,643091188,0.70250136,0.006606527,0.008564692,0.71160024,0.7085878,5.3527116e-10,-1.791907e-10,0.7056227,1
643096466,643096211,0.70252097,0.0064378995,0.008639348,0.7115816,0.7085878,5.3527116e-10,-1.791907e-10,0.7056227,1
643101434,643101188,0.7025164,0.0062560737,0.008725875,0.7115866,0.7085878,5.3527116e-10,-1.791907e-10,0.7056227,1
643106455,643106188,0.7024921,0.006100028,0.008758853,0.7116115,0.7085878,5.3527116e-10,-1.791907e-10,0.7056227,1
643111472,643111211,0.70248985,0.0059913862,0.008854357,0.71161354,0.7085878,5.3527116e-10,-1.791907e-10,0.7056227,1
643116434,643116187,0.7025224,0.0059064324,0.008885972,0.71158177,0.7085878,5.3527116e-10,-1.791907e-10,0.7056227,1
643121447,643121188,0.70252097,0.0058235475,0.008929352,0.71158326,0.7085878,5.3527116e-10,-1.791907e-10,0.7056227,1
643126471,643126211,0.70249325,0.0057466812,0.009002836,0.71161026,0.7085878,5.3527116e-10,-1.791907e-10,0.7056227,1
643131440,643131188,0.7025089,0.005670508,0.009050733,0.7115948,0.7085878,5.3527116e-10,-1.791907e-10,0.7056227,1
643136433,643136187,0.7025266,0.0056298748,0.0090898285,0.7115771,0.7085878,5.3527116e-10,-1.791907e-10,0.7056227,1
643141467,643141212,0.70253986,0.0056092595,0.009117104,0.7115639,0.7085878,5.3527116e-10,-1.791907e-10,0.7056227,1
643146438,643146187,0.70255584,0.0055508395,0.009167133,0.711548,0.7085878,5.3527116e-10,-1.791907e-10,0.7056227,1
643151434,643151188,0.70258015,0.005539626,0.009219931,0.7115234,0.7085878,5.3527116e-10,-1.791907e-10,0.7056227,1
643156470,643156210,0.7025997,0.005557044,0.009252326,0.71150357,0.7085878,5.3527116e-10,-1.791907e-10,0.7056227,1
643161440,643161188,0.7025985,0.0055623357,0.009320375,0.7115038,0.7085878,5.3527116e-10,-1.791907e-10,0.7056227,1
643166439,643166188,0.70263815,0.0055591203,0.009342269,0.7114644,0.7085878,5.3527116e-10,-1.791907e-10,0.7056227,1
643171470,643171211,0.7026554,0.005571621,0.009353808,0.7114471,0.7085878,5.3527116e-10,-1.791907e-10,0.7056227,1
643176441,643176188,0.7026649,0.005563713,0.0093734665,0.7114375,0.7085878,5.3527116e-10,-1.791907e-10,0.7056227,1
643181449,643181188,0.7026925,0.005618425,0.0093980655,0.71140945,0.7085878,5.3527116e-10,-1.791907e-10,0.7056227,1
643186452,643186210,0.70271826,0.005699441,0.009455883,0.7113826,0.7085878,5.3527116e-10,-1.791907e-10,0.7056227,1
643191442,643191187,0.70272636,0.005720738,0.00943574,0.71137476,0.7085878,5.3527116e-10,-1.791907e-10,0.7056227,1
643196452,643196191,0.7027706,0.005752012,0.009405788,0.7113311,0.7085878,5.3527116e-10,-1.791907e-10,0.7056227,1
643201461,643201211,0.70281845,0.00581943,0.009457936,0.7112827,0.7085878,5.3527116e-10,-1.791907e-10,0.7056227,1
643206454,643206187,0.7028236,0.0059008,0.009469192,0.7112767,0.7085878,5.3527116e-10,-1.791907e-10,0.7056227,1
643211446,643211190,0.7028608,0.0059672846,0.009433974,0.7112399,0.7085878,5.3527116e-10,-1.791907e-10,0.7056227,1
643216463,643216210,0.70291847,0.0060627447,0.009470771,0.7111816,0.7085878,5.3527116e-10,-1.791907e-10,0.7056227,1
643221442,643221188,0.70296085,0.006089634,0.00946477,0.71113956,0.7085878,5.3527116e-10,-1.791907e-10,0.7056227,1
643226449,643226188,0.7030461,0.0061481623,0.009386676,0.7110559,0.7085878,5.3527116e-10,-1.791907e-10,0.7056227,1
643231465,643231211,0.70310843,0.006220475,0.009287463,0.71099484,0.7085878,5.3527116e-10,-1.791907e-10,0.7056227,1
643236433,643236187,0.70319325,0.0062096044,0.009152925,0.71091276,0.7085878,5.3527116e-10,-1.791907e-10,0.7056227,1
643241454,643241189,0.70323384,0.006215008,0.009020196,0.71087426,0.7085878,5.3527116e-10,-1.791907e-10,0.7056227,1
643246465,643246210,0.7033055,0.0062250034,0.008848996,0.7108055,0.7085878,5.3527116e-10,-1.791907e-10,0.7056227,1
643251435,643251188,0.7033747,0.0061756624,0.008610816,0.7107404,0.7085878,5.3527116e-10,-1.791907e-10,0.7056227,1
643256442,643256188,0.70344704,0.006135354,0.008383936,0.7106718,0.7085878,5.3527116e-10,-1.791907e-10,0.7056227,1
643261472,643261211,0.7034846,0.0061069783,0.008150662,0.71063757,0.7085878,5.3527116e-10,-1.791907e-10,0.7056227,1
643266430,643266187,0.7035632,0.0060897013,0.007922113,0.7105624,0.7085878,5.3527116e-10,-1.791907e-10,0.7056227,1
643271446,643271190,0.70361775,0.0060265064,0.0076819514,0.7105117,0.7085878,5.3527116e-10,-1.791907e-10,0.7056227,1
643276465,643276210,0.7037106,0.0059480923,0.007461158,0.71042275,0.7085878,5.3527116e-10,-1.791907e-10,0.7056227,1
643281447,643281188,0.70376503,0.0058860816,0.00723303,0.7103716,0.7085878,5.3527116e-10,-1.791907e-10,0.7056227,1
643286435,643286188,0.7038231,0.0057773595,0.0069766026,0.7103176,0.7085878,5.3527116e-10,-1.791907e-10,0.7056227,1
643291470,643291211,0.7039036,0.005735768,0.0067540715,0.71024024,0.7085878,5.3527116e-10,-1.791907e-10,0.7056227,1
643296441,643296188,0.7039994,0.0057294406,0.0066151763,0.7101467,0.7085878,5.3527116e-10,-1.791907e-10,0.7056227,1
643301443,643301188,0.7040652,0.0056785624,0.0064685745,0.7100832,0.7085878,5.3527116e-10,-1.791907e-10,0.7056227,1
643306475,643306210,0.70412034,0.0055943434,0.006301062,0.7100307,0.7085878,5.3527116e-10,-1.791907e-10,0.7056227,1
643311442,643311188,0.7041806,0.0055171833,0.0061760917,0.7099726,0.7085878,5.3527116e-10,-1.791907e-10,0.7056227,1
643316434,643316188,0.70427257,0.005466537,0.006109357,0.70988244,0.7085878,5.3527116e-10,-1.791907e-10,0.7056227,1
643321466,643321211,0.704324,0.005484288,0.006066168,0.70983166,0.7085878,5.3527116e-10,-1.791907e-10,0.7056227,1
643326442,643326188,0.7043958,0.0055316365,0.00604452,0.7097602,0.7085878,5.3527116e-10,-1.791907e-10,0.7056227,1
643331447,643331188,0.70447737,0.0055543343,0.0060273325,0.7096792,0.7085878,5.3527116e-10,-1.791907e-10,0.7056227,1
643336459,643336210,0.70455486,0.0055104285,0.006009491,0.7096028,0.7085878,5.3527116e-10,-1.791907e-10,0.7056227,1
643341443,643341188,0.7046126,0.005471443,0.006037821,0.7095455,0.7085878,5.3527116e-10,-1.791907e-10,0.7056227,1
643346442,643346188,0.70466334,0.0054945373,0.006028237,0.709495,0.7085878,5.3527116e-10,-1.791907e-10,0.7056227,1
643351456,643351211,0.7047158,0.005567363,0.006085147,0.7094419,0.7085878,5.3527116e-10,-1.791907e-10,0.7056227,1
643356444,643356187,0.70481735,0.0056100856,0.006154576,0.70934004,0.7085878,5.3527116e-10,-1.791907e-10,0.7056227,1
643361456,643361192,0.7049184,0.0056368164,0.00617735,0.70923924,0.7085878,5.3527116e-10,-1.791907e-10,0.7056227,1
643366469,643366210,0.7049702,0.0055679064,0.0061552613,0.7091884,0.7085878,5.3527116e-10,-1.791907e-10,0.7056227,1
643371459,643371188,0.7050177,0.005494417,0.006163722,0.7091417,0.7085878,5.3527116e-10,-1.791907e-10,0.7056227,1
643376447,643376188,0.70506305,0.0055432715,0.0062285406,0.7090957,0.7085878,5.3527116e-10,-1.791907e-10,0.7056227,1
643381470,643381211,0.70515406,0.005592499,0.006316536,0.7090039,0.7085878,5.3527116e-10,-1.791907e-10,0.7056227,1
643386433,643386188,0.7052213,0.005587089,0.0063215564,0.70893705,0.7085878,5.3527116e-10,-1.791907e-10,0.7056227,1
643391446,643391188,0.70530576,0.0055386904,0.006301388,0.7088536,0.7085878,5.3527116e-10,-1.791907e-10,0.7056227,1
643396463,643396210,0.70538294,0.00552576,0.0063229147,0.7087767,0.7085878,5.3527116e-10,-1.791907e-10,0.7056227,1
643401435,643401188,0.7054308,0.0054997453,0.0063516772,0.7087291,0.7085878,5.3527116e-10,-1.791907e-10,0.7056227,1
643406456,643406188,0.7054649,0.0055305767,0.006357501,0.7086949,0.7085878,5.3527116e-10,-1.791907e-10,0.7056227,1
643411465,643411211,0.7055509,0.0055640787,0.006401301,0.7086085,0.7085878,5.3527116e-10,-1.791907e-10,0.7056227,1
643416434,643416188,0.705616,0.0055967136,0.006450936,0.708543,0.7085878,5.3527116e-10,-1.791907e-10,0.7056227,1
643421454,643421188,0.70570856,0.005537807,0.006428598,0.7084515,0.7085878,5.3527116e-10,-1.791907e-10,0.7056227,1
643426471,643426210,0.70574826,0.0055247564,0.0064010452,0.7084123,0.7085878,5.3527116e-10,-1.791907e-10,0.7056227,1
643431433,643431188,0.7058114,0.0055477573,0.0064563495,0.70834875,0.7085878,5.3527116e-10,-1.791907e-10,0.7056227,1
643436436,643436188,0.70587265,0.0055796634,0.006548877,0.7082866,0.7085878,5.3527116e-10,-1.791907e-10,0.7056227,1
643441465,643441211,0.7059529,0.0056082844,0.0065880003,0.70820606,0.7085878,5.3527116e-10,-1.791907e-10,0.7056227,1
643446441,643446188,0.70602185,0.005643452,0.006609776,0.70813674,0.7085878,5.3527116e-10,-1.791907e-10,0.7056227,1
643451437,643451188,0.7060992,0.0056127054,0.006635481,0.7080596,0.7085878,5.3527116e-10,-1.791907e-10,0.7056227,1
643456463,643456210,0.70615387,0.005628847,0.006704381,0.7080043,0.7085878,5.3527116e-10,-1.791907e-10,0.7056227,1
643461442,643461188,0.7062282,0.0056830244,0.0067631244,0.7079292,0.7085878,5.3527116e-10,-1.791907e-10,0.7056227,1
643466433,643466187,0.70627356,0.0057113217,0.0068099755,0.7078833,0.7085878,5.3527116e-10,-1.791907e-10,0.7056227,1
643471472,643471211,0.70636404,0.005669072,0.0068568774,0.70779294,0.7085878,5.3527116e-10,-1.791907e-10,0.7056227,1
643476439,643476188,0.7064459,0.0056825806,0.006915105,0.70771056,0.7085878,5.3527116e-10,-1.791907e-10,0.7056227,1
643481440,643481188,0.7064985,0.0056744637,0.0069603045,0.7076576,0.7085878,5.3527116e-10,-1.791907e-10,0.7056227,1
643486465,643486214,0.70654804,0.005615719,0.007013329,0.7076081,0.7085878,5.3527116e-10,-1.791907e-10,0.7056227,1
643491440,643491188,0.7066021,0.0056108786,0.0070714443,0.70755357,0.7085878,5.3527116e-10,-1.791907e-10,0.7056227,1
643496444,643496188,0.7067163,0.005569125,0.0071186265,0.70743936,0.7085878,5.3527116e-10,-1.791907e-10,0.7056227,1
643501468,643501211,0.70678055,0.005492822,0.0071408837,0.7073756,0.7085878,5.3527116e-10,-1.791907e-10,0.7056227,1
643506457,643506188,0.70682657,0.0054235663,0.007138709,0.7073301,0.7085878,5.3527116e-10,-1.791907e-10,0.7056227,1
643511442,643511188,0.70689344,0.005440746,0.007220929,0.7072623,0.7085878,5.3527116e-10,-1.791907e-10,0.7056227,1
643516461,643516210,0.70699084,0.005384347,0.007321279,0.70716435,0.7085878,5.3527116e-10,-1.791907e-10,0.7056227,1
643521443,643521188,0.7070453,0.0052672024,0.0072959764,0.707111,0.7085878,5.3527116e-10,-1.791907e-10,0.7056227,1
643526445,643526187,0.7070927,0.005164907,0.0072471537,0.7070649,0.7085878,5.3527116e-10,-1.791907e-10,0.7056227,1
643531469,643531210,0.70714414,0.005087662,0.007254123,0.7070139,0.7085878,5.3527116e-10,-1.791907e-10,0.7056227,1
643536432,643536188,0.7072538,0.005027462,0.0073054186,0.7069042,0.7085878,5.3527116e-10,-1.791907e-10,0.7056227,1
643541444,643541188,0.70732486,0.0049803443,0.0073243356,0.7068332,0.7085878,5.3527116e-10,-1.791907e-10,0.7056227,1
643546460,643546210,0.7073782,0.004904219,0.0073394645,0.7067802,0.7085878,5.3527116e-10,-1.791907e-10,0.7056227,1
643551435,643551188,0.70745254,0.0047500054,0.0073594153,0.7067066,0.7085878,5.3527116e-10,-1.791907e-10,0.7056227,1
643556441,643556188,0.70753074,0.0046513,0.007343021,0.70662916,0.7085878,5.3527116e-10,-1.791907e-10,0.7056227,1
643561470,643561211,0.707629,0.0046019135,0.0073187454,0.7065313,0.7085878,5.3527116e-10,-1.791907e-10,0.7056227,1
643566433,643566188,0.7076532,0.0046037748,0.007348128,0.7065068,0.7085878,5.3527116e-10,-1.791907e-10,0.7056227,1
643571449,643571188,0.70771444,0.0045310613,0.0074078767,0.7064452,0.7085878,5.3527116e-10,-1.791907e-10,0.7056227,1
643576474,643576210,0.7078206,0.0044589792,0.007401217,0.7063395,0.7085878,5.3527116e-10,-1.791907e-10,0.7056227,1
643581432,643581187,0.70790154,0.0043979846,0.0073590027,0.70625913,0.7085878,5.3527116e-10,-1.791907e-10,0.7056227,1
643586443,643586188,0.70794606,0.0043419255,0.0073368214,0.7062151,0.7085878,5.3527116e-10,-1.791907e-10,0.7056227,1
643591464,643591211,0.7080149,0.004366022,0.007388124,0.70614535,0.7085878,5.3527116e-10,-1.791907e-10,0.7056227,1
643596446,643596188,0.7081171,0.004409414,0.0073975017,0.7060425,0.7085878,5.3527116e-10,-1.791907e-10,0.7056227,1
643601444,643601189,0.7082292,0.004351157,0.0073400727,0.70593107,0.7085878,5.3527116e-10,-1.791907e-10,0.7056227,1
643606476,643606210,0.7082887,0.004298399,0.007292551,0.7058722,0.7085878,5.3527116e-10,-1.791907e-10,0.7056227,1
643611443,643611188,0.7083361,0.004319233,0.007277612,0.7058247,0.7085878,5.3527116e-10,-1.791907e-10,0.7056227,1
643616434,643616188,0.7084375,0.004365377,0.0072804233,0.70572263,0.7085878,5.3527116e-10,-1.791907e-10,0.7056227,1
643621465,643621211,0.70852655,0.0043888576,0.0072117075,0.70563376,0.7085878,5.3527116e-10,-1.791907e-10,0.7056227,1
643626443,643626188,0.7086069,0.00438754,0.007186585,0.70555335,0.7085878,5.3527116e-10,-1.791907e-10,0.7056227,1
643631444,643631188,0.70864767,0.00439777,0.007171622,0.70551246,0.7085878,5.3527116e-10,-1.791907e-10,0.7056227,1
643636467,643636210,0.70873606,0.0043844706,0.007115032,0.70542425,0.7085878,5.3527116e-10,-1.791907e-10,0.7056227,1
643641441,643641188,0.70881224,0.004444232,0.007043143,0.7053481,0.7085878,5.3527116e-10,-1.791907e-10,0.7056227,1
643646443,643646187,0.7089251,0.0045096716,0.007035135,0.7052343,0.7085878,5.3527116e-10,-1.791907e-10,0.7056227,1
643651455,643651211,0.7090048,0.004536631,0.007035027,0.705154,0.7085878,5.3527116e-10,-1.791907e-10,0.7056227,1
643656441,643656188,0.7090768,0.0044994582,0.006949295,0.7050827,0.7085878,5.3527116e-10,-1.791907e-10,0.7056227,1
643661454,643661190,0.7091563,0.004491089,0.006846481,0.70500386,0.7085878,5.3527116e-10,-1.791907e-10,0.7056227,1
643666455,643666210,0.7092542,0.004561107,0.0067694713,0.7049056,0.7085878,5.3527116e-10,-1.791907e-10,0.7056227,1
643671448,643671188,0.7093381,0.004618287,0.0067306827,0.70482117,0.7085878,5.3527116e-10,-1.791907e-10,0.7056227,1
643676441,643676188,0.70943296,0.0046534175,0.0066663544,0.70472604,0.7085878,5.3527116e-10,-1.791907e-10,0.7056227,1
643681471,643681211,0.70951116,0.004670813,0.0065679257,0.7046481,0.7085878,5.3527116e-10,-1.791907e-10,0.7056227,1
643686437,643686187,0.7095976,0.004666115,0.0064818454,0.70456195,0.7085878,5.3527116e-10,-1.791907e-10,0.7056227,1
643691444,643691188,0.7096736,0.0046897563,0.0064067044,0.70448595,0.7085878,5.3527116e-10,-1.791907e-10,0.7056227,1
643696461,643696210,0.7097735,0.0047602667,0.00629637,0.7043859,0.7085878,5.3527116e-10,-1.791907e-10,0.7056227,1
643701435,643701188,0.70987713,0.004761355,0.0061805896,0.70428234,0.7085878,5.3527116e-10,-1.791907e-10,0.7056227,1
643706461,643706188,0.7099728,0.004722418,0.0060984315,0.70418686,0.7085878,5.3527116e-10,-1.791907e-10,0.7056227,1
643711470,643711211,0.71007997,0.0047223256,0.0060154055,0.7040795,0.7085878,5.3527116e-10,-1.791907e-10,0.7056227,1
643716444,643716187,0.71017444,0.004771319,0.005920124,0.7039848,0.7085878,5.3527116e-10,-1.791907e-10,0.7056227,1
643721444,643721188,0.71024966,0.0047892993,0.0058115306,0.7039097,0.7085878,5.3527116e-10,-1.791907e-10,0.7056227,1
643726463,643726210,0.7103725,0.004799723,0.005729897,0.7037863,0.7085878,5.3527116e-10,-1.791907e-10,0.7056227,1
643731434,643731188,0.7104823,0.004819184,0.0056708767,0.7036758,0.7085878,5.3527116e-10,-1.791907e-10,0.7056227,1
643736442,643736188,0.7105814,0.004812337,0.005571924,0.70357656,0.7085878,5.3527116e-10,-1.791907e-10,0.7056227,1
643741468,643741211,0.7106457,0.004855641,0.005449324,0.7035123,0.7085878,5.3527116e-10,-1.791907e-10,0.7056227,1
643746441,643746188,0.71075726,0.0048992606,0.005335775,0.70340014,0.7085878,5.3527116e-10,-1.791907e-10,0.7056227,1
643751435,643751188,0.7108907,0.004904199,0.0052818134,0.70326567,0.7085878,5.3527116e-10,-1.791907e-10,0.7056227,1
643756463,643756210,0.7109992,0.0048506544,0.0051937364,0.703157,0.7085878,5.3527116e-10,-1.791907e-10,0.7056227,1
643761461,643761188,0.71108204,0.0048441538,0.005091773,0.70307404,0.7085878,5.3527116e-10,-1.791907e-10,0.7056227,1
643766435,643766188,0.7111791,0.0048665176,0.0050267894,0.70297617,0.7085878,5.3527116e-10,-1.791907e-10,0.7056227,1
643771473,643771210,0.711318,0.0048669754,0.0049583917,0.7028361,0.7085878,5.3527116e-10,-1.791907e-10,0.7056227,1
643776446,643776187,0.7114438,0.004825097,0.004882884,0.70270956,0.7085878,5.3527116e-10,-1.791907e-10,0.7056227,1
643781438,643781188,0.71156484,0.004786684,0.0048121945,0.7025877,0.7085878,5.3527116e-10,-1.791907e-10,0.7056227,1
643786469,643786210,0.71163976,0.004757793,0.004810992,0.7025121,0.7085878,5.3527116e-10,-1.791907e-10,0.7056227,1
643791440,643791188,0.7117652,0.004727805,0.004770183,0.7023853,0.7085878,5.3527116e-10,-1.791907e-10,0.7056227,1
643796446,643796188,0.71190464,0.0046778396,0.0047582025,0.70224446,0.7085878,5.3527116e-10,-1.791907e-10,0.7056227,1
643801457,643801211,0.7120286,0.004603775,0.0047543272,0.7021193,0.7085878,5.3527116e-10,-1.791907e-10,0.7056227,1
643806460,643806188,0.71214205,0.004512029,0.004747111,0.70200485,0.7085878,5.3527116e-10,-1.791907e-10,0.7056227,1
643811444,643811188,0.7122479,0.0044881687,0.004795171,0.7018973,0.7085878,5.3527116e-10,-1.791907e-10,0.7056227,1
643816452,643816210,0.71238935,0.004427698,0.0048507066,0.7017538,0.7085878,5.3527116e-10,-1.791907e-10,0.7056227,1
643821446,643821188,0.7125105,0.004333806,0.004887451,0.701631,0.7085878,5.3527116e-10,-1.791907e-10,0.7056227,1
643826440,643826188,0.7126283,0.0041859415,0.004884047,0.7015124,0.7085878,5.3527116e-10,-1.791907e-10,0.7056227,1
643831465,643831211,0.71273565,0.0040905788,0.004903516,0.70140374,0.7085878,5.3527116e-10,-1.791907e-10,0.7056227,1
643836442,643836188,0.7128642,0.004041345,0.004929321,0.7012732,0.7085878,5.3527116e-10,-1.791907e-10,0.7056227,1
643841446,643841188,0.7130025,0.0039661108,0.004957707,0.7011329,0.7085878,5.3527116e-10,-1.791907e-10,0.7056227,1
643846493,643846210,0.713106,0.0038385836,0.0049141366,0.70102865,0.7085878,5.3527116e-10,-1.791907e-10,0.7056227,1
643851435,643851188,0.7132117,0.0037404264,0.004851776,0.700922,0.7085878,5.3527116e-10,-1.791907e-10,0.7056227,1
643856446,643856188,0.7133414,0.0037108453,0.0048838104,0.7007899,0.7085878,5.3527116e-10,-1.791907e-10,0.7056227,1
643861470,643861211,0.7134919,0.0036711427,0.0048508644,0.7006371,0.7085878,5.3527116e-10,-1.791907e-10,0.7056227,1
643866433,643866188,0.7135947,0.003599301,0.0047826804,0.70053333,0.7085878,5.3527116e-10,-1.791907e-10,0.7056227,1
643871444,643871188,0.71369666,0.003517572,0.0047135702,0.7004302,0.7085878,5.3527116e-10,-1.791907e-10,0.7056227,1
643876459,643876210,0.7138264,0.0034745613,0.004649987,0.7002986,0.7085878,5.3527116e-10,-1.791907e-10,0.7056227,1
643881433,643881188,0.7139649,0.0034783038,0.004586229,0.7001579,0.7085878,5.3527116e-10,-1.791907e-10,0.7056227,1
643886441,643886187,0.71408594,0.0034955263,0.004555113,0.7000346,0.7085878,5.3527116e-10,-1.791907e-10,0.7056227,1
643891503,643891211,0.7141873,0.003487576,0.0045097154,0.6999315,0.7085878,5.3527116e-10,-1.791907e-10,0.7056227,1
643896439,643896188,0.7143097,0.003422019,0.0044198716,0.69980747,0.7085878,5.3527116e-10,-1.791907e-10,0.7056227,1
643901441,643901188,0.71444017,0.0034317127,0.0043547717,0.69967467,0.7085878,5.3527116e-10,-1.791907e-10,0.7056227,1
643906499,643906210,0.7145686,0.0034616003,0.004315407,0.69954354,0.7085878,5.3527116e-10,-1.791907e-10,0.7056227,1
643911443,643911188,0.7146768,0.003483438,0.0043041883,0.699433,0.7085878,5.3527116e-10,-1.791907e-10,0.7056227,1
643916434,643916188,0.7147701,0.0034212566,0.0042556333,0.6993383,0.7085878,5.3527116e-10,-1.791907e-10,0.7056227,1
643921465,643921211,0.7148973,0.003359017,0.004188271,0.6992089,0.7085878,5.3527116e-10,-1.791907e-10,0.7056227,1
643926440,643926188,0.7150249,0.0033410725,0.004150548,0.69907874,0.7085878,5.3527116e-10,-1.791907e-10,0.7056227,1
643931437,643931188,0.71513045,0.003353132,0.0041120495,0.698971,0.7085878,5.3527116e-10,-1.791907e-10,0.7056227,1
643936462,643936210,0.71523714,0.0032940372,0.004094267,0.6988622,0.7085878,5.3527116e-10,-1.791907e-10,0.7056227,1
643941443,643941188,0.71534365,0.0032464007,0.0040735365,0.69875354,0.7085878,5.3527116e-10,-1.791907e-10,0.7056227,1
643946439,643946188,0.71546686,0.0031806207,0.0040298477,0.69862795,0.7085878,5.3527116e-10,-1.791907e-10,0.7056227,1
643951463,643951210,0.7155765,0.0031830282,0.0040141316,0.69851565,0.7085878,5.3527116e-10,-1.791907e-10,0.7056227,1
643956441,643956188,0.7156901,0.003207125,0.004027771,0.69839907,0.7085878,5.3527116e-10,-1.791907e-10,0.7056227,1
643961450,643961188,0.71580666,0.003196095,0.004081247,0.69827926,0.7085878,5.3527116e-10,-1.791907e-10,0.7056227,1
643966452,643966210,0.7159065,0.003173144,0.004112782,0.69817686,0.7085878,5.3527116e-10,-1.791907e-10,0.7056227,1
643971441,643971188,0.7160208,0.0031617095,0.004100828,0.69805974,0.7085878,5.3527116e-10,-1.791907e-10,0.7056227,1
643976447,643976188,0.7161265,0.003208852,0.004144041,0.6979509,0.7085878,5.3527116e-10,-1.791907e-10,0.7056227,1
643981463,643981211,0.71624345,0.0032913187,0.004172918,0.6978304,0.7085878,5.3527116e-10,-1.791907e-10,0.7056227,1
643986441,643986188,0.71634287,0.0032914733,0.0042070546,0.6977281,0.7085878,5.3527116e-10,-1.791907e-10,0.7056227,1
643991446,643991188,0.71643436,0.0033333658,0.0042320094,0.69763374,0.7085878,5.3527116e-10,-1.791907e-10,0.7056227,1
643996470,643996210,0.7165673,0.0034045558,0.0041902196,0.6974971,0.7085878,5.3527116e-10,-1.791907e-10,0.7056227,1
644001434,644001188,0.7166851,0.0035198436,0.0042113815,0.69737536,0.7085878,5.3527116e-10,-1.791907e-10,0.7056227,1
644006461,644006188,0.71676415,0.0036020847,0.004229931,0.6972936,0.7085878,5.3527116e-10,-1.791907e-10,0.7056227,1
644011469,644011211,0.71686256,0.0036518555,0.004228992,0.69719213,0.7085878,5.3527116e-10,-1.791907e-10,0.7056227,1
644016431,644016187,0.7169655,0.003778363,0.0042120377,0.6970857,0.7085878,5.3527116e-10,-1.791907e-10,0.7056227,1
644021455,644021188,0.7170774,0.0039323242,0.004157978,0.6969701,0.7085878,5.3527116e-10,-1.791907e-10,0.7056227,1
644026461,644026210,0.7171637,0.0040712543,0.004157329,0.6968805,0.7085878,5.3527116e-10,-1.791907e-10,0.7056227,1
644031434,644031188,0.7172334,0.0041819704,0.004166645,0.69680804,0.7085878,5.3527116e-10,-1.791907e-10,0.7056227,1
644036446,644036188,0.7173246,0.0042644613,0.004086879,0.69671416,0.7085878,5.3527116e-10,-1.791907e-10,0.7056227,1
644041469,644041211,0.7174193,0.0044066235,0.00403518,0.696616,0.7085878,5.3527116e-10,-1.791907e-10,0.7056227,1
644046432,644046188,0.7174949,0.0045587397,0.003966963,0.6965376,0.7085878,5.3527116e-10,-1.791907e-10,0.7056227,1
644051448,644051190,0.7175665,0.0046469737,0.0039586667,0.69646335,0.7085878,5.3527116e-10,-1.791907e-10,0.7056227,1
644056464,644056210,0.7176403,0.0047601825,0.0039182696,0.6963868,0.7085878,5.3527116e-10,-1.791907e-10,0.7056227,1
644061442,644061188,0.7177157,0.004854016,0.003811959,0.69630903,0.7085878,5.3527116e-10,-1.791907e-10,0.7056227,1
644066433,644066188,0.7177912,0.004952995,0.003735451,0.6962309,0.7085878,5.3527116e-10,-1.791907e-10,0.7056227,1
644071465,644071211,0.71784437,0.0050466163,0.0036530204,0.69617575,0.7085878,5.3527116e-10,-1.791907e-10,0.7056227,1
644076439,644076187,0.71790004,0.0051064515,0.0035813642,0.6961183,0.7085878,5.3527116e-10,-1.791907e-10,0.7056227,1
644081446,644081188,0.71797043,0.0051671737,0.0035150172,0.69604564,0.7085878,5.3527116e-10,-1.791907e-10,0.7056227,1
644086467,644086210,0.71801615,0.005226841,0.003365558,0.6959988,0.7085878,5.3527116e-10,-1.791907e-10,0.7056227,1
644091441,644091188,0.71803576,0.0053019067,0.003254716,0.69597846,0.7085878,5.3527116e-10,-1.791907e-10,0.7056227,1
644096439,644096188,0.71808785,0.005366133,0.0031895388,0.6959245,0.7085878,5.3527116e-10,-1.791907e-10,0.7056227,1
644101463,644101211,0.71813977,0.0054263826,0.0030555397,0.69587106,0.7085878,5.3527116e-10,-1.791907e-10,0.7056227,1
644106455,644106187,0.71815,0.0055051376,0.0029037348,0.69586056,0.7085878,5.3527116e-10,-1.791907e-10,0.7056227,1
644111452,644111188,0.7181784,0.005567771,0.0027060045,0.6958316,0.7085878,5.3527116e-10,-1.791907e-10,0.7056227,1
644116453,644116210,0.71820724,0.005646404,0.0024947282,0.695802,0.7085878,5.3527116e-10,-1.791907e-10,0.7056227,1
644121447,644121188,0.7182243,0.0057509346,0.0023190053,0.69578415,0.7085878,5.3527116e-10,-1.791907e-10,0.7056227,1
644126450,644126187,0.7182483,0.005819542,0.0020735927,0.6957595,0.7085878,5.3527116e-10,-1.791907e-10,0.7056227,1
644131470,644131211,0.7182534,0.005919718,0.0018134922,0.6957541,0.7085878,5.3527116e-10,-1.791907e-10,0.7056227,1
644136440,644136188,0.71825916,0.0060472186,0.0015290304,0.69574773,0.7085878,5.3527116e-10,-1.791907e-10,0.7056227,1
644141443,644141188,0.71827894,0.006121221,0.0012607969,0.69572717,0.7085878,5.3527116e-10,-1.791907e-10,0.7056227,1
644146460,644146210,0.718269,0.006231733,0.0010319547,0.6957368,0.7085878,5.3527116e-10,-1.791907e-10,0.7056227,1
644151443,644151187,0.71826404,0.006339387,0.0007434453,0.6957414,0.7085878,5.3527116e-10,-1.791907e-10,0.7056227,1
644156441,644156188,0.7182498,0.0063839853,0.0004495776,0.69575596,0.7085878,5.3527116e-10,-1.791907e-10,0.7056227,1
644161466,644161211,0.7182348,0.0064872405,0.00016350378,0.6957706,0.7085878,5.3527116e-10,-1.791907e-10,0.7056227,1
644166439,644166188,0.71824956,0.0065743285,-6.934176e-05,0.6957546,0.7085878,5.3527116e-10,-1.791907e-10,0.7056227,1
644171451,644171188,0.718222,0.0066370256,-0.00025218248,0.69578236,0.7085878,5.3527116e-10,-1.791907e-10,0.7056227,1
644176468,644176211,0.7181859,0.0066734715,-0.00048501778,0.6958192,0.7085878,5.3527116e-10,-1.791907e-10,0.7056227,1
644181434,644181188,0.71815574,0.0066909483,-0.000688117,0.69584996,0.7085878,5.3527116e-10,-1.791907e-10,0.7056227,1
644186441,644186188,0.7181553,0.006762488,-0.00082417805,0.69584954,0.7085878,5.3527116e-10,-1.791907e-10,0.7056227,1
644191468,644191210,0.718136,0.006824779,-0.00092469656,0.69586873,0.7085878,5.3527116e-10,-1.791907e-10,0.7056227,1
644196433,644196188,0.71811557,0.006846856,-0.0010070703,0.6958895,0.7085878,5.3527116e-10,-1.791907e-10,0.7056227,1
644201458,644201188,0.71805197,0.0068454575,-0.0010657704,0.6959551,0.7085878,5.3527116e-10,-1.791907e-10,0.7056227,1
644206500,644206210,0.71799195,0.0068941675,-0.0010722227,0.69601655,0.7085878,5.3527116e-10,-1.791907e-10,0.7056227,1
644211441,644211188,0.7179838,0.006913116,-0.0010740567,0.6960248,0.7085878,5.3527116e-10,-1.791907e-10,0.7056227,1
644216434,644216188,0.717964,0.006911834,-0.0010865962,0.69604516,0.7085878,5.3527116e-10,-1.791907e-10,0.7056227,1
644221471,644221211,0.71791327,0.0069062808,-0.0010679957,0.69609755,0.7085878,5.3527116e-10,-1.791907e-10,0.7056227,1
644226440,644226187,0.717858,0.0068770717,-0.0010096999,0.6961549,0.7085878,5.3527116e-10,-1.791907e-10,0.7056227,1
644231436,644231189,0.71779084,0.006826709,-0.0009490503,0.6962247,0.7085878,5.3527116e-10,-1.791907e-10,0.7056227,1
644236464,644236210,0.71776026,0.0068027615,-0.00090809114,0.6962565,0.7085878,5.3527116e-10,-1.791907e-10,0.7056227,1
644241442,644241188,0.7177258,0.006777838,-0.00080879603,0.69629234,0.7085878,5.3527116e-10,-1.791907e-10,0.7056227,1
644246434,644246188,0.71764326,0.0066773416,-0.00070391764,0.6963786,0.7085878,5.3527116e-10,-1.791907e-10,0.7056227,1
644251465,644251211,0.71758,0.006578044,-0.0006198133,0.69644475,0.7085878,5.3527116e-10,-1.791907e-10,0.7056227,1
644256442,644256188,0.71754086,0.006522171,-0.00049262785,0.69648576,0.7085878,5.3527116e-10,-1.791907e-10,0.7056227,1
644261457,644261188,0.71750146,0.0064192005,-0.00040010086,0.69652736,0.7085878,5.3527116e-10,-1.791907e-10,0.7056227,1
644266461,644266210,0.7174401,0.0063257036,-0.0002890869,0.6965915,0.7085878,5.3527116e-10,-1.791907e-10,0.7056227,1
644271442,644271188,0.7173633,0.006238157,-0.00013120381,0.6966714,0.7085878,5.3527116e-10,-1.791907e-10,0.7056227,1
644276444,644276188,0.7173273,0.006152746,7.981317e-06,0.6967093,0.7085878,5.3527116e-10,-1.791907e-10,0.7056227,1
644281463,644281210,0.7172835,0.006022008,0.00014958416,0.6967555,0.7085878,5.3527116e-10,-1.791907e-10,0.7056227,1
644286441,644286188,0.71718705,0.005911828,0.00024673756,0.6968557,0.7085878,5.3527116e-10,-1.791907e-10,0.7056227,1
644291445,644291188,0.71713555,0.00583947,0.00038397973,0.6969092,0.7085878,5.3527116e-10,-1.791907e-10,0.7056227,1
644296461,644296210,0.71708775,0.0057895235,0.0005494374,0.69695866,0.7085878,5.3527116e-10,-1.791907e-10,0.7056227,1
644301443,644301188,0.71703845,0.005648754,0.0006914003,0.6970104,0.7085878,5.3527116e-10,-1.791907e-10,0.7056227,1
644306460,644306188,0.7169729,0.0055318144,0.00082038884,0.6970787,0.7085878,5.3527116e-10,-1.791907e-10,0.7056227,1
644311494,644311211,0.71688145,0.005406709,0.0009359889,0.69717354,0.7085878,5.3527116e-10,-1.791907e-10,0.7056227,1
644316431,644316188,0.7168161,0.00530117,0.0011470328,0.69724125,0.7085878,5.3527116e-10,-1.791907e-10,0.7056227,1
644321449,644321189,0.7167836,0.0051817466,0.0013344629,0.6972753,0.7085878,5.3527116e-10,-1.791907e-10,0.7056227,1
644326463,644326210,0.71671396,0.0050396463,0.0015045567,0.69734746,0.7085878,5.3527116e-10,-1.791907e-10,0.7056227,1
644331435,644331188,0.7166291,0.004867909,0.001680016,0.6974355,0.7085878,5.3527116e-10,-1.791907e-10,0.7056227,1
644336442,644336188,0.71656936,0.0047055753,0.0018626575,0.6974975,0.7085878,5.3527116e-10,-1.791907e-10,0.7056227,1
644341466,644341211,0.7165172,0.0045840563,0.0020663426,0.6975513,0.7085878,5.3527116e-10,-1.791907e-10,0.7056227,1
644346432,644346187,0.71646386,0.0044598067,0.0023178016,0.69760615,0.7085878,5.3527116e-10,-1.791907e-10,0.7056227,1
644351444,644351188,0.7163768,0.0042644655,0.0025479167,0.697696,0.7085878,5.3527116e-10,-1.791907e-10,0.7056227,1
644356462,644356210,0.7162727,0.004050635,0.0027617358,0.6978033,0.7085878,5.3527116e-10,-1.791907e-10,0.7056227,1
644361444,644361188,0.7162125,0.0038758502,0.0029796835,0.6978651,0.7085878,5.3527116e-10,-1.791907e-10,0.7056227,1
644366436,644366188,0.7161715,0.0037593003,0.0032541396,0.6979067,0.7085878,5.3527116e-10,-1.791907e-10,0.7056227,1
644371473,644371211,0.716101,0.0035636297,0.003521507,0.69797873,0.7085878,5.3527116e-10,-1.791907e-10,0.7056227,1
644376441,644376188,0.71600163,0.003361165,0.0038040031,0.69808024,0.7085878,5.3527116e-10,-1.791907e-10,0.7056227,1
644381436,644381188,0.71592104,0.0031681147,0.0041216277,0.698162,0.7085878,5.3527116e-10,-1.791907e-10,0.7056227,1
644386466,644386210,0.7158603,0.002982712,0.004462672,0.69822294,0.7085878,5.3527116e-10,-1.791907e-10,0.7056227,1
644391442,644391188,0.71578914,0.002782914,0.0047484073,0.6982948,0.7085878,5.3527116e-10,-1.791907e-10,0.7056227,1
644396441,644396188,0.7157089,0.0026058303,0.0050609163,0.6983755,0.7085878,5.3527116e-10,-1.791907e-10,0.7056227,1
644401467,644401211,0.71564746,0.002397634,0.0054310253,0.69843644,0.7085878,5.3527116e-10,-1.791907e-10,0.7056227,1
644406461,644406188,0.7155784,0.0022017208,0.005763555,0.6985052,0.7085878,5.3527116e-10,-1.791907e-10,0.7056227,1
644411444,644411188,0.71549773,0.002009594,0.0060660727,0.6985859,0.7085878,5.3527116e-10,-1.791907e-10,0.7056227,1
644416460,644416210,0.71542203,0.001827664,0.0063689775,0.6986612,0.7085878,5.3527116e-10,-1.791907e-10,0.7056227,1
644421441,644421188,0.71534795,0.0016447565,0.006685238,0.69873464,0.7085878,5.3527116e-10,-1.791907e-10,0.7056227,1
644426440,644426188,0.7153002,0.0014578151,0.006989451,0.69878083,0.7085878,5.3527116e-10,-1.791907e-10,0.7056227,1
644431459,644431211,0.7152135,0.0013185486,0.007269015,0.69886714,0.7085878,5.3527116e-10,-1.791907e-10,0.7056227,1
644436440,644436188,0.71513456,0.0011772998,0.0074888137,0.6989457,0.7085878,5.3527116e-10,-1.791907e-10,0.7056227,1
644441449,644441190,0.71509284,0.0009998194,0.007692292,0.69898653,0.7085878,5.3527116e-10,-1.791907e-10,0.7056227,1
644446463,644446210,0.71502984,0.00084423414,0.007906168,0.6990487,0.7085878,5.3527116e-10,-1.791907e-10,0.7056227,1
644451444,644451188,0.71494544,0.00068370544,0.008086056,0.69913316,0.7085878,5.3527116e-10,-1.791907e-10,0.7056227,1
644456451,644456187,0.71486616,0.00056670577,0.008312623,0.69921166,0.7085878,5.3527116e-10,-1.791907e-10,0.7056227,1
644461470,644461211,0.71480715,0.00041534062,0.008462387,0.6992703,0.7085878,5.3527116e-10,-1.791907e-10,0.7056227,1
644466433,644466188,0.7147759,0.00023596537,0.008521685,0.6993016,0.7085878,5.3527116e-10,-1.791907e-10,0.7056227,1
644471442,644471188,0.7147423,9.754798e-05,0.008612587,0.6993349,0.7085878,5.3527116e-10,-1.791907e-10,0.7056227,1
644476464,644476210,0.71467686,-3.7886326e-05,0.008694359,0.69940084,0.7085878,5.3527116e-10,-1.791907e-10,0.7056227,1
644481433,644481188,0.7146061,-0.00012176257,0.008703671,0.69947296,0.7085878,5.3527116e-10,-1.791907e-10,0.7056227,1
644486441,644486187,0.7145646,-0.00026176203,0.008698957,0.6995154,0.7085878,5.3527116e-10,-1.791907e-10,0.7056227,1
644491465,644491211,0.71451306,-0.00045737592,0.008648903,0.6995686,0.7085878,5.3527116e-10,-1.791907e-10,0.7056227,1
644496442,644496188,0.7144666,-0.0006169677,0.008539732,0.69961727,0.7085878,5.3527116e-10,-1.791907e-10,0.7056227,1
644501458,644501191,0.7143779,-0.00070920534,0.008476129,0.6997085,0.7085878,5.3527116e-10,-1.791907e-10,0.7056227,1
644506498,644506210,0.71433395,-0.0007865518,0.008441318,0.6997537,0.7085878,5.3527116e-10,-1.791907e-10,0.7056227,1
644511435,644511188,0.7142905,-0.000870602,0.008384261,0.69979864,0.7085878,5.3527116e-10,-1.791907e-10,0.7056227,1
644516439,644516188,0.714228,-0.0010273061,0.008295017,0.6998633,0.7085878,5.3527116e-10,-1.791907e-10,0.7056227,1
644521472,644521211,0.7141846,-0.0011316962,0.008222042,0.69990826,0.7085878,5.3527116e-10,-1.791907e-10,0.7056227,1
644526437,644526187,0.7141462,-0.001130389,0.008197411,0.6999478,0.7085878,5.3527116e-10,-1.791907e-10,0.7056227,1
644531435,644531188,0.7141161,-0.0011833955,0.0082228575,0.6999781,0.7085878,5.3527116e-10,-1.791907e-10,0.7056227,1
644536462,644536210,0.7140792,-0.0012460172,0.008231063,0.7000154,0.7085878,5.3527116e-10,-1.791907e-10,0.7056227,1
644541442,644541188,0.71401954,-0.00128519,0.008225847,0.70007634,0.7085878,5.3527116e-10,-1.791907e-10,0.7056227,1
644546436,644546188,0.7139601,-0.0013510471,0.008256946,0.7001364,0.7085878,5.3527116e-10,-1.791907e-10,0.7056227,1
644551466,644551211,0.7139086,-0.0013093571,0.008342372,0.70018804,0.7085878,5.3527116e-10,-1.791907e-10,0.7056227,1
644556442,644556188,0.7138979,-0.0012897091,0.008417836,0.70019805,0.7085878,5.3527116e-10,-1.791907e-10,0.7056227,1
644561451,644561188,0.7138458,-0.001345692,0.008493053,0.70025015,0.7085878,5.3527116e-10,-1.791907e-10,0.7056227,1
644566462,644566210,0.71377796,-0.0014040684,0.008564623,0.70031834,0.7085878,5.3527116e-10,-1.791907e-10,0.7056227,1
644571443,644571188,0.71375823,-0.0013893056,0.008650449,0.70033747,0.7085878,5.3527116e-10,-1.791907e-10,0.7056227,1
644576441,644576188,0.713738,-0.0013049128,0.008811976,0.7003561,0.7085878,5.3527116e-10,-1.791907e-10,0.7056227,1
644581460,644581210,0.7137315,-0.0013077445,0.0089672925,0.7003608,0.7085878,5.3527116e-10,-1.791907e-10,0.7056227,1
644586440,644586188,0.71367216,-0.0013835533,0.009095909,0.70041955,0.7085878,5.3527116e-10,-1.791907e-10,0.7056227,1
644591444,644591188,0.7136186,-0.0014090345,0.009269466,0.70047176,0.7085878,5.3527116e-10,-1.791907e-10,0.7056227,1
644596462,644596210,0.7135959,-0.0013696722,0.009481052,0.70049214,0.7085878,5.3527116e-10,-1.791907e-10,0.7056227,1
644601441,644601188,0.71357936,-0.0013601151,0.009647525,0.70050675,0.7085878,5.3527116e-10,-1.791907e-10,0.7056227,1
644606461,644606188,0.7135657,-0.0013725711,0.009887503,0.70051724,0.7085878,5.3527116e-10,-1.791907e-10,0.7056227,1
644611471,644611211,0.7135155,-0.0013717886,0.010143696,0.7005647,0.7085878,5.3527116e-10,-1.791907e-10,0.7056227,1
644616434,644616188,0.7134876,-0.0013963724,0.010391792,0.7005894,0.7085878,5.3527116e-10,-1.791907e-10,0.7056227,1
644621444,644621188,0.7134619,-0.0014348074,0.010686525,0.7006112,0.7085878,5.3527116e-10,-1.791907e-10,0.7056227,1
644626476,644626210,0.71343863,-0.0014757438,0.010955225,0.70063055,0.7085878,5.3527116e-10,-1.791907e-10,0.7056227,1
644631433,644631187,0.7134304,-0.0015403221,0.011243455,0.7006342,0.7085878,5.3527116e-10,-1.791907e-10,0.7056227,1
644636441,644636187,0.7133963,-0.0016495042,0.011584793,0.70066315,0.7085878,5.3527116e-10,-1.791907e-10,0.7056227,1
644641466,644641211,0.7133848,-0.0017421803,0.011900909,0.7006693,0.7085878,5.3527116e-10,-1.791907e-10,0.7056227,1
644646433,644646188,0.71339285,-0.0018322342,0.01219545,0.7006559,0.7085878,5.3527116e-10,-1.791907e-10,0.7056227,1
644651448,644651188,0.71336687,-0.0019770027,0.012472667,0.7006771,0.7085878,5.3527116e-10,-1.791907e-10,0.7056227,1
644656468,644656210,0.7133469,-0.0021318037,0.012805673,0.700691,0.7085878,5.3527116e-10,-1.791907e-10,0.7056227,1
644661436,644661188,0.7133221,-0.0022342044,0.013129384,0.7007098,0.7085878,5.3527116e-10,-1.791907e-10,0.7056227,1
644666442,644666188,0.7133382,-0.002341546,0.013445441,0.7006871,0.7085878,5.3527116e-10,-1.791907e-10,0.7056227,1
644671465,644671210,0.7133484,-0.0025001185,0.013733057,0.70067066,0.7085878,5.3527116e-10,-1.791907e-10,0.7056227,1
644676443,644676187,0.7133238,-0.0026626363,0.013979356,0.7006902,0.7085878,5.3527116e-10,-1.791907e-10,0.7056227,1
644681435,644681188,0.71334046,-0.002803063,0.014266422,0.7006669,0.7085878,5.3527116e-10,-1.791907e-10,0.7056227,1
644686463,644686210,0.7133524,-0.0029158215,0.014532443,0.7006488,0.7085878,5.3527116e-10,-1.791907e-10,0.7056227,1
644691447,644691188,0.71335584,-0.0030766649,0.014760784,0.70063984,0.7085878,5.3527116e-10,-1.791907e-10,0.7056227,1
644696442,644696188,0.7133717,-0.0032437304,0.014936177,0.7006193,0.7085878,5.3527116e-10,-1.791907e-10,0.7056227,1
644701470,644701211,0.7133747,-0.003425089,0.015080173,0.70061225,0.7085878,5.3527116e-10,-1.791907e-10,0.7056227,1
644706456,644706188,0.7133883,-0.003609551,0.015240772,0.7005939,0.7085878,5.3527116e-10,-1.791907e-10,0.7056227,1
644711437,644711190,0.7134294,-0.0037689572,0.015401967,0.7005477,0.7085878,5.3527116e-10,-1.791907e-10,0.7056227,1
644716464,644716211,0.71346676,-0.0039301766,0.015489474,0.70050687,0.7085878,5.3527116e-10,-1.791907e-10,0.7056227,1
644721443,644721188,0.7134998,-0.004177041,0.015547789,0.7004705,0.7085878,5.3527116e-10,-1.791907e-10,0.7056227,1
644726441,644726188,0.7135142,-0.0044778837,0.015554365,0.7004539,0.7085878,5.3527116e-10,-1.791907e-10,0.7056227,1
644731464,644731211,0.7135271,-0.0046759592,0.015605111,0.70043826,0.7085878,5.3527116e-10,-1.791907e-10,0.7056227,1
644736444,644736188,0.7135609,-0.0048516165,0.015680453,0.70040095,0.7085878,5.3527116e-10,-1.791907e-10,0.7056227,1
644741451,644741188,0.71356905,-0.005087075,0.015742753,0.7003896,0.7085878,5.3527116e-10,-1.791907e-10,0.7056227,1
644746460,644746210,0.71359724,-0.005397974,0.015757658,0.7003582,0.7085878,5.3527116e-10,-1.791907e-10,0.7056227,1
644751442,644751188,0.71361744,-0.005664871,0.01580938,0.7003343,0.7085878,5.3527116e-10,-1.791907e-10,0.7056227,1
644756448,644756187,0.7136588,-0.005885328,0.015878737,0.70028883,0.7085878,5.3527116e-10,-1.791907e-10,0.7056227,1
644761464,644761211,0.71370167,-0.006085703,0.016017253,0.7002402,0.7085878,5.3527116e-10,-1.791907e-10,0.7056227,1
644766441,644766188,0.7137111,-0.006318393,0.016154543,0.7002255,0.7085878,5.3527116e-10,-1.791907e-10,0.7056227,1
644771450,644771191,0.7137602,-0.006583604,0.016272599,0.7001702,0.7085878,5.3527116e-10,-1.791907e-10,0.7056227,1
644776463,644776210,0.7137831,-0.006815512,0.01638686,0.700142,0.7085878,5.3527116e-10,-1.791907e-10,0.7056227,1
644781443,644781191,0.7138053,-0.0069888383,0.016566187,0.7001134,0.7085878,5.3527116e-10,-1.791907e-10,0.7056227,1
644786446,644786187,0.7138442,-0.0071195997,0.016764645,0.7000677,0.7085878,5.3527116e-10,-1.791907e-10,0.7056227,1
644791471,644791211,0.71385956,-0.007280277,0.01699122,0.7000449,0.7085878,5.3527116e-10,-1.791907e-10,0.7056227,1
644796432,644796187,0.7138896,-0.0074906712,0.017187348,0.7000073,0.7085878,5.3527116e-10,-1.791907e-10,0.7056227,1
644801450,644801189,0.71392775,-0.007596713,0.017357517,0.6999631,0.7085878,5.3527116e-10,-1.791907e-10,0.7056227,1
644806493,644806210,0.71397805,-0.0076417457,0.017588733,0.69990546,0.7085878,5.3527116e-10,-1.791907e-10,0.7056227,1
644811435,644811188,0.71402687,-0.007683776,0.017871443,0.699848,0.7085878,5.3527116e-10,-1.791907e-10,0.7056227,1
644816441,644816188,0.714074,-0.0077759367,0.018084774,0.69979346,0.7085878,5.3527116e-10,-1.791907e-10,0.7056227,1
644821466,644821211,0.7141018,-0.007847643,0.018283263,0.6997591,0.7085878,5.3527116e-10,-1.791907e-10,0.7056227,1
644826444,644826188,0.7141585,-0.007818955,0.018521346,0.69969535,0.7085878,5.3527116e-10,-1.791907e-10,0.7056227,1
644831440,644831190,0.7142006,-0.0077935113,0.01876189,0.6996462,0.7085878,5.3527116e-10,-1.791907e-10,0.7056227,1
644836473,644836210,0.71424335,-0.007816423,0.018982604,0.6995964,0.7085878,5.3527116e-10,-1.791907e-10,0.7056227,1
644841440,644841188,0.7142851,-0.0078075216,0.019199232,0.69954795,0.7085878,5.3527116e-10,-1.791907e-10,0.7056227,1
644846434,644846188,0.71432173,-0.0077886116,0.019358119,0.69950634,0.7085878,5.3527116e-10,-1.791907e-10,0.7056227,1
644851467,644851212,0.7143905,-0.0077040964,0.01956516,0.69943124,0.7085878,5.3527116e-10,-1.791907e-10,0.7056227,1
644856442,644856188,0.71444994,-0.0076125236,0.019771947,0.6993657,0.7085878,5.3527116e-10,-1.791907e-10,0.7056227,1
644861446,644861188,0.71450853,-0.0075710285,0.019934887,0.6993017,0.7085878,5.3527116e-10,-1.791907e-10,0.7056227,1
644866460,644866210,0.7145492,-0.0075304,0.02010911,0.69925565,0.7085878,5.3527116e-10,-1.791907e-10,0.7056227,1
644871443,644871188,0.7145852,-0.007457593,0.020283593,0.69921464,0.7085878,5.3527116e-10,-1.791907e-10,0.7056227,1
644876447,644876188,0.71464765,-0.007379147,0.020407768,0.69914794,0.7085878,5.3527116e-10,-1.791907e-10,0.7056227,1
644881463,644881211,0.7147183,-0.007344314,0.020539671,0.69907224,0.7085878,5.3527116e-10,-1.791907e-10,0.7056227,1
644886465,644886187,0.71475446,-0.0073489547,0.020663762,0.69903153,0.7085878,5.3527116e-10,-1.791907e-10,0.7056227,1
644891446,644891188,0.714776,-0.0073249387,0.02078456,0.69900626,0.7085878,5.3527116e-10,-1.791907e-10,0.7056227,1
644896455,644896210,0.7148272,-0.0072828927,0.020904867,0.69895077,0.7085878,5.3527116e-10,-1.791907e-10,0.7056227,1
644901443,644901188,0.7149303,-0.0072599375,0.02097796,0.6988433,0.7085878,5.3527116e-10,-1.791907e-10,0.7056227,1
644906456,644906188,0.71497375,-0.0072794575,0.021039631,0.6987968,0.7085878,5.3527116e-10,-1.791907e-10,0.7056227,1
644911465,644911211,0.71498305,-0.0072839865,0.021161677,0.6987836,0.7085878,5.3527116e-10,-1.791907e-10,0.7056227,1
644916445,644916187,0.715044,-0.0072415154,0.021248275,0.69871897,0.7085878,5.3527116e-10,-1.791907e-10,0.7056227,1
644921448,644921188,0.7151086,-0.00725094,0.021324852,0.69865054,0.7085878,5.3527116e-10,-1.791907e-10,0.7056227,1
644926467,644926210,0.7151836,-0.0072794883,0.021421727,0.6985704,0.7085878,5.3527116e-10,-1.791907e-10,0.7056227,1
644931433,644931188,0.71520287,-0.0072888816,0.021520004,0.6985476,0.7085878,5.3527116e-10,-1.791907e-10,0.7056227,1
644936442,644936188,0.7152355,-0.0073150317,0.021640666,0.69851017,0.7085878,5.3527116e-10,-1.791907e-10,0.7056227,1
644941473,644941211,0.7153252,-0.0073441165,0.021775449,0.6984138,0.7085878,5.3527116e-10,-1.791907e-10,0.7056227,1
644946430,644946187,0.71536815,-0.007445521,0.021857237,0.69836617,0.7085878,5.3527116e-10,-1.791907e-10,0.7056227,1
644951449,644951189,0.7154143,-0.00751856,0.021953765,0.6983151,0.7085878,5.3527116e-10,-1.791907e-10,0.7056227,1
644956468,644956210,0.7154509,-0.0075495425,0.022112602,0.6982722,0.7085878,5.3527116e-10,-1.791907e-10,0.7056227,1
644961434,644961188,0.71549237,-0.0076210313,0.022297155,0.6982231,0.7085878,5.3527116e-10,-1.791907e-10,0.7056227,1
644966442,644966188,0.71556735,-0.0077220327,0.022461968,0.6981399,0.7085878,5.3527116e-10,-1.791907e-10,0.7056227,1
644971464,644971211,0.71560293,-0.007852291,0.022611422,0.69809717,0.7085878,5.3527116e-10,-1.791907e-10,0.7056227,1
644976431,644976188,0.7156474,-0.007998943,0.022770066,0.69804466,0.7085878,5.3527116e-10,-1.791907e-10,0.7056227,1
644981443,644981192,0.7157078,-0.008098922,0.022987263,0.6979745,0.7085878,5.3527116e-10,-1.791907e-10,0.7056227,1
644986461,644986210,0.71575665,-0.008248744,0.023217233,0.697915,0.7085878,5.3527116e-10,-1.791907e-10,0.7056227,1
644991442,644991188,0.71583086,-0.008419866,0.023403078,0.6978307,0.7085878,5.3527116e-10,-1.791907e-10,0.7056227,1
644996441,644996188,0.71586365,-0.008573839,0.023564879,0.6977897,0.7085878,5.3527116e-10,-1.791907e-10,0.7056227,1
645001471,645001211,0.7159087,-0.008718832,0.023750711,0.6977354,0.7085878,5.3527116e-10,-1.791907e-10,0.7056227,1
645006456,645006188,0.7159754,-0.008818091,0.02399975,0.6976572,0.7085878,5.3527116e-10,-1.791907e-10,0.7056227,1
645011435,645011189,0.7160092,-0.008984114,0.024190236,0.69761384,0.7085878,5.3527116e-10,-1.791907e-10,0.7056227,1
645016519,645016210,0.7160619,-0.009208492,0.02433662,0.6975517,0.7085878,5.3527116e-10,-1.791907e-10,0.7056227,1
645021441,645021188,0.7160939,-0.009308752,0.024499286,0.69751185,0.7085878,5.3527116e-10,-1.791907e-10,0.7056227,1
645026433,645026187,0.7161338,-0.009400799,0.024677616,0.69746333,0.7085878,5.3527116e-10,-1.791907e-10,0.7056227,1
645031458,645031211,0.7162137,-0.009528422,0.024887674,0.697372,0.7085878,5.3527116e-10,-1.791907e-10,0.7056227,1
645036447,645036188,0.71622777,-0.009711839,0.025041843,0.6973496,0.7085878,5.3527116e-10,-1.791907e-10,0.7056227,1
645041451,645041188,0.71626043,-0.009876939,0.025162838,0.6973094,0.7085878,5.3527116e-10,-1.791907e-10,0.7056227,1
645046467,645046210,0.7163384,-0.009972208,0.02532371,0.69722205,0.7085878,5.3527116e-10,-1.791907e-10,0.7056227,1
645051440,645051188,0.7163758,-0.010108734,0.025502902,0.69717515,0.7085878,5.3527116e-10,-1.791907e-10,0.7056227,1
645056441,645056188,0.71641195,-0.010302552,0.02566795,0.69712913,0.7085878,5.3527116e-10,-1.791907e-10,0.7056227,1
645061467,645061211,0.71643794,-0.010515743,0.0257655,0.6970957,0.7085878,5.3527116e-10,-1.791907e-10,0.7056227,1
645066438,645066187,0.7164991,-0.010679658,0.025908396,0.697025,0.7085878,5.3527116e-10,-1.791907e-10,0.7056227,1
645071444,645071189,0.7165558,-0.010797791,0.026091121,0.6969581,0.7085878,5.3527116e-10,-1.791907e-10,0.7056227,1
645076462,645076210,0.71657866,-0.011018971,0.02624031,0.6969255,0.7085878,5.3527116e-10,-1.791907e-10,0.7056227,1
645081434,645081188,0.7166196,-0.011291203,0.026402203,0.69687295,0.7085878,5.3527116e-10,-1.791907e-10,0.7056227,1
645086446,645086188,0.71664673,-0.011499115,0.026500927,0.69683784,0.7085878,5.3527116e-10,-1.791907e-10,0.7056227,1
645091475,645091211,0.71670043,-0.011689161,0.02663508,0.6967743,0.7085878,5.3527116e-10,-1.791907e-10,0.7056227,1
645096434,645096188,0.7167606,-0.011880232,0.026857467,0.6967007,0.7085878,5.3527116e-10,-1.791907e-10,0.7056227,1
645101451,645101188,0.71675485,-0.012127396,0.02703106,0.69669557,0.7085878,5.3527116e-10,-1.791907e-10,0.7056227,1
645106493,645106210,0.7168009,-0.012348028,0.027192414,0.69663805,0.7085878,5.3527116e-10,-1.791907e-10,0.7056227,1
645111434,645111188,0.71686095,-0.0125572495,0.027341248,0.6965667,0.7085878,5.3527116e-10,-1.791907e-10,0.7056227,1
645116442,645116187,0.716885,-0.012746483,0.027492473,0.69653255,0.7085878,5.3527116e-10,-1.791907e-10,0.7056227,1
645121465,645121211,0.716915,-0.012932151,0.02767135,0.69649124,0.7085878,5.3527116e-10,-1.791907e-10,0.7056227,1
645126433,645126187,0.7169233,-0.013108082,0.027877234,0.69647115,0.7085878,5.3527116e-10,-1.791907e-10,0.7056227,1
645131450,645131188,0.7169829,-0.013279282,0.027981231,0.69640243,0.7085878,5.3527116e-10,-1.791907e-10,0.7056227,1
645136467,645136210,0.7170312,-0.013409982,0.02809915,0.69634545,0.7085878,5.3527116e-10,-1.791907e-10,0.7056227,1
645141442,645141188,0.71703655,-0.013488825,0.02826866,0.69633156,0.7085878,5.3527116e-10,-1.791907e-10,0.7056227,1
645146497,645146188,0.7170674,-0.0136649385,0.0284166,0.6962903,0.7085878,5.3527116e-10,-1.791907e-10,0.7056227,1
645151463,645151211,0.71709,-0.013780958,0.028540438,0.6962597,0.7085878,5.3527116e-10,-1.791907e-10,0.7056227,1
645156441,645156188,0.7171537,-0.013884224,0.02862285,0.69618857,0.7085878,5.3527116e-10,-1.791907e-10,0.7056227,1
645161453,645161189,0.7171708,-0.013913006,0.028771995,0.6961643,0.7085878,5.3527116e-10,-1.791907e-10,0.7056227,1
645166462,645166210,0.71717954,-0.01400183,0.028906923,0.6961479,0.7085878,5.3527116e-10,-1.791907e-10,0.7056227,1
645171443,645171188,0.7172471,-0.014079973,0.029041072,0.69607115,0.7085878,5.3527116e-10,-1.791907e-10,0.7056227,1
645176434,645176188,0.71727574,-0.014143397,0.029111767,0.69603735,0.7085878,5.3527116e-10,-1.791907e-10,0.7056227,1
645181466,645181211,0.7173072,-0.01419033,0.029173443,0.69600147,0.7085878,5.3527116e-10,-1.791907e-10,0.7056227,1
645186440,645186188,0.7173319,-0.014224418,0.029292481,0.69597036,0.7085878,5.3527116e-10,-1.791907e-10,0.7056227,1
645191449,645191188,0.7173451,-0.014282302,0.02937565,0.69595194,0.7085878,5.3527116e-10,-1.791907e-10,0.7056227,1
645196458,645196210,0.7173909,-0.014303447,0.02944535,0.69590145,0.7085878,5.3527116e-10,-1.791907e-10,0.7056227,1
645201442,645201188,0.71743697,-0.0143301375,0.029460076,0.69585276,0.7085878,5.3527116e-10,-1.791907e-10,0.7056227,1
645206455,645206188,0.71745217,-0.014393442,0.02950184,0.69583404,0.7085878,5.3527116e-10,-1.791907e-10,0.7056227,1
645211458,645211211,0.71747047,-0.014405971,0.029614078,0.69581014,0.7085878,5.3527116e-10,-1.791907e-10,0.7056227,1
645216440,645216188,0.7175025,-0.014447844,0.029661726,0.69577426,0.7085878,5.3527116e-10,-1.791907e-10,0.7056227,1
645221449,645221188,0.7175504,-0.014526906,0.029708203,0.69572115,0.7085878,5.3527116e-10,-1.791907e-10,0.7056227,1
645226463,645226211,0.71756816,-0.01455668,0.029755283,0.6957002,0.7085878,5.3527116e-10,-1.791907e-10,0.7056227,1
645231441,645231188,0.7175469,-0.014566462,0.029839521,0.6957183,0.7085878,5.3527116e-10,-1.791907e-10,0.7056227,1
645236440,645236188,0.7175976,-0.014618528,0.029933946,0.6956609,0.7085878,5.3527116e-10,-1.791907e-10,0.7056227,1
645241466,645241211,0.7176261,-0.014668551,0.030041788,0.6956258,0.7085878,5.3527116e-10,-1.791907e-10,0.7056227,1
645246434,645246188,0.71765345,-0.014767457,0.03007542,0.695594,0.7085878,5.3527116e-10,-1.791907e-10,0.7056227,1
645251454,645251188,0.71766335,-0.014846214,0.03012056,0.6955801,0.7085878,5.3527116e-10,-1.791907e-10,0.7056227,1
645256465,645256210,0.71767086,-0.0148771405,0.0302669,0.69556534,0.7085878,5.3527116e-10,-1.791907e-10,0.7056227,1
645261434,645261188,0.71773326,-0.014955073,0.030351251,0.6954956,0.7085878,5.3527116e-10,-1.791907e-10,0.7056227,1
645266441,645266188,0.717732,-0.015068651,0.030403052,0.6954922,0.7085878,5.3527116e-10,-1.791907e-10,0.7056227,1
645271466,645271211,0.71774817,-0.015183394,0.030419985,0.6954723,0.7085878,5.3527116e-10,-1.791907e-10,0.7056227,1
645276436,645276187,0.717769,-0.015220031,0.030498814,0.6954465,0.7085878,5.3527116e-10,-1.791907e-10,0.7056227,1
645281442,645281188,0.71777195,-0.015262534,0.030597465,0.6954382,0.7085878,5.3527116e-10,-1.791907e-10,0.7056227,1
645286463,645286210,0.7178104,-0.015371739,0.03065554,0.6953936,0.7085878,5.3527116e-10,-1.791907e-10,0.7056227,1
645291441,645291188,0.71781504,-0.015484751,0.030661648,0.69538605,0.7085878,5.3527116e-10,-1.791907e-10,0.7056227,1
645296441,645296188,0.71783143,-0.015538765,0.030700512,0.6953662,0.7085878,5.3527116e-10,-1.791907e-10,0.7056227,1
645301466,645301211,0.7178607,-0.0155630205,0.030783607,0.69533175,0.7085878,5.3527116e-10,-1.791907e-10,0.7056227,1
645306460,645306188,0.71788913,-0.015642501,0.03085288,0.6952976,0.7085878,5.3527116e-10,-1.791907e-10,0.7056227,1
645311438,645311188,0.7178974,-0.01574291,0.030882064,0.6952855,0.7085878,5.3527116e-10,-1.791907e-10,0.7056227,1
645316462,645316210,0.71791327,-0.015792832,0.030864347,0.69526875,0.7085878,5.3527116e-10,-1.791907e-10,0.7056227,1
645321443,645321188,0.7179337,-0.015804326,0.030944074,0.69524384,0.7085878,5.3527116e-10,-1.791907e-10,0.7056227,1
645326433,645326188,0.7179485,-0.01582468,0.031027721,0.6952244,0.7085878,5.3527116e-10,-1.791907e-10,0.7056227,1
645331464,645331211,0.7179446,-0.015866807,0.031040229,0.69522685,0.7085878,5.3527116e-10,-1.791907e-10,0.7056227,1
645336441,645336188,0.71795547,-0.015919354,0.031039147,0.6952145,0.7085878,5.3527116e-10,-1.791907e-10,0.7056227,1
645341447,645341188,0.71798116,-0.015898407,0.03108012,0.6951866,0.7085878,5.3527116e-10,-1.791907e-10,0.7056227,1
645346458,645346210,0.717991,-0.01585378,0.031097688,0.6951767,0.7085878,5.3527116e-10,-1.791907e-10,0.7056227,1
645351442,645351187,0.717988,-0.015874838,0.031116523,0.6951784,0.7085878,5.3527116e-10,-1.791907e-10,0.7056227,1
645356448,645356188,0.7179995,-0.015913226,0.031087833,0.695167,0.7085878,5.3527116e-10,-1.791907e-10,0.7056227,1
645361455,645361211,0.7180213,-0.015910696,0.03105868,0.69514585,0.7085878,5.3527116e-10,-1.791907e-10,0.7056227,1
645366442,645366188,0.7180297,-0.015879609,0.031024264,0.6951394,0.7085878,5.3527116e-10,-1.791907e-10,0.7056227,1
645371445,645371190,0.718034,-0.015878184,0.030982308,0.69513685,0.7085878,5.3527116e-10,-1.791907e-10,0.7056227,1
645376468,645376211,0.7180531,-0.015894106,0.0309108,0.69512,0.7085878,5.3527116e-10,-1.791907e-10,0.7056227,1
645381441,645381188,0.71806,-0.015879255,0.030838545,0.6951164,0.7085878,5.3527116e-10,-1.791907e-10,0.7056227,1
645386441,645386188,0.71807885,-0.01586289,0.030734675,0.69510186,0.7085878,5.3527116e-10,-1.791907e-10,0.7056227,1
645391467,645391211,0.71809405,-0.015869446,0.030617457,0.6950911,0.7085878,5.3527116e-10,-1.791907e-10,0.7056227,1
645396433,645396188,0.71807116,-0.015861716,0.030551106,0.69511795,0.7085878,5.3527116e-10,-1.791907e-10,0.7056227,1
645401456,645401188,0.7181091,-0.015868992,0.03041247,0.6950847,0.7085878,5.3527116e-10,-1.791907e-10,0.7056227,1
645406510,645406210,0.7181274,-0.015863517,0.030275024,0.6950718,0.7085878,5.3527116e-10,-1.791907e-10,0.7056227,1
645411434,645411188,0.7181255,-0.015845818,0.030136857,0.6950802,0.7085878,5.3527116e-10,-1.791907e-10,0.7056227,1
645416444,645416187,0.71812016,-0.01579818,0.029991873,0.69509304,0.7085878,5.3527116e-10,-1.791907e-10,0.7056227,1
645421465,645421211,0.71813,-0.015793903,0.029838085,0.6950897,0.7085878,5.3527116e-10,-1.791907e-10,0.7056227,1
645426431,645426187,0.7181671,-0.015802814,0.029686686,0.6950575,0.7085878,5.3527116e-10,-1.791907e-10,0.7056227,1
645431444,645431188,0.7181713,-0.015756298,0.02951149,0.69506174,0.7085878,5.3527116e-10,-1.791907e-10,0.7056227,1
645436461,645436210,0.71816635,-0.01574717,0.029299082,0.6950761,0.7085878,5.3527116e-10,-1.791907e-10,0.7056227,1
645441434,645441188,0.71816945,-0.015708094,0.029183434,0.6950786,0.7085878,5.3527116e-10,-1.791907e-10,0.7056227,1
645446434,645446188,0.718204,-0.015669929,0.028961422,0.69505304,0.7085878,5.3527116e-10,-1.791907e-10,0.7056227,1
645451494,645451211,0.71822083,-0.015618075,0.028771058,0.6950448,0.7085878,5.3527116e-10,-1.791907e-10,0.7056227,1
645456446,645456188,0.71822333,-0.015586154,0.028587265,0.6950505,0.7085878,5.3527116e-10,-1.791907e-10,0.7056227,1
645461459,645461188,0.7182216,-0.015539141,0.028408978,0.6950606,0.7085878,5.3527116e-10,-1.791907e-10,0.7056227,1
645466463,645466210,0.7182281,-0.0154805,0.028224438,0.6950627,0.7085878,5.3527116e-10,-1.791907e-10,0.7056227,1
645471441,645471188,0.71824914,-0.015426888,0.02804355,0.6950495,0.7085878,5.3527116e-10,-1.791907e-10,0.7056227,1
645476433,645476188,0.7182739,-0.015401003,0.02787634,0.6950312,0.7085878,5.3527116e-10,-1.791907e-10,0.7056227,1
645481465,645481210,0.71828103,-0.015379126,0.02771319,0.69503087,0.7085878,5.3527116e-10,-1.791907e-10,0.7056227,1
645486442,645486188,0.71826154,-0.015289783,0.027573604,0.6950585,0.7085878,5.3527116e-10,-1.791907e-10,0.7056227,1
645491438,645491188,0.7182735,-0.01524227,0.02742303,0.6950531,0.7085878,5.3527116e-10,-1.791907e-10,0.7056227,1
645496453,645496210,0.7183146,-0.015212117,0.02732255,0.69501525,0.7085878,5.3527116e-10,-1.791907e-10,0.7056227,1
645501448,645501188,0.71831274,-0.015221557,0.027224524,0.69502085,0.7085878,5.3527116e-10,-1.791907e-10,0.7056227,1
645506460,645506188,0.7182796,-0.015172931,0.02710937,0.6950607,0.7085878,5.3527116e-10,-1.791907e-10,0.7056227,1
645511462,645511211,0.7182953,-0.015097387,0.027002202,0.6950503,0.7085878,5.3527116e-10,-1.791907e-10,0.7056227,1
645516440,645516188,0.7183411,-0.015072659,0.026957823,0.6950052,0.7085878,5.3527116e-10,-1.791907e-10,0.7056227,1
645521444,645521188,0.71833825,-0.015050372,0.026909593,0.6950105,0.7085878,5.3527116e-10,-1.791907e-10,0.7056227,1
645526467,645526210,0.7183153,-0.014997953,0.02684806,0.6950377,0.7085878,5.3527116e-10,-1.791907e-10,0.7056227,1
645531441,645531188,0.7183217,-0.014898776,0.026802037,0.69503504,0.7085878,5.3527116e-10,-1.791907e-10,0.7056227,1
645536460,645536188,0.7183397,-0.014809083,0.026788503,0.69501895,0.7085878,5.3527116e-10,-1.791907e-10,0.7056227,1
645541466,645541211,0.7183483,-0.014730756,0.026783112,0.6950118,0.7085878,5.3527116e-10,-1.791907e-10,0.7056227,1
645546434,645546188,0.7183213,-0.014672414,0.026742611,0.6950425,0.7085878,5.3527116e-10,-1.791907e-10,0.7056227,1
645551448,645551188,0.71832985,-0.014534513,0.026714366,0.6950377,0.7085878,5.3527116e-10,-1.791907e-10,0.7056227,1
645556467,645556210,0.71834487,-0.01441634,0.026717244,0.69502455,0.7085878,5.3527116e-10,-1.791907e-10,0.7056227,1
645561435,645561188,0.7183349,-0.01433459,0.026678175,0.69503796,0.7085878,5.3527116e-10,-1.791907e-10,0.7056227,1
645566447,645566187,0.71831775,-0.0142697,0.026638772,0.6950586,0.7085878,5.3527116e-10,-1.791907e-10,0.7056227,1
645571470,645571211,0.7183176,-0.014173146,0.02662824,0.6950611,0.7085878,5.3527116e-10,-1.791907e-10,0.7056227,1
645576433,645576187,0.71835023,-0.014104603,0.026584992,0.69503045,0.7085878,5.3527116e-10,-1.791907e-10,0.7056227,1
645581445,645581190,0.7183207,-0.014055078,0.026511032,0.6950648,0.7085878,5.3527116e-10,-1.791907e-10,0.7056227,1
645586461,645586210,0.7182884,-0.013978914,0.026449127,0.695102,0.7085878,5.3527116e-10,-1.791907e-10,0.7056227,1
645591438,645591188,0.7183001,-0.013923752,0.026423924,0.6950921,0.7085878,5.3527116e-10,-1.791907e-10,0.7056227,1
645596455,645596188,0.71831065,-0.013891816,0.026374446,0.69508374,0.7085878,5.3527116e-10,-1.791907e-10,0.7056227,1
645601469,645601211,0.71827495,-0.013861028,0.026263021,0.6951254,0.7085878,5.3527116e-10,-1.791907e-10,0.7056227,1
645606455,645606188,0.7182416,-0.013806005,0.026154751,0.69516504,0.7085878,5.3527116e-10,-1.791907e-10,0.7056227,1
645611438,645611188,0.7182468,-0.013757144,0.026111674,0.69516224,0.7085878,5.3527116e-10,-1.791907e-10,0.7056227,1
645616462,645616210,0.71825165,-0.013750193,0.026089642,0.6951581,0.7085878,5.3527116e-10,-1.791907e-10,0.7056227,1
645621443,645621188,0.71824163,-0.013719383,0.025986107,0.695173,0.7085878,5.3527116e-10,-1.791907e-10,0.7056227,1
645626432,645626188,0.71818864,-0.013707003,0.025870455,0.69523233,0.7085878,5.3527116e-10,-1.791907e-10,0.7056227,1
645631466,645631211,0.71819055,-0.013655245,0.025844052,0.69523233,0.7085878,5.3527116e-10,-1.791907e-10,0.7056227,1
645636442,645636188,0.71819186,-0.013620648,0.025843933,0.6952317,0.7085878,5.3527116e-10,-1.791907e-10,0.7056227,1
645641439,645641188,0.7181742,-0.013574169,0.025796698,0.69525254,0.7085878,5.3527116e-10,-1.791907e-10,0.7056227,1
645646466,645646210,0.7181345,-0.013562104,0.025700359,0.69529736,0.7085878,5.3527116e-10,-1.791907e-10,0.7056227,1
645651442,645651188,0.7181064,-0.01350496,0.025652118,0.6953293,0.7085878,5.3527116e-10,-1.791907e-10,0.7056227,1
645656441,645656188,0.7181231,-0.013439725,0.025617797,0.6953146,0.7085878,5.3527116e-10,-1.791907e-10,0.7056227,1
645661456,645661211,0.71808225,-0.013390517,0.025620809,0.6953577,0.7085878,5.3527116e-10,-1.791907e-10,0.7056227,1
645666448,645666187,0.71803653,-0.0134368995,0.025541876,0.6954069,0.7085878,5.3527116e-10,-1.791907e-10,0.7056227,1
645671449,645671187,0.71799654,-0.013449393,0.02547426,0.69545037,0.7085878,5.3527116e-10,-1.791907e-10,0.7056227,1
645676452,645676210,0.71796393,-0.013414086,0.025369681,0.6954886,0.7085878,5.3527116e-10,-1.791907e-10,0.7056227,1
645681447,645681188,0.7179272,-0.013429099,0.025301842,0.6955287,0.7085878,5.3527116e-10,-1.791907e-10,0.7056227,1
645686450,645686188,0.71788365,-0.013457249,0.025270846,0.69557416,0.7085878,5.3527116e-10,-1.791907e-10,0.7056227,1
645691469,645691211,0.71785223,-0.01352697,0.025160028,0.6956092,0.7085878,5.3527116e-10,-1.791907e-10,0.7056227,1
645696441,645696188,0.7178068,-0.013568642,0.025016824,0.6956605,0.7085878,5.3527116e-10,-1.791907e-10,0.7056227,1
645701451,645701188,0.71776575,-0.01355713,0.024924384,0.6957064,0.7085878,5.3527116e-10,-1.791907e-10,0.7056227,1
645706493,645706211,0.7177255,-0.01361954,0.02488451,0.6957481,0.7085878,5.3527116e-10,-1.791907e-10,0.7056227,1
645711434,645711188,0.71768403,-0.013688307,0.024813972,0.69579214,0.7085878,5.3527116e-10,-1.791907e-10,0.7056227,1
645716441,645716188,0.7176315,-0.013729658,0.024684303,0.6958501,0.7085878,5.3527116e-10,-1.791907e-10,0.7056227,1
645721469,645721211,0.7175866,-0.013723016,0.024585135,0.6959,0.7085878,5.3527116e-10,-1.791907e-10,0.7056227,1
645726434,645726188,0.71753865,-0.013719274,0.024587102,0.69594944,0.7085878,5.3527116e-10,-1.791907e-10,0.7056227,1
645731447,645731188,0.7174771,-0.013747596,0.024597611,0.6960119,0.7085878,5.3527116e-10,-1.791907e-10,0.7056227,1
645736467,645736210,0.7174314,-0.013795647,0.024565617,0.6960592,0.7085878,5.3527116e-10,-1.791907e-10,0.7056227,1
645741434,645741188,0.71735054,-0.013816874,0.024572356,0.69614196,0.7085878,5.3527116e-10,-1.791907e-10,0.7056227,1
645746441,645746188,0.7172958,-0.013786966,0.024583653,0.6961985,0.7085878,5.3527116e-10,-1.791907e-10,0.7056227,1
645751465,645751211,0.71724683,-0.013820228,0.024636026,0.6962465,0.7085878,5.3527116e-10,-1.791907e-10,0.7056227,1
645756441,645756188,0.7171721,-0.013832472,0.024744987,0.6963194,0.7085878,5.3527116e-10,-1.791907e-10,0.7056227,1
645761449,645761188,0.7171071,-0.013825044,0.024830757,0.6963833,0.7085878,5.3527116e-10,-1.791907e-10,0.7056227,1
645766467,645766210,0.7170197,-0.01380981,0.02492529,0.6964703,0.7085878,5.3527116e-10,-1.791907e-10,0.7056227,1
645771442,645771188,0.71695155,-0.013789319,0.025060117,0.69653606,0.7085878,5.3527116e-10,-1.791907e-10,0.7056227,1
645776440,645776187,0.7168702,-0.013750266,0.025255727,0.69661343,0.7085878,5.3527116e-10,-1.791907e-10,0.7056227,1
645781462,645781211,0.7167918,-0.013712068,0.025438376,0.69668823,0.7085878,5.3527116e-10,-1.791907e-10,0.7056227,1
645786445,645786188,0.7167154,-0.0136677595,0.025637014,0.69676036,0.7085878,5.3527116e-10,-1.791907e-10,0.7056227,1
645791438,645791188,0.7166215,-0.0135968,0.02582337,0.69685143,0.7085878,5.3527116e-10,-1.791907e-10,0.7056227,1
645796465,645796209,0.71651393,-0.013533749,0.026037222,0.6969553,0.7085878,5.3527116e-10,-1.791907e-10,0.7056227,1
645801444,645801188,0.71638584,-0.01343255,0.02640015,0.6970753,0.7085878,5.3527116e-10,-1.791907e-10,0.7056227,1
645806462,645806188,0.7162152,-0.013317574,0.026753137,0.69723934,0.7085878,5.3527116e-10,-1.791907e-10,0.7056227,1
645811467,645811210,0.71594787,-0.013230755,0.02727897,0.6974951,0.7085878,5.3527116e-10,-1.791907e-10,0.7056227,1
645816448,645816188,0.71558267,-0.013097183,0.02801128,0.6978433,0.7085878,5.3527116e-10,-1.791907e-10,0.7056227,1
645821446,645821188,0.7151803,-0.012927347,0.028800039,0.69822675,0.7085878,5.3527116e-10,-1.791907e-10,0.7056227,1
645826453,645826210,0.7147353,-0.012688788,0.030142887,0.69863,0.7085878,5.3527116e-10,-1.791907e-10,0.7056227,1
645831443,645831188,0.7141631,-0.0124365445,0.03169151,0.6991509,0.7085878,5.3527116e-10,-1.791907e-10,0.7056227,1
645836439,645836188,0.7135796,-0.012154734,0.033630833,0.6996609,0.7085878,5.3527116e-10,-1.791907e-10,0.7056227,1
645841466,645841210,0.71292114,-0.01181511,0.03605308,0.7002172,0.7085878,5.3527116e-10,-1.791907e-10,0.7056227,1
645846442,645846188,0.7122087,-0.0113738,0.038972326,0.70079285,0.7085878,5.3527116e-10,-1.791907e-10,0.7056227,1
645851448,645851188,0.71139604,-0.0107958345,0.042332582,0.7014322,0.7085878,5.3527116e-10,-1.791907e-10,0.7056227,1
645856467,645856210,0.7104908,-0.01017279,0.046282932,0.70210916,0.7085878,5.3527116e-10,-1.791907e-10,0.7056227,1
645861435,645861188,0.70950216,-0.009449386,0.050664093,0.70281625,0.7085878,5.3527116e-10,-1.791907e-10,0.7056227,1
645866441,645866188,0.7084466,-0.008583248,0.05553089,0.7035241,0.7085878,5.3527116e-10,-1.791907e-10,0.7056227,1
645871467,645871211,0.70727944,-0.0076144803,0.061003737,0.70425594,0.7085878,5.3527116e-10,-1.791907e-10,0.7056227,1
645876434,645876188,0.7059853,-0.006562785,0.06692217,0.7050271,0.7085878,5.3527116e-10,-1.791907e-10,0.7056227,1
645881471,645881188,0.704626,-0.005338755,0.07334565,0.7057579,0.7085878,5.3527116e-10,-1.791907e-10,0.7056227,1
645886466,645886210,0.7031918,-0.0039899633,0.08023587,0.7064472,0.7085878,5.3527116e-10,-1.791907e-10,0.7056227,1
645891435,645891188,0.70169187,-0.002574913,0.08750745,0.7070816,0.7085878,5.3527116e-10,-1.791907e-10,0.7056227,1
645896449,645896187,0.70005286,-0.0009845892,0.09517192,0.70771986,0.7085878,5.3527116e-10,-1.791907e-10,0.7056227,1
645901467,645901211,0.6983024,0.00067542726,0.10327467,0.7083133,0.7085878,5.3527116e-10,-1.791907e-10,0.7056227,1
645906455,645906188,0.696416,0.0024176282,0.11157681,0.7089073,0.7085878,5.3527116e-10,-1.791907e-10,0.7056227,1
645911437,645911188,0.694382,0.0042488305,0.120084256,0.7095036,0.7085878,5.3527116e-10,-1.791907e-10,0.7056227,1
645916462,645916210,0.6922282,0.006149874,0.12892698,0.7100424,0.7085878,5.3527116e-10,-1.791907e-10,0.7056227,1
645921443,645921188,0.6899514,0.008196859,0.13780089,0.71057075,0.7085878,5.3527116e-10,-1.791907e-10,0.7056227,1
645926437,645926188,0.6875792,0.010149352,0.1468463,0.7110331,0.7085878,5.3527116e-10,-1.791907e-10,0.7056227,1
645931471,645931211,0.6850566,0.012303477,0.15607679,0.71146756,0.7085878,5.3527116e-10,-1.791907e-10,0.7056227,1
645936441,645936188,0.6824607,0.014483778,0.16525598,0.7118484,0.7085878,5.3527116e-10,-1.791907e-10,0.7056227,1
645941439,645941188,0.6797594,0.01670032,0.17458332,0.712158,0.7085878,5.3527116e-10,-1.791907e-10,0.7056227,1
645946465,645946210,0.67691505,0.019120052,0.18403633,0.7124263,0.7085878,5.3527116e-10,-1.791907e-10,0.7056227,1
645951444,645951188,0.67402446,0.021571899,0.193396,0.7126176,0.7085878,5.3527116e-10,-1.791907e-10,0.7056227,1
645956434,645956188,0.6710312,0.024190677,0.20294559,0.7127027,0.7085878,5.3527116e-10,-1.791907e-10,0.7056227,1
645961459,645961211,0.667918,0.026986655,0.21254778,0.71272767,0.7085878,5.3527116e-10,-1.791907e-10,0.7056227,1
645966446,645966188,0.6647626,0.029811032,0.22212455,0.7126449,0.7085878,5.3527116e-10,-1.791907e-10,0.7056227,1
645971449,645971188,0.66149193,0.032886777,0.23180649,0.7124694,0.7085878,5.3527116e-10,-1.791907e-10,0.7056227,1
645976461,645976210,0.65814096,0.036145046,0.241549,0.71217847,0.7085878,5.3527116e-10,-1.791907e-10,0.7056227,1
645981443,645981188,0.65472525,0.039504927,0.25128716,0.7117788,0.7085878,5.3527116e-10,-1.791907e-10,0.7056227,1
645986448,645986188,0.6512107,0.04314978,0.26106605,0.71127164,0.7085878,5.3527116e-10,-1.791907e-10,0.7056227,1
645991464,645991211,0.6476533,0.046965938,0.27093676,0.7105862,0.7085878,5.3527116e-10,-1.791907e-10,0.7056227,1
645996442,645996188,0.6440163,0.051003333,0.28077275,0.7097946,0.7085878,5.3527116e-10,-1.791907e-10,0.7056227,1
646001457,646001189,0.6402996,0.055273287,0.29065225,0.7088601,0.7085878,5.3527116e-10,-1.791907e-10,0.7056227,1
646006494,646006210,0.636514,0.059772234,0.30062994,0.7077421,0.7085878,5.3527116e-10,-1.791907e-10,0.7056227,1
646011448,646011187,0.6326845,0.06448293,0.31056002,0.7064735,0.7085878,5.3527116e-10,-1.791907e-10,0.7056227,1
646016442,646016188,0.6287845,0.06942895,0.32052204,0.70503575,0.7085878,5.3527116e-10,-1.791907e-10,0.7056227,1
646021467,646021211,0.6247804,0.074672654,0.33057868,0.703414,0.7085878,5.3527116e-10,-1.791907e-10,0.7056227,1
646026434,646026188,0.62074864,0.080072366,0.3405496,0.7016307,0.7085878,5.3527116e-10,-1.791907e-10,0.7056227,1
646031450,646031188,0.6166434,0.0857764,0.35055804,0.6996445,0.7085878,5.3527116e-10,-1.791907e-10,0.7056227,1
646036470,646036210,0.612414,0.091735065,0.3606468,0.69747233,0.7085878,5.3527116e-10,-1.791907e-10,0.7056227,1
646041435,646041188,0.608168,0.09786052,0.37066138,0.69510084,0.7085878,5.3527116e-10,-1.791907e-10,0.7056227,1
646046442,646046188,0.60381657,0.10429584,0.3806887,0.6925345,0.7085878,5.3527116e-10,-1.791907e-10,0.7056227,1
646051468,646051211,0.59933466,0.110988006,0.39076284,0.6897711,0.7085878,5.3527116e-10,-1.791907e-10,0.7056227,1
646056453,646056188,0.59483796,0.117806286,0.4007502,0.68679607,0.7085878,5.3527116e-10,-1.791907e-10,0.7056227,1
646061445,646061188,0.5902297,0.12492955,0.41072991,0.68360996,0.7085878,5.3527116e-10,-1.791907e-10,0.7056227,1
646066462,646066210,0.5855077,0.13228671,0.42078075,0.6801651,0.7085878,5.3527116e-10,-1.791907e-10,0.7056227,1
646071445,646071188,0.58075845,0.13976695,0.43069017,0.6765286,0.7085878,5.3527116e-10,-1.791907e-10,0.7056227,1
646076440,646076187,0.57588005,0.14750767,0.44060814,0.6726576,0.7085878,5.3527116e-10,-1.791907e-10,0.7056227,1
646081471,646081211,0.5708961,0.15543674,0.4505424,0.66852725,0.7085878,5.3527116e-10,-1.791907e-10,0.7056227,1
646086443,646086188,0.5658638,0.1634689,0.46033794,0.66420263,0.7085878,5.3527116e-10,-1.791907e-10,0.7056227,1
646091444,646091188,0.56073236,0.17173994,0.4701077,0.65960854,0.7085878,5.3527116e-10,-1.791907e-10,0.7056227,1
646096462,646096210,0.5554591,0.18017471,0.47987226,0.65477085,0.7085878,5.3527116e-10,-1.791907e-10,0.7056227,1
646101444,646101188,0.55011994,0.18868658,0.4894996,0.649735,0.7085878,5.3527116e-10,-1.791907e-10,0.7056227,1
646106449,646106188,0.5446745,0.1973676,0.49905112,0.64445615,0.7085878,5.3527116e-10,-1.791907e-10,0.7056227,1
646111458,646111211,0.53906333,0.20616722,0.50860715,0.63892466,0.7085878,5.3527116e-10,-1.791907e-10,0.7056227,1
646116446,646116188,0.533401,0.21498035,0.5179619,0.63323164,0.7085878,5.3527116e-10,-1.791907e-10,0.7056227,1
646121449,646121188,0.5276281,0.22393164,0.52725035,0.6272722,0.7085878,5.3527116e-10,-1.791907e-10,0.7056227,1
646126469,646126210,0.52166253,0.23296487,0.5364891,0.621108,0.7085878,5.3527116e-10,-1.791907e-10,0.7056227,1
646131443,646131188,0.5156573,0.24196833,0.54552716,0.61477566,0.7085878,5.3527116e-10,-1.791907e-10,0.7056227,1
646136442,646136187,0.50951195,0.25106004,0.5544742,0.6082145,0.7085878,5.3527116e-10,-1.791907e-10,0.7056227,1
646141497,646141212,0.5031933,0.26017848,0.5633693,0.6014306,0.7085878,5.3527116e-10,-1.791907e-10,0.7056227,1
646146462,646146188,0.4968193,0.26922506,0.5720157,0.59454733,0.7085878,5.3527116e-10,-1.791907e-10,0.7056227,1
646151446,646151190,0.49026158,0.27832624,0.580598,0.5874386,0.7085878,5.3527116e-10,-1.791907e-10,0.7056227,1
646156471,646156210,0.4834511,0.28789207,0.5888713,0.580193,0.7085878,5.3527116e-10,-1.791907e-10,0.7056227,1
646161452,646161188,0.47658008,0.30041596,0.5958967,0.57230145,0.7085878,5.3527116e-10,-1.791907e-10,0.7056227,1
646166456,646166188,0.46551687,0.309246,0.60434836,0.56782395,0.7085878,5.3527116e-10,-1.791907e-10,0.7056227,1
646171498,646171211,0.44681123,0.32398182,0.6160878,0.5619888,0.7085878,5.3527116e-10,-1.791907e-10,0.7056227,1
646176441,646176187,0.43200728,0.33692324,0.6276867,0.5530479,0.7085878,5.3527116e-10,-1.791907e-10,0.7056227,1
646181452,646181188,0.4198727,0.34943756,0.63767517,0.54311216,0.7085878,5.3527116e-10,-1.791907e-10,0.7056227,1
646186473,646186210,0.4113196,0.36094752,0.64540434,0.5329038,0.7085878,5.3527116e-10,-1.791907e-10,0.7056227,1
646191445,646191188,0.40371618,0.370425,0.6520502,0.52405083,0.7085878,5.3527116e-10,-1.791907e-10,0.7056227,1
646196449,646196188,0.3995246,0.37885755,0.6564849,0.5156304,0.7085878,5.3527116e-10,-1.791907e-10,0.7056227,1
646201468,646201211,0.3975852,0.38724822,0.6583017,0.5085309,0.7085878,5.3527116e-10,-1.791907e-10,0.7056227,1
646206451,646206188,0.39666995,0.3957659,0.6592855,0.5013633,0.7085878,5.3527116e-10,-1.791907e-10,0.7056227,1
646211454,646211188,0.3957425,0.40401,0.6598986,0.4946694,0.7085878,5.3527116e-10,-1.791907e-10,0.7056227,1
646216471,646216210,0.3936917,0.4116316,0.66123605,0.48819378,0.7085878,5.3527116e-10,-1.791907e-10,0.7056227,1
646221444,646221188,0.3917052,0.42092642,0.6623259,0.48032528,0.7085878,5.3527116e-10,-1.791907e-10,0.7056227,1
646226436,646226188,0.3873154,0.43053216,0.66449845,0.47230363,0.7085878,5.3527116e-10,-1.791907e-10,0.7056227,1
646231469,646231211,0.3815017,0.43933788,0.6676328,0.4644407,0.7085878,5.3527116e-10,-1.791907e-10,0.7056227,1
646236441,646236188,0.37442476,0.44933307,0.67123973,0.45534962,0.7085878,5.3527116e-10,-1.791907e-10,0.7056227,1
646241437,646241188,0.36684853,0.45857087,0.67493236,0.44676754,0.7085878,5.3527116e-10,-1.791907e-10,0.7056227,1
646246463,646246210,0.358898,0.46762002,0.6788767,0.4377788,0.7085878,5.3527116e-10,-1.791907e-10,0.7056227,1
646251449,646251188,0.3500684,0.47659183,0.68334466,0.42819685,0.7085878,5.3527116e-10,-1.791907e-10,0.7056227,1
646256441,646256188,0.34042305,0.4855192,0.6879296,0.4184928,0.7085878,5.3527116e-10,-1.791907e-10,0.7056227,1
646261473,646261211,0.33029613,0.4942553,0.6920214,0.40953955,0.7085878,5.3527116e-10,-1.791907e-10,0.7056227,1
646266441,646266188,0.31931317,0.5031304,0.69591355,0.4007533,0.7085878,5.3527116e-10,-1.791907e-10,0.7056227,1
646271451,646271188,0.30763942,0.51208246,0.69990844,0.3914817,0.7085878,5.3527116e-10,-1.791907e-10,0.7056227,1
646276456,646276210,0.29524633,0.5210868,0.7033369,0.38290384,0.7085878,5.3527116e-10,-1.791907e-10,0.7056227,1
646281444,646281188,0.28221413,0.5300146,0.7067037,0.3741787,0.7085878,5.3527116e-10,-1.791907e-10,0.7056227,1
646286443,646286188,0.268878,0.53947526,0.7096142,0.3648545,0.7085878,5.3527116e-10,-1.791907e-10,0.7056227,1
646291464,646291210,0.2550815,0.54943234,0.71215546,0.35481286,0.7085878,5.3527116e-10,-1.791907e-10,0.7056227,1
646296441,646296188,0.24284412,0.55888045,0.71418726,0.34440684,0.7085878,5.3527116e-10,-1.791907e-10,0.7056227,1
646301461,646301193,0.23055863,0.56754506,0.71654224,0.33362058,0.7085878,5.3527116e-10,-1.791907e-10,0.7056227,1
646306495,646306210,0.21860044,0.5752809,0.7193447,0.32219413,0.7085878,5.3527116e-10,-1.791907e-10,0.7056227,1
646311445,646311188,0.20749833,0.58224875,0.7220665,0.31072628,0.7085878,5.3527116e-10,-1.791907e-10,0.7056227,1
646316464,646316187,0.19652489,0.58868045,0.7250953,0.29844645,0.7085878,5.3527116e-10,-1.791907e-10,0.7056227,1
646321467,646321211,0.18566202,0.5947094,0.72827125,0.28543207,0.7085878,5.3527116e-10,-1.791907e-10,0.7056227,1
646326435,646326188,0.1745063,0.60033906,0.7314514,0.27224892,0.7085878,5.3527116e-10,-1.791907e-10,0.7056227,1
646331454,646331188,0.16294254,0.6056107,0.73468465,0.25869653,0.7085878,5.3527116e-10,-1.791907e-10,0.7056227,1
646336470,646336210,0.15104151,0.6107812,0.737612,0.24507421,0.7085878,5.3527116e-10,-1.791907e-10,0.7056227,1
646341436,646341188,0.1392679,0.6159176,0.7400642,0.23141955,0.7085878,5.3527116e-10,-1.791907e-10,0.7056227,1
646346442,646346188,0.12726021,0.62114036,0.7420607,0.21756712,0.7085878,5.3527116e-10,-1.791907e-10,0.7056227,1
646351466,646351211,0.114472754,0.6263908,0.74367535,0.2036605,0.7085878,5.3527116e-10,-1.791907e-10,0.7056227,1
646356434,646356188,0.101405494,0.6314369,0.7449765,0.18977495,0.7085878,5.3527116e-10,-1.791907e-10,0.7056227,1
646361459,646361188,0.08816619,0.6365296,0.7457314,0.17590189,0.7085878,5.3527116e-10,-1.791907e-10,0.7056227,1
646366466,646366210,0.07478063,0.6414628,0.7460958,0.16209398,0.7085878,5.3527116e-10,-1.791907e-10,0.7056227,1
646371445,646371188,0.061589252,0.64606804,0.7461322,0.1486259,0.7085878,5.3527116e-10,-1.791907e-10,0.7056227,1
646376440,646376188,0.048522443,0.6503885,0.7458509,0.13545084,0.7085878,5.3527116e-10,-1.791907e-10,0.7056227,1
646381471,646381211,0.035899904,0.6543248,0.7453431,0.12261324,0.7085878,5.3527116e-10,-1.791907e-10,0.7056227,1
646386442,646386188,0.0240939,0.6578231,0.74464196,0.11043897,0.7085878,5.3527116e-10,-1.791907e-10,0.7056227,1
646391450,646391188,0.013047362,0.6608009,0.7439232,0.09874402,0.7085878,5.3527116e-10,-1.791907e-10,0.7056227,1
646396469,646396210,0.0026043747,0.66327554,0.7432402,0.087481216,0.7085878,5.3527116e-10,-1.791907e-10,0.7056227,1
646401449,646401187,-0.0075254305,0.6653428,0.7425686,0.07651339,0.7085878,5.3527116e-10,-1.791907e-10,0.7056227,1
646406449,646406188,-0.017756639,0.6673396,0.7416976,0.0650174,0.7085878,5.3527116e-10,-1.791907e-10,0.7056227,1
646411472,646411211,-0.028738044,0.66918176,0.7406707,0.052696053,0.7085878,5.3527116e-10,-1.791907e-10,0.7056227,1
646416441,646416188,-0.040738843,0.67114425,0.73916024,0.03934393,0.7085878,5.3527116e-10,-1.791907e-10,0.7056227,1
646421449,646421188,-0.053940058,0.6733801,0.7368893,0.025377829,0.7085878,5.3527116e-10,-1.791907e-10,0.7056227,1
646426465,646426212,-0.067647815,0.675519,0.73414034,0.011660433,0.7085878,5.3527116e-10,-1.791907e-10,0.7056227,1
646431443,646431188,-0.08049807,0.6775856,0.7310222,-0.002128942,0.7085878,5.3527116e-10,-1.791907e-10,0.7056227,1
646436439,646436187,-0.09191576,0.67969334,0.72755325,-0.015320961,0.7085878,5.3527116e-10,-1.791907e-10,0.7056227,1
646441456,646441210,-0.10168817,0.68190265,0.7237929,-0.028144674,0.7085878,5.3527116e-10,-1.791907e-10,0.7056227,1
646446459,646446188,-0.11028255,0.6843128,0.719711,-0.039620824,0.7085878,5.3527116e-10,-1.791907e-10,0.7056227,1
646451445,646451187,-0.11785176,0.68670547,0.7155931,-0.049730573,0.7085878,5.3527116e-10,-1.791907e-10,0.7056227,1
646456464,646456210,-0.12436458,0.68903524,0.7115291,-0.059078697,0.7085878,5.3527116e-10,-1.791907e-10,0.7056227,1
646461455,646461188,-0.13100445,0.6910068,0.70757675,-0.06842946,0.7085878,5.3527116e-10,-1.791907e-10,0.7056227,1
646466439,646466187,-0.1384914,0.6928566,0.7033354,-0.078033924,0.7085878,5.3527116e-10,-1.791907e-10,0.7056227,1
646471465,646471210,-0.14712326,0.6947757,0.6985971,-0.08719914,0.7085878,5.3527116e-10,-1.791907e-10,0.7056227,1
646476440,646476188,-0.15606345,0.696683,0.69358647,-0.09599469,0.7085878,5.3527116e-10,-1.791907e-10,0.7056227,1
646481439,646481187,-0.16467783,0.69855136,0.688549,-0.10395958,0.7085878,5.3527116e-10,-1.791907e-10,0.7056227,1
646486465,646486210,-0.17310348,0.7003343,0.68348914,-0.111399256,0.7085878,5.3527116e-10,-1.791907e-10,0.7056227,1
646491436,646491189,-0.18079054,0.70217645,0.6784029,-0.118458785,0.7085878,5.3527116e-10,-1.791907e-10,0.7056227,1
646496444,646496187,-0.1874786,0.70424646,0.6732269,-0.12511726,0.7085878,5.3527116e-10,-1.791907e-10,0.7056227,1
646501493,646501210,-0.19341743,0.70621884,0.6682145,-0.13165902,0.7085878,5.3527116e-10,-1.791907e-10,0.7056227,1
646506447,646506188,-0.19891672,0.70797163,0.6634923,-0.13779056,0.7085878,5.3527116e-10,-1.791907e-10,0.7056227,1
646511444,646511187,-0.20464194,0.70948887,0.658828,-0.14385015,0.7085878,5.3527116e-10,-1.791907e-10,0.7056227,1
646516464,646516210,-0.21074124,0.71063673,0.65417886,-0.15044463,0.7085878,5.3527116e-10,-1.791907e-10,0.7056227,1
646521434,646521188,-0.2172323,0.71148324,0.649496,-0.15734273,0.7085878,5.3527116e-10,-1.791907e-10,0.7056227,1
646526428,646526186,-0.22330905,0.7121119,0.6450982,-0.16394562,0.7085878,5.3527116e-10,-1.791907e-10,0.7056227,1
646531470,646531211,-0.22858308,0.7127993,0.64088356,-0.17010358,0.7085878,5.3527116e-10,-1.791907e-10,0.7056227,1
646536447,646536188,-0.23296987,0.7134431,0.6367574,-0.17681682,0.7085878,5.3527116e-10,-1.791907e-10,0.7056227,1
646541432,646541187,-0.23785454,0.71341544,0.6326432,-0.18500327,0.7085878,5.3527116e-10,-1.791907e-10,0.7056227,1
646546463,646546210,-0.24310087,0.71266526,0.6288139,-0.19391567,0.7085878,5.3527116e-10,-1.791907e-10,0.7056227,1
646551443,646551188,-0.24801947,0.7117037,0.62514615,-0.20287073,0.7085878,5.3527116e-10,-1.791907e-10,0.7056227,1
646556431,646556187,-0.25203025,0.71084225,0.62128377,-0.21258058,0.7085878,5.3527116e-10,-1.791907e-10,0.7056227,1
646561465,646561210,-0.25584677,0.7098446,0.6174074,-0.22242118,0.7085878,5.3527116e-10,-1.791907e-10,0.7056227,1
646566443,646566188,-0.25973433,0.7086559,0.6135403,-0.23219223,0.7085878,5.3527116e-10,-1.791907e-10,0.7056227,1
646571430,646571186,-0.26384956,0.7075334,0.6095985,-0.24118397,0.7085878,5.3527116e-10,-1.791907e-10,0.7056227,1
646576469,646576210,-0.26788375,0.70690984,0.6053878,-0.24904294,0.7085878,5.3527116e-10,-1.791907e-10,0.7056227,1
646581447,646581188,-0.27173615,0.70694065,0.60092604,-0.25550416,0.7085878,5.3527116e-10,-1.791907e-10,0.7056227,1
646586447,646586187,-0.27576745,0.7070902,0.5964413,-0.2612154,0.7085878,5.3527116e-10,-1.791907e-10,0.7056227,1
646591460,646591210,-0.2802081,0.70712954,0.5920185,-0.26639342,0.7085878,5.3527116e-10,-1.791907e-10,0.7056227,1
646596447,646596188,-0.28518128,0.7070287,0.58755857,-0.27121398,0.7085878,5.3527116e-10,-1.791907e-10,0.7056227,1
646601439,646601186,-0.29090503,0.7068734,0.58283705,-0.2756905,0.7085878,5.3527116e-10,-1.791907e-10,0.7056227,1
646606500,646606210,-0.29698613,0.7065552,0.5782207,-0.27971378,0.7085878,5.3527116e-10,-1.791907e-10,0.7056227,1
646611441,646611188,-0.30298248,0.7060365,0.5740321,-0.2831982,0.7085878,5.3527116e-10,-1.791907e-10,0.7056227,1
646616440,646616187,-0.3090452,0.70516586,0.5703902,-0.28615963,0.7085878,5.3527116e-10,-1.791907e-10,0.7056227,1
646621467,646621210,-0.31500596,0.70418143,0.5671862,-0.28844374,0.7085878,5.3527116e-10,-1.791907e-10,0.7056227,1
646626446,646626188,-0.3203352,0.702985,0.5647898,-0.29018953,0.7085878,5.3527116e-10,-1.791907e-10,0.7056227,1
646631437,646631187,-0.32467577,0.70162356,0.5633919,-0.29137525,0.7085878,5.3527116e-10,-1.791907e-10,0.7056227,1
646636464,646636210,-0.32780308,0.7000204,0.563121,-0.29225233,0.7085878,5.3527116e-10,-1.791907e-10,0.7056227,1
646641443,646641188,-0.32963762,0.69838613,0.5639056,-0.29258582,0.7085878,5.3527116e-10,-1.791907e-10,0.7056227,1
646646441,646646187,-0.33059242,0.6965267,0.56577545,-0.29233095,0.7085878,5.3527116e-10,-1.791907e-10,0.7056227,1
646651465,646651211,-0.33141676,0.69432765,0.5684516,-0.29143602,0.7085878,5.3527116e-10,-1.791907e-10,0.7056227,1
646656434,646656188,-0.3324107,0.6920501,0.5714611,-0.28983107,0.7085878,5.3527116e-10,-1.791907e-10,0.7056227,1
646661442,646661187,-0.3336108,0.6897717,0.57466173,-0.28754613,0.7085878,5.3527116e-10,-1.791907e-10,0.7056227,1
646666467,646666211,-0.33480632,0.6876221,0.57789445,-0.28481326,0.7085878,5.3527116e-10,-1.791907e-10,0.7056227,1
646671441,646671188,-0.33553,0.6856977,0.58104956,-0.2821698,0.7085878,5.3527116e-10,-1.791907e-10,0.7056227,1
646676445,646676187,-0.33554935,0.6840446,0.58424896,-0.27954036,0.7085878,5.3527116e-10,-1.791907e-10,0.7056227,1
646681470,646681211,-0.33454365,0.6829602,0.587314,-0.27696255,0.7085878,5.3527116e-10,-1.791907e-10,0.7056227,1
646686443,646686188,-0.33257762,0.6825204,0.59010375,-0.2744735,0.7085878,5.3527116e-10,-1.791907e-10,0.7056227,1
646691430,646691187,-0.32993785,0.68274975,0.5923985,-0.27213565,0.7085878,5.3527116e-10,-1.791907e-10,0.7056227,1
646696465,646696210,-0.32689384,0.6836746,0.59403884,-0.26990256,0.7085878,5.3527116e-10,-1.791907e-10,0.7056227,1
646701444,646701188,-0.32379064,0.68501693,0.5952979,-0.2674546,0.7085878,5.3527116e-10,-1.791907e-10,0.7056227,1
646706447,646706187,-0.32061958,0.6866856,0.5963208,-0.26470268,0.7085878,5.3527116e-10,-1.791907e-10,0.7056227,1
646711495,646711211,-0.3170758,0.68862885,0.5971897,-0.26194993,0.7085878,5.3527116e-10,-1.791907e-10,0.7056227,1
646716439,646716188,-0.31349343,0.69079524,0.59778726,-0.25917992,0.7085878,5.3527116e-10,-1.791907e-10,0.7056227,1
646721429,646721187,-0.3095236,0.693256,0.5981675,-0.25648978,0.7085878,5.3527116e-10,-1.791907e-10,0.7056227,1
646726467,646726211,-0.30531642,0.6958374,0.59833217,-0.2541472,0.7085878,5.3527116e-10,-1.791907e-10,0.7056227,1
646731444,646731188,-0.300932,0.6984343,0.5983643,-0.25217003,0.7085878,5.3527116e-10,-1.791907e-10,0.7056227,1
646736437,646736186,-0.29627886,0.7011177,0.59820724,-0.25060114,0.7085878,5.3527116e-10,-1.791907e-10,0.7056227,1
646741460,646741211,-0.291546,0.7039993,0.59787494,-0.2488607,0.7085878,5.3527116e-10,-1.791907e-10,0.7056227,1
646746448,646746188,-0.28689894,0.7069191,0.5974135,-0.24708645,0.7085878,5.3527116e-10,-1.791907e-10,0.7056227,1
646751451,646751188,-0.28240976,0.709998,0.596701,-0.24514405,0.7085878,5.3527116e-10,-1.791907e-10,0.7056227,1
646756463,646756211,-0.27818868,0.7130435,0.59586227,-0.24316297,0.7085878,5.3527116e-10,-1.791907e-10,0.7056227,1
646761454,646761191,-0.27407625,0.71604323,0.5949776,-0.24117617,0.7085878,5.3527116e-10,-1.791907e-10,0.7056227,1
646766436,646766186,-0.26991528,0.71892494,0.59417766,-0.23926054,0.7085878,5.3527116e-10,-1.791907e-10,0.7056227,1
646771467,646771211,-0.2658341,0.7216982,0.5934535,-0.23726967,0.7085878,5.3527116e-10,-1.791907e-10,0.7056227,1
646776447,646776188,-0.26177466,0.724304,0.59282005,-0.23541911,0.7085878,5.3527116e-10,-1.791907e-10,0.7056227,1
646781441,646781187,-0.2577597,0.7268492,0.59219515,-0.23357074,0.7085878,5.3527116e-10,-1.791907e-10,0.7056227,1
646786465,646786211,-0.25367776,0.72930014,0.5916897,-0.23167282,0.7085878,5.3527116e-10,-1.791907e-10,0.7056227,1
646791438,646791188,-0.2496165,0.73168725,0.59128654,-0.22957739,0.7085878,5.3527116e-10,-1.791907e-10,0.7056227,1
646796440,646796187,-0.2456473,0.7339809,0.59093356,-0.22743607,0.7085878,5.3527116e-10,-1.791907e-10,0.7056227,1
646801470,646801211,-0.24180767,0.7362554,0.5905997,-0.22505361,0.7085878,5.3527116e-10,-1.791907e-10,0.7056227,1
646806449,646806188,-0.23812017,0.7384336,0.59027904,-0.22267778,0.7085878,5.3527116e-10,-1.791907e-10,0.7056227,1
646811439,646811187,-0.23449178,0.7405343,0.5900216,-0.22022045,0.7085878,5.3527116e-10,-1.791907e-10,0.7056227,1
646816493,646816210,-0.23094293,0.7425532,0.58981925,-0.21770044,0.7085878,5.3527116e-10,-1.791907e-10,0.7056227,1
646821437,646821187,-0.2274648,0.74444366,0.58968854,-0.21524628,0.7085878,5.3527116e-10,-1.791907e-10,0.7056227,1
646826437,646826187,-0.22386082,0.7462803,0.58960223,-0.21288812,0.7085878,5.3527116e-10,-1.791907e-10,0.7056227,1
646831467,646831211,-0.22025028,0.7480597,0.58953285,-0.21058853,0.7085878,5.3527116e-10,-1.791907e-10,0.7056227,1
646836447,646836187,-0.21684805,0.74970925,0.58944595,-0.20848645,0.7085878,5.3527116e-10,-1.791907e-10,0.7056227,1
646841436,646841187,-0.21359296,0.7512783,0.5893487,-0.20646383,0.7085878,5.3527116e-10,-1.791907e-10,0.7056227,1
646846470,646846215,-0.21057953,0.7527975,0.58916503,-0.20454085,0.7085878,5.3527116e-10,-1.791907e-10,0.7056227,1
646851443,646851188,-0.2078356,0.75420004,0.58898354,-0.20269482,0.7085878,5.3527116e-10,-1.791907e-10,0.7056227,1
646856432,646856187,-0.20523618,0.7555346,0.5888031,-0.2008896,0.7085878,5.3527116e-10,-1.791907e-10,0.7056227,1
646861474,646861211,-0.20283218,0.7567379,0.58866525,-0.1991987,0.7085878,5.3527116e-10,-1.791907e-10,0.7056227,1
646866441,646866188,-0.20060273,0.7578553,0.5885398,-0.19757295,0.7085878,5.3527116e-10,-1.791907e-10,0.7056227,1
646871432,646871187,-0.19859114,0.75882816,0.5884111,-0.1962492,0.7085878,5.3527116e-10,-1.791907e-10,0.7056227,1
646876465,646876211,-0.19670215,0.75964236,0.5883802,-0.1950915,0.7085878,5.3527116e-10,-1.791907e-10,0.7056227,1
646881443,646881188,-0.19500574,0.76036584,0.588324,-0.19414319,0.7085878,5.3527116e-10,-1.791907e-10,0.7056227,1
646886429,646886187,-0.19354478,0.7609377,0.58828837,-0.1934714,0.7085878,5.3527116e-10,-1.791907e-10,0.7056227,1
646891458,646891211,-0.19230077,0.76145923,0.58824015,-0.19280542,0.7085878,5.3527116e-10,-1.791907e-10,0.7056227,1
646896448,646896188,-0.19125608,0.7619617,0.5880813,-0.19234338,0.7085878,5.3527116e-10,-1.791907e-10,0.7056227,1
646901440,646901186,-0.19045573,0.7623974,0.58791983,-0.19190413,0.7085878,5.3527116e-10,-1.791907e-10,0.7056227,1
646906473,646906211,-0.18976931,0.76284826,0.5876908,-0.19149414,0.7085878,5.3527116e-10,-1.791907e-10,0.7056227,1
646911452,646911188,-0.18919489,0.7632326,0.5874566,-0.19124882,0.7085878,5.3527116e-10,-1.791907e-10,0.7056227,1
646916446,646916187,-0.18871738,0.7635716,0.5872216,-0.19108938,0.7085878,5.3527116e-10,-1.791907e-10,0.7056227,1
646921496,646921211,-0.18837322,0.7638612,0.5869521,-0.19109908,0.7085878,5.3527116e-10,-1.791907e-10,0.7056227,1
646926438,646926188,-0.18807584,0.7640503,0.58676356,-0.19121496,0.7085878,5.3527116e-10,-1.791907e-10,0.7056227,1
646931437,646931186,-0.18781583,0.76421624,0.5865692,-0.19140376,0.7085878,5.3527116e-10,-1.791907e-10,0.7056227,1
646936465,646936211,-0.18768236,0.76431113,0.5864333,-0.19157203,0.7085878,5.3527116e-10,-1.791907e-10,0.7056227,1
646941436,646941188,-0.18756644,0.76438636,0.58632654,-0.19171226,0.7085878,5.3527116e-10,-1.791907e-10,0.7056227,1
646946444,646946187,-0.1876088,0.7644189,0.58624,-0.19180574,0.7085878,5.3527116e-10,-1.791907e-10,0.7056227,1
646951469,646951211,-0.18773955,0.76439965,0.58619,-0.19190724,0.7085878,5.3527116e-10,-1.791907e-10,0.7056227,1
646956434,646956188,-0.18792446,0.7642941,0.58621174,-0.19208047,0.7085878,5.3527116e-10,-1.791907e-10,0.7056227,1
646961440,646961187,-0.18830925,0.76410514,0.58626133,-0.19230384,0.7085878,5.3527116e-10,-1.791907e-10,0.7056227,1
646966464,646966211,-0.18868521,0.7638924,0.5863095,-0.19263291,0.7085878,5.3527116e-10,-1.791907e-10,0.7056227,1
646971439,646971188,-0.18917844,0.76362467,0.5863903,-0.19296503,0.7085878,5.3527116e-10,-1.791907e-10,0.7056227,1
646976443,646976189,-0.18983014,0.76328033,0.586491,-0.19338028,0.7085878,5.3527116e-10,-1.791907e-10,0.7056227,1
646981466,646981211,-0.19049405,0.76293427,0.5865549,-0.19389918,0.7085878,5.3527116e-10,-1.791907e-10,0.7056227,1
646986439,646986188,-0.19144794,0.76252276,0.58656853,-0.19453539,0.7085878,5.3527116e-10,-1.791907e-10,0.7056227,1
646991429,646991187,-0.19251922,0.7621007,0.5865153,-0.1952917,0.7085878,5.3527116e-10,-1.791907e-10,0.7056227,1
646996465,646996211,-0.19367488,0.7616912,0.5864074,-0.19606882,0.7085878,5.3527116e-10,-1.791907e-10,0.7056227,1
647001448,647001188,-0.19502161,0.7612181,0.5862838,-0.19693948,0.7085878,5.3527116e-10,-1.791907e-10,0.7056227,1
647006447,647006187,-0.19645992,0.7607133,0.5860967,-0.19801399,0.7085878,5.3527116e-10,-1.791907e-10,0.7056227,1
647011471,647011211,-0.1981086,0.7601781,0.5858672,-0.19910264,0.7085878,5.3527116e-10,-1.791907e-10,0.7056227,1
647016441,647016188,-0.19977173,0.75958407,0.585632,-0.2003957,0.7085878,5.3527116e-10,-1.791907e-10,0.7056227,1
647021432,647021187,-0.20157255,0.7589401,0.58543676,-0.20159969,0.7085878,5.3527116e-10,-1.791907e-10,0.7056227,1
647026472,647026211,-0.20349526,0.75825226,0.58517426,-0.20301305,0.7085878,5.3527116e-10,-1.791907e-10,0.7056227,1
647031441,647031188,-0.20554374,0.75749165,0.58495694,-0.20441031,0.7085878,5.3527116e-10,-1.791907e-10,0.7056227,1
647036429,647036186,-0.20757982,0.7567065,0.5847708,-0.20578887,0.7085878,5.3527116e-10,-1.791907e-10,0.7056227,1
647041464,647041211,-0.2096569,0.7558675,0.5846046,-0.20723358,0.7085878,5.3527116e-10,-1.791907e-10,0.7056227,1
647046447,647046188,-0.21181546,0.7549985,0.58448744,-0.20853265,0.7085878,5.3527116e-10,-1.791907e-10,0.7056227,1
647051463,647051186,-0.21391945,0.75409895,0.5843861,-0.20991975,0.7085878,5.3527116e-10,-1.791907e-10,0.7056227,1
647056458,647056211,-0.21610263,0.753119,0.5843783,-0.21121873,0.7085878,5.3527116e-10,-1.791907e-10,0.7056227,1
647061453,647061188,-0.21814202,0.7521516,0.5843814,-0.21255706,0.7085878,5.3527116e-10,-1.791907e-10,0.7056227,1
647066440,647066187,-0.22031549,0.75115144,0.5844177,-0.21374902,0.7085878,5.3527116e-10,-1.791907e-10,0.7056227,1
647071466,647071211,-0.22230841,0.7501098,0.58454514,-0.21499114,0.7085878,5.3527116e-10,-1.791907e-10,0.7056227,1
647076447,647076188,-0.22424601,0.7491114,0.5847175,-0.21598902,0.7085878,5.3527116e-10,-1.791907e-10,0.7056227,1
647081450,647081188,-0.22616515,0.74804497,0.5849328,-0.21709834,0.7085878,5.3527116e-10,-1.791907e-10,0.7056227,1
647086470,647086210,-0.22809064,0.7469788,0.5852124,-0.21799947,0.7085878,5.3527116e-10,-1.791907e-10,0.7056227,1
647091443,647091188,-0.22989443,0.74592304,0.5855065,-0.21892811,0.7085878,5.3527116e-10,-1.791907e-10,0.7056227,1
647096438,647096186,-0.23173791,0.7448411,0.5858583,-0.21972558,0.7085878,5.3527116e-10,-1.791907e-10,0.7056227,1
647101464,647101210,-0.23351945,0.7437636,0.58623666,-0.22047894,0.7085878,5.3527116e-10,-1.791907e-10,0.7056227,1
647106448,647106188,-0.23531304,0.7426393,0.5866821,-0.22117609,0.7085878,5.3527116e-10,-1.791907e-10,0.7056227,1
647111441,647111187,-0.23696978,0.7415634,0.58711785,-0.22185995,0.7085878,5.3527116e-10,-1.791907e-10,0.7056227,1
647116466,647116211,-0.23869051,0.7404817,0.5875658,-0.22244175,0.7085878,5.3527116e-10,-1.791907e-10,0.7056227,1
647121440,647121188,-0.2403574,0.73941934,0.58798414,-0.22307408,0.7085878,5.3527116e-10,-1.791907e-10,0.7056227,1
647126444,647126187,-0.24198407,0.73838013,0.588421,-0.22360528,0.7085878,5.3527116e-10,-1.791907e-10,0.7056227,1
647131495,647131211,-0.24359141,0.7373716,0.5887898,-0.22421628,0.7085878,5.3527116e-10,-1.791907e-10,0.7056227,1
647136433,647136188,-0.24527593,0.7363953,0.58908904,-0.22480203,0.7085878,5.3527116e-10,-1.791907e-10,0.7056227,1
647141439,647141187,-0.24683449,0.73548275,0.5893499,-0.22539881,0.7085878,5.3527116e-10,-1.791907e-10,0.7056227,1
647146465,647146211,-0.24840665,0.7346124,0.58955634,-0.22596928,0.7085878,5.3527116e-10,-1.791907e-10,0.7056227,1
647151448,647151188,-0.24979821,0.7338202,0.58970964,-0.22660835,0.7085878,5.3527116e-10,-1.791907e-10,0.7056227,1
647156431,647156187,-0.25127065,0.7330855,0.58979195,-0.22714344,0.7085878,5.3527116e-10,-1.791907e-10,0.7056227,1
647161466,647161211,-0.2525699,0.7323786,0.589833,-0.227875,0.7085878,5.3527116e-10,-1.791907e-10,0.7056227,1
647166447,647166188,-0.2538593,0.7317816,0.5898097,-0.22841994,0.7085878,5.3527116e-10,-1.791907e-10,0.7056227,1
647171434,647171187,-0.25502068,0.7312327,0.58970237,-0.22916032,0.7085878,5.3527116e-10,-1.791907e-10,0.7056227,1
647176465,647176211,-0.25620145,0.7307434,0.5895823,-0.2297122,0.7085878,5.3527116e-10,-1.791907e-10,0.7056227,1
647181502,647181188,-0.25713578,0.73037326,0.5893789,-0.2303665,0.7085878,5.3527116e-10,-1.791907e-10,0.7056227,1
647186430,647186187,-0.2581105,0.7300133,0.58918417,-0.23091455,0.7085878,5.3527116e-10,-1.791907e-10,0.7056227,1
647191468,647191212,-0.25889733,0.7297585,0.5888903,-0.23158778,0.7085878,5.3527116e-10,-1.791907e-10,0.7056227,1
647196444,647196188,-0.25961882,0.7295625,0.58862215,-0.23207907,0.7085878,5.3527116e-10,-1.791907e-10,0.7056227,1
647201439,647201187,-0.2601882,0.729409,0.58833283,-0.23265707,0.7085878,5.3527116e-10,-1.791907e-10,0.7056227,1
647206472,647206211,-0.2606124,0.729346,0.58803505,-0.23313212,0.7085878,5.3527116e-10,-1.791907e-10,0.7056227,1
647211449,647211188,-0.260993,0.7292853,0.5877326,-0.23365808,0.7085878,5.3527116e-10,-1.791907e-10,0.7056227,1
647216445,647216187,-0.26129273,0.72927046,0.58743376,-0.23412044,0.7085878,5.3527116e-10,-1.791907e-10,0.7056227,1
647221458,647221211,-0.2614958,0.72936624,0.5870734,-0.23449892,0.7085878,5.3527116e-10,-1.791907e-10,0.7056227,1
647226441,647226188,-0.26152277,0.72943556,0.5868117,-0.23490791,0.7085878,5.3527116e-10,-1.791907e-10,0.7056227,1
647231440,647231187,-0.2615573,0.72955984,0.58651906,-0.23521385,0.7085878,5.3527116e-10,-1.791907e-10,0.7056227,1
647236471,647236211,-0.26145405,0.7297497,0.58617693,-0.2355924,0.7085878,5.3527116e-10,-1.791907e-10,0.7056227,1
647241447,647241188,-0.2614276,0.7298914,0.5859127,-0.23584019,0.7085878,5.3527116e-10,-1.791907e-10,0.7056227,1
647246441,647246187,-0.26119387,0.73010767,0.58565015,-0.23608175,0.7085878,5.3527116e-10,-1.791907e-10,0.7056227,1
647251466,647251211,-0.260985,0.730304,0.58539957,-0.2363268,0.7085878,5.3527116e-10,-1.791907e-10,0.7056227,1
647256434,647256188,-0.26078546,0.7304889,0.5851926,-0.23648816,0.7085878,5.3527116e-10,-1.791907e-10,0.7056227,1
647261440,647261187,-0.26052934,0.73069805,0.58497435,-0.23666422,0.7085878,5.3527116e-10,-1.791907e-10,0.7056227,1
647266467,647266211,-0.2603051,0.73089385,0.58478534,-0.23677345,0.7085878,5.3527116e-10,-1.791907e-10,0.7056227,1
647271436,647271188,-0.25997195,0.7310862,0.5846737,-0.23682137,0.7085878,5.3527116e-10,-1.791907e-10,0.7056227,1
647276445,647276187,-0.2597044,0.7312617,0.58453965,-0.23690392,0.7085878,5.3527116e-10,-1.791907e-10,0.7056227,1
647281475,647281211,-0.2595084,0.73140436,0.58443445,-0.23693769,0.7085878,5.3527116e-10,-1.791907e-10,0.7056227,1
647286433,647286188,-0.2592491,0.7316056,0.5843317,-0.23685382,0.7085878,5.3527116e-10,-1.791907e-10,0.7056227,1
647291439,647291187,-0.25898138,0.7317205,0.5843085,-0.2368489,0.7085878,5.3527116e-10,-1.791907e-10,0.7056227,1
647296465,647296211,-0.25871423,0.7318629,0.584302,-0.23671679,0.7085878,5.3527116e-10,-1.791907e-10,0.7056227,1
647301453,647301191,-0.2584159,0.7319909,0.5843315,-0.23657429,0.7085878,5.3527116e-10,-1.791907e-10,0.7056227,1
647306447,647306187,-0.25818014,0.7320931,0.58436847,-0.23642404,0.7085878,5.3527116e-10,-1.791907e-10,0.7056227,1
647311510,647311211,-0.25785646,0.73222095,0.5844638,-0.23614556,0.7085878,5.3527116e-10,-1.791907e-10,0.7056227,1
647316436,647316186,-0.25755033,0.73231965,0.5845725,-0.23590435,0.7085878,5.3527116e-10,-1.791907e-10,0.7056227,1
647321434,647321187,-0.2572711,0.7323961,0.58472645,-0.23558973,0.7085878,5.3527116e-10,-1.791907e-10,0.7056227,1
647326493,647326211,-0.2569212,0.7325233,0.5848788,-0.23519756,0.7085878,5.3527116e-10,-1.791907e-10,0.7056227,1
647331439,647331187,-0.2565629,0.73259425,0.5851047,-0.23480564,0.7085878,5.3527116e-10,-1.791907e-10,0.7056227,1
647336437,647336187,-0.2561253,0.73267394,0.5853659,-0.23438326,0.7085878,5.3527116e-10,-1.791907e-10,0.7056227,1
647341474,647341211,-0.25574812,0.73275304,0.585623,-0.23390496,0.7085878,5.3527116e-10,-1.791907e-10,0.7056227,1
647346437,647346187,-0.2553372,0.7328098,0.5859182,-0.23343693,0.7085878,5.3527116e-10,-1.791907e-10,0.7056227,1
647351443,647351187,-0.2548653,0.7328837,0.58623284,-0.23292993,0.7085878,5.3527116e-10,-1.791907e-10,0.7056227,1
647356459,647356211,-0.25438818,0.7329485,0.58655864,-0.23242679,0.7085878,5.3527116e-10,-1.791907e-10,0.7056227,1
647361442,647361187,-0.25396714,0.73299277,0.58688575,-0.23192137,0.7085878,5.3527116e-10,-1.791907e-10,0.7056227,1
647366448,647366188,-0.25350437,0.73308265,0.5871831,-0.23139028,0.7085878,5.3527116e-10,-1.791907e-10,0.7056227,1
647371464,647371211,-0.25298637,0.7331422,0.5875214,-0.23090948,0.7085878,5.3527116e-10,-1.791907e-10,0.7056227,1
647376438,647376187,-0.2524698,0.7331968,0.58784366,-0.23048064,0.7085878,5.3527116e-10,-1.791907e-10,0.7056227,1
647381443,647381188,-0.25201446,0.73322916,0.58814627,-0.23010391,0.7085878,5.3527116e-10,-1.791907e-10,0.7056227,1
647386464,647386211,-0.2515749,0.733303,0.5883878,-0.22973168,0.7085878,5.3527116e-10,-1.791907e-10,0.7056227,1
647391444,647391187,-0.25107992,0.7333884,0.5886367,-0.22936285,0.7085878,5.3527116e-10,-1.791907e-10,0.7056227,1
647396446,647396187,-0.25067636,0.7334414,0.58883464,-0.22912624,0.7085878,5.3527116e-10,-1.791907e-10,0.7056227,1
647401495,647401211,-0.2502379,0.73353475,0.58900726,-0.22886325,0.7085878,5.3527116e-10,-1.791907e-10,0.7056227,1
647406445,647406187,-0.24986556,0.73366594,0.5890799,-0.22866225,0.7085878,5.3527116e-10,-1.791907e-10,0.7056227,1
647411448,647411188,-0.24952231,0.7337616,0.58915526,-0.22853571,0.7085878,5.3527116e-10,-1.791907e-10,0.7056227,1
647416465,647416211,-0.24915154,0.73389035,0.58917624,-0.2284729,0.7085878,5.3527116e-10,-1.791907e-10,0.7056227,1
647421428,647421186,-0.24882324,0.7340176,0.58914334,-0.22850673,0.7085878,5.3527116e-10,-1.791907e-10,0.7056227,1
647426441,647426187,-0.24853757,0.734165,0.58907866,-0.228511,0.7085878,5.3527116e-10,-1.791907e-10,0.7056227,1
647431468,647431211,-0.24824195,0.7343789,0.58893275,-0.22852102,0.7085878,5.3527116e-10,-1.791907e-10,0.7056227,1
647436432,647436187,-0.24797007,0.7345701,0.58877325,-0.2286126,0.7085878,5.3527116e-10,-1.791907e-10,0.7056227,1
647441445,647441187,-0.24770156,0.7347999,0.5885683,-0.228693,0.7085878,5.3527116e-10,-1.791907e-10,0.7056227,1
647446494,647446211,-0.2475225,0.7350106,0.5883216,-0.22884437,0.7085878,5.3527116e-10,-1.791907e-10,0.7056227,1
647451428,647451187,-0.24735436,0.7352111,0.588081,-0.22900061,0.7085878,5.3527116e-10,-1.791907e-10,0.7056227,1
647456433,647456188,-0.24709632,0.73548937,0.5877888,-0.22913562,0.7085878,5.3527116e-10,-1.791907e-10,0.7056227,1
647461473,647461212,-0.24686952,0.7357273,0.58751285,-0.22932376,0.7085878,5.3527116e-10,-1.791907e-10,0.7056227,1
647466446,647466187,-0.24667081,0.7359611,0.58726335,-0.22942667,0.7085878,5.3527116e-10,-1.791907e-10,0.7056227,1
647471434,647471187,-0.24647726,0.7362252,0.5869692,-0.22953999,0.7085878,5.3527116e-10,-1.791907e-10,0.7056227,1
647476473,647476212,-0.24627773,0.7364592,0.5867112,-0.22966321,0.7085878,5.3527116e-10,-1.791907e-10,0.7056227,1
647481437,647481187,-0.24611628,0.7367033,0.58643526,-0.2297582,0.7085878,5.3527116e-10,-1.791907e-10,0.7056227,1
647486433,647486187,-0.24604306,0.7368873,0.5861955,-0.22985809,0.7085878,5.3527116e-10,-1.791907e-10,0.7056227,1
647491493,647491211,-0.2458949,0.73707736,0.58600175,-0.22990143,0.7085878,5.3527116e-10,-1.791907e-10,0.7056227,1
647496437,647496186,-0.24573995,0.73726064,0.58581275,-0.22996134,0.7085878,5.3527116e-10,-1.791907e-10,0.7056227,1
647501436,647501188,-0.2456884,0.7373568,0.58568114,-0.23004305,0.7085878,5.3527116e-10,-1.791907e-10,0.7056227,1
647506472,647506211,-0.2456371,0.737443,0.5855812,-0.2300763,0.7085878,5.3527116e-10,-1.791907e-10,0.7056227,1
647511444,647511187,-0.24557634,0.73749924,0.58552206,-0.23011124,0.7085878,5.3527116e-10,-1.791907e-10,0.7056227,1
647516446,647516188,-0.24563172,0.7374915,0.585485,-0.23017135,0.7085878,5.3527116e-10,-1.791907e-10,0.7056227,1
647521467,647521210,-0.24572003,0.7374639,0.58548075,-0.23017606,0.7085878,5.3527116e-10,-1.791907e-10,0.7056227,1
647526437,647526186,-0.24588254,0.737373,0.5855115,-0.23021567,0.7085878,5.3527116e-10,-1.791907e-10,0.7056227,1
647531442,647531188,-0.24599354,0.7372923,0.58556694,-0.23021439,0.7085878,5.3527116e-10,-1.791907e-10,0.7056227,1
647536465,647536211,-0.24618314,0.73714185,0.58567494,-0.23021895,0.7085878,5.3527116e-10,-1.791907e-10,0.7056227,1
647541437,647541186,-0.24648355,0.7368866,0.5858361,-0.2303045,0.7085878,5.3527116e-10,-1.791907e-10,0.7056227,1
647546443,647546188,-0.24671353,0.7366314,0.58603644,-0.2303649,0.7085878,5.3527116e-10,-1.791907e-10,0.7056227,1
647551493,647551211,-0.24702539,0.73635525,0.58621234,-0.2304659,0.7085878,5.3527116e-10,-1.791907e-10,0.7056227,1
647556429,647556187,-0.24739724,0.73601484,0.5864487,-0.23055305,0.7085878,5.3527116e-10,-1.791907e-10,0.7056227,1
647561441,647561187,-0.2477311,0.7356851,0.5867187,-0.23056017,0.7085878,5.3527116e-10,-1.791907e-10,0.7056227,1
647566466,647566211,-0.248086,0.7353173,0.5869986,-0.2306397,0.7085878,5.3527116e-10,-1.791907e-10,0.7056227,1
647571434,647571187,-0.24851735,0.73496014,0.5872421,-0.23069367,0.7085878,5.3527116e-10,-1.791907e-10,0.7056227,1
647576448,647576188,-0.24895819,0.73459214,0.5875045,-0.23072223,0.7085878,5.3527116e-10,-1.791907e-10,0.7056227,1
647581495,647581211,-0.24937537,0.73417497,0.58781177,-0.23081678,0.7085878,5.3527116e-10,-1.791907e-10,0.7056227,1
647586432,647586187,-0.24974029,0.73381805,0.588091,-0.230846,0.7085878,5.3527116e-10,-1.791907e-10,0.7056227,1
647591442,647591187,-0.2501424,0.73342854,0.58835703,-0.23097062,0.7085878,5.3527116e-10,-1.791907e-10,0.7056227,1
647596470,647596211,-0.2505551,0.7330309,0.58864313,-0.23105659,0.7085878,5.3527116e-10,-1.791907e-10,0.7056227,1
647601432,647601187,-0.2508679,0.73271745,0.5888646,-0.23114702,0.7085878,5.3527116e-10,-1.791907e-10,0.7056227,1
647606449,647606188,-0.25123024,0.73241675,0.5890581,-0.23121339,0.7085878,5.3527116e-10,-1.791907e-10,0.7056227,1
647611471,647611211,-0.25157484,0.73211575,0.58926636,-0.23126133,0.7085878,5.3527116e-10,-1.791907e-10,0.7056227,1
647616438,647616187,-0.25191566,0.73188347,0.5893943,-0.2312997,0.7085878,5.3527116e-10,-1.791907e-10,0.7056227,1
647621435,647621188,-0.2522639,0.73165303,0.58948696,-0.2314128,0.7085878,5.3527116e-10,-1.791907e-10,0.7056227,1
647626466,647626211,-0.2525492,0.73148835,0.5895598,-0.23143698,0.7085878,5.3527116e-10,-1.791907e-10,0.7056227,1
647631448,647631188,-0.25276586,0.73132724,0.58962315,-0.23154795,0.7085878,5.3527116e-10,-1.791907e-10,0.7056227,1
647636434,647636188,-0.25298202,0.7312077,0.58964676,-0.2316294,0.7085878,5.3527116e-10,-1.791907e-10,0.7056227,1
647641467,647641211,-0.25321588,0.73110485,0.5896056,-0.23180303,0.7085878,5.3527116e-10,-1.791907e-10,0.7056227,1
647646437,647646186,-0.25349,0.7310039,0.5895425,-0.23198235,0.7085878,5.3527116e-10,-1.791907e-10,0.7056227,1
647651442,647651187,-0.2536762,0.73096883,0.5894538,-0.23211475,0.7085878,5.3527116e-10,-1.791907e-10,0.7056227,1
647656475,647656210,-0.25394747,0.73095214,0.5892893,-0.2322881,0.7085878,5.3527116e-10,-1.791907e-10,0.7056227,1
647661440,647661187,-0.25419417,0.7309455,0.5891229,-0.2324615,0.7085878,5.3527116e-10,-1.791907e-10,0.7056227,1
647666445,647666187,-0.25436482,0.73099136,0.5889266,-0.23262802,0.7085878,5.3527116e-10,-1.791907e-10,0.7056227,1
647671455,647671210,-0.2545943,0.7310061,0.5887047,-0.23289223,0.7085878,5.3527116e-10,-1.791907e-10,0.7056227,1
647676440,647676187,-0.25482324,0.7310423,0.5884441,-0.23318644,0.7085878,5.3527116e-10,-1.791907e-10,0.7056227,1
647681443,647681188,-0.2549945,0.73111916,0.5881773,-0.23343101,0.7085878,5.3527116e-10,-1.791907e-10,0.7056227,1
647686458,647686210,-0.25516653,0.7311535,0.58793974,-0.23373377,0.7085878,5.3527116e-10,-1.791907e-10,0.7056227,1
647691445,647691187,-0.25534293,0.7312352,0.5876537,-0.23400465,0.7085878,5.3527116e-10,-1.791907e-10,0.7056227,1
647696457,647696188,-0.25556347,0.731303,0.5873507,-0.23431264,0.7085878,5.3527116e-10,-1.791907e-10,0.7056227,1
647701504,647701210,-0.25572678,0.7313849,0.5870858,-0.23454294,0.7085878,5.3527116e-10,-1.791907e-10,0.7056227,1
647706454,647706187,-0.25582865,0.7314591,0.5868529,-0.23478316,0.7085878,5.3527116e-10,-1.791907e-10,0.7056227,1
647711445,647711188,-0.25598818,0.73149663,0.5866154,-0.23508556,0.7085878,5.3527116e-10,-1.791907e-10,0.7056227,1
647716461,647716210,-0.25603035,0.731575,0.5864126,-0.23530152,0.7085878,5.3527116e-10,-1.791907e-10,0.7056227,1
647721434,647721187,-0.256076,0.7316409,0.5862429,-0.23546968,0.7085878,5.3527116e-10,-1.791907e-10,0.7056227,1
647726447,647726188,-0.25608733,0.7316773,0.5861167,-0.23565862,0.7085878,5.3527116e-10,-1.791907e-10,0.7056227,1
647731468,647731210,-0.2560617,0.731745,0.585991,-0.23578875,0.7085878,5.3527116e-10,-1.791907e-10,0.7056227,1
647736430,647736187,-0.25609103,0.73177576,0.58589625,-0.2358967,0.7085878,5.3527116e-10,-1.791907e-10,0.7056227,1
647741445,647741188,-0.2560694,0.731792,0.58587176,-0.23593096,0.7085878,5.3527116e-10,-1.791907e-10,0.7056227,1
647746462,647746210,-0.25603285,0.73181564,0.5858459,-0.23596112,0.7085878,5.3527116e-10,-1.791907e-10,0.7056227,1
647751433,647751188,-0.255951,0.73180676,0.5858969,-0.23595075,0.7085878,5.3527116e-10,-1.791907e-10,0.7056227,1
647756441,647756187,-0.25583792,0.7318273,0.58596677,-0.23583613,0.7085878,5.3527116e-10,-1.791907e-10,0.7056227,1
647761474,647761210,-0.25571293,0.7317663,0.5861177,-0.23578633,0.7085878,5.3527116e-10,-1.791907e-10,0.7056227,1
647766445,647766188,-0.25556296,0.7317326,0.58627325,-0.23566672,0.7085878,5.3527116e-10,-1.791907e-10,0.7056227,1
647771434,647771188,-0.25544202,0.7317087,0.58641183,-0.23552701,0.7085878,5.3527116e-10,-1.791907e-10,0.7056227,1
647776463,647776210,-0.25539327,0.73163813,0.5866039,-0.23532069,0.7085878,5.3527116e-10,-1.791907e-10,0.7056227,1
647781441,647781187,-0.25523317,0.73160106,0.5868081,-0.23510057,0.7085878,5.3527116e-10,-1.791907e-10,0.7056227,1
647786435,647786188,-0.25513563,0.73154634,0.58699805,-0.23490229,0.7085878,5.3527116e-10,-1.791907e-10,0.7056227,1
647791468,647791210,-0.25506875,0.73147047,0.5872073,-0.23468803,0.7085878,5.3527116e-10,-1.791907e-10,0.7056227,1
647796444,647796188,-0.25498432,0.7314015,0.58742315,-0.23445451,0.7085878,5.3527116e-10,-1.791907e-10,0.7056227,1
647801436,647801188,-0.25486463,0.7313401,0.5876304,-0.23425676,0.7085878,5.3527116e-10,-1.791907e-10,0.7056227,1
647806493,647806210,-0.25472817,0.7312665,0.5878614,-0.23405525,0.7085878,5.3527116e-10,-1.791907e-10,0.7056227,1
647811442,647811188,-0.25466892,0.73121244,0.58804494,-0.23382775,0.7085878,5.3527116e-10,-1.791907e-10,0.7056227,1
647816443,647816188,-0.25457785,0.7311728,0.5882285,-0.23358901,0.7085878,5.3527116e-10,-1.791907e-10,0.7056227,1
647821455,647821210,-0.25447693,0.7311691,0.588377,-0.2333364,0.7085878,5.3527116e-10,-1.791907e-10,0.7056227,1
647826445,647826187,-0.25441298,0.73113185,0.5885074,-0.23319411,0.7085878,5.3527116e-10,-1.791907e-10,0.7056227,1
647831454,647831190,-0.2543393,0.73113245,0.5886302,-0.23296243,0.7085878,5.3527116e-10,-1.791907e-10,0.7056227,1
647836456,647836210,-0.25417173,0.731175,0.58874106,-0.23273146,0.7085878,5.3527116e-10,-1.791907e-10,0.7056227,1
647841447,647841187,-0.25404793,0.7311901,0.5888283,-0.2325985,0.7085878,5.3527116e-10,-1.791907e-10,0.7056227,1
647846450,647846188,-0.25385225,0.7312507,0.58890504,-0.23242709,0.7085878,5.3527116e-10,-1.791907e-10,0.7056227,1
647851470,647851211,-0.25369057,0.73132807,0.58893555,-0.23228304,0.7085878,5.3527116e-10,-1.791907e-10,0.7056227,1
647856447,647856191,-0.2534757,0.7314208,0.58898985,-0.23208776,0.7085878,5.3527116e-10,-1.791907e-10,0.7056227,1
647861451,647861188,-0.2532691,0.73153013,0.5889996,-0.23194389,0.7085878,5.3527116e-10,-1.791907e-10,0.7056227,1
647866469,647866210,-0.25302872,0.73165816,0.588995,-0.23181412,0.7085878,5.3527116e-10,-1.791907e-10,0.7056227,1
647871432,647871188,-0.2527949,0.73183346,0.58893967,-0.23165637,0.7085878,5.3527116e-10,-1.791907e-10,0.7056227,1
647876441,647876188,-0.25254324,0.73195946,0.5889725,-0.23144941,0.7085878,5.3527116e-10,-1.791907e-10,0.7056227,1
647881462,647881210,-0.25214404,0.7320433,0.58913505,-0.23120537,0.7085878,5.3527116e-10,-1.791907e-10,0.7056227,1
647886434,647886188,-0.25171745,0.73208493,0.58946276,-0.23070276,0.7085878,5.3527116e-10,-1.791907e-10,0.7056227,1
647891448,647891188,-0.25147098,0.73201734,0.589867,-0.23015223,0.7085878,5.3527116e-10,-1.791907e-10,0.7056227,1
647896468,647896210,-0.2514278,0.73182774,0.5903363,-0.22959827,0.7085878,5.3527116e-10,-1.791907e-10,0.7056227,1
647901438,647901187,-0.25158402,0.7314811,0.5909003,-0.22908029,0.7085878,5.3527116e-10,-1.791907e-10,0.7056227,1
647906461,647906188,-0.25189078,0.7309944,0.5915399,-0.22864573,0.7085878,5.3527116e-10,-1.791907e-10,0.7056227,1
647911460,647911210,-0.25226185,0.7303653,0.59232944,-0.22820258,0.7085878,5.3527116e-10,-1.791907e-10,0.7056227,1
647916431,647916188,-0.25262508,0.72967076,0.59321636,-0.22771804,0.7085878,5.3527116e-10,-1.791907e-10,0.7056227,1
647921435,647921188,-0.25295424,0.7288689,0.5942389,-0.22725417,0.7085878,5.3527116e-10,-1.791907e-10,0.7056227,1
647926465,647926210,-0.25338018,0.7279588,0.5953645,-0.22674994,0.7085878,5.3527116e-10,-1.791907e-10,0.7056227,1
647931442,647931188,-0.25392008,0.72698617,0.5965169,-0.22623754,0.7085878,5.3527116e-10,-1.791907e-10,0.7056227,1
647936433,647936188,-0.25451928,0.7259052,0.59780806,-0.22562619,0.7085878,5.3527116e-10,-1.791907e-10,0.7056227,1
647941464,647941210,-0.25517988,0.72476435,0.5991718,-0.22492902,0.7085878,5.3527116e-10,-1.791907e-10,0.7056227,1
647946441,647946188,-0.2558932,0.7235626,0.6005794,-0.22423257,0.7085878,5.3527116e-10,-1.791907e-10,0.7056227,1
647951438,647951188,-0.25654167,0.7223689,0.6020235,-0.22346659,0.7085878,5.3527116e-10,-1.791907e-10,0.7056227,1
647956460,647956210,-0.25707442,0.7211812,0.603524,-0.22264157,0.7085878,5.3527116e-10,-1.791907e-10,0.7056227,1
647961448,647961189,-0.2574707,0.7200385,0.6050304,-0.2217922,0.7085878,5.3527116e-10,-1.791907e-10,0.7056227,1
647966437,647966188,-0.25778365,0.7189287,0.606516,-0.22096926,0.7085878,5.3527116e-10,-1.791907e-10,0.7056227,1
647971465,647971210,-0.25801134,0.71785873,0.60797125,-0.22018166,0.7085878,5.3527116e-10,-1.791907e-10,0.7056227,1
647976439,647976188,-0.25815856,0.7168929,0.609329,-0.21940157,0.7085878,5.3527116e-10,-1.791907e-10,0.7056227,1
647981442,647981188,-0.25822347,0.71602017,0.6106203,-0.21858345,0.7085878,5.3527116e-10,-1.791907e-10,0.7056227,1
647986453,647986210,-0.258232,0.71527153,0.61178905,-0.21775459,0.7085878,5.3527116e-10,-1.791907e-10,0.7056227,1
647991441,647991188,-0.2581559,0.714694,0.6127938,-0.2169141,0.7085878,5.3527116e-10,-1.791907e-10,0.7056227,1
647996446,647996188,-0.25800875,0.71425986,0.6136504,-0.21609636,0.7085878,5.3527116e-10,-1.791907e-10,0.7056227,1
648001462,648001210,-0.25775513,0.7139862,0.61434233,-0.2153359,0.7085878,5.3527116e-10,-1.791907e-10,0.7056227,1
648006455,648006187,-0.2574243,0.71383876,0.6148879,-0.2146625,0.7085878,5.3527116e-10,-1.791907e-10,0.7056227,1
648011447,648011188,-0.25701317,0.71384764,0.61525077,-0.21408512,0.7085878,5.3527116e-10,-1.791907e-10,0.7056227,1
648016476,648016210,-0.25654635,0.7139923,0.61543304,-0.21363793,0.7085878,5.3527116e-10,-1.791907e-10,0.7056227,1
648021434,648021188,-0.2561112,0.7142637,0.61540955,-0.21332029,0.7085878,5.3527116e-10,-1.791907e-10,0.7056227,1
648026441,648026188,-0.255649,0.7146831,0.6151788,-0.21313536,0.7085878,5.3527116e-10,-1.791907e-10,0.7056227,1
648031462,648031210,-0.25516832,0.7152549,0.6147512,-0.21302712,0.7085878,5.3527116e-10,-1.791907e-10,0.7056227,1
648036432,648036188,-0.2546563,0.71593916,0.6141757,-0.21300168,0.7085878,5.3527116e-10,-1.791907e-10,0.7056227,1
648041442,648041188,-0.25414222,0.71673125,0.61343306,-0.21309182,0.7085878,5.3527116e-10,-1.791907e-10,0.7056227,1
648046475,648046210,-0.2536764,0.7175982,0.6125224,-0.2133482,0.7085878,5.3527116e-10,-1.791907e-10,0.7056227,1
648051433,648051188,-0.2532446,0.71850276,0.61149216,-0.21377175,0.7085878,5.3527116e-10,-1.791907e-10,0.7056227,1
648056445,648056187,-0.2527989,0.71947664,0.6103448,-0.21430191,0.7085878,5.3527116e-10,-1.791907e-10,0.7056227,1
648061468,648061210,-0.2523082,0.7205156,0.60911053,-0.21490084,0.7085878,5.3527116e-10,-1.791907e-10,0.7056227,1
648066431,648066188,-0.25180078,0.72159266,0.6078213,-0.21553132,0.7085878,5.3527116e-10,-1.791907e-10,0.7056227,1
648071449,648071188,-0.2512941,0.7227114,0.6064576,-0.21621454,0.7085878,5.3527116e-10,-1.791907e-10,0.7056227,1
648076468,648076210,-0.250814,0.7238364,0.60505694,-0.2169318,0.7085878,5.3527116e-10,-1.791907e-10,0.7056227,1
648081443,648081188,-0.25035033,0.7249376,0.6036722,-0.21764678,0.7085878,5.3527116e-10,-1.791907e-10,0.7056227,1
648086433,648086187,-0.24987236,0.72602385,0.6023137,-0.21833779,0.7085878,5.3527116e-10,-1.791907e-10,0.7056227,1
648091498,648091210,-0.2493635,0.7270807,0.6010107,-0.21899264,0.7085878,5.3527116e-10,-1.791907e-10,0.7056227,1
648096442,648096188,-0.24881136,0.7280922,0.5997962,-0.21958871,0.7085878,5.3527116e-10,-1.791907e-10,0.7056227,1
648101448,648101188,-0.24820076,0.7290498,0.5986957,-0.22010523,0.7085878,5.3527116e-10,-1.791907e-10,0.7056227,1
648106496,648106210,-0.24753064,0.72994775,0.597723,-0.220527,0.7085878,5.3527116e-10,-1.791907e-10,0.7056227,1
648111451,648111188,-0.24683565,0.7307621,0.59689534,-0.22085057,0.7085878,5.3527116e-10,-1.791907e-10,0.7056227,1
648116433,648116188,-0.2461488,0.73147887,0.59620816,-0.22110021,0.7085878,5.3527116e-10,-1.791907e-10,0.7056227,1
648121460,648121210,-0.24548267,0.73210657,0.59565145,-0.22126375,0.7085878,5.3527116e-10,-1.791907e-10,0.7056227,1
648126445,648126188,-0.24482338,0.73262835,0.5952612,-0.22131728,0.7085878,5.3527116e-10,-1.791907e-10,0.7056227,1
648131442,648131188,-0.24415167,0.7330608,0.5950364,-0.2212319,0.7085878,5.3527116e-10,-1.791907e-10,0.7056227,1
648136454,648136210,-0.24348694,0.73339266,0.5949762,-0.22102675,0.7085878,5.3527116e-10,-1.791907e-10,0.7056227,1
648141446,648141188,-0.24287751,0.7336098,0.59506893,-0.22072646,0.7085878,5.3527116e-10,-1.791907e-10,0.7056227,1
648146445,648146188,-0.24235204,0.73370916,0.59529924,-0.22035247,0.7085878,5.3527116e-10,-1.791907e-10,0.7056227,1
648151460,648151210,-0.24192424,0.7336832,0.59566444,-0.21992147,0.7085878,5.3527116e-10,-1.791907e-10,0.7056227,1
648156444,648156188,-0.24159546,0.73355,0.59614086,-0.21943593,0.7085878,5.3527116e-10,-1.791907e-10,0.7056227,1
648161450,648161188,-0.24136753,0.7332961,0.5967392,-0.21890849,0.7085878,5.3527116e-10,-1.791907e-10,0.7056227,1
648166460,648166210,-0.24123552,0.7329338,0.5974442,-0.21834363,0.7085878,5.3527116e-10,-1.791907e-10,0.7056227,1
648171440,648171188,-0.24119444,0.7324766,0.59823394,-0.2177603,0.7085878,5.3527116e-10,-1.791907e-10,0.7056227,1
648176457,648176188,-0.24126203,0.7319258,0.5990974,-0.21716264,0.7085878,5.3527116e-10,-1.791907e-10,0.7056227,1
648181472,648181211,-0.24144337,0.73128814,0.60002095,-0.21655896,0.7085878,5.3527116e-10,-1.791907e-10,0.7056227,1
648186431,648186188,-0.24173363,0.73058605,0.6009744,-0.2159599,0.7085878,5.3527116e-10,-1.791907e-10,0.7056227,1
648191451,648191188,-0.24212341,0.7298249,0.6019558,-0.21536288,0.7085878,5.3527116e-10,-1.791907e-10,0.7056227,1
648196468,648196210,-0.24258451,0.7290213,0.60295826,-0.21476044,0.7085878,5.3527116e-10,-1.791907e-10,0.7056227,1
648201433,648201188,-0.24308334,0.7282046,0.60395455,-0.2141672,0.7085878,5.3527116e-10,-1.791907e-10,0.7056227,1
648206456,648206188,-0.24360321,0.72737724,0.6049486,-0.21358182,0.7085878,5.3527116e-10,-1.791907e-10,0.7056227,1
648211462,648211210,-0.24414226,0.7265492,0.60592735,-0.21300946,0.7085878,5.3527116e-10,-1.791907e-10,0.7056227,1
648216432,648216188,-0.24467535,0.7257401,0.6068709,-0.21246883,0.7085878,5.3527116e-10,-1.791907e-10,0.7056227,1
648221460,648221188,-0.24519324,0.7249566,0.6077843,-0.21193519,0.7085878,5.3527116e-10,-1.791907e-10,0.7056227,1
648226463,648226210,-0.245676,0.7242161,0.6086593,-0.21139598,0.7085878,5.3527116e-10,-1.791907e-10,0.7056227,1
648231442,648231187,-0.24609542,0.72354144,0.6094805,-0.21085186,0.7085878,5.3527116e-10,-1.791907e-10,0.7056227,1
648236435,648236188,-0.24644996,0.7229343,0.61024934,-0.21029536,0.7085878,5.3527116e-10,-1.791907e-10,0.7056227,1
648241466,648241210,-0.24672124,0.7224058,0.61095846,-0.20973408,0.7085878,5.3527116e-10,-1.791907e-10,0.7056227,1
648246440,648246188,-0.24690281,0.721964,0.6115923,-0.20919347,0.7085878,5.3527116e-10,-1.791907e-10,0.7056227,1
648251434,648251188,-0.24700029,0.72160655,0.61215055,-0.20867828,0.7085878,5.3527116e-10,-1.791907e-10,0.7056227,1
648256469,648256210,-0.24700715,0.7213371,0.61262846,-0.20819883,0.7085878,5.3527116e-10,-1.791907e-10,0.7056227,1
648261442,648261188,-0.24692358,0.72116256,0.61301154,-0.20777433,0.7085878,5.3527116e-10,-1.791907e-10,0.7056227,1
648266433,648266188,-0.24674745,0.7210855,0.61330056,-0.20739783,0.7085878,5.3527116e-10,-1.791907e-10,0.7056227,1
648271462,648271210,-0.24649519,0.72110325,0.613491,-0.20707293,0.7085878,5.3527116e-10,-1.791907e-10,0.7056227,1
648276445,648276188,-0.2461853,0.7212097,0.61357707,-0.20681535,0.7085878,5.3527116e-10,-1.791907e-10,0.7056227,1
648281449,648281188,-0.24583876,0.7214009,0.6135505,-0.20663923,0.7085878,5.3527116e-10,-1.791907e-10,0.7056227,1
648286464,648286210,-0.24546123,0.72166973,0.61341417,-0.20655443,0.7085878,5.3527116e-10,-1.791907e-10,0.7056227,1
648291441,648291188,-0.2450699,0.7220096,0.613164,-0.20657402,0.7085878,5.3527116e-10,-1.791907e-10,0.7056227,1
648296442,648296188,-0.24465998,0.72241503,0.61280984,-0.20669347,0.7085878,5.3527116e-10,-1.791907e-10,0.7056227,1
648301455,648301210,-0.24424283,0.72287816,0.6123564,-0.20691124,0.7085878,5.3527116e-10,-1.791907e-10,0.7056227,1
648306457,648306188,-0.24382706,0.72338814,0.61181474,-0.20722151,0.7085878,5.3527116e-10,-1.791907e-10,0.7056227,1
648311442,648311187,-0.24342544,0.72394335,0.6111785,-0.2076317,0.7085878,5.3527116e-10,-1.791907e-10,0.7056227,1
648316463,648316210,-0.24304762,0.72453284,0.6104605,-0.20813005,0.7085878,5.3527116e-10,-1.791907e-10,0.7056227,1
648321447,648321187,-0.24270314,0.72514415,0.6096792,-0.20869231,0.7085878,5.3527116e-10,-1.791907e-10,0.7056227,1
648326449,648326188,-0.2423899,0.72578204,0.6088289,-0.20932026,0.7085878,5.3527116e-10,-1.791907e-10,0.7056227,1
648331465,648331210,-0.24210706,0.72644067,0.60792124,-0.20999998,0.7085878,5.3527116e-10,-1.791907e-10,0.7056227,1
648336433,648336188,-0.24185471,0.72710866,0.60697573,-0.21071257,0.7085878,5.3527116e-10,-1.791907e-10,0.7056227,1
648341443,648341188,-0.2416207,0.7277887,0.6059995,-0.21144213,0.7085878,5.3527116e-10,-1.791907e-10,0.7056227,1
648346462,648346210,-0.24139513,0.7284711,0.605017,-0.21216212,0.7085878,5.3527116e-10,-1.791907e-10,0.7056227,1
648351446,648351188,-0.2411897,0.7291388,0.60405225,-0.21285005,0.7085878,5.3527116e-10,-1.791907e-10,0.7056227,1
648356441,648356188,-0.24099255,0.72979885,0.6031023,-0.21350364,0.7085878,5.3527116e-10,-1.791907e-10,0.7056227,1
648361463,648361210,-0.24081044,0.7304426,0.6021812,-0.21410707,0.7085878,5.3527116e-10,-1.791907e-10,0.7056227,1
648366434,648366188,-0.24063306,0.7310567,0.6013174,-0.21463759,0.7085878,5.3527116e-10,-1.791907e-10,0.7056227,1
648371448,648371188,-0.24045272,0.73164165,0.6005174,-0.21508563,0.7085878,5.3527116e-10,-1.791907e-10,0.7056227,1
648376469,648376212,-0.24026269,0.7321856,0.5997996,-0.21544999,0.7085878,5.3527116e-10,-1.791907e-10,0.7056227,1
648381440,648381187,-0.2400706,0.73267394,0.599181,-0.21572497,0.7085878,5.3527116e-10,-1.791907e-10,0.7056227,1
648386434,648386187,-0.23989005,0.73309886,0.5986602,-0.21592824,0.7085878,5.3527116e-10,-1.791907e-10,0.7056227,1
648391469,648391210,-0.2397234,0.733454,0.5982467,-0.2160531,0.7085878,5.3527116e-10,-1.791907e-10,0.7056227,1
648396439,648396187,-0.23957017,0.73373246,0.5979555,-0.21608333,0.7085878,5.3527116e-10,-1.791907e-10,0.7056227,1
648401439,648401188,-0.239436,0.73393464,0.597783,-0.21602285,0.7085878,5.3527116e-10,-1.791907e-10,0.7056227,1
648406496,648406210,-0.2393374,0.7340522,0.59772974,-0.21588033,0.7085878,5.3527116e-10,-1.791907e-10,0.7056227,1
648411439,648411188,-0.23928264,0.7340788,0.59779537,-0.2156686,0.7085878,5.3527116e-10,-1.791907e-10,0.7056227,1
648416431,648416187,-0.23927908,0.73401177,0.59797645,-0.21539856,0.7085878,5.3527116e-10,-1.791907e-10,0.7056227,1
648421462,648421210,-0.23932932,0.7338506,0.59826684,-0.21508539,0.7085878,5.3527116e-10,-1.791907e-10,0.7056227,1
648426439,648426188,-0.2394371,0.7335953,0.5986592,-0.21474428,0.7085878,5.3527116e-10,-1.791907e-10,0.7056227,1
648431434,648431188,-0.23960657,0.7332457,0.59914976,-0.21438104,0.7085878,5.3527116e-10,-1.791907e-10,0.7056227,1
648436460,648436210,-0.23983815,0.7328058,0.5997285,-0.21400742,0.7085878,5.3527116e-10,-1.791907e-10,0.7056227,1
648441441,648441187,-0.24013731,0.7322874,0.60037553,-0.21363154,0.7085878,5.3527116e-10,-1.791907e-10,0.7056227,1
648446446,648446188,-0.24050616,0.73168766,0.6010919,-0.21325698,0.7085878,5.3527116e-10,-1.791907e-10,0.7056227,1
648451467,648451210,-0.24093996,0.7310159,0.6018642,-0.21289241,0.7085878,5.3527116e-10,-1.791907e-10,0.7056227,1
648456441,648456188,-0.24141893,0.7302941,0.60266936,-0.21254922,0.7085878,5.3527116e-10,-1.791907e-10,0.7056227,1
648461447,648461188,-0.24194057,0.72952265,0.6035071,-0.21222822,0.7085878,5.3527116e-10,-1.791907e-10,0.7056227,1
648466461,648466210,-0.24248868,0.7287146,0.6043682,-0.2119279,0.7085878,5.3527116e-10,-1.791907e-10,0.7056227,1
648471440,648471187,-0.24304156,0.7278936,0.605228,-0.21166201,0.7085878,5.3527116e-10,-1.791907e-10,0.7056227,1
648476462,648476188,-0.24360026,0.7270624,0.60608476,-0.21142516,0.7085878,5.3527116e-10,-1.791907e-10,0.7056227,1
648481493,648481210,-0.24415569,0.72623646,0.60692436,-0.21121435,0.7085878,5.3527116e-10,-1.791907e-10,0.7056227,1
648486432,648486188,-0.24468789,0.7254441,0.6077214,-0.21102975,0.7085878,5.3527116e-10,-1.791907e-10,0.7056227,1
648491447,648491188,-0.24519141,0.72469085,0.60847586,-0.21085906,0.7085878,5.3527116e-10,-1.791907e-10,0.7056227,1
648496496,648496210,-0.24565288,0.7239899,0.60917914,-0.21069923,0.7085878,5.3527116e-10,-1.791907e-10,0.7056227,1
648501432,648501188,-0.24605389,0.72336257,0.60981554,-0.21054476,0.7085878,5.3527116e-10,-1.791907e-10,0.7056227,1
648506455,648506188,-0.24639556,0.7228107,0.61037976,-0.21040578,0.7085878,5.3527116e-10,-1.791907e-10,0.7056227,1
648511466,648511211,-0.24666968,0.72234535,0.61086255,-0.21028121,0.7085878,5.3527116e-10,-1.791907e-10,0.7056227,1
648516433,648516188,-0.24686512,0.7219808,0.61124915,-0.21018055,0.7085878,5.3527116e-10,-1.791907e-10,0.7056227,1
648521437,648521186,-0.24697901,0.7217171,0.6115414,-0.21010253,0.7085878,5.3527116e-10,-1.791907e-10,0.7056227,1
648526462,648526210,-0.24701571,0.72155976,0.6117306,-0.21004891,0.7085878,5.3527116e-10,-1.791907e-10,0.7056227,1
648531434,648531188,-0.246984,0.72150797,0.61181045,-0.21003142,0.7085878,5.3527116e-10,-1.791907e-10,0.7056227,1
648536430,648536187,-0.24689472,0.7215592,0.61178017,-0.21004848,0.7085878,5.3527116e-10,-1.791907e-10,0.7056227,1
648541462,648541210,-0.24675815,0.7217126,0.6116352,-0.2101041,0.7085878,5.3527116e-10,-1.791907e-10,0.7056227,1
648546443,648546188,-0.24657872,0.72196144,0.6113825,-0.21019547,0.7085878,5.3527116e-10,-1.791907e-10,0.7056227,1
648551430,648551187,-0.24636471,0.7223005,0.6110217,-0.2103307,0.7085878,5.3527116e-10,-1.791907e-10,0.7056227,1
648556468,648556210,-0.2461215,0.7227184,0.6105603,-0.21051954,0.7085878,5.3527116e-10,-1.791907e-10,0.7056227,1
648561458,648561189,-0.24587809,0.72319764,0.61000365,-0.21077187,0.7085878,5.3527116e-10,-1.791907e-10,0.7056227,1
648566434,648566187,-0.24563628,0.72373044,0.60935813,-0.21109195,0.7085878,5.3527116e-10,-1.791907e-10,0.7056227,1
648571469,648571215,-0.24539515,0.72431386,0.60863304,-0.21146294,0.7085878,5.3527116e-10,-1.791907e-10,0.7056227,1
648576441,648576188,-0.24516295,0.72492635,0.6078535,-0.21187544,0.7085878,5.3527116e-10,-1.791907e-10,0.7056227,1
648581429,648581186,-0.24495074,0.72556454,0.6070161,-0.21233653,0.7085878,5.3527116e-10,-1.791907e-10,0.7056227,1
648586462,648586210,-0.24476916,0.7262156,0.60613143,-0.21284674,0.7085878,5.3527116e-10,-1.791907e-10,0.7056227,1
648591449,648591190,-0.24462256,0.72686076,0.60522705,-0.21338575,0.7085878,5.3527116e-10,-1.791907e-10,0.7056227,1
648596438,648596187,-0.24449925,0.7274988,0.6043105,-0.21394959,0.7085878,5.3527116e-10,-1.791907e-10,0.7056227,1
648601462,648601210,-0.24439394,0.72812,0.60340035,-0.21452479,0.7085878,5.3527116e-10,-1.791907e-10,0.7056227,1
648606453,648606188,-0.24430484,0.7287082,0.60252327,-0.21509348,0.7085878,5.3527116e-10,-1.791907e-10,0.7056227,1
648611453,648611187,-0.24422823,0.7292625,0.6016842,-0.21565013,0.7085878,5.3527116e-10,-1.791907e-10,0.7056227,1
648616453,648616210,-0.24416235,0.7297746,0.60089713,-0.21618623,0.7085878,5.3527116e-10,-1.791907e-10,0.7056227,1
648621442,648621188,-0.24410667,0.73023146,0.60018766,-0.21667677,0.7085878,5.3527116e-10,-1.791907e-10,0.7056227,1
648626441,648626187,-0.24405853,0.73063374,0.5995578,-0.21711802,0.7085878,5.3527116e-10,-1.791907e-10,0.7056227,1
648631464,648631210,-0.24400914,0.730976,0.5990231,-0.21749713,0.7085878,5.3527116e-10,-1.791907e-10,0.7056227,1
648636446,648636188,-0.24395618,0.7312559,0.5985932,-0.2177993,0.7085878,5.3527116e-10,-1.791907e-10,0.7056227,1
648641438,648641187,-0.24389449,0.73146975,0.5982734,-0.21802868,0.7085878,5.3527116e-10,-1.791907e-10,0.7056227,1
648646462,648646210,-0.24382386,0.7316117,0.59807146,-0.2181856,0.7085878,5.3527116e-10,-1.791907e-10,0.7056227,1
648651434,648651188,-0.24374333,0.73168314,0.5979879,-0.21826501,0.7085878,5.3527116e-10,-1.791907e-10,0.7056227,1
648656436,648656187,-0.24365452,0.73168063,0.5980224,-0.21827798,0.7085878,5.3527116e-10,-1.791907e-10,0.7056227,1
648661462,648661210,-0.24357107,0.73160547,0.5981701,-0.21821807,0.7085878,5.3527116e-10,-1.791907e-10,0.7056227,1
648666435,648666188,-0.24350053,0.73146135,0.59842116,-0.21809152,0.7085878,5.3527116e-10,-1.791907e-10,0.7056227,1
648671443,648671187,-0.24344382,0.73125106,0.5987742,-0.21789098,0.7085878,5.3527116e-10,-1.791907e-10,0.7056227,1
648676469,648676210,-0.24340843,0.73097754,0.59922016,-0.21762206,0.7085878,5.3527116e-10,-1.791907e-10,0.7056227,1
648681433,648681188,-0.24340643,0.7306466,0.599738,-0.21730895,0.7085878,5.3527116e-10,-1.791907e-10,0.7056227,1
648686436,648686187,-0.24344537,0.7302565,0.60032403,-0.21695848,0.7085878,5.3527116e-10,-1.791907e-10,0.7056227,1
648691468,648691210,-0.24352406,0.7298105,0.6009677,-0.21658853,0.7085878,5.3527116e-10,-1.791907e-10,0.7056227,1
648696448,648696188,-0.24363486,0.7293223,0.60165185,-0.21620855,0.7085878,5.3527116e-10,-1.791907e-10,0.7056227,1
648701432,648701187,-0.24378671,0.7287944,0.60236895,-0.21582057,0.7085878,5.3527116e-10,-1.791907e-10,0.7056227,1
648706504,648706210,-0.24398361,0.72823447,0.6031034,-0.21543643,0.7085878,5.3527116e-10,-1.791907e-10,0.7056227,1
648711440,648711188,-0.24421959,0.727663,0.60383064,-0.21506271,0.7085878,5.3527116e-10,-1.791907e-10,0.7056227,1
648716427,648716186,-0.24449384,0.72708154,0.60454845,-0.2147007,0.7085878,5.3527116e-10,-1.791907e-10,0.7056227,1
648721469,648721210,-0.24480347,0.72649616,0.6052497,-0.21435371,0.7085878,5.3527116e-10,-1.791907e-10,0.7056227,1
648726441,648726188,-0.24513085,0.72593087,0.60590905,-0.21403196,0.7085878,5.3527116e-10,-1.791907e-10,0.7056227,1
648731431,648731187,-0.2454698,0.72538483,0.6065291,-0.21373796,0.7085878,5.3527116e-10,-1.791907e-10,0.7056227,1
648736463,648736210,-0.24580811,0.7248675,0.6071029,-0.21347517,0.7085878,5.3527116e-10,-1.791907e-10,0.7056227,1
648741452,648741190,-0.2461299,0.7243968,0.60761523,-0.2132443,0.7085878,5.3527116e-10,-1.791907e-10,0.7056227,1
648746438,648746187,-0.24642447,0.7239788,0.60806614,-0.21303833,0.7085878,5.3527116e-10,-1.791907e-10,0.7056227,1
648751453,648751210,-0.24669011,0.7236165,0.608454,-0.21285476,0.7085878,5.3527116e-10,-1.791907e-10,0.7056227,1
648756441,648756188,-0.24690641,0.7233212,0.6087719,-0.21269812,0.7085878,5.3527116e-10,-1.791907e-10,0.7056227,1
648761438,648761187,-0.24707887,0.7230968,0.6090158,-0.2125626,0.7085878,5.3527116e-10,-1.791907e-10,0.7056227,1
648766455,648766211,-0.24719833,0.7229462,0.6091875,-0.21244384,0.7085878,5.3527116e-10,-1.791907e-10,0.7056227,1
648771442,648771188,-0.24725206,0.72287357,0.6092877,-0.21234114,0.7085878,5.3527116e-10,-1.791907e-10,0.7056227,1
648776440,648776187,-0.24723604,0.72287726,0.6093197,-0.21225539,0.7085878,5.3527116e-10,-1.791907e-10,0.7056227,1
648781464,648781211,-0.24715199,0.7229564,0.60928154,-0.21219335,0.7085878,5.3527116e-10,-1.791907e-10,0.7056227,1
648786445,648786188,-0.24700747,0.7231056,0.60917485,-0.21215971,0.7085878,5.3527116e-10,-1.791907e-10,0.7056227,1
648791438,648791186,-0.24680269,0.7233224,0.60900265,-0.21215323,0.7085878,5.3527116e-10,-1.791907e-10,0.7056227,1
648796464,648796211,-0.24653932,0.72360456,0.6087671,-0.21217315,0.7085878,5.3527116e-10,-1.791907e-10,0.7056227,1
648801448,648801188,-0.246235,0.72393805,0.6084773,-0.21222042,0.7085878,5.3527116e-10,-1.791907e-10,0.7056227,1
648806452,648806187,-0.2458882,0.7243236,0.608131,-0.21229972,0.7085878,5.3527116e-10,-1.791907e-10,0.7056227,1
648811471,648811211,-0.24550939,0.7247531,0.60773283,-0.21241248,0.7085878,5.3527116e-10,-1.791907e-10,0.7056227,1
648816436,648816188,-0.24511252,0.72520834,0.60729706,-0.21256307,0.7085878,5.3527116e-10,-1.791907e-10,0.7056227,1
648821448,648821187,-0.24470268,0.72568536,0.6068272,-0.2127492,0.7085878,5.3527116e-10,-1.791907e-10,0.7056227,1
648826470,648826211,-0.24428646,0.72617584,0.60632753,-0.2129784,0.7085878,5.3527116e-10,-1.791907e-10,0.7056227,1
648831433,648831188,-0.24387908,0.726667,0.6058112,-0.21323915,0.7085878,5.3527116e-10,-1.791907e-10,0.7056227,1
648836437,648836187,-0.24348402,0.7271565,0.60527974,-0.21353097,0.7085878,5.3527116e-10,-1.791907e-10,0.7056227,1
648841465,648841211,-0.24310885,0.7276392,0.60473865,-0.21384685,0.7085878,5.3527116e-10,-1.791907e-10,0.7056227,1
648846442,648846188,-0.24276876,0.7281016,0.6042022,-0.21417557,0.7085878,5.3527116e-10,-1.791907e-10,0.7056227,1
648851431,648851187,-0.24245955,0.7285439,0.6036716,-0.21451777,0.7085878,5.3527116e-10,-1.791907e-10,0.7056227,1
648856464,648856211,-0.24217723,0.72895885,0.6031587,-0.21486941,0.7085878,5.3527116e-10,-1.791907e-10,0.7056227,1
648861450,648861188,-0.24192639,0.729337,0.6026792,-0.21521397,0.7085878,5.3527116e-10,-1.791907e-10,0.7056227,1
648866431,648866187,-0.24170503,0.7296807,0.6022312,-0.21555129,0.7085878,5.3527116e-10,-1.791907e-10,0.7056227,1
648871471,648871211,-0.24150944,0.72998714,0.60182554,-0.21586594,0.7085878,5.3527116e-10,-1.791907e-10,0.7056227,1
648876446,648876188,-0.24134606,0.73025095,0.60147107,-0.21614414,0.7085878,5.3527116e-10,-1.791907e-10,0.7056227,1
648881429,648881187,-0.24120697,0.73047644,0.60116935,-0.21637663,0.7085878,5.3527116e-10,-1.791907e-10,0.7056227,1
648886469,648886210,-0.24109215,0.7306626,0.60092306,-0.21656014,0.7085878,5.3527116e-10,-1.791907e-10,0.7056227,1
648891443,648891188,-0.24099867,0.730805,0.60074437,-0.21667941,0.7085878,5.3527116e-10,-1.791907e-10,0.7056227,1
648896431,648896187,-0.24092169,0.73090315,0.60063446,-0.21673866,0.7085878,5.3527116e-10,-1.791907e-10,0.7056227,1
648901467,648901211,-0.24085666,0.73095363,0.60060126,-0.21673256,0.7085878,5.3527116e-10,-1.791907e-10,0.7056227,1
648906459,648906188,-0.24079739,0.7309598,0.6006419,-0.21666507,0.7085878,5.3527116e-10,-1.791907e-10,0.7056227,1
648911444,648911187,-0.24074453,0.7309258,0.6007526,-0.21653165,0.7085878,5.3527116e-10,-1.791907e-10,0.7056227,1
648916467,648916211,-0.24069852,0.7308515,0.60092926,-0.21634336,0.7085878,5.3527116e-10,-1.791907e-10,0.7056227,1
648921440,648921188,-0.24066126,0.7307329,0.6011772,-0.21609643,0.7085878,5.3527116e-10,-1.791907e-10,0.7056227,1
648926436,648926187,-0.24063776,0.7305714,0.60149246,-0.21579093,0.7085878,5.3527116e-10,-1.791907e-10,0.7056227,1
648931464,648931211,-0.24063149,0.7303671,0.6018698,-0.21543707,0.7085878,5.3527116e-10,-1.791907e-10,0.7056227,1
648936439,648936188,-0.24064453,0.73012704,0.60229325,-0.21505265,0.7085878,5.3527116e-10,-1.791907e-10,0.7056227,1
648941438,648941187,-0.24067594,0.7298482,0.6027656,-0.21464035,0.7085878,5.3527116e-10,-1.791907e-10,0.7056227,1
648946465,648946211,-0.24072538,0.7295342,0.6032782,-0.21421161,0.7085878,5.3527116e-10,-1.791907e-10,0.7056227,1
648951435,648951188,-0.24078818,0.7291899,0.6038234,-0.2137766,0.7085878,5.3527116e-10,-1.791907e-10,0.7056227,1
648956446,648956187,-0.2408693,0.728818,0.6043908,-0.2133498,0.7085878,5.3527116e-10,-1.791907e-10,0.7056227,1
648961468,648961211,-0.2409728,0.7284212,0.60497314,-0.21293701,0.7085878,5.3527116e-10,-1.791907e-10,0.7056227,1
648966432,648966188,-0.2410966,0.7280115,0.6055526,-0.21255079,0.7085878,5.3527116e-10,-1.791907e-10,0.7056227,1
648971436,648971187,-0.24124382,0.7275874,0.60612804,-0.21219526,0.7085878,5.3527116e-10,-1.791907e-10,0.7056227,1
648976464,648976211,-0.24140994,0.7271567,0.60669386,-0.21186563,0.7085878,5.3527116e-10,-1.791907e-10,0.7056227,1
648981433,648981187,-0.241592,0.7267335,0.6072283,-0.2115788,0.7085878,5.3527116e-10,-1.791907e-10,0.7056227,1
648986436,648986187,-0.24177432,0.72631973,0.6077365,-0.21133211,0.7085878,5.3527116e-10,-1.791907e-10,0.7056227,1
648991465,648991211,-0.24196072,0.7259214,0.6082079,-0.21113099,0.7085878,5.3527116e-10,-1.791907e-10,0.7056227,1
648996445,648996189,-0.24213526,0.7255521,0.60863525,-0.21096894,0.7085878,5.3527116e-10,-1.791907e-10,0.7056227,1
649001431,649001186,-0.24229848,0.7252097,0.6090158,-0.21086018,0.7085878,5.3527116e-10,-1.791907e-10,0.7056227,1
649006497,649006211,-0.24243677,0.724911,0.6093415,-0.21078788,0.7085878,5.3527116e-10,-1.791907e-10,0.7056227,1
649011442,649011188,-0.2425466,0.72465944,0.60960764,-0.21075661,0.7085878,5.3527116e-10,-1.791907e-10,0.7056227,1
649016430,649016187,-0.24262646,0.7244589,0.6098152,-0.21075384,0.7085878,5.3527116e-10,-1.791907e-10,0.7056227,1
649021475,649021211,-0.24267112,0.7243165,0.60995823,-0.210778,0.7085878,5.3527116e-10,-1.791907e-10,0.7056227,1
649026438,649026188,-0.24267057,0.72424096,0.6100311,-0.2108275,0.7085878,5.3527116e-10,-1.791907e-10,0.7056227,1
649031428,649031187,-0.24262683,0.72423023,0.61003625,-0.21089974,0.7085878,5.3527116e-10,-1.791907e-10,0.7056227,1
649036464,649036211,-0.24253939,0.72428125,0.6099767,-0.21099705,0.7085878,5.3527116e-10,-1.791907e-10,0.7056227,1
649041441,649041188,-0.24240363,0.72440094,0.6098491,-0.21111122,0.7085878,5.3527116e-10,-1.791907e-10,0.7056227,1
649046432,649046187,-0.24223249,0.7245816,0.60965717,-0.21124198,0.7085878,5.3527116e-10,-1.791907e-10,0.7056227,1
649051458,649051211,-0.24201636,0.72482306,0.60940534,-0.21138756,0.7085878,5.3527116e-10,-1.791907e-10,0.7056227,1
649056446,649056188,-0.24177186,0.72511715,0.6090927,-0.21156012,0.7085878,5.3527116e-10,-1.791907e-10,0.7056227,1
649061445,649061187,-0.24150172,0.7254639,0.60872483,-0.2117384,0.7085878,5.3527116e-10,-1.791907e-10,0.7056227,1
649066463,649066211,-0.24120764,0.7258548,0.6083085,-0.21193048,0.7085878,5.3527116e-10,-1.791907e-10,0.7056227,1
649071442,649071188,-0.24091291,0.726272,0.60785556,-0.21213627,0.7085878,5.3527116e-10,-1.791907e-10,0.7056227,1
649076436,649076186,-0.24060844,0.72671705,0.6073659,-0.21235986,0.7085878,5.3527116e-10,-1.791907e-10,0.7056227,1
649081464,649081211,-0.24031198,0.72718084,0.60684246,-0.21260428,0.7085878,5.3527116e-10,-1.791907e-10,0.7056227,1
649086443,649086188,-0.24003536,0.7276476,0.6063044,-0.2128544,0.7085878,5.3527116e-10,-1.791907e-10,0.7056227,1
649091438,649091186,-0.2397724,0.72811335,0.6057539,-0.21312554,0.7085878,5.3527116e-10,-1.791907e-10,0.7056227,1
649096465,649096211,-0.23953281,0.7285743,0.60519665,-0.21340266,0.7085878,5.3527116e-10,-1.791907e-10,0.7056227,1
649101460,649101188,-0.23933235,0.7290103,0.60465163,-0.21368319,0.7085878,5.3527116e-10,-1.791907e-10,0.7056227,1
649106459,649106187,-0.23916286,0.72942394,0.6041165,-0.21397452,0.7085878,5.3527116e-10,-1.791907e-10,0.7056227,1
649111469,649111209,-0.2390319,0.72980636,0.6036049,-0.21426044,0.7085878,5.3527116e-10,-1.791907e-10,0.7056227,1
649116432,649116188,-0.23892927,0.7301471,0.6031346,-0.21453857,0.7085878,5.3527116e-10,-1.791907e-10,0.7056227,1
649121438,649121186,-0.23886503,0.73044544,0.6027035,-0.21480578,0.7085878,5.3527116e-10,-1.791907e-10,0.7056227,1
649126470,649126211,-0.23883815,0.73069686,0.602318,-0.21506189,0.7085878,5.3527116e-10,-1.791907e-10,0.7056227,1
649131433,649131188,-0.23883502,0.7308933,0.60199773,-0.2152943,0.7085878,5.3527116e-10,-1.791907e-10,0.7056227,1
649136439,649136187,-0.23885685,0.731037,0.6017439,-0.21549164,0.7085878,5.3527116e-10,-1.791907e-10,0.7056227,1
649141464,649141211,-0.23890848,0.73112106,0.6015621,-0.21565668,0.7085878,5.3527116e-10,-1.791907e-10,0.7056227,1
649146433,649146188,-0.23898141,0.7311477,0.6014546,-0.2157851,0.7085878,5.3527116e-10,-1.791907e-10,0.7056227,1
649151437,649151186,-0.23906563,0.73112106,0.6014223,-0.21587205,0.7085878,5.3527116e-10,-1.791907e-10,0.7056227,1
649156465,649156211,-0.239156,0.7310386,0.6014713,-0.21591507,0.7085878,5.3527116e-10,-1.791907e-10,0.7056227,1
649161452,649161188,-0.23925224,0.7309002,0.6016035,-0.21590866,0.7085878,5.3527116e-10,-1.791907e-10,0.7056227,1
649166432,649166187,-0.2393555,0.73071074,0.60181063,-0.21585846,0.7085878,5.3527116e-10,-1.791907e-10,0.7056227,1
649171466,649171211,-0.23945862,0.73047507,0.60208625,-0.2157728,0.7085878,5.3527116e-10,-1.791907e-10,0.7056227,1
649176443,649176187,-0.23956108,0.7301976,0.60242856,-0.21564284,0.7085878,5.3527116e-10,-1.791907e-10,0.7056227,1
649181429,649181186,-0.23966604,0.7298783,0.6028342,-0.21547367,0.7085878,5.3527116e-10,-1.791907e-10,0.7056227,1
649186464,649186211,-0.23977563,0.72952455,0.6032917,-0.21526892,0.7085878,5.3527116e-10,-1.791907e-10,0.7056227,1
649191453,649191188,-0.23988573,0.7291471,0.60378635,-0.21503842,0.7085878,5.3527116e-10,-1.791907e-10,0.7056227,1
649196430,649196186,-0.24000125,0.7287474,0.60431254,-0.2147859,0.7085878,5.3527116e-10,-1.791907e-10,0.7056227,1
649201466,649201211,-0.24012735,0.72833264,0.6048576,-0.21451737,0.7085878,5.3527116e-10,-1.791907e-10,0.7056227,1
649206460,649206188,-0.24026375,0.7279087,0.60540855,-0.2142494,0.7085878,5.3527116e-10,-1.791907e-10,0.7056227,1
649211438,649211186,-0.24040695,0.72747564,0.605967,-0.21398062,0.7085878,5.3527116e-10,-1.791907e-10,0.7056227,1
649216520,649216211,-0.24055803,0.72703826,0.6065232,-0.21372138,0.7085878,5.3527116e-10,-1.791907e-10,0.7056227,1
649221442,649221188,-0.24071598,0.7266143,0.60705453,-0.21347702,0.7085878,5.3527116e-10,-1.791907e-10,0.7056227,1
649226439,649226187,-0.24088909,0.7262026,0.6075553,-0.21325779,0.7085878,5.3527116e-10,-1.791907e-10,0.7056227,1
649231463,649231211,-0.24107224,0.72581244,0.60801613,-0.21306536,0.7085878,5.3527116e-10,-1.791907e-10,0.7056227,1
649236438,649236188,-0.24126147,0.7254535,0.60842496,-0.21290684,0.7085878,5.3527116e-10,-1.791907e-10,0.7056227,1
649241443,649241187,-0.24145518,0.7251233,0.6087861,-0.21277945,0.7085878,5.3527116e-10,-1.791907e-10,0.7056227,1
649246466,649246211,-0.24164918,0.7248287,0.6090918,-0.21268834,0.7085878,5.3527116e-10,-1.791907e-10,0.7056227,1
649251447,649251188,-0.24183235,0.72457933,0.60933316,-0.2126386,0.7085878,5.3527116e-10,-1.791907e-10,0.7056227,1
649256437,649256187,-0.24200645,0.72437066,0.6095155,-0.21262889,0.7085878,5.3527116e-10,-1.791907e-10,0.7056227,1
649261465,649261211,-0.24216372,0.7242142,0.60962903,-0.21265718,0.7085878,5.3527116e-10,-1.791907e-10,0.7056227,1
649266432,649266188,-0.24229938,0.7241137,0.60967636,-0.21270895,0.7085878,5.3527116e-10,-1.791907e-10,0.7056227,1
649271442,649271188,-0.24240887,0.7240705,0.60965574,-0.21279049,0.7085878,5.3527116e-10,-1.791907e-10,0.7056227,1
649276468,649276211,-0.24249181,0.72408336,0.609568,-0.2129036,0.7085878,5.3527116e-10,-1.791907e-10,0.7056227,1
649281432,649281188,-0.24254327,0.7241502,0.60942113,-0.2130384,0.7085878,5.3527116e-10,-1.791907e-10,0.7056227,1
649286436,649286186,-0.24256133,0.72426826,0.60921997,-0.21319167,0.7085878,5.3527116e-10,-1.791907e-10,0.7056227,1
649291465,649291210,-0.24253845,0.72444034,0.60896325,-0.2133664,0.7085878,5.3527116e-10,-1.791907e-10,0.7056227,1
649296439,649296189,-0.24247724,0.7246599,0.6086613,-0.21355169,0.7085878,5.3527116e-10,-1.791907e-10,0.7056227,1
649301439,649301187,-0.2423814,0.72492296,0.6083164,-0.21375051,0.7085878,5.3527116e-10,-1.791907e-10,0.7056227,1
649306495,649306211,-0.24225189,0.7252258,0.60793275,-0.21396105,0.7085878,5.3527116e-10,-1.791907e-10,0.7056227,1
649311447,649311188,-0.24208872,0.72555536,0.6075281,-0.21417788,0.7085878,5.3527116e-10,-1.791907e-10,0.7056227,1
649316429,649316187,-0.24190153,0.725909,0.607102,-0.21439941,0.7085878,5.3527116e-10,-1.791907e-10,0.7056227,1
649321464,649321211,-0.2416933,0.72628075,0.60665834,-0.21463081,0.7085878,5.3527116e-10,-1.791907e-10,0.7056227,1
649326441,649326188,-0.2414717,0.72665644,0.60621315,-0.21486625,0.7085878,5.3527116e-10,-1.791907e-10,0.7056227,1
649331431,649331187,-0.24123691,0.727035,0.6057687,-0.21510267,0.7085878,5.3527116e-10,-1.791907e-10,0.7056227,1
649336494,649336211,-0.2409962,0.7274091,0.6053308,-0.21534021,0.7085878,5.3527116e-10,-1.791907e-10,0.7056227,1
649341440,649341188,-0.24076264,0.72776556,0.6049105,-0.21557826,0.7085878,5.3527116e-10,-1.791907e-10,0.7056227,1
649346494,649346187,-0.24053851,0.72810286,0.6045091,-0.2158154,0.7085878,5.3527116e-10,-1.791907e-10,0.7056227,1
649351468,649351210,-0.2403303,0.72841406,0.604131,-0.21605581,0.7085878,5.3527116e-10,-1.791907e-10,0.7056227,1
649356440,649356188,-0.24013571,0.72868705,0.6037947,-0.2162917,0.7085878,5.3527116e-10,-1.791907e-10,0.7056227,1
649361429,649361186,-0.23996776,0.7289269,0.6034895,-0.21652152,0.7085878,5.3527116e-10,-1.791907e-10,0.7056227,1
649366458,649366211,-0.23982283,0.7291302,0.6032238,-0.21673773,0.7085878,5.3527116e-10,-1.791907e-10,0.7056227,1
649371447,649371188,-0.23971097,0.7292882,0.60300505,-0.21693863,0.7085878,5.3527116e-10,-1.791907e-10,0.7056227,1
649376440,649376187,-0.23963122,0.7294017,0.6028339,-0.21712051,0.7085878,5.3527116e-10,-1.791907e-10,0.7056227,1
649381459,649381211,-0.23957975,0.72946876,0.602714,-0.217285,0.7085878,5.3527116e-10,-1.791907e-10,0.7056227,1
649386440,649386188,-0.23956127,0.7294894,0.60264736,-0.21742113,0.7085878,5.3527116e-10,-1.791907e-10,0.7056227,1
649391438,649391187,-0.23957261,0.7294687,0.6026293,-0.21752796,0.7085878,5.3527116e-10,-1.791907e-10,0.7056227,1
649396470,649396211,-0.23960799,0.72940445,0.602666,-0.21760274,0.7085878,5.3527116e-10,-1.791907e-10,0.7056227,1
649401443,649401188,-0.2396641,0.7293017,0.6027543,-0.21764073,0.7085878,5.3527116e-10,-1.791907e-10,0.7056227,1
649406450,649406187,-0.23974124,0.72916394,0.6028907,-0.21763964,0.7085878,5.3527116e-10,-1.791907e-10,0.7056227,1
649411465,649411211,-0.23983487,0.7289918,0.6030756,-0.21760066,0.7085878,5.3527116e-10,-1.791907e-10,0.7056227,1
649416436,649416191,-0.23993869,0.7287933,0.60330266,-0.21752167,0.7085878,5.3527116e-10,-1.791907e-10,0.7056227,1
649421438,649421186,-0.24005012,0.72856677,0.60357505,-0.21740201,0.7085878,5.3527116e-10,-1.791907e-10,0.7056227,1
649426467,649426212,-0.24016795,0.72831714,0.60388595,-0.2172448,0.7085878,5.3527116e-10,-1.791907e-10,0.7056227,1
649431434,649431188,-0.24028392,0.7280532,0.6042261,-0.2170556,0.7085878,5.3527116e-10,-1.791907e-10,0.7056227,1
649436445,649436187,-0.24040215,0.7277742,0.6045935,-0.21683712,0.7085878,5.3527116e-10,-1.791907e-10,0.7056227,1
649441493,649441211,-0.24051613,0.7274863,0.60498315,-0.21658996,0.7085878,5.3527116e-10,-1.791907e-10,0.7056227,1
649446432,649446188,-0.24062735,0.7271942,0.60538536,-0.21632332,0.7085878,5.3527116e-10,-1.791907e-10,0.7056227,1
649451438,649451187,-0.24073543,0.72690034,0.60579664,-0.21603897,0.7085878,5.3527116e-10,-1.791907e-10,0.7056227,1
649456465,649456211,-0.24083911,0.72660434,0.60621345,-0.21574979,0.7085878,5.3527116e-10,-1.791907e-10,0.7056227,1
649461442,649461190,-0.24093473,0.7263168,0.60662,-0.21546806,0.7085878,5.3527116e-10,-1.791907e-10,0.7056227,1
649466429,649466186,-0.24102616,0.7260361,0.6070183,-0.21519049,0.7085878,5.3527116e-10,-1.791907e-10,0.7056227,1
649471467,649471211,-0.24111462,0.72576815,0.60739833,-0.21492258,0.7085878,5.3527116e-10,-1.791907e-10,0.7056227,1
649476499,649476188,-0.2411925,0.72551745,0.6077538,-0.21467666,0.7085878,5.3527116e-10,-1.791907e-10,0.7056227,1
649481436,649481187,-0.24126294,0.7252847,0.6080828,-0.21445227,0.7085878,5.3527116e-10,-1.791907e-10,0.7056227,1
649486469,649486211,-0.24133097,0.72507054,0.60837907,-0.21425945,0.7085878,5.3527116e-10,-1.791907e-10,0.7056227,1
649491442,649491188,-0.24138916,0.7248827,0.6086329,-0.21410854,0.7085878,5.3527116e-10,-1.791907e-10,0.7056227,1
649496431,649496187,-0.24144137,0.72472054,0.608846,-0.21399266,0.7085878,5.3527116e-10,-1.791907e-10,0.7056227,1
649501465,649501211,-0.24148302,0.7245854,0.6090179,-0.21391371,0.7085878,5.3527116e-10,-1.791907e-10,0.7056227,1
649506454,649506188,-0.2415129,0.7244815,0.6091427,-0.21387692,0.7085878,5.3527116e-10,-1.791907e-10,0.7056227,1
649511429,649511186,-0.24152832,0.72441196,0.609219,-0.21387789,0.7085878,5.3527116e-10,-1.791907e-10,0.7056227,1
649516456,649516211,-0.24152367,0.7243773,0.60924816,-0.21391727,0.7085878,5.3527116e-10,-1.791907e-10,0.7056227,1
649521442,649521188,-0.24150468,0.72437733,0.60923016,-0.2139897,0.7085878,5.3527116e-10,-1.791907e-10,0.7056227,1
649526439,649526187,-0.24147032,0.72441196,0.60916334,-0.21410136,0.7085878,5.3527116e-10,-1.791907e-10,0.7056227,1
649531456,649531211,-0.24141157,0.72448623,0.6090498,-0.21423952,0.7085878,5.3527116e-10,-1.791907e-10,0.7056227,1
649536446,649536188,-0.2413288,0.7245985,0.60889316,-0.21439815,0.7085878,5.3527116e-10,-1.791907e-10,0.7056227,1
649541437,649541187,-0.24122271,0.72474754,0.60869455,-0.21457759,0.7085878,5.3527116e-10,-1.791907e-10,0.7056227,1
649546475,649546211,-0.24108855,0.7249341,0.6084561,-0.21477433,0.7085878,5.3527116e-10,-1.791907e-10,0.7056227,1
649551440,649551188,-0.2409331,0.72515124,0.6081865,-0.21497954,0.7085878,5.3527116e-10,-1.791907e-10,0.7056227,1
649556438,649556187,-0.24074818,0.7253983,0.60788876,-0.21519516,0.7085878,5.3527116e-10,-1.791907e-10,0.7056227,1
649561465,649561211,-0.2405466,0.7256719,0.6075633,-0.21541734,0.7085878,5.3527116e-10,-1.791907e-10,0.7056227,1
649566439,649566188,-0.24033329,0.7259633,0.60722077,-0.21563892,0.7085878,5.3527116e-10,-1.791907e-10,0.7056227,1
649571437,649571187,-0.24010435,0.72627395,0.6068632,-0.21585476,0.7085878,5.3527116e-10,-1.791907e-10,0.7056227,1
649576470,649576211,-0.2398612,0.72659963,0.6064967,-0.2160588,0.7085878,5.3527116e-10,-1.791907e-10,0.7056227,1
649581434,649581188,-0.23961596,0.7269268,0.60613173,-0.21625474,0.7085878,5.3527116e-10,-1.791907e-10,0.7056227,1
649586443,649586187,-0.23937277,0.7272564,0.6057665,-0.21643911,0.7085878,5.3527116e-10,-1.791907e-10,0.7056227,1
649591493,649591211,-0.2391374,0.72757876,0.60540974,-0.21661401,0.7085878,5.3527116e-10,-1.791907e-10,0.7056227,1
649596435,649596188,-0.23891789,0.727886,0.6050705,-0.21677184,0.7085878,5.3527116e-10,-1.791907e-10,0.7056227,1
649601444,649601187,-0.23871347,0.7281742,0.6047528,-0.21691568,0.7085878,5.3527116e-10,-1.791907e-10,0.7056227,1
649606498,649606210,-0.23852716,0.7284413,0.60445714,-0.21704775,0.7085878,5.3527116e-10,-1.791907e-10,0.7056227,1
649612976,649612731,-0.23973298,0.73067427,0.6007033,-0.21862952,0.9999911,-0.00084351323,0.002304354,-0.0034454593,2
649617972,649617729,-0.23960312,0.73086226,0.6004952,-0.21871513,0.9999911,-0.00084351323,0.002304354,-0.0034454593,2
649622993,649622730,-0.23950598,0.73101217,0.6003273,-0.2187815,0.9999911,-0.00084351323,0.002304354,-0.0034454593,2
649628026,649627773,-0.23944068,0.73112214,0.60020214,-0.21882896,0.9999911,-0.00084351323,0.002304354,-0.0034454593,2
649632985,649632730,-0.2394076,0.73118544,0.6001275,-0.2188584,0.9999911,-0.00084351323,0.002304354,-0.0034454593,2
649637981,649637730,-0.23941103,0.7312043,0.6000993,-0.21886882,0.9999911,-0.00084351323,0.002304354,-0.0034454593,2
649642987,649642729,-0.23944137,0.73117846,0.6001225,-0.2188583,0.9999911,-0.00084351323,0.002304354,-0.0034454593,2
649647989,649647730,-0.23949777,0.7311058,0.6001994,-0.21882863,0.9999911,-0.00084351323,0.002304354,-0.0034454593,2
649652988,649652730,-0.23957753,0.73099154,0.60032535,-0.21877751,0.9999911,-0.00084351323,0.002304354,-0.0034454593,2
649657992,649657730,-0.23967339,0.7308331,0.6005062,-0.2187053,0.9999911,-0.00084351323,0.002304354,-0.0034454593,2
649663040,649662774,-0.23978242,0.73063445,0.6007383,-0.21861239,0.9999911,-0.00084351323,0.002304354,-0.0034454593,2
649667982,649667730,-0.23990351,0.7304054,0.60101074,-0.21849574,0.9999911,-0.00084351323,0.002304354,-0.0034454593,2
649673000,649672729,-0.24003445,0.7301426,0.60132647,-0.21836159,0.9999911,-0.00084351323,0.002304354,-0.0034454593,2
649677986,649677730,-0.2401686,0.7298525,0.6016811,-0.2182071,0.9999911,-0.00084351323,0.002304354,-0.0034454593,2
649682981,649682729,-0.2403054,0.7295424,0.6020642,-0.21803659,0.9999911,-0.00084351323,0.002304354,-0.0034454593,2
649687985,649687729,-0.24043676,0.72921956,0.6024696,-0.21785177,0.9999911,-0.00084351323,0.002304354,-0.0034454593,2
649692995,649692729,-0.24056023,0.7288882,0.60289264,-0.21765417,0.9999911,-0.00084351323,0.002304354,-0.0034454593,2
649698033,649697774,-0.24067466,0.7285507,0.60333073,-0.21744384,0.9999911,-0.00084351323,0.002304354,-0.0034454593,2
649702986,649702730,-0.2407765,0.7282218,0.60376346,-0.21723151,0.9999911,-0.00084351323,0.002304354,-0.0034454593,2
649707984,649707730,-0.24087264,0.7278972,0.60419345,-0.21701683,0.9999911,-0.00084351323,0.002304354,-0.0034454593,2
649712985,649712729,-0.24095589,0.72758347,0.6046118,-0.21681137,0.9999911,-0.00084351323,0.002304354,-0.0034454593,2
649717981,649717729,-0.24103065,0.7272876,0.6050078,-0.21661612,0.9999911,-0.00084351323,0.002304354,-0.0034454593,2
649722985,649722730,-0.24109098,0.7270126,0.6053798,-0.21643282,0.9999911,-0.00084351323,0.002304354,-0.0034454593,2
649727994,649727729,-0.2411416,0.72676545,0.60571593,-0.21626571,0.9999911,-0.00084351323,0.002304354,-0.0034454593,2
649733039,649732773,-0.24118216,0.7265462,0.60601556,-0.21611787,0.9999911,-0.00084351323,0.002304354,-0.0034454593,2
649737981,649737729,-0.24121334,0.7263647,0.60626286,-0.21599986,0.9999911,-0.00084351323,0.002304354,-0.0034454593,2
649742989,649742729,-0.241241,0.7262121,0.6064653,-0.21591339,0.9999911,-0.00084351323,0.002304354,-0.0034454593,2
649747985,649747729,-0.24126165,0.7260965,0.60661405,-0.2158615,0.9999911,-0.00084351323,0.002304354,-0.0034454593,2
649752978,649752729,-0.2412736,0.72602046,0.6067082,-0.2158393,0.9999911,-0.00084351323,0.002304354,-0.0034454593,2
649757988,649757729,-0.2412714,0.72598094,0.60675055,-0.21585542,0.9999911,-0.00084351323,0.002304354,-0.0034454593,2
649762990,649762729,-0.24126303,0.72598207,0.60673445,-0.21590622,0.9999911,-0.00084351323,0.002304354,-0.0034454593,2
649768034,649767774,-0.24124476,0.7260229,0.6066637,-0.21598828,0.9999911,-0.00084351323,0.002304354,-0.0034454593,2
649772997,649772729,-0.24122119,0.7261017,0.60653836,-0.21610194,0.9999911,-0.00084351323,0.002304354,-0.0034454593,2
649777983,649777729,-0.24118844,0.7262184,0.6063604,-0.21624568,0.9999911,-0.00084351323,0.002304354,-0.0034454593,2
649782985,649782730,-0.24114576,0.7263684,0.6061367,-0.21641642,0.9999911,-0.00084351323,0.002304354,-0.0034454593,2
649787983,649787729,-0.24109313,0.7265511,0.60586935,-0.21661015,0.9999911,-0.00084351323,0.002304354,-0.0034454593,2
649792986,649792730,-0.24102886,0.7267624,0.6055652,-0.2168232,0.9999911,-0.00084351323,0.002304354,-0.0034454593,2
649797983,649797729,-0.24095048,0.72700053,0.60523057,-0.21704642,0.9999911,-0.00084351323,0.002304354,-0.0034454593,2
649803035,649802774,-0.2408591,0.7272622,0.60486937,-0.21727774,0.9999911,-0.00084351323,0.002304354,-0.0034454593,2
649807983,649807730,-0.24075979,0.7275337,0.6044996,-0.21750821,0.9999911,-0.00084351323,0.002304354,-0.0034454593,2
649812984,649812729,-0.24064897,0.7278167,0.6041194,-0.21774015,0.9999911,-0.00084351323,0.002304354,-0.0034454593,2
649817985,649817730,-0.24052607,0.72810626,0.6037355,-0.21797237,0.9999911,-0.00084351323,0.002304354,-0.0034454593,2
649822987,649822729,-0.24039201,0.72839653,0.60335815,-0.21819535,0.9999911,-0.00084351323,0.002304354,-0.0034454593,2
649827982,649827730,-0.24025221,0.7286814,0.6029934,-0.21840645,0.9999911,-0.00084351323,0.002304354,-0.0034454593,2
649832989,649832729,-0.2401055,0.72895724,0.60264665,-0.2186042,0.9999911,-0.00084351323,0.002304354,-0.0034454593,2
649838034,649837774,-0.23995467,0.72922057,0.60232186,-0.21878675,0.9999911,-0.00084351323,0.002304354,-0.0034454593,2
649842987,649842730,-0.23980935,0.729457,0.6020332,-0.21895233,0.9999911,-0.00084351323,0.002304354,-0.0034454593,2
649847994,649847730,-0.23966843,0.7296694,0.6017783,-0.21909931,0.9999911,-0.00084351323,0.002304354,-0.0034454593,2
649852985,649852729,-0.2395366,0.7298499,0.60156506,-0.21922803,0.9999911,-0.00084351323,0.002304354,-0.0034454593,2
649857984,649857730,-0.23941538,0.72999555,0.60139596,-0.2193392,0.9999911,-0.00084351323,0.002304354,-0.0034454593,2
649862981,649862729,-0.23930714,0.730107,0.6012711,-0.21942885,0.9999911,-0.00084351323,0.002304354,-0.0034454593,2
649867986,649867729,-0.23921923,0.7301793,0.6011936,-0.21949652,0.9999911,-0.00084351323,0.002304354,-0.0034454593,2
649873055,649872773,-0.23915376,0.73021036,0.60116297,-0.2195484,0.9999911,-0.00084351323,0.002304354,-0.0034454593,2
649877984,649877730,-0.23911293,0.73020005,0.6011805,-0.21957932,0.9999911,-0.00084351323,0.002304354,-0.0034454593,2
649882981,649882729,-0.23910055,0.730145,0.60124665,-0.21959439,0.9999911,-0.00084351323,0.002304354,-0.0034454593,2
649887985,649887730,-0.2391174,0.7300499,0.60135674,-0.21959093,0.9999911,-0.00084351323,0.002304354,-0.0034454593,2
649892981,649892729,-0.23915936,0.7299168,0.60150844,-0.21957208,0.9999911,-0.00084351323,0.002304354,-0.0034454593,2
649897983,649897729,-0.23922557,0.7297498,0.60169756,-0.2195367,0.9999911,-0.00084351323,0.002304354,-0.0034454593,2
649902989,649902730,-0.2393129,0.7295507,0.6019238,-0.21948308,0.9999911,-0.00084351323,0.002304354,-0.0034454593,2
649908036,649907773,-0.2394228,0.72932154,0.6021843,-0.21941051,0.9999911,-0.00084351323,0.002304354,-0.0034454593,2
649912982,649912730,-0.23954746,0.7290735,0.60246664,-0.21932372,0.9999911,-0.00084351323,0.002304354,-0.0034454593,2
649917986,649917730,-0.23969042,0.7288024,0.60277516,-0.21922109,0.9999911,-0.00084351323,0.002304354,-0.0034454593,2
649922991,649922730,-0.23984407,0.72851557,0.6031021,-0.21910702,0.9999911,-0.00084351323,0.002304354,-0.0034454593,2
649927982,649927730,-0.24000624,0.7282202,0.60344034,-0.21897958,0.9999911,-0.00084351323,0.002304354,-0.0034454593,2
649932994,649932729,-0.24016868,0.7279223,0.603786,-0.21883947,0.9999911,-0.00084351323,0.002304354,-0.0034454593,2
649937978,649937729,-0.24032637,0.7276288,0.6041315,-0.21868849,0.9999911,-0.00084351323,0.002304354,-0.0034454593,2
649943034,649942774,-0.24047904,0.72733927,0.6044788,-0.21852426,0.9999911,-0.00084351323,0.002304354,-0.0034454593,2
649947981,649947730,-0.24061914,0.7270676,0.60480934,-0.21835938,0.9999911,-0.00084351323,0.002304354,-0.0034454593,2
649953004,649952730,-0.24075158,0.7268095,0.6051275,-0.21819094,0.9999911,-0.00084351323,0.002304354,-0.0034454593,2
649957982,649957729,-0.24086699,0.7265652,0.60543376,-0.21802787,0.9999911,-0.00084351323,0.002304354,-0.0034454593,2
649962981,649962729,-0.24096471,0.72634536,0.605716,-0.21786848,0.9999911,-0.00084351323,0.002304354,-0.0034454593,2
649967983,649967730,-0.2410453,0.726151,0.6059737,-0.21771026,0.9999911,-0.00084351323,0.002304354,-0.0034454593,2
649973008,649972729,-0.24110407,0.7259879,0.606199,-0.21756186,0.9999911,-0.00084351323,0.002304354,-0.0034454593,2
649978034,649977774,-0.24114478,0.7258543,0.6063918,-0.21742563,0.9999911,-0.00084351323,0.002304354,-0.0034454593,2
649982980,649982729,-0.2411678,0.7257502,0.6065483,-0.21731067,0.9999911,-0.00084351323,0.002304354,-0.0034454593,2
649987985,649987730,-0.2411785,0.72567517,0.60666674,-0.21721889,0.9999911,-0.00084351323,0.002304354,-0.0034454593,2
649992982,649992729,-0.24117145,0.7256302,0.6067464,-0.2171542,0.9999911,-0.00084351323,0.002304354,-0.0034454593,2
649997983,649997730,-0.24114804,0.7256164,0.60678536,-0.21711744,0.9999911,-0.00084351323,0.002304354,-0.0034454593,2
650002984,650002729,-0.24110943,0.7256308,0.606787,-0.21710792,0.9999911,-0.00084351323,0.002304354,-0.0034454593,2
650007983,650007729,-0.24105856,0.7256749,0.60674745,-0.21712744,0.9999911,-0.00084351323,0.002304354,-0.0034454593,2
650013040,650012774,-0.24099743,0.7257472,0.60666776,-0.21717635,0.9999911,-0.00084351323,0.002304354,-0.0034454593,2
650017982,650017730,-0.24092716,0.7258421,0.60655296,-0.21725748,0.9999911,-0.00084351323,0.002304354,-0.0034454593,2
650022981,650022729,-0.24084656,0.7259603,0.6064041,-0.21736762,0.9999911,-0.00084351323,0.002304354,-0.0034454593,2
650027982,650027729,-0.24076153,0.72609794,0.60622346,-0.2175059,0.9999911,-0.00084351323,0.002304354,-0.0034454593,2
650032992,650032730,-0.24066669,0.7262548,0.6060151,-0.21766771,0.9999911,-0.00084351323,0.002304354,-0.0034454593,2
650037987,650037730,-0.24056287,0.7264293,0.60578233,-0.21784803,0.9999911,-0.00084351323,0.002304354,-0.0034454593,2
650042984,650042729,-0.24045244,0.72661644,0.60553026,-0.21804658,0.9999911,-0.00084351323,0.002304354,-0.0034454593,2
650048029,650047773,-0.24033418,0.72681546,0.6052624,-0.21825755,0.9999911,-0.00084351323,0.002304354,-0.0034454593,2
650052983,650052729,-0.24021691,0.7270193,0.6049871,-0.21847086,0.9999911,-0.00084351323,0.002304354,-0.0034454593,2
650057988,650057730,-0.2400908,0.7272259,0.6047079,-0.21869442,0.9999911,-0.00084351323,0.002304354,-0.0034454593,2
650062989,650062729,-0.23996007,0.7274366,0.604427,-0.21891387,0.9999911,-0.00084351323,0.002304354,-0.0034454593,2
650067978,650067729,-0.23982328,0.7276487,0.60414964,-0.2191244,0.9999911,-0.00084351323,0.002304354,-0.0034454593,2
650073002,650072729,-0.2396825,0.7278582,0.6038815,-0.21932164,0.9999911,-0.00084351323,0.002304354,-0.0034454593,2
650077982,650077729,-0.23953986,0.7280628,0.6036255,-0.21950316,0.9999911,-0.00084351323,0.002304354,-0.0034454593,2
650083041,650082775,-0.2393952,0.7282601,0.60338527,-0.21966678,0.9999911,-0.00084351323,0.002304354,-0.0034454593,2
650087982,650087730,-0.23925805,0.7284382,0.60317314,-0.2198082,0.9999911,-0.00084351323,0.002304354,-0.0034454593,2
650092987,650092729,-0.23912378,0.72860295,0.60298425,-0.21992639,0.9999911,-0.00084351323,0.002304354,-0.0034454593,2
650097994,650097730,-0.23899643,0.72875017,0.6028229,-0.22001944,0.9999911,-0.00084351323,0.002304354,-0.0034454593,2
650102988,650102730,-0.23887569,0.72887665,0.6026941,-0.22008425,0.9999911,-0.00084351323,0.002304354,-0.0034454593,2
650107983,650107729,-0.238768,0.7289796,0.60259837,-0.22012235,0.9999911,-0.00084351323,0.002304354,-0.0034454593,2
650112979,650112729,-0.23867492,0.7290568,0.60253686,-0.220136,0.9999911,-0.00084351323,0.002304354,-0.0034454593,2
650118035,650117774,-0.23859963,0.72910476,0.60251254,-0.22012523,0.9999911,-0.00084351323,0.002304354,-0.0034454593,2
650122981,650122729,-0.23854458,0.72912437,0.60252386,-0.22008905,0.9999911,-0.00084351323,0.002304354,-0.0034454593,2
650127980,650127729,-0.2385125,0.7291135,0.60256994,-0.2200339,0.9999911,-0.00084351323,0.002304354,-0.0034454593,2
650132988,650132730,-0.23850194,0.7290692,0.6026539,-0.21996216,0.9999911,-0.00084351323,0.002304354,-0.0034454593,2
650137980,650137729,-0.23851441,0.72899354,0.60277224,-0.2198751,0.9999911,-0.00084351323,0.002304354,-0.0034454593,2
650142990,650142729,-0.23854949,0.7288869,0.6029248,-0.2197722,0.9999911,-0.00084351323,0.002304354,-0.0034454593,2
650147980,650147730,-0.23860559,0.7287549,0.60310405,-0.21965715,0.9999911,-0.00084351323,0.002304354,-0.0034454593,2
650153031,650152774,-0.23868085,0.72859246,0.6033177,-0.21952745,0.9999911,-0.00084351323,0.002304354,-0.0034454593,2
650157980,650157730,-0.23877195,0.7284022,0.6035583,-0.21939847,0.9999911,-0.00084351323,0.002304354,-0.0034454593,2
650162982,650162729,-0.23888275,0.7281877,0.6038205,-0.2192681,0.9999911,-0.00084351323,0.002304354,-0.0034454593,2
650167983,650167730,-0.23900801,0.72795296,0.6041032,-0.21913235,0.9999911,-0.00084351323,0.002304354,-0.0034454593,2
650173008,650172730,-0.23913905,0.72770596,0.6044002,-0.21899104,0.9999911,-0.00084351323,0.002304354,-0.0034454593,2
650177983,650177730,-0.2392708,0.72745043,0.6047072,-0.2188487,0.9999911,-0.00084351323,0.002304354,-0.0034454593,2
650182986,650182729,-0.23940453,0.7271896,0.60502106,-0.21870169,0.9999911,-0.00084351323,0.002304354,-0.0034454593,2
650188028,650187774,-0.2395338,0.7269267,0.60533744,-0.2185584,0.9999911,-0.00084351323,0.002304354,-0.0034454593,2
650192980,650192729,-0.23965466,0.72667044,0.6056471,-0.2184201,0.9999911,-0.00084351323,0.002304354,-0.0034454593,2
650197987,650197730,-0.23976873,0.72641903,0.60595226,-0.21828462,0.9999911,-0.00084351323,0.002304354,-0.0034454593,2
650202991,650202730,-0.23986517,0.72618306,0.6062417,-0.21816032,0.9999911,-0.00084351323,0.002304354,-0.0034454593,2
650207984,650207730,-0.23994415,0.7259636,0.6065153,-0.21804348,0.9999911,-0.00084351323,0.002304354,-0.0034454593,2
650212989,650212730,-0.24000469,0.7257666,0.6067666,-0.21793336,0.9999911,-0.00084351323,0.002304354,-0.0034454593,2
650217983,650217729,-0.24004367,0.72559536,0.6069919,-0.21783344,0.9999911,-0.00084351323,0.002304354,-0.0034454593,2
650223029,650222774,-0.24006453,0.7254498,0.60719013,-0.2177428,0.9999911,-0.00084351323,0.002304354,-0.0034454593,2
650227985,650227730,-0.2400685,0.7253362,0.6073504,-0.21766959,0.9999911,-0.00084351323,0.002304354,-0.0034454593,2
650232990,650232729,-0.24005039,0.7252534,0.6074772,-0.21761146,0.9999911,-0.00084351323,0.002304354,-0.0034454593,2
650237982,650237729,-0.24001557,0.72520196,0.6075665,-0.21757217,0.9999911,-0.00084351323,0.002304354,-0.0034454593,2
650242984,650242729,-0.23995946,0.7251846,0.60761666,-0.2175517,0.9999911,-0.00084351323,0.002304354,-0.0034454593,2
650247989,650247730,-0.23988558,0.7252033,0.60762435,-0.21754973,0.9999911,-0.00084351323,0.002304354,-0.0034454593,2
650252979,650252729,-0.23980492,0.72525144,0.6075904,-0.2175731,0.9999911,-0.00084351323,0.002304354,-0.0034454593,2
650258028,650257774,-0.23971091,0.7253266,0.6075211,-0.21761942,0.9999911,-0.00084351323,0.002304354,-0.0034454593,2
650262985,650262729,-0.23961161,0.72542864,0.6074126,-0.21769173,0.9999911,-0.00084351323,0.002304354,-0.0034454593,2
650267983,650267729,-0.23950872,0.7255584,0.607264,-0.21778679,0.9999911,-0.00084351323,0.002304354,-0.0034454593,2
650273008,650272730,-0.23940492,0.72571105,0.6070803,-0.21790434,0.9999911,-0.00084351323,0.002304354,-0.0034454593,2
650277982,650277729,-0.23929924,0.7258846,0.60686487,-0.21804263,0.9999911,-0.00084351323,0.002304354,-0.0034454593,2
650282983,650282730,-0.23919003,0.72607756,0.60662043,-0.21819995,0.9999911,-0.00084351323,0.002304354,-0.0034454593,2
650287982,650287729,-0.23908672,0.7262834,0.60635453,-0.21836722,0.9999911,-0.00084351323,0.002304354,-0.0034454593,2
650293041,650292773,-0.23898605,0.7265002,0.60606873,-0.21854958,0.9999911,-0.00084351323,0.002304354,-0.0034454593,2
650297983,650297729,-0.23889211,0.7267192,0.60577613,-0.21873505,0.9999911,-0.00084351323,0.002304354,-0.0034454593,2
650302988,650302730,-0.2388023,0.7269423,0.60547346,-0.21892981,0.9999911,-0.00084351323,0.002304354,-0.0034454593,2
650307979,650307729,-0.23871696,0.7271645,0.605169,-0.21912654,0.9999911,-0.00084351323,0.002304354,-0.0034454593,2
650312983,650312729,-0.238639,0.72738326,0.6048675,-0.2193181,0.9999911,-0.00084351323,0.002304354,-0.0034454593,2
650317984,650317730,-0.23856354,0.72759235,0.60457927,-0.2195014,0.9999911,-0.00084351323,0.002304354,-0.0034454593,2
650322985,650322729,-0.2384876,0.7277896,0.6043101,-0.21967094,0.9999911,-0.00084351323,0.002304354,-0.0034454593,2
650328032,650327774,-0.2384154,0.72797227,0.60406315,-0.21982302,0.9999911,-0.00084351323,0.002304354,-0.0034454593,2
650332987,650332729,-0.23834808,0.7281342,0.60384625,-0.219956,0.9999911,-0.00084351323,0.002304354,-0.0034454593,2
650337991,650337729,-0.2382853,0.7282754,0.6036591,-0.22007003,0.9999911,-0.00084351323,0.002304354,-0.0034454593,2
650342991,650342729,-0.23822825,0.7283908,0.60350883,-0.22016168,0.9999911,-0.00084351323,0.002304354,-0.0034454593,2
650347995,650347729,-0.23817249,0.72848356,0.6033947,-0.22022846,0.9999911,-0.00084351323,0.002304354,-0.0034454593,2
650352985,650352729,-0.23812284,0.7285489,0.60332054,-0.22026901,0.9999911,-0.00084351323,0.002304354,-0.0034454593,2
650357988,650357729,-0.23807833,0.72858185,0.60329217,-0.22028576,0.9999911,-0.00084351323,0.002304354,-0.0034454593,2
650363037,650362773,-0.23803894,0.7285846,0.6033071,-0.22027846,0.9999911,-0.00084351323,0.002304354,-0.0034454593,2
650367979,650367729,-0.23801506,0.72855425,0.6033627,-0.22025235,0.9999911,-0.00084351323,0.002304354,-0.0034454593,2
650373002,650372730,-0.23800406,0.7284921,0.6034583,-0.22020802,0.9999911,-0.00084351323,0.002304354,-0.0034454593,2
650377982,650377729,-0.23800655,0.7283991,0.60359263,-0.22014469,0.9999911,-0.00084351323,0.002304354,-0.0034454593,2
650382985,650382729,-0.23802443,0.7282794,0.60376006,-0.22006199,0.9999911,-0.00084351323,0.002304354,-0.0034454593,2
650387983,650387729,-0.23805735,0.7281302,0.60396135,-0.21996762,0.9999911,-0.00084351323,0.002304354,-0.0034454593,2
650392987,650392729,-0.23810308,0.72795665,0.60419166,-0.21986008,0.9999911,-0.00084351323,0.002304354,-0.0034454593,2
650398042,650397774,-0.23816597,0.727759,0.604447,-0.21974467,0.9999911,-0.00084351323,0.002304354,-0.0034454593,2
650402988,650402730,-0.238246,0.72754335,0.6047176,-0.21962747,0.9999911,-0.00084351323,0.002304354,-0.0034454593,2
650407986,650407729,-0.23834388,0.727308,0.60500526,-0.21950862,0.9999911,-0.00084351323,0.002304354,-0.0034454593,2
650412985,650412730,-0.2384545,0.72706157,0.6053005,-0.21939097,0.9999911,-0.00084351323,0.002304354,-0.0034454593,2
650417982,650417729,-0.23857568,0.7268077,0.60559964,-0.21927455,0.9999911,-0.00084351323,0.002304354,-0.0034454593,2
650422983,650422730,-0.23870167,0.72655284,0.6058974,-0.21915923,0.9999911,-0.00084351323,0.002304354,-0.0034454593,2
650427993,650427729,-0.23883334,0.72630095,0.6061885,-0.21904597,0.9999911,-0.00084351323,0.002304354,-0.0034454593,2
650433030,650432774,-0.2389689,0.7260519,0.6064721,-0.21893857,0.9999911,-0.00084351323,0.002304354,-0.0034454593,2
650437981,650437729,-0.23909941,0.72581804,0.6067362,-0.21883988,0.9999911,-0.00084351323,0.002304354,-0.0034454593,2
650442988,650442729,-0.23922905,0.72559536,0.6069832,-0.21875185,0.9999911,-0.00084351323,0.002304354,-0.0034454593,2
650447987,650447730,-0.23934993,0.7253927,0.6072069,-0.21867086,0.9999911,-0.00084351323,0.002304354,-0.0034454593,2
650452988,650452729,-0.23945633,0.72521555,0.6074042,-0.21859396,0.9999911,-0.00084351323,0.002304354,-0.0034454593,2
650457982,650457730,-0.23954707,0.725064,0.6075761,-0.2185196,0.9999911,-0.00084351323,0.002304354,-0.0034454593,2
650462981,650462729,-0.23961893,0.72494155,0.6077163,-0.21845691,0.9999911,-0.00084351323,0.002304354,-0.0034454593,2
650468034,650467773,-0.2396761,0.7248488,0.6078246,-0.21840055,0.9999911,-0.00084351323,0.002304354,-0.0034454593,2
650473016,650472729,-0.2397142,0.7247871,0.60789883,-0.218357,0.9999911,-0.00084351323,0.002304354,-0.0034454593,2
650477982,650477729,-0.23973106,0.72475684,0.60793847,-0.2183286,0.9999911,-0.00084351323,0.002304354,-0.0034454593,2
650482987,650482729,-0.23972926,0.7247592,0.60794276,-0.21831073,0.9999911,-0.00084351323,0.002304354,-0.0034454593,2
650487989,650487730,-0.23970458,0.72479296,0.6079142,-0.21830563,0.9999911,-0.00084351323,0.002304354,-0.0034454593,2
650492997,650492730,-0.23965774,0.72485924,0.6078506,-0.21831392,0.9999911,-0.00084351323,0.002304354,-0.0034454593,2
650497979,650497729,-0.23959517,0.72495306,0.60775465,-0.218338,0.9999911,-0.00084351323,0.002304354,-0.0034454593,2
650503032,650502774,-0.23951761,0.7250733,0.6076273,-0.21837848,0.9999911,-0.00084351323,0.002304354,-0.0034454593,2
650507982,650507729,-0.23943235,0.72521096,0.6074759,-0.21843624,0.9999911,-0.00084351323,0.002304354,-0.0034454593,2
650512983,650512729,-0.23933847,0.7253654,0.60730016,-0.21851489,0.9999911,-0.00084351323,0.002304354,-0.0034454593,2
650517983,650517730,-0.23923913,0.7255332,0.60710406,-0.21861145,0.9999911,-0.00084351323,0.002304354,-0.0034454593,2
650522980,650522729,-0.23913532,0.7257126,0.6068906,-0.21872194,0.9999911,-0.00084351323,0.002304354,-0.0034454593,2
650527988,650527730,-0.23902664,0.72590095,0.606663,-0.21884751,0.9999911,-0.00084351323,0.002304354,-0.0034454593,2
650532992,650532729,-0.2389187,0.72609395,0.6064247,-0.21898554,0.9999911,-0.00084351323,0.002304354,-0.0034454593,2
650538033,650537773,-0.23881537,0.7262871,0.6061807,-0.2191331,0.9999911,-0.00084351323,0.002304354,-0.0034454593,2
650542981,650542729,-0.23871888,0.7264745,0.6059374,-0.21928985,0.9999911,-0.00084351323,0.002304354,-0.0034454593,2
650547983,650547729,-0.2386273,0.7266568,0.605696,-0.21945255,0.9999911,-0.00084351323,0.002304354,-0.0034454593,2
650552983,650552729,-0.23854205,0.72682977,0.6054624,-0.21961679,0.9999911,-0.00084351323,0.002304354,-0.0034454593,2
650558001,650557730,-0.23846038,0.7269899,0.60524297,-0.21978015,0.9999911,-0.00084351323,0.002304354,-0.0034454593,2
650562982,650562730,-0.23838307,0.72713757,0.6050395,-0.21993569,0.9999911,-0.00084351323,0.002304354,-0.0034454593,2
650567987,650567729,-0.23831475,0.72727144,0.60485363,-0.22007845,0.9999911,-0.00084351323,0.002304354,-0.0034454593,2
650573053,650572773,-0.23825258,0.7273874,0.6046901,-0.22021179,0.9999911,-0.00084351323,0.002304354,-0.0034454593,2
650577979,650577730,-0.23820047,0.7274815,0.6045543,-0.22033031,0.9999911,-0.00084351323,0.002304354,-0.0034454593,2
650582982,650582729,-0.2381544,0.72755903,0.6044425,-0.22043064,0.9999911,-0.00084351323,0.002304354,-0.0034454593,2
650587980,650587730,-0.23811656,0.7276174,0.60435945,-0.22050643,0.9999911,-0.00084351323,0.002304354,-0.0034454593,2
650592980,650592729,-0.23808289,0.7276541,0.6043096,-0.22055821,0.9999911,-0.00084351323,0.002304354,-0.0034454593,2
650597984,650597730,-0.23805337,0.7276726,0.6042897,-0.22058384,0.9999911,-0.00084351323,0.002304354,-0.0034454593,2
650602998,650602730,-0.23803076,0.7276694,0.60430324,-0.22058162,0.9999911,-0.00084351323,0.002304354,-0.0034454593,2
650608030,650607774,-0.23801643,0.7276459,0.6043472,-0.22055429,0.9999911,-0.00084351323,0.002304354,-0.0034454593,2
650612987,650612729,-0.23801017,0.7276002,0.60442173,-0.22050746,0.9999911,-0.00084351323,0.002304354,-0.0034454593,2
650617988,650617730,-0.23801291,0.72753775,0.60452235,-0.22043478,0.9999911,-0.00084351323,0.002304354,-0.0034454593,2
650622982,650622729,-0.23802315,0.7274554,0.60465163,-0.22034118,0.9999911,-0.00084351323,0.002304354,-0.0034454593,2
650627980,650627729,-0.23804644,0.727354,0.60480505,-0.22022937,0.9999911,-0.00084351323,0.002304354,-0.0034454593,2
650632984,650632730,-0.23807463,0.7272364,0.6049816,-0.2201025,0.9999911,-0.00084351323,0.002304354,-0.0034454593,2
650637980,650637729,-0.2381164,0.72710425,0.6051755,-0.21996082,0.9999911,-0.00084351323,0.002304354,-0.0034454593,2
650643028,650642773,-0.23816907,0.72695625,0.6053866,-0.21981159,0.9999911,-0.00084351323,0.002304354,-0.0034454593,2
650647980,650647729,-0.2382353,0.7267982,0.60560584,-0.21965882,0.9999911,-0.00084351323,0.002304354,-0.0034454593,2
650652982,650652729,-0.23831514,0.7266266,0.6058367,-0.21950348,0.9999911,-0.00084351323,0.002304354,-0.0034454593,2
650657984,650657730,-0.23839623,0.72644615,0.60607696,-0.21934898,0.9999911,-0.00084351323,0.002304354,-0.0034454593,2
650662997,650662729,-0.23848705,0.7262618,0.6063166,-0.21919867,0.9999911,-0.00084351323,0.002304354,-0.0034454593,2
650667984,650667729,-0.23857969,0.72607595,0.6065548,-0.21905415,0.9999911,-0.00084351323,0.002304354,-0.0034454593,2
650673010,650672729,-0.238677,0.7258887,0.6067895,-0.21891859,0.9999911,-0.00084351323,0.002304354,-0.0034454593,2
650678034,650677773,-0.23877752,0.7257036,0.6070161,-0.2187946,0.9999911,-0.00084351323,0.002304354,-0.0034454593,2
650682981,650682730,-0.2388763,0.72552896,0.60722566,-0.21868479,0.9999911,-0.00084351323,0.002304354,-0.0034454593,2
650688010,650687751,-0.23897548,0.72535765,0.6074261,-0.2185877,0.9999911,-0.00084351323,0.002304354,-0.0034454593,2
650692985,650692729,-0.23906113,0.7252044,0.60760456,-0.21850638,0.9999911,-0.00084351323,0.002304354,-0.0034454593,2
650697981,650697729,-0.23913634,0.7250661,0.6077645,-0.21843839,0.9999911,-0.00084351323,0.002304354,-0.0034454593,2
650702988,650702729,-0.23919836,0.7249461,0.60790324,-0.21838278,0.9999911,-0.00084351323,0.002304354,-0.0034454593,2
650707983,650707730,-0.23924951,0.7248476,0.6080159,-0.21833996,0.9999911,-0.00084351323,0.002304354,-0.0034454593,2
650713034,650712774,-0.23928392,0.72477025,0.60810584,-0.2183087,0.9999911,-0.00084351323,0.002304354,-0.0034454593,2
650717984,650717729,-0.23930095,0.724718,0.60816735,-0.21829216,0.9999911,-0.00084351323,0.002304354,-0.0034454593,2
650722981,650722729,-0.23929672,0.72468954,0.60820407,-0.2182886,0.9999911,-0.00084351323,0.002304354,-0.0034454593,2
650727983,650727730,-0.23927197,0.72468853,0.6082112,-0.2182995,0.9999911,-0.00084351323,0.002304354,-0.0034454593,2
650732989,650732729,-0.23922901,0.7247144,0.60818946,-0.21832125,0.9999911,-0.00084351323,0.002304354,-0.0034454593,2
650737981,650737729,-0.2391647,0.7247664,0.60814154,-0.21835265,0.9999911,-0.00084351323,0.002304354,-0.0034454593,2
650742986,650742729,-0.23908396,0.7248444,0.6080644,-0.2183969,0.9999911,-0.00084351323,0.002304354,-0.0034454593,2
650748040,650747773,-0.23899132,0.72494346,0.607964,-0.21844916,0.9999911,-0.00084351323,0.002304354,-0.0034454593,2
650752979,650752729,-0.23888843,0.72506094,0.60784084,-0.2185143,0.9999911,-0.00084351323,0.002304354,-0.0034454593,2
650757981,650757730,-0.2387729,0.72519606,0.6076973,-0.21859172,0.9999911,-0.00084351323,0.002304354,-0.0034454593,2
650762985,650762729,-0.23865086,0.72534734,0.6075332,-0.21867903,0.9999911,-0.00084351323,0.002304354,-0.0034454593,2
650767989,650767730,-0.2385228,0.7255124,0.6073521,-0.21877444,0.9999911,-0.00084351323,0.002304354,-0.0034454593,2
650773000,650772730,-0.23839255,0.7256874,0.60715663,-0.2188781,0.9999911,-0.00084351323,0.002304354,-0.0034454593,2
650777983,650777730,-0.23826787,0.7258685,0.6069495,-0.21898794,0.9999911,-0.00084351323,0.002304354,-0.0034454593,2
650783029,650782773,-0.23814955,0.72605526,0.6067298,-0.219106,0.9999911,-0.00084351323,0.002304354,-0.0034454593,2
650787982,650787730,-0.23804048,0.7262378,0.6065114,-0.21922445,0.9999911,-0.00084351323,0.002304354,-0.0034454593,2
650792989,650792730,-0.23793927,0.72641593,0.6062919,-0.21935156,0.9999911,-0.00084351323,0.002304354,-0.0034454593,2
650797981,650797729,-0.23785028,0.7265867,0.6060758,-0.21947956,0.9999911,-0.00084351323,0.002304354,-0.0034454593,2
650802984,650802730,-0.23777308,0.7267491,0.6058677,-0.21959998,0.9999911,-0.00084351323,0.002304354,-0.0034454593,2
650807983,650807729,-0.23770367,0.72689867,0.6056742,-0.2197138,0.9999911,-0.00084351323,0.002304354,-0.0034454593,2
650812982,650812730,-0.23764649,0.7270333,0.6054958,-0.21982189,0.9999911,-0.00084351323,0.002304354,-0.0034454593,2
650818028,650817773,-0.23760495,0.7271498,0.6053365,-0.21992005,0.9999911,-0.00084351323,0.002304354,-0.0034454593,2
650822983,650822730,-0.23757733,0.7272443,0.60520303,-0.22000481,0.9999911,-0.00084351323,0.002304354,-0.0034454593,2
650827981,650827729,-0.2375589,0.7273199,0.6050929,-0.22007763,0.9999911,-0.00084351323,0.002304354,-0.0034454593,2
650832988,650832730,-0.23755117,0.7273723,0.60501254,-0.22013374,0.9999911,-0.00084351323,0.002304354,-0.0034454593,2
650837983,650837730,-0.23755173,0.7274041,0.6049619,-0.22016726,0.9999911,-0.00084351323,0.002304354,-0.0034454593,2
650842986,650842730,-0.23755862,0.7274126,0.6049444,-0.22017981,0.9999911,-0.00084351323,0.002304354,-0.0034454593,2
650847980,650847730,-0.23757297,0.7273977,0.60495824,-0.2201758,0.9999911,-0.00084351323,0.002304354,-0.0034454593,2
650853035,650852774,-0.23759267,0.7273582,0.6050063,-0.22015283,0.9999911,-0.00084351323,0.002304354,-0.0034454593,2
650857986,650857730,-0.23762089,0.72729325,0.6050886,-0.22011083,0.9999911,-0.00084351323,0.002304354,-0.0034454593,2
650862993,650862729,-0.23765518,0.72720563,0.60520345,-0.22004761,0.9999911,-0.00084351323,0.002304354,-0.0034454593,2
650867984,650867729,-0.23768885,0.727099,0.60534745,-0.21996748,0.9999911,-0.00084351323,0.002304354,-0.0034454593,2
650873014,650872729,-0.23772435,0.72697425,0.6055193,-0.2198682,0.9999911,-0.00084351323,0.002304354,-0.0034454593,2
650877983,650877730,-0.23776141,0.726832,0.6057163,-0.21975595,0.9999911,-0.00084351323,0.002304354,-0.0034454593,2
650882984,650882729,-0.23780443,0.72667485,0.60593337,-0.21963035,0.9999911,-0.00084351323,0.002304354,-0.0034454593,2
650888029,650887774,-0.23785433,0.7265031,0.6061674,-0.21949884,0.9999911,-0.00084351323,0.002304354,-0.0034454593,2
650892979,650892729,-0.23791157,0.72632235,0.6064084,-0.21936896,0.9999911,-0.00084351323,0.002304354,-0.0034454593,2
650897984,650897729,-0.23797366,0.72613204,0.6066601,-0.21923585,0.9999911,-0.00084351323,0.002304354,-0.0034454593,2
650902993,650902730,-0.2380371,0.72593874,0.6069142,-0.21910363,0.9999911,-0.00084351323,0.002304354,-0.0034454593,2
650907982,650907730,-0.2381037,0.7257442,0.60716695,-0.21897581,0.9999911,-0.00084351323,0.002304354,-0.0034454593,2
650912983,650912730,-0.23817107,0.7255506,0.607415,-0.21885572,0.9999911,-0.00084351323,0.002304354,-0.0034454593,2
650917983,650917729,-0.23824272,0.7253623,0.6076524,-0.2187431,0.9999911,-0.00084351323,0.002304354,-0.0034454593,2
650923034,650922774,-0.23831773,0.7251788,0.6078781,-0.21864271,0.9999911,-0.00084351323,0.002304354,-0.0034454593,2
650927982,650927729,-0.23839074,0.72501,0.6080811,-0.21855845,0.9999911,-0.00084351323,0.002304354,-0.0034454593,2
650932989,650932729,-0.23846404,0.7248544,0.60826254,-0.21848947,0.9999911,-0.00084351323,0.002304354,-0.0034454593,2
650937981,650937730,-0.23853697,0.724714,0.6084205,-0.21843588,0.9999911,-0.00084351323,0.002304354,-0.0034454593,2
650942984,650942729,-0.23860006,0.7245954,0.60855097,-0.21839735,0.9999911,-0.00084351323,0.002304354,-0.0034454593,2
650947987,650947730,-0.238656,0.7244993,0.6086519,-0.2183735,0.9999911,-0.00084351323,0.002304354,-0.0034454593,2
650952993,650952730,-0.23870398,0.72442657,0.6087231,-0.21836416,0.9999911,-0.00084351323,0.002304354,-0.0034454593,2
650958027,650957774,-0.23874019,0.7243746,0.608768,-0.21837185,0.9999911,-0.00084351323,0.002304354,-0.0034454593,2
650962985,650962729,-0.23876397,0.72434837,0.6087826,-0.21839187,0.9999911,-0.00084351323,0.002304354,-0.0034454593,2
650967979,650967729,-0.23877555,0.7243507,0.60876274,-0.21842696,0.9999911,-0.00084351323,0.002304354,-0.0034454593,2
650973002,650972729,-0.23877084,0.72437775,0.6087165,-0.218471,0.9999911,-0.00084351323,0.002304354,-0.0034454593,2
650977989,650977730,-0.23874877,0.724434,0.60863954,-0.21852334,0.9999911,-0.00084351323,0.002304354,-0.0034454593,2
650982981,650982729,-0.23871292,0.7245125,0.60853803,-0.2185847,0.9999911,-0.00084351323,0.002304354,-0.0034454593,2
650987982,650987730,-0.23866019,0.72461367,0.60841304,-0.21865514,0.9999911,-0.00084351323,0.002304354,-0.0034454593,2
650993035,650992773,-0.23859593,0.72473615,0.608264,-0.21873389,0.9999911,-0.00084351323,0.002304354,-0.0034454593,2
650997984,650997730,-0.23852468,0.7248706,0.60810024,-0.21882126,0.9999911,-0.00084351323,0.002304354,-0.0034454593,2
651002989,651002729,-0.23844008,0.72502184,0.60791886,-0.2189163,0.9999911,-0.00084351323,0.002304354,-0.0034454593,2
651008003,651007729,-0.23834416,0.7251876,0.60772383,-0.21901321,0.9999911,-0.00084351323,0.002304354,-0.0034454593,2
651012981,651012730,-0.23824178,0.7253614,0.60752076,-0.21911234,0.9999911,-0.00084351323,0.002304354,-0.0034454593,2
651017983,651017730,-0.23813364,0.72553927,0.607314,-0.21921417,0.9999911,-0.00084351323,0.002304354,-0.0034454593,2
651022987,651022729,-0.23802659,0.72571695,0.6071067,-0.2193166,0.9999911,-0.00084351323,0.002304354,-0.0034454593,2
651028033,651027773,-0.23792155,0.7258898,0.6069021,-0.21942466,0.9999911,-0.00084351323,0.002304354,-0.0034454593,2
651032987,651032730,-0.23782432,0.7260526,0.60670644,-0.21953261,0.9999911,-0.00084351323,0.002304354,-0.0034454593,2
651037982,651037730,-0.23773141,0.72620714,0.60651946,-0.2196385,0.9999911,-0.00084351323,0.002304354,-0.0034454593,2
651042983,651042729,-0.23764469,0.7263497,0.60634524,-0.21974216,0.9999911,-0.00084351323,0.002304354,-0.0034454593,2
651047985,651047729,-0.23756923,0.7264757,0.6061875,-0.21984214,0.9999911,-0.00084351323,0.002304354,-0.0034454593,2
651052981,651052729,-0.23750228,0.7265833,0.6060508,-0.21993597,0.9999911,-0.00084351323,0.002304354,-0.0034454593,2
651057983,651057729,-0.23744944,0.726667,0.60593927,-0.22002389,0.9999911,-0.00084351323,0.002304354,-0.0034454593,2
651063034,651062773,-0.23741157,0.7267294,0.6058494,-0.22010623,0.9999911,-0.00084351323,0.002304354,-0.0034454593,2
651067980,651067729,-0.23738618,0.7267672,0.6057874,-0.22017932,0.9999911,-0.00084351323,0.002304354,-0.0034454593,2
651073006,651072730,-0.2373765,0.7267835,0.6057484,-0.22024311,0.9999911,-0.00084351323,0.002304354,-0.0034454593,2
651077995,651077730,-0.23737471,0.72677857,0.60573786,-0.22029042,0.9999911,-0.00084351323,0.002304354,-0.0034454593,2
651082978,651082730,-0.2373793,0.7267546,0.6057537,-0.22032113,0.9999911,-0.00084351323,0.002304354,-0.0034454593,2
651087981,651087730,-0.23739386,0.72670925,0.6057979,-0.22033353,0.9999911,-0.00084351323,0.002304354,-0.0034454593,2
651092981,651092729,-0.23742074,0.72664315,0.60586816,-0.22032937,0.9999911,-0.00084351323,0.002304354,-0.0034454593,2
651098029,651097773,-0.23745665,0.72655773,0.6059635,-0.22031023,0.9999911,-0.00084351323,0.002304354,-0.0034454593,2
651102981,651102729,-0.23749995,0.726455,0.6060825,-0.2202752,0.9999911,-0.00084351323,0.002304354,-0.0034454593,2
651108003,651107729,-0.23754998,0.72634006,0.6062188,-0.22022472,0.9999911,-0.00084351323,0.002304354,-0.0034454593,2
651112989,651112729,-0.23760225,0.726211,0.6063789,-0.22015317,0.9999911,-0.00084351323,0.002304354,-0.0034454593,2
651117986,651117730,-0.23765269,0.7260737,0.60655516,-0.22006603,0.9999911,-0.00084351323,0.002304354,-0.0034454593,2
651122990,651122730,-0.23770773,0.72592896,0.606743,-0.21996652,0.9999911,-0.00084351323,0.002304354,-0.0034454593,2
651127982,651127729,-0.23776534,0.72577703,0.60694236,-0.2198556,0.9999911,-0.00084351323,0.002304354,-0.0034454593,2
651133037,651132774,-0.2378266,0.72561926,0.6071504,-0.21973526,0.9999911,-0.00084351323,0.002304354,-0.0034454593,2
651137981,651137729,-0.23788637,0.72546273,0.6073582,-0.21961315,0.9999911,-0.00084351323,0.002304354,-0.0034454593,2
651142985,651142729,-0.23794639,0.7253065,0.6075672,-0.21948625,0.9999911,-0.00084351323,0.002304354,-0.0034454593,2
651147982,651147730,-0.23800257,0.7251544,0.6077738,-0.21935576,0.9999911,-0.00084351323,0.002304354,-0.0034454593,2
651152989,651152729,-0.23805715,0.72500736,0.6079736,-0.21922886,0.9999911,-0.00084351323,0.002304354,-0.0034454593,2
651157988,651157729,-0.23811044,0.72486234,0.6081688,-0.21910888,0.9999911,-0.00084351323,0.002304354,-0.0034454593,2
651162985,651162729,-0.2381657,0.7247261,0.60834986,-0.21899699,0.9999911,-0.00084351323,0.002304354,-0.0034454593,2
651168027,651167775,-0.23822184,0.7245971,0.60851765,-0.21889682,0.9999911,-0.00084351323,0.002304354,-0.0034454593,2
651173002,651172730,-0.23827443,0.72448224,0.6086632,-0.21881483,0.9999911,-0.00084351323,0.002304354,-0.0034454593,2
651177981,651177729,-0.23832439,0.7243813,0.6087888,-0.21874496,0.9999911,-0.00084351323,0.002304354,-0.0034454593,2
651182990,651182729,-0.2383673,0.7242951,0.608894,-0.2186913,0.9999911,-0.00084351323,0.002304354,-0.0034454593,2
651187982,651187730,-0.23840155,0.7242254,0.6089775,-0.21865226,0.9999911,-0.00084351323,0.002304354,-0.0034454593,2
651192993,651192730,-0.23843004,0.7241713,0.6090388,-0.21862991,0.9999911,-0.00084351323,0.002304354,-0.0034454593,2
651197982,651197729,-0.23845322,0.7241349,0.6090747,-0.2186246,0.9999911,-0.00084351323,0.002304354,-0.0034454593,2
651203029,651202773,-0.23846623,0.7241165,0.60908514,-0.2186423,0.9999911,-0.00084351323,0.002304354,-0.0034454593,2
651208000,651207729,-0.23846921,0.724116,0.6090735,-0.21867338,0.9999911,-0.00084351323,0.002304354,-0.0034454593,2
651212982,651212730,-0.23846306,0.7241324,0.6090388,-0.21872221,0.9999911,-0.00084351323,0.002304354,-0.0034454593,2
651217987,651217729,-0.23844603,0.7241681,0.6089811,-0.21878313,0.9999911,-0.00084351323,0.002304354,-0.0034454593,2
651222987,651222729,-0.23841527,0.72422224,0.6089038,-0.21885286,0.9999911,-0.00084351323,0.002304354,-0.0034454593,2
651227988,651227730,-0.23837101,0.72429454,0.60880667,-0.21893206,0.9999911,-0.00084351323,0.002304354,-0.0034454593,2
651232989,651232730,-0.23831575,0.72438043,0.6086938,-0.21902195,0.9999911,-0.00084351323,0.002304354,-0.0034454593,2
651238033,651237773,-0.23824719,0.7244833,0.6085642,-0.2191164,0.9999911,-0.00084351323,0.002304354,-0.0034454593,2
651242981,651242729,-0.23816983,0.72459596,0.60842437,-0.21921603,0.9999911,-0.00084351323,0.002304354,-0.0034454593,2
651247984,651247730,-0.23808283,0.72471917,0.6082744,-0.21931967,0.9999911,-0.00084351323,0.002304354,-0.0034454593,2
651252985,651252730,-0.23798773,0.7248519,0.6081173,-0.21941961,0.9999911,-0.00084351323,0.002304354,-0.0034454593,2
651257986,651257730,-0.23788683,0.7249876,0.6079578,-0.21952277,0.9999911,-0.00084351323,0.002304354,-0.0034454593,2
651262982,651262730,-0.23778015,0.7251259,0.60779786,-0.21962424,0.9999911,-0.00084351323,0.002304354,-0.0034454593,2
651267978,651267729,-0.23767456,0.7252656,0.60763705,-0.21972229,0.9999911,-0.00084351323,0.002304354,-0.0034454593,2
651273046,651272773,-0.23757273,0.72540325,0.607477,-0.21982056,0.9999911,-0.00084351323,0.002304354,-0.0034454593,2
651277981,651277729,-0.23747692,0.72553366,0.60732585,-0.2199116,0.9999911,-0.00084351323,0.002304354,-0.0034454593,2
651282980,651282729,-0.23738557,0.7256576,0.60718197,-0.21999836,0.9999911,-0.00084351323,0.002304354,-0.0034454593,2
651287989,651287729,-0.23730212,0.7257725,0.60704917,-0.2200758,0.9999911,-0.00084351323,0.002304354,-0.0034454593,2
651292979,651292729,-0.23722668,0.725877,0.60692954,-0.22014238,0.9999911,-0.00084351323,0.002304354,-0.0034454593,2
651297982,651297729,-0.23716053,0.7259672,0.60682535,-0.22020316,0.9999911,-0.00084351323,0.002304354,-0.0034454593,2
651302989,651302730,-0.23711014,0.7260413,0.6067377,-0.22025493,0.9999911,-0.00084351323,0.002304354,-0.0034454593,2
651308051,651307773,-0.2370782,0.72609484,0.6066693,-0.22030126,0.9999911,-0.00084351323,0.002304354,-0.0034454593,2
651312977,651312730,-0.23706052,0.7261287,0.60662204,-0.22033891,0.9999911,-0.00084351323,0.002304354,-0.0034454593,2
651317982,651317730,-0.23705271,0.7261446,0.60659677,-0.22036439,0.9999911,-0.00084351323,0.002304354,-0.0034454593,2
651322983,651322730,-0.23705964,0.7261401,0.6065949,-0.22037673,0.9999911,-0.00084351323,0.002304354,-0.0034454593,2
651327978,651327729,-0.23708084,0.7261165,0.606615,-0.22037655,0.9999911,-0.00084351323,0.002304354,-0.0034454593,2
651332985,651332729,-0.23711316,0.7260759,0.60665566,-0.22036356,0.9999911,-0.00084351323,0.002304354,-0.0034454593,2
651337995,651337729,-0.23715714,0.7260134,0.60672176,-0.2203404,0.9999911,-0.00084351323,0.002304354,-0.0034454593,2
651343033,651342773,-0.23721549,0.7259317,0.6068095,-0.2203048,0.9999911,-0.00084351323,0.002304354,-0.0034454593,2
651347980,651347730,-0.23727995,0.7258336,0.6069182,-0.22025919,0.9999911,-0.00084351323,0.002304354,-0.0034454593,2
651352985,651352730,-0.23734698,0.7257199,0.60704905,-0.22020122,0.9999911,-0.00084351323,0.002304354,-0.0034454593,2
651357983,651357730,-0.23741573,0.7255915,0.60720134,-0.22013032,0.9999911,-0.00084351323,0.002304354,-0.0034454593,2
651362978,651362729,-0.2374835,0.72545314,0.6073693,-0.22004992,0.9999911,-0.00084351323,0.002304354,-0.0034454593,2
651367982,651367729,-0.2375538,0.7253071,0.6075486,-0.21996056,0.9999911,-0.00084351323,0.002304354,-0.0034454593,2
651373007,651372730,-0.2376254,0.7251523,0.60773945,-0.21986602,0.9999911,-0.00084351323,0.002304354,-0.0034454593,2
651378033,651377773,-0.23769729,0.72499025,0.60794,-0.21976851,0.9999911,-0.00084351323,0.002304354,-0.0034454593,2
651382979,651382729,-0.23776448,0.72483015,0.60814047,-0.21966894,0.9999911,-0.00084351323,0.002304354,-0.0034454593,2
651387983,651387730,-0.23782626,0.72467095,0.6083428,-0.21956694,0.9999911,-0.00084351323,0.002304354,-0.0034454593,2
651392991,651392729,-0.237881,0.7245143,0.60854554,-0.21946321,0.9999911,-0.00084351323,0.002304354,-0.0034454593,2
651397982,651397729,-0.23793115,0.7243655,0.60873973,-0.21936156,0.9999911,-0.00084351323,0.002304354,-0.0034454593,2
651402983,651402730,-0.23797439,0.7242246,0.6089249,-0.21926583,0.9999911,-0.00084351323,0.002304354,-0.0034454593,2
651408000,651407729,-0.23801358,0.72409135,0.60909873,-0.21918024,0.9999911,-0.00084351323,0.002304354,-0.0034454593,2
651413040,651412773,-0.23805095,0.72396636,0.60926026,-0.21910375,0.9999911,-0.00084351323,0.002304354,-0.0034454593,2
651417980,651417730,-0.23807943,0.7238578,0.6094002,-0.21904208,0.9999911,-0.00084351323,0.002304354,-0.0034454593,2
651422982,651422729,-0.2381043,0.72376585,0.60951763,-0.21899231,0.9999911,-0.00084351323,0.002304354,-0.0034454593,2
651427982,651427729,-0.23812425,0.72368723,0.60961616,-0.2189562,0.9999911,-0.00084351323,0.002304354,-0.0034454593,2
651432985,651432730,-0.23813629,0.72363085,0.6096854,-0.21893646,0.9999911,-0.00084351323,0.002304354,-0.0034454593,2
651437986,651437729,-0.23814532,0.72359055,0.60973126,-0.2189325,0.9999911,-0.00084351323,0.002304354,-0.0034454593,2
651442979,651442729,-0.23815009,0.72356796,0.6097516,-0.21894546,0.9999911,-0.00084351323,0.002304354,-0.0034454593,2
651448034,651447774,-0.23815013,0.72356474,0.6097444,-0.2189759,0.9999911,-0.00084351323,0.002304354,-0.0034454593,2
651452981,651452729,-0.23814544,0.7235793,0.60971284,-0.21902055,0.9999911,-0.00084351323,0.002304354,-0.0034454593,2
651457982,651457730,-0.23813722,0.72360986,0.6096586,-0.21907994,0.9999911,-0.00084351323,0.002304354,-0.0034454593,2
651462981,651462729,-0.23811781,0.7236605,0.60957944,-0.21915364,0.9999911,-0.00084351323,0.002304354,-0.0034454593,2
651467982,651467729,-0.23809184,0.72372913,0.6094788,-0.21923521,0.9999911,-0.00084351323,0.002304354,-0.0034454593,2
651473006,651472730,-0.23805954,0.7238132,0.60935825,-0.2193281,0.9999911,-0.00084351323,0.002304354,-0.0034454593,2
651477979,651477729,-0.23802286,0.7239091,0.60922253,-0.2194285,0.9999911,-0.00084351323,0.002304354,-0.0034454593,2
651483040,651482774,-0.23798178,0.7240195,0.60906774,-0.21953821,0.9999911,-0.00084351323,0.002304354,-0.0034454593,2
651487983,651487729,-0.23793703,0.72413766,0.608904,-0.21965098,0.9999911,-0.00084351323,0.002304354,-0.0034454593,2
651492980,651492729,-0.2378834,0.72426635,0.60873246,-0.21976054,0.9999911,-0.00084351323,0.002304354,-0.0034454593,2
651497989,651497730,-0.237822,0.7244012,0.60855705,-0.21986826,0.9999911,-0.00084351323,0.002304354,-0.0034454593,2
651502982,651502729,-0.23775493,0.7245415,0.6083785,-0.21997249,0.9999911,-0.00084351323,0.002304354,-0.0034454593,2
651508002,651507730,-0.23768835,0.7246809,0.6082034,-0.22006945,0.9999911,-0.00084351323,0.002304354,-0.0034454593,2
651512982,651512729,-0.23761864,0.7248162,0.608035,-0.22016437,0.9999911,-0.00084351323,0.002304354,-0.0034454593,2
651518037,651517773,-0.23754963,0.7249463,0.60787416,-0.22025448,0.9999911,-0.00084351323,0.002304354,-0.0034454593,2
651522980,651522730,-0.2374846,0.7250657,0.60772765,-0.22033577,0.9999911,-0.00084351323,0.002304354,-0.0034454593,2
651527982,651527729,-0.23742187,0.72517455,0.60759634,-0.22040763,0.9999911,-0.00084351323,0.002304354,-0.0034454593,2
651532990,651532729,-0.23736174,0.72527325,0.60747945,-0.2204699,0.9999911,-0.00084351323,0.002304354,-0.0034454593,2
651537979,651537729,-0.23730585,0.7253563,0.60738283,-0.22052276,0.9999911,-0.00084351323,0.002304354,-0.0034454593,2
651542984,651542730,-0.23726012,0.72542006,0.6073085,-0.22056706,0.9999911,-0.00084351323,0.002304354,-0.0034454593,2
651547982,651547730,-0.23722623,0.72546357,0.6072566,-0.22060339,0.9999911,-0.00084351323,0.002304354,-0.0034454593,2
651553027,651552773,-0.2372039,0.72548604,0.60722935,-0.22062837,0.9999911,-0.00084351323,0.002304354,-0.0034454593,2
651557981,651557729,-0.2371966,0.7254856,0.6072267,-0.2206448,0.9999911,-0.00084351323,0.002304354,-0.0034454593,2
651562983,651562730,-0.23719867,0.725464,0.607249,-0.22065228,0.9999911,-0.00084351323,0.002304354,-0.0034454593,2
651567988,651567729,-0.23721118,0.72542214,0.6072952,-0.22064939,0.9999911,-0.00084351323,0.002304354,-0.0034454593,2
651573006,651572730,-0.23723406,0.72536075,0.6073637,-0.22063828,0.9999911,-0.00084351323,0.002304354,-0.0034454593,2
651577988,651577729,-0.23727144,0.7252791,0.6074534,-0.22061953,0.9999911,-0.00084351323,0.002304354,-0.0034454593,2
651582994,651582730,-0.23732142,0.7251768,0.60756564,-0.22059296,0.9999911,-0.00084351323,0.002304354,-0.0034454593,2
651588042,651587774,-0.23738384,0.72505844,0.607695,-0.22055861,0.9999911,-0.00084351323,0.002304354,-0.0034454593,2
651592981,651592729,-0.2374518,0.72493035,0.6078365,-0.22051644,0.9999911,-0.00084351323,0.002304354,-0.0034454593,2
651598031,651597730,-0.23752694,0.72478926,0.60799414,-0.22046457,0.9999911,-0.00084351323,0.002304354,-0.0034454593,2
651602989,651602730,-0.23760165,0.7246408,0.60816383,-0.2204042,0.9999911,-0.00084351323,0.002304354,-0.0034454593,2
651607998,651607729,-0.23767991,0.72448736,0.6083415,-0.22033396,0.9999911,-0.00084351323,0.002304354,-0.0034454593,2
651612985,651612730,-0.23775971,0.7243299,0.60852414,-0.22026098,0.9999911,-0.00084351323,0.002304354,-0.0034454593,2
651617983,651617730,-0.2378374,0.72417206,0.60870916,-0.22018501,0.9999911,-0.00084351323,0.002304354,-0.0034454593,2
651623034,651622773,-0.23791817,0.7240119,0.608897,-0.220105,0.9999911,-0.00084351323,0.002304354,-0.0034454593,2
651627986,651627729,-0.23799224,0.72386,0.6090775,-0.22002493,0.9999911,-0.00084351323,0.002304354,-0.0034454593,2
651632984,651632729,-0.23805931,0.72371733,0.60925126,-0.21994086,0.9999911,-0.00084351323,0.002304354,-0.0034454593,2
651637984,651637729,-0.23812006,0.7235846,0.6094154,-0.21985687,0.9999911,-0.00084351323,0.002304354,-0.0034454593,2
651642980,651642729,-0.23817685,0.72346294,0.60956675,-0.21977605,0.9999911,-0.00084351323,0.002304354,-0.0034454593,2
651647982,651647730,-0.23822439,0.723355,0.6097051,-0.21969652,0.9999911,-0.00084351323,0.002304354,-0.0034454593,2
651652989,651652729,-0.23826519,0.7232614,0.60982543,-0.21962607,0.9999911,-0.00084351323,0.002304354,-0.0034454593,2
651658030,651657773,-0.2383021,0.72317964,0.6099303,-0.21956427,0.9999911,-0.00084351323,0.002304354,-0.0034454593,2
651662980,651662729,-0.23833048,0.72311425,0.6100154,-0.21951243,0.9999911,-0.00084351323,0.002304354,-0.0034454593,2
651667983,651667729,-0.23834726,0.7230677,0.6100785,-0.2194721,0.9999911,-0.00084351323,0.002304354,-0.0034454593,2
651673000,651672730,-0.23835462,0.7230364,0.6101233,-0.21944264,0.9999911,-0.00084351323,0.002304354,-0.0034454593,2
651677979,651677729,-0.2383569,0.7230223,0.61014473,-0.21942705,0.9999911,-0.00084351323,0.002304354,-0.0034454593,2
651682987,651682729,-0.23835213,0.723024,0.6101448,-0.2194263,0.9999911,-0.00084351323,0.002304354,-0.0034454593,2
651687986,651687730,-0.23834422,0.7230404,0.6101223,-0.21944317,0.9999911,-0.00084351323,0.002304354,-0.0034454593,2
651693032,651692773,-0.23833075,0.72307277,0.61007756,-0.21947609,0.9999911,-0.00084351323,0.002304354,-0.0034454593,2
651697981,651697729,-0.23831451,0.7231171,0.6100151,-0.21952097,0.9999911,-0.00084351323,0.002304354,-0.0034454593,2
651702985,651702729,-0.23828955,0.72317755,0.60993266,-0.21957809,0.9999911,-0.00084351323,0.002304354,-0.0034454593,2
651708007,651707730,-0.23825827,0.7232503,0.60983354,-0.21964768,0.9999911,-0.00084351323,0.002304354,-0.0034454593,2
651712980,651712730,-0.23822288,0.72333133,0.6097224,-0.2197279,0.9999911,-0.00084351323,0.002304354,-0.0034454593,2
651717983,651717730,-0.23818575,0.7234219,0.6095976,-0.21981606,0.9999911,-0.00084351323,0.002304354,-0.0034454593,2
651722982,651722729,-0.23814298,0.7235173,0.60946643,-0.21991208,0.9999911,-0.00084351323,0.002304354,-0.0034454593,2
651728066,651727773,-0.23809858,0.7236189,0.6093247,-0.22001855,0.9999911,-0.00084351323,0.002304354,-0.0034454593,2
651732982,651732729,-0.23805094,0.7237221,0.6091816,-0.22012697,0.9999911,-0.00084351323,0.002304354,-0.0034454593,2
651737980,651737729,-0.23799935,0.7238308,0.609033,-0.22023657,0.9999911,-0.00084351323,0.002304354,-0.0034454593,2
651742983,651742729,-0.23794332,0.72393715,0.608889,-0.22034584,0.9999911,-0.00084351323,0.002304354,-0.0034454593,2
651747982,651747730,-0.23788576,0.7240438,0.60874784,-0.22044753,0.9999911,-0.00084351323,0.002304354,-0.0034454593,2
651752982,651752729,-0.23782818,0.7241452,0.6086139,-0.22054616,0.9999911,-0.00084351323,0.002304354,-0.0034454593,2
651757984,651757730,-0.23777376,0.72423995,0.6084896,-0.22063679,0.9999911,-0.00084351323,0.002304354,-0.0034454593,2
651763038,651762774,-0.23772164,0.72432697,0.6083746,-0.2207245,0.9999911,-0.00084351323,0.002304354,-0.0034454593,2
651767978,651767729,-0.23766987,0.72440463,0.60827523,-0.22079901,0.9999911,-0.00084351323,0.002304354,-0.0034454593,2
651773000,651772730,-0.23761722,0.72447395,0.60819054,-0.22086163,0.9999911,-0.00084351323,0.002304354,-0.0034454593,2
651777986,651777729,-0.23756762,0.7245316,0.60812396,-0.22090934,0.9999911,-0.00084351323,0.002304354,-0.0034454593,2
651782994,651782729,-0.23752594,0.72457796,0.6080722,-0.22094445,0.9999911,-0.00084351323,0.002304354,-0.0034454593,2
651787983,651787730,-0.23748985,0.72461015,0.6080392,-0.22096865,0.9999911,-0.00084351323,0.002304354,-0.0034454593,2
651792982,651792729,-0.23746884,0.7246262,0.60802335,-0.22098222,0.9999911,-0.00084351323,0.002304354,-0.0034454593,2
651798026,651797773,-0.23745847,0.72462654,0.6080255,-0.2209862,0.9999911,-0.00084351323,0.002304354,-0.0034454593,2
651802982,651802730,-0.23745693,0.7246114,0.60804695,-0.22097838,0.9999911,-0.00084351323,0.002304354,-0.0034454593,2
651808007,651807729,-0.23746406,0.7245808,0.6080882,-0.22095768,0.9999911,-0.00084351323,0.002304354,-0.0034454593,2
651812989,651812730,-0.23747927,0.72453696,0.60814524,-0.22092812,0.9999911,-0.00084351323,0.002304354,-0.0034454593,2
651817981,651817730,-0.2375093,0.72447556,0.60822135,-0.22088754,0.9999911,-0.00084351323,0.002304354,-0.0034454593,2
651822984,651822730,-0.23754674,0.72440183,0.60831165,-0.22084065,0.9999911,-0.00084351323,0.002304354,-0.0034454593,2
651827979,651827729,-0.23759721,0.7243131,0.60841715,-0.22078678,0.9999911,-0.00084351323,0.002304354,-0.0034454593,2
651833030,651832773,-0.23765723,0.7242115,0.60853547,-0.22072898,0.9999911,-0.00084351323,0.002304354,-0.0034454593,2
651837983,651837730,-0.23772506,0.7241012,0.6086626,-0.22066754,0.9999911,-0.00084351323,0.002304354,-0.0034454593,2
651842987,651842729,-0.23779893,0.72398114,0.60880005,-0.22060281,0.9999911,-0.00084351323,0.002304354,-0.0034454593,2
651847992,651847730,-0.23787631,0.72385436,0.6089454,-0.2205342,0.9999911,-0.00084351323,0.002304354,-0.0034454593,2
651852980,651852729,-0.23795725,0.7237235,0.6090948,-0.22046377,0.9999911,-0.00084351323,0.002304354,-0.0034454593,2
651857987,651857730,-0.23804475,0.7235846,0.609251,-0.22039355,0.9999911,-0.00084351323,0.002304354,-0.0034454593,2
651862983,651862729,-0.23813342,0.72344494,0.60940814,-0.22032197,0.9999911,-0.00084351323,0.002304354,-0.0034454593,2
651868035,651867773,-0.2382184,0.7233062,0.6095647,-0.22025226,0.9999911,-0.00084351323,0.002304354,-0.0034454593,2
651873007,651872729,-0.23829618,0.7231755,0.6097134,-0.22018564,0.9999911,-0.00084351323,0.002304354,-0.0034454593,2
651877981,651877729,-0.23836926,0.7230479,0.60986,-0.22011974,0.9999911,-0.00084351323,0.002304354,-0.0034454593,2
651882983,651882729,-0.23842855,0.7229301,0.6099988,-0.22005786,0.9999911,-0.00084351323,0.002304354,-0.0034454593,2
651887983,651887730,-0.23848028,0.7228232,0.61012626,-0.21999943,0.9999911,-0.00084351323,0.002304354,-0.0034454593,2
651892983,651892730,-0.23852423,0.72272664,0.610242,-0.21994811,0.9999911,-0.00084351323,0.002304354,-0.0034454593,2
651897979,651897730,-0.23856007,0.7226408,0.6103456,-0.2199037,0.9999911,-0.00084351323,0.002304354,-0.0034454593,2
651903034,651902774,-0.23858975,0.72256947,0.61043185,-0.21986653,0.9999911,-0.00084351323,0.002304354,-0.0034454593,2
651908000,651907729,-0.23860739,0.72251457,0.61050045,-0.21983731,0.9999911,-0.00084351323,0.002304354,-0.0034454593,2
651912978,651912730,-0.23861113,0.7224755,0.6105522,-0.21981816,0.9999911,-0.00084351323,0.002304354,-0.0034454593,2
651917990,651917730,-0.23860712,0.7224511,0.6105866,-0.21980733,0.9999911,-0.00084351323,0.002304354,-0.0034454593,2
651922981,651922730,-0.23859327,0.722444,0.61060023,-0.21980776,0.9999911,-0.00084351323,0.002304354,-0.0034454593,2
651927985,651927729,-0.23857342,0.7224519,0.6105944,-0.2198192,0.9999911,-0.00084351323,0.002304354,-0.0034454593,2
651932989,651932730,-0.23854819,0.7224744,0.6105684,-0.21984503,0.9999911,-0.00084351323,0.002304354,-0.0034454593,2
651938033,651937773,-0.23851705,0.7225118,0.6105218,-0.21988504,0.9999911,-0.00084351323,0.002304354,-0.0034454593,2
651942981,651942730,-0.23848142,0.7225621,0.6104567,-0.21993943,0.9999911,-0.00084351323,0.002304354,-0.0034454593,2
651947982,651947729,-0.2384421,0.7226254,0.61037415,-0.22000319,0.9999911,-0.00084351323,0.002304354,-0.0034454593,2
651952987,651952729,-0.2383993,0.7227022,0.61027396,-0.22007509,0.9999911,-0.00084351323,0.002304354,-0.0034454593,2
651957990,651957730,-0.2383581,0.72278386,0.6101643,-0.22015564,0.9999911,-0.00084351323,0.002304354,-0.0034454593,2
651962983,651962729,-0.23831928,0.7228704,0.61004436,-0.22024597,0.9999911,-0.00084351323,0.002304354,-0.0034454593,2
651967982,651967729,-0.2382824,0.7229631,0.6099133,-0.22034472,0.9999911,-0.00084351323,0.002304354,-0.0034454593,2
651973046,651972773,-0.23824537,0.7230622,0.6097722,-0.22045,0.9999911,-0.00084351323,0.002304354,-0.0034454593,2
651977979,651977729,-0.23820862,0.7231612,0.6096318,-0.22055341,0.9999911,-0.00084351323,0.002304354,-0.0034454593,2
651982982,651982730,-0.23817344,0.7232625,0.60948867,-0.22065488,0.9999911,-0.00084351323,0.002304354,-0.0034454593,2
651987989,651987730,-0.23813905,0.7233643,0.60934484,-0.22075525,0.9999911,-0.00084351323,0.002304354,-0.0034454593,2
651993002,651992729,-0.23810582,0.72346246,0.6092072,-0.22084919,0.9999911,-0.00084351323,0.002304354,-0.0034454593,2
651997984,651997730,-0.2380756,0.72355336,0.6090781,-0.22094023,0.9999911,-0.00084351323,0.002304354,-0.0034454593,2
652002988,652002729,-0.2380469,0.7236387,0.6089576,-0.22102351,0.9999911,-0.00084351323,0.002304354,-0.0034454593,2
652008050,652007773,-0.23802327,0.7237154,0.6088476,-0.22110075,0.9999911,-0.00084351323,0.002304354,-0.0034454593,2
652012985,652012729,-0.23800506,0.7237818,0.60875213,-0.22116591,0.9999911,-0.00084351323,0.002304354,-0.0034454593,2
652017984,652017729,-0.23798709,0.72383857,0.60867363,-0.22121546,0.9999911,-0.00084351323,0.002304354,-0.0034454593,2
652022990,652022729,-0.23797111,0.72388595,0.60861003,-0.22125277,0.9999911,-0.00084351323,0.002304354,-0.0034454593,2
652027979,652027730,-0.23795682,0.7239192,0.6085672,-0.22127713,0.9999911,-0.00084351323,0.002304354,-0.0034454593,2
652032985,652032730,-0.2379494,0.72393656,0.6085441,-0.22129177,0.9999911,-0.00084351323,0.002304354,-0.0034454593,2
652037985,652037729,-0.23794731,0.72393626,0.60854435,-0.22129415,0.9999911,-0.00084351323,0.002304354,-0.0034454593,2
652043039,652042773,-0.23795418,0.72391933,0.60856485,-0.22128586,0.9999911,-0.00084351323,0.002304354,-0.0034454593,2
652047986,652047730,-0.2379668,0.72389007,0.60860264,-0.22126445,0.9999911,-0.00084351323,0.002304354,-0.0034454593,2
652052980,652052729,-0.23798193,0.7238451,0.6086621,-0.22123145,0.9999911,-0.00084351323,0.002304354,-0.0034454593,2
652057982,652057730,-0.23800682,0.72378117,0.6087441,-0.22118856,0.9999911,-0.00084351323,0.002304354,-0.0034454593,2
652062979,652062729,-0.23803887,0.7237006,0.60884476,-0.22114033,0.9999911,-0.00084351323,0.002304354,-0.0034454593,2
652067982,652067729,-0.23808165,0.7236065,0.6089582,-0.22108983,0.9999911,-0.00084351323,0.002304354,-0.0034454593,2
652073004,652072730,-0.23813382,0.7234997,0.60908544,-0.22103272,0.9999911,-0.00084351323,0.002304354,-0.0034454593,2
652078027,652077773,-0.2381939,0.7233798,0.60922676,-0.22097087,0.9999911,-0.00084351323,0.002304354,-0.0034454593,2
652082981,652082729,-0.2382561,0.72325623,0.60937196,-0.22090788,0.9999911,-0.00084351323,0.002304354,-0.0034454593,2
652087987,652087730,-0.23832108,0.7231254,0.60952556,-0.22084245,0.9999911,-0.00084351323,0.002304354,-0.0034454593,2
652092987,652092730,-0.23838876,0.7229885,0.60968477,-0.22077833,0.9999911,-0.00084351323,0.002304354,-0.0034454593,2
652097989,652097730,-0.23846444,0.7228495,0.6098435,-0.22071348,0.9999911,-0.00084351323,0.002304354,-0.0034454593,2
652102988,652102729,-0.23854241,0.72271043,0.6100006,-0.22065032,0.9999911,-0.00084351323,0.002304354,-0.0034454593,2
652107998,652107729,-0.23862125,0.7225732,0.61015266,-0.22059412,0.9999911,-0.00084351323,0.002304354,-0.0034454593,2
652113029,652112773,-0.23869914,0.7224378,0.6103018,-0.22054075,0.9999911,-0.00084351323,0.002304354,-0.0034454593,2
652118001,652117730,-0.2387702,0.7223137,0.61043876,-0.22049095,0.9999911,-0.00084351323,0.002304354,-0.0034454593,2
652122982,652122729,-0.23883662,0.72220033,0.61056304,-0.22044624,0.9999911,-0.00084351323,0.002304354,-0.0034454593,2
652127989,652127729,-0.23889689,0.72209924,0.6106743,-0.22040412,0.9999911,-0.00084351323,0.002304354,-0.0034454593,2
652132987,652132730,-0.2389484,0.7220127,0.6107697,-0.22036748,0.9999911,-0.00084351323,0.002304354,-0.0034454593,2
652137987,652137730,-0.23899359,0.7219375,0.6108516,-0.22033796,0.9999911,-0.00084351323,0.002304354,-0.0034454593,2
652142990,652142729,-0.23903203,0.7218771,0.61091566,-0.22031625,0.9999911,-0.00084351323,0.002304354,-0.0034454593,2
652148042,652147773,-0.23905957,0.7218334,0.61096257,-0.22029975,0.9999911,-0.00084351323,0.002304354,-0.0034454593,2
652152980,652152729,-0.23907335,0.7218093,0.610989,-0.22029005,0.9999911,-0.00084351323,0.002304354,-0.0034454593,2
652157981,652157729,-0.23907974,0.7218008,0.6109981,-0.22028568,0.9999911,-0.00084351323,0.002304354,-0.0034454593,2
652162987,652162729,-0.23907498,0.72180897,0.6109892,-0.22028868,0.9999911,-0.00084351323,0.002304354,-0.0034454593,2
652167979,652167729,-0.23906331,0.7218345,0.6109604,-0.2202978,0.9999911,-0.00084351323,0.002304354,-0.0034454593,2
652173003,652172730,-0.2390447,0.7218745,0.61091316,-0.22031793,0.9999911,-0.00084351323,0.002304354,-0.0034454593,2
652177998,652177729,-0.23902059,0.72192854,0.6108465,-0.22035187,0.9999911,-0.00084351323,0.002304354,-0.0034454593,2
652183032,652182773,-0.2389888,0.7219981,0.6107632,-0.22038953,0.9999911,-0.00084351323,0.002304354,-0.0034454593,2
652187981,652187730,-0.2389526,0.72207636,0.6106674,-0.22043751,0.9999911,-0.00084351323,0.002304354,-0.0034454593,2
652192985,652192730,-0.2389103,0.7221634,0.61056155,-0.22049159,0.9999911,-0.00084351323,0.002304354,-0.0034454593,2
652197980,652197730,-0.2388644,0.72225606,0.61044794,-0.22055225,0.9999911,-0.00084351323,0.002304354,-0.0034454593,2
652202996,652202729,-0.23881827,0.7223552,0.61032397,-0.22062074,0.9999911,-0.00084351323,0.002304354,-0.0034454593,2
652207999,652207730,-0.23877352,0.7224553,0.61019546,-0.22069679,0.9999911,-0.00084351323,0.002304354,-0.0034454593,2
652212979,652212729,-0.23873086,0.7225545,0.61006457,-0.22078025,0.9999911,-0.00084351323,0.002304354,-0.0034454593,2
652218036,652217774,-0.23869133,0.7226533,0.6099313,-0.22086743,0.9999911,-0.00084351323,0.002304354,-0.0034454593,2
652222983,652222729,-0.23865274,0.7227478,0.60980266,-0.22095539,0.9999911,-0.00084351323,0.002304354,-0.0034454593,2
652227985,652227729,-0.23861723,0.7228396,0.60967624,-0.2210424,0.9999911,-0.00084351323,0.002304354,-0.0034454593,2
652232994,652232729,-0.23858394,0.72292644,0.6095566,-0.22112426,0.9999911,-0.00084351323,0.002304354,-0.0034454593,2
652237986,652237730,-0.23855437,0.7230018,0.6094504,-0.22120233,0.9999911,-0.00084351323,0.002304354,-0.0034454593,2
652243000,652242730,-0.23853135,0.72306913,0.6093523,-0.2212777,0.9999911,-0.00084351323,0.002304354,-0.0034454593,2
652247997,652247730,-0.23850967,0.723127,0.60926735,-0.22134553,0.9999911,-0.00084351323,0.002304354,-0.0034454593,2
652253029,652252773,-0.2384934,0.7231723,0.60919726,-0.22140796,0.9999911,-0.00084351323,0.002304354,-0.0034454593,2
652257981,652257730,-0.23848002,0.72320616,0.60914487,-0.22145613,0.9999911,-0.00084351323,0.002304354,-0.0034454593,2
652262983,652262729,-0.23847114,0.7232283,0.60910815,-0.22149447,0.9999911,-0.00084351323,0.002304354,-0.0034454593,2
652267984,652267729,-0.23846418,0.72323805,0.60909116,-0.22151642,0.9999911,-0.00084351323,0.002304354,-0.0034454593,2
652273004,652272729,-0.23846462,0.723236,0.6090904,-0.22152495,0.9999911,-0.00084351323,0.002304354,-0.0034454593,2
652277988,652277730,-0.23847173,0.7232199,0.6091071,-0.22152416,0.9999911,-0.00084351323,0.002304354,-0.0034454593,2
652282983,652282729,-0.2384824,0.72319025,0.60914254,-0.22151159,0.9999911,-0.00084351323,0.002304354,-0.0034454593,2
652288033,652287773,-0.2385011,0.72314894,0.6091917,-0.22149098,0.9999911,-0.00084351323,0.002304354,-0.0034454593,2
652292982,652292729,-0.23852046,0.7231,0.6092554,-0.22145489,0.9999911,-0.00084351323,0.002304354,-0.0034454593,2
652297983,652297730,-0.23854095,0.7230402,0.6093353,-0.22140807,0.9999911,-0.00084351323,0.002304354,-0.0034454593,2
652302984,652302729,-0.23856963,0.7229706,0.60942745,-0.22135116,0.9999911,-0.00084351323,0.002304354,-0.0034454593,2
652308000,652307730,-0.2386022,0.7228893,0.6095335,-0.22128938,0.9999911,-0.00084351323,0.002304354,-0.0034454593,2
652312986,652312729,-0.23864527,0.72279906,0.609648,-0.22122233,0.9999911,-0.00084351323,0.002304354,-0.0034454593,2
652317980,652317729,-0.23869391,0.7227033,0.6097674,-0.22115372,0.9999911,-0.00084351323,0.002304354,-0.0034454593,2
652323035,652322773,-0.23874831,0.7226023,0.6098928,-0.22107933,0.9999911,-0.00084351323,0.002304354,-0.0034454593,2
652327988,652327729,-0.23880285,0.7224982,0.6100216,-0.22100516,0.9999911,-0.00084351323,0.002304354,-0.0034454593,2
652332988,652332730,-0.2388608,0.72239286,0.6101522,-0.22092631,0.9999911,-0.00084351323,0.002304354,-0.0034454593,2
652337995,652337730,-0.23892258,0.722287,0.6102803,-0.22085172,0.9999911,-0.00084351323,0.002304354,-0.0034454593,2
652342983,652342730,-0.23898889,0.72218084,0.61040634,-0.22077878,0.9999911,-0.00084351323,0.002304354,-0.0034454593,2
652347981,652347730,-0.23905519,0.7220775,0.6105272,-0.22071072,0.9999911,-0.00084351323,0.002304354,-0.0034454593,2
652352987,652352729,-0.23912336,0.72197866,0.61063886,-0.22065137,0.9999911,-0.00084351323,0.002304354,-0.0034454593,2
652358028,652357773,-0.23919009,0.72188365,0.61074585,-0.2205939,0.9999911,-0.00084351323,0.002304354,-0.0034454593,2
652362979,652362729,-0.2392501,0.7217979,0.6108422,-0.22054258,0.9999911,-0.00084351323,0.002304354,-0.0034454593,2
652367985,652367729,-0.23930264,0.721721,0.6109292,-0.2204963,0.9999911,-0.00084351323,0.002304354,-0.0034454593,2
652373005,652372730,-0.23935182,0.72165567,0.61100096,-0.22045787,0.9999911,-0.00084351323,0.002304354,-0.0034454593,2
652377992,652377730,-0.23939602,0.7215971,0.6110633,-0.22042903,0.9999911,-0.00084351323,0.002304354,-0.0034454593,2
652382984,652382729,-0.23943517,0.7215505,0.61110955,-0.22041078,0.9999911,-0.00084351323,0.002304354,-0.0034454593,2
652387983,652387729,-0.23946579,0.7215151,0.6111428,-0.22040078,0.9999911,-0.00084351323,0.002304354,-0.0034454593,2
652393026,652392773,-0.23948795,0.7214949,0.6111591,-0.22039786,0.9999911,-0.00084351323,0.002304354,-0.0034454593,2
652397981,652397729,-0.23949577,0.72149014,0.61116,-0.22040269,0.9999911,-0.00084351323,0.002304354,-0.0034454593,2
652402990,652402730,-0.2394925,0.7214999,0.61114633,-0.22041205,0.9999911,-0.00084351323,0.002304354,-0.0034454593,2
652408001,652407729,-0.23947887,0.721521,0.6111202,-0.22043023,0.9999911,-0.00084351323,0.002304354,-0.0034454593,2
652412990,652412729,-0.23946247,0.7215547,0.61107826,-0.22045408,0.9999911,-0.00084351323,0.002304354,-0.0034454593,2
652417988,652417729,-0.23943785,0.7216011,0.61102164,-0.22048566,0.9999911,-0.00084351323,0.002304354,-0.0034454593,2
652422982,652422729,-0.23940448,0.7216572,0.6109547,-0.22052367,0.9999911,-0.00084351323,0.002304354,-0.0034454593,2
652428027,652427774,-0.2393632,0.7217261,0.61087316,-0.22056912,0.9999911,-0.00084351323,0.002304354,-0.0034454593,2
652432983,652432729,-0.2393183,0.7218015,0.61078423,-0.2206174,0.9999911,-0.00084351323,0.002304354,-0.0034454593,2
652437980,652437730,-0.23926862,0.7218839,0.6106878,-0.22066867,0.9999911,-0.00084351323,0.002304354,-0.0034454593,2
652442989,652442729,-0.23921598,0.72197115,0.61058617,-0.2207217,0.9999911,-0.00084351323,0.002304354,-0.0034454593,2
652447981,652447730,-0.23916402,0.72206324,0.61047626,-0.22078073,0.9999911,-0.00084351323,0.002304354,-0.0034454593,2
652452986,652452730,-0.23911057,0.72215647,0.6103642,-0.22084363,0.9999911,-0.00084351323,0.002304354,-0.0034454593,2
652457982,652457729,-0.23906413,0.72225,0.6102492,-0.22090556,0.9999911,-0.00084351323,0.002304354,-0.0034454593,2
652463041,652462773,-0.23901965,0.72234267,0.61013365,-0.22096981,0.9999911,-0.00084351323,0.002304354,-0.0034454593,2
652467984,652467729,-0.23898032,0.7224299,0.61002254,-0.22103386,0.9999911,-0.00084351323,0.002304354,-0.0034454593,2
652473002,652472729,-0.23894529,0.7225163,0.60991186,-0.22109471,0.9999911,-0.00084351323,0.002304354,-0.0034454593,2
652477983,652477729,-0.23891836,0.7225961,0.60980767,-0.22115067,0.9999911,-0.00084351323,0.002304354,-0.0034454593,2
652482985,652482729,-0.23889717,0.7226661,0.6097145,-0.22120161,0.9999911,-0.00084351323,0.002304354,-0.0034454593,2
652487982,652487730,-0.23888442,0.7227252,0.60963106,-0.22125223,0.9999911,-0.00084351323,0.002304354,-0.0034454593,2
652492987,652492729,-0.23888008,0.7227739,0.60955876,-0.22129716,0.9999911,-0.00084351323,0.002304354,-0.0034454593,2
652498038,652497773,-0.2388827,0.7228142,0.60949636,-0.22133434,0.9999911,-0.00084351323,0.002304354,-0.0034454593,2
652502981,652502729,-0.23888765,0.72284395,0.6094486,-0.22136334,0.9999911,-0.00084351323,0.002304354,-0.0034454593,2
652508008,652507729,-0.23889685,0.7228605,0.6094199,-0.22137836,0.9999911,-0.00084351323,0.002304354,-0.0034454593,2
652512988,652512730,-0.23891164,0.72286457,0.6094079,-0.22138225,0.9999911,-0.00084351323,0.002304354,-0.0034454593,2
652517981,652517729,-0.2389308,0.72285825,0.60941046,-0.22137511,0.9999911,-0.00084351323,0.002304354,-0.0034454593,2
652522984,652522730,-0.23895636,0.72283834,0.60943073,-0.22135684,0.9999911,-0.00084351323,0.002304354,-0.0034454593,2
652527981,652527729,-0.23898526,0.72280496,0.60946786,-0.22133227,0.9999911,-0.00084351323,0.002304354,-0.0034454593,2
652533029,652532774,-0.23901853,0.7227609,0.6095197,-0.22129744,0.9999911,-0.00084351323,0.002304354,-0.0034454593,2
652537988,652537730,-0.2390521,0.7227085,0.6095855,-0.22125115,0.9999911,-0.00084351323,0.002304354,-0.0034454593,2
652542985,652542729,-0.23908825,0.7226466,0.6096657,-0.22119361,0.9999911,-0.00084351323,0.002304354,-0.0034454593,2
652548000,652547730,-0.23912665,0.7225772,0.6097574,-0.22112578,0.9999911,-0.00084351323,0.002304354,-0.0034454593,2
652552981,652552729,-0.2391685,0.72249615,0.60986316,-0.22105359,0.9999911,-0.00084351323,0.002304354,-0.0034454593,2
652557985,652557730,-0.23921505,0.722408,0.6099777,-0.22097526,0.9999911,-0.00084351323,0.002304354,-0.0034454593,2
652562981,652562729,-0.23926415,0.72231406,0.6100989,-0.22089472,0.9999911,-0.00084351323,0.002304354,-0.0034454593,2
652568035,652567773,-0.23931356,0.722214,0.6102274,-0.2208135,0.9999911,-0.00084351323,0.002304354,-0.0034454593,2
652572998,652572730,-0.2393591,0.7221172,0.61035526,-0.22072734,0.9999911,-0.00084351323,0.002304354,-0.0034454593,2
652577982,652577729,-0.2394053,0.72201836,0.61048436,-0.22064364,0.9999911,-0.00084351323,0.002304354,-0.0034454593,2
652582988,652582729,-0.23945409,0.72192013,0.61061007,-0.22056384,0.9999911,-0.00084351323,0.002304354,-0.0034454593,2
652587979,652587729,-0.23950459,0.721821,0.6107338,-0.22049074,0.9999911,-0.00084351323,0.002304354,-0.0034454593,2
652592993,652592730,-0.23955931,0.7217251,0.6108489,-0.2204268,0.9999911,-0.00084351323,0.002304354,-0.0034454593,2
652597985,652597730,-0.23961255,0.72163534,0.61095536,-0.22036776,0.9999911,-0.00084351323,0.002304354,-0.0034454593,2
652603037,652602773,-0.23966147,0.7215525,0.61105275,-0.22031555,0.9999911,-0.00084351323,0.002304354,-0.0034454593,2
652608001,652607729,-0.23970503,0.7214826,0.6111353,-0.2202685,0.9999911,-0.00084351323,0.002304354,-0.0034454593,2
652612988,652612733,-0.23974265,0.72142255,0.6112056,-0.22022907,0.9999911,-0.00084351323,0.002304354,-0.0034454593,2
652617991,652617729,-0.23977722,0.72137356,0.61125994,-0.22020122,0.9999911,-0.00084351323,0.002304354,-0.0034454593,2
652622988,652622730,-0.23980767,0.72133386,0.6113013,-0.22018304,0.9999911,-0.00084351323,0.002304354,-0.0034454593,2
652627988,652627729,-0.23983365,0.7213071,0.611325,-0.22017646,0.9999911,-0.00084351323,0.002304354,-0.0034454593,2
652632981,652632729,-0.23985545,0.72129446,0.6113316,-0.22017592,0.9999911,-0.00084351323,0.002304354,-0.0034454593,2
652638047,652637776,-0.23986572,0.7212968,0.6113226,-0.22018209,0.9999911,-0.00084351323,0.002304354,-0.0034454593,2
652642981,652642730,-0.23986925,0.7213133,0.6112972,-0.22019456,0.9999911,-0.00084351323,0.002304354,-0.0034454593,2
652647980,652647729,-0.2398642,0.72134393,0.611257,-0.22021136,0.9999911,-0.00084351323,0.002304354,-0.0034454593,2
652652989,652652729,-0.2398531,0.72138804,0.6112004,-0.2202361,0.9999911,-0.00084351323,0.002304354,-0.0034454593,2
652657985,652657730,-0.23983534,0.7214449,0.6111312,-0.22026116,0.9999911,-0.00084351323,0.002304354,-0.0034454593,2
652662988,652662729,-0.23981108,0.72151065,0.61105126,-0.22029391,0.9999911,-0.00084351323,0.002304354,-0.0034454593,2
652667987,652667729,-0.2397827,0.7215878,0.61095786,-0.22033133,0.9999911,-0.00084351323,0.002304354,-0.0034454593,2
652673050,652672773,-0.23974511,0.721674,0.61085725,-0.2203687,0.9999911,-0.00084351323,0.002304354,-0.0034454593,2
652677984,652677730,-0.2397024,0.7217673,0.61075026,-0.22040623,0.9999911,-0.00084351323,0.002304354,-0.0034454593,2
652682981,652682729,-0.23965389,0.7218692,0.61063474,-0.22044565,0.9999911,-0.00084351323,0.002304354,-0.0034454593,2
652687983,652687730,-0.23960553,0.7219723,0.6105162,-0.22048858,0.9999911,-0.00084351323,0.002304354,-0.0034454593,2
652692980,652692729,-0.23955679,0.7220756,0.61039805,-0.22053047,0.9999911,-0.00084351323,0.002304354,-0.0034454593,2
652697984,652697730,-0.23951188,0.7221743,0.61028254,-0.2205758,0.9999911,-0.00084351323,0.002304354,-0.0034454593,2
652702989,652702730,-0.23946744,0.7222723,0.6101676,-0.22062124,0.9999911,-0.00084351323,0.002304354,-0.0034454593,2
652708047,652707773,-0.23942158,0.7223654,0.61006045,-0.22066228,0.9999911,-0.00084351323,0.002304354,-0.0034454593,2
652712982,652712730,-0.23938158,0.7224519,0.60995966,-0.2207011,0.9999911,-0.00084351323,0.002304354,-0.0034454593,2
652717984,652717729,-0.23934574,0.7225321,0.60986596,-0.2207366,0.9999911,-0.00084351323,0.002304354,-0.0034454593,2
652722994,652722730,-0.2393165,0.7226012,0.60978425,-0.22076766,0.9999911,-0.00084351323,0.002304354,-0.0034454593,2
652727982,652727730,-0.23929615,0.72265697,0.6097156,-0.22079678,0.9999911,-0.00084351323,0.002304354,-0.0034454593,2
652732987,652732730,-0.23928042,0.7227007,0.60966146,-0.2208202,0.9999911,-0.00084351323,0.002304354,-0.0034454593,2
652737980,652737729,-0.23927471,0.72273093,0.609621,-0.22083919,0.9999911,-0.00084351323,0.002304354,-0.0034454593,2
652743045,652742773,-0.23927304,0.72275,0.609594,-0.22085322,0.9999911,-0.00084351323,0.002304354,-0.0034454593,2
652747982,652747729,-0.23927766,0.722757,0.6095821,-0.22085786,0.9999911,-0.00084351323,0.002304354,-0.0034454593,2
652752979,652752729,-0.23928662,0.72275305,0.60958517,-0.22085291,0.9999911,-0.00084351323,0.002304354,-0.0034454593,2
652757988,652757730,-0.23930262,0.72273487,0.6096078,-0.22083247,0.9999911,-0.00084351323,0.002304354,-0.0034454593,2
652762980,652762729,-0.23932526,0.722705,0.60964376,-0.22080638,0.9999911,-0.00084351323,0.002304354,-0.0034454593,2
652767998,652767730,-0.23935397,0.7226634,0.6096937,-0.22077383,0.9999911,-0.00084351323,0.002304354,-0.0034454593,2
652773002,652772729,-0.23938581,0.7226117,0.609757,-0.22073309,0.9999911,-0.00084351323,0.002304354,-0.0034454593,2
652778041,652777774,-0.23942196,0.72255087,0.60983336,-0.2206826,0.9999911,-0.00084351323,0.002304354,-0.0034454593,2
652782980,652782730,-0.23945487,0.7224864,0.60991883,-0.22062178,0.9999911,-0.00084351323,0.002304354,-0.0034454593,2
652787984,652787730,-0.23949096,0.7224137,0.61001533,-0.22055359,0.9999911,-0.00084351323,0.002304354,-0.0034454593,2
652792981,652792730,-0.239528,0.72233343,0.61012334,-0.2204774,0.9999911,-0.00084351323,0.002304354,-0.0034454593,2
652797982,652797729,-0.23956446,0.7222509,0.6102354,-0.2203984,0.9999911,-0.00084351323,0.002304354,-0.0034454593,2
652802987,652802730,-0.23960346,0.72216463,0.61035246,-0.22031407,0.9999911,-0.00084351323,0.002304354,-0.0034454593,2
652808000,652807729,-0.23964399,0.7220782,0.6104693,-0.22022979,0.9999911,-0.00084351323,0.002304354,-0.0034454593,2
652813035,652812774,-0.23968236,0.7219925,0.6105867,-0.22014326,0.9999911,-0.00084351323,0.002304354,-0.0034454593,2
652817981,652817729,-0.23971857,0.72191244,0.6106987,-0.22005583,0.9999911,-0.00084351323,0.002304354,-0.0034454593,2
652822985,652822729,-0.23975018,0.7218354,0.6108093,-0.21996711,0.9999911,-0.00084351323,0.002304354,-0.0034454593,2
652827980,652827729,-0.23977979,0.7217659,0.6109114,-0.21987946,0.9999911,-0.00084351323,0.002304354,-0.0034454593,2
652832984,652832729,-0.23981248,0.72169954,0.61100537,-0.21980062,0.9999911,-0.00084351323,0.002304354,-0.0034454593,2
652837981,652837729,-0.23984337,0.72163963,0.6110897,-0.21972883,0.9999911,-0.00084351323,0.002304354,-0.0034454593,2
652842987,652842729,-0.23987451,0.7215876,0.61116195,-0.2196652,0.9999911,-0.00084351323,0.002304354,-0.0034454593,2
652848027,652847773,-0.239901,0.7215434,0.61122316,-0.21961096,0.9999911,-0.00084351323,0.002304354,-0.0034454593,2
652853016,652852751,-0.23992021,0.72151124,0.6112703,-0.2195643,0.9999911,-0.00084351323,0.002304354,-0.0034454593,2
652857981,652857730,-0.23993553,0.72149044,0.6113055,-0.21951802,0.9999911,-0.00084351323,0.002304354,-0.0034454593,2
652862993,652862730,-0.23994902,0.72147775,0.61132854,-0.21948078,0.9999911,-0.00084351323,0.002304354,-0.0034454593,2
652867978,652867729,-0.23996013,0.72147375,0.61133784,-0.2194559,0.9999911,-0.00084351323,0.002304354,-0.0034454593,2
652873093,652872731,-0.23996978,0.72148067,0.6113311,-0.21944146,0.9999911,-0.00084351323,0.002304354,-0.0034454593,2
652877992,652877730,-0.23997472,0.72149813,0.61131,-0.21943739,0.9999911,-0.00084351323,0.002304354,-0.0034454593,2
652883048,652882776,-0.23996721,0.72152823,0.61127603,-0.219441,0.9999911,-0.00084351323,0.002304354,-0.0034454593,2
652887985,652887730,-0.23995219,0.721567,0.6112326,-0.2194512,0.9999911,-0.00084351323,0.002304354,-0.0034454593,2
652892991,652892730,-0.23992996,0.7216172,0.61117566,-0.2194687,0.9999911,-0.00084351323,0.002304354,-0.0034454593,2
652898003,652897730,-0.23990135,0.72167754,0.61110836,-0.21948911,0.9999911,-0.00084351323,0.002304354,-0.0034454593,2
652903005,652902730,-0.2398723,0.7217419,0.6110346,-0.2195149,0.9999911,-0.00084351323,0.002304354,-0.0034454593,2
652908011,652907730,-0.23983835,0.7218141,0.6109509,-0.2195476,0.9999911,-0.00084351323,0.002304354,-0.0034454593,2
652912994,652912730,-0.23979956,0.72189164,0.6108606,-0.21958604,0.9999911,-0.00084351323,0.002304354,-0.0034454593,2
652918040,652917776,-0.23975222,0.7219759,0.6107665,-0.21962251,0.9999911,-0.00084351323,0.002304354,-0.0034454593,2
652922989,652922730,-0.23970227,0.72206366,0.61067086,-0.21965434,0.9999911,-0.00084351323,0.002304354,-0.0034454593,2
652927993,652927730,-0.23964602,0.72215587,0.61057234,-0.21968666,0.9999911,-0.00084351323,0.002304354,-0.0034454593,2
652933000,652932730,-0.23958743,0.7222473,0.610475,-0.21972026,0.9999911,-0.00084351323,0.002304354,-0.0034454593,2
652937990,652937730,-0.23953477,0.72233355,0.6103819,-0.21975297,0.9999911,-0.00084351323,0.002304354,-0.0034454593,2
652942992,652942730,-0.2394875,0.72241634,0.6102902,-0.21978688,0.9999911,-0.00084351323,0.002304354,-0.0034454593,2
652948000,652947730,-0.23943837,0.7224936,0.6102075,-0.21981636,0.9999911,-0.00084351323,0.002304354,-0.0034454593,2
652953048,652952777,-0.23938838,0.722569,0.61012846,-0.21984224,0.9999911,-0.00084351323,0.002304354,-0.0034454593,2
652957990,652957730,-0.23934013,0.722638,0.61006093,-0.21985532,0.9999911,-0.00084351323,0.002304354,-0.0034454593,2
652962990,652962730,-0.23929723,0.7227003,0.6100013,-0.2198627,0.9999911,-0.00084351323,0.002304354,-0.0034454593,2
652967999,652967730,-0.23926342,0.7227532,0.60994965,-0.21986881,0.9999911,-0.00084351323,0.002304354,-0.0034454593,2
652973011,652972730,-0.23923934,0.7227942,0.6099103,-0.21986932,0.9999911,-0.00084351323,0.002304354,-0.0034454593,2
652977999,652977730,-0.2392203,0.72282654,0.6098808,-0.21986541,0.9999911,-0.00084351323,0.002304354,-0.0034454593,2
652982999,652982730,-0.23920955,0.7228463,0.6098654,-0.21985517,0.9999911,-0.00084351323,0.002304354,-0.0034454593,2
652988045,652987776,-0.23920453,0.7228573,0.60986173,-0.21983488,0.9999911,-0.00084351323,0.002304354,-0.0034454593,2
652992995,652992730,-0.2392035,0.72285897,0.60986894,-0.21981049,0.9999911,-0.00084351323,0.002304354,-0.0034454593,2
652997990,652997730,-0.23921078,0.7228485,0.60989016,-0.21977818,0.9999911,-0.00084351323,0.002304354,-0.0034454593,2
653002999,653002730,-0.23922713,0.722827,0.6099229,-0.21973974,0.9999911,-0.00084351323,0.002304354,-0.0034454593,2
653008008,653007730,-0.2392523,0.7227947,0.6099662,-0.21969885,0.9999911,-0.00084351323,0.002304354,-0.0034454593,2
653012998,653012730,-0.23928182,0.7227533,0.6100214,-0.21964958,0.9999911,-0.00084351323,0.002304354,-0.0034454593,2
653017993,653017730,-0.23931578,0.7227017,0.6100883,-0.21959656,0.9999911,-0.00084351323,0.002304354,-0.0034454593,2
653023045,653022776,-0.23935083,0.72264606,0.6101619,-0.21953666,0.9999911,-0.00084351323,0.002304354,-0.0034454593,2
653028005,653027730,-0.23938797,0.7225858,0.61024326,-0.21946837,0.9999911,-0.00084351323,0.002304354,-0.0034454593,2
653032995,653032730,-0.23942485,0.722519,0.6103346,-0.21939439,0.9999911,-0.00084351323,0.002304354,-0.0034454593,2
653037990,653037730,-0.2394657,0.722449,0.61042935,-0.21931662,0.9999911,-0.00084351323,0.002304354,-0.0034454593,2
653042996,653042730,-0.23950759,0.72237533,0.61052763,-0.21923955,0.9999911,-0.00084351323,0.002304354,-0.0034454593,2
653047993,653047730,-0.23954801,0.7222976,0.6106317,-0.21916193,0.9999911,-0.00084351323,0.002304354,-0.0034454593,2
653052991,653052730,-0.23958524,0.7222234,0.6107338,-0.21908097,0.9999911,-0.00084351323,0.002304354,-0.0034454593,2
653058052,653057776,0.1940352,-0.5358166,0.77943414,-0.26025668,0.09966672,6.7495066e-08,-2.8777775e-08,0.99502087,3
653062998,653062730,0.19396149,-0.5359181,0.7793757,-0.2602775,0.09966672,6.7495066e-08,-2.8777775e-08,0.99502087,3
653067989,653067730,0.19389084,-0.5360177,0.77931696,-0.26030052,0.09966672,6.7495066e-08,-2.8777775e-08,0.99502087,3
653073019,653072730,0.19382595,-0.5361102,0.77926284,-0.2603209,0.09966672,6.7495066e-08,-2.8777775e-08,0.99502087,3
653077991,653077730,0.19376536,-0.5361921,0.7792146,-0.2603415,0.09966672,6.7495066e-08,-2.8777775e-08,0.99502087,3
653082995,653082730,0.1937129,-0.53626454,0.77917284,-0.2603564,0.09966672,6.7495066e-08,-2.8777775e-08,0.99502087,3
653087991,653087730,0.19366957,-0.536327,0.7791366,-0.26036847,0.09966672,6.7495066e-08,-2.8777775e-08,0.99502087,3
653093047,653092777,0.1936327,-0.5363777,0.77910846,-0.2603757,0.09966672,6.7495066e-08,-2.8777775e-08,0.99502087,3
653097990,653097730,0.1936048,-0.536414,0.7790895,-0.26037788,0.09966672,6.7495066e-08,-2.8777775e-08,0.99502087,3
653102993,653102730,0.19358549,-0.536437,0.7790787,-0.2603776,0.09966672,6.7495066e-08,-2.8777775e-08,0.99502087,3
653108010,653107730,0.19357604,-0.53644365,0.77907753,-0.26037446,0.09966672,6.7495066e-08,-2.8777775e-08,0.99502087,3
653112991,653112730,0.19358096,-0.53643566,0.7790819,-0.26037425,0.09966672,6.7495066e-08,-2.8777775e-08,0.99502087,3
653117993,653117730,0.19359592,-0.5364129,0.7790941,-0.2603735,0.09966672,6.7495066e-08,-2.8777775e-08,0.99502087,3
653123003,653122730,0.19361888,-0.53637636,0.7791163,-0.26036492,0.09966672,6.7495066e-08,-2.8777775e-08,0.99502087,3
653128042,653127776,0.1936489,-0.5363266,0.779147,-0.26035315,0.09966672,6.7495066e-08,-2.8777775e-08,0.99502087,3
653132991,653132730,0.19368367,-0.53626525,0.77918583,-0.2603375,0.09966672,6.7495066e-08,-2.8777775e-08,0.99502087,3
653137994,653137730,0.19372489,-0.5361916,0.77923214,-0.26032043,0.09966672,6.7495066e-08,-2.8777775e-08,0.99502087,3
653142991,653142730,0.19377026,-0.5361079,0.7792847,-0.26030126,0.09966672,6.7495066e-08,-2.8777775e-08,0.99502087,3
653147992,653147730,0.19382228,-0.5360146,0.779343,-0.26028055,0.09966672,6.7495066e-08,-2.8777775e-08,0.99502087,3
653152995,653152730,0.19387634,-0.53591424,0.77940637,-0.26025692,0.09966672,6.7495066e-08,-2.8777775e-08,0.99502087,3
653157999,653157730,0.19393456,-0.53577936,0.7794894,-0.26024255,0.09966672,6.7495066e-08,-2.8777775e-08,0.99502087,3
653163053,653162777,0.19399409,-0.5356351,0.7795802,-0.26022306,0.09966672,6.7495066e-08,-2.8777775e-08,0.99502087,3
653167994,653167730,0.19405274,-0.53549254,0.7796712,-0.2602003,0.09966672,6.7495066e-08,-2.8777775e-08,0.99502087,3
653173006,653172730,0.19410664,-0.5353493,0.7797639,-0.26017714,0.09966672,6.7495066e-08,-2.8777775e-08,0.99502087,3
653177999,653177731,0.19415843,-0.53521067,0.77985346,-0.2601553,0.09966672,6.7495066e-08,-2.8777775e-08,0.99502087,3
653182989,653182731,0.19420806,-0.535076,0.77993995,-0.26013547,0.09966672,6.7495066e-08,-2.8777775e-08,0.99502087,3
653187998,653187731,0.19425175,-0.5349482,0.7800233,-0.26011634,0.09966672,6.7495066e-08,-2.8777775e-08,0.99502087,3
653192991,653192731,0.19429047,-0.53482765,0.78010297,-0.26009592,0.09966672,6.7495066e-08,-2.8777775e-08,0.99502087,3
653198041,653197777,0.19432549,-0.5347171,0.78017765,-0.26007363,0.09966672,6.7495066e-08,-2.8777775e-08,0.99502087,3
653202991,653202731,0.19434993,-0.5346195,0.780244,-0.26005644,0.09966672,6.7495066e-08,-2.8777775e-08,0.99502087,3
653208012,653207731,0.19437158,-0.53453195,0.7803029,-0.2600441,0.09966672,6.7495066e-08,-2.8777775e-08,0.99502087,3
653212998,653212731,0.19438541,-0.5344567,0.7803538,-0.26003525,0.09966672,6.7495066e-08,-2.8777775e-08,0.99502087,3
653217996,653217730,0.19439653,-0.5343955,0.7803924,-0.2600368,0.09966672,6.7495066e-08,-2.8777775e-08,0.99502087,3
653222993,653222730,0.19439991,-0.5343503,0.780421,-0.26004174,0.09966672,6.7495066e-08,-2.8777775e-08,0.99502087,3
653227992,653227730,0.19439588,-0.53431594,0.7804421,-0.26005158,0.09966672,6.7495066e-08,-2.8777775e-08,0.99502087,3
653233052,653232776,0.19438633,-0.53429526,0.7804538,-0.26006654,0.09966672,6.7495066e-08,-2.8777775e-08,0.99502087,3
653237996,653237731,0.19437066,-0.53428954,0.78045434,-0.26008782,0.09966672,6.7495066e-08,-2.8777775e-08,0.99502087,3
653242992,653242731,0.19434987,-0.5342987,0.78044486,-0.26011345,0.09966672,6.7495066e-08,-2.8777775e-08,0.99502087,3
653247992,653247731,0.19432266,-0.5343227,0.78042495,-0.26014426,0.09966672,6.7495066e-08,-2.8777775e-08,0.99502087,3
653252999,653252730,0.19428983,-0.53435886,0.7803957,-0.26018175,0.09966672,6.7495066e-08,-2.8777775e-08,0.99502087,3
653257991,653257730,0.19424391,-0.5343442,0.78039706,-0.2602426,0.09966672,6.7495066e-08,-2.8777775e-08,0.99502087,3
653262996,653262730,0.19419667,-0.5343368,0.78039163,-0.26030877,0.09966672,6.7495066e-08,-2.8777775e-08,0.99502087,3
653268044,653267777,0.19414638,-0.53433824,0.7803812,-0.2603752,0.09966672,6.7495066e-08,-2.8777775e-08,0.99502087,3
653273005,653272730,0.19409189,-0.5343439,0.78036827,-0.2604425,0.09966672,6.7495066e-08,-2.8777775e-08,0.99502087,3
653277991,653277730,0.19403331,-0.5343558,0.78035253,-0.2605093,0.09966672,6.7495066e-08,-2.8777775e-08,0.99502087,3
653283003,653282730,0.19397314,-0.5343697,0.78033525,-0.26057696,0.09966672,6.7495066e-08,-2.8777775e-08,0.99502087,3
653287990,653287730,0.1939142,-0.5343858,0.78031605,-0.2606453,0.09966672,6.7495066e-08,-2.8777775e-08,0.99502087,3
653292994,653292730,0.19385588,-0.534398,0.78029996,-0.26071173,0.09966672,6.7495066e-08,-2.8777775e-08,0.99502087,3
653297994,653297730,0.19379714,-0.5344071,0.7802872,-0.26077536,0.09966672,6.7495066e-08,-2.8777775e-08,0.99502087,3
653303045,653302776,0.1937381,-0.53441244,0.7802783,-0.2608348,0.09966672,6.7495066e-08,-2.8777775e-08,0.99502087,3
653308010,653307730,0.1936793,-0.5344068,0.78027856,-0.26088932,0.09966672,6.7495066e-08,-2.8777775e-08,0.99502087,3
653312992,653312730,0.19362402,-0.53439516,0.7802842,-0.26093733,0.09966672,6.7495066e-08,-2.8777775e-08,0.99502087,3
653317994,653317730,0.19357239,-0.53437525,0.7802956,-0.2609818,0.09966672,6.7495066e-08,-2.8777775e-08,0.99502087,3
653322989,653322730,0.1935301,-0.53434247,0.7803135,-0.2610274,0.09966672,6.7495066e-08,-2.8777775e-08,0.99502087,3
653327995,653327731,0.19349293,-0.53429925,0.7803373,-0.2610718,0.09966672,6.7495066e-08,-2.8777775e-08,0.99502087,3
653333002,653332730,0.19346209,-0.53424007,0.78037286,-0.26110992,0.09966672,6.7495066e-08,-2.8777775e-08,0.99502087,3
653338055,653337777,0.19343734,-0.5341659,0.7804198,-0.26113924,0.09966672,6.7495066e-08,-2.8777775e-08,0.99502087,3
653342993,653342730,0.19341782,-0.53407985,0.7804757,-0.2611629,0.09966672,6.7495066e-08,-2.8777775e-08,0.99502087,3
653347992,653347730,0.193404,-0.5339817,0.7805397,-0.26118255,0.09966672,6.7495066e-08,-2.8777775e-08,0.99502087,3
653352990,653352730,0.19340143,-0.53386885,0.7806111,-0.26120177,0.09966672,6.7495066e-08,-2.8777775e-08,0.99502087,3
653357990,653357730,0.19342624,-0.5337439,0.7806821,-0.26122648,0.09966672,6.7495066e-08,-2.8777775e-08,0.99502087,3
653362994,653362730,0.19345686,-0.533608,0.7807599,-0.26124892,0.09966672,6.7495066e-08,-2.8777775e-08,0.99502087,3
653367994,653367730,0.19349656,-0.53345954,0.78084433,-0.26127034,0.09966672,6.7495066e-08,-2.8777775e-08,0.99502087,3
653373064,653372777,0.19354232,-0.53329945,0.7809361,-0.2612888,0.09966672,6.7495066e-08,-2.8777775e-08,0.99502087,3
653378077,653377730,0.1935935,-0.53313357,0.78103155,-0.26130432,0.09966672,6.7495066e-08,-2.8777775e-08,0.99502087,3
653382994,653382730,0.19365057,-0.53295887,0.78113145,-0.26131952,0.09966672,6.7495066e-08,-2.8777775e-08,0.99502087,3
653387998,653387730,0.19371378,-0.53277916,0.7812331,-0.2613359,0.09966672,6.7495066e-08,-2.8777775e-08,0.99502087,3
653392991,653392730,0.19378199,-0.5325947,0.7813356,-0.26135442,0.09966672,6.7495066e-08,-2.8777775e-08,0.99502087,3
653397993,653397730,0.19385315,-0.5324122,0.7814358,-0.26137397,0.09966672,6.7495066e-08,-2.8777775e-08,0.99502087,3
653402996,653402730,0.19392157,-0.5322259,0.78154135,-0.2613871,0.09966672,6.7495066e-08,-2.8777775e-08,0.99502087,3
653408060,653407777,0.19398823,-0.5320412,0.7816485,-0.26139325,0.09966672,6.7495066e-08,-2.8777775e-08,0.99502087,3
653412987,653412730,0.1940515,-0.5318623,0.78175235,-0.26139948,0.09966672,6.7495066e-08,-2.8777775e-08,0.99502087,3
653417994,653417730,0.1941142,-0.53168833,0.7818534,-0.26140526,0.09966672,6.7495066e-08,-2.8777775e-08,0.99502087,3
653422992,653422730,0.1941761,-0.53152037,0.78194916,-0.26141378,0.09966672,6.7495066e-08,-2.8777775e-08,0.99502087,3
653427996,653427730,0.19423196,-0.53136015,0.7820413,-0.26142251,0.09966672,6.7495066e-08,-2.8777775e-08,0.99502087,3
653432992,653432730,0.19428244,-0.531209,0.78212786,-0.26143333,0.09966672,6.7495066e-08,-2.8777775e-08,0.99502087,3
653437995,653437730,0.1943272,-0.53106654,0.78221136,-0.26143974,0.09966672,6.7495066e-08,-2.8777775e-08,0.99502087,3
653443040,653442777,0.19436084,-0.530936,0.7822899,-0.26144475,0.09966672,6.7495066e-08,-2.8777775e-08,0.99502087,3
653447997,653447730,0.19438553,-0.53082114,0.7823588,-0.2614535,0.09966672,6.7495066e-08,-2.8777775e-08,0.99502087,3
653453001,653452730,0.194406,-0.5307144,0.7824214,-0.26146764,0.09966672,6.7495066e-08,-2.8777775e-08,0.99502087,3
653457995,653457730,0.19443133,-0.53061056,0.7824751,-0.26149884,0.09966672,6.7495066e-08,-2.8777775e-08,0.99502087,3
653462990,653462730,0.19445153,-0.5305156,0.7825211,-0.2615387,0.09966672,6.7495066e-08,-2.8777775e-08,0.99502087,3
653467992,653467730,0.19446415,-0.5304374,0.7825574,-0.26157963,0.09966672,6.7495066e-08,-2.8777775e-08,0.99502087,3
653473005,653472730,0.1944703,-0.53037155,0.78258526,-0.26162493,0.09966672,6.7495066e-08,-2.8777775e-08,0.99502087,3
653478041,653477777,0.19447058,-0.53032094,0.78260314,-0.26167378,0.09966672,6.7495066e-08,-2.8777775e-08,0.99502087,3
653482990,653482730,0.19446275,-0.5302776,0.7826173,-0.26172563,0.09966672,6.7495066e-08,-2.8777775e-08,0.99502087,3
653488003,653487730,0.19445413,-0.5302463,0.7826201,-0.2617866,0.09966672,6.7495066e-08,-2.8777775e-08,0.99502087,3
653493018,653492740,0.19444278,-0.5302245,0.7826149,-0.26185513,0.09966672,6.7495066e-08,-2.8777775e-08,0.99502087,3
653497994,653497730,0.19442806,-0.53021336,0.78260136,-0.26192874,0.09966672,6.7495066e-08,-2.8777775e-08,0.99502087,3
653502998,653502730,0.19441105,-0.53020835,0.78258437,-0.26200232,0.09966672,6.7495066e-08,-2.8777775e-08,0.99502087,3
653508010,653507730,0.19438583,-0.5302118,0.7825633,-0.26207688,0.09966672,6.7495066e-08,-2.8777775e-08,0.99502087,3
653513047,653512776,0.19435903,-0.5302172,0.7825415,-0.26215094,0.09966672,6.7495066e-08,-2.8777775e-08,0.99502087,3
653517994,653517730,0.1943273,-0.530226,0.7825185,-0.26222545,0.09966672,6.7495066e-08,-2.8777775e-08,0.99502087,3
653522996,653522730,0.19429746,-0.5302373,0.78249276,-0.2623014,0.09966672,6.7495066e-08,-2.8777775e-08,0.99502087,3
653527997,653527730,0.19426642,-0.5302517,0.7824646,-0.26237932,0.09966672,6.7495066e-08,-2.8777775e-08,0.99502087,3
653532996,653532730,0.19423814,-0.5302626,0.7824383,-0.26245683,0.09966672,6.7495066e-08,-2.8777775e-08,0.99502087,3
653537998,653537730,0.19421406,-0.5302741,0.78241205,-0.26252943,0.09966672,6.7495066e-08,-2.8777775e-08,0.99502087,3
653542996,653542730,0.19418968,-0.53027964,0.7823903,-0.26260108,0.09966672,6.7495066e-08,-2.8777775e-08,0.99502087,3
653548046,653547777,0.19416906,-0.5302816,0.7823723,-0.262666,0.09966672,6.7495066e-08,-2.8777775e-08,0.99502087,3
653552988,653552730,0.19415301,-0.53027314,0.78236145,-0.2627272,0.09966672,6.7495066e-08,-2.8777775e-08,0.99502087,3
653557998,653557730,0.1941502,-0.5302329,0.7823647,-0.2628011,0.09966672,6.7495066e-08,-2.8777775e-08,0.99502087,3
653562993,653562730,0.1941539,-0.5301819,0.7823745,-0.26287186,0.09966672,6.7495066e-08,-2.8777775e-08,0.99502087,3
653567990,653567730,0.19416304,-0.530124,0.7823895,-0.2629373,0.09966672,6.7495066e-08,-2.8777775e-08,0.99502087,3
653573006,653572730,0.19417669,-0.5300553,0.7824119,-0.26299888,0.09966672,6.7495066e-08,-2.8777775e-08,0.99502087,3
653577992,653577730,0.1941961,-0.5299789,0.7824421,-0.26304877,0.09966672,6.7495066e-08,-2.8777775e-08,0.99502087,3
653583043,653582776,0.19422272,-0.52989006,0.78248096,-0.26309255,0.09966672,6.7495066e-08,-2.8777775e-08,0.99502087,3
653587990,653587730,0.19425452,-0.5297936,0.782525,-0.26313195,0.09966672,6.7495066e-08,-2.8777775e-08,0.99502087,3
653593001,653592730,0.19429262,-0.52968365,0.7825782,-0.2631676,0.09966672,6.7495066e-08,-2.8777775e-08,0.99502087,3
653597989,653597730,0.19433999,-0.5295663,0.7826351,-0.26319912,0.09966672,6.7495066e-08,-2.8777775e-08,0.99502087,3
653602994,653602730,0.19439611,-0.5294348,0.78270024,-0.2632286,0.09966672,6.7495066e-08,-2.8777775e-08,0.99502087,3
653608012,653607730,0.1944573,-0.5292958,0.78276896,-0.26325867,0.09966672,6.7495066e-08,-2.8777775e-08,0.99502087,3
653612998,653612730,0.19452307,-0.52914995,0.78284305,-0.26328292,0.09966672,6.7495066e-08,-2.8777775e-08,0.99502087,3
653618051,653617776,0.19459108,-0.5289992,0.782922,-0.26330093,0.09966672,6.7495066e-08,-2.8777775e-08,0.99502087,3
653622994,653622730,0.19466466,-0.52884096,0.78300375,-0.263321,0.09966672,6.7495066e-08,-2.8777775e-08,0.99502087,3
653627992,653627730,0.19474353,-0.5286767,0.78308856,-0.26334044,0.09966672,6.7495066e-08,-2.8777775e-08,0.99502087,3
653632993,653632730,0.19482823,-0.52850896,0.7831733,-0.26336262,0.09966672,6.7495066e-08,-2.8777775e-08,0.99502087,3
653637992,653637730,0.19491331,-0.52834237,0.783256,-0.263388,0.09966672,6.7495066e-08,-2.8777775e-08,0.99502087,3
653642993,653642730,0.19500066,-0.5281755,0.7833388,-0.26341182,0.09966672,6.7495066e-08,-2.8777775e-08,0.99502087,3
653647993,653647730,0.19508757,-0.52800876,0.783421,-0.26343733,0.09966672,6.7495066e-08,-2.8777775e-08,0.99502087,3
653653044,653652776,0.1951695,-0.5278423,0.7835047,-0.26346123,0.09966672,6.7495066e-08,-2.8777775e-08,0.99502087,3
653657990,653657730,0.1952439,-0.5276675,0.78359437,-0.26348957,0.09966672,6.7495066e-08,-2.8777775e-08,0.99502087,3
653662997,653662730,0.19531885,-0.52749634,0.78368104,-0.26351917,0.09966672,6.7495066e-08,-2.8777775e-08,0.99502087,3
653667994,653667730,0.1953862,-0.527336,0.78376067,-0.26355326,0.09966672,6.7495066e-08,-2.8777775e-08,0.99502087,3
653673004,653672730,0.19545133,-0.52718186,0.78383565,-0.26359043,0.09966672,6.7495066e-08,-2.8777775e-08,0.99502087,3
653677992,653677730,0.1955062,-0.527039,0.7839067,-0.26362363,0.09966672,6.7495066e-08,-2.8777775e-08,0.99502087,3
653682998,653682730,0.19555177,-0.5269054,0.7839736,-0.2636585,0.09966672,6.7495066e-08,-2.8777775e-08,0.99502087,3
653688048,653687776,0.19559121,-0.52678555,0.78403336,-0.26369056,0.09966672,6.7495066e-08,-2.8777775e-08,0.99502087,3
653692990,653692730,0.19561896,-0.5266794,0.7840859,-0.26372617,0.09966672,6.7495066e-08,-2.8777775e-08,0.99502087,3
653698001,653697730,0.19564177,-0.52658725,0.78412986,-0.26376212,0.09966672,6.7495066e-08,-2.8777775e-08,0.99502087,3
653702987,653702730,0.19565944,-0.52650523,0.78416735,-0.2638018,0.09966672,6.7495066e-08,-2.8777775e-08,0.99502087,3
653708008,653707730,0.19566926,-0.526437,0.7841961,-0.26384488,0.09966672,6.7495066e-08,-2.8777775e-08,0.99502087,3
653712993,653712730,0.19567119,-0.52638227,0.7842175,-0.2638891,0.09966672,6.7495066e-08,-2.8777775e-08,0.99502087,3
653717995,653717730,0.19566265,-0.52633834,0.7842344,-0.2639327,0.09966672,6.7495066e-08,-2.8777775e-08,0.99502087,3
653723055,653722776,0.19564936,-0.52630794,0.784242,-0.26398078,0.09966672,6.7495066e-08,-2.8777775e-08,0.99502087,3
653727991,653727730,0.19562915,-0.5262895,0.7842425,-0.2640309,0.09966672,6.7495066e-08,-2.8777775e-08,0.99502087,3
653732994,653732730,0.19560643,-0.52628297,0.78423333,-0.2640881,0.09966672,6.7495066e-08,-2.8777775e-08,0.99502087,3
653737992,653737730,0.19558021,-0.52628464,0.78421855,-0.26414776,0.09966672,6.7495066e-08,-2.8777775e-08,0.99502087,3
653742991,653742730,0.19555502,-0.5262929,0.7841973,-0.26421317,0.09966672,6.7495066e-08,-2.8777775e-08,0.99502087,3
653747992,653747730,0.19552743,-0.5263116,0.78416914,-0.26428047,0.09966672,6.7495066e-08,-2.8777775e-08,0.99502087,3
653752992,653752730,0.19549885,-0.5263303,0.7841411,-0.26434693,0.09966672,6.7495066e-08,-2.8777775e-08,0.99502087,3
653758039,653757776,0.19547226,-0.52636033,0.78410506,-0.2644139,0.09966672,6.7495066e-08,-2.8777775e-08,0.99502087,3
653763041,653762730,0.19544539,-0.5263895,0.7840699,-0.2644801,0.09966672,6.7495066e-08,-2.8777775e-08,0.99502087,3
653767997,653767730,0.19541837,-0.5264192,0.7840335,-0.26454875,0.09966672,6.7495066e-08,-2.8777775e-08,0.99502087,3
653773006,653772730,0.19539513,-0.5264479,0.7839966,-0.26461834,0.09966672,6.7495066e-08,-2.8777775e-08,0.99502087,3
653777995,653777730,0.1953734,-0.5264744,0.7839618,-0.26468468,0.09966672,6.7495066e-08,-2.8777775e-08,0.99502087,3
653782994,653782730,0.19535662,-0.52649516,0.7839312,-0.26474643,0.09966672,6.7495066e-08,-2.8777775e-08,0.99502087,3
653787990,653787730,0.1953421,-0.5265071,0.7839078,-0.26480237,0.09966672,6.7495066e-08,-2.8777775e-08,0.99502087,3
653793047,653792777,0.19532843,-0.52651453,0.78388923,-0.26485264,0.09966672,6.7495066e-08,-2.8777775e-08,0.99502087,3
653797992,653797730,0.19531922,-0.5265144,0.7838763,-0.2648983,0.09966672,6.7495066e-08,-2.8777775e-08,0.99502087,3
653803003,653802730,0.1953187,-0.5265017,0.78387,-0.26494214,0.09966672,6.7495066e-08,-2.8777775e-08,0.99502087,3
653808014,653807730,0.19532281,-0.52648216,0.7838687,-0.2649821,0.09966672,6.7495066e-08,-2.8777775e-08,0.99502087,3
653812990,653812730,0.19532998,-0.52645147,0.78387517,-0.26501864,0.09966672,6.7495066e-08,-2.8777775e-08,0.99502087,3
653817991,653817730,0.19534373,-0.52641016,0.7838891,-0.2650494,0.09966672,6.7495066e-08,-2.8777775e-08,0.99502087,3
653822991,653822730,0.19535962,-0.5263556,0.7839135,-0.26507354,0.09966672,6.7495066e-08,-2.8777775e-08,0.99502087,3
653828049,653827777,0.19537917,-0.5262916,0.78394675,-0.26508832,0.09966672,6.7495066e-08,-2.8777775e-08,0.99502087,3
653832994,653832730,0.19540277,-0.52621794,0.7839872,-0.26509693,0.09966672,6.7495066e-08,-2.8777775e-08,0.99502087,3
653837995,653837730,0.19543216,-0.5261338,0.7840347,-0.2651024,0.09966672,6.7495066e-08,-2.8777775e-08,0.99502087,3
653842997,653842730,0.19546889,-0.526039,0.7840872,-0.26510778,0.09966672,6.7495066e-08,-2.8777775e-08,0.99502087,3
653848000,653847730,0.19550902,-0.5259362,0.7841456,-0.2651096,0.09966672,6.7495066e-08,-2.8777775e-08,0.99502087,3
653852996,653852730,0.19555609,-0.5258281,0.7842075,-0.26510623,0.09966672,6.7495066e-08,-2.8777775e-08,0.99502087,3
653857997,653857730,0.19560495,-0.5257129,0.7842746,-0.26509988,0.09966672,6.7495066e-08,-2.8777775e-08,0.99502087,3
653863049,653862776,0.19565405,-0.52559125,0.78434676,-0.2650919,0.09966672,6.7495066e-08,-2.8777775e-08,0.99502087,3
653867991,653867730,0.19570704,-0.52546823,0.7844186,-0.26508373,0.09966672,6.7495066e-08,-2.8777775e-08,0.99502087,3
653873007,653872730,0.19576623,-0.5253424,0.7844905,-0.26507658,0.09966672,6.7495066e-08,-2.8777775e-08,0.99502087,3
