timestamp,timestamp_sample,xyz[0],xyz[1],xyz[2]
630568792,630568690,0.0,0.0,-0.001
630570083,630569981,0.0,0.0,-0.001
630573794,630573688,0.0,0.0,-0.001
630576283,630576187,0.0,0.0,-0.001
630580086,630579982,0.0,0.0,-0.001
630583789,630583688,0.0,0.0,-0.001
630587539,630587437,0.0,0.0,-0.001
630591282,630591188,0.0,0.0,-0.001
630593789,630593688,0.0,0.0,-0.001
630597537,630597437,0.0,0.0,-0.001
630601321,630601215,0.0,0.0,-0.001
630605089,630604982,0.0,0.0,-0.001
630608789,630608688,0.0,0.0,-0.001
630611297,630611194,0.0,0.0,-0.001
630615083,630614982,0.0,0.0,-0.001
630618787,630618687,0.0,0.0,-0.001
630622530,630622438,0.0,0.0,-0.001
630626283,630626188,0.0,0.0,-0.001
630628787,630628687,0.0,0.0,-0.001
630632540,630632438,0.0,0.0,-0.001
630636289,630636189,0.0,0.0,-0.001
630640087,630639979,0.0,0.0,-0.001
630643791,630643688,0.0,0.0,-0.001
630646311,630646211,0.0,0.0,-0.001
630650084,630649981,0.0,0.0,-0.001
630653795,630653690,0.0,0.0,-0.001
630657540,630657439,0.0,0.0,-0.001
630661316,630661213,0.0,0.0,-0.001
630663790,630663689,0.0,0.0,-0.001
630667539,630667437,0.0,0.0,-0.001
630671288,630671188,0.0,0.0,-0.001
630675091,630674982,0.0,0.0,-0.001
630678789,630678687,0.0,0.0,-0.001
630681292,630681189,0.0,0.0,-0.001
630685079,630684978,0.0,0.0,-0.001
630688785,630688691,0.0,0.0,-0.001
630692539,630692438,0.0,0.0,-0.001
630696297,630696190,0.0,0.0,-0.001
630698787,630698687,0.0,0.0,-0.001
630702541,630702439,0.0,0.0,-0.001
630706314,630706212,0.0,0.0,-0.001
630710079,630709979,0.0,0.0,-0.001
630713804,630713702,0.0,0.0,-0.001
630716285,630716187,0.0,0.0,-0.001
630720086,630719982,0.0,0.0,-0.001
630723788,630723688,0.0,0.0,-0.001
630727539,630727437,0.0,0.0,-0.001
630731289,630731188,0.0,0.0,-0.001
630733788,630733688,0.0,0.0,-0.001
630737538,630737437,0.0,0.0,-0.001
630741287,630741190,0.0,0.0,-0.001
630745083,630744982,0.0,0.0,-0.001
630748790,630748687,0.0,0.0,-0.001
630751313,630751213,0.0,0.0,-0.001
630755079,630754978,0.0,0.0,-0.001
630758786,630758687,0.0,0.0,-0.001
630762540,630762439,0.0,0.0,-0.001
630766315,630766212,0.0,0.0,-0.001
630768789,630768688,0.0,0.0,-0.001
630772540,630772437,0.0,0.0,-0.001
630776279,630776187,0.0,0.0,-0.001
630780085,630779982,0.0,0.0,-0.001
630783790,630783688,0.0,0.0,-0.001
630786288,630786188,0.0,0.0,-0.001
630790092,630789981,0.0,0.0,-0.001
630793789,630793688,0.0,0.0,-0.001
630797541,630797438,0.0,0.0,-0.001
630801295,630801191,0.0,0.0,-0.001
630803789,630803688,0.0,0.0,-0.001
630807537,630807437,0.0,0.0,-0.001
630811321,630811217,0.0,0.0,-0.001
630815085,630814982,0.0,0.0,-0.001
630818790,630818688,0.0,0.0,-0.001
630821282,630821188,0.0,0.0,-0.001
630825085,630824978,0.0,0.0,-0.001
630828786,630828687,0.0,0.0,-0.001
630832540,630832438,0.0,0.0,-0.001
630836290,630836188,0.0,0.0,-0.001
630838788,630838688,0.0,0.0,-0.001
630842539,630842438,0.0,0.0,-0.001
630846287,630846188,0.0,0.0,-0.001
630850084,630849982,0.0,0.0,-0.001
630853790,630853688,0.0,0.0,-0.001
630856317,630856213,0.0,0.0,-0.001
630860085,630859984,0.0,0.0,-0.001
630863788,630863688,0.0,0.0,-0.001
630867537,630867438,0.0,0.0,-0.001
630871323,630871220,0.0,0.0,-0.001
630873789,630873688,0.0,0.0,-0.001
630877539,630877438,0.0,0.0,-0.001
630881289,630881188,0.0,0.0,-0.001
630885079,630884979,0.0,0.0,-0.001
630888788,630888687,0.0,0.0,-0.001
630891281,630891188,0.0,0.0,-0.001
630895085,630894982,0.0,0.0,-0.001
630898788,630898688,0.0,0.0,-0.001
630902539,630902438,0.0,0.0,-0.001
630906286,630906188,0.0,0.0,-0.001
630908787,630908688,0.0,0.0,-0.001
630912538,630912438,0.0,0.0,-0.001
630916310,630916211,0.0,0.0,-0.001
630920084,630919982,0.0,0.0,-0.001
630923791,630923688,0.0,0.0,-0.001
630926289,630926188,0.0,0.0,-0.001
630930083,630929982,0.0,0.0,-0.001
630933790,630933688,0.0,0.0,-0.001
630937530,630937438,0.0,0.0,-0.001
630941285,630941190,0.0,0.0,-0.001
630943789,630943688,0.0,0.0,-0.001
630947539,630947438,0.0,0.0,-0.001
630951289,630951188,0.0,0.0,-0.001
630955089,630954981,0.0,0.0,-0.001
630958788,630958687,0.0,0.0,-0.001
630961313,630961213,0.0,0.0,-0.001
630965084,630964982,0.0,0.0,-0.001
630968788,630968688,0.0,0.0,-0.001
630972538,630972437,0.0,0.0,-0.001
630976313,630976212,0.0,0.0,-0.001
630978788,630978687,0.0,0.0,-0.001
630982537,630982438,0.0,0.0,-0.001
630986289,630986188,0.0,0.0,-0.001
630990090,630989982,0.0,0.0,-0.001
630993794,630993688,0.0,0.0,-0.001
630996289,630996189,0.0,0.0,-0.001
631000079,630999979,0.0,0.0,-0.001
631003782,631003688,0.0,0.0,-0.001
631007540,631007438,0.0,0.0,-0.001
631011290,631011188,0.0,0.0,-0.001
631013801,631013699,0.0,0.0,-0.001
631017537,631017437,0.0,0.0,-0.001
631021313,631021212,0.0,0.0,-0.001
631025096,631024985,0.0,0.0,-0.001
631028788,631028687,0.0,0.0,-0.001
631031292,631031188,0.0,0.0,-0.001
631035083,631034982,0.0,0.0,-0.001
631038788,631038688,0.0,0.0,-0.001
631042538,631042438,0.0,0.0,-0.001
631046290,631046188,0.0,0.0,-0.001
631048786,631048687,0.0,0.0,-0.001
631052540,631052438,0.0,0.0,-0.001
631056281,631056188,0.0,0.0,-0.001
631060078,631059979,0.0,0.0,-0.001
631063790,631063688,0.0,0.0,-0.001
631066311,631066211,0.0,0.0,-0.001
631070084,631069982,0.0,0.0,-0.001
631073792,631073688,0.0,0.0,-0.001
631077538,631077438,0.0,0.0,-0.001
631081314,631081213,0.0,0.0,-0.001
631083788,631083688,0.0,0.0,-0.001
631087530,631087438,0.0,0.0,-0.001
631091286,631091190,0.0,0.0,-0.001
631095082,631094982,0.0,0.0,-0.001
631098790,631098688,0.0,0.0,-0.001
631101289,631101188,0.0,0.0,-0.001
631105084,631104978,0.0,0.0,-0.001
631108787,631108687,0.0,0.0,-0.001
631112540,631112439,0.0,0.0,-0.001
631116289,631116187,0.0,0.0,-0.001
631118788,631118688,0.0,0.0,-0.001
631122538,631122438,0.0,0.0,-0.001
631126312,631126211,0.0,0.0,-0.001
631130084,631129982,0.0,0.0,-0.001
631133790,631133688,0.0,0.0,-0.001
631136289,631136188,0.0,0.0,-0.001
631140092,631139982,0.0,0.0,-0.001
631143789,631143688,0.0,0.0,-0.001
631147540,631147438,0.0,0.0,-0.001
631151290,631151189,0.0,0.0,-0.001
631153782,631153688,0.0,0.0,-0.001
631157538,631157438,0.0,0.0,-0.001
631161290,631161188,0.0,0.0,-0.001
631165080,631164980,0.0,0.0,-0.001
631168789,631168688,0.0,0.0,-0.001
631171313,631171212,0.0,0.0,-0.001
631175083,631174980,0.0,0.0,-0.001
631178787,631178688,0.0,0.0,-0.001
631182539,631182438,0.0,0.0,-0.001
631186313,631186212,0.0,0.0,-0.001
631188787,631188688,0.0,0.0,-0.001
631192539,631192438,0.0,0.0,-0.001
631196287,631196187,0.0,0.0,-0.001
631200085,631199982,0.0,0.0,-0.001
631203784,631203688,0.0,0.0,-0.001
631206282,631206187,0.0,0.0,-0.001
631210086,631209982,0.0,0.0,-0.001
631213805,631213701,0.0,0.0,-0.001
631217538,631217437,0.0,0.0,-0.001
631221283,631221188,0.0,0.0,-0.001
631223789,631223688,0.0,0.0,-0.001
631227536,631227437,0.0,0.0,-0.001
631231320,631231219,0.0,0.0,-0.001
631235086,631234982,0.0,0.0,-0.001
631238790,631238687,0.0,0.0,-0.001
631241284,631241190,0.0,0.0,-0.001
631245077,631244978,0.0,0.0,-0.001
631248787,631248687,0.0,0.0,-0.001
631252541,631252439,0.0,0.0,-0.001
631256282,631256188,0.0,0.0,-0.001
631258787,631258688,0.0,0.0,-0.001
631263793,631263690,0.0,0.0,-0.001
631266286,631266187,0.0,0.0,-0.001
631270075,631269978,0.0,0.0,-0.001
631273790,631273688,0.0,0.0,-0.001
631276318,631276214,0.0,0.0,-0.001
631280084,631279982,0.0,0.0,-0.001
631283798,631283691,0.0,0.0,-0.001
631287538,631287438,0.0,0.0,-0.001
631291306,631291212,0.0,0.0,-0.001
631293789,631293688,0.0,0.0,-0.001
631297540,631297437,0.0,0.0,-0.001
631301295,631301190,0.0,0.0,-0.001
631305092,631304982,0.0,0.0,-0.001
631308789,631308687,0.0,0.0,-0.001
631311296,631311193,0.0,0.0,-0.001
631315083,631314982,0.0,0.0,-0.001
631318788,631318688,0.0,0.0,-0.001
631322529,631322437,0.0,0.0,-0.001
631326290,631326188,0.0,0.0,-0.001
631328786,631328687,0.0,0.0,-0.001
631332539,631332438,0.0,0.0,-0.001
631336313,631336212,0.0,0.0,-0.001
631340090,631339981,0.0,0.0,-0.001
631343792,631343689,0.0,0.0,-0.001
631346287,631346188,0.0,0.0,-0.001
631350077,631349978,0.0,0.0,-0.001
631353780,631353688,0.0,0.0,-0.001
631357537,631357438,0.0,0.0,-0.001
631361295,631361190,0.0,0.0,-0.001
631363792,631363688,0.0,0.0,-0.001
631367540,631367437,0.0,0.0,-0.001
631371286,631371190,0.0,0.0,-0.001
631375091,631374988,0.0,0.0,-0.001
631378789,631378688,0.0,0.0,-0.001
631381313,631381212,0.0,0.0,-0.001
631385080,631384980,0.0,0.0,-0.001
631388786,631388687,0.0,0.0,-0.001
631392541,631392439,0.0,0.0,-0.001
631396314,631396212,0.0,0.0,-0.001
631398787,631398687,0.0,0.0,-0.001
631402531,631402438,0.0,0.0,-0.001
631406288,631406188,0.0,0.0,-0.001
631410075,631409978,0.0,0.0,-0.001
631413797,631413695,0.0,0.0,-0.001
631416285,631416187,0.0,0.0,-0.001
631420085,631419982,0.0,0.0,-0.001
631423792,631423690,0.0,0.0,-0.001
631427538,631427438,0.0,0.0,-0.001
631431289,631431188,0.0,0.0,-0.001
631433790,631433688,0.0,0.0,-0.001
631437536,631437437,0.0,0.0,-0.001
631441320,631441217,0.0,0.0,-0.001
631445083,631444982,0.0,0.0,-0.001
631448789,631448687,0.0,0.0,-0.001
631451293,631451192,0.0,0.0,-0.001
631455086,631454978,0.0,0.0,-0.001
631458786,631458687,0.0,0.0,-0.001
631462540,631462438,0.0,0.0,-0.001
631466290,631466188,0.0,0.0,-0.001
631468787,631468688,0.0,0.0,-0.001
631473793,631473689,0.0,0.0,-0.001
631476285,631476187,0.0,0.0,-0.001
631480084,631479982,0.0,0.0,-0.001
631483793,631483690,0.0,0.0,-0.001
631486311,631486212,0.0,0.0,-0.001
631490093,631489982,0.0,0.0,-0.001
631493795,631493690,0.0,0.0,-0.001
631497538,631497438,0.0,0.0,-0.001
631501314,631501213,0.0,0.0,-0.001
631503789,631503688,0.0,0.0,-0.001
631510086,631509984,0.0,0.0,-0.001
631511287,631511188,0.0,0.0,-0.001
631515078,631514979,0.0,0.0,-0.001
631518777,631518687,0.0,0.0,-0.001
631521279,631521188,0.0,0.0,-0.001
631525078,631524979,0.0,0.0,-0.001
631528785,631528687,0.0,0.0,-0.001
631532538,631532438,0.0,0.0,-0.001
631536276,631536186,0.0,0.0,-0.001
631538786,631538687,0.0,0.0,-0.001
631542535,631542437,0.0,0.0,-0.001
631546310,631546211,0.0,0.0,-0.001
631550079,631549980,0.0,0.0,-0.001
631553788,631553688,0.0,0.0,-0.001
631556280,631556188,0.0,0.0,-0.001
631560081,631559982,0.0,0.0,-0.001
631563786,631563687,0.0,0.0,-0.001
631567535,631567437,0.0,0.0,-0.001
631571284,631571188,0.0,0.0,-0.001
631573788,631573688,0.0,0.0,-0.001
631577534,631577437,0.0,0.0,-0.001
631581288,631581188,0.0,0.0,-0.001
631585084,631584980,0.0,0.0,-0.001
631588788,631588687,0.0,0.0,-0.001
631591310,631591210,0.0,0.0,-0.001
631595077,631594979,0.0,0.0,-0.001
631598784,631598687,0.0,0.0,-0.001
631602527,631602437,0.0,0.0,-0.001
631606306,631606211,0.0,0.0,-0.001
631608784,631608687,0.0,0.0,-0.001
631612539,631612438,0.0,0.0,-0.001
631616284,631616187,0.0,0.0,-0.001
631620080,631619977,0.0,0.0,-0.001
631623786,631623687,0.0,0.0,-0.001
631626285,631626187,0.0,0.0,-0.001
631630078,631629980,0.0,0.0,-0.001
631633795,631633691,0.0,0.0,-0.001
631637530,631637438,0.0,0.0,-0.001
631641286,631641187,0.0,0.0,-0.001
631643786,631643687,0.0,0.0,-0.001
631647534,631647436,0.0,0.0,-0.001
631651313,631651213,0.0,0.0,-0.001
631655086,631654980,0.0,0.0,-0.001
631658786,631658687,0.0,0.0,-0.001
631661286,631661188,0.0,0.0,-0.001
631665075,631664978,0.0,0.0,-0.001
631668776,631668687,0.0,0.0,-0.001
631672537,631672437,0.0,0.0,-0.001
631676286,631676187,0.0,0.0,-0.001
631678785,631678687,0.0,0.0,-0.001
631682536,631682437,0.0,0.0,-0.001
631686275,631686186,0.0,0.0,-0.001
631690080,631689980,0.0,0.0,-0.001
631693788,631693687,0.0,0.0,-0.001
631696313,631696214,0.0,0.0,-0.001
631700080,631699980,0.0,0.0,-0.001
631703787,631703687,0.0,0.0,-0.001
631707535,631707437,0.0,0.0,-0.001
631711311,631711211,0.0,0.0,-0.001
631713790,631713692,0.0,0.0,-0.001
631717536,631717437,0.0,0.0,-0.001
631721280,631721188,0.0,0.0,-0.001
631725078,631724980,0.0,0.0,-0.001
631728785,631728687,0.0,0.0,-0.001
631731285,631731187,0.0,0.0,-0.001
631735079,631734980,0.0,0.0,-0.001
631738785,631738687,0.0,0.0,-0.001
631742540,631742437,0.0,0.0,-0.001
631746284,631746186,0.0,0.0,-0.001
631748784,631748687,0.0,0.0,-0.001
631752534,631752437,0.0,0.0,-0.001
631756303,631756211,0.0,0.0,-0.001
631760079,631759980,0.0,0.0,-0.001
631763786,631763687,0.0,0.0,-0.001
631766286,631766188,0.0,0.0,-0.001
631770082,631769978,0.0,0.0,-0.001
631773786,631773687,0.0,0.0,-0.001
631777536,631777437,0.0,0.0,-0.001
631781287,631781188,0.0,0.0,-0.001
631783786,631783687,0.0,0.0,-0.001
631787529,631787437,0.0,0.0,-0.001
631791287,631791188,0.0,0.0,-0.001
631795078,631794979,0.0,0.0,-0.001
631798786,631798687,0.0,0.0,-0.001
631801311,631801212,0.0,0.0,-0.001
631805086,631804980,0.0,0.0,-0.001
631808789,631808687,0.0,0.0,-0.001
631812535,631812437,0.0,0.0,-0.001
631816310,631816211,0.0,0.0,-0.001
631818776,631818687,0.0,0.0,-0.001
631822536,631822437,0.0,0.0,-0.001
631826286,631826188,0.0,0.0,-0.001
631830076,631829979,0.0,0.0,-0.001
631833786,631833687,0.0,0.0,-0.001
631836276,631836187,0.0,0.0,-0.001
631840085,631839980,0.0,0.0,-0.001
631843787,631843688,0.0,0.0,-0.001
631847535,631847437,0.0,0.0,-0.001
631851279,631851187,0.0,0.0,-0.001
631853789,631853687,0.0,0.0,-0.001
631857535,631857437,0.0,0.0,-0.001
631861311,631861211,0.0,0.0,-0.001
631865079,631864980,0.0,0.0,-0.001
631868779,631868687,0.0,0.0,-0.001
631871279,631871188,0.0,0.0,-0.001
631875077,631874979,0.0,0.0,-0.001
631878783,631878687,0.0,0.0,-0.001
631882536,631882437,0.0,0.0,-0.001
631886278,631886188,0.0,0.0,-0.001
631888785,631888687,0.0,0.0,-0.001
631892535,631892437,0.0,0.0,-0.001
631896284,631896187,0.0,0.0,-0.001
631900080,631899980,0.0,0.0,-0.001
631903787,631903687,0.0,0.0,-0.001
631906308,631906210,0.0,0.0,-0.001
631910079,631909980,0.0,0.0,-0.001
631913789,631913690,0.0,0.0,-0.001
631917532,631917437,0.0,0.0,-0.001
631921303,631921211,0.0,0.0,-0.001
631923786,631923687,0.0,0.0,-0.001
631927536,631927437,0.0,0.0,-0.001
631931286,631931188,0.0,0.0,-0.001
631935077,631934979,0.0,0.0,-0.001
631938785,631938687,0.0,0.0,-0.001
631941286,631941187,0.0,0.0,-0.001
631945080,631944980,0.0,0.0,-0.001
631948785,631948687,0.0,0.0,-0.001
631952529,631952437,0.0,0.0,-0.001
631956278,631956187,0.0,0.0,-0.001
631958786,631958687,0.0,0.0,-0.001
631962536,631962437,0.0,0.0,-0.001
631966310,631966211,0.0,0.0,-0.001
631970088,631969980,0.0,0.0,-0.001
631973787,631973687,0.0,0.0,-0.001
631976286,631976188,0.0,0.0,-0.001
631980078,631979979,0.0,0.0,-0.001
631983786,631983687,0.0,0.0,-0.001
631987536,631987437,0.0,0.0,-0.001
631991288,631991188,0.0,0.0,-0.001
631993786,631993687,0.0,0.0,-0.001
631997538,631997438,0.0,0.0,-0.001
632001279,632001188,0.0,0.0,-0.001
632005079,632004980,0.0,0.0,-0.001
632008785,632008687,0.0,0.0,-0.001
632011313,632011211,0.0,0.0,-0.001
632015082,632014982,0.0,0.0,-0.001
632018785,632018687,0.0,0.0,-0.001
632022536,632022437,0.0,0.0,-0.001
632026311,632026212,0.0,0.0,-0.001
632028784,632028687,0.0,0.0,-0.001
632032536,632032437,0.0,0.0,-0.001
632036278,632036188,0.0,0.0,-0.001
632040075,632039978,0.0,0.0,-0.001
632043786,632043687,0.0,0.0,-0.001
632046284,632046187,0.0,0.0,-0.001
632050079,632049980,0.0,0.0,-0.001
632053788,632053688,0.0,0.0,-0.001
632057535,632057437,0.0,0.0,-0.001
632061286,632061188,0.0,0.0,-0.001
632063786,632063687,0.0,0.0,-0.001
632067527,632067437,0.0,0.0,-0.001
632071304,632071212,0.0,0.0,-0.001
632075078,632074980,0.0,0.0,-0.001
632078786,632078687,0.0,0.0,-0.001
632081286,632081188,0.0,0.0,-0.001
632085082,632084978,0.0,0.0,-0.001
632088784,632088687,0.0,0.0,-0.001
632092538,632092438,0.0,0.0,-0.001
632096286,632096187,0.0,0.0,-0.001
632098785,632098687,0.0,0.0,-0.001
632102528,632102437,0.0,0.0,-0.001
632106289,632106187,0.0,0.0,-0.001
632110079,632109979,0.0,0.0,-0.001
632113790,632113688,0.0,0.0,-0.001
632116309,632116211,0.0,0.0,-0.001
632120086,632119980,0.0,0.0,-0.001
632123787,632123687,0.0,0.0,-0.001
632127533,632127436,0.0,0.0,-0.001
632131310,632131211,0.0,0.0,-0.001
632133778,632133687,0.0,0.0,-0.001
632137536,632137437,0.0,0.0,-0.001
632141287,632141188,0.0,0.0,-0.001
632145077,632144979,0.0,0.0,-0.001
632148785,632148687,0.0,0.0,-0.001
632151278,632151187,0.0,0.0,-0.001
632155082,632154980,0.0,0.0,-0.001
632158786,632158687,0.0,0.0,-0.001
632162535,632162437,0.0,0.0,-0.001
632166284,632166187,0.0,0.0,-0.001
632168785,632168687,0.0,0.0,-0.001
632172535,632172437,0.0,0.0,-0.001
632176310,632176211,0.0,0.0,-0.001
632180081,632179982,0.0,0.0,-0.001
632183780,632183687,0.0,0.0,-0.001
632186278,632186188,0.0,0.0,-0.001
632190075,632189978,0.0,0.0,-0.001
632193786,632193687,0.0,0.0,-0.001
632197539,632197437,0.0,0.0,-0.001
632201279,632201187,0.0,0.0,-0.001
632203786,632203687,0.0,0.0,-0.001
632207535,632207437,0.0,0.0,-0.001
632211286,632211188,0.0,0.0,-0.001
632215080,632214980,0.0,0.0,-0.001
632218786,632218687,0.0,0.0,-0.001
632221304,632221211,0.0,0.0,-0.001
632225078,632224980,0.0,0.0,-0.001
632228784,632228687,0.0,0.0,-0.001
632232536,632232437,0.0,0.0,-0.001
632236302,632236211,0.0,0.0,-0.001
632238783,632238687,0.0,0.0,-0.001
632242541,632242438,0.0,0.0,-0.001
632246285,632246187,0.0,0.0,-0.001
632250075,632249978,0.0,0.0,-0.001
632253787,632253687,0.0,0.0,-0.001
632256283,632256187,0.0,0.0,-0.001
632260081,632259980,0.0,0.0,-0.001
632263786,632263687,0.0,0.0,-0.001
632267528,632267437,0.0,0.0,-0.001
632271278,632271188,0.0,0.0,-0.001
632273787,632273687,0.0,0.0,-0.001
632277534,632277437,0.0,0.0,-0.001
632281310,632281211,0.0,0.0,-0.001
632285086,632284980,0.0,0.0,-0.001
632288785,632288687,0.0,0.0,-0.001
632291286,632291188,0.0,0.0,-0.001
632295076,632294979,0.0,0.0,-0.001
632298784,632298687,0.0,0.0,-0.001
632302536,632302437,0.0,0.0,-0.001
632306291,632306188,0.0,0.0,-0.001
632308788,632308688,0.0,0.0,-0.001
632312536,632312437,0.0,0.0,-0.001
632316275,632316187,0.0,0.0,-0.001
632320086,632319980,0.0,0.0,-0.001
632323787,632323687,0.0,0.0,-0.001
632326310,632326211,0.0,0.0,-0.001
632330081,632329980,0.0,0.0,-0.001
632333780,632333688,0.0,0.0,-0.001
632337534,632337437,0.0,0.0,-0.001
632341314,632341211,0.0,0.0,-0.001
632343787,632343688,0.0,0.0,-0.001
632347536,632347437,0.0,0.0,-0.001
632351279,632351187,0.0,0.0,-0.001
632355075,632354978,0.0,0.0,-0.001
632358784,632358687,0.0,0.0,-0.001
632361285,632361188,0.0,0.0,-0.001
632365079,632364980,0.0,0.0,-0.001
632368785,632368687,0.0,0.0,-0.001
632372536,632372437,0.0,0.0,-0.001
632376284,632376187,0.0,0.0,-0.001
632378784,632378687,0.0,0.0,-0.001
632382535,632382437,0.0,0.0,-0.001
632386303,632386211,0.0,0.0,-0.001
632390079,632389980,0.0,0.0,-0.001
632393787,632393687,0.0,0.0,-0.001
632396286,632396187,0.0,0.0,-0.001
632400075,632399978,0.0,0.0,-0.001
632403786,632403687,0.0,0.0,-0.001
632407538,632407437,0.0,0.0,-0.001
632411286,632411188,0.0,0.0,-0.001
632413785,632413687,0.0,0.0,-0.001
632417528,632417437,0.0,0.0,-0.001
632421278,632421188,0.0,0.0,-0.001
632425080,632424979,0.0,0.0,-0.001
632428785,632428687,0.0,0.0,-0.001
632431312,632431212,0.0,0.0,-0.001
632435086,632434980,0.0,0.0,-0.001
632438786,632438687,0.0,0.0,-0.001
632442535,632442437,0.0,0.0,-0.001
632446310,632446211,0.0,0.0,-0.001
632448783,632448687,0.0,0.0,-0.001
632452537,632452437,0.0,0.0,-0.001
632456286,632456188,0.0,0.0,-0.001
632460079,632459979,0.0,0.0,-0.001
632463786,632463687,0.0,0.0,-0.001
632466275,632466186,0.0,0.0,-0.001
632470086,632469979,0.0,0.0,-0.001
632473787,632473688,0.0,0.0,-0.001
632477536,632477437,0.0,0.0,-0.001
632481286,632481187,0.0,0.0,-0.001
632483786,632483687,0.0,0.0,-0.001
632487534,632487437,0.0,0.0,-0.001
632491311,632491211,0.0,0.0,-0.001
632495080,632494980,0.0,0.0,-0.001
632498786,632498687,0.0,0.0,-0.001
632501279,632501188,0.0,0.0,-0.001
632505091,632504991,0.0,0.0,-0.001
632508784,632508687,0.0,0.0,-0.001
632512537,632512437,0.0,0.0,-0.001
632516279,632516188,0.0,0.0,-0.001
632518785,632518687,0.0,0.0,-0.001
632522536,632522437,0.0,0.0,-0.001
632526284,632526187,0.0,0.0,-0.001
632530078,632529980,0.0,0.0,-0.001
632533787,632533688,0.0,0.0,-0.001
632536302,632536211,0.0,0.0,-0.001
632540079,632539980,0.0,0.0,-0.001
632543786,632543687,0.0,0.0,-0.001
632547539,632547437,0.0,0.0,-0.001
632551311,632551212,0.0,0.0,-0.001
632553786,632553687,0.0,0.0,-0.001
632557536,632557437,0.0,0.0,-0.001
632561289,632561190,0.0,0.0,-0.001
632565075,632564978,0.0,0.0,-0.001
632568785,632568687,0.0,0.0,-0.001
632571287,632571188,0.0,0.0,-0.001
632575078,632574979,0.0,0.0,-0.001
632578785,632578687,0.0,0.0,-0.001
632582529,632582437,0.0,0.0,-0.001
632586275,632586186,0.0,0.0,-0.001
632588787,632588687,0.0,0.0,-0.001
632592540,632592440,0.0,0.0,-0.001
632596315,632596214,0.0,0.0,-0.001
632600080,632599979,0.0,0.0,-0.001
632603787,632603687,0.0,0.0,-0.001
632606291,632606188,0.0,0.0,-0.001
632610076,632609979,0.0,0.0,-0.001
632613785,632613687,0.0,0.0,-0.001
632617536,632617437,0.0,0.0,-0.001
632621291,632621192,0.0,0.0,-0.001
632623787,632623687,0.0,0.0,-0.001
632627536,632627438,0.0,0.0,-0.001
632631286,632631188,0.0,0.0,-0.001
632635087,632634980,0.0,0.0,-0.001
632638786,632638687,0.0,0.0,-0.001
632641311,632641211,0.0,0.0,-0.001
632645079,632644980,0.0,0.0,-0.001
632648777,632648687,0.0,0.0,-0.001
632652535,632652437,0.0,0.0,-0.001
632656308,632656210,0.0,0.0,-0.001
632658784,632658687,0.0,0.0,-0.001
632662536,632662437,0.0,0.0,-0.001
632666280,632666188,0.0,0.0,-0.001
632670077,632669979,0.0,0.0,-0.001
632673786,632673687,0.0,0.0,-0.001
632676285,632676187,0.0,0.0,-0.001
632680073,632679977,0.0,0.0,-0.001
632683786,632683687,0.0,0.0,-0.001
632687538,632687438,0.0,0.0,-0.001
632691286,632691188,0.0,0.0,-0.001
632693787,632693688,0.0,0.0,-0.001
632697535,632697437,0.0,0.0,-0.001
632701302,632701211,0.0,0.0,-0.001
632705079,632704980,0.0,0.0,-0.001
632708786,632708687,0.0,0.0,-0.001
632711288,632711188,0.0,0.0,-0.001
632715079,632714979,0.0,0.0,-0.001
632718785,632718687,0.0,0.0,-0.001
632722535,632722437,0.0,0.0,-0.001
632726287,632726188,0.0,0.0,-0.001
632728785,632728687,0.0,0.0,-0.001
632732531,632732438,0.0,0.0,-0.001
632736276,632736187,0.0,0.0,-0.001
632740074,632739977,0.0,0.0,-0.001
632743786,632743687,0.0,0.0,-0.001
632746307,632746210,0.0,0.0,-0.001
632750086,632749979,0.0,0.0,-0.001
632753789,632753688,0.0,0.0,-0.001
632757536,632757437,0.0,0.0,-0.001
632761309,632761210,0.0,0.0,-0.001
632763786,632763687,0.0,0.0,-0.001
632767536,632767437,0.0,0.0,-0.001
632771289,632771189,0.0,0.0,-0.001
632775080,632774980,0.0,0.0,-0.001
632778785,632778687,0.0,0.0,-0.001
632781287,632781188,0.0,0.0,-0.001
632785083,632784978,0.0,0.0,-0.001
632788784,632788687,0.0,0.0,-0.001
632792538,632792438,0.0,0.0,-0.001
632796287,632796188,0.0,0.0,-0.001
632798777,632798687,0.0,0.0,-0.001
632802536,632802437,0.0,0.0,-0.001
632806309,632806209,0.0,0.0,-0.001
632810079,632809980,0.0,0.0,-0.001
632813786,632813687,0.0,0.0,-0.001
632816279,632816187,0.0,0.0,-0.001
632820079,632819980,0.0,0.0,-0.001
632823786,632823687,0.0,0.0,-0.001
632827535,632827437,0.0,0.0,-0.001
632831287,632831188,0.0,0.0,-0.001
632833786,632833687,0.0,0.0,-0.001
632837537,632837438,0.0,0.0,-0.001
632841286,632841188,0.0,0.0,-0.001
632845075,632844978,0.0,0.0,-0.001
632848778,632848687,0.0,0.0,-0.001
632851301,632851210,0.0,0.0,-0.001
632855079,632854980,0.0,0.0,-0.001
632858786,632858687,0.0,0.0,-0.001
632862536,632862437,0.0,0.0,-0.001
632866308,632866210,0.0,0.0,-0.001
632868785,632868687,0.0,0.0,-0.001
632872535,632872437,0.0,0.0,-0.001
632876286,632876187,0.0,0.0,-0.001
632880079,632879980,0.0,0.0,-0.001
632883787,632883687,0.0,0.0,-0.001
632886278,632886188,0.0,0.0,-0.001
632890075,632889978,0.0,0.0,-0.001
632893786,632893687,0.0,0.0,-0.001
632897539,632897438,0.0,0.0,-0.001
632901281,632901188,0.0,0.0,-0.001
632903786,632903687,0.0,0.0,-0.001
632907537,632907437,0.0,0.0,-0.001
632911310,632911211,0.0,0.0,-0.001
632915080,632914980,0.0,0.0,-0.001
632918786,632918687,0.0,0.0,-0.001
632921286,632921188,0.0,0.0,-0.001
632925079,632924980,0.0,0.0,-0.001
632928785,632928687,0.0,0.0,-0.001
632932536,632932437,0.0,0.0,-0.001
632936280,632936187,0.0,0.0,-0.001
632938785,632938687,0.0,0.0,-0.001
632942537,632942438,0.0,0.0,-0.001
632946287,632946188,0.0,0.0,-0.001
632950082,632949978,0.0,0.0,-0.001
632953787,632953687,0.0,0.0,-0.001
632956308,632956210,0.0,0.0,-0.001
632960080,632959980,0.0,0.0,-0.001
632963787,632963688,0.0,0.0,-0.001
632967535,632967437,0.0,0.0,-0.001
632971315,632971211,0.0,0.0,-0.001
632973787,632973687,0.0,0.0,-0.001
632977535,632977437,0.0,0.0,-0.001
632981280,632981188,0.0,0.0,-0.001
632985087,632984980,0.0,0.0,-0.001
632988785,632988687,0.0,0.0,-0.001
632991287,632991188,0.0,0.0,-0.001
632995075,632994978,0.0,0.0,-0.001
632998784,632998687,0.0,0.0,-0.001
633002537,633002438,0.0,0.0,-0.001
633006290,633006188,0.0,0.0,-0.001
633008785,633008687,0.0,0.0,-0.001
633012536,633012437,0.0,0.0,-0.001
633016307,633016210,0.0,0.0,-0.001
633020081,633019980,0.0,0.0,-0.001
633023786,633023687,0.0,0.0,-0.001
633026286,633026188,0.0,0.0,-0.001
633030079,633029980,0.0,0.0,-0.001
633033786,633033687,0.0,0.0,-0.001
633037535,633037437,0.0,0.0,-0.001
633041288,633041188,0.0,0.0,-0.001
633043786,633043687,0.0,0.0,-0.001
633047530,633047438,0.0,0.0,-0.001
633051279,633051188,0.0,0.0,-0.001
633055075,633054978,0.0,0.0,-0.001
633058786,633058687,0.0,0.0,-0.001
633061309,633061211,0.0,0.0,-0.001
633065082,633064980,0.0,0.0,-0.001
633068785,633068687,0.0,0.0,-0.001
633072535,633072437,0.0,0.0,-0.001
633076309,633076211,0.0,0.0,-0.001
633078786,633078687,0.0,0.0,-0.001
633082536,633082437,0.0,0.0,-0.001
633086286,633086188,0.0,0.0,-0.001
633090079,633089980,0.0,0.0,-0.001
633093787,633093687,0.0,0.0,-0.001
633096287,633096188,0.0,0.0,-0.001
633100085,633099980,0.0,0.0,-0.001
633103786,633103687,0.0,0.0,-0.001
633107537,633107437,0.0,0.0,-0.001
633111287,633111188,0.0,0.0,-0.001
633113779,633113687,0.0,0.0,-0.001
633117535,633117437,0.0,0.0,-0.001
633121309,633121210,0.0,0.0,-0.001
633125081,633124979,0.0,0.0,-0.001
633128786,633128687,0.0,0.0,-0.001
633131283,633131191,0.0,0.0,-0.001
633135080,633134980,0.0,0.0,-0.001
633138785,633138687,0.0,0.0,-0.001
633142536,633142437,0.0,0.0,-0.001
633146286,633146188,0.0,0.0,-0.001
633148784,633148687,0.0,0.0,-0.001
633152539,633152437,0.0,0.0,-0.001
633156287,633156188,0.0,0.0,-0.001
633160074,633159978,0.0,0.0,-0.001
633163779,633163687,0.0,0.0,-0.001
633166302,633166210,0.0,0.0,-0.001
633170081,633169982,0.0,0.0,-0.001
633173786,633173688,0.0,0.0,-0.001
633177536,633177438,0.0,0.0,-0.001
633181310,633181211,0.0,0.0,-0.001
633183786,633183687,0.0,0.0,-0.001
633187540,633187437,0.0,0.0,-0.001
633191287,633191188,0.0,0.0,-0.001
633195080,633194980,0.0,0.0,-0.001
633198785,633198687,0.0,0.0,-0.001
633201279,633201188,0.0,0.0,-0.001
633205075,633204978,0.0,0.0,-0.001
633208790,633208687,0.0,0.0,-0.001
633212537,633212438,0.0,0.0,-0.001
633216278,633216188,0.0,0.0,-0.001
633218784,633218687,0.0,0.0,-0.001
633222536,633222437,0.0,0.0,-0.001
633226307,633226210,0.0,0.0,-0.001
633230084,633229984,0.0,0.0,-0.001
633233787,633233688,0.0,0.0,-0.001
633236286,633236187,0.0,0.0,-0.001
633240079,633239979,0.0,0.0,-0.001
633243786,633243687,0.0,0.0,-0.001
633247527,633247437,0.0,0.0,-0.001
633251280,633251188,0.0,0.0,-0.001
633253787,633253687,0.0,0.0,-0.001
633257533,633257436,0.0,0.0,-0.001
633261289,633261188,0.0,0.0,-0.001
633265086,633264979,0.0,0.0,-0.001
633268785,633268687,0.0,0.0,-0.001
633271310,633271211,0.0,0.0,-0.001
633275077,633274979,0.0,0.0,-0.001
633278785,633278687,0.0,0.0,-0.001
633282538,633282438,0.0,0.0,-0.001
633286309,633286210,0.0,0.0,-0.001
633288785,633288687,0.0,0.0,-0.001
633292535,633292437,0.0,0.0,-0.001
633296287,633296190,0.0,0.0,-0.001
633300091,633299980,0.0,0.0,-0.001
633303787,633303688,0.0,0.0,-0.001
633306290,633306188,0.0,0.0,-0.001
633310077,633309979,0.0,0.0,-0.001
633313779,633313686,0.0,0.0,-0.001
633317535,633317437,0.0,0.0,-0.001
633321288,633321188,0.0,0.0,-0.001
633323786,633323687,0.0,0.0,-0.001
633327537,633327438,0.0,0.0,-0.001
633331311,633331211,0.0,0.0,-0.001
633335078,633334980,0.0,0.0,-0.001
633338785,633338687,0.0,0.0,-0.001
633341286,633341187,0.0,0.0,-0.001
633345079,633344980,0.0,0.0,-0.001
633348785,633348687,0.0,0.0,-0.001
633352535,633352437,0.0,0.0,-0.001
633356284,633356187,0.0,0.0,-0.001
633358785,633358687,0.0,0.0,-0.001
633362536,633362437,0.0,0.0,-0.001
633366278,633366188,0.0,0.0,-0.001
633370078,633369979,0.0,0.0,-0.001
633373787,633373687,0.0,0.0,-0.001
633376310,633376211,0.0,0.0,-0.001
633380077,633379979,0.0,0.0,-0.001
633383786,633383687,0.0,0.0,-0.001
633387536,633387438,0.0,0.0,-0.001
633391310,633391211,0.0,0.0,-0.001
633393786,633393688,0.0,0.0,-0.001
633397528,633397437,0.0,0.0,-0.001
633401279,633401187,0.0,0.0,-0.001
633405079,633404980,0.0,0.0,-0.001
633408789,633408687,0.0,0.0,-0.001
633411291,633411188,0.0,0.0,-0.001
633415086,633414980,0.0,0.0,-0.001
633418785,633418687,0.0,0.0,-0.001
633422534,633422437,0.0,0.0,-0.001
633426287,633426189,0.0,0.0,-0.001
633428784,633428687,0.0,0.0,-0.001
633432538,633432438,0.0,0.0,-0.001
633436310,633436211,0.0,0.0,-0.001
633440075,633439978,0.0,0.0,-0.001
633443786,633443687,0.0,0.0,-0.001
633446275,633446187,0.0,0.0,-0.001
633450086,633449980,0.0,0.0,-0.001
633453788,633453688,0.0,0.0,-0.001
633457536,633457437,0.0,0.0,-0.001
633461286,633461188,0.0,0.0,-0.001
633463779,633463688,0.0,0.0,-0.001
633467534,633467437,0.0,0.0,-0.001
633471286,633471188,0.0,0.0,-0.001
633475079,633474980,0.0,0.0,-0.001
633478786,633478687,0.0,0.0,-0.001
633481309,633481211,0.0,0.0,-0.001
633485083,633484983,0.0,0.0,-0.001
633488784,633488687,0.0,0.0,-0.001
633492538,633492438,0.0,0.0,-0.001
633496311,633496211,0.0,0.0,-0.001
633498785,633498687,0.0,0.0,-0.001
633502536,633502437,0.0,0.0,-0.001
633506287,633506187,0.0,0.0,-0.001
633510078,633509980,0.0,0.0,-0.001
633513786,633513687,0.0,0.0,-0.001
633516278,633516188,0.0,0.0,-0.001
633520079,633519980,0.0,0.0,-0.001
633523787,633523687,0.0,0.0,-0.001
633527533,633527437,0.0,0.0,-0.001
633531281,633531188,0.0,0.0,-0.001
633533786,633533687,0.0,0.0,-0.001
633537537,633537438,0.0,0.0,-0.001
633541311,633541211,0.0,0.0,-0.001
633545076,633544978,0.0,0.0,-0.001
633548784,633548687,0.0,0.0,-0.001
633551280,633551188,0.0,0.0,-0.001
633555079,633554980,0.0,0.0,-0.001
633558785,633558687,0.0,0.0,-0.001
633562529,633562437,0.0,0.0,-0.001
633566276,633566186,0.0,0.0,-0.001
633568785,633568687,0.0,0.0,-0.001
633572535,633572437,0.0,0.0,-0.001
633576285,633576188,0.0,0.0,-0.001
633580079,633579980,0.0,0.0,-0.001
633583786,633583687,0.0,0.0,-0.001
633586311,633586211,0.0,0.0,-0.001
633590076,633589978,0.0,0.0,-0.001
633593786,633593687,0.0,0.0,-0.001
633597537,633597438,0.0,0.0,-0.001
633601304,633601211,0.0,0.0,-0.001
633603788,633603687,0.0,0.0,-0.001
633607538,633607437,0.0,0.0,-0.001
633611286,633611188,0.0,0.0,-0.001
633615086,633614980,0.0,0.0,-0.001
633618785,633618687,0.0,0.0,-0.0031592245
633621286,633621188,0.0,0.0,-0.0031592245
633625078,633624980,0.0,0.0,-0.0031592245
633628787,633628687,0.0,0.0,-0.004326177
633632527,633632437,0.0,0.0,-0.004326177
633636286,633636188,0.0,0.0,-0.004326177
633638783,633638687,0.0,0.0,-0.0055399355
633642537,633642438,0.0,0.0,-0.0055399355
633646309,633646211,0.0,0.0,-0.0055399355
633650078,633649979,0.0,0.0,-0.006656954
633653787,633653687,0.0,0.0,-0.006656954
633656284,633656187,0.0,0.0,-0.006656954
633660078,633659980,0.0,0.0,-0.008021386
633663787,633663688,0.0,0.0,-0.008021386
633667536,633667437,0.0,0.0,-0.009436442
633671287,633671188,0.0,0.0,-0.009436442
633673786,633673687,0.0,0.0,-0.009436442
633677533,633677437,0.0,0.0,-0.010569088
633681280,633681188,0.0,0.0,-0.010569088
633685078,633684980,0.0,0.0,-0.010569088
633688785,633688687,0.0,0.0,-0.0118822185
633691310,633691211,0.0,0.0,-0.0118822185
633695077,633694979,0.0,0.0,-0.0118822185
633698784,633698687,0.0,0.0,-0.013419266
633702536,633702438,0.0,0.0,-0.013419266
633706313,633706211,0.0,0.0,-0.013419266
633708788,633708687,0.0,0.0,-0.014797122
633712529,633712437,0.0,0.0,-0.014797122
633716279,633716187,0.0,0.0,-0.014797122
633720078,633719980,0.0,0.0,-0.01615324
633723786,633723687,0.0,0.0,-0.01615324
633726286,633726188,0.0,0.0,-0.01615324
633730085,633729980,0.0,0.0,-0.017536586
633733787,633733687,0.0,0.0,-0.017536586
633737533,633737437,0.0,0.0,-0.019241536
633741289,633741189,0.0,0.0,-0.019241536
633743785,633743687,0.0,0.0,-0.019241536
633747536,633747438,0.0,0.0,-0.020715779
633751310,633751211,0.0,0.0,-0.020715779
633755075,633754978,0.0,0.0,-0.020715779
633758785,633758687,0.0,0.0,-0.022341937
633761285,633761187,0.0,0.0,-0.022341937
633765080,633764978,0.0,0.0,-0.022341937
633768784,633768687,0.0,0.0,-0.023602715
633772537,633772437,0.0,0.0,-0.023602715
633776284,633776187,0.0,0.0,-0.023602715
633778778,633778687,0.0,0.0,-0.02548703
633782536,633782437,0.0,0.0,-0.02548703
633786282,633786187,0.0,0.0,-0.02548703
633790078,633789980,0.0,0.0,-0.027043913
633793788,633793688,0.0,0.0,-0.027043913
633796315,633796211,0.0,0.0,-0.027043913
633800075,633799978,0.0,0.0,-0.028632998
633803787,633803687,0.0,0.0,-0.028632998
633807535,633807437,0.0,0.0,-0.030413456
633811314,633811215,0.0,0.0,-0.030413456
633813785,633813687,0.0,0.0,-0.030413456
633817537,633817438,0.0,0.0,-0.032000482
633821286,633821188,0.0,0.0,-0.032000482
633825074,633824978,0.0,0.0,-0.032000482
633828777,633828687,0.0,0.0,-0.033687085
633831278,633831187,0.0,0.0,-0.033687085
633835078,633834980,0.0,0.0,-0.033687085
633838785,633838687,0.0,0.0,-0.03551645
633842535,633842437,0.0,0.0,-0.03551645
633846276,633846186,0.0,0.0,-0.03551645
633848786,633848687,0.0,0.0,-0.037439402
633852534,633852437,0.0,0.0,-0.037439402
633856307,633856210,0.0,0.0,-0.037439402
633860080,633859980,0.0,0.0,-0.03929359
633863787,633863688,0.0,0.0,-0.03929359
633866281,633866188,0.0,0.0,-0.03929359
633870078,633869979,0.0,0.0,-0.040844824
633873786,633873687,0.0,0.0,-0.040844824
633877535,633877437,0.0,0.0,-0.04280632
633881280,633881188,0.0,0.0,-0.04280632
633883787,633883687,0.0,0.0,-0.04280632
633887536,633887437,0.0,0.0,-0.044421606
633891286,633891188,0.0,0.0,-0.044421606
633895073,633894977,0.0,0.0,-0.044421606
633898784,633898687,0.0,0.0,-0.04636724
633901309,633901211,0.0,0.0,-0.04636724
633905081,633904980,0.0,0.0,-0.04636724
633908786,633908687,0.0,0.0,-0.048309866
633912528,633912437,0.0,0.0,-0.048309866
633916301,633916210,0.0,0.0,-0.048309866
633918783,633918687,0.0,0.0,-0.050372336
633922536,633922437,0.0,0.0,-0.050372336
633926287,633926188,0.0,0.0,-0.050372336
633930082,633929978,0.0,0.0,-0.052245528
633933786,633933687,0.0,0.0,-0.052245528
633936286,633936187,0.0,0.0,-0.052245528
633940076,633939979,0.0,0.0,-0.054213367
633943787,633943687,0.0,0.0,-0.054213367
633947530,633947438,0.0,0.0,-0.05609866
633951286,633951187,0.0,0.0,-0.05609866
633953788,633953688,0.0,0.0,-0.05609866
633957536,633957437,0.0,0.0,-0.05825998
633961310,633961211,0.0,0.0,-0.05825998
633965087,633964980,0.0,0.0,-0.05825998
633968785,633968687,0.0,0.0,-0.060355987
633971289,633971188,0.0,0.0,-0.060355987
633975079,633974980,0.0,0.0,-0.060355987
633978777,633978687,0.0,0.0,-0.06247859
633982536,633982437,0.0,0.0,-0.06247859
633986286,633986187,0.0,0.0,-0.06247859
633988784,633988687,0.0,0.0,-0.064227596
633992538,633992438,0.0,0.0,-0.064227596
633996278,633996188,0.0,0.0,-0.064227596
634000076,633999980,0.0,0.0,-0.06648145
634003786,634003687,0.0,0.0,-0.06648145
634006310,634006210,0.0,0.0,-0.06648145
634010080,634009979,0.0,0.0,-0.06821188
634013786,634013687,0.0,0.0,-0.06821188
634017549,634017451,0.0,0.0,-0.07012372
634021312,634021213,0.0,0.0,-0.07012372
634023786,634023687,0.0,0.0,-0.07012372
634027535,634027437,0.0,0.0,-0.07223297
634031280,634031188,0.0,0.0,-0.07223297
634035080,634034980,0.0,0.0,-0.07223297
634038786,634038687,0.0,0.0,-0.07386725
634041286,634041187,0.0,0.0,-0.07386725
634045076,634044978,0.0,0.0,-0.07386725
634048784,634048687,0.0,0.0,-0.07574988
634052537,634052438,0.0,0.0,-0.07574988
634056286,634056188,0.0,0.0,-0.07574988
634058785,634058687,0.0,0.0,-0.07753242
634062539,634062437,0.0,0.0,-0.07753242
634066301,634066210,0.0,0.0,-0.07753242
634070075,634069978,0.0,0.0,-0.079345874
634073786,634073687,0.0,0.0,-0.079345874
634076283,634076186,0.0,0.0,-0.079345874
634080087,634079980,0.0,0.0,-0.08142296
634083786,634083688,0.0,0.0,-0.08142296
634087536,634087437,0.0,0.0,-0.08370928
634091286,634091188,0.0,0.0,-0.08370928
634093786,634093687,0.0,0.0,-0.08370928
634097527,634097437,0.0,0.0,-0.0855428
634101291,634101188,0.0,0.0,-0.0855428
634105086,634104981,0.0,0.0,-0.0855428
634108786,634108687,0.0,0.0,-0.08724372
634111313,634111213,0.0,0.0,-0.08724372
634115075,634114978,0.0,0.0,-0.08724372
634118784,634118687,0.0,0.0,-0.08912592
634122534,634122437,0.0,0.0,-0.08912592
634126310,634126211,0.0,0.0,-0.08912592
634128783,634128687,0.0,0.0,-0.091487564
634132537,634132438,0.0,0.0,-0.091487564
634136284,634136187,0.0,0.0,-0.091487564
634140074,634139978,0.0,0.0,-0.09358258
634143786,634143687,0.0,0.0,-0.09358258
634146276,634146187,0.0,0.0,-0.09358258
634150081,634149980,0.0,0.0,-0.09580317
634153788,634153688,0.0,0.0,-0.09580317
634157536,634157437,0.0,0.0,-0.09788616
634161278,634161188,0.0,0.0,-0.09788616
634163787,634163687,0.0,0.0,-0.09788616
634167535,634167437,0.0,0.0,-0.10009228
634171310,634171211,0.0,0.0,-0.10009228
634175080,634174980,0.0,0.0,-0.10009228
634178785,634178687,0.0,0.0,-0.101888046
634181279,634181188,0.0,0.0,-0.101888046
634185075,634184978,0.0,0.0,-0.101888046
634188784,634188687,0.0,0.0,-0.104293056
634192540,634192440,0.0,0.0,-0.104293056
634196278,634196187,0.0,0.0,-0.104293056
634198785,634198687,0.0,0.0,-0.10668516
634202536,634202437,0.0,0.0,-0.10668516
634206286,634206187,0.0,0.0,-0.10668516
634210080,634209979,0.0,0.0,-0.109022215
634213786,634213687,0.0,0.0,-0.109022215
634216309,634216211,0.0,0.0,-0.109022215
634220078,634219980,0.0,0.0,-0.111355975
634223786,634223687,0.0,0.0,-0.111355975
634227526,634227436,0.0,0.0,-0.113431424
634231303,634231211,0.0,0.0,-0.113431424
634233786,634233687,0.0,0.0,-0.113431424
634237536,634237437,0.0,0.0,-0.1156472
634241287,634241188,0.0,0.0,-0.1156472
634245084,634244979,0.0,0.0,-0.1156472
634248784,634248687,0.0,0.0,-0.11810605
634251285,634251188,0.0,0.0,-0.11810605
634255082,634254982,0.0,0.0,-0.11810605
634258784,634258687,0.0,0.0,-0.12063614
634262529,634262437,0.0,0.0,-0.12063614
634266286,634266187,0.0,0.0,-0.12063614
634268785,634268687,0.0,0.0,-0.12301237
634272535,634272437,0.0,0.0,-0.12301237
634276309,634276211,0.0,0.0,-0.12301237
634280087,634279980,0.0,0.0,-0.12539136
634283785,634283687,0.0,0.0,-0.12539136
634286287,634286188,0.0,0.0,-0.12539136
634290075,634289978,0.0,0.0,-0.1280086
634293778,634293687,0.0,0.0,-0.1280086
634297537,634297438,0.0,0.0,-0.13035773
634301287,634301188,0.0,0.0,-0.13035773
634303787,634303687,0.0,0.0,-0.13035773
634307535,634307437,0.0,0.0,-0.13296133
634311279,634311188,0.0,0.0,-0.13296133
634315080,634314980,0.0,0.0,-0.13296133
634318785,634318687,0.0,0.0,-0.1355308
634321311,634321212,0.0,0.0,-0.1355308
634325081,634324982,0.0,0.0,-0.1355308
634328785,634328687,0.0,0.0,-0.13790831
634332535,634332437,0.0,0.0,-0.13790831
634336309,634336211,0.0,0.0,-0.13790831
634338784,634338687,0.0,0.0,-0.14038044
634342537,634342437,0.0,0.0,-0.14038044
634346279,634346188,0.0,0.0,-0.14038044
634350075,634349978,0.0,0.0,-0.14306197
634353787,634353687,0.0,0.0,-0.14306197
634356285,634356187,0.0,0.0,-0.14306197
634360079,634359979,0.0,0.0,-0.14550532
634363786,634363687,0.0,0.0,-0.14550532
634367535,634367437,0.0,0.0,-0.14823538
634371287,634371188,0.0,0.0,-0.14823538
634373786,634373687,0.0,0.0,-0.14823538
634377526,634377437,0.0,0.0,-0.15071085
634381303,634381211,0.0,0.0,-0.15071085
634385079,634384980,0.0,0.0,-0.15071085
634388786,634388687,0.0,0.0,-0.15336542
634391286,634391187,0.0,0.0,-0.15336542
634395081,634394978,0.0,0.0,-0.15336542
634398785,634398687,0.0,0.0,-0.15640828
634402536,634402437,0.0,0.0,-0.15640828
634406290,634406188,0.0,0.0,-0.15640828
634408786,634408687,0.0,0.0,-0.15912221
634412530,634412437,0.0,0.0,-0.15912221
634416283,634416187,0.0,0.0,-0.15912221
634420077,634419979,0.0,0.0,-0.1616083
634423787,634423687,0.0,0.0,-0.1616083
634426310,634426211,0.0,0.0,-0.1616083
634430087,634429980,0.0,0.0,-0.16452992
634433787,634433687,0.0,0.0,-0.16452992
634437533,634437436,0.0,0.0,-0.1677817
634441311,634441211,0.0,0.0,-0.1677817
634443779,634443687,0.0,0.0,-0.1677817
634447537,634447437,0.0,0.0,-0.17000572
634451288,634451187,0.0,0.0,-0.17000572
634455076,634454978,0.0,0.0,-0.17000572
634458785,634458687,0.0,0.0,-0.17214891
634461279,634461188,0.0,0.0,-0.17214891
634465075,634464978,0.0,0.0,-0.17214891
634468785,634468687,0.0,0.0,-0.17565742
634472537,634472437,0.0,0.0,-0.17565742
634476277,634476187,0.0,0.0,-0.17565742
634478786,634478687,0.0,0.0,-0.1785638
634482535,634482437,0.0,0.0,-0.1785638
634486310,634486211,0.0,0.0,-0.1785638
634490082,634489982,0.0,0.0,-0.18143392
634493783,634493688,0.0,0.0,-0.18143392
634496283,634496188,0.0,0.0,-0.18143392
634500077,634499979,0.0,0.0,-0.18451251
634503787,634503687,0.0,0.0,-0.18451251
634507537,634507437,0.0,0.0,-0.18645178
634511281,634511188,0.0,0.0,-0.18645178
634513786,634513687,0.0,0.0,-0.18645178
634517538,634517438,0.0,0.0,-0.18992844
634521287,634521187,0.0,0.0,-0.18992844
634525075,634524979,0.0,0.0,-0.18992844
634528785,634528687,0.0,0.0,-0.19248079
634531302,634531211,0.0,0.0,-0.19248079
634535082,634534980,0.0,0.0,-0.19248079
634538786,634538687,0.0,0.0,-0.19581433
634542540,634542437,0.0,0.0,-0.19581433
634546300,634546210,0.0,0.0,-0.19581433
634548784,634548687,0.0,0.0,-0.19963971
634552537,634552437,0.0,0.0,-0.19963971
634556284,634556186,0.0,0.0,-0.19963971
634560082,634559980,0.0,0.0,-0.20253763
634563789,634563688,0.0,0.0,-0.20253763
634566287,634566188,0.0,0.0,-0.20253763
634570079,634569980,0.0,0.0,-0.20491345
634573788,634573687,0.0,0.0,-0.20491345
634577527,634577437,0.0,0.0,-0.20821385
634581282,634581188,0.0,0.0,-0.20821385
634583786,634583687,0.0,0.0,-0.20821385
634587537,634587438,0.0,0.0,-0.2099692
634591310,634591211,0.0,0.0,-0.2099692
634595082,634594978,0.0,0.0,-0.2099692
634598785,634598687,0.0,0.0,-0.21414395
634601286,634601188,0.0,0.0,-0.21414395
634605080,634604980,0.0,0.0,-0.21414395
634608789,634608687,0.0,0.0,-0.21702746
634612537,634612437,0.0,0.0,-0.21702746
634616285,634616187,0.0,0.0,-0.21702746
634618787,634618687,0.0,0.0,-0.22089897
634622535,634622437,0.0,0.0,-0.22089897
634626279,634626188,0.0,0.0,-0.22089897
634630087,634629980,0.0,0.0,-0.2237223
634633787,634633687,0.0,0.0,-0.2237223
634636310,634636211,0.0,0.0,-0.2237223
634640079,634639979,0.0,0.0,-0.22654252
634643787,634643687,0.0,0.0,-0.22654252
634647536,634647437,0.0,0.0,-0.22963455
634651312,634651211,0.0,0.0,-0.22963455
634653789,634653689,0.0,0.0,-0.22963455
634657535,634657437,0.0,0.0,-0.23198868
634661281,634661188,0.0,0.0,-0.23198868
634665079,634664980,0.0,0.0,-0.23198868
634668786,634668687,0.0,0.0,-0.23588969
634671289,634671188,0.0,0.0,-0.23588969
634675076,634674979,0.0,0.0,-0.23588969
634678785,634678687,0.0,0.0,-0.23857619
634682536,634682437,0.0,0.0,-0.23857619
634686286,634686188,0.0,0.0,-0.23857619
634688786,634688687,0.0,0.0,-0.24183361
634692531,634692438,0.0,0.0,-0.24183361
634696301,634696210,0.0,0.0,-0.24183361
634700079,634699979,0.0,0.0,-0.24554047
634703787,634703687,0.0,0.0,-0.24554047
634706291,634706188,0.0,0.0,-0.24554047
634710079,634709980,0.0,0.0,-0.24770708
634713786,634713687,0.0,0.0,-0.24770708
634717537,634717437,0.0,0.0,-0.2507995
634721287,634721188,0.0,0.0,-0.2507995
634723790,634723687,0.0,0.0,-0.2507995
634727528,634727437,0.0,0.0,-0.25413254
634731287,634731188,0.0,0.0,-0.25413254
634735084,634734978,0.0,0.0,-0.25413254
634738785,634738687,0.0,0.0,-0.25667346
634741309,634741210,0.0,0.0,-0.25667346
634745086,634744980,0.0,0.0,-0.25667346
634748786,634748687,0.0,0.0,-0.26080412
634752538,634752438,0.0,0.0,-0.26080412
634756309,634756210,0.0,0.0,-0.26080412
634758778,634758687,0.0,0.0,-0.26541343
634762536,634762437,0.0,0.0,-0.26541343
634766286,634766188,0.0,0.0,-0.26541343
634770081,634769980,0.0,0.0,-0.26834804
634773787,634773687,0.0,0.0,-0.26834804
634776279,634776188,0.0,0.0,-0.26834804
634780075,634779978,0.0,0.0,-0.2711616
634783787,634783688,0.0,0.0,-0.2711616
634787536,634787437,0.0,0.0,-0.27354825
634791289,634791188,0.0,0.0,-0.27354825
634793787,634793688,0.0,0.0,-0.27354825
634797541,634797438,0.0,0.0,-0.27626985
634801310,634801211,0.0,0.0,-0.27626985
634805081,634804980,0.0,0.0,-0.27626985
634808778,634808687,0.0,0.0,-0.27949902
634811280,634811188,0.0,0.0,-0.27949902
634815080,634814980,0.0,0.0,-0.27949902
634818786,634818687,0.0,0.0,-0.28345886
634822535,634822437,0.0,0.0,-0.28345886
634826279,634826187,0.0,0.0,-0.28345886
634828786,634828687,0.0,0.0,-0.28745577
634832536,634832437,0.0,0.0,-0.28745577
634836286,634836188,0.0,0.0,-0.28745577
634840051,634839953,0.0,0.0,-0.29145855
634843788,634843688,0.0,0.0,-0.29145855
634846301,634846210,0.0,0.0,-0.29145855
634850080,634849980,0.0,0.0,-0.2951886
634853786,634853687,0.0,0.0,-0.2951886
634857536,634857437,0.0,0.0,-0.2991451
634861303,634861211,0.0,0.0,-0.2991451
634863788,634863688,0.0,0.0,-0.2991451
634867536,634867437,0.0,0.0,-0.30174166
634871288,634871188,0.0,0.0,-0.30174166
634875080,634874980,0.0,0.0,-0.30174166
634878786,634878687,0.0,0.0,-0.30355585
634881288,634881188,0.0,0.0,-0.30355585
634885077,634884978,0.0,0.0,-0.30355585
634888785,634888687,0.0,0.0,-0.3053295
634892530,634892438,0.0,0.0,-0.3053295
634896283,634896188,0.0,0.0,-0.3053295
634898785,634898687,0.0,0.0,-0.3084592
634902538,634902438,0.0,0.0,-0.3084592
634906311,634906210,0.0,0.0,-0.3084592
634910087,634909980,0.0,0.0,-0.3124187
634913787,634913687,0.0,0.0,-0.3124187
634916286,634916188,0.0,0.0,-0.3124187
634920082,634919980,0.0,0.0,-0.31724003
634923787,634923687,0.0,0.0,-0.31724003
634927536,634927437,0.0,0.0,-0.3207496
634931288,634931188,0.0,0.0,-0.3207496
634933786,634933687,0.0,0.0,-0.3207496
634937537,634937438,0.0,0.0,-0.32313275
634941290,634941188,0.0,0.0,-0.32313275
634945083,634944978,0.0,0.0,-0.32313275
634948786,634948687,0.0,0.0,-0.32658514
634951310,634951211,0.0,0.0,-0.32658514
634955080,634954980,0.0,0.0,-0.32658514
634958779,634958687,0.0,0.0,-0.32987496
634962539,634962437,0.0,0.0,-0.32987496
634966308,634966210,0.0,0.0,-0.32987496
634968785,634968687,0.0,0.0,-0.3330453
634972536,634972437,0.0,0.0,-0.3330453
634976279,634976187,0.0,0.0,-0.3330453
634980079,634979980,0.0,0.0,-0.338225
634983787,634983687,0.0,0.0,-0.338225
634986287,634986188,0.0,0.0,-0.338225
634990076,634989978,0.0,0.0,-0.34352618
634993787,634993687,0.0,0.0,-0.34352618
634997536,634997437,0.0,0.0,-0.34755617
635001291,635001188,0.0,0.0,-0.34755617
635003788,635003688,0.0,0.0,-0.34755617
635007538,635007437,0.0,0.0,-0.35012412
635011302,635011211,0.0,0.0,-0.35012412
635015081,635014980,0.0,0.0,-0.35012412
635018785,635018687,0.0,0.0,-0.35282233
635021288,635021188,0.0,0.0,-0.35282233
635025082,635024980,0.0,0.0,-0.35282233
635028786,635028687,0.0,0.0,-0.3571229
635032537,635032437,0.0,0.0,-0.3571229
635036287,635036188,0.0,0.0,-0.3571229
635038784,635038687,0.0,0.0,-0.360981
635042529,635042437,0.0,0.0,-0.360981
635046279,635046188,0.0,0.0,-0.360981
635050077,635049979,0.0,0.0,-0.36588326
635053788,635053687,0.0,0.0,-0.36588326
635056309,635056210,0.0,0.0,-0.36588326
635060087,635059980,0.0,0.0,-0.36979657
635063786,635063687,0.0,0.0,-0.36979657
635067537,635067438,0.0,0.0,-0.37285498
635071311,635071210,0.0,0.0,-0.37285498
635073787,635073687,0.0,0.0,-0.37285498
635077537,635077437,0.0,0.0,-0.37677157
635081287,635081188,0.0,0.0,-0.37677157
635085079,635084980,0.0,0.0,-0.37677157
635088786,635088687,0.0,0.0,-0.38048908
635091293,635091191,0.0,0.0,-0.38048908
635095086,635094979,0.0,0.0,-0.38048908
635098786,635098687,0.0,0.0,-0.38303718
635102537,635102438,0.0,0.0,-0.38303718
635106290,635106188,0.0,0.0,-0.38303718
635108778,635108687,0.0,0.0,-0.3867526
635112538,635112438,0.0,0.0,-0.3867526
635116308,635116210,0.0,0.0,-0.3867526
635120079,635119979,0.0,0.0,-0.38833585
635123788,635123687,0.0,0.0,-0.38833585
635126279,635126188,0.0,0.0,-0.38833585
635130079,635129980,0.0,0.0,-0.39262998
635133787,635133687,0.0,0.0,-0.39262998
635137536,635137437,0.0,0.0,-0.39236316
635141280,635141188,0.0,0.0,-0.39236316
635143787,635143687,0.0,0.0,-0.39236316
635147536,635147437,0.0,0.0,-0.39234903
635151287,635151188,0.0,0.0,-0.39234903
635155075,635154977,0.0,0.0,-0.39234903
635158780,635158687,0.0,0.0,-0.3892927
635161302,635161211,0.0,0.0,-0.3892927
635165078,635164978,0.0,0.0,-0.3892927
635168786,635168687,0.0,0.0,-0.38735622
635172537,635172437,0.0,0.0,-0.38735622
635176308,635176210,0.0,0.0,-0.38735622
635178786,635178687,0.0,0.0,-0.3851383
635182536,635182437,0.0,0.0,-0.3851383
635186288,635186188,0.0,0.0,-0.3851383
635190082,635189980,0.0,0.0,-0.38565287
635193787,635193687,0.0,0.0,-0.38565287
635196283,635196188,0.0,0.0,-0.38565287
635200075,635199978,0.0,0.0,-0.38617975
635203786,635203687,0.0,0.0,-0.38617975
635207529,635207437,0.0,0.0,-0.38486585
635211281,635211189,0.0,0.0,-0.38486585
635213787,635213687,0.0,0.0,-0.38486585
635217570,635217471,0.0,0.0,-0.3877268
635221309,635221210,0.0,0.0,-0.3877268
635225085,635224979,0.0,0.0,-0.3877268
635228785,635228687,0.0,0.0,-0.3829928
635231288,635231188,0.0,0.0,-0.3829928
635235080,635234980,0.0,0.0,-0.3829928
635238785,635238687,0.0,0.0,-0.3801409
635242536,635242437,0.0,0.0,-0.3801409
635246280,635246188,0.0,0.0,-0.3801409
635248784,635248687,0.0,0.0,-0.3811283
635252537,635252437,0.0,0.0,-0.3811283
635256288,635256188,0.0,0.0,-0.3811283
635260084,635259979,0.0,0.0,-0.37813944
635263788,635263687,0.0,0.0,-0.37813944
635266308,635266210,0.0,0.0,-0.37813944
635270079,635269979,0.0,0.0,-0.37678725
635273787,635273687,0.0,0.0,-0.37678725
635277537,635277438,0.0,0.0,-0.37684396
635281311,635281211,0.0,0.0,-0.37684396
635283787,635283688,0.0,0.0,-0.37684396
635287536,635287437,0.0,0.0,-0.37562788
635291280,635291188,0.0,0.0,-0.37562788
635295096,635294984,0.0,0.0,-0.37562788
635298786,635298687,0.0,0.0,-0.37827677
635301292,635301188,0.0,0.0,-0.37827677
635305076,635304978,0.0,0.0,-0.37827677
635308785,635308687,0.0,0.0,-0.3824272
635312537,635312437,0.0,0.0,-0.3824272
635316288,635316188,0.0,0.0,-0.3824272
635318786,635318687,0.0,0.0,-0.38186246
635322538,635322438,0.0,0.0,-0.38186246
635326301,635326210,0.0,0.0,-0.38186246
635330080,635329980,0.0,0.0,-0.38493615
635333787,635333687,0.0,0.0,-0.38493615
635336287,635336188,0.0,0.0,-0.38493615
635340080,635339980,0.0,0.0,-0.38431677
635343788,635343688,0.0,0.0,-0.38431677
635347536,635347437,0.0,0.0,-0.385611
635351287,635351188,0.0,0.0,-0.385611
635353787,635353687,0.0,0.0,-0.385611
635357529,635357437,0.0,0.0,-0.38621634
635361288,635361188,0.0,0.0,-0.38621634
635365083,635364984,0.0,0.0,-0.38621634
635368786,635368687,0.0,0.0,-0.3872663
635371309,635371211,0.0,0.0,-0.3872663
635375087,635374980,0.0,0.0,-0.3872663
635378786,635378687,0.0,0.0,-0.38767534
635382537,635382438,0.0,0.0,-0.38767534
635386308,635386210,0.0,0.0,-0.38767534
635388787,635388688,0.0,0.0,-0.39113438
635392537,635392437,0.0,0.0,-0.39113438
635396287,635396188,0.0,0.0,-0.39113438
635400080,635399980,0.0,0.0,-0.39082092
635403791,635403688,0.0,0.0,-0.39082092
635406290,635406188,0.0,0.0,-0.39082092
635410086,635409979,0.0,0.0,-0.39179018
635413786,635413687,0.0,0.0,-0.39179018
635417536,635417437,0.0,0.0,-0.39138892
635421290,635421188,0.0,0.0,-0.39138892
635423779,635423687,0.0,0.0,-0.39138892
635427537,635427438,0.0,0.0,-0.39222178
635431310,635431211,0.0,0.0,-0.39222178
635435078,635434979,0.0,0.0,-0.39222178
635438786,635438687,0.0,0.0,-0.38975757
635441285,635441188,0.0,0.0,-0.38975757
635445081,635444980,0.0,0.0,-0.38975757
635448786,635448687,0.0,0.0,-0.3866977
635452536,635452437,0.0,0.0,-0.3866977
635456287,635456187,0.0,0.0,-0.3866977
635458785,635458687,0.0,0.0,-0.38555425
635462536,635462437,0.0,0.0,-0.38555425
635466287,635466188,0.0,0.0,-0.38555425
635470075,635469978,0.0,0.0,-0.3822123
635473779,635473687,0.0,0.0,-0.3822123
635476301,635476210,0.0,0.0,-0.3822123
635480081,635479982,0.0,0.0,-0.3805825
635483788,635483687,0.0,0.0,-0.3805825
635487538,635487438,0.0,0.0,-0.37916836
635491309,635491210,0.0,0.0,-0.37916836
635493787,635493687,0.0,0.0,-0.37916836
635497538,635497437,0.0,0.0,-0.37787238
635501287,635501188,0.0,0.0,-0.37787238
635505083,635504980,0.0,0.0,-0.37787238
635508789,635508687,0.0,0.0,-0.37749544
635511282,635511190,0.0,0.0,-0.37749544
635515075,635514978,0.0,0.0,-0.37749544
635518785,635518687,0.0,0.0,-0.3778261
635522536,635522437,0.0,0.0,-0.3778261
635526280,635526188,0.0,0.0,-0.3778261
635528786,635528687,0.0,0.0,-0.37909395
635532538,635532438,0.0,0.0,-0.37909395
635536307,635536210,0.0,0.0,-0.37909395
635540082,635539982,0.0,0.0,-0.3766572
635543789,635543687,0.0,0.0,-0.3766572
635546285,635546187,0.0,0.0,-0.3766572
635550081,635549980,0.0,0.0,-0.37540084
635553795,635553690,0.0,0.0,-0.37540084
635557537,635557437,0.0,0.0,-0.3731991
635561280,635561188,0.0,0.0,-0.3731991
635563787,635563688,0.0,0.0,-0.3731991
635567536,635567437,0.0,0.0,-0.37322268
635571286,635571187,0.0,0.0,-0.37322268
635575087,635574979,0.0,0.0,-0.37322268
635578786,635578687,0.0,0.0,-0.3721776
635581310,635581211,0.0,0.0,-0.3721776
635585079,635584980,0.0,0.0,-0.3721776
635588786,635588687,0.0,0.0,-0.37092698
635592536,635592437,0.0,0.0,-0.37092698
635596312,635596211,0.0,0.0,-0.37092698
635598785,635598687,0.0,0.0,-0.3719901
635602537,635602437,0.0,0.0,-0.3719901
635606283,635606188,0.0,0.0,-0.3719901
635610084,635609978,0.0,0.0,-0.3739815
635613786,635613686,0.0,0.0,-0.3739815
635616283,635616187,0.0,0.0,-0.3739815
635620079,635619980,0.0,0.0,-0.37581834
635623779,635623687,0.0,0.0,-0.37581834
635627536,635627437,0.0,0.0,-0.3742197
635631287,635631188,0.0,0.0,-0.3742197
635633787,635633687,0.0,0.0,-0.3742197
635637535,635637437,0.0,0.0,-0.37837252
635641315,635641212,0.0,0.0,-0.37837252
635645083,635644982,0.0,0.0,-0.37837252
635648786,635648687,0.0,0.0,-0.3806326
635651287,635651188,0.0,0.0,-0.3806326
635655076,635654978,0.0,0.0,-0.3806326
635658785,635658687,0.0,0.0,-0.38147515
635662539,635662439,0.0,0.0,-0.38147515
635666287,635666188,0.0,0.0,-0.38147515
635668785,635668687,0.0,0.0,-0.3822618
635672529,635672437,0.0,0.0,-0.3822618
635676276,635676187,0.0,0.0,-0.3822618
635680080,635679978,0.0,0.0,-0.37620163
635683787,635683687,0.0,0.0,-0.37620163
635686310,635686211,0.0,0.0,-0.37620163
635690079,635689980,0.0,0.0,-0.37017712
635693788,635693687,0.0,0.0,-0.37017712
635697534,635697437,0.0,0.0,-0.36874175
635701312,635701212,0.0,0.0,-0.36874175
635703787,635703687,0.0,0.0,-0.36874175
635707541,635707437,0.0,0.0,-0.36650422
635711279,635711188,0.0,0.0,-0.36650422
635715076,635714978,0.0,0.0,-0.36650422
635718786,635718687,0.0,0.0,-0.36603728
635721286,635721187,0.0,0.0,-0.36603728
635725086,635724980,0.0,0.0,-0.36603728
635728785,635728687,0.0,0.0,-0.36459687
635732537,635732437,0.0,0.0,-0.36459687
635736285,635736187,0.0,0.0,-0.36459687
635738785,635738687,0.0,0.0,-0.3656383
635742535,635742437,0.0,0.0,-0.3656383
635746310,635746211,0.0,0.0,-0.3656383
635750079,635749980,0.0,0.0,-0.3674283
635753788,635753687,0.0,0.0,-0.3674283
635756280,635756188,0.0,0.0,-0.3674283
635760075,635759978,0.0,0.0,-0.36855197
635763787,635763687,0.0,0.0,-0.36855197
635767538,635767437,0.0,0.0,-0.37053493
635771287,635771188,0.0,0.0,-0.37053493
635773787,635773688,0.0,0.0,-0.37053493
635777536,635777437,0.0,0.0,-0.37286443
635781286,635781188,0.0,0.0,-0.37286443
635785080,635784980,0.0,0.0,-0.37286443
635788785,635788687,0.0,0.0,-0.37633404
635791313,635791212,0.0,0.0,-0.37633404
635795080,635794979,0.0,0.0,-0.37633404
635798786,635798687,0.0,0.0,-0.38076502
635802543,635802437,0.0,0.0,-0.38076502
635806313,635806211,0.0,0.0,-0.38076502
635808787,635808687,0.0,0.0,-0.38288906
635812537,635812437,0.0,0.0,-0.38288906
635816287,635816188,0.0,0.0,-0.38288906
635820075,635819978,0.0,0.0,-0.38526955
635823787,635823687,0.0,0.0,-0.38526955
635826277,635826187,0.0,0.0,-0.38526955
635830079,635829979,0.0,0.0,-0.38692835
635833787,635833687,0.0,0.0,-0.38692835
635837537,635837437,0.0,0.0,-0.38756624
635841280,635841188,0.0,0.0,-0.38756624
635843788,635843688,0.0,0.0,-0.38756624
635847535,635847437,0.0,0.0,-0.38854456
635851312,635851212,0.0,0.0,-0.38854456
635855080,635854980,0.0,0.0,-0.38854456
635858787,635858687,0.0,0.0,-0.3879609
635861287,635861188,0.0,0.0,-0.3879609
635865074,635864978,0.0,0.0,-0.3879609
635868784,635868687,0.0,0.0,-0.38841903
635872530,635872437,0.0,0.0,-0.38841903
635876279,635876187,0.0,0.0,-0.38841903
635878785,635878687,0.0,0.0,-0.38892898
635882536,635882437,0.0,0.0,-0.38892898
635886284,635886187,0.0,0.0,-0.38892898
635890085,635889980,0.0,0.0,-0.38679278
635893787,635893687,0.0,0.0,-0.38679278
635896312,635896211,0.0,0.0,-0.38679278
635900079,635899980,0.0,0.0,-0.38864452
635903788,635903687,0.0,0.0,-0.38864452
635907536,635907437,0.0,0.0,-0.38841715
635911311,635911211,0.0,0.0,-0.38841715
635913786,635913687,0.0,0.0,-0.38841715
635917537,635917437,0.0,0.0,-0.3893375
635921288,635921188,0.0,0.0,-0.3893375
635925082,635924978,0.0,0.0,-0.3893375
635928785,635928687,0.0,0.0,-0.38976866
635931285,635931187,0.0,0.0,-0.38976866
635935080,635934980,0.0,0.0,-0.38976866
635938779,635938687,0.0,0.0,-0.3928933
635942536,635942437,0.0,0.0,-0.3928933
635946284,635946187,0.0,0.0,-0.3928933
635948786,635948687,0.0,0.0,-0.3940718
635952535,635952437,0.0,0.0,-0.3940718
635956308,635956210,0.0,0.0,-0.3940718
635960079,635959979,0.0,0.0,-0.39440462
635963788,635963688,0.0,0.0,-0.39440462
635966288,635966188,0.0,0.0,-0.39440462
635970079,635969979,0.0,0.0,-0.39191377
635973787,635973687,0.0,0.0,-0.39191377
635977535,635977437,0.0,0.0,-0.3931933
635981288,635981188,0.0,0.0,-0.3931933
635983788,635983687,0.0,0.0,-0.3931933
635987537,635987438,0.0,0.0,-0.39293206
635991279,635991188,0.0,0.0,-0.39293206
635995074,635994978,0.0,0.0,-0.39293206
635998785,635998687,0.0,0.0,-0.39088386
636001310,636001211,0.0,0.0,-0.39088386
636005081,636004980,0.0,0.0,-0.39088386
636008785,636008687,0.0,0.0,-0.3925101
636012535,636012437,0.0,0.0,-0.3925101
636016310,636016210,0.0,0.0,-0.3925101
636018785,636018687,0.0,0.0,-0.39421627
636022529,636022437,0.0,0.0,-0.39421627
636026280,636026188,0.0,0.0,-0.39421627
636030075,636029978,0.0,0.0,-0.39460662
636033787,636033687,0.0,0.0,-0.39460662
636036285,636036187,0.0,0.0,-0.39460662
636040082,636039978,0.0,0.0,-0.39358357
636043786,636043687,0.0,0.0,-0.39358357
636047537,636047438,0.0,0.0,-0.39396644
636051286,636051187,0.0,0.0,-0.39396644
636053790,636053687,0.0,0.0,-0.39396644
636057540,636057437,0.0,0.0,-0.3948245
636061310,636061211,0.0,0.0,-0.3948245
636065082,636064980,0.0,0.0,-0.3948245
636068786,636068687,0.0,0.0,-0.3945055
636071292,636071190,0.0,0.0,-0.3945055
636075086,636074980,0.0,0.0,-0.3945055
636078786,636078687,0.0,0.0,-0.39457676
636082537,636082437,0.0,0.0,-0.39457676
636086287,636086188,0.0,0.0,-0.39457676
636088778,636088687,0.0,0.0,-0.3948574
636092539,636092438,0.0,0.0,-0.3948574
636096286,636096187,0.0,0.0,-0.3948574
636100075,636099978,0.0,0.0,-0.3954106
636103787,636103687,0.0,0.0,-0.3954106
636106310,636106210,0.0,0.0,-0.3954106
636110080,636109980,0.0,0.0,-0.39495614
636113786,636113687,0.0,0.0,-0.39495614
636117584,636117486,0.0,0.0,-0.39518186
636121310,636121211,0.0,0.0,-0.39518186
636123786,636123687,0.0,0.0,-0.39518186
636127535,636127437,0.0,0.0,-0.3967399
636131290,636131190,0.0,0.0,-0.3967399
636135079,636134980,0.0,0.0,-0.3967399
636138779,636138687,0.0,0.0,-0.39772597
636141280,636141188,0.0,0.0,-0.39772597
636145080,636144979,0.0,0.0,-0.39772597
636148784,636148687,0.0,0.0,-0.39964253
636152537,636152438,0.0,0.0,-0.39964253
636156278,636156187,0.0,0.0,-0.39964253
636158786,636158687,0.0,0.0,-0.4000015
636162536,636162437,0.0,0.0,-0.4000015
636166308,636166210,0.0,0.0,-0.4000015
636170081,636169981,0.0,0.0,-0.4002669
636173787,636173687,0.0,0.0,-0.4002669
636176280,636176188,0.0,0.0,-0.4002669
636180080,636179979,0.0,0.0,-0.3992277
636183786,636183687,0.0,0.0,-0.3992277
636187540,636187437,0.0,0.0,-0.3994562
636191282,636191188,0.0,0.0,-0.3994562
636193786,636193687,0.0,0.0,-0.3994562
636197537,636197438,0.0,0.0,-0.40007517
636201288,636201188,0.0,0.0,-0.40007517
636205075,636204978,0.0,0.0,-0.40007517
636208785,636208687,0.0,0.0,-0.39984426
636211310,636211211,0.0,0.0,-0.39984426
636215080,636214980,0.0,0.0,-0.39984426
636218786,636218687,0.0,0.0,-0.3997131
636222535,636222437,0.0,0.0,-0.3997131
636226301,636226210,0.0,0.0,-0.3997131
636228786,636228687,0.0,0.0,-0.3986865
636232536,636232437,0.0,0.0,-0.3986865
636236287,636236188,0.0,0.0,-0.3986865
636240087,636239980,0.0,0.0,-0.40014756
636243788,636243687,0.0,0.0,-0.40014756
636246287,636246188,0.0,0.0,-0.40014756
636250074,636249977,0.0,0.0,-0.40218067
636253789,636253687,0.0,0.0,-0.40218067
636257531,636257438,0.0,0.0,-0.40336567
636261286,636261188,0.0,0.0,-0.40336567
636263788,636263688,0.0,0.0,-0.40336567
636267536,636267437,0.0,0.0,-0.40425628
636271310,636271211,0.0,0.0,-0.40425628
636275089,636274980,0.0,0.0,-0.40425628
636278786,636278687,0.0,0.0,-0.40251914
636281288,636281188,0.0,0.0,-0.40251914
636285078,636284980,0.0,0.0,-0.40251914
636288785,636288687,0.0,0.0,-0.4015775
636292536,636292437,0.0,0.0,-0.4015775
636296292,636296188,0.0,0.0,-0.4015775
636298785,636298687,0.0,0.0,-0.4031099
636302538,636302438,0.0,0.0,-0.4031099
636306283,636306188,0.0,0.0,-0.4031099
636310075,636309978,0.0,0.0,-0.40413883
636313787,636313687,0.0,0.0,-0.40413883
636316307,636316210,0.0,0.0,-0.40413883
636320080,636319980,0.0,0.0,-0.40555376
636323787,636323687,0.0,0.0,-0.40555376
636327535,636327437,0.0,0.0,-0.4055967
636331310,636331210,0.0,0.0,-0.4055967
636333787,636333687,0.0,0.0,-0.4055967
636337528,636337437,0.0,0.0,-0.40745643
636341284,636341188,0.0,0.0,-0.40745643
636345081,636344980,0.0,0.0,-0.40745643
636348786,636348687,0.0,0.0,-0.40826088
636351286,636351188,0.0,0.0,-0.40826088
636355075,636354978,0.0,0.0,-0.40826088
636358785,636358687,0.0,0.0,-0.4085675
636362538,636362438,0.0,0.0,-0.4085675
636366287,636366188,0.0,0.0,-0.4085675
636368786,636368687,0.0,0.0,-0.40898076
636372538,636372437,0.0,0.0,-0.40898076
636376301,636376210,0.0,0.0,-0.40898076
636380080,636379980,0.0,0.0,-0.40933973
636383790,636383687,0.0,0.0,-0.40933973
636386286,636386187,0.0,0.0,-0.40933973
636390087,636389980,0.0,0.0,-0.41009223
636393787,636393687,0.0,0.0,-0.41009223
636397535,636397437,0.0,0.0,-0.41126677
636401296,636401188,0.0,0.0,-0.41126677
636403780,636403687,0.0,0.0,-0.41126677
636407537,636407437,0.0,0.0,-0.40996042
636411288,636411188,0.0,0.0,-0.40996042
636415076,636414978,0.0,0.0,-0.40996042
636418785,636418687,0.0,0.0,-0.41055027
636421310,636421211,0.0,0.0,-0.41055027
636425080,636424980,0.0,0.0,-0.41055027
636428785,636428687,0.0,0.0,-0.4103185
636432537,636432437,0.0,0.0,-0.4103185
636436307,636436210,0.0,0.0,-0.4103185
636438785,636438687,0.0,0.0,-0.4100812
636442537,636442437,0.0,0.0,-0.4100812
636446287,636446188,0.0,0.0,-0.4100812
636450080,636449979,0.0,0.0,-0.41041768
636453780,636453688,0.0,0.0,-0.41041768
636456280,636456188,0.0,0.0,-0.41041768
636460075,636459978,0.0,0.0,-0.41145205
636463786,636463687,0.0,0.0,-0.41145205
636467537,636467438,0.0,0.0,-0.41352445
636471280,636471188,0.0,0.0,-0.41352445
636473788,636473687,0.0,0.0,-0.41352445
636477537,636477438,0.0,0.0,-0.41685715
636481309,636481210,0.0,0.0,-0.41685715
636485083,636484980,0.0,0.0,-0.41685715
636488786,636488687,0.0,0.0,-0.4165191
636491281,636491188,0.0,0.0,-0.4165191
636495080,636494980,0.0,0.0,-0.4165191
636498786,636498687,0.0,0.0,-0.4195806
636502536,636502437,0.0,0.0,-0.4195806
636506283,636506188,0.0,0.0,-0.4195806
636508785,636508687,0.0,0.0,-0.41742367
636512539,636512438,0.0,0.0,-0.41742367
636516286,636516188,0.0,0.0,-0.41742367
636520076,636519979,0.0,0.0,-0.41746137
636523788,636523687,0.0,0.0,-0.41746137
636526308,636526210,0.0,0.0,-0.41746137
636530082,636529979,0.0,0.0,-0.41739938
636533787,636533687,0.0,0.0,-0.41739938
636537529,636537437,0.0,0.0,-0.42050013
636541303,636541211,0.0,0.0,-0.42050013
636543787,636543687,0.0,0.0,-0.42050013
636547536,636547437,0.0,0.0,-0.4228871
636551287,636551188,0.0,0.0,-0.4228871
636555087,636554980,0.0,0.0,-0.4228871
636558786,636558687,0.0,0.0,-0.4241268
636561286,636561188,0.0,0.0,-0.4241268
636565080,636564981,0.0,0.0,-0.4241268
636568785,636568687,0.0,0.0,-0.42426872
636572532,636572437,0.0,0.0,-0.42426872
636576288,636576188,0.0,0.0,-0.42426872
636578785,636578687,0.0,0.0,-0.42573303
636582536,636582437,0.0,0.0,-0.42573303
636586309,636586210,0.0,0.0,-0.42573303
636590087,636589980,0.0,0.0,-0.42476308
636593787,636593687,0.0,0.0,-0.42476308
636596292,636596190,0.0,0.0,-0.42476308
636600080,636599980,0.0,0.0,-0.4293074
636603780,636603687,0.0,0.0,-0.4293074
636607537,636607437,0.0,0.0,-0.4289872
636611291,636611189,0.0,0.0,-0.4289872
636613786,636613687,0.0,0.0,-0.4289872
636617536,636617437,0.0,0.0,-0.43032518
636621279,636621188,0.0,0.0,-0.43032518
636625077,636624979,0.0,0.0,-0.43032518
636628785,636628687,0.0,0.0,-0.43028817
636631311,636631211,0.0,0.0,-0.43028817
636635083,636634982,0.0,0.0,-0.43028817
636638785,636638687,0.0,0.0,-0.45450744
636642538,636642438,0.0,0.0,-0.45450744
636646313,636646213,0.0,0.0,-0.45450744
636648789,636648687,0.0,0.0,-0.45388412
636652537,636652437,0.0,0.0,-0.45388412
636656277,636656187,0.0,0.0,-0.45388412
636660084,636659983,0.0,0.0,-0.4487323
636663788,636663688,0.0,0.0,-0.4487323
636666287,636666188,0.0,0.0,-0.4487323
636670076,636669978,0.0,0.0,-0.4469819
636673787,636673687,0.0,0.0,-0.4469819
636677534,636677437,0.0,0.0,-0.43850234
636681289,636681189,0.0,0.0,-0.43850234
636683786,636683687,0.0,0.0,-0.43850234
636687538,636687438,0.0,0.0,-0.43680868
636691302,636691211,0.0,0.0,-0.43680868
636695077,636694979,0.0,0.0,-0.43680868
636698785,636698687,0.0,0.0,-0.4467669
636701286,636701188,0.0,0.0,-0.4467669
636705086,636704979,0.0,0.0,-0.4467669
636708788,636708687,0.0,0.0,-0.44626907
636712537,636712437,0.0,0.0,-0.44626907
636716284,636716186,0.0,0.0,-0.44626907
636718789,636718687,0.0,0.0,-0.45725203
636722527,636722437,0.0,0.0,-0.45725203
636726287,636726188,0.0,0.0,-0.45725203
636730079,636729979,0.0,0.0,-0.4570523
636733787,636733687,0.0,0.0,-0.4570523
636736309,636736210,0.0,0.0,-0.4570523
636740083,636739978,0.0,0.0,-0.46741652
636743786,636743687,0.0,0.0,-0.46741652
636747538,636747438,0.0,0.0,-0.46739513
636751310,636751211,0.0,0.0,-0.46739513
636753789,636753688,0.0,0.0,-0.46739513
636757536,636757437,0.0,0.0,-0.46583727
636761292,636761193,0.0,0.0,-0.46583727
636765078,636764979,0.0,0.0,-0.46583727
636768786,636768687,0.0,0.0,-0.46405002
636771283,636771189,0.0,0.0,-0.46405002
636775077,636774979,0.0,0.0,-0.46405002
636778785,636778687,0.0,0.0,-0.46211067
636782534,636782437,0.0,0.0,-0.46211067
636786279,636786188,0.0,0.0,-0.46211067
636788784,636788687,0.0,0.0,-0.45957017
636792539,636792438,0.0,0.0,-0.45957017
636796310,636796210,0.0,0.0,-0.45957017
636800077,636799980,0.0,0.0,-0.45362794
636803787,636803687,0.0,0.0,-0.45362794
636806281,636806187,0.0,0.0,-0.45362794
636810078,636809979,0.0,0.0,-0.45228073
636813786,636813687,0.0,0.0,-0.45228073
636817535,636817437,0.0,0.0,-0.45172164
636821279,636821187,0.0,0.0,-0.45172164
636823787,636823687,0.0,0.0,-0.45172164
636827535,636827437,0.0,0.0,-0.45265183
636831288,636831188,0.0,0.0,-0.45265183
636835076,636834978,0.0,0.0,-0.45265183
636838786,636838687,0.0,0.0,-0.45363107
636841302,636841210,0.0,0.0,-0.45363107
636845077,636844979,0.0,0.0,-0.45363107
636848785,636848687,0.0,0.0,-0.45319197
636852531,636852438,0.0,0.0,-0.45319197
636856301,636856210,0.0,0.0,-0.45319197
636858786,636858687,0.0,0.0,-0.45563132
636862536,636862437,0.0,0.0,-0.45563132
636866283,636866186,0.0,0.0,-0.45563132
636870085,636869979,0.0,0.0,-0.4556398
636873788,636873688,0.0,0.0,-0.4556398
636876287,636876188,0.0,0.0,-0.4556398
636880076,636879979,0.0,0.0,-0.45820248
636883787,636883687,0.0,0.0,-0.45820248
636887526,636887436,0.0,0.0,-0.45958602
636891289,636891189,0.0,0.0,-0.45958602
636893786,636893687,0.0,0.0,-0.45958602
636897540,636897438,0.0,0.0,-0.45409006
636901310,636901211,0.0,0.0,-0.45409006
636905083,636904978,0.0,0.0,-0.45409006
636908785,636908687,0.0,0.0,-0.4551024
636911287,636911188,0.0,0.0,-0.4551024
636915080,636914980,0.0,0.0,-0.4551024
636918780,636918688,0.0,0.0,-0.45579326
636922536,636922437,0.0,0.0,-0.45579326
636926285,636926187,0.0,0.0,-0.45579326
636928785,636928687,0.0,0.0,-0.4557284
636932535,636932437,0.0,0.0,-0.4557284
636936280,636936188,0.0,0.0,-0.4557284
636940076,636939978,0.0,0.0,-0.45540985
636943788,636943687,0.0,0.0,-0.45540985
636946308,636946210,0.0,0.0,-0.45540985
636950081,636949980,0.0,0.0,-0.45683995
636953786,636953687,0.0,0.0,-0.45683995
636957541,636957437,0.0,0.0,-0.44928646
636961312,636961211,0.0,0.0,-0.44928646
636963791,636963691,0.0,0.0,-0.44928646
636967535,636967437,0.0,0.0,-0.45133325
636971279,636971187,0.0,0.0,-0.45133325
636975079,636974980,0.0,0.0,-0.45133325
636978786,636978687,0.0,0.0,-0.4491907
636981289,636981188,0.0,0.0,-0.4491907
636985077,636984979,0.0,0.0,-0.4491907
636988785,636988687,0.0,0.0,-0.44831094
636992538,636992437,0.0,0.0,-0.44831094
636996291,636996188,0.0,0.0,-0.44831094
636998784,636998687,0.0,0.0,-0.44707257
637002530,637002438,0.0,0.0,-0.44707257
637006311,637006210,0.0,0.0,-0.44707257
637010075,637009977,0.0,0.0,-0.44871587
637013786,637013686,0.0,0.0,-0.44871587
637016286,637016187,0.0,0.0,-0.44871587
637020087,637019980,0.0,0.0,-0.45039177
637023787,637023688,0.0,0.0,-0.45039177
637027537,637027437,0.0,0.0,-0.4547032
637031286,637031187,0.0,0.0,-0.4547032
637033787,637033687,0.0,0.0,-0.4547032
637037527,637037436,0.0,0.0,-0.45668578
637041289,637041188,0.0,0.0,-0.45668578
637045077,637044979,0.0,0.0,-0.45668578
637048786,637048687,0.0,0.0,-0.45892063
637051310,637051211,0.0,0.0,-0.45892063
637055085,637054979,0.0,0.0,-0.45892063
637058785,637058687,0.0,0.0,-0.4524381
637062538,637062438,0.0,0.0,-0.4524381
637066310,637066210,0.0,0.0,-0.4524381
637068778,637068687,0.0,0.0,-0.4548593
637072539,637072437,0.0,0.0,-0.4548593
637076284,637076187,0.0,0.0,-0.4548593
637080080,637079980,0.0,0.0,-0.4587784
637083787,637083687,0.0,0.0,-0.4587784
637086280,637086188,0.0,0.0,-0.4587784
637090079,637089980,0.0,0.0,-0.46055835
637093786,637093687,0.0,0.0,-0.46055835
637097534,637097437,0.0,0.0,-0.45746604
637101291,637101188,0.0,0.0,-0.45746604
637103787,637103687,0.0,0.0,-0.45746604
637107537,637107437,0.0,0.0,-0.45879754
637111310,637111211,0.0,0.0,-0.45879754
637115079,637114979,0.0,0.0,-0.45879754
637118777,637118687,0.0,0.0,-0.4682174
637121280,637121188,0.0,0.0,-0.4682174
637125081,637124980,0.0,0.0,-0.4682174
637128785,637128687,0.0,0.0,-0.46848232
637132537,637132437,0.0,0.0,-0.46848232
637136278,637136186,0.0,0.0,-0.46848232
637138787,637138687,0.0,0.0,-0.47250703
637142535,637142437,0.0,0.0,-0.47250703
637146287,637146188,0.0,0.0,-0.47250703
637150079,637149980,0.0,0.0,-0.47483656
637153788,637153688,0.0,0.0,-0.47483656
637156304,637156211,0.0,0.0,-0.47483656
637160076,637159978,0.0,0.0,-0.47616413
637163786,637163687,0.0,0.0,-0.47616413
637167537,637167438,0.0,0.0,-0.47827065
637171303,637171211,0.0,0.0,-0.47827065
637173789,637173688,0.0,0.0,-0.47827065
637177536,637177437,0.0,0.0,-0.48707458
637181287,637181188,0.0,0.0,-0.48707458
637185082,637184980,0.0,0.0,-0.48707458
637188786,637188687,0.0,0.0,-0.48854175
637191289,637191188,0.0,0.0,-0.48854175
637195079,637194980,0.0,0.0,-0.48854175
637198786,637198687,0.0,0.0,-0.48112333
637202528,637202437,0.0,0.0,-0.48112333
637206284,637206188,0.0,0.0,-0.48112333
637208785,637208687,0.0,0.0,-0.4822486
637212538,637212438,0.0,0.0,-0.4822486
637216311,637216211,0.0,0.0,-0.4822486
637220083,637219978,0.0,0.0,-0.47362375
637223787,637223687,0.0,0.0,-0.47362375
637226284,637226187,0.0,0.0,-0.47362375
637230080,637229980,0.0,0.0,-0.47412297
637233787,637233688,0.0,0.0,-0.47412297
637237537,637237437,0.0,0.0,-0.48285386
637241288,637241187,0.0,0.0,-0.48285386
637243787,637243687,0.0,0.0,-0.48285386
637247535,637247437,0.0,0.0,-0.48466375
637251280,637251188,0.0,0.0,-0.48466375
637255087,637254980,0.0,0.0,-0.48466375
637258787,637258687,0.0,0.0,-0.48504335
637261305,637261205,0.0,0.0,-0.48504335
637265076,637264978,0.0,0.0,-0.48504335
637268777,637268687,0.0,0.0,-0.48500326
637272539,637272437,0.0,0.0,-0.48500326
637276310,637276211,0.0,0.0,-0.48500326
637278786,637278687,0.0,0.0,-0.48576942
637282536,637282437,0.0,0.0,-0.48576942
637286277,637286186,0.0,0.0,-0.48576942
637290079,637289980,0.0,0.0,-0.48722717
637293787,637293687,0.0,0.0,-0.48722717
637296289,637296189,0.0,0.0,-0.48722717
637300089,637299979,0.0,0.0,-0.48852453
637303788,637303687,0.0,0.0,-0.48852453
637307535,637307437,0.0,0.0,-0.48889127
637311289,637311189,0.0,0.0,-0.48889127
637313786,637313687,0.0,0.0,-0.48889127
637317532,637317438,0.0,0.0,-0.48949012
637321304,637321211,0.0,0.0,-0.48949012
637325076,637324978,0.0,0.0,-0.48949012
637328785,637328687,0.0,0.0,-0.49054876
637331286,637331187,0.0,0.0,-0.49054876
637335080,637334979,0.0,0.0,-0.49054876
637338786,637338687,0.0,0.0,-0.500285
637342536,637342437,0.0,0.0,-0.500285
637346287,637346187,0.0,0.0,-0.500285
637348786,637348687,0.0,0.0,-0.50241214
637352531,637352437,0.0,0.0,-0.50241214
637356277,637356187,0.0,0.0,-0.50241214
637360081,637359980,0.0,0.0,-0.4992094
637363788,637363688,0.0,0.0,-0.4992094
637366311,637366211,0.0,0.0,-0.4992094
637370085,637369979,0.0,0.0,-0.49956614
637373789,637373687,0.0,0.0,-0.49956614
637377536,637377437,0.0,0.0,-0.5061128
637381313,637381213,0.0,0.0,-0.5061128
637383786,637383687,0.0,0.0,-0.5061128
637387538,637387437,0.0,0.0,-0.5066483
637391287,637391188,0.0,0.0,-0.5066483
637395076,637394977,0.0,0.0,-0.5066483
637398785,637398687,0.0,0.0,-0.4995604
637401281,637401188,0.0,0.0,-0.4995604
637405079,637404980,0.0,0.0,-0.4995604
637408785,637408687,0.0,0.0,-0.49909
637412536,637412437,0.0,0.0,-0.49909
637416284,637416187,0.0,0.0,-0.49909
637418785,637418687,0.0,0.0,-0.49711135
637422535,637422437,0.0,0.0,-0.49711135
637426311,637426211,0.0,0.0,-0.49711135
637430077,637429979,0.0,0.0,-0.49767357
637433780,637433687,0.0,0.0,-0.49767357
637436278,637436187,0.0,0.0,-0.49767357
637440075,637439978,0.0,0.0,-0.50594497
637443786,637443687,0.0,0.0,-0.50594497
637447538,637447437,0.0,0.0,-0.505949
637451280,637451187,0.0,0.0,-0.505949
637453788,637453688,0.0,0.0,-0.505949
637457537,637457437,0.0,0.0,-0.5157667
637461286,637461188,0.0,0.0,-0.5157667
637465078,637464979,0.0,0.0,-0.5157667
637468786,637468687,0.0,0.0,-0.5153497
637471304,637471212,0.0,0.0,-0.5153497
637475080,637474980,0.0,0.0,-0.5153497
637478786,637478687,0.0,0.0,-0.5168911
637482536,637482437,0.0,0.0,-0.5168911
637486303,637486211,0.0,0.0,-0.5168911
637488784,637488687,0.0,0.0,-0.5157343
637492538,637492437,0.0,0.0,-0.5157343
637496287,637496188,0.0,0.0,-0.5157343
637500079,637499979,0.0,0.0,-0.5103212
637503787,637503687,0.0,0.0,-0.5103212
637506288,637506187,0.0,0.0,-0.5103212
637510081,637509980,0.0,0.0,-0.5093415
637513786,637513687,0.0,0.0,-0.5093415
637517528,637517437,0.0,0.0,-0.50192547
637521279,637521187,0.0,0.0,-0.50192547
637523786,637523687,0.0,0.0,-0.50192547
637527535,637527437,0.0,0.0,-0.50107485
637531311,637531212,0.0,0.0,-0.50107485
637535087,637534980,0.0,0.0,-0.50107485
637538786,637538687,0.0,0.0,-0.5006879
637541287,637541188,0.0,0.0,-0.5006879
637545076,637544978,0.0,0.0,-0.5006879
637548785,637548687,0.0,0.0,-0.49885574
637552537,637552437,0.0,0.0,-0.49885574
637556287,637556187,0.0,0.0,-0.49885574
637558786,637558687,0.0,0.0,-0.50642353
637562536,637562437,0.0,0.0,-0.50642353
637566287,637566187,0.0,0.0,-0.50642353
637570086,637569979,0.0,0.0,-0.50643146
637573788,637573687,0.0,0.0,-0.50643146
637576310,637576211,0.0,0.0,-0.50643146
637580080,637579980,0.0,0.0,-0.5032643
637583780,637583687,0.0,0.0,-0.5032643
637587539,637587437,0.0,0.0,-0.503468
637591313,637591211,0.0,0.0,-0.503468
637593786,637593687,0.0,0.0,-0.503468
637597538,637597438,0.0,0.0,-0.49976876
637601280,637601188,0.0,0.0,-0.49976876
637605076,637604978,0.0,0.0,-0.49976876
637608788,637608687,0.0,0.0,-0.5001618
637611286,637611187,0.0,0.0,-0.5001618
637615080,637614979,0.0,0.0,-0.5001618
637618786,637618687,0.0,0.0,-0.5002455
637622536,637622437,0.0,0.0,-0.5002455
637626283,637626186,0.0,0.0,-0.5002455
637628785,637628687,0.0,0.0,-0.5004312
637632537,637632437,0.0,0.0,-0.5004312
637636302,637636211,0.0,0.0,-0.5004312
637640080,637639980,0.0,0.0,-0.50122803
637643788,637643687,0.0,0.0,-0.50122803
637646287,637646188,0.0,0.0,-0.50122803
637650076,637649978,0.0,0.0,-0.50017077
637653790,637653687,0.0,0.0,-0.50017077
637657537,637657437,0.0,0.0,-0.50135785
637661288,637661188,0.0,0.0,-0.50135785
637663787,637663688,0.0,0.0,-0.50135785
637667528,637667437,0.0,0.0,-0.5002851
637671279,637671188,0.0,0.0,-0.5002851
637675081,637674980,0.0,0.0,-0.5002851
637678787,637678687,0.0,0.0,-0.5010287
637681310,637681211,0.0,0.0,-0.5010287
637685087,637684980,0.0,0.0,-0.5010287
637688785,637688687,0.0,0.0,-0.50176066
637692538,637692438,0.0,0.0,-0.50176066
637696313,637696212,0.0,0.0,-0.50176066
637698786,637698687,0.0,0.0,-0.5026606
637702537,637702437,0.0,0.0,-0.5026606
637706291,637706188,0.0,0.0,-0.5026606
637710076,637709978,0.0,0.0,-0.50302154
637713786,637713686,0.0,0.0,-0.50302154
637716276,637716187,0.0,0.0,-0.50302154
637720089,637719980,0.0,0.0,-0.5034211
637723787,637723688,0.0,0.0,-0.5034211
637727536,637727437,0.0,0.0,-0.50364405
637731287,637731188,0.0,0.0,-0.50364405
637733780,637733688,0.0,0.0,-0.50364405
637737534,637737436,0.0,0.0,-0.50406975
637741314,637741212,0.0,0.0,-0.50406975
637745081,637744980,0.0,0.0,-0.50406975
637748786,637748687,0.0,0.0,-0.5041646
637751280,637751188,0.0,0.0,-0.5041646
637755076,637754978,0.0,0.0,-0.5041646
637758784,637758687,0.0,0.0,-0.5052079
637762535,637762437,0.0,0.0,-0.5052079
637766280,637766188,0.0,0.0,-0.5052079
637768785,637768687,0.0,0.0,-0.5052812
637772540,637772439,0.0,0.0,-0.5052812
637776284,637776187,0.0,0.0,-0.5052812
637780074,637779978,0.0,0.0,-0.5065142
637783786,637783687,0.0,0.0,-0.5065142
637786302,637786210,0.0,0.0,-0.5065142
637790082,637789982,0.0,0.0,-0.50736576
637793788,637793688,0.0,0.0,-0.50736576
637797536,637797437,0.0,0.0,-0.5084375
637801310,637801211,0.0,0.0,-0.5084375
637803786,637803687,0.0,0.0,-0.5084375
637807537,637807437,0.0,0.0,-0.50787824
637811289,637811188,0.0,0.0,-0.50787824
637815078,637814979,0.0,0.0,-0.50787824
637818785,637818687,0.0,0.0,-0.50911105
637821279,637821188,0.0,0.0,-0.50911105
637825074,637824977,0.0,0.0,-0.50911105
637828786,637828687,0.0,0.0,-0.50881344
637832539,637832438,0.0,0.0,-0.50881344
637836278,637836187,0.0,0.0,-0.50881344
637838786,637838687,0.0,0.0,-0.50090796
637842536,637842437,0.0,0.0,-0.50090796
637846307,637846210,0.0,0.0,-0.50090796
637850080,637849980,0.0,0.0,-0.5009504
637853789,637853688,0.0,0.0,-0.5009504
637856287,637856187,0.0,0.0,-0.5009504
637860080,637859980,0.0,0.0,-0.49551207
637863788,637863687,0.0,0.0,-0.49551207
637867536,637867437,0.0,0.0,-0.49622288
637871281,637871188,0.0,0.0,-0.49622288
637873787,637873687,0.0,0.0,-0.49622288
637877537,637877437,0.0,0.0,-0.5039687
637881287,637881188,0.0,0.0,-0.5039687
637885087,637884979,0.0,0.0,-0.5039687
637888786,637888687,0.0,0.0,-0.50423515
637891311,637891211,0.0,0.0,-0.50423515
637895079,637894980,0.0,0.0,-0.50423515
637898785,637898687,0.0,0.0,-0.51346153
637902537,637902437,0.0,0.0,-0.51346153
637906311,637906210,0.0,0.0,-0.51346153
637908788,637908687,0.0,0.0,-0.5134133
637912536,637912437,0.0,0.0,-0.5134133
637916280,637916188,0.0,0.0,-0.5134133
637920079,637919980,0.0,0.0,-0.5227413
637923788,637923687,0.0,0.0,-0.5227413
637926286,637926187,0.0,0.0,-0.5227413
637930076,637929979,0.0,0.0,-0.5226328
637933787,637933687,0.0,0.0,-0.5226328
637937537,637937438,0.0,0.0,-0.5234058
637941288,637941188,0.0,0.0,-0.5234058
637943786,637943687,0.0,0.0,-0.5234058
637947536,637947437,0.0,0.0,-0.52317894
637951310,637951211,0.0,0.0,-0.52317894
637955083,637954983,0.0,0.0,-0.52317894
637958787,637958687,0.0,0.0,-0.5165357
637961290,637961188,0.0,0.0,-0.5165357
637965083,637964980,0.0,0.0,-0.5165357
637968786,637968687,0.0,0.0,-0.5153328
637972536,637972437,0.0,0.0,-0.5153328
637976287,637976188,0.0,0.0,-0.5153328
637978785,637978686,0.0,0.0,-0.51345474
637982530,637982438,0.0,0.0,-0.51345474
637986280,637986187,0.0,0.0,-0.51345474
637990075,637989978,0.0,0.0,-0.51350874
637993787,637993687,0.0,0.0,-0.51350874
637996308,637996210,0.0,0.0,-0.51350874
638000091,637999979,0.0,0.0,-0.5125092
638003787,638003687,0.0,0.0,-0.5125092
638007541,638007437,0.0,0.0,-0.5134694
638011311,638011211,0.0,0.0,-0.5134694
638013786,638013687,0.0,0.0,-0.5134694
638017537,638017437,0.0,0.0,-0.5129987
638021288,638021188,0.0,0.0,-0.5129987
638025079,638024980,0.0,0.0,-0.5129987
638028787,638028687,0.0,0.0,-0.51322
638031287,638031188,0.0,0.0,-0.51322
638035083,638034978,0.0,0.0,-0.51322
638038785,638038687,0.0,0.0,-0.5133202
638042537,638042437,0.0,0.0,-0.5133202
638046287,638046188,0.0,0.0,-0.5133202
638048778,638048687,0.0,0.0,-0.51408505
638052537,638052437,0.0,0.0,-0.51408505
638056308,638056210,0.0,0.0,-0.51408505
638060080,638059980,0.0,0.0,-0.5133102
638063787,638063688,0.0,0.0,-0.5133102
638066280,638066188,0.0,0.0,-0.5133102
638070080,638069980,0.0,0.0,-0.51340973
638073789,638073687,0.0,0.0,-0.51340973
638077536,638077437,0.0,0.0,-0.5140415
638081288,638081188,0.0,0.0,-0.5140415
638083788,638083687,0.0,0.0,-0.5140415
638087552,638087453,0.0,0.0,-0.513335
638091286,638091188,0.0,0.0,-0.513335
638095078,638094979,0.0,0.0,-0.513335
638098777,638098687,0.0,0.0,-0.51430285
638101303,638101211,0.0,0.0,-0.51430285
638105084,638104982,0.0,0.0,-0.51430285
638108785,638108687,0.0,0.0,-0.5134108
638112537,638112438,0.0,0.0,-0.5134108
638116313,638116210,0.0,0.0,-0.5134108
638118785,638118687,0.0,0.0,-0.5145062
638122537,638122437,0.0,0.0,-0.5145062
638126287,638126188,0.0,0.0,-0.5145062
638130080,638129980,0.0,0.0,-0.5146883
638133787,638133687,0.0,0.0,-0.5146883
638136280,638136188,0.0,0.0,-0.5146883
638140076,638139978,0.0,0.0,-0.5145833
638143786,638143687,0.0,0.0,-0.5145833
638147538,638147438,0.0,0.0,-0.51520526
638151280,638151188,0.0,0.0,-0.51520526
638153790,638153688,0.0,0.0,-0.51520526
638157536,638157437,0.0,0.0,-0.51521206
638161310,638161211,0.0,0.0,-0.51521206
638165081,638164980,0.0,0.0,-0.51521206
638168786,638168687,0.0,0.0,-0.5167287
638171291,638171190,0.0,0.0,-0.5167287
638175078,638174979,0.0,0.0,-0.5167287
638178785,638178687,0.0,0.0,-0.51618594
638182531,638182438,0.0,0.0,-0.51618594
638186280,638186187,0.0,0.0,-0.51618594
638188784,638188687,0.0,0.0,-0.517494
638192538,638192438,0.0,0.0,-0.517494
638196287,638196188,0.0,0.0,-0.517494
638200083,638199978,0.0,0.0,-0.5173237
638203791,638203687,0.0,0.0,-0.5173237
638206311,638206210,0.0,0.0,-0.5173237
638210081,638209979,0.0,0.0,-0.51678425
638213786,638213687,0.0,0.0,-0.51678425
638217535,638217437,0.0,0.0,-0.51743
638221310,638221211,0.0,0.0,-0.51743
638223787,638223687,0.0,0.0,-0.51743
638227536,638227437,0.0,0.0,-0.516717
638231287,638231188,0.0,0.0,-0.516717
638235088,638234980,0.0,0.0,-0.516717
638238786,638238687,0.0,0.0,-0.5177674
638241287,638241188,0.0,0.0,-0.5177674
638245076,638244979,0.0,0.0,-0.5177674
638248778,638248687,0.0,0.0,-0.5170162
638252538,638252438,0.0,0.0,-0.5170162
638256287,638256188,0.0,0.0,-0.5170162
638258786,638258687,0.0,0.0,-0.5184911
638262537,638262437,0.0,0.0,-0.5184911
638266307,638266210,0.0,0.0,-0.5184911
638270082,638269980,0.0,0.0,-0.5181286
638273789,638273688,0.0,0.0,-0.5181286
638276287,638276187,0.0,0.0,-0.5181286
638280079,638279980,0.0,0.0,-0.51873887
638283787,638283687,0.0,0.0,-0.51873887
638287535,638287437,0.0,0.0,-0.51906484
638291291,638291188,0.0,0.0,-0.51906484
638293787,638293687,0.0,0.0,-0.51906484
638297539,638297438,0.0,0.0,-0.51849324
638301280,638301188,0.0,0.0,-0.51849324
638305078,638304978,0.0,0.0,-0.51849324
638308787,638308687,0.0,0.0,-0.51965445
638311309,638311211,0.0,0.0,-0.51965445
638315080,638314980,0.0,0.0,-0.51965445
638318785,638318687,0.0,0.0,-0.5195399
638322536,638322437,0.0,0.0,-0.5195399
638326308,638326210,0.0,0.0,-0.5195399
638328786,638328687,0.0,0.0,-0.51940507
638332536,638332437,0.0,0.0,-0.51940507
638336281,638336188,0.0,0.0,-0.51940507
638340080,638339980,0.0,0.0,-0.5200616
638343788,638343688,0.0,0.0,-0.5200616
638346287,638346188,0.0,0.0,-0.5200616
638350084,638349979,0.0,0.0,-0.5196102
638353787,638353687,0.0,0.0,-0.5196102
638357537,638357438,0.0,0.0,-0.5116784
638361288,638361188,0.0,0.0,-0.5116784
638363787,638363687,0.0,0.0,-0.5116784
638367537,638367437,0.0,0.0,-0.5122734
638371310,638371211,0.0,0.0,-0.5122734
638375081,638374979,0.0,0.0,-0.5122734
638378786,638378687,0.0,0.0,-0.5146066
638381281,638381188,0.0,0.0,-0.5146066
638385087,638384980,0.0,0.0,-0.5146066
638388785,638388687,0.0,0.0,-0.51563287
638392540,638392437,0.0,0.0,-0.51563287
638396291,638396190,0.0,0.0,-0.51563287
638398786,638398687,0.0,0.0,-0.5099959
638402539,638402438,0.0,0.0,-0.5099959
638406290,638406188,0.0,0.0,-0.5099959
638410075,638409978,0.0,0.0,-0.5100072
638413787,638413687,0.0,0.0,-0.5100072
638416308,638416210,0.0,0.0,-0.5100072
638420079,638419979,0.0,0.0,-0.5019555
638423787,638423687,0.0,0.0,-0.5019555
638427536,638427437,0.0,0.0,-0.5016646
638431309,638431211,0.0,0.0,-0.5016646
638433787,638433687,0.0,0.0,-0.5016646
638437536,638437437,0.0,0.0,-0.49818233
638441290,638441188,0.0,0.0,-0.49818233
638445080,638444980,0.0,0.0,-0.49818233
638448785,638448687,0.0,0.0,-0.49915394
638451279,638451188,0.0,0.0,-0.49915394
638455076,638454978,0.0,0.0,-0.49915394
638458785,638458687,0.0,0.0,-0.4955842
638462538,638462438,0.0,0.0,-0.4955842
638466280,638466188,0.0,0.0,-0.4955842
638468786,638468687,0.0,0.0,-0.4980267
638472537,638472437,0.0,0.0,-0.4980267
638476308,638476210,0.0,0.0,-0.4980267
638480081,638479980,0.0,0.0,-0.5000683
638483788,638483687,0.0,0.0,-0.5000683
638486286,638486187,0.0,0.0,-0.5000683
638490081,638489980,0.0,0.0,-0.5014684
638493787,638493687,0.0,0.0,-0.5014684
638497528,638497437,0.0,0.0,-0.4926166
638501290,638501191,0.0,0.0,-0.4926166
638503786,638503687,0.0,0.0,-0.4926166
638507540,638507437,0.0,0.0,-0.49306566
638511291,638511191,0.0,0.0,-0.49306566
638515084,638514979,0.0,0.0,-0.49306566
638518786,638518687,0.0,0.0,-0.48508647
638521310,638521211,0.0,0.0,-0.48508647
638525077,638524979,0.0,0.0,-0.48508647
638528784,638528687,0.0,0.0,-0.48553264
638532538,638532438,0.0,0.0,-0.48553264
638536309,638536210,0.0,0.0,-0.48553264
638538785,638538687,0.0,0.0,-0.47623804
638542536,638542437,0.0,0.0,-0.47623804
638546284,638546186,0.0,0.0,-0.47623804
638550086,638549980,0.0,0.0,-0.4772971
638553790,638553688,0.0,0.0,-0.4772971
638556287,638556188,0.0,0.0,-0.4772971
638560079,638559980,0.0,0.0,-0.46719018
638563781,638563687,0.0,0.0,-0.46719018
638567535,638567437,0.0,0.0,-0.46850097
638571288,638571188,0.0,0.0,-0.46850097
638573787,638573687,0.0,0.0,-0.46850097
638577537,638577438,0.0,0.0,-0.46519458
638581310,638581211,0.0,0.0,-0.46519458
638585076,638584978,0.0,0.0,-0.46519458
638588785,638588687,0.0,0.0,-0.4675325
638591287,638591187,0.0,0.0,-0.4675325
638595080,638594980,0.0,0.0,-0.4675325
638598785,638598687,0.0,0.0,-0.45705342
638602537,638602437,0.0,0.0,-0.45705342
638606289,638606187,0.0,0.0,-0.45705342
638608789,638608687,0.0,0.0,-0.4595029
638612536,638612437,0.0,0.0,-0.4595029
638616283,638616187,0.0,0.0,-0.4595029
638620078,638619979,0.0,0.0,-0.44891307
638623787,638623687,0.0,0.0,-0.44891307
638626312,638626213,0.0,0.0,-0.44891307
638630076,638629978,0.0,0.0,-0.4512525
638633787,638633687,0.0,0.0,-0.4512525
638637537,638637437,0.0,0.0,-0.44018996
638641311,638641211,0.0,0.0,-0.44018996
638643787,638643688,0.0,0.0,-0.44018996
638647529,638647437,0.0,0.0,-0.44296032
638651282,638651187,0.0,0.0,-0.44296032
638655081,638654980,0.0,0.0,-0.44296032
638658786,638658687,0.0,0.0,-0.43819883
638661292,638661188,0.0,0.0,-0.43819883
638665089,638664980,0.0,0.0,-0.43819883
638668786,638668687,0.0,0.0,-0.44121182
638672536,638672437,0.0,0.0,-0.44121182
638676287,638676188,0.0,0.0,-0.44121182
638678784,638678687,0.0,0.0,-0.4428773
638682537,638682437,0.0,0.0,-0.4428773
638686313,638686210,0.0,0.0,-0.4428773
638690076,638689978,0.0,0.0,-0.44674328
638693786,638693687,0.0,0.0,-0.44674328
638696283,638696186,0.0,0.0,-0.44674328
638700089,638699980,0.0,0.0,-0.44745067
638703787,638703687,0.0,0.0,-0.44745067
638707537,638707437,0.0,0.0,-0.45153365
638711290,638711187,0.0,0.0,-0.45153365
638713779,638713687,0.0,0.0,-0.45153365
638717535,638717437,0.0,0.0,-0.4479878
638721289,638721188,0.0,0.0,-0.4479878
638725079,638724980,0.0,0.0,-0.4479878
638728786,638728687,0.0,0.0,-0.45081365
638731310,638731211,0.0,0.0,-0.45081365
638735075,638734978,0.0,0.0,-0.45081365
638738787,638738687,0.0,0.0,-0.4571802
638742538,638742438,0.0,0.0,-0.4571802
638746310,638746211,0.0,0.0,-0.4571802
638748786,638748687,0.0,0.0,-0.46135002
638752537,638752437,0.0,0.0,-0.46135002
638756285,638756187,0.0,0.0,-0.46135002
638760079,638759980,0.0,0.0,-0.4621264
638763780,638763687,0.0,0.0,-0.4621264
638766280,638766187,0.0,0.0,-0.4621264
638770080,638769980,0.0,0.0,-0.46533144
638773788,638773688,0.0,0.0,-0.46533144
638777536,638777437,0.0,0.0,-0.47152066
638781280,638781187,0.0,0.0,-0.47152066
638783787,638783687,0.0,0.0,-0.47152066
638787538,638787438,0.0,0.0,-0.47441575
638791310,638791211,0.0,0.0,-0.47441575
638795076,638794978,0.0,0.0,-0.47441575
638798790,638798687,0.0,0.0,-0.4722777
638801279,638801188,0.0,0.0,-0.4722777
638805079,638804979,0.0,0.0,-0.4722777
638808789,638808687,0.0,0.0,-0.4752928
638812537,638812437,0.0,0.0,-0.4752928
638816276,638816186,0.0,0.0,-0.4752928
638818787,638818687,0.0,0.0,-0.47081456
638822535,638822437,0.0,0.0,-0.47081456
638826286,638826188,0.0,0.0,-0.47081456
638830080,638829980,0.0,0.0,-0.4722952
638833788,638833687,0.0,0.0,-0.4722952
638836310,638836211,0.0,0.0,-0.4722952
638840079,638839979,0.0,0.0,-0.47080454
638843788,638843688,0.0,0.0,-0.47080454
638847537,638847437,0.0,0.0,-0.47312516
638851303,638851211,0.0,0.0,-0.47312516
638853792,638853688,0.0,0.0,-0.47312516
638857536,638857437,0.0,0.0,-0.46308398
638861286,638861188,0.0,0.0,-0.46308398
638865088,638864981,0.0,0.0,-0.46308398
638868786,638868687,0.0,0.0,-0.46553206
638871287,638871188,0.0,0.0,-0.46553206
638875080,638874980,0.0,0.0,-0.46553206
638878786,638878687,0.0,0.0,-0.46645275
638882527,638882437,0.0,0.0,-0.46645275
638886288,638886188,0.0,0.0,-0.46645275
638888785,638888687,0.0,0.0,-0.46854097
638892543,638892438,0.0,0.0,-0.46854097
638896312,638896211,0.0,0.0,-0.46854097
638900076,638899978,0.0,0.0,-0.46608856
638903787,638903687,0.0,0.0,-0.46608856
638906289,638906187,0.0,0.0,-0.46608856
638910081,638909980,0.0,0.0,-0.46927375
638913786,638913687,0.0,0.0,-0.46927375
638917537,638917437,0.0,0.0,-0.4737772
638921287,638921187,0.0,0.0,-0.4737772
638923787,638923687,0.0,0.0,-0.4737772
638927534,638927437,0.0,0.0,-0.47660956
638931281,638931188,0.0,0.0,-0.47660956
638935079,638934980,0.0,0.0,-0.47660956
638938786,638938687,0.0,0.0,-0.48257026
638941312,638941212,0.0,0.0,-0.48257026
638945078,638944980,0.0,0.0,-0.48257026
638948784,638948687,0.0,0.0,-0.48550853
638952538,638952438,0.0,0.0,-0.48550853
638956310,638956211,0.0,0.0,-0.48550853
638958785,638958687,0.0,0.0,-0.49181226
638962529,638962437,0.0,0.0,-0.49181226
638966276,638966187,0.0,0.0,-0.49181226
638970081,638969980,0.0,0.0,-0.49445656
638973788,638973688,0.0,0.0,-0.49445656
638976287,638976188,0.0,0.0,-0.49445656
638980087,638979980,0.0,0.0,-0.5008915
638983787,638983687,0.0,0.0,-0.5008915
638987534,638987437,0.0,0.0,-0.50305253
638991291,638991188,0.0,0.0,-0.50305253
638993787,638993687,0.0,0.0,-0.50305253
638997540,638997438,0.0,0.0,-0.51065904
639001310,639001211,0.0,0.0,-0.51065904
639005076,639004978,0.0,0.0,-0.51065904
639008786,639008687,0.0,0.0,-0.51262325
639011287,639011187,0.0,0.0,-0.51262325
639015087,639014980,0.0,0.0,-0.51262325
639018786,639018687,0.0,0.0,-0.5194527
639022537,639022437,0.0,0.0,-0.5194527
639026284,639026186,0.0,0.0,-0.5194527
639028779,639028687,0.0,0.0,-0.52110267
639032536,639032437,0.0,0.0,-0.52110267
639036286,639036188,0.0,0.0,-0.52110267
639040081,639039980,0.0,0.0,-0.5305254
639043787,639043687,0.0,0.0,-0.5305254
639046311,639046211,0.0,0.0,-0.5305254
639050077,639049979,0.0,0.0,-0.5319628
639053786,639053687,0.0,0.0,-0.5319628
639057537,639057438,0.0,0.0,-0.5377276
639061311,639061211,0.0,0.0,-0.5377276
639063787,639063687,0.0,0.0,-0.5377276
639067536,639067437,0.0,0.0,-0.537837
639071287,639071188,0.0,0.0,-0.537837
639075079,639074980,0.0,0.0,-0.537837
639078778,639078687,0.0,0.0,-0.5385493
639081281,639081188,0.0,0.0,-0.5385493
639085081,639084980,0.0,0.0,-0.5385493
639088785,639088687,0.0,0.0,-0.5394376
639092537,639092437,0.0,0.0,-0.5394376
639096281,639096188,0.0,0.0,-0.5394376
639098785,639098687,0.0,0.0,-0.5385275
639102537,639102437,0.0,0.0,-0.5385275
639106313,639106211,0.0,0.0,-0.5385275
639110078,639109980,0.0,0.0,-0.53905606
639113786,639113687,0.0,0.0,-0.53905606
639116278,639116187,0.0,0.0,-0.53905606
639120080,639119980,0.0,0.0,-0.5376686
639123787,639123687,0.0,0.0,-0.5376686
639127540,639127437,0.0,0.0,-0.5373634
639131279,639131187,0.0,0.0,-0.5373634
639133787,639133687,0.0,0.0,-0.5373634
639137534,639137436,0.0,0.0,-0.53743166
639141291,639141188,0.0,0.0,-0.53743166
639145079,639144980,0.0,0.0,-0.53743166
639148786,639148687,0.0,0.0,-0.5355779
639151311,639151211,0.0,0.0,-0.5355779
639155076,639154978,0.0,0.0,-0.5355779
639158784,639158687,0.0,0.0,-0.53547704
639162533,639162438,0.0,0.0,-0.53547704
639166303,639166211,0.0,0.0,-0.53547704
639168786,639168687,0.0,0.0,-0.5345576
639172537,639172437,0.0,0.0,-0.5345576
639176283,639176186,0.0,0.0,-0.5345576
639180087,639179980,0.0,0.0,-0.53360397
639183787,639183688,0.0,0.0,-0.53360397
639186286,639186188,0.0,0.0,-0.53360397
639190079,639189980,0.0,0.0,-0.53333235
639193787,639193687,0.0,0.0,-0.53333235
639197527,639197437,0.0,0.0,-0.5333097
639201289,639201188,0.0,0.0,-0.5333097
639203786,639203687,0.0,0.0,-0.5333097
639207538,639207437,0.0,0.0,-0.5314965
639211310,639211211,0.0,0.0,-0.5314965
639215087,639214979,0.0,0.0,-0.5314965
639218785,639218687,0.0,0.0,-0.5313393
639221287,639221188,0.0,0.0,-0.5313393
639225081,639224980,0.0,0.0,-0.5313393
639228778,639228687,0.0,0.0,-0.5296327
639232537,639232437,0.0,0.0,-0.5296327
639236284,639236186,0.0,0.0,-0.5296327
639238785,639238687,0.0,0.0,-0.52813953
639242535,639242437,0.0,0.0,-0.52813953
639246279,639246188,0.0,0.0,-0.52813953
639250080,639249980,0.0,0.0,-0.5281322
639253789,639253688,0.0,0.0,-0.5281322
639256311,639256211,0.0,0.0,-0.5281322
639260079,639259979,0.0,0.0,-0.5269797
639263787,639263687,0.0,0.0,-0.5269797
639267537,639267437,0.0,0.0,-0.5254594
639271312,639271211,0.0,0.0,-0.5254594
639273788,639273688,0.0,0.0,-0.5254594
639277537,639277437,0.0,0.0,-0.52406627
639281279,639281187,0.0,0.0,-0.52406627
639285081,639284980,0.0,0.0,-0.52406627
639288786,639288687,0.0,0.0,-0.52446663
639291288,639291188,0.0,0.0,-0.52446663
639295079,639294980,0.0,0.0,-0.52446663
639298788,639298687,0.0,0.0,-0.5237811
639302535,639302437,0.0,0.0,-0.5237811
639306291,639306188,0.0,0.0,-0.5237811
639308785,639308687,0.0,0.0,-0.5227901
639312538,639312438,0.0,0.0,-0.5227901
639316303,639316211,0.0,0.0,-0.5227901
639320077,639319979,0.0,0.0,-0.520808
639323786,639323687,0.0,0.0,-0.520808
639326286,639326187,0.0,0.0,-0.520808
639330097,639329980,0.0,0.0,-0.52179796
639333787,639333687,0.0,0.0,-0.52179796
639337537,639337437,0.0,0.0,-0.52014285
639341290,639341187,0.0,0.0,-0.52014285
639343788,639343688,0.0,0.0,-0.52014285
639347528,639347437,0.0,0.0,-0.51933753
639351287,639351188,0.0,0.0,-0.51933753
639355079,639354980,0.0,0.0,-0.51933753
639358786,639358687,0.0,0.0,-0.5199474
639361310,639361211,0.0,0.0,-0.5199474
639365084,639364978,0.0,0.0,-0.5199474
639368784,639368687,0.0,0.0,-0.51822853
639372537,639372437,0.0,0.0,-0.51822853
639376311,639376211,0.0,0.0,-0.51822853
639378779,639378687,0.0,0.0,-0.51763797
639382536,639382437,0.0,0.0,-0.51763797
639386285,639386187,0.0,0.0,-0.51763797
639390081,639389980,0.0,0.0,-0.5161468
639393788,639393687,0.0,0.0,-0.5161468
639396287,639396188,0.0,0.0,-0.5161468
639400079,639399979,0.0,0.0,-0.5147221
639403788,639403687,0.0,0.0,-0.5147221
639407536,639407437,0.0,0.0,-0.5146199
639411282,639411188,0.0,0.0,-0.5146199
639413785,639413687,0.0,0.0,-0.5146199
639417537,639417438,0.0,0.0,-0.51344067
639421311,639421211,0.0,0.0,-0.51344067
639425079,639424979,0.0,0.0,-0.51344067
639428786,639428687,0.0,0.0,-0.5131024
639431279,639431187,0.0,0.0,-0.5131024
639435082,639434980,0.0,0.0,-0.5131024
639438785,639438687,0.0,0.0,-0.512215
639442537,639442437,0.0,0.0,-0.512215
639446276,639446186,0.0,0.0,-0.512215
639448785,639448687,0.0,0.0,-0.51034814
639452535,639452437,0.0,0.0,-0.51034814
639456287,639456188,0.0,0.0,-0.51034814
639460079,639459980,0.0,0.0,-0.5105656
639463788,639463687,0.0,0.0,-0.5105656
639466302,639466211,0.0,0.0,-0.5105656
639470078,639469979,0.0,0.0,-0.50953126
639473788,639473688,0.0,0.0,-0.50953126
639477530,639477438,0.0,0.0,-0.5096005
639481304,639481211,0.0,0.0,-0.5096005
639483787,639483688,0.0,0.0,-0.5096005
639487537,639487437,0.0,0.0,-0.50750905
639491288,639491188,0.0,0.0,-0.50750905
639495081,639494980,0.0,0.0,-0.50750905
639498786,639498687,0.0,0.0,-0.5070368
639501292,639501190,0.0,0.0,-0.5070368
639505079,639504980,0.0,0.0,-0.5070368
639508787,639508687,0.0,0.0,-0.5074918
639512528,639512437,0.0,0.0,-0.5074918
639516287,639516188,0.0,0.0,-0.5074918
639518785,639518687,0.0,0.0,-0.5068523
639522538,639522438,0.0,0.0,-0.5068523
639526311,639526211,0.0,0.0,-0.5068523
639530082,639529978,0.0,0.0,-0.5062474
639533787,639533687,0.0,0.0,-0.5062474
639536284,639536186,0.0,0.0,-0.5062474
639540080,639539980,0.0,0.0,-0.50553924
639543780,639543688,0.0,0.0,-0.50553924
639547537,639547437,0.0,0.0,-0.5057688
639551287,639551187,0.0,0.0,-0.5057688
639553788,639553688,0.0,0.0,-0.5057688
639557535,639557437,0.0,0.0,-0.5044529
639561290,639561192,0.0,0.0,-0.5044529
639565079,639564980,0.0,0.0,-0.5044529
639568786,639568687,0.0,0.0,-0.5044527
639571311,639571211,0.0,0.0,-0.5044527
639575078,639574979,0.0,0.0,-0.5044527
639578785,639578687,0.0,0.0,-0.50489014
639582537,639582438,0.0,0.0,-0.50489014
639586311,639586211,0.0,0.0,-0.50489014
639588785,639588687,0.0,0.0,-0.50361264
639592538,639592438,0.0,0.0,-0.50361264
639596277,639596186,0.0,0.0,-0.50361264
639600081,639599980,0.0,0.0,-0.5046457
639603786,639603687,0.0,0.0,-0.5046457
639606290,639606188,0.0,0.0,-0.5046457
639610079,639609980,0.0,0.0,-0.50377506
639613787,639613687,0.0,0.0,-0.50377506
639617534,639617436,0.0,0.0,-0.50331885
639621287,639621188,0.0,0.0,-0.50331885
639623787,639623688,0.0,0.0,-0.50331885
639627530,639627438,0.0,0.0,-0.5021362
639631304,639631211,0.0,0.0,-0.5021362
639635077,639634978,0.0,0.0,-0.5021362
639638785,639638687,0.0,0.0,-0.50270325
639641287,639641187,0.0,0.0,-0.50270325
639645087,639644979,0.0,0.0,-0.50270325
639648785,639648687,0.0,0.0,-0.5020807
639652537,639652437,0.0,0.0,-0.5020807
639656286,639656187,0.0,0.0,-0.5020807
639658787,639658687,0.0,0.0,-0.50258285
639662528,639662437,0.0,0.0,-0.50258285
639666287,639666188,0.0,0.0,-0.50258285
639670079,639669980,0.0,0.0,-0.503803
639673789,639673687,0.0,0.0,-0.503803
639676310,639676211,0.0,0.0,-0.503803
639680083,639679978,0.0,0.0,-0.5020427
639683786,639683687,0.0,0.0,-0.5020427
639687537,639687438,0.0,0.0,-0.50225765
639691311,639691211,0.0,0.0,-0.50225765
639693780,639693688,0.0,0.0,-0.50225765
639697537,639697437,0.0,0.0,-0.50125164
639701287,639701188,0.0,0.0,-0.50125164
639705083,639704980,0.0,0.0,-0.50125164
639708789,639708687,0.0,0.0,-0.5030398
639711287,639711188,0.0,0.0,-0.5030398
639715086,639714980,0.0,0.0,-0.5030398
639718786,639718687,0.0,0.0,-0.50185287
639722535,639722437,0.0,0.0,-0.50185287
639726286,639726188,0.0,0.0,-0.50185287
639728784,639728687,0.0,0.0,-0.5024305
639732538,639732438,0.0,0.0,-0.5024305
639736310,639736211,0.0,0.0,-0.5024305
639740078,639739979,0.0,0.0,-0.5027821
639743780,639743687,0.0,0.0,-0.5027821
639746277,639746187,0.0,0.0,-0.5027821
639750081,639749980,0.0,0.0,-0.5034185
639753790,639753689,0.0,0.0,-0.5034185
639757537,639757437,0.0,0.0,-0.5027207
639761279,639761187,0.0,0.0,-0.5027207
639763787,639763687,0.0,0.0,-0.5027207
639767534,639767437,0.0,0.0,-0.5034258
639771289,639771188,0.0,0.0,-0.5034258
639775079,639774980,0.0,0.0,-0.5034258
639778786,639778687,0.0,0.0,-0.5037097
639781302,639781211,0.0,0.0,-0.5037097
639785080,639784978,0.0,0.0,-0.5037097
639788785,639788687,0.0,0.0,-0.5031179
639792537,639792438,0.0,0.0,-0.5031179
639796304,639796211,0.0,0.0,-0.5031179
639798785,639798687,0.0,0.0,-0.50270367
639802537,639802437,0.0,0.0,-0.50270367
639806289,639806187,0.0,0.0,-0.50270367
639810080,639809979,0.0,0.0,-0.5018675
639813787,639813687,0.0,0.0,-0.5018675
639816287,639816188,0.0,0.0,-0.5018675
639820080,639819980,0.0,0.0,-0.50209147
639823788,639823687,0.0,0.0,-0.50209147
639827527,639827437,0.0,0.0,-0.5022663
639831281,639831188,0.0,0.0,-0.5022663
639833786,639833687,0.0,0.0,-0.5022663
639837537,639837438,0.0,0.0,-0.50249463
639841310,639841211,0.0,0.0,-0.50249463
639845082,639844978,0.0,0.0,-0.50249463
639848785,639848687,0.0,0.0,-0.5010011
639851287,639851188,0.0,0.0,-0.5010011
639855080,639854979,0.0,0.0,-0.5010011
639858785,639858687,0.0,0.0,-0.50101393
639862537,639862437,0.0,0.0,-0.50101393
639866285,639866187,0.0,0.0,-0.50101393
639868786,639868687,0.0,0.0,-0.50163853
639872535,639872437,0.0,0.0,-0.50163853
639876280,639876188,0.0,0.0,-0.50163853
639880086,639879980,0.0,0.0,-0.5018346
639883787,639883687,0.0,0.0,-0.5018346
639886310,639886211,0.0,0.0,-0.5018346
639890075,639889978,0.0,0.0,-0.50127375
639893780,639893687,0.0,0.0,-0.50127375
639897538,639897438,0.0,0.0,-0.5012426
639901311,639901211,0.0,0.0,-0.5012426
639903787,639903687,0.0,0.0,-0.5012426
639907537,639907437,0.0,0.0,-0.5001962
639911279,639911188,0.0,0.0,-0.5001962
639915081,639914980,0.0,0.0,-0.5001962
639918786,639918687,0.0,0.0,-0.49946475
639921287,639921188,0.0,0.0,-0.49946475
639925079,639924980,0.0,0.0,-0.49946475
639928786,639928687,0.0,0.0,-0.5004111
639932535,639932437,0.0,0.0,-0.5004111
639936290,639936188,0.0,0.0,-0.5004111
639938785,639938687,0.0,0.0,-0.50027496
639942538,639942438,0.0,0.0,-0.50027496
639946303,639946211,0.0,0.0,-0.50027496
639950076,639949978,0.0,0.0,-0.49982047
639953787,639953687,0.0,0.0,-0.49982047
639956285,639956187,0.0,0.0,-0.49982047
639960080,639959980,0.0,0.0,-0.4979592
639963787,639963688,0.0,0.0,-0.4979592
639967537,639967437,0.0,0.0,-0.4977376
639971288,639971187,0.0,0.0,-0.4977376
639973788,639973688,0.0,0.0,-0.4977376
639977527,639977437,0.0,0.0,-0.49777037
639981281,639981188,0.0,0.0,-0.49777037
639985079,639984980,0.0,0.0,-0.49777037
639988786,639988687,0.0,0.0,-0.4982748
639991311,639991211,0.0,0.0,-0.4982748
639995083,639994978,0.0,0.0,-0.4982748
639998785,639998687,0.0,0.0,-0.49873984
640002537,640002437,0.0,0.0,-0.49873984
640006312,640006211,0.0,0.0,-0.49873984
640008789,640008687,0.0,0.0,-0.4996332
640012541,640012441,0.0,0.0,-0.4996332
640016285,640016187,0.0,0.0,-0.4996332
640020080,640019980,0.0,0.0,-0.4999439
640023790,640023687,0.0,0.0,-0.4999439
640026280,640026188,0.0,0.0,-0.4999439
640030080,640029980,0.0,0.0,-0.49993342
640033787,640033687,0.0,0.0,-0.49993342
640037538,640037437,0.0,0.0,-0.49981278
640041289,640041188,0.0,0.0,-0.49981278
640043787,640043687,0.0,0.0,-0.49981278
640047537,640047437,0.0,0.0,-0.49973646
640051314,640051211,0.0,0.0,-0.49973646
640055076,640054978,0.0,0.0,-0.49973646
640058778,640058687,0.0,0.0,-0.5022135
640061278,640061187,0.0,0.0,-0.5022135
640065079,640064980,0.0,0.0,-0.5022135
640068785,640068687,0.0,0.0,-0.5023795
640072536,640072437,0.0,0.0,-0.5023795
640076276,640076186,0.0,0.0,-0.5023795
640078785,640078687,0.0,0.0,-0.4939573
640082534,640082437,0.0,0.0,-0.4939573
640086286,640086188,0.0,0.0,-0.4939573
640090080,640089980,0.0,0.0,-0.49400058
640093787,640093687,0.0,0.0,-0.49400058
640096304,640096211,0.0,0.0,-0.49400058
640100078,640099980,0.0,0.0,-0.48509854
640103788,640103688,0.0,0.0,-0.48509854
640107539,640107438,0.0,0.0,-0.4860243
640111303,640111211,0.0,0.0,-0.4860243
640113786,640113687,0.0,0.0,-0.4860243
640117536,640117437,0.0,0.0,-0.47608033
640121287,640121188,0.0,0.0,-0.47608033
640125079,640124979,0.0,0.0,-0.47608033
640128786,640128687,0.0,0.0,-0.47614783
640131288,640131189,0.0,0.0,-0.47614783
640135079,640134980,0.0,0.0,-0.47614783
640138786,640138687,0.0,0.0,-0.4670784
640142528,640142437,0.0,0.0,-0.4670784
640146279,640146188,0.0,0.0,-0.4670784
640148785,640148687,0.0,0.0,-0.46886125
640152537,640152438,0.0,0.0,-0.46886125
640156311,640156211,0.0,0.0,-0.46886125
640160082,640159978,0.0,0.0,-0.47606438
640163787,640163687,0.0,0.0,-0.47606438
640166284,640166186,0.0,0.0,-0.47606438
640170082,640169980,0.0,0.0,-0.47848174
640173788,640173688,0.0,0.0,-0.47848174
640177537,640177437,0.0,0.0,-0.4865846
640181287,640181187,0.0,0.0,-0.4865846
640183788,640183687,0.0,0.0,-0.4865846
640187534,640187437,0.0,0.0,-0.4878714
640191290,640191188,0.0,0.0,-0.4878714
640195087,640194979,0.0,0.0,-0.4878714
640198787,640198687,0.0,0.0,-0.49597666
640201312,640201211,0.0,0.0,-0.49597666
640205075,640204978,0.0,0.0,-0.49597666
640208778,640208687,0.0,0.0,-0.49659052
640212538,640212438,0.0,0.0,-0.49659052
640216310,640216211,0.0,0.0,-0.49659052
640218786,640218687,0.0,0.0,-0.5046306
640222536,640222437,0.0,0.0,-0.5046306
640226276,640226187,0.0,0.0,-0.5046306
640230079,640229980,0.0,0.0,-0.5048637
640233787,640233687,0.0,0.0,-0.5048637
640236286,640236188,0.0,0.0,-0.5048637
640240080,640239980,0.0,0.0,-0.51386213
640243787,640243687,0.0,0.0,-0.51386213
640247535,640247436,0.0,0.0,-0.5148613
640251290,640251188,0.0,0.0,-0.5148613
640253787,640253687,0.0,0.0,-0.5148613
640257537,640257438,0.0,0.0,-0.52460706
640261304,640261211,0.0,0.0,-0.52460706
640265079,640264980,0.0,0.0,-0.52460706
640268785,640268687,0.0,0.0,-0.5223049
640271287,640271188,0.0,0.0,-0.5223049
640275080,640274980,0.0,0.0,-0.5223049
640278785,640278687,0.0,0.0,-0.5311845
640282537,640282437,0.0,0.0,-0.5311845
640286286,640286187,0.0,0.0,-0.5311845
640288786,640288687,0.0,0.0,-0.53083825
640292528,640292437,0.0,0.0,-0.53083825
640296284,640296190,0.0,0.0,-0.53083825
640300079,640299980,0.0,0.0,-0.5397398
640303787,640303687,0.0,0.0,-0.5397398
640306314,640306213,0.0,0.0,-0.5397398
640310083,640309978,0.0,0.0,-0.5398549
640313785,640313687,0.0,0.0,-0.5398549
640317538,640317438,0.0,0.0,-0.54826146
640321310,640321211,0.0,0.0,-0.54826146
640323787,640323688,0.0,0.0,-0.54826146
640327537,640327437,0.0,0.0,-0.5476273
640331286,640331187,0.0,0.0,-0.5476273
640335079,640334979,0.0,0.0,-0.5476273
640338787,640338687,0.0,0.0,-0.5571328
640341290,640341188,0.0,0.0,-0.5571328
640345088,640344980,0.0,0.0,-0.5571328
640348786,640348687,0.0,0.0,-0.5546046
640352535,640352437,0.0,0.0,-0.5546046
640356287,640356188,0.0,0.0,-0.5546046
640358777,640358687,0.0,0.0,-0.5654274
640362538,640362438,0.0,0.0,-0.5654274
640366310,640366211,0.0,0.0,-0.5654274
640370076,640369978,0.0,0.0,-0.5628571
640373788,640373687,0.0,0.0,-0.5628571
640376277,640376187,0.0,0.0,-0.5628571
640380079,640379980,0.0,0.0,-0.57385325
640383787,640383687,0.0,0.0,-0.57385325
640387537,640387437,0.0,0.0,-0.57021177
640391278,640391187,0.0,0.0,-0.57021177
640393787,640393687,0.0,0.0,-0.57021177
640397534,640397436,0.0,0.0,-0.58162826
640401293,640401188,0.0,0.0,-0.58162826
640405080,640404980,0.0,0.0,-0.58162826
640408778,640408687,0.0,0.0,-0.5784342
640411304,640411211,0.0,0.0,-0.5784342
640415080,640414980,0.0,0.0,-0.5784342
640418784,640418687,0.0,0.0,-0.58251774
640422538,640422438,0.0,0.0,-0.58251774
640426311,640426211,0.0,0.0,-0.58251774
640428786,640428687,0.0,0.0,-0.5776595
640432537,640432437,0.0,0.0,-0.5776595
640436286,640436187,0.0,0.0,-0.5776595
640440080,640439980,0.0,0.0,-0.5790045
640443787,640443687,0.0,0.0,-0.5790045
640446280,640446188,0.0,0.0,-0.5790045
640450079,640449980,0.0,0.0,-0.5752464
640453787,640453688,0.0,0.0,-0.5752464
640457528,640457437,0.0,0.0,-0.57326883
640461282,640461188,0.0,0.0,-0.57326883
640463787,640463687,0.0,0.0,-0.57326883
640467537,640467438,0.0,0.0,-0.5695012
640471310,640471211,0.0,0.0,-0.5695012
640475076,640474978,0.0,0.0,-0.5695012
640478785,640478687,0.0,0.0,-0.5659951
640481288,640481188,0.0,0.0,-0.5659951
640485080,640484979,0.0,0.0,-0.5659951
640488786,640488687,0.0,0.0,-0.56133825
640492538,640492437,0.0,0.0,-0.56133825
640496276,640496186,0.0,0.0,-0.56133825
640498786,640498687,0.0,0.0,-0.56113964
640502536,640502437,0.0,0.0,-0.56113964
640506290,640506188,0.0,0.0,-0.56113964
640510088,640509980,0.0,0.0,-0.5573275
640513786,640513687,0.0,0.0,-0.5573275
640516310,640516211,0.0,0.0,-0.5573275
640520075,640519978,0.0,0.0,-0.557101
640523787,640523687,0.0,0.0,-0.557101
640527537,640527438,0.0,0.0,-0.5540047
640531310,640531211,0.0,0.0,-0.5540047
640533787,640533687,0.0,0.0,-0.5540047
640537536,640537437,0.0,0.0,-0.55816597
640541279,640541187,0.0,0.0,-0.55816597
640545079,640544979,0.0,0.0,-0.55816597
640548786,640548687,0.0,0.0,-0.554598
640551287,640551188,0.0,0.0,-0.554598
640555080,640554980,0.0,0.0,-0.554598
640558786,640558687,0.0,0.0,-0.5572371
640562535,640562437,0.0,0.0,-0.5572371
640566305,640566206,0.0,0.0,-0.5572371
640568785,640568687,0.0,0.0,-0.5552659
640572537,640572437,0.0,0.0,-0.5552659
640576313,640576211,0.0,0.0,-0.5552659
640580079,640579980,0.0,0.0,-0.5537037
640583786,640583687,0.0,0.0,-0.5537037
640586283,640586187,0.0,0.0,-0.5537037
640590080,640589980,0.0,0.0,-0.5517175
640593787,640593687,0.0,0.0,-0.5517175
640597536,640597437,0.0,0.0,-0.5490173
640601288,640601188,0.0,0.0,-0.5490173
640603787,640603687,0.0,0.0,-0.5490173
640607528,640607437,0.0,0.0,-0.54682785
640611287,640611188,0.0,0.0,-0.54682785
640615079,640614980,0.0,0.0,-0.54682785
640618786,640618687,0.0,0.0,-0.5421611
640621310,640621211,0.0,0.0,-0.5421611
640625084,640624978,0.0,0.0,-0.5421611
640628785,640628687,0.0,0.0,-0.5398642
640632538,640632437,0.0,0.0,-0.5398642
640636310,640636211,0.0,0.0,-0.5398642
640638785,640638687,0.0,0.0,-0.5333788
640642537,640642437,0.0,0.0,-0.5333788
640646286,640646187,0.0,0.0,-0.5333788
640650081,640649980,0.0,0.0,-0.5318425
640653788,640653688,0.0,0.0,-0.5318425
640656284,640656187,0.0,0.0,-0.5318425
640660086,640659980,0.0,0.0,-0.5247907
640663788,640663688,0.0,0.0,-0.5247907
640667534,640667437,0.0,0.0,-0.5240454
640671287,640671188,0.0,0.0,-0.5240454
640673780,640673687,0.0,0.0,-0.5240454
640677538,640677437,0.0,0.0,-0.51671094
640681314,640681214,0.0,0.0,-0.51671094
640685076,640684978,0.0,0.0,-0.51671094
640688786,640688687,0.0,0.0,-0.51514703
640691279,640691187,0.0,0.0,-0.51514703
640695074,640694978,0.0,0.0,-0.51514703
640698785,640698687,0.0,0.0,-0.508275
640702538,640702438,0.0,0.0,-0.508275
640706289,640706187,0.0,0.0,-0.508275
640708786,640708687,0.0,0.0,-0.5072126
640712535,640712437,0.0,0.0,-0.5072126
640716283,640716186,0.0,0.0,-0.5072126
640720082,640719980,0.0,0.0,-0.500416
640723781,640723688,0.0,0.0,-0.500416
640726303,640726211,0.0,0.0,-0.500416
640730079,640729979,0.0,0.0,-0.5001403
640733787,640733687,0.0,0.0,-0.5001403
640737534,640737436,0.0,0.0,-0.49279603
640741312,640741211,0.0,0.0,-0.49279603
640743787,640743688,0.0,0.0,-0.49279603
640747538,640747437,0.0,0.0,-0.49329832
640751288,640751188,0.0,0.0,-0.49329832
640755076,640754978,0.0,0.0,-0.49329832
640758785,640758687,0.0,0.0,-0.48503256
640761279,640761187,0.0,0.0,-0.48503256
640765081,640764979,0.0,0.0,-0.48503256
640768786,640768687,0.0,0.0,-0.48670924
640772538,640772437,0.0,0.0,-0.48670924
640776276,640776186,0.0,0.0,-0.48670924
640778786,640778687,0.0,0.0,-0.49349678
640782536,640782437,0.0,0.0,-0.49349678
640786310,640786211,0.0,0.0,-0.49349678
640790080,640789980,0.0,0.0,-0.49513268
640793788,640793687,0.0,0.0,-0.49513268
640796287,640796188,0.0,0.0,-0.49513268
640800079,640799979,0.0,0.0,-0.49895045
640803786,640803687,0.0,0.0,-0.49895045
640807531,640807437,0.0,0.0,-0.5003795
640811281,640811188,0.0,0.0,-0.5003795
640813786,640813687,0.0,0.0,-0.5003795
640817536,640817437,0.0,0.0,-0.5014881
640821286,640821188,0.0,0.0,-0.5014881
640825086,640824980,0.0,0.0,-0.5014881
640828786,640828687,0.0,0.0,-0.50328994
640831311,640831211,0.0,0.0,-0.50328994
640835083,640834980,0.0,0.0,-0.50328994
640838786,640838687,0.0,0.0,-0.50445694
640842535,640842437,0.0,0.0,-0.50445694
640846311,640846211,0.0,0.0,-0.50445694
640848784,640848687,0.0,0.0,-0.50575227
640852537,640852437,0.0,0.0,-0.50575227
640856280,640856187,0.0,0.0,-0.50575227
640860086,640859979,0.0,0.0,-0.5070029
640863787,640863687,0.0,0.0,-0.5070029
640866286,640866187,0.0,0.0,-0.5070029
640870081,640869979,0.0,0.0,-0.50837743
640873781,640873688,0.0,0.0,-0.50837743
640877538,640877438,0.0,0.0,-0.50927573
640881286,640881187,0.0,0.0,-0.50927573
640883787,640883687,0.0,0.0,-0.50927573
640887534,640887437,0.0,0.0,-0.5100376
640891313,640891212,0.0,0.0,-0.5100376
640895080,640894980,0.0,0.0,-0.5100376
640898786,640898687,0.0,0.0,-0.51048946
640901290,640901188,0.0,0.0,-0.51048946
640905076,640904978,0.0,0.0,-0.51048946
640908787,640908687,0.0,0.0,-0.5115359
640912538,640912437,0.0,0.0,-0.5115359
640916287,640916188,0.0,0.0,-0.5115359
640918786,640918687,0.0,0.0,-0.50420964
640922535,640922437,0.0,0.0,-0.50420964
640926276,640926186,0.0,0.0,-0.50420964
640930078,640929980,0.0,0.0,-0.505019
640933787,640933687,0.0,0.0,-0.505019
640936311,640936211,0.0,0.0,-0.505019
640940080,640939980,0.0,0.0,-0.5091601
640943787,640943687,0.0,0.0,-0.5091601
640947535,640947437,0.0,0.0,-0.5094395
640951312,640951212,0.0,0.0,-0.5094395
640953786,640953687,0.0,0.0,-0.5094395
640957537,640957437,0.0,0.0,-0.5021217
640961281,640961188,0.0,0.0,-0.5021217
640965078,640964979,0.0,0.0,-0.5021217
640968786,640968687,0.0,0.0,-0.5029129
640971286,640971188,0.0,0.0,-0.5029129
640975087,640974980,0.0,0.0,-0.5029129
640978786,640978687,0.0,0.0,-0.49439105
640982536,640982437,0.0,0.0,-0.49439105
640986283,640986186,0.0,0.0,-0.49439105
640988796,640988692,0.0,0.0,-0.49472746
640992536,640992437,0.0,0.0,-0.49472746
640996314,640996213,0.0,0.0,-0.49472746
641000079,640999980,0.0,0.0,-0.4858806
641003788,641003688,0.0,0.0,-0.4858806
641006284,641006188,0.0,0.0,-0.4858806
641010076,641009978,0.0,0.0,-0.48718214
641013785,641013686,0.0,0.0,-0.48718214
641017537,641017437,0.0,0.0,-0.47751567
641021287,641021188,0.0,0.0,-0.47751567
641023787,641023687,0.0,0.0,-0.47751567
641027536,641027437,0.0,0.0,-0.47929484
641031288,641031188,0.0,0.0,-0.47929484
641035079,641034980,0.0,0.0,-0.47929484
641038786,641038687,0.0,0.0,-0.46937865
641041315,641041213,0.0,0.0,-0.46937865
641045082,641044980,0.0,0.0,-0.46937865
641048786,641048687,0.0,0.0,-0.4717946
641052535,641052437,0.0,0.0,-0.4717946
641056311,641056211,0.0,0.0,-0.4717946
641058784,641058687,0.0,0.0,-0.4612917
641062543,641062438,0.0,0.0,-0.4612917
641066287,641066188,0.0,0.0,-0.4612917
641070077,641069979,0.0,0.0,-0.46364367
641073787,641073687,0.0,0.0,-0.46364367
641076277,641076187,0.0,0.0,-0.46364367
641080081,641079980,0.0,0.0,-0.4530606
641083787,641083687,0.0,0.0,-0.4530606
641087536,641087437,0.0,0.0,-0.4559178
641091279,641091187,0.0,0.0,-0.4559178
641093787,641093687,0.0,0.0,-0.4559178
641097541,641097437,0.0,0.0,-0.4458209
641101314,641101211,0.0,0.0,-0.4458209
641105080,641104980,0.0,0.0,-0.4458209
641108787,641108687,0.0,0.0,-0.449323
641111287,641111188,0.0,0.0,-0.449323
641115077,641114979,0.0,0.0,-0.449323
641118785,641118687,0.0,0.0,-0.43797663
641122530,641122437,0.0,0.0,-0.43797663
641126280,641126187,0.0,0.0,-0.43797663
641128785,641128687,0.0,0.0,-0.44117245
641132537,641132437,0.0,0.0,-0.44117245
641136283,641136187,0.0,0.0,-0.44117245
641140086,641139979,0.0,0.0,-0.42954952
641143787,641143687,0.0,0.0,-0.42954952
641146310,641146211,0.0,0.0,-0.42954952
641150080,641149980,0.0,0.0,-0.43380752
641153787,641153687,0.0,0.0,-0.43380752
641157534,641157437,0.0,0.0,-0.42256898
641161317,641161214,0.0,0.0,-0.42256898
641163786,641163687,0.0,0.0,-0.42256898
641167536,641167437,0.0,0.0,-0.42662415
641171286,641171188,0.0,0.0,-0.42662415
641175083,641174978,0.0,0.0,-0.42662415
641178785,641178687,0.0,0.0,-0.41483137
641181287,641181188,0.0,0.0,-0.41483137
641185080,641184979,0.0,0.0,-0.41483137
641188778,641188687,0.0,0.0,-0.41925618
641192537,641192437,0.0,0.0,-0.41925618
641196286,641196187,0.0,0.0,-0.41925618
641198785,641198687,0.0,0.0,-0.41261578
641202535,641202437,0.0,0.0,-0.41261578
641206315,641206215,0.0,0.0,-0.41261578
641210080,641209980,0.0,0.0,-0.4171798
641213787,641213687,0.0,0.0,-0.4171798
641216286,641216188,0.0,0.0,-0.4171798
641220075,641219978,0.0,0.0,-0.42208308
641223786,641223687,0.0,0.0,-0.42208308
641227536,641227437,0.0,0.0,-0.42747155
641231288,641231188,0.0,0.0,-0.42747155
641233787,641233687,0.0,0.0,-0.42747155
641237535,641237437,0.0,0.0,-0.43271354
641241280,641241187,0.0,0.0,-0.43271354
641245080,641244980,0.0,0.0,-0.43271354
641248788,641248688,0.0,0.0,-0.43818447
641251315,641251214,0.0,0.0,-0.43818447
641255082,641254982,0.0,0.0,-0.43818447
641258786,641258687,0.0,0.0,-0.44423985
641262535,641262437,0.0,0.0,-0.44423985
641266310,641266211,0.0,0.0,-0.44423985
641268785,641268687,0.0,0.0,-0.44836408
641272530,641272437,0.0,0.0,-0.44836408
641276279,641276188,0.0,0.0,-0.44836408
641280075,641279978,0.0,0.0,-0.45546764
641283787,641283687,0.0,0.0,-0.45546764
641286283,641286187,0.0,0.0,-0.45546764
641290088,641289980,0.0,0.0,-0.46113533
641293791,641293687,0.0,0.0,-0.46113533
641297536,641297437,0.0,0.0,-0.46540657
641301287,641301188,0.0,0.0,-0.46540657
641303787,641303687,0.0,0.0,-0.46540657
641307536,641307437,0.0,0.0,-0.46924153
641311311,641311211,0.0,0.0,-0.46924153
641315080,641314980,0.0,0.0,-0.46924153
641318786,641318687,0.0,0.0,-0.47729895
641321287,641321188,0.0,0.0,-0.47729895
641325082,641324978,0.0,0.0,-0.47729895
641328785,641328687,0.0,0.0,-0.48026678
641332538,641332437,0.0,0.0,-0.48026678
641336287,641336187,0.0,0.0,-0.48026678
641338779,641338687,0.0,0.0,-0.487179
641342536,641342437,0.0,0.0,-0.487179
641346283,641346187,0.0,0.0,-0.487179
641350081,641349981,0.0,0.0,-0.490756
641353788,641353688,0.0,0.0,-0.490756
641356309,641356210,0.0,0.0,-0.490756
641360082,641359980,0.0,0.0,-0.49736175
641363788,641363688,0.0,0.0,-0.49736175
641367535,641367437,0.0,0.0,-0.49987927
641371311,641371211,0.0,0.0,-0.49987927
641373786,641373687,0.0,0.0,-0.49987927
641377536,641377437,0.0,0.0,-0.50769085
641381289,641381188,0.0,0.0,-0.50769085
641385076,641384978,0.0,0.0,-0.50769085
641388778,641388687,0.0,0.0,-0.5087983
641391280,641391188,0.0,0.0,-0.5087983
641395075,641394977,0.0,0.0,-0.5087983
641398785,641398687,0.0,0.0,-0.5166381
641402541,641402438,0.0,0.0,-0.5166381
641406282,641406187,0.0,0.0,-0.5166381
641408786,641408687,0.0,0.0,-0.51794213
641412536,641412437,0.0,0.0,-0.51794213
641416309,641416210,0.0,0.0,-0.51794213
641420083,641419982,0.0,0.0,-0.5260076
641423788,641423687,0.0,0.0,-0.5260076
641426280,641426188,0.0,0.0,-0.5260076
641430076,641429978,0.0,0.0,-0.52709544
641433787,641433687,0.0,0.0,-0.52709544
641437536,641437437,0.0,0.0,-0.5364299
641441283,641441190,0.0,0.0,-0.5364299
641443786,641443687,0.0,0.0,-0.5364299
641447539,641447438,0.0,0.0,-0.5372344
641451287,641451188,0.0,0.0,-0.5372344
641455075,641454978,0.0,0.0,-0.5372344
641458785,641458687,0.0,0.0,-0.54517204
641461310,641461211,0.0,0.0,-0.54517204
641465080,641464980,0.0,0.0,-0.54517204
641468787,641468687,0.0,0.0,-0.54590493
641472536,641472437,0.0,0.0,-0.54590493
641476300,641476210,0.0,0.0,-0.54590493
641478785,641478687,0.0,0.0,-0.54619724
641482537,641482437,0.0,0.0,-0.54619724
641486287,641486188,0.0,0.0,-0.54619724
641490085,641489979,0.0,0.0,-0.5461757
641493787,641493687,0.0,0.0,-0.5461757
641496284,641496187,0.0,0.0,-0.5461757
641500074,641499977,0.0,0.0,-0.54659986
641503787,641503687,0.0,0.0,-0.54659986
641507531,641507438,0.0,0.0,-0.5453333
641511287,641511188,0.0,0.0,-0.5453333
641513786,641513687,0.0,0.0,-0.5453333
641517535,641517437,0.0,0.0,-0.54541105
641521309,641521211,0.0,0.0,-0.54541105
641525086,641524978,0.0,0.0,-0.54541105
641528787,641528687,0.0,0.0,-0.5440605
641531290,641531188,0.0,0.0,-0.5440605
641535077,641534979,0.0,0.0,-0.5440605
641538784,641538687,0.0,0.0,-0.5431463
641542536,641542437,0.0,0.0,-0.5431463
641546287,641546188,0.0,0.0,-0.5431463
641548785,641548687,0.0,0.0,-0.5424209
641552537,641552437,0.0,0.0,-0.5424209
641556279,641556187,0.0,0.0,-0.5424209
641560075,641559978,0.0,0.0,-0.5417691
641563787,641563687,0.0,0.0,-0.5417691
641566308,641566210,0.0,0.0,-0.5417691
641570080,641569979,0.0,0.0,-0.54154295
641573789,641573688,0.0,0.0,-0.54154295
641577535,641577437,0.0,0.0,-0.54027563
641581311,641581211,0.0,0.0,-0.54027563
641583786,641583687,0.0,0.0,-0.54027563
641587528,641587437,0.0,0.0,-0.53966534
641591284,641591188,0.0,0.0,-0.53966534
641595077,641594978,0.0,0.0,-0.53966534
641598785,641598687,0.0,0.0,-0.5387086
641601287,641601188,0.0,0.0,-0.5387086
641605075,641604977,0.0,0.0,-0.5387086
641608785,641608687,0.0,0.0,-0.53860784
641612539,641612438,0.0,0.0,-0.53860784
641616285,641616187,0.0,0.0,-0.53860784
641618786,641618687,0.0,0.0,-0.5381795
641622536,641622437,0.0,0.0,-0.5381795
641626309,641626210,0.0,0.0,-0.5381795
641630081,641629980,0.0,0.0,-0.5366303
641633788,641633688,0.0,0.0,-0.5366303
641636291,641636190,0.0,0.0,-0.5366303
641640084,641639979,0.0,0.0,-0.5361315
641643786,641643687,0.0,0.0,-0.5361315
641647537,641647437,0.0,0.0,-0.5354456
641651290,641651188,0.0,0.0,-0.5354456
641653780,641653687,0.0,0.0,-0.5354456
641657538,641657438,0.0,0.0,-0.533811
641661287,641661188,0.0,0.0,-0.533811
641665076,641664978,0.0,0.0,-0.533811
641668785,641668687,0.0,0.0,-0.5341766
641671310,641671211,0.0,0.0,-0.5341766
641675082,641674980,0.0,0.0,-0.5341766
641678785,641678687,0.0,0.0,-0.53309005
641682537,641682437,0.0,0.0,-0.53309005
641686309,641686210,0.0,0.0,-0.53309005
641688785,641688687,0.0,0.0,-0.532458
641692536,641692437,0.0,0.0,-0.532458
641696287,641696188,0.0,0.0,-0.532458
641700080,641699980,0.0,0.0,-0.53167254
641703779,641703687,0.0,0.0,-0.53167254
641706296,641706187,0.0,0.0,-0.53167254
641710078,641709979,0.0,0.0,-0.52962935
641713786,641713686,0.0,0.0,-0.52962935
641717537,641717438,0.0,0.0,-0.52972037
641721281,641721188,0.0,0.0,-0.52972037
641723787,641723687,0.0,0.0,-0.52972037
641727537,641727437,0.0,0.0,-0.52902186
641731310,641731211,0.0,0.0,-0.52902186
641735080,641734979,0.0,0.0,-0.52902186
641738787,641738687,0.0,0.0,-0.5286449
641741281,641741188,0.0,0.0,-0.5286449
641745080,641744980,0.0,0.0,-0.5286449
641748785,641748687,0.0,0.0,-0.5275327
641752538,641752439,0.0,0.0,-0.5275327
641756280,641756187,0.0,0.0,-0.5275327
641758788,641758687,0.0,0.0,-0.52747166
641762538,641762438,0.0,0.0,-0.52747166
641766287,641766188,0.0,0.0,-0.52747166
641770076,641769978,0.0,0.0,-0.5266135
641773792,641773688,0.0,0.0,-0.5266135
641776309,641776210,0.0,0.0,-0.5266135
641780081,641779980,0.0,0.0,-0.52678454
641783787,641783687,0.0,0.0,-0.52678454
641787528,641787437,0.0,0.0,-0.52576137
641791302,641791211,0.0,0.0,-0.52576137
641793787,641793687,0.0,0.0,-0.52576137
641797535,641797437,0.0,0.0,-0.52640086
641801291,641801188,0.0,0.0,-0.52640086
641805094,641804981,0.0,0.0,-0.52640086
641808786,641808687,0.0,0.0,-0.5253616
641811292,641811191,0.0,0.0,-0.5253616
641815078,641814979,0.0,0.0,-0.5253616
641818785,641818687,0.0,0.0,-0.52635896
641822528,641822437,0.0,0.0,-0.52635896
641826289,641826188,0.0,0.0,-0.52635896
641828785,641828687,0.0,0.0,-0.52461547
641832539,641832438,0.0,0.0,-0.52461547
641836308,641836210,0.0,0.0,-0.52461547
641840082,641839977,0.0,0.0,-0.5252542
641843788,641843688,0.0,0.0,-0.5252542
641846284,641846187,0.0,0.0,-0.5252542
641850080,641849979,0.0,0.0,-0.52488554
641853781,641853688,0.0,0.0,-0.52488554
641857537,641857437,0.0,0.0,-0.52416474
641861287,641861187,0.0,0.0,-0.52416474
641863787,641863687,0.0,0.0,-0.52416474
641867536,641867437,0.0,0.0,-0.52528465
641871279,641871188,0.0,0.0,-0.52528465
641875080,641874980,0.0,0.0,-0.52528465
641878786,641878687,0.0,0.0,-0.52340126
641881311,641881211,0.0,0.0,-0.52340126
641885075,641884978,0.0,0.0,-0.52340126
641888785,641888687,0.0,0.0,-0.52559173
641892538,641892438,0.0,0.0,-0.52559173
641896310,641896211,0.0,0.0,-0.52559173
641898788,641898687,0.0,0.0,-0.523773
641902537,641902437,0.0,0.0,-0.523773
641906282,641906187,0.0,0.0,-0.523773
641910081,641909980,0.0,0.0,-0.52387124
641913786,641913687,0.0,0.0,-0.52387124
641916286,641916188,0.0,0.0,-0.52387124
641920079,641919980,0.0,0.0,-0.5239808
641923787,641923687,0.0,0.0,-0.5239808
641927534,641927436,0.0,0.0,-0.52291095
641931289,641931190,0.0,0.0,-0.52291095
641933786,641933687,0.0,0.0,-0.52291095
641937537,641937437,0.0,0.0,-0.5238963
641941306,641941211,0.0,0.0,-0.5238963
641945076,641944978,0.0,0.0,-0.5238963
641948785,641948687,0.0,0.0,-0.52220803
641951287,641951188,0.0,0.0,-0.52220803
641955089,641954981,0.0,0.0,-0.52220803
641958785,641958687,0.0,0.0,-0.5238909
641962537,641962437,0.0,0.0,-0.5238909
641966287,641966187,0.0,0.0,-0.5238909
641968786,641968687,0.0,0.0,-0.522812
641972528,641972437,0.0,0.0,-0.522812
641976290,641976187,0.0,0.0,-0.522812
641980079,641979980,0.0,0.0,-0.5223502
641983787,641983687,0.0,0.0,-0.5223502
641986310,641986210,0.0,0.0,-0.5223502
641990085,641989979,0.0,0.0,-0.52299505
641993787,641993687,0.0,0.0,-0.52299505
641997541,641997438,0.0,0.0,-0.5223384
642001310,642001211,0.0,0.0,-0.5223384
642003787,642003688,0.0,0.0,-0.5223384
642007537,642007437,0.0,0.0,-0.5235803
642011287,642011188,0.0,0.0,-0.5235803
642015080,642014980,0.0,0.0,-0.5235803
642018786,642018687,0.0,0.0,-0.5226527
642021282,642021188,0.0,0.0,-0.5226527
642025079,642024980,0.0,0.0,-0.5226527
642028786,642028687,0.0,0.0,-0.5222351
642032535,642032437,0.0,0.0,-0.5222351
642036279,642036188,0.0,0.0,-0.5222351
642038784,642038687,0.0,0.0,-0.52214086
642042538,642042437,0.0,0.0,-0.52214086
642046310,642046211,0.0,0.0,-0.52214086
642050074,642049978,0.0,0.0,-0.52163506
642053787,642053687,0.0,0.0,-0.52163506
642056277,642056187,0.0,0.0,-0.52163506
642060082,642059980,0.0,0.0,-0.52206534
642063788,642063688,0.0,0.0,-0.52206534
642067536,642067437,0.0,0.0,-0.52128273
642071282,642071187,0.0,0.0,-0.52128273
642073787,642073688,0.0,0.0,-0.52128273
642077533,642077437,0.0,0.0,-0.5221146
642081288,642081188,0.0,0.0,-0.5221146
642085080,642084980,0.0,0.0,-0.5221146
642088786,642088687,0.0,0.0,-0.52138907
642091310,642091211,0.0,0.0,-0.52138907
642095077,642094979,0.0,0.0,-0.52138907
642098786,642098687,0.0,0.0,-0.5217315
642102530,642102438,0.0,0.0,-0.5217315
642106310,642106215,0.0,0.0,-0.5217315
642108788,642108687,0.0,0.0,-0.5211618
642112537,642112437,0.0,0.0,-0.5211618
642116284,642116187,0.0,0.0,-0.5211618
642120087,642119979,0.0,0.0,-0.5220469
642123787,642123688,0.0,0.0,-0.5220469
642126286,642126188,0.0,0.0,-0.5220469
642130080,642129979,0.0,0.0,-0.5214194
642133787,642133687,0.0,0.0,-0.5214194
642137527,642137437,0.0,0.0,-0.52144724
642141289,642141189,0.0,0.0,-0.52144724
642143786,642143687,0.0,0.0,-0.52144724
642147537,642147437,0.0,0.0,-0.5209588
642151311,642151211,0.0,0.0,-0.5209588
642155085,642154979,0.0,0.0,-0.5209588
642158786,642158687,0.0,0.0,-0.5215151
642161291,642161187,0.0,0.0,-0.5215151
642165080,642164980,0.0,0.0,-0.5215151
642168778,642168687,0.0,0.0,-0.52131724
642172539,642172437,0.0,0.0,-0.52131724
642176285,642176187,0.0,0.0,-0.52131724
642178786,642178687,0.0,0.0,-0.5212705
642182536,642182437,0.0,0.0,-0.5212705
642186280,642186188,0.0,0.0,-0.5212705
642190079,642189980,0.0,0.0,-0.52153414
642193829,642193728,0.0,0.0,-0.52153414
642196310,642196211,0.0,0.0,-0.52153414
642200078,642199979,0.0,0.0,-0.5214249
642203786,642203687,0.0,0.0,-0.5214249
642207537,642207437,0.0,0.0,-0.52203614
642211310,642211211,0.0,0.0,-0.52203614
642213786,642213687,0.0,0.0,-0.52203614
642217537,642217437,0.0,0.0,-0.5208588
642221280,642221187,0.0,0.0,-0.5208588
642225081,642224981,0.0,0.0,-0.5208588
642228786,642228687,0.0,0.0,-0.52312654
642231290,642231188,0.0,0.0,-0.52312654
642235079,642234980,0.0,0.0,-0.52312654
642238786,642238687,0.0,0.0,-0.5235136
642242535,642242437,0.0,0.0,-0.5235136
642246286,642246188,0.0,0.0,-0.5235136
642248785,642248687,0.0,0.0,-0.52298003
642252531,642252438,0.0,0.0,-0.52298003
642256304,642256211,0.0,0.0,-0.52298003
642260077,642259979,0.0,0.0,-0.51511884
642263787,642263687,0.0,0.0,-0.51511884
642266283,642266187,0.0,0.0,-0.51511884
642270087,642269980,0.0,0.0,-0.5146523
642273787,642273687,0.0,0.0,-0.5146523
642277537,642277437,0.0,0.0,-0.50509256
642281292,642281191,0.0,0.0,-0.50509256
642283787,642283687,0.0,0.0,-0.50509256
642287530,642287437,0.0,0.0,-0.50536907
642291291,642291188,0.0,0.0,-0.50536907
642295079,642294980,0.0,0.0,-0.50536907
642298786,642298687,0.0,0.0,-0.4959578
642301310,642301211,0.0,0.0,-0.4959578
642305084,642304978,0.0,0.0,-0.4959578
642308785,642308687,0.0,0.0,-0.49716744
642312538,642312438,0.0,0.0,-0.49716744
642316310,642316211,0.0,0.0,-0.49716744
642318779,642318688,0.0,0.0,-0.5037993
642322536,642322437,0.0,0.0,-0.5037993
642326285,642326187,0.0,0.0,-0.5037993
642330079,642329980,0.0,0.0,-0.5050277
642333788,642333688,0.0,0.0,-0.5050277
642336279,642336188,0.0,0.0,-0.5050277
642340081,642339979,0.0,0.0,-0.513251
642343788,642343688,0.0,0.0,-0.513251
642347535,642347437,0.0,0.0,-0.5140229
642351292,642351191,0.0,0.0,-0.5140229
642353786,642353687,0.0,0.0,-0.5140229
642357535,642357437,0.0,0.0,-0.5225384
642361315,642361212,0.0,0.0,-0.5225384
642365076,642364978,0.0,0.0,-0.5225384
642368778,642368687,0.0,0.0,-0.52310306
642371279,642371187,0.0,0.0,-0.52310306
642375081,642374983,0.0,0.0,-0.52310306
642378785,642378687,0.0,0.0,-0.5332538
642382538,642382438,0.0,0.0,-0.5332538
642386277,642386187,0.0,0.0,-0.5332538
642388785,642388687,0.0,0.0,-0.532994
642392535,642392437,0.0,0.0,-0.532994
642396283,642396186,0.0,0.0,-0.532994
642400080,642399980,0.0,0.0,-0.5422195
642403788,642403688,0.0,0.0,-0.5422195
642406308,642406211,0.0,0.0,-0.5422195
642410079,642409980,0.0,0.0,-0.5422125
642413786,642413687,0.0,0.0,-0.5422125
642417550,642417452,0.0,0.0,-0.55165696
642421304,642421211,0.0,0.0,-0.55165696
642423786,642423687,0.0,0.0,-0.55165696
642427538,642427438,0.0,0.0,-0.5515235
642431286,642431188,0.0,0.0,-0.5515235
642435077,642434979,0.0,0.0,-0.5515235
642438785,642438687,0.0,0.0,-0.56164503
642441286,642441188,0.0,0.0,-0.56164503
642445082,642444980,0.0,0.0,-0.56164503
642448786,642448687,0.0,0.0,-0.5591461
642452529,642452437,0.0,0.0,-0.5591461
642456278,642456187,0.0,0.0,-0.5591461
642458786,642458687,0.0,0.0,-0.56882876
642462537,642462437,0.0,0.0,-0.56882876
642466310,642466211,0.0,0.0,-0.56882876
642470087,642469980,0.0,0.0,-0.56662065
642473788,642473687,0.0,0.0,-0.56662065
642476304,642476205,0.0,0.0,-0.56662065
642480075,642479978,0.0,0.0,-0.5629028
642483786,642483687,0.0,0.0,-0.5629028
642487536,642487437,0.0,0.0,-0.5620847
642491287,642491188,0.0,0.0,-0.5620847
642493787,642493688,0.0,0.0,-0.5620847
642497536,642497437,0.0,0.0,-0.55604136
642501279,642501188,0.0,0.0,-0.55604136
642505087,642504979,0.0,0.0,-0.55604136
642508786,642508687,0.0,0.0,-0.55403703
642511314,642511212,0.0,0.0,-0.55403703
642515079,642514980,0.0,0.0,-0.55403703
642518785,642518687,0.0,0.0,-0.5522946
642522536,642522437,0.0,0.0,-0.5522946
642526311,642526211,0.0,0.0,-0.5522946
642528785,642528687,0.0,0.0,-0.55168223
642532537,642532437,0.0,0.0,-0.55168223
642536279,642536188,0.0,0.0,-0.55168223
642540076,642539978,0.0,0.0,-0.54422283
642543787,642543687,0.0,0.0,-0.54422283
642546285,642546187,0.0,0.0,-0.54422283
642550079,642549980,0.0,0.0,-0.54332954
642553789,642553688,0.0,0.0,-0.54332954
642557536,642557437,0.0,0.0,-0.54100925
642561287,642561188,0.0,0.0,-0.54100925
642563786,642563687,0.0,0.0,-0.54100925
642567527,642567437,0.0,0.0,-0.5387337
642571308,642571214,0.0,0.0,-0.5387337
642575082,642574982,0.0,0.0,-0.5387337
642578786,642578687,0.0,0.0,-0.54175085
642581287,642581188,0.0,0.0,-0.54175085
642585075,642584978,0.0,0.0,-0.54175085
642588784,642588687,0.0,0.0,-0.5392449
642592537,642592437,0.0,0.0,-0.5392449
642596287,642596188,0.0,0.0,-0.5392449
642598786,642598687,0.0,0.0,-0.5415361
642602538,642602437,0.0,0.0,-0.5415361
642606288,642606187,0.0,0.0,-0.5415361
642610080,642609980,0.0,0.0,-0.53816664
642613787,642613687,0.0,0.0,-0.53816664
642616310,642616211,0.0,0.0,-0.53816664
642620087,642619980,0.0,0.0,-0.5406117
642623787,642623687,0.0,0.0,-0.5406117
642627534,642627437,0.0,0.0,-0.5388502
642631311,642631211,0.0,0.0,-0.5388502
642633779,642633687,0.0,0.0,-0.5388502
642637538,642637437,0.0,0.0,-0.53385764
642641287,642641188,0.0,0.0,-0.53385764
642645074,642644978,0.0,0.0,-0.53385764
642648787,642648687,0.0,0.0,-0.5326522
642651279,642651188,0.0,0.0,-0.5326522
642655079,642654979,0.0,0.0,-0.5326522
642658785,642658687,0.0,0.0,-0.53226495
642662536,642662437,0.0,0.0,-0.53226495
642666285,642666187,0.0,0.0,-0.53226495
642668785,642668687,0.0,0.0,-0.5309406
642672537,642672438,0.0,0.0,-0.5309406
642676311,642676212,0.0,0.0,-0.5309406
642680079,642679980,0.0,0.0,-0.5223819
642683780,642683687,0.0,0.0,-0.5223819
642686280,642686188,0.0,0.0,-0.5223819
642690075,642689978,0.0,0.0,-0.52237123
642693786,642693687,0.0,0.0,-0.52237123
642697540,642697438,0.0,0.0,-0.5140612
642701280,642701188,0.0,0.0,-0.5140612
642703787,642703688,0.0,0.0,-0.5140612
642707537,642707437,0.0,0.0,-0.51349336
642711286,642711188,0.0,0.0,-0.51349336
642715081,642714980,0.0,0.0,-0.51349336
642718786,642718687,0.0,0.0,-0.51050913
642721304,642721212,0.0,0.0,-0.51050913
642725080,642724979,0.0,0.0,-0.51050913
642728785,642728687,0.0,0.0,-0.5115225
642732535,642732437,0.0,0.0,-0.5115225
642736304,642736211,0.0,0.0,-0.5115225
642738789,642738687,0.0,0.0,-0.5104742
642742538,642742437,0.0,0.0,-0.5104742
642746286,642746187,0.0,0.0,-0.5104742
642750075,642749978,0.0,0.0,-0.51049656
642753787,642753687,0.0,0.0,-0.51049656
642756285,642756187,0.0,0.0,-0.51049656
642760084,642759980,0.0,0.0,-0.51055324
642763791,642763688,0.0,0.0,-0.51055324
642767533,642767437,0.0,0.0,-0.51078784
642771279,642771187,0.0,0.0,-0.51078784
642773788,642773687,0.0,0.0,-0.51078784
642777534,642777437,0.0,0.0,-0.51065177
642781311,642781211,0.0,0.0,-0.51065177
642785086,642784980,0.0,0.0,-0.51065177
642788785,642788687,0.0,0.0,-0.51158583
642791288,642791188,0.0,0.0,-0.51158583
642795075,642794978,0.0,0.0,-0.51158583
642798784,642798687,0.0,0.0,-0.51045215
642802538,642802438,0.0,0.0,-0.51045215
642806290,642806187,0.0,0.0,-0.51045215
642808786,642808687,0.0,0.0,-0.5112089
642812536,642812437,0.0,0.0,-0.5112089
642816283,642816186,0.0,0.0,-0.5112089
642820087,642819980,0.0,0.0,-0.5030834
642823788,642823687,0.0,0.0,-0.5030834
642826310,642826211,0.0,0.0,-0.5030834
642830080,642829980,0.0,0.0,-0.5032387
642833783,642833687,0.0,0.0,-0.5032387
642837535,642837437,0.0,0.0,-0.49510393
642841312,642841211,0.0,0.0,-0.49510393
642843788,642843688,0.0,0.0,-0.49510393
642847537,642847437,0.0,0.0,-0.4960357
642851281,642851188,0.0,0.0,-0.4960357
642855077,642854979,0.0,0.0,-0.4960357
642858785,642858687,0.0,0.0,-0.48811793
642861286,642861188,0.0,0.0,-0.48811793
642865080,642864980,0.0,0.0,-0.48811793
642868787,642868688,0.0,0.0,-0.48963827
642872536,642872437,0.0,0.0,-0.48963827
642876284,642876186,0.0,0.0,-0.48963827
642878786,642878687,0.0,0.0,-0.47971618
642882537,642882437,0.0,0.0,-0.47971618
642886303,642886211,0.0,0.0,-0.47971618
642890080,642889979,0.0,0.0,-0.48070604
642893788,642893687,0.0,0.0,-0.48070604
642896287,642896188,0.0,0.0,-0.48070604
642900078,642899979,0.0,0.0,-0.4707077
642903786,642903687,0.0,0.0,-0.4707077
642907540,642907437,0.0,0.0,-0.4717118
642911287,642911188,0.0,0.0,-0.4717118
642913786,642913687,0.0,0.0,-0.4717118
642917528,642917437,0.0,0.0,-0.4622105
642921280,642921188,0.0,0.0,-0.4622105
642925080,642924980,0.0,0.0,-0.4622105
642928786,642928687,0.0,0.0,-0.46380264
642931312,642931212,0.0,0.0,-0.46380264
642935087,642934980,0.0,0.0,-0.46380264
642938793,642938687,0.0,0.0,-0.45414564
642942536,642942437,0.0,0.0,-0.45414564
642946311,642946211,0.0,0.0,-0.45414564
642948784,642948687,0.0,0.0,-0.4568794
642952537,642952437,0.0,0.0,-0.4568794
642956287,642956188,0.0,0.0,-0.4568794
642960075,642959978,0.0,0.0,-0.4518951
642963786,642963687,0.0,0.0,-0.4518951
642966277,642966187,0.0,0.0,-0.4518951
642970085,642969979,0.0,0.0,-0.45500174
642973787,642973687,0.0,0.0,-0.45500174
642977535,642977437,0.0,0.0,-0.44853207
642981287,642981187,0.0,0.0,-0.44853207
642983779,642983687,0.0,0.0,-0.44853207
642987536,642987437,0.0,0.0,-0.45138645
642991312,642991212,0.0,0.0,-0.45138645
642995079,642994980,0.0,0.0,-0.45138645
642998787,642998687,0.0,0.0,-0.4528081
643001280,643001188,0.0,0.0,-0.4528081
643005078,643004979,0.0,0.0,-0.4528081
643008788,643008687,0.0,0.0,-0.4553793
643012538,643012437,0.0,0.0,-0.4553793
643016280,643016188,0.0,0.0,-0.4553793
643018786,643018687,0.0,0.0,-0.46309206
643022537,643022438,0.0,0.0,-0.46309206
643026284,643026187,0.0,0.0,-0.46309206
643030081,643029980,0.0,0.0,-0.4658542
643033788,643033688,0.0,0.0,-0.4658542
643036302,643036211,0.0,0.0,-0.4658542
643040080,643039980,0.0,0.0,-0.47384274
643043787,643043687,0.0,0.0,-0.47384274
643047534,643047436,0.0,0.0,-0.47663856
643051312,643051211,0.0,0.0,-0.47663856
643053786,643053687,0.0,0.0,-0.47663856
643057537,643057437,0.0,0.0,-0.48558053
643061287,643061188,0.0,0.0,-0.48558053
643065076,643064978,0.0,0.0,-0.48558053
643068787,643068687,0.0,0.0,-0.48766598
643071280,643071188,0.0,0.0,-0.48766598
643075079,643074980,0.0,0.0,-0.48766598
643078785,643078687,0.0,0.0,-0.49623722
643082530,643082438,0.0,0.0,-0.49623722
643086277,643086187,0.0,0.0,-0.49623722
643088786,643088687,0.0,0.0,-0.49889654
643092537,643092437,0.0,0.0,-0.49889654
643096312,643096211,0.0,0.0,-0.49889654
643100080,643099980,0.0,0.0,-0.5072334
643103787,643103687,0.0,0.0,-0.5072334
643106291,643106188,0.0,0.0,-0.5072334
643110078,643109979,0.0,0.0,-0.509874
643113786,643113687,0.0,0.0,-0.509874
643117537,643117437,0.0,0.0,-0.5181391
643121287,643121188,0.0,0.0,-0.5181391
643123787,643123688,0.0,0.0,-0.5181391
643127536,643127437,0.0,0.0,-0.51955944
643131286,643131188,0.0,0.0,-0.51955944
643135087,643134980,0.0,0.0,-0.51955944
643138787,643138687,0.0,0.0,-0.52842927
643141311,643141212,0.0,0.0,-0.52842927
643145079,643144979,0.0,0.0,-0.52842927
643148779,643148687,0.0,0.0,-0.52973616
643152536,643152437,0.0,0.0,-0.52973616
643156309,643156210,0.0,0.0,-0.52973616
643158785,643158687,0.0,0.0,-0.53113794
643162536,643162437,0.0,0.0,-0.53113794
643166280,643166188,0.0,0.0,-0.53113794
643170077,643169979,0.0,0.0,-0.530908
643173787,643173687,0.0,0.0,-0.530908
643176287,643176188,0.0,0.0,-0.530908
643180074,643179977,0.0,0.0,-0.5315182
643183787,643183687,0.0,0.0,-0.5315182
643187538,643187438,0.0,0.0,-0.53182524
643191288,643191187,0.0,0.0,-0.53182524
643193791,643193692,0.0,0.0,-0.53182524
643197535,643197437,0.0,0.0,-0.5306803
643201303,643201211,0.0,0.0,-0.5306803
643205080,643204980,0.0,0.0,-0.5306803
643208787,643208687,0.0,0.0,-0.53094524
643211291,643211190,0.0,0.0,-0.53094524
643215077,643214979,0.0,0.0,-0.53094524
643218784,643218687,0.0,0.0,-0.5308223
643222536,643222437,0.0,0.0,-0.5308223
643226287,643226188,0.0,0.0,-0.5308223
643228785,643228687,0.0,0.0,-0.5307259
643232531,643232438,0.0,0.0,-0.5307259
643236279,643236187,0.0,0.0,-0.5307259
643240075,643239978,0.0,0.0,-0.52963924
643243787,643243687,0.0,0.0,-0.52963924
643246307,643246210,0.0,0.0,-0.52963924
643250089,643249980,0.0,0.0,-0.5292278
643253792,643253688,0.0,0.0,-0.5292278
643257535,643257437,0.0,0.0,-0.52806455
643261310,643261211,0.0,0.0,-0.52806455
643263787,643263688,0.0,0.0,-0.52806455
643267535,643267437,0.0,0.0,-0.5281181
643271290,643271190,0.0,0.0,-0.5281181
643275082,643274981,0.0,0.0,-0.5281181
643278786,643278687,0.0,0.0,-0.5271285
643281287,643281188,0.0,0.0,-0.5271285
643285083,643284978,0.0,0.0,-0.5271285
643288785,643288687,0.0,0.0,-0.5266214
643292538,643292438,0.0,0.0,-0.5266214
643296286,643296188,0.0,0.0,-0.5266214
643298778,643298687,0.0,0.0,-0.5265384
643302538,643302438,0.0,0.0,-0.5265384
643306310,643306210,0.0,0.0,-0.5265384
643310082,643309980,0.0,0.0,-0.5268621
643313787,643313687,0.0,0.0,-0.5268621
643316280,643316188,0.0,0.0,-0.5268621
643320079,643319980,0.0,0.0,-0.5254866
643323787,643323687,0.0,0.0,-0.5254866
643327538,643327437,0.0,0.0,-0.5254679
643331287,643331188,0.0,0.0,-0.5254679
643333786,643333687,0.0,0.0,-0.5254679
643337538,643337438,0.0,0.0,-0.52495104
643341288,643341188,0.0,0.0,-0.52495104
643345075,643344978,0.0,0.0,-0.52495104
643348777,643348687,0.0,0.0,-0.5250817
643351302,643351211,0.0,0.0,-0.5250817
643355080,643354980,0.0,0.0,-0.5250817
643358785,643358687,0.0,0.0,-0.5253816
643362536,643362437,0.0,0.0,-0.5253816
643366309,643366210,0.0,0.0,-0.5253816
643368785,643368687,0.0,0.0,-0.52617055
643372536,643372437,0.0,0.0,-0.52617055
643376287,643376188,0.0,0.0,-0.52617055
643380080,643379980,0.0,0.0,-0.52493894
643383787,643383687,0.0,0.0,-0.52493894
643386279,643386188,0.0,0.0,-0.52493894
643390075,643389978,0.0,0.0,-0.52497953
643393787,643393687,0.0,0.0,-0.52497953
643397537,643397438,0.0,0.0,-0.5253911
643401281,643401188,0.0,0.0,-0.5253911
643403786,643403687,0.0,0.0,-0.5253911
643407537,643407437,0.0,0.0,-0.52431506
643411310,643411211,0.0,0.0,-0.52431506
643415080,643414980,0.0,0.0,-0.52431506
643418787,643418687,0.0,0.0,-0.52310216
643421289,643421188,0.0,0.0,-0.52310216
643425080,643424980,0.0,0.0,-0.52310216
643428785,643428687,0.0,0.0,-0.5236988
643432536,643432437,0.0,0.0,-0.5236988
643436279,643436188,0.0,0.0,-0.5236988
643438786,643438687,0.0,0.0,-0.5226468
643442538,643442438,0.0,0.0,-0.5226468
643446287,643446188,0.0,0.0,-0.5226468
643450083,643449978,0.0,0.0,-0.52279305
643453786,643453687,0.0,0.0,-0.52279305
643456308,643456210,0.0,0.0,-0.52279305
643460082,643459979,0.0,0.0,-0.52321583
643463786,643463688,0.0,0.0,-0.52321583
643467536,643467437,0.0,0.0,-0.5227317
643471310,643471211,0.0,0.0,-0.5227317
643473787,643473687,0.0,0.0,-0.5227317
643477535,643477437,0.0,0.0,-0.52273405
643481280,643481188,0.0,0.0,-0.52273405
643485086,643484980,0.0,0.0,-0.52273405
643488786,643488687,0.0,0.0,-0.52261066
643491286,643491188,0.0,0.0,-0.52261066
643495078,643494979,0.0,0.0,-0.52261066
643498777,643498687,0.0,0.0,-0.52110624
643502538,643502438,0.0,0.0,-0.52110624
643506291,643506188,0.0,0.0,-0.52110624
643508786,643508687,0.0,0.0,-0.5211989
643512537,643512437,0.0,0.0,-0.5211989
643516308,643516210,0.0,0.0,-0.5211989
643520080,643519980,0.0,0.0,-0.52128154
643523787,643523687,0.0,0.0,-0.52128154
643526286,643526187,0.0,0.0,-0.52128154
643530080,643529980,0.0,0.0,-0.5201981
643533787,643533687,0.0,0.0,-0.5201981
643537535,643537437,0.0,0.0,-0.5205627
643541289,643541188,0.0,0.0,-0.5205627
643543789,643543687,0.0,0.0,-0.5205627
643547530,643547437,0.0,0.0,-0.5206541
643551280,643551188,0.0,0.0,-0.5206541
643555076,643554978,0.0,0.0,-0.5206541
643558785,643558687,0.0,0.0,-0.52039975
643561311,643561211,0.0,0.0,-0.52039975
643565082,643564982,0.0,0.0,-0.52039975
643568785,643568687,0.0,0.0,-0.52053744
643572537,643572437,0.0,0.0,-0.52053744
643576308,643576210,0.0,0.0,-0.52053744
643578786,643578687,0.0,0.0,-0.5203434
643582536,643582437,0.0,0.0,-0.5203434
643586287,643586188,0.0,0.0,-0.5203434
643590079,643589980,0.0,0.0,-0.5198201
643593788,643593687,0.0,0.0,-0.5198201
643596286,643596188,0.0,0.0,-0.5198201
643600085,643599979,0.0,0.0,-0.520125
643603786,643603687,0.0,0.0,-0.520125
643607537,643607437,0.0,0.0,-0.5198908
643611288,643611188,0.0,0.0,-0.5198908
643613786,643613687,0.0,0.0,-0.5198908
643617536,643617437,0.0,0.0,-0.5203367
643621310,643621211,0.0,0.0,-0.5203367
643625079,643624980,0.0,0.0,-0.5203367
643628786,643628687,0.0,0.0,-0.51990724
643631282,643631188,0.0,0.0,-0.51990724
643635079,643634980,0.0,0.0,-0.51990724
643638786,643638687,0.0,0.0,-0.5197755
643642535,643642437,0.0,0.0,-0.5197755
643646287,643646187,0.0,0.0,-0.5197755
643648785,643648687,0.0,0.0,-0.5202921
643652538,643652438,0.0,0.0,-0.5202921
643656287,643656188,0.0,0.0,-0.5202921
643660080,643659979,0.0,0.0,-0.5201313
643663779,643663687,0.0,0.0,-0.5201313
643666301,643666210,0.0,0.0,-0.5201313
643670079,643669980,0.0,0.0,-0.5200674
643673787,643673687,0.0,0.0,-0.5200674
643677536,643677437,0.0,0.0,-0.52007365
643681310,643681211,0.0,0.0,-0.52007365
643683787,643683687,0.0,0.0,-0.52007365
643687536,643687437,0.0,0.0,-0.51971066
643691290,643691188,0.0,0.0,-0.51971066
643695080,643694980,0.0,0.0,-0.51971066
643698786,643698687,0.0,0.0,-0.5189847
643701281,643701188,0.0,0.0,-0.5189847
643705080,643704978,0.0,0.0,-0.5189847
643708784,643708687,0.0,0.0,-0.5191132
643712538,643712438,0.0,0.0,-0.5191132
643716278,643716187,0.0,0.0,-0.5191132
643718786,643718687,0.0,0.0,-0.51898956
643722536,643722437,0.0,0.0,-0.51898956
643726309,643726210,0.0,0.0,-0.51898956
643730082,643729982,0.0,0.0,-0.5187713
643733788,643733687,0.0,0.0,-0.5187713
643736287,643736188,0.0,0.0,-0.5187713
643740079,643739980,0.0,0.0,-0.5197145
643743788,643743687,0.0,0.0,-0.5197145
643747528,643747437,0.0,0.0,-0.5190564
643751280,643751188,0.0,0.0,-0.5190564
643753786,643753687,0.0,0.0,-0.5190564
643757537,643757438,0.0,0.0,-0.519677
643761288,643761188,0.0,0.0,-0.519677
643765084,643764979,0.0,0.0,-0.519677
643768785,643768687,0.0,0.0,-0.5190891
643771309,643771210,0.0,0.0,-0.5190891
643775083,643774980,0.0,0.0,-0.5190891
643778787,643778687,0.0,0.0,-0.5196822
643782544,643782437,0.0,0.0,-0.5196822
643786308,643786210,0.0,0.0,-0.5196822
643788785,643788687,0.0,0.0,-0.52069676
643792536,643792437,0.0,0.0,-0.52069676
643796287,643796188,0.0,0.0,-0.52069676
643800089,643799980,0.0,0.0,-0.51957625
643803787,643803688,0.0,0.0,-0.51957625
643806290,643806188,0.0,0.0,-0.51957625
643810077,643809979,0.0,0.0,-0.5199639
643813779,643813687,0.0,0.0,-0.5199639
643817537,643817437,0.0,0.0,-0.5196835
643821291,643821188,0.0,0.0,-0.5196835
643823787,643823687,0.0,0.0,-0.5196835
643827536,643827437,0.0,0.0,-0.5192279
643831310,643831211,0.0,0.0,-0.5192279
643835080,643834979,0.0,0.0,-0.5192279
643838786,643838687,0.0,0.0,-0.5190414
643841289,643841188,0.0,0.0,-0.5190414
643845080,643844980,0.0,0.0,-0.5190414
643848785,643848687,0.0,0.0,-0.5187451
643852536,643852437,0.0,0.0,-0.5187451
643856287,643856188,0.0,0.0,-0.5187451
643858785,643858687,0.0,0.0,-0.5185346
643862541,643862440,0.0,0.0,-0.5185346
643866280,643866188,0.0,0.0,-0.5185346
643870076,643869979,0.0,0.0,-0.51855093
643873788,643873687,0.0,0.0,-0.51855093
643876307,643876210,0.0,0.0,-0.51855093
643880081,643879980,0.0,0.0,-0.5184193
643883787,643883688,0.0,0.0,-0.5184193
643887536,643887437,0.0,0.0,-0.51871383
643891312,643891211,0.0,0.0,-0.51871383
643893787,643893687,0.0,0.0,-0.51871383
643897528,643897437,0.0,0.0,-0.51823175
643901285,643901188,0.0,0.0,-0.51823175
643905079,643904980,0.0,0.0,-0.51823175
643908789,643908687,0.0,0.0,-0.51835877
643911287,643911188,0.0,0.0,-0.51835877
643915082,643914978,0.0,0.0,-0.51835877
643918785,643918687,0.0,0.0,-0.51818633
643922537,643922438,0.0,0.0,-0.51818633
643926286,643926188,0.0,0.0,-0.51818633
643928786,643928687,0.0,0.0,-0.51880926
643932536,643932437,0.0,0.0,-0.51880926
643936308,643936210,0.0,0.0,-0.51880926
643940081,643939979,0.0,0.0,-0.5184258
643943787,643943687,0.0,0.0,-0.5184258
643946280,643946188,0.0,0.0,-0.5184258
643950086,643949980,0.0,0.0,-0.5177627
643953787,643953687,0.0,0.0,-0.5177627
643957536,643957437,0.0,0.0,-0.5182031
643961288,643961188,0.0,0.0,-0.5182031
643963780,643963687,0.0,0.0,-0.5182031
643967536,643967438,0.0,0.0,-0.51902163
643971286,643971188,0.0,0.0,-0.51902163
643975075,643974978,0.0,0.0,-0.51902163
643978786,643978687,0.0,0.0,-0.5185839
643981309,643981211,0.0,0.0,-0.5185839
643985081,643984980,0.0,0.0,-0.5185839
643988786,643988687,0.0,0.0,-0.5181825
643992536,643992437,0.0,0.0,-0.5181825
643996309,643996210,0.0,0.0,-0.5181825
643998785,643998687,0.0,0.0,-0.51772285
644002536,644002437,0.0,0.0,-0.51772285
644006291,644006188,0.0,0.0,-0.51772285
644010079,644009980,0.0,0.0,-0.51868457
644013779,644013687,0.0,0.0,-0.51868457
644016278,644016187,0.0,0.0,-0.51868457
644020076,644019978,0.0,0.0,-0.51839167
644023787,644023687,0.0,0.0,-0.51839167
644027537,644027438,0.0,0.0,-0.51770973
644031280,644031188,0.0,0.0,-0.51770973
644033787,644033687,0.0,0.0,-0.51770973
644037536,644037437,0.0,0.0,-0.5180112
644041310,644041211,0.0,0.0,-0.5180112
644045080,644044980,0.0,0.0,-0.5180112
644048786,644048687,0.0,0.0,-0.51785487
644051292,644051190,0.0,0.0,-0.51785487
644055080,644054980,0.0,0.0,-0.51785487
644058786,644058687,0.0,0.0,-0.51876676
644062529,644062437,0.0,0.0,-0.51876676
644066279,644066188,0.0,0.0,-0.51876676
644068785,644068687,0.0,0.0,-0.5175251
644072537,644072437,0.0,0.0,-0.5175251
644076286,644076187,0.0,0.0,-0.5175251
644080075,644079978,0.0,0.0,-0.51892114
644083787,644083687,0.0,0.0,-0.51892114
644086308,644086210,0.0,0.0,-0.51892114
644090079,644089980,0.0,0.0,-0.51847714
644093788,644093688,0.0,0.0,-0.51847714
644097536,644097437,0.0,0.0,-0.5188977
644101303,644101211,0.0,0.0,-0.5188977
644103787,644103687,0.0,0.0,-0.5188977
644107538,644107437,0.0,0.0,-0.5191507
644111289,644111188,0.0,0.0,-0.5191507
644115087,644114980,0.0,0.0,-0.5191507
644118785,644118687,0.0,0.0,-0.5194488
644121287,644121188,0.0,0.0,-0.5194488
644125076,644124978,0.0,0.0,-0.5194488
644128784,644128687,0.0,0.0,-0.51971394
644132531,644132438,0.0,0.0,-0.51971394
644136287,644136188,0.0,0.0,-0.51971394
644138786,644138687,0.0,0.0,-0.5189134
644142536,644142437,0.0,0.0,-0.5189134
644146307,644146210,0.0,0.0,-0.5189134
644150081,644149979,0.0,0.0,-0.5205618
644153788,644153688,0.0,0.0,-0.5205618
644156287,644156188,0.0,0.0,-0.5205618
644160079,644159980,0.0,0.0,-0.5197471
644163787,644163687,0.0,0.0,-0.5197471
644167536,644167437,0.0,0.0,-0.5194226
644171290,644171188,0.0,0.0,-0.5194226
644173787,644173687,0.0,0.0,-0.5194226
644177538,644177438,0.0,0.0,-0.51973075
644181280,644181188,0.0,0.0,-0.51973075
644185075,644184978,0.0,0.0,-0.51973075
644188786,644188687,0.0,0.0,-0.5197024
644191309,644191210,0.0,0.0,-0.5197024
644195082,644194980,0.0,0.0,-0.5197024
644198785,644198687,0.0,0.0,-0.5196233
644202536,644202437,0.0,0.0,-0.5196233
644206312,644206210,0.0,0.0,-0.5196233
644208789,644208687,0.0,0.0,-0.5197532
644212530,644212438,0.0,0.0,-0.5197532
644216280,644216188,0.0,0.0,-0.5197532
644220079,644219980,0.0,0.0,-0.52013355
644223787,644223687,0.0,0.0,-0.52013355
644226285,644226187,0.0,0.0,-0.52013355
644230082,644229978,0.0,0.0,-0.52019995
644233787,644233687,0.0,0.0,-0.52019995
644237537,644237437,0.0,0.0,-0.5202335
644241288,644241188,0.0,0.0,-0.5202335
644243787,644243687,0.0,0.0,-0.5202335
644247536,644247437,0.0,0.0,-0.5205574
644251311,644251211,0.0,0.0,-0.5205574
644255081,644254979,0.0,0.0,-0.5205574
644258786,644258687,0.0,0.0,-0.5209018
644261288,644261188,0.0,0.0,-0.5209018
644265087,644264979,0.0,0.0,-0.5209018
644268785,644268687,0.0,0.0,-0.52063745
644272536,644272437,0.0,0.0,-0.52063745
644276288,644276188,0.0,0.0,-0.52063745
644278779,644278687,0.0,0.0,-0.52165484
644282537,644282438,0.0,0.0,-0.52165484
644286287,644286188,0.0,0.0,-0.52165484
644290074,644289978,0.0,0.0,-0.5219347
644293787,644293687,0.0,0.0,-0.5219347
644296308,644296210,0.0,0.0,-0.5219347
644300081,644299980,0.0,0.0,-0.5227567
644303787,644303688,0.0,0.0,-0.5227567
644307538,644307437,0.0,0.0,-0.5222981
644311310,644311211,0.0,0.0,-0.5222981
644313786,644313687,0.0,0.0,-0.5222981
644317535,644317437,0.0,0.0,-0.52259636
644321289,644321189,0.0,0.0,-0.52259636
644325080,644324980,0.0,0.0,-0.52259636
644328779,644328687,0.0,0.0,-0.5228033
644331280,644331188,0.0,0.0,-0.5228033
644335075,644334978,0.0,0.0,-0.5228033
644338785,644338687,0.0,0.0,-0.52268463
644342537,644342437,0.0,0.0,-0.52268463
644346279,644346187,0.0,0.0,-0.52268463
644348785,644348687,0.0,0.0,-0.5240357
644352536,644352437,0.0,0.0,-0.5240357
644356308,644356210,0.0,0.0,-0.5240357
644360081,644359980,0.0,0.0,-0.5233043
644363787,644363688,0.0,0.0,-0.5233043
644366281,644366188,0.0,0.0,-0.5233043
644370079,644369980,0.0,0.0,-0.5238879
644373787,644373687,0.0,0.0,-0.5238879
644377536,644377437,0.0,0.0,-0.52434576
644381280,644381188,0.0,0.0,-0.52434576
644383787,644383687,0.0,0.0,-0.52434576
644387536,644387437,0.0,0.0,-0.5240228
644391288,644391188,0.0,0.0,-0.5240228
644395076,644394978,0.0,0.0,-0.5240228
644398785,644398687,0.0,0.0,-0.5238578
644401311,644401211,0.0,0.0,-0.5238578
644405079,644404980,0.0,0.0,-0.5238578
644408786,644408687,0.0,0.0,-0.5247243
644412528,644412437,0.0,0.0,-0.5247243
644416300,644416210,0.0,0.0,-0.5247243
644418786,644418687,0.0,0.0,-0.5230494
644422536,644422437,0.0,0.0,-0.5230494
644426286,644426188,0.0,0.0,-0.5230494
644430088,644429979,0.0,0.0,-0.5231025
644433787,644433687,0.0,0.0,-0.5231025
644436286,644436188,0.0,0.0,-0.5231025
644440075,644439978,0.0,0.0,-0.52216536
644443787,644443687,0.0,0.0,-0.52216536
644447529,644447437,0.0,0.0,-0.5218893
644451288,644451188,0.0,0.0,-0.5218893
644453788,644453687,0.0,0.0,-0.5218893
644457536,644457437,0.0,0.0,-0.52221626
644461310,644461211,0.0,0.0,-0.52221626
644465088,644464980,0.0,0.0,-0.52221626
644468787,644468687,0.0,0.0,-0.5211826
644471287,644471188,0.0,0.0,-0.5211826
644475079,644474980,0.0,0.0,-0.5211826
644478777,644478687,0.0,0.0,-0.5217146
644482536,644482437,0.0,0.0,-0.5217146
644486287,644486187,0.0,0.0,-0.5217146
644488785,644488687,0.0,0.0,-0.5196891
644492537,644492438,0.0,0.0,-0.5196891
644496281,644496188,0.0,0.0,-0.5196891
644500075,644499978,0.0,0.0,-0.5197594
644503787,644503687,0.0,0.0,-0.5197594
644506311,644506210,0.0,0.0,-0.5197594
644510081,644509980,0.0,0.0,-0.52008396
644513787,644513687,0.0,0.0,-0.52008396
644517536,644517437,0.0,0.0,-0.52010864
644521310,644521211,0.0,0.0,-0.52010864
644523787,644523687,0.0,0.0,-0.52010864
644527528,644527437,0.0,0.0,-0.5190571
644531280,644531188,0.0,0.0,-0.5190571
644535080,644534979,0.0,0.0,-0.5190571
644538786,644538687,0.0,0.0,-0.5201917
644541287,644541188,0.0,0.0,-0.5201917
644545077,644544979,0.0,0.0,-0.5201917
644548785,644548687,0.0,0.0,-0.51908875
644552537,644552438,0.0,0.0,-0.51908875
644556288,644556188,0.0,0.0,-0.51908875
644558785,644558687,0.0,0.0,-0.5191893
644562538,644562438,0.0,0.0,-0.5191893
644566300,644566210,0.0,0.0,-0.5191893
644570081,644569981,0.0,0.0,-0.51981616
644573788,644573687,0.0,0.0,-0.51981616
644576287,644576188,0.0,0.0,-0.51981616
644580088,644579980,0.0,0.0,-0.5201831
644583787,644583687,0.0,0.0,-0.5201831
644587535,644587437,0.0,0.0,-0.52026135
644591288,644591188,0.0,0.0,-0.52026135
644593786,644593687,0.0,0.0,-0.52026135
644597530,644597438,0.0,0.0,-0.51990205
644601288,644601188,0.0,0.0,-0.51990205
644605077,644604978,0.0,0.0,-0.51990205
644608786,644608687,0.0,0.0,-0.51975596
644611310,644611211,0.0,0.0,-0.51975596
644615090,644614980,0.0,0.0,-0.51975596
644618786,644618687,0.0,0.0,-0.51976764
644622536,644622437,0.0,0.0,-0.51976764
644626309,644626210,0.0,0.0,-0.51976764
644628787,644628687,0.0,0.0,-0.52005017
644632536,644632437,0.0,0.0,-0.52005017
644636287,644636187,0.0,0.0,-0.52005017
644640080,644639980,0.0,0.0,-0.5207578
644643787,644643687,0.0,0.0,-0.5207578
644646279,644646188,0.0,0.0,-0.5207578
644650078,644649979,0.0,0.0,-0.5209193
644653786,644653687,0.0,0.0,-0.5209193
644657538,644657438,0.0,0.0,-0.52040005
644661280,644661188,0.0,0.0,-0.52040005
644663787,644663687,0.0,0.0,-0.52040005
644667536,644667437,0.0,0.0,-0.52108675
644671310,644671210,0.0,0.0,-0.52108675
644675082,644674979,0.0,0.0,-0.52108675
644678786,644678687,0.0,0.0,-0.5209813
644681280,644681188,0.0,0.0,-0.5209813
644685080,644684980,0.0,0.0,-0.5209813
644688786,644688687,0.0,0.0,-0.52119654
644692537,644692437,0.0,0.0,-0.52119654
644696283,644696188,0.0,0.0,-0.52119654
644698784,644698687,0.0,0.0,-0.5205659
644702538,644702438,0.0,0.0,-0.5205659
644706291,644706188,0.0,0.0,-0.5205659
644710077,644709979,0.0,0.0,-0.5199759
644713787,644713686,0.0,0.0,-0.5199759
644716310,644716211,0.0,0.0,-0.5199759
644720082,644719982,0.0,0.0,-0.51992726
644723786,644723687,0.0,0.0,-0.51992726
644727530,644727438,0.0,0.0,-0.51914394
644731303,644731211,0.0,0.0,-0.51914394
644733787,644733687,0.0,0.0,-0.51914394
644737535,644737437,0.0,0.0,-0.5196469
644741291,644741188,0.0,0.0,-0.5196469
644745087,644744980,0.0,0.0,-0.5196469
644748786,644748687,0.0,0.0,-0.5187912
644751286,644751188,0.0,0.0,-0.5187912
644755075,644754978,0.0,0.0,-0.5187912
644758785,644758687,0.0,0.0,-0.5194689
644762533,644762438,0.0,0.0,-0.5194689
644766286,644766188,0.0,0.0,-0.5194689
644768786,644768687,0.0,0.0,-0.5198161
644772536,644772437,0.0,0.0,-0.5198161
644776309,644776210,0.0,0.0,-0.5198161
644780095,644779982,0.0,0.0,-0.51928
644783790,644783687,0.0,0.0,-0.51928
644786286,644786187,0.0,0.0,-0.51928
644790080,644789980,0.0,0.0,-0.51919407
644793780,644793687,0.0,0.0,-0.51919407
644797536,644797437,0.0,0.0,-0.51916325
644801293,644801189,0.0,0.0,-0.51916325
644803787,644803687,0.0,0.0,-0.51916325
644807541,644807440,0.0,0.0,-0.51838374
644811280,644811188,0.0,0.0,-0.51838374
644815080,644814980,0.0,0.0,-0.51838374
644818785,644818687,0.0,0.0,-0.5193396
644821311,644821211,0.0,0.0,-0.5193396
644825080,644824980,0.0,0.0,-0.5193396
644828786,644828687,0.0,0.0,-0.5185442
644832536,644832437,0.0,0.0,-0.5185442
644836308,644836210,0.0,0.0,-0.5185442
644838786,644838687,0.0,0.0,-0.5191732
644842536,644842437,0.0,0.0,-0.5191732
644846280,644846188,0.0,0.0,-0.5191732
644850079,644849980,0.0,0.0,-0.5190405
644853789,644853688,0.0,0.0,-0.5190405
644856287,644856188,0.0,0.0,-0.5190405
644860075,644859978,0.0,0.0,-0.51934606
644863786,644863687,0.0,0.0,-0.51934606
644867537,644867437,0.0,0.0,-0.5190785
644871288,644871188,0.0,0.0,-0.5190785
644873788,644873687,0.0,0.0,-0.5190785
644877529,644877437,0.0,0.0,-0.51902246
644881303,644881211,0.0,0.0,-0.51902246
644885082,644884982,0.0,0.0,-0.51902246
644888787,644888687,0.0,0.0,-0.5196502
644891291,644891188,0.0,0.0,-0.5196502
644895087,644894980,0.0,0.0,-0.5196502
644898786,644898687,0.0,0.0,-0.5190858
644902536,644902437,0.0,0.0,-0.5190858
644906291,644906188,0.0,0.0,-0.5190858
644908785,644908687,0.0,0.0,-0.5193424
644912530,644912438,0.0,0.0,-0.5193424
644916291,644916187,0.0,0.0,-0.5193424
644920076,644919979,0.0,0.0,-0.5198556
644923787,644923687,0.0,0.0,-0.5198556
644926309,644926210,0.0,0.0,-0.5198556
644930090,644929980,0.0,0.0,-0.520216
644933788,644933687,0.0,0.0,-0.520216
644937535,644937437,0.0,0.0,-0.51973
644941311,644941211,0.0,0.0,-0.51973
644943780,644943687,0.0,0.0,-0.51973
644947536,644947437,0.0,0.0,-0.51993144
644951289,644951189,0.0,0.0,-0.51993144
644955080,644954980,0.0,0.0,-0.51993144
644958786,644958687,0.0,0.0,-0.51949906
644961280,644961188,0.0,0.0,-0.51949906
644965075,644964978,0.0,0.0,-0.51949906
644968785,644968687,0.0,0.0,-0.519713
644972537,644972437,0.0,0.0,-0.519713
644976279,644976188,0.0,0.0,-0.519713
644978787,644978687,0.0,0.0,-0.52003026
644982536,644982437,0.0,0.0,-0.52003026
644986307,644986210,0.0,0.0,-0.52003026
644990082,644989979,0.0,0.0,-0.5199857
644993780,644993687,0.0,0.0,-0.5199857
644996283,644996188,0.0,0.0,-0.5199857
645000079,644999980,0.0,0.0,-0.5197972
645003791,645003687,0.0,0.0,-0.5197972
645007537,645007437,0.0,0.0,-0.5206124
645011281,645011189,0.0,0.0,-0.5206124
645013786,645013687,0.0,0.0,-0.5206124
645017536,645017437,0.0,0.0,-0.52060336
645021287,645021188,0.0,0.0,-0.52060336
645025078,645024979,0.0,0.0,-0.52060336
645028785,645028687,0.0,0.0,-0.5198895
645031303,645031211,0.0,0.0,-0.5198895
645035080,645034979,0.0,0.0,-0.5198895
645038785,645038687,0.0,0.0,-0.52045864
645042529,645042437,0.0,0.0,-0.52045864
645046302,645046210,0.0,0.0,-0.52045864
645048786,645048687,0.0,0.0,-0.5191978
645052536,645052437,0.0,0.0,-0.5191978
645056287,645056188,0.0,0.0,-0.5191978
645060079,645059979,0.0,0.0,-0.52027875
645063787,645063687,0.0,0.0,-0.52027875
645066285,645066187,0.0,0.0,-0.52027875
645070077,645069978,0.0,0.0,-0.5196058
645073787,645073687,0.0,0.0,-0.5196058
645077530,645077437,0.0,0.0,-0.5191516
645081280,645081188,0.0,0.0,-0.5191516
645083787,645083687,0.0,0.0,-0.5191516
645087536,645087437,0.0,0.0,-0.5194711
645091310,645091211,0.0,0.0,-0.5194711
645095089,645094980,0.0,0.0,-0.5194711
645098787,645098687,0.0,0.0,-0.51879996
645101292,645101188,0.0,0.0,-0.51879996
645105081,645104980,0.0,0.0,-0.51879996
645108788,645108687,0.0,0.0,-0.5193127
645112537,645112437,0.0,0.0,-0.5193127
645116287,645116187,0.0,0.0,-0.5193127
645118785,645118687,0.0,0.0,-0.51910686
645122538,645122438,0.0,0.0,-0.51910686
645126279,645126187,0.0,0.0,-0.51910686
645130075,645129978,0.0,0.0,-0.5194057
645133786,645133687,0.0,0.0,-0.5194057
645136308,645136210,0.0,0.0,-0.5194057
645140080,645139980,0.0,0.0,-0.51814675
645143787,645143687,0.0,0.0,-0.51814675
645147536,645147437,0.0,0.0,-0.5189084
645151310,645151211,0.0,0.0,-0.5189084
645153788,645153687,0.0,0.0,-0.5189084
645157536,645157437,0.0,0.0,-0.51790214
645161286,645161189,0.0,0.0,-0.51790214
645165080,645164980,0.0,0.0,-0.51790214
645168786,645168687,0.0,0.0,-0.5190792
645171287,645171188,0.0,0.0,-0.5190792
645175076,645174977,0.0,0.0,-0.5190792
645178787,645178687,0.0,0.0,-0.5191389
645182538,645182438,0.0,0.0,-0.5191389
645186287,645186188,0.0,0.0,-0.5191389
645188785,645188687,0.0,0.0,-0.51887035
645192531,645192438,0.0,0.0,-0.51887035
645196300,645196210,0.0,0.0,-0.51887035
645200080,645199979,0.0,0.0,-0.519379
645203788,645203688,0.0,0.0,-0.519379
645206290,645206188,0.0,0.0,-0.519379
645210087,645209980,0.0,0.0,-0.51886624
645213786,645213687,0.0,0.0,-0.51886624
645217535,645217437,0.0,0.0,-0.5190427
645221288,645221188,0.0,0.0,-0.5190427
645223787,645223687,0.0,0.0,-0.5190427
645227530,645227438,0.0,0.0,-0.51950634
645231287,645231188,0.0,0.0,-0.51950634
645235076,645234978,0.0,0.0,-0.51950634
645238786,645238687,0.0,0.0,-0.5190988
645241311,645241211,0.0,0.0,-0.5190988
645245087,645244980,0.0,0.0,-0.5190988
645248786,645248687,0.0,0.0,-0.5194188
645252536,645252437,0.0,0.0,-0.5194188
645256309,645256210,0.0,0.0,-0.5194188
645258778,645258687,0.0,0.0,-0.5203234
645262536,645262437,0.0,0.0,-0.5203234
645266288,645266188,0.0,0.0,-0.5203234
645270080,645269980,0.0,0.0,-0.5196171
645273788,645273687,0.0,0.0,-0.5196171
645276279,645276187,0.0,0.0,-0.5196171
645280077,645279979,0.0,0.0,-0.5192848
645283787,645283687,0.0,0.0,-0.5192848
645287537,645287437,0.0,0.0,-0.519255
645291287,645291188,0.0,0.0,-0.519255
645293787,645293687,0.0,0.0,-0.519255
645297535,645297437,0.0,0.0,-0.5196901
645301311,645301211,0.0,0.0,-0.5196901
645305079,645304978,0.0,0.0,-0.5196901
645308779,645308687,0.0,0.0,-0.5195277
645311282,645311188,0.0,0.0,-0.5195277
645315080,645314980,0.0,0.0,-0.5195277
645318788,645318687,0.0,0.0,-0.51874363
645322536,645322437,0.0,0.0,-0.51874363
645326279,645326188,0.0,0.0,-0.51874363
645328784,645328687,0.0,0.0,-0.51906055
645332538,645332438,0.0,0.0,-0.51906055
645336287,645336188,0.0,0.0,-0.51906055
645340076,645339978,0.0,0.0,-0.5184137
645343788,645343688,0.0,0.0,-0.5184137
645346300,645346210,0.0,0.0,-0.5184137
645350081,645349980,0.0,0.0,-0.5181219
645353789,645353688,0.0,0.0,-0.5181219
645357536,645357437,0.0,0.0,-0.5188375
645361303,645361211,0.0,0.0,-0.5188375
645363787,645363687,0.0,0.0,-0.5188375
645367535,645367437,0.0,0.0,-0.5185683
645371289,645371190,0.0,0.0,-0.5185683
645375080,645374980,0.0,0.0,-0.5185683
645378786,645378687,0.0,0.0,-0.5199442
645381287,645381188,0.0,0.0,-0.5199442
645385076,645384978,0.0,0.0,-0.5199442
645388785,645388687,0.0,0.0,-0.5189938
645392530,645392438,0.0,0.0,-0.5189938
645396280,645396188,0.0,0.0,-0.5189938
645398787,645398687,0.0,0.0,-0.51946455
645402538,645402438,0.0,0.0,-0.51946455
645406313,645406210,0.0,0.0,-0.51946455
645410087,645409980,0.0,0.0,-0.51882863
645413787,645413687,0.0,0.0,-0.51882863
645416289,645416187,0.0,0.0,-0.51882863
645420080,645419979,0.0,0.0,-0.51815546
645423787,645423687,0.0,0.0,-0.51815546
645427536,645427437,0.0,0.0,-0.5184
645431290,645431188,0.0,0.0,-0.5184
645433787,645433687,0.0,0.0,-0.5184
645437539,645437437,0.0,0.0,-0.51766497
645441280,645441188,0.0,0.0,-0.51766497
645445083,645444978,0.0,0.0,-0.51766497
645448785,645448687,0.0,0.0,-0.51841086
645451313,645451211,0.0,0.0,-0.51841086
645455078,645454979,0.0,0.0,-0.51841086
645458778,645458687,0.0,0.0,-0.5180627
645462536,645462437,0.0,0.0,-0.5180627
645466307,645466210,0.0,0.0,-0.5180627
645468785,645468687,0.0,0.0,-0.5178057
645472536,645472437,0.0,0.0,-0.5178057
645476280,645476188,0.0,0.0,-0.5178057
645480080,645479980,0.0,0.0,-0.5178127
645483787,645483687,0.0,0.0,-0.5178127
645486287,645486188,0.0,0.0,-0.5178127
645490077,645489979,0.0,0.0,-0.5178789
645493787,645493687,0.0,0.0,-0.5178789
645497542,645497438,0.0,0.0,-0.5180146
645501288,645501188,0.0,0.0,-0.5180146
645503786,645503687,0.0,0.0,-0.5180146
645507537,645507437,0.0,0.0,-0.51839864
645511303,645511211,0.0,0.0,-0.51839864
645515079,645514979,0.0,0.0,-0.51839864
645518787,645518687,0.0,0.0,-0.5185965
645521287,645521188,0.0,0.0,-0.5185965
645525080,645524980,0.0,0.0,-0.5185965
645528785,645528687,0.0,0.0,-0.5187631
645532536,645532437,0.0,0.0,-0.5187631
645536287,645536188,0.0,0.0,-0.5187631
645538785,645538687,0.0,0.0,-0.5186032
645542530,645542438,0.0,0.0,-0.5186032
645546280,645546188,0.0,0.0,-0.5186032
645550076,645549978,0.0,0.0,-0.51857215
645553787,645553687,0.0,0.0,-0.51857215
645556308,645556210,0.0,0.0,-0.51857215
645560087,645559980,0.0,0.0,-0.5181946
645563788,645563688,0.0,0.0,-0.5181946
645567536,645567437,0.0,0.0,-0.51750493
645571310,645571211,0.0,0.0,-0.51750493
645573787,645573687,0.0,0.0,-0.51750493
645577536,645577437,0.0,0.0,-0.51771206
645581290,645581190,0.0,0.0,-0.51771206
645585080,645584979,0.0,0.0,-0.51771206
645588786,645588687,0.0,0.0,-0.51758415
645591280,645591188,0.0,0.0,-0.51758415
645595075,645594978,0.0,0.0,-0.51758415
645598785,645598687,0.0,0.0,-0.5184217
645602538,645602438,0.0,0.0,-0.5184217
645606291,645606188,0.0,0.0,-0.5184217
645608786,645608687,0.0,0.0,-0.51690906
645612538,645612437,0.0,0.0,-0.51690906
645616308,645616210,0.0,0.0,-0.51690906
645620080,645619980,0.0,0.0,-0.51832134
645623789,645623690,0.0,0.0,-0.51832134
645626279,645626188,0.0,0.0,-0.51832134
645630079,645629980,0.0,0.0,-0.51665676
645633786,645633687,0.0,0.0,-0.51665676
645637536,645637437,0.0,0.0,-0.51761556
645641280,645641188,0.0,0.0,-0.51761556
645643786,645643687,0.0,0.0,-0.51761556
645647537,645647438,0.0,0.0,-0.51680726
645651288,645651188,0.0,0.0,-0.51680726
645655078,645654979,0.0,0.0,-0.51680726
645658785,645658687,0.0,0.0,-0.51698244
645661303,645661211,0.0,0.0,-0.51698244
645665054,645664953,0.0,0.0,-0.51698244
645668786,645668687,0.0,0.0,-0.51753074
645672537,645672437,0.0,0.0,-0.51753074
645676301,645676210,0.0,0.0,-0.51753074
645678786,645678687,0.0,0.0,-0.5171667
645682537,645682437,0.0,0.0,-0.5171667
645686287,645686188,0.0,0.0,-0.5171667
645690079,645689980,0.0,0.0,-0.5189871
645693787,645693687,0.0,0.0,-0.5189871
645696287,645696188,0.0,0.0,-0.5189871
645700077,645699979,0.0,0.0,-0.5178068
645703787,645703687,0.0,0.0,-0.5178068
645707529,645707437,0.0,0.0,-0.51866275
645711280,645711188,0.0,0.0,-0.51866275
645713786,645713687,0.0,0.0,-0.51866275
645717537,645717438,0.0,0.0,-0.51776856
645721310,645721211,0.0,0.0,-0.51776856
645725087,645724980,0.0,0.0,-0.51776856
645728787,645728688,0.0,0.0,-0.5178586
645731287,645731188,0.0,0.0,-0.5178586
645735080,645734980,0.0,0.0,-0.5178586
645738785,645738687,0.0,0.0,-0.51801133
645742540,645742437,0.0,0.0,-0.51801133
645746287,645746188,0.0,0.0,-0.51801133
645748785,645748687,0.0,0.0,-0.51815295
645752538,645752438,0.0,0.0,-0.51815295
645756287,645756188,0.0,0.0,-0.51815295
645760082,645759978,0.0,0.0,-0.5195459
645763787,645763687,0.0,0.0,-0.5195459
645766308,645766210,0.0,0.0,-0.5195459
645770081,645769980,0.0,0.0,-0.5188134
645773780,645773688,0.0,0.0,-0.5188134
645777536,645777437,0.0,0.0,-0.5199253
645781310,645781211,0.0,0.0,-0.5199253
645783787,645783688,0.0,0.0,-0.5199253
645787536,645787437,0.0,0.0,-0.51957065
645791283,645791188,0.0,0.0,-0.51957065
645795080,645794980,0.0,0.0,-0.51957065
645798786,645798687,0.0,0.0,-0.5189027
645801288,645801188,0.0,0.0,-0.5189027
645805079,645804980,0.0,0.0,-0.5189027
645808786,645808687,0.0,0.0,-0.5210592
645812542,645812437,0.0,0.0,-0.5210592
645816288,645816188,0.0,0.0,-0.5210592
645818786,645818687,0.0,0.0,-0.5222995
645822536,645822437,0.0,0.0,-0.5222995
645826300,645826210,0.0,0.0,-0.5222995
645830079,645829980,0.0,0.0,-0.526248
645833787,645833687,0.0,0.0,-0.526248
645836286,645836188,0.0,0.0,-0.526248
645840081,645839980,0.0,0.0,-0.53038156
645843788,645843688,0.0,0.0,-0.53038156
645847535,645847437,0.0,0.0,-0.536948
645851288,645851188,0.0,0.0,-0.536948
645853787,645853687,0.0,0.0,-0.536948
645857530,645857438,0.0,0.0,-0.5454568
645861279,645861188,0.0,0.0,-0.5454568
645865075,645864978,0.0,0.0,-0.5454568
645868785,645868687,0.0,0.0,-0.5538629
645871311,645871211,0.0,0.0,-0.5538629
645875090,645874983,0.0,0.0,-0.5538629
645878785,645878687,0.0,0.0,-0.5644511
645882538,645882437,0.0,0.0,-0.5644511
645886308,645886210,0.0,0.0,-0.5644511
645888785,645888687,0.0,0.0,-0.5753795
645892536,645892437,0.0,0.0,-0.5753795
645896289,645896187,0.0,0.0,-0.5753795
645900080,645899980,0.0,0.0,-0.58736587
645903788,645903687,0.0,0.0,-0.58736587
645906290,645906188,0.0,0.0,-0.58736587
645910085,645909979,0.0,0.0,-0.6003608
645913786,645913687,0.0,0.0,-0.6003608
645917537,645917437,0.0,0.0,-0.61462265
645921287,645921188,0.0,0.0,-0.61462265
645923779,645923687,0.0,0.0,-0.61462265
645927536,645927437,0.0,0.0,-0.63010556
645931310,645931211,0.0,0.0,-0.63010556
645935080,645934980,0.0,0.0,-0.63010556
645938787,645938687,0.0,0.0,-0.64593476
645941283,645941188,0.0,0.0,-0.64593476
645945080,645944980,0.0,0.0,-0.64593476
645948787,645948687,0.0,0.0,-0.6619514
645952536,645952437,0.0,0.0,-0.6619514
645956279,645956188,0.0,0.0,-0.6619514
645958785,645958687,0.0,0.0,-0.67836356
645962538,645962438,0.0,0.0,-0.67836356
645966287,645966188,0.0,0.0,-0.67836356
645970079,645969979,0.0,0.0,-0.69514227
645973779,645973687,0.0,0.0,-0.69514227
645976301,645976210,0.0,0.0,-0.69514227
645980083,645979979,0.0,0.0,-0.7125752
645983788,645983688,0.0,0.0,-0.7125752
645987536,645987437,0.0,0.0,-0.73040676
645991310,645991211,0.0,0.0,-0.73040676
645993787,645993687,0.0,0.0,-0.73040676
645997535,645997437,0.0,0.0,-0.74769557
646001293,646001189,0.0,0.0,-0.74769557
646005080,646004980,0.0,0.0,-0.74769557
646008788,646008687,0.0,0.0,-0.76549476
646011279,646011187,0.0,0.0,-0.76549476
646015076,646014979,0.0,0.0,-0.76549476
646018785,646018687,0.0,0.0,-0.7839027
646022538,646022438,0.0,0.0,-0.7839027
646026280,646026188,0.0,0.0,-0.7839027
646028790,646028687,0.0,0.0,-0.8019915
646032541,646032437,0.0,0.0,-0.8019915
646036309,646036210,0.0,0.0,-0.8019915
646040083,646039983,0.0,0.0,-0.8203882
646043788,646043687,0.0,0.0,-0.8203882
646046287,646046188,0.0,0.0,-0.8203882
646050079,646049980,0.0,0.0,-0.83945876
646053787,646053687,0.0,0.0,-0.83945876
646057535,646057437,0.0,0.0,-0.858875
646061288,646061188,0.0,0.0,-0.858875
646063790,646063687,0.0,0.0,-0.858875
646067537,646067437,0.0,0.0,-0.8787981
646071288,646071188,0.0,0.0,-0.8787981
646075084,646074979,0.0,0.0,-0.8787981
646078785,646078687,0.0,0.0,-0.8990027
646081310,646081211,0.0,0.0,-0.8990027
646085079,646084980,0.0,0.0,-0.8990027
646088786,646088687,0.0,0.0,-0.9197984
646092536,646092437,0.0,0.0,-0.9197984
646096308,646096210,0.0,0.0,-0.9197984
646098790,646098687,0.0,0.0,-0.9416567
646102537,646102437,0.0,0.0,-0.9416567
646106284,646106188,0.0,0.0,-0.9416567
646110087,646109980,0.0,0.0,-0.9631115
646113786,646113687,0.0,0.0,-0.9631115
646116286,646116188,0.0,0.0,-0.9631115
646120077,646119979,0.0,0.0,-0.9860195
646123787,646123687,0.0,0.0,-0.9860195
646127538,646127437,0.0,0.0,-1.0
646131287,646131188,0.0,0.0,-1.0
646133789,646133688,0.0,0.0,-1.0
646137536,646137437,0.0,0.0,-1.0
646141316,646141212,0.0,0.0,-1.0
646145087,646144980,0.0,0.0,-1.0
646148786,646148687,0.0,0.0,-0.99999994
646151290,646151190,0.0,0.0,-0.99999994
646155079,646154980,0.0,0.0,-0.99999994
646158786,646158687,0.0,0.0,-1.0
646162536,646162437,0.0,0.0,-1.0
646166287,646166188,0.0,0.0,-1.0
646168786,646168687,0.0,0.0,-0.88238734
646172531,646172438,0.0,0.0,-0.88238734
646176278,646176187,0.0,0.0,-0.88238734
646180078,646179979,0.0,0.0,-0.8853881
646183788,646183687,0.0,0.0,-0.8853881
646186308,646186210,0.0,0.0,-0.8853881
646190087,646189979,0.0,0.0,-0.9415869
646193787,646193687,0.0,0.0,-0.9415869
646197536,646197437,0.0,0.0,-0.90657663
646201312,646201211,0.0,0.0,-0.90657663
646203787,646203687,0.0,0.0,-0.90657663
646207537,646207437,0.0,0.0,-0.92079544
646211291,646211188,0.0,0.0,-0.92079544
646215080,646214980,0.0,0.0,-0.92079544
646218786,646218687,0.0,0.0,-0.9027698
646221287,646221188,0.0,0.0,-0.9027698
646225083,646224978,0.0,0.0,-0.9027698
646228790,646228690,0.0,0.0,-0.86246264
646232538,646232438,0.0,0.0,-0.86246264
646236286,646236188,0.0,0.0,-0.86246264
646238778,646238687,0.0,0.0,-0.8311928
646242536,646242437,0.0,0.0,-0.8311928
646246308,646246210,0.0,0.0,-0.8311928
646250081,646249980,0.0,0.0,-0.8332041
646253788,646253688,0.0,0.0,-0.8332041
646256280,646256188,0.0,0.0,-0.8332041
646260080,646259980,0.0,0.0,-0.83653796
646263786,646263687,0.0,0.0,-0.83653796
646267536,646267437,0.0,0.0,-0.8529156
646271291,646271188,0.0,0.0,-0.8529156
646273787,646273687,0.0,0.0,-0.8529156
646277537,646277438,0.0,0.0,-0.8678658
646281287,646281188,0.0,0.0,-0.8678658
646285075,646284978,0.0,0.0,-0.8678658
646288778,646288687,0.0,0.0,-0.88067347
646291302,646291210,0.0,0.0,-0.88067347
646295086,646294980,0.0,0.0,-0.88067347
646298786,646298687,0.0,0.0,-0.8754453
646302536,646302437,0.0,0.0,-0.8754453
646306311,646306210,0.0,0.0,-0.8754453
646308788,646308687,0.0,0.0,-0.8589215
646312536,646312437,0.0,0.0,-0.8589215
646316289,646316187,0.0,0.0,-0.8589215
646320079,646319980,0.0,0.0,-0.82999974
646323786,646323687,0.0,0.0,-0.82999974
646326280,646326188,0.0,0.0,-0.82999974
646330076,646329978,0.0,0.0,-0.79790413
646333787,646333687,0.0,0.0,-0.79790413
646337542,646337437,0.0,0.0,-0.76551545
646341279,646341188,0.0,0.0,-0.76551545
646343788,646343688,0.0,0.0,-0.76551545
646347536,646347437,0.0,0.0,-0.7342894
646351310,646351211,0.0,0.0,-0.7342894
646355081,646354979,0.0,0.0,-0.7342894
646358787,646358687,0.0,0.0,-0.70140404
646361295,646361188,0.0,0.0,-0.70140404
646365079,646364980,0.0,0.0,-0.70140404
646368786,646368687,0.0,0.0,-0.679502
646372529,646372437,0.0,0.0,-0.679502
646376280,646376188,0.0,0.0,-0.679502
646378785,646378687,0.0,0.0,-0.6654125
646382538,646382438,0.0,0.0,-0.6654125
646386287,646386188,0.0,0.0,-0.6654125
646390082,646389978,0.0,0.0,-0.66568214
646393787,646393687,0.0,0.0,-0.66568214
646396308,646396210,0.0,0.0,-0.66568214
646400082,646399980,0.0,0.0,-0.67645764
646403786,646403687,0.0,0.0,-0.67645764
646407537,646407437,0.0,0.0,-0.6971117
646411313,646411211,0.0,0.0,-0.6971117
646413786,646413687,0.0,0.0,-0.6971117
646417536,646417437,0.0,0.0,-0.7157501
646421288,646421188,0.0,0.0,-0.7157501
646425087,646424980,0.0,0.0,-0.7157501
646428786,646428687,0.0,0.0,-0.74136096
646431287,646431188,0.0,0.0,-0.74136096
646435077,646434979,0.0,0.0,-0.74136096
646438779,646438687,0.0,0.0,-0.7743963
646442536,646442437,0.0,0.0,-0.7743963
646446288,646446188,0.0,0.0,-0.7743963
646448785,646448687,0.0,0.0,-0.8055534
646452539,646452438,0.0,0.0,-0.8055534
646456310,646456210,0.0,0.0,-0.8055534
646460074,646459977,0.0,0.0,-0.8206716
646463787,646463687,0.0,0.0,-0.8206716
646466285,646466187,0.0,0.0,-0.8206716
646470079,646469980,0.0,0.0,-0.82805145
646473786,646473687,0.0,0.0,-0.82805145
646477536,646477437,0.0,0.0,-0.8303257
646481285,646481187,0.0,0.0,-0.8303257
646483787,646483687,0.0,0.0,-0.8303257
646487535,646487437,0.0,0.0,-0.83123803
646491281,646491189,0.0,0.0,-0.83123803
646495077,646494979,0.0,0.0,-0.83123803
646498786,646498687,0.0,0.0,-0.8306918
646501309,646501210,0.0,0.0,-0.8306918
646505076,646504977,0.0,0.0,-0.8306918
646508785,646508687,0.0,0.0,-0.8225342
646512539,646512438,0.0,0.0,-0.8225342
646516308,646516210,0.0,0.0,-0.8225342
646518785,646518687,0.0,0.0,-0.8114279
646522537,646522437,0.0,0.0,-0.8114279
646526276,646526186,0.0,0.0,-0.8114279
646530079,646529980,0.0,0.0,-0.79883194
646533788,646533688,0.0,0.0,-0.79883194
646536287,646536188,0.0,0.0,-0.79883194
646540084,646539978,0.0,0.0,-0.792095
646543787,646543687,0.0,0.0,-0.792095
646547534,646547436,0.0,0.0,-0.7903195
646551288,646551188,0.0,0.0,-0.7903195
646553786,646553687,0.0,0.0,-0.7903195
646557538,646557438,0.0,0.0,-0.7864524
646561309,646561210,0.0,0.0,-0.7864524
646565076,646564978,0.0,0.0,-0.7864524
646568785,646568687,0.0,0.0,-0.78624654
646571277,646571186,0.0,0.0,-0.78624654
646575089,646574981,0.0,0.0,-0.78624654
646578785,646578687,0.0,0.0,-0.78215605
646582537,646582437,0.0,0.0,-0.78215605
646586287,646586187,0.0,0.0,-0.78215605
646588785,646588687,0.0,0.0,-0.77974844
646592537,646592438,0.0,0.0,-0.77974844
646596290,646596188,0.0,0.0,-0.77974844
646600078,646599979,0.0,0.0,-0.7840748
646603787,646603687,0.0,0.0,-0.7840748
646606311,646606210,0.0,0.0,-0.7840748
646610077,646609979,0.0,0.0,-0.79257953
646613786,646613686,0.0,0.0,-0.79257953
646617538,646617438,0.0,0.0,-0.7975567
646621311,646621210,0.0,0.0,-0.7975567
646623788,646623688,0.0,0.0,-0.7975567
646627537,646627437,0.0,0.0,-0.79117584
646631283,646631187,0.0,0.0,-0.79117584
646635081,646634980,0.0,0.0,-0.79117584
646638786,646638687,0.0,0.0,-0.7909904
646641287,646641188,0.0,0.0,-0.7909904
646645080,646644980,0.0,0.0,-0.7909904
646648785,646648687,0.0,0.0,-0.7947524
646652537,646652438,0.0,0.0,-0.7947524
646656280,646656188,0.0,0.0,-0.7947524
646658784,646658687,0.0,0.0,-0.8039182
646662541,646662438,0.0,0.0,-0.8039182
646666311,646666211,0.0,0.0,-0.8039182
646670075,646669978,0.0,0.0,-0.8159377
646673786,646673687,0.0,0.0,-0.8159377
646676285,646676187,0.0,0.0,-0.8159377
646680081,646679980,0.0,0.0,-0.8329958
646683786,646683687,0.0,0.0,-0.8329958
646687529,646687437,0.0,0.0,-0.84924674
646691276,646691187,0.0,0.0,-0.84924674
646693788,646693688,0.0,0.0,-0.84924674
646697534,646697437,0.0,0.0,-0.86352044
646701287,646701188,0.0,0.0,-0.86352044
646705086,646704980,0.0,0.0,-0.86352044
646708786,646708687,0.0,0.0,-0.86870104
646711310,646711211,0.0,0.0,-0.86870104
646715078,646714979,0.0,0.0,-0.86870104
646718786,646718687,0.0,0.0,-0.86906946
646722538,646722438,0.0,0.0,-0.86906946
646726311,646726211,0.0,0.0,-0.86906946
646728787,646728687,0.0,0.0,-0.86706656
646732537,646732437,0.0,0.0,-0.86706656
646736283,646736186,0.0,0.0,-0.86706656
646740087,646739980,0.0,0.0,-0.8659049
646743787,646743687,0.0,0.0,-0.8659049
646746286,646746188,0.0,0.0,-0.8659049
646750084,646749980,0.0,0.0,-0.8621509
646753780,646753688,0.0,0.0,-0.8621509
646757535,646757437,0.0,0.0,-0.8592931
646761293,646761191,0.0,0.0,-0.8592931
646763787,646763687,0.0,0.0,-0.8592931
646767537,646767438,0.0,0.0,-0.86061865
646771310,646771211,0.0,0.0,-0.86061865
646775076,646774978,0.0,0.0,-0.86061865
646778786,646778687,0.0,0.0,-0.86768895
646781286,646781187,0.0,0.0,-0.86768895
646785080,646784980,0.0,0.0,-0.86768895
646788785,646788687,0.0,0.0,-0.8781901
646792538,646792438,0.0,0.0,-0.8781901
646796285,646796187,0.0,0.0,-0.8781901
646798785,646798687,0.0,0.0,-0.8902267
646802538,646802438,0.0,0.0,-0.8902267
646806284,646806188,0.0,0.0,-0.8902267
646810079,646809979,0.0,0.0,-0.9005469
646813787,646813687,0.0,0.0,-0.9005469
646816310,646816210,0.0,0.0,-0.9005469
646820078,646819979,0.0,0.0,-0.9120127
646823789,646823687,0.0,0.0,-0.9120127
646827537,646827438,0.0,0.0,-0.92093444
646831311,646831211,0.0,0.0,-0.92093444
646833787,646833687,0.0,0.0,-0.92093444
646837530,646837437,0.0,0.0,-0.92586005
646841277,646841187,0.0,0.0,-0.92586005
646845081,646844982,0.0,0.0,-0.92586005
646848786,646848687,0.0,0.0,-0.9297699
646851287,646851188,0.0,0.0,-0.9297699
646855087,646854980,0.0,0.0,-0.9297699
646858786,646858687,0.0,0.0,-0.9332697
646862537,646862437,0.0,0.0,-0.9332697
646866287,646866188,0.0,0.0,-0.9332697
646868786,646868687,0.0,0.0,-0.9358762
646872542,646872438,0.0,0.0,-0.9358762
646876311,646876211,0.0,0.0,-0.9358762
646880078,646879979,0.0,0.0,-0.9401499
646883787,646883687,0.0,0.0,-0.9401499
646886276,646886187,0.0,0.0,-0.9401499
646890091,646889980,0.0,0.0,-0.9445252
646893787,646893688,0.0,0.0,-0.9445252
646897536,646897437,0.0,0.0,-0.9466949
646901285,646901186,0.0,0.0,-0.9466949
646903780,646903687,0.0,0.0,-0.9466949
646907535,646907436,0.0,0.0,-0.9530446
646911287,646911188,0.0,0.0,-0.9530446
646915079,646914980,0.0,0.0,-0.9530446
646918786,646918687,0.0,0.0,-0.9644575
646921309,646921211,0.0,0.0,-0.9644575
646925076,646924978,0.0,0.0,-0.9644575
646928785,646928687,0.0,0.0,-0.9758772
646932538,646932438,0.0,0.0,-0.9758772
646936310,646936211,0.0,0.0,-0.9758772
646938786,646938687,0.0,0.0,-0.9857485
646942537,646942437,0.0,0.0,-0.9857485
646946285,646946187,0.0,0.0,-0.9857485
646950079,646949979,0.0,0.0,-0.99849975
646953780,646953688,0.0,0.0,-0.99849975
646956279,646956188,0.0,0.0,-0.99849975
646960080,646959979,0.0,0.0,-1.0
646963788,646963687,0.0,0.0,-1.0
646967535,646967437,0.0,0.0,-1.0
646971282,646971188,0.0,0.0,-1.0
646973786,646973687,0.0,0.0,-1.0
646977537,646977438,0.0,0.0,-1.0
646981310,646981211,0.0,0.0,-1.0
646985076,646984978,0.0,0.0,-1.0
646988785,646988687,0.0,0.0,-1.0
646991276,646991187,0.0,0.0,-1.0
646995079,646994980,0.0,0.0,-1.0
646998790,646998687,0.0,0.0,-1.0
647002537,647002437,0.0,0.0,-1.0
647006282,647006187,0.0,0.0,-1.0
647008786,647008687,0.0,0.0,-1.0
647012538,647012437,0.0,0.0,-1.0
647016287,647016188,0.0,0.0,-1.0
647020080,647019980,0.0,0.0,-0.99999994
647023789,647023687,0.0,0.0,-0.99999994
647026310,647026211,0.0,0.0,-0.99999994
647030079,647029980,0.0,0.0,-1.0
647033786,647033687,0.0,0.0,-1.0
647037538,647037438,0.0,0.0,-1.0
647041304,647041211,0.0,0.0,-1.0
647043787,647043688,0.0,0.0,-1.0
647047537,647047437,0.0,0.0,-0.99999994
647051284,647051186,0.0,0.0,-0.99999994
647055087,647054980,0.0,0.0,-0.99999994
647058786,647058687,0.0,0.0,-1.0
647061290,647061188,0.0,0.0,-1.0
647065081,647064980,0.0,0.0,-1.0
647068786,647068687,0.0,0.0,-0.99999994
647072530,647072437,0.0,0.0,-0.99999994
647076286,647076188,0.0,0.0,-0.99999994
647078785,647078687,0.0,0.0,-1.0
647082539,647082438,0.0,0.0,-1.0
647086309,647086210,0.0,0.0,-1.0
647090077,647089979,0.0,0.0,-1.0
647093787,647093687,0.0,0.0,-1.0
647096284,647096186,0.0,0.0,-1.0
647100081,647099980,0.0,0.0,-1.0
647103787,647103688,0.0,0.0,-1.0
647107538,647107437,0.0,0.0,-1.0
647111286,647111187,0.0,0.0,-1.0
647113787,647113687,0.0,0.0,-1.0
647117534,647117436,0.0,0.0,-0.99999994
647121279,647121188,0.0,0.0,-0.99999994
647125080,647124980,0.0,0.0,-0.99999994
647128786,647128687,0.0,0.0,-1.0
647131310,647131211,0.0,0.0,-1.0
647135075,647134978,0.0,0.0,-1.0
647138785,647138687,0.0,0.0,-1.0
647142539,647142438,0.0,0.0,-1.0
647146310,647146211,0.0,0.0,-1.0
647148785,647148687,0.0,0.0,-1.0
647152530,647152437,0.0,0.0,-1.0
647156277,647156187,0.0,0.0,-1.0
647160081,647159980,0.0,0.0,-1.0
647163788,647163687,0.0,0.0,-1.0
647166287,647166188,0.0,0.0,-1.0
647170086,647169980,0.0,0.0,-1.0
647173788,647173687,0.0,0.0,-1.0
647177535,647177437,0.0,0.0,-1.0
647181287,647181188,0.0,0.0,-1.0
647183786,647183687,0.0,0.0,-1.0
647187537,647187438,0.0,0.0,-0.99999994
647191313,647191212,0.0,0.0,-0.99999994
647195080,647194981,0.0,0.0,-0.99999994
647198785,647198687,0.0,0.0,-1.0
647201284,647201187,0.0,0.0,-1.0
647205087,647204980,0.0,0.0,-1.0
647208788,647208687,0.0,0.0,-1.0
647212538,647212437,0.0,0.0,-1.0
647216285,647216187,0.0,0.0,-1.0
647218783,647218687,0.0,0.0,-1.0
647222537,647222437,0.0,0.0,-1.0
647226287,647226188,0.0,0.0,-1.0
647230079,647229980,0.0,0.0,-1.0
647233787,647233688,0.0,0.0,-1.0
647236310,647236211,0.0,0.0,-1.0
647240076,647239978,0.0,0.0,-1.0
647243786,647243687,0.0,0.0,-1.0
647247537,647247438,0.0,0.0,-1.0
647251310,647251211,0.0,0.0,-1.0
647253787,647253688,0.0,0.0,-1.0
647257537,647257437,0.0,0.0,-0.99999994
647261285,647261187,0.0,0.0,-0.99999994
647265080,647264980,0.0,0.0,-0.99999994
647268782,647268687,0.0,0.0,-0.99999994
647271280,647271188,0.0,0.0,-0.99999994
647275079,647274980,0.0,0.0,-0.99999994
647278786,647278687,0.0,0.0,-1.0
647282542,647282442,0.0,0.0,-1.0
647286279,647286188,0.0,0.0,-1.0
647288785,647288687,0.0,0.0,-1.0
647292538,647292438,0.0,0.0,-1.0
647296310,647296211,0.0,0.0,-1.0
647300077,647299978,0.0,0.0,-1.0
647303787,647303687,0.0,0.0,-1.0
647306281,647306187,0.0,0.0,-1.0
647310074,647309978,0.0,0.0,-0.99999994
647313786,647313687,0.0,0.0,-0.99999994
647317538,647317438,0.0,0.0,-1.0
647321278,647321187,0.0,0.0,-1.0
647323787,647323688,0.0,0.0,-1.0
647327535,647327437,0.0,0.0,-1.0
647331285,647331187,0.0,0.0,-1.0
647335079,647334980,0.0,0.0,-1.0
647338786,647338687,0.0,0.0,-0.99999994
647341311,647341211,0.0,0.0,-0.99999994
647345080,647344980,0.0,0.0,-0.99999994
647348785,647348687,0.0,0.0,-0.99999994
647352529,647352437,0.0,0.0,-0.99999994
647356304,647356211,0.0,0.0,-0.99999994
647358784,647358687,0.0,0.0,-1.0
647362544,647362438,0.0,0.0,-1.0
647366287,647366188,0.0,0.0,-1.0
647370090,647369984,0.0,0.0,-1.0
647373787,647373687,0.0,0.0,-1.0
647376284,647376187,0.0,0.0,-1.0
647380080,647379980,0.0,0.0,-1.0
647383787,647383687,0.0,0.0,-1.0
647387529,647387437,0.0,0.0,-1.0
647391286,647391187,0.0,0.0,-1.0
647393787,647393687,0.0,0.0,-1.0
647397535,647397437,0.0,0.0,-1.0
647401315,647401211,0.0,0.0,-1.0
647405087,647404980,0.0,0.0,-1.0
647408786,647408687,0.0,0.0,-1.0
647411289,647411188,0.0,0.0,-1.0
647415075,647414978,0.0,0.0,-1.0
647418777,647418687,0.0,0.0,-0.9896961
647422539,647422438,0.0,0.0,-0.9896961
647426286,647426187,0.0,0.0,-0.9896961
647428786,647428687,0.0,0.0,-0.9963687
647432538,647432438,0.0,0.0,-0.9963687
647436278,647436187,0.0,0.0,-0.9963687
647440080,647439979,0.0,0.0,-0.97602844
647443788,647443688,0.0,0.0,-0.97602844
647446310,647446211,0.0,0.0,-0.97602844
647450079,647449980,0.0,0.0,-0.97866106
647453788,647453687,0.0,0.0,-0.97866106
647457535,647457437,0.0,0.0,-0.9635263
647461315,647461212,0.0,0.0,-0.9635263
647463786,647463687,0.0,0.0,-0.9635263
647467537,647467437,0.0,0.0,-0.97299665
647471280,647471187,0.0,0.0,-0.97299665
647475075,647474978,0.0,0.0,-0.97299665
647478786,647478687,0.0,0.0,-0.9564554
647481283,647481187,0.0,0.0,-0.9564554
647485080,647484979,0.0,0.0,-0.9564554
647488786,647488687,0.0,0.0,-0.95845526
647492538,647492438,0.0,0.0,-0.95845526
647496283,647496186,0.0,0.0,-0.95845526
647498786,647498687,0.0,0.0,-0.9501891
647502537,647502437,0.0,0.0,-0.9501891
647506306,647506211,0.0,0.0,-0.9501891
647510080,647509979,0.0,0.0,-0.9566685
647513787,647513687,0.0,0.0,-0.9566685
647516286,647516188,0.0,0.0,-0.9566685
647520083,647519979,0.0,0.0,-0.9472736
647523786,647523687,0.0,0.0,-0.9472736
647527537,647527437,0.0,0.0,-0.94521
647531287,647531188,0.0,0.0,-0.94521
647533787,647533687,0.0,0.0,-0.94521
647537528,647537437,0.0,0.0,-0.9348287
647541284,647541186,0.0,0.0,-0.9348287
647545080,647544980,0.0,0.0,-0.9348287
647548786,647548687,0.0,0.0,-0.938456
647551310,647551211,0.0,0.0,-0.938456
647555088,647554980,0.0,0.0,-0.938456
647558786,647558687,0.0,0.0,-0.9312716
647562536,647562437,0.0,0.0,-0.9312716
647566311,647566211,0.0,0.0,-0.9312716
647568785,647568687,0.0,0.0,-0.9293335
647572542,647572438,0.0,0.0,-0.9293335
647576288,647576188,0.0,0.0,-0.9293335
647580077,647579979,0.0,0.0,-0.9223355
647583786,647583687,0.0,0.0,-0.9223355
647586278,647586187,0.0,0.0,-0.9223355
647590080,647589980,0.0,0.0,-0.928329
647593787,647593687,0.0,0.0,-0.928329
647597536,647597437,0.0,0.0,-0.9269288
647601278,647601187,0.0,0.0,-0.9269288
647603787,647603688,0.0,0.0,-0.9269288
647607537,647607437,0.0,0.0,-0.92884624
647611310,647611211,0.0,0.0,-0.92884624
647615079,647614980,0.0,0.0,-0.92884624
647618786,647618687,0.0,0.0,-0.9255517
647621280,647621188,0.0,0.0,-0.9255517
647625077,647624979,0.0,0.0,-0.9255517
647628784,647628687,0.0,0.0,-0.932473
647632538,647632438,0.0,0.0,-0.932473
647636279,647636188,0.0,0.0,-0.932473
647638786,647638687,0.0,0.0,-0.9324229
647642538,647642438,0.0,0.0,-0.9324229
647646284,647646186,0.0,0.0,-0.9324229
647650080,647649980,0.0,0.0,-0.9333482
647653791,647653688,0.0,0.0,-0.9333482
647656308,647656210,0.0,0.0,-0.9333482
647660082,647659980,0.0,0.0,-0.92858106
647663789,647663688,0.0,0.0,-0.92858106
647667527,647667437,0.0,0.0,-0.93197155
647671300,647671210,0.0,0.0,-0.93197155
647673790,647673687,0.0,0.0,-0.93197155
647677536,647677437,0.0,0.0,-0.93319505
647681288,647681188,0.0,0.0,-0.93319505
647685084,647684979,0.0,0.0,-0.93319505
647688785,647688687,0.0,0.0,-0.93219936
647691284,647691187,0.0,0.0,-0.93219936
647695075,647694978,0.0,0.0,-0.93219936
647698785,647698687,0.0,0.0,-0.9289206
647702532,647702438,0.0,0.0,-0.9289206
647706289,647706187,0.0,0.0,-0.9289206
647708786,647708687,0.0,0.0,-0.931093
647712536,647712437,0.0,0.0,-0.931093
647716307,647716210,0.0,0.0,-0.931093
647720087,647719980,0.0,0.0,-0.9362836
647723787,647723688,0.0,0.0,-0.9362836
647726287,647726188,0.0,0.0,-0.9362836
647730079,647729979,0.0,0.0,-0.9392851
647733779,647733687,0.0,0.0,-0.9392851
647737536,647737437,0.0,0.0,-0.94412273
647741289,647741188,0.0,0.0,-0.94412273
647743789,647743688,0.0,0.0,-0.94412273
647747537,647747438,0.0,0.0,-0.9457162
647751279,647751188,0.0,0.0,-0.9457162
647755079,647754979,0.0,0.0,-0.9457162
647758785,647758687,0.0,0.0,-0.9573674
647761308,647761210,0.0,0.0,-0.9573674
647765082,647764980,0.0,0.0,-0.9573674
647768785,647768687,0.0,0.0,-0.9617375
647772541,647772437,0.0,0.0,-0.9617375
647776308,647776210,0.0,0.0,-0.9617375
647778786,647778687,0.0,0.0,-0.9692376
647782536,647782437,0.0,0.0,-0.9692376
647786280,647786188,0.0,0.0,-0.9692376
647790079,647789980,0.0,0.0,-0.9684837
647793787,647793687,0.0,0.0,-0.9684837
647796287,647796188,0.0,0.0,-0.9684837
647800076,647799978,0.0,0.0,-0.9770802
647803787,647803687,0.0,0.0,-0.9770802
647807537,647807438,0.0,0.0,-0.981223
647811286,647811188,0.0,0.0,-0.981223
647813787,647813687,0.0,0.0,-0.981223
647817528,647817437,0.0,0.0,-0.99001694
647821300,647821210,0.0,0.0,-0.99001694
647825080,647824980,0.0,0.0,-0.99001694
647828789,647828689,0.0,0.0,-0.98876566
647831291,647831190,0.0,0.0,-0.98876566
647835087,647834979,0.0,0.0,-0.98876566
647838785,647838687,0.0,0.0,-0.9962573
647842537,647842437,0.0,0.0,-0.9962573
647846287,647846188,0.0,0.0,-0.9962573
647848785,647848687,0.0,0.0,-0.99999994
647852532,647852438,0.0,0.0,-0.99999994
647856291,647856191,0.0,0.0,-0.99999994
647860075,647859978,0.0,0.0,-0.99999994
647863788,647863687,0.0,0.0,-0.99999994
647866307,647866210,0.0,0.0,-0.99999994
647870088,647869980,0.0,0.0,-1.0
647873788,647873687,0.0,0.0,-1.0
647877536,647877437,0.0,0.0,-0.99999994
647881308,647881210,0.0,0.0,-0.99999994
647883779,647883687,0.0,0.0,-0.99999994
647887536,647887437,0.0,0.0,-1.0
647891288,647891188,0.0,0.0,-1.0
647895081,647894980,0.0,0.0,-1.0
647898826,647898727,0.0,0.0,-0.99999994
647901280,647901187,0.0,0.0,-0.99999994
647905076,647904978,0.0,0.0,-0.99999994
647908785,647908687,0.0,0.0,-1.0
647912538,647912438,0.0,0.0,-1.0
647916279,647916188,0.0,0.0,-1.0
647918785,647918687,0.0,0.0,-1.0
647922538,647922438,0.0,0.0,-1.0
647926307,647926210,0.0,0.0,-1.0
647930080,647929980,0.0,0.0,-0.99999994
647933780,647933688,0.0,0.0,-0.99999994
647936279,647936188,0.0,0.0,-0.99999994
647940079,647939980,0.0,0.0,-0.99999994
647943787,647943687,0.0,0.0,-0.99999994
647947536,647947437,0.0,0.0,-1.0
647951280,647951188,0.0,0.0,-1.0
647953787,647953687,0.0,0.0,-1.0
647957536,647957438,0.0,0.0,-0.99999994
647961291,647961189,0.0,0.0,-0.99999994
647965077,647964979,0.0,0.0,-0.99999994
647968785,647968687,0.0,0.0,-1.0
647971300,647971210,0.0,0.0,-1.0
647975081,647974981,0.0,0.0,-1.0
647978786,647978687,0.0,0.0,-1.0
647982537,647982438,0.0,0.0,-1.0
647986300,647986210,0.0,0.0,-1.0
647988786,647988687,0.0,0.0,-1.0
647992536,647992437,0.0,0.0,-1.0
647996290,647996188,0.0,0.0,-1.0
648000080,647999980,0.0,0.0,-1.0
648003788,648003687,0.0,0.0,-1.0
648006290,648006187,0.0,0.0,-1.0
648010077,648009979,0.0,0.0,-1.0
648013786,648013687,0.0,0.0,-1.0
648017530,648017438,0.0,0.0,-0.99999994
648021280,648021188,0.0,0.0,-0.99999994
648023787,648023687,0.0,0.0,-0.99999994
648027537,648027438,0.0,0.0,-0.99999994
648031310,648031210,0.0,0.0,-0.99999994
648035087,648034980,0.0,0.0,-0.99999994
648038793,648038693,0.0,0.0,-1.0
648041288,648041188,0.0,0.0,-1.0
648045079,648044980,0.0,0.0,-1.0
648048785,648048687,0.0,0.0,-0.99773127
648052537,648052437,0.0,0.0,-0.99773127
648056286,648056187,0.0,0.0,-0.99773127
648058785,648058687,0.0,0.0,-0.997667
648062541,648062438,0.0,0.0,-0.997667
648066279,648066188,0.0,0.0,-0.997667
648070075,648069978,0.0,0.0,-0.9948772
648073787,648073687,0.0,0.0,-0.9948772
648076308,648076210,0.0,0.0,-0.9948772
648080080,648079980,0.0,0.0,-0.9994418
648083787,648083688,0.0,0.0,-0.9994418
648087536,648087437,0.0,0.0,-1.0
648091310,648091210,0.0,0.0,-1.0
648093787,648093687,0.0,0.0,-1.0
648097536,648097437,0.0,0.0,-1.0
648101287,648101188,0.0,0.0,-1.0
648105080,648104980,0.0,0.0,-1.0
648108788,648108687,0.0,0.0,-0.99999994
648111286,648111188,0.0,0.0,-0.99999994
648115078,648114979,0.0,0.0,-0.99999994
648118786,648118687,0.0,0.0,-1.0
648122538,648122438,0.0,0.0,-1.0
648126287,648126188,0.0,0.0,-1.0
648128786,648128687,0.0,0.0,-1.0
648132530,648132438,0.0,0.0,-1.0
648136301,648136210,0.0,0.0,-1.0
648140080,648139980,0.0,0.0,-1.0
648143787,648143687,0.0,0.0,-1.0
648146286,648146188,0.0,0.0,-1.0
648150087,648149980,0.0,0.0,-1.0
648153787,648153687,0.0,0.0,-1.0
648157535,648157437,0.0,0.0,-1.0
648161292,648161188,0.0,0.0,-1.0
648163787,648163687,0.0,0.0,-1.0
648167530,648167438,0.0,0.0,-1.0
648171287,648171188,0.0,0.0,-1.0
648175075,648174978,0.0,0.0,-1.0
648178785,648178687,0.0,0.0,-1.0
648181311,648181211,0.0,0.0,-1.0
648185090,648184983,0.0,0.0,-1.0
648188785,648188687,0.0,0.0,-1.0
648192539,648192438,0.0,0.0,-1.0
648196309,648196210,0.0,0.0,-1.0
648198778,648198687,0.0,0.0,-1.0
648202537,648202437,0.0,0.0,-1.0
648206291,648206188,0.0,0.0,-1.0
648210079,648209980,0.0,0.0,-0.99999994
648213788,648213687,0.0,0.0,-0.99999994
648216279,648216188,0.0,0.0,-0.99999994
648220077,648219978,0.0,0.0,-1.0
648223787,648223687,0.0,0.0,-1.0
648227537,648227438,0.0,0.0,-0.99999994
648231287,648231187,0.0,0.0,-0.99999994
648233787,648233688,0.0,0.0,-0.99999994
648237535,648237437,0.0,0.0,-1.0
648241307,648241210,0.0,0.0,-1.0
648245081,648244980,0.0,0.0,-1.0
648248779,648248687,0.0,0.0,-1.0
648251280,648251188,0.0,0.0,-1.0
648255080,648254980,0.0,0.0,-1.0
648258785,648258687,0.0,0.0,-1.0
648262537,648262437,0.0,0.0,-1.0
648266279,648266188,0.0,0.0,-1.0
648268785,648268687,0.0,0.0,-1.0
648272542,648272438,0.0,0.0,-1.0
648276287,648276188,0.0,0.0,-1.0
648280080,648279981,0.0,0.0,-1.0
648283787,648283687,0.0,0.0,-1.0
648286300,648286210,0.0,0.0,-1.0
648290079,648289979,0.0,0.0,-0.99999994
648293788,648293687,0.0,0.0,-0.99999994
648297535,648297437,0.0,0.0,-1.0
648301301,648301210,0.0,0.0,-1.0
648303787,648303687,0.0,0.0,-1.0
648307537,648307437,0.0,0.0,-1.0
648311287,648311187,0.0,0.0,-1.0
648315080,648314980,0.0,0.0,-1.0
648318786,648318687,0.0,0.0,-0.99999994
648321286,648321187,0.0,0.0,-0.99999994
648325076,648324979,0.0,0.0,-0.99999994
648328785,648328687,0.0,0.0,-0.99999994
648332532,648332438,0.0,0.0,-0.99999994
648336279,648336188,0.0,0.0,-0.99999994
648338787,648338687,0.0,0.0,-0.99999994
648342540,648342440,0.0,0.0,-0.99999994
648346309,648346210,0.0,0.0,-0.99999994
648350092,648349982,0.0,0.0,-1.0
648353788,648353688,0.0,0.0,-1.0
648356287,648356188,0.0,0.0,-1.0
648360079,648359980,0.0,0.0,-1.0
648363787,648363687,0.0,0.0,-1.0
648367536,648367437,0.0,0.0,-1.0
648371288,648371188,0.0,0.0,-1.0
648373791,648373687,0.0,0.0,-1.0
648377539,648377438,0.0,0.0,-1.0
648381286,648381187,0.0,0.0,-1.0
648385083,648384978,0.0,0.0,-1.0
648388786,648388687,0.0,0.0,-1.0
648391308,648391210,0.0,0.0,-1.0
648395079,648394979,0.0,0.0,-1.0
648398778,648398687,0.0,0.0,-0.99999994
648402538,648402438,0.0,0.0,-0.99999994
648406311,648406210,0.0,0.0,-0.99999994
648408789,648408687,0.0,0.0,-0.99999994
648412537,648412437,0.0,0.0,-0.99999994
648416278,648416187,0.0,0.0,-0.99999994
648420079,648419980,0.0,0.0,-0.99999994
648423788,648423687,0.0,0.0,-0.99999994
648426286,648426188,0.0,0.0,-0.99999994
648430078,648429979,0.0,0.0,-1.0
648433786,648433687,0.0,0.0,-1.0
648437538,648437438,0.0,0.0,-1.0
648441287,648441187,0.0,0.0,-1.0
648443787,648443687,0.0,0.0,-1.0
648447536,648447437,0.0,0.0,-1.0
648451305,648451210,0.0,0.0,-1.0
648455080,648454980,0.0,0.0,-1.0
648458786,648458687,0.0,0.0,-1.0
648461289,648461188,0.0,0.0,-1.0
648465080,648464980,0.0,0.0,-1.0
648468785,648468687,0.0,0.0,-1.0
648472540,648472437,0.0,0.0,-1.0
648476287,648476188,0.0,0.0,-1.0
648478785,648478687,0.0,0.0,-0.99999994
648482531,648482438,0.0,0.0,-0.99999994
648486280,648486188,0.0,0.0,-0.99999994
648490076,648489978,0.0,0.0,-1.0
648493787,648493687,0.0,0.0,-1.0
648496308,648496210,0.0,0.0,-1.0
648500087,648499979,0.0,0.0,-1.0
648503788,648503687,0.0,0.0,-1.0
648507540,648507437,0.0,0.0,-0.99999994
648511312,648511211,0.0,0.0,-0.99999994
648513788,648513688,0.0,0.0,-0.99999994
648517536,648517437,0.0,0.0,-1.0
648521282,648521186,0.0,0.0,-1.0
648525081,648524980,0.0,0.0,-1.0
648528786,648528687,0.0,0.0,-0.99999994
648531280,648531188,0.0,0.0,-0.99999994
648535085,648534979,0.0,0.0,-0.99999994
648538788,648538687,0.0,0.0,-1.0
648542536,648542437,0.0,0.0,-1.0
648546288,648546188,0.0,0.0,-1.0
648548784,648548687,0.0,0.0,-1.0
648552539,648552438,0.0,0.0,-1.0
648556309,648556210,0.0,0.0,-1.0
648560076,648559979,0.0,0.0,-1.0
648563787,648563687,0.0,0.0,-1.0
648566280,648566187,0.0,0.0,-1.0
648570081,648569980,0.0,0.0,-1.0
648573788,648573688,0.0,0.0,-1.0
648577536,648577437,0.0,0.0,-1.0
648581277,648581186,0.0,0.0,-1.0
648583786,648583687,0.0,0.0,-1.0
648587534,648587437,0.0,0.0,-0.99999994
648591289,648591190,0.0,0.0,-0.99999994
648595076,648594979,0.0,0.0,-0.99999994
648598786,648598687,0.0,0.0,-1.0
648601301,648601210,0.0,0.0,-1.0
648605079,648604978,0.0,0.0,-1.0
648608785,648608687,0.0,0.0,-0.99999994
648612538,648612438,0.0,0.0,-0.99999994
648616301,648616210,0.0,0.0,-0.99999994
648618785,648618687,0.0,0.0,-1.0
648622538,648622438,0.0,0.0,-1.0
648626284,648626187,0.0,0.0,-1.0
648630079,648629980,0.0,0.0,-0.99999994
648633788,648633688,0.0,0.0,-0.99999994
648636287,648636188,0.0,0.0,-0.99999994
648640077,648639979,0.0,0.0,-1.0
648643787,648643687,0.0,0.0,-1.0
648647531,648647437,0.0,0.0,-1.0
648651280,648651188,0.0,0.0,-1.0
648653786,648653687,0.0,0.0,-1.0
648657538,648657438,0.0,0.0,-1.0
648661309,648661210,0.0,0.0,-1.0
648665084,648664979,0.0,0.0,-1.0
648668785,648668687,0.0,0.0,-1.0
648671283,648671187,0.0,0.0,-1.0
648675080,648674980,0.0,0.0,-1.0
648678786,648678687,0.0,0.0,-1.0
648682536,648682437,0.0,0.0,-1.0
648686284,648686187,0.0,0.0,-1.0
648688786,648688687,0.0,0.0,-0.99999994
648692536,648692437,0.0,0.0,-0.99999994
648696292,648696188,0.0,0.0,-0.99999994
648700093,648699979,0.0,0.0,-0.99999994
648703787,648703687,0.0,0.0,-0.99999994
648706311,648706210,0.0,0.0,-0.99999994
648710077,648709978,0.0,0.0,-1.0
648713780,648713687,0.0,0.0,-1.0
648717537,648717438,0.0,0.0,-0.99999994
648721309,648721210,0.0,0.0,-0.99999994
648723787,648723688,0.0,0.0,-0.99999994
648727535,648727437,0.0,0.0,-1.0
648731278,648731187,0.0,0.0,-1.0
648735084,648734980,0.0,0.0,-1.0
648738786,648738687,0.0,0.0,-1.0
648741289,648741190,0.0,0.0,-1.0
648745077,648744979,0.0,0.0,-1.0
648748786,648748687,0.0,0.0,-1.0
648752536,648752437,0.0,0.0,-1.0
648756287,648756188,0.0,0.0,-1.0
648758785,648758687,0.0,0.0,-1.0
648762541,648762438,0.0,0.0,-1.0
648766302,648766211,0.0,0.0,-1.0
648770076,648769978,0.0,0.0,-0.99999994
648773786,648773687,0.0,0.0,-0.99999994
648776286,648776187,0.0,0.0,-0.99999994
648780082,648779979,0.0,0.0,-1.0
648783787,648783687,0.0,0.0,-1.0
648787537,648787437,0.0,0.0,-0.99999994
648791284,648791186,0.0,0.0,-0.99999994
648793788,648793688,0.0,0.0,-0.99999994
648797527,648797437,0.0,0.0,-0.99999994
648801283,648801188,0.0,0.0,-0.99999994
648805080,648804980,0.0,0.0,-0.99999994
648808786,648808687,0.0,0.0,-0.99999994
648811310,648811211,0.0,0.0,-0.99999994
648815084,648814979,0.0,0.0,-0.99999994
648818784,648818687,0.0,0.0,-1.0
648822538,648822438,0.0,0.0,-1.0
648826310,648826211,0.0,0.0,-1.0
648828786,648828687,0.0,0.0,-0.99999994
648832537,648832437,0.0,0.0,-0.99999994
648836284,648836187,0.0,0.0,-0.99999994
648840079,648839980,0.0,0.0,-1.0
648843788,648843688,0.0,0.0,-1.0
648846287,648846188,0.0,0.0,-1.0
648850087,648849980,0.0,0.0,-1.0
648853788,648853688,0.0,0.0,-1.0
648857534,648857437,0.0,0.0,-0.9998344
648861290,648861188,0.0,0.0,-0.9998344
648863780,648863687,0.0,0.0,-0.9998344
648867537,648867438,0.0,0.0,-0.9979354
648871312,648871211,0.0,0.0,-0.9979354
648875079,648874979,0.0,0.0,-0.9979354
648878786,648878687,0.0,0.0,-0.99714303
648881276,648881187,0.0,0.0,-0.99714303
648885080,648884980,0.0,0.0,-0.99714303
648888785,648888687,0.0,0.0,-0.9973494
648892537,648892437,0.0,0.0,-0.9973494
648896279,648896187,0.0,0.0,-0.9973494
648898786,648898687,0.0,0.0,-0.9982978
648902537,648902437,0.0,0.0,-0.9982978
648906290,648906188,0.0,0.0,-0.9982978
648910080,648909980,0.0,0.0,-0.9999799
648913783,648913689,0.0,0.0,-0.9999799
648916303,648916211,0.0,0.0,-0.9999799
648920076,648919978,0.0,0.0,-1.0
648923786,648923687,0.0,0.0,-1.0
648927537,648927438,0.0,0.0,-1.0
648931310,648931211,0.0,0.0,-1.0
648933786,648933687,0.0,0.0,-1.0
648937537,648937437,0.0,0.0,-0.99999994
648941286,648941187,0.0,0.0,-0.99999994
648945082,648944980,0.0,0.0,-0.99999994
648948785,648948687,0.0,0.0,-1.0
648951281,648951188,0.0,0.0,-1.0
648955080,648954980,0.0,0.0,-1.0
648958786,648958687,0.0,0.0,-1.0
648962537,648962437,0.0,0.0,-1.0
648966279,648966188,0.0,0.0,-1.0
648968785,648968687,0.0,0.0,-1.0
648972541,648972438,0.0,0.0,-1.0
648976310,648976211,0.0,0.0,-1.0
648980076,648979978,0.0,0.0,-0.99992603
648983787,648983687,0.0,0.0,-0.99992603
648986284,648986187,0.0,0.0,-0.99992603
648990081,648989979,0.0,0.0,-0.9982408
648993787,648993687,0.0,0.0,-0.9982408
648997537,648997437,0.0,0.0,-0.9971636
649001277,649001186,0.0,0.0,-0.9971636
649003788,649003687,0.0,0.0,-0.9971636
649007535,649007437,0.0,0.0,-0.9969844
649011287,649011188,0.0,0.0,-0.9969844
649015087,649014980,0.0,0.0,-0.9969844
649018786,649018687,0.0,0.0,-0.9980943
649021310,649021211,0.0,0.0,-0.9980943
649025079,649024978,0.0,0.0,-0.9980943
649028786,649028687,0.0,0.0,-1.0
649032538,649032438,0.0,0.0,-1.0
649036310,649036211,0.0,0.0,-1.0
649038786,649038687,0.0,0.0,-0.99999994
649042537,649042437,0.0,0.0,-0.99999994
649046278,649046187,0.0,0.0,-0.99999994
649050087,649049980,0.0,0.0,-0.99999994
649053787,649053688,0.0,0.0,-0.99999994
649056287,649056188,0.0,0.0,-0.99999994
649060079,649059980,0.0,0.0,-1.0
649063787,649063687,0.0,0.0,-1.0
649067539,649067437,0.0,0.0,-1.0
649071287,649071188,0.0,0.0,-1.0
649073787,649073687,0.0,0.0,-1.0
649077537,649077438,0.0,0.0,-1.0
649081310,649081211,0.0,0.0,-1.0
649085076,649084978,0.0,0.0,-1.0
649088785,649088687,0.0,0.0,-1.0
649091284,649091186,0.0,0.0,-1.0
649095081,649094979,0.0,0.0,-1.0
649098786,649098687,0.0,0.0,-0.99999994
649102538,649102437,0.0,0.0,-0.99999994
649106290,649106187,0.0,0.0,-0.99999994
649108786,649108687,0.0,0.0,-1.0
649112530,649112437,0.0,0.0,-1.0
649116280,649116188,0.0,0.0,-1.0
649120079,649119980,0.0,0.0,-1.0
649123788,649123687,0.0,0.0,-1.0
649126310,649126211,0.0,0.0,-1.0
649130084,649129978,0.0,0.0,-1.0
649133787,649133687,0.0,0.0,-1.0
649137537,649137438,0.0,0.0,-1.0
649141310,649141211,0.0,0.0,-1.0
649143787,649143687,0.0,0.0,-1.0
649147536,649147437,0.0,0.0,-0.99999994
649151284,649151186,0.0,0.0,-0.99999994
649155081,649154980,0.0,0.0,-0.99999994
649158786,649158687,0.0,0.0,-1.0
649161290,649161188,0.0,0.0,-1.0
649165087,649164979,0.0,0.0,-1.0
649168786,649168687,0.0,0.0,-1.0
649172541,649172438,0.0,0.0,-1.0
649176290,649176187,0.0,0.0,-1.0
649178777,649178687,0.0,0.0,-1.0
649182539,649182438,0.0,0.0,-1.0
649186310,649186211,0.0,0.0,-1.0
649190075,649189978,0.0,0.0,-1.0
649193787,649193687,0.0,0.0,-1.0
649196277,649196186,0.0,0.0,-1.0
649200079,649199980,0.0,0.0,-1.0
649203787,649203687,0.0,0.0,-1.0
649207538,649207437,0.0,0.0,-1.0
649211284,649211186,0.0,0.0,-1.0
649213787,649213687,0.0,0.0,-1.0
649217537,649217437,0.0,0.0,-0.99999994
649221288,649221188,0.0,0.0,-0.99999994
649225079,649224980,0.0,0.0,-0.99999994
649228779,649228687,0.0,0.0,-1.0
649231303,649231211,0.0,0.0,-1.0
649235075,649234978,0.0,0.0,-1.0
649238785,649238687,0.0,0.0,-1.0
649242538,649242438,0.0,0.0,-1.0
649246311,649246211,0.0,0.0,-1.0
649248785,649248687,0.0,0.0,-1.0
649252538,649252437,0.0,0.0,-1.0
649256284,649256187,0.0,0.0,-1.0
649260082,649259979,0.0,0.0,-0.99999994
649263791,649263687,0.0,0.0,-0.99999994
649266279,649266188,0.0,0.0,-0.99999994
649270080,649269979,0.0,0.0,-1.0
649273786,649273687,0.0,0.0,-1.0
649277535,649277437,0.0,0.0,-0.99999994
649281280,649281188,0.0,0.0,-0.99999994
649283787,649283687,0.0,0.0,-0.99999994
649287538,649287438,0.0,0.0,-1.0
649291310,649291210,0.0,0.0,-1.0
649295076,649294978,0.0,0.0,-1.0
649298785,649298687,0.0,0.0,-1.0
649301285,649301187,0.0,0.0,-1.0
649305081,649304980,0.0,0.0,-1.0
649308788,649308687,0.0,0.0,-0.99999994
649312531,649312437,0.0,0.0,-0.99999994
649316277,649316187,0.0,0.0,-0.99999994
649318786,649318687,0.0,0.0,-0.99999994
649322536,649322437,0.0,0.0,-0.99999994
649326287,649326188,0.0,0.0,-0.99999994
649330086,649329980,0.0,0.0,-1.0
649333787,649333687,0.0,0.0,-1.0
649336310,649336211,0.0,0.0,-1.0
649340078,649339980,0.0,0.0,-1.0
649343788,649343688,0.0,0.0,-1.0
649347539,649347440,0.0,0.0,-1.0
649351309,649351210,0.0,0.0,-1.0
649353787,649353688,0.0,0.0,-1.0
649357536,649357437,0.0,0.0,-1.0
649361276,649361186,0.0,0.0,-1.0
649365087,649364980,0.0,0.0,-1.0
649368786,649368687,0.0,0.0,-0.99999994
649371287,649371188,0.0,0.0,-0.99999994
649375079,649374980,0.0,0.0,-0.99999994
649378779,649378687,0.0,0.0,-1.0
649382536,649382437,0.0,0.0,-1.0
649386286,649386188,0.0,0.0,-1.0
649388785,649388686,0.0,0.0,-0.99999994
649392545,649392438,0.0,0.0,-0.99999994
649396310,649396211,0.0,0.0,-0.99999994
649400075,649399978,0.0,0.0,-1.0
649403787,649403687,0.0,0.0,-1.0
649406288,649406187,0.0,0.0,-1.0
649410080,649409980,0.0,0.0,-1.0
649413786,649413687,0.0,0.0,-1.0
649417537,649417437,0.0,0.0,-1.0
649421285,649421186,0.0,0.0,-1.0
649423787,649423687,0.0,0.0,-1.0
649427534,649427437,0.0,0.0,-1.0
649431280,649431188,0.0,0.0,-1.0
649435080,649434980,0.0,0.0,-1.0
649438787,649438687,0.0,0.0,-1.0
649441310,649441211,0.0,0.0,-1.0
649445077,649444979,0.0,0.0,-1.0
649448785,649448687,0.0,0.0,-1.0
649452539,649452438,0.0,0.0,-1.0
649456311,649456211,0.0,0.0,-1.0
649458785,649458687,0.0,0.0,-1.0
649462537,649462437,0.0,0.0,-1.0
649466276,649466186,0.0,0.0,-1.0
649470081,649469980,0.0,0.0,-0.99999994
649473787,649473688,0.0,0.0,-0.99999994
649476289,649476188,0.0,0.0,-0.99999994
649480091,649479979,0.0,0.0,-1.0
649483787,649483687,0.0,0.0,-1.0
649487535,649487437,0.0,0.0,-0.99999994
649491288,649491188,0.0,0.0,-0.99999994
649493787,649493687,0.0,0.0,-0.99999994
649497538,649497438,0.0,0.0,-0.99999994
649501310,649501211,0.0,0.0,-0.99999994
649505078,649504980,0.0,0.0,-0.99999994
649508785,649508686,0.0,0.0,-1.0
649511276,649511186,0.0,0.0,-1.0
649515089,649514981,0.0,0.0,-1.0
649518785,649518687,0.0,0.0,-1.0
649522538,649522437,0.0,0.0,-1.0
649526286,649526187,0.0,0.0,-1.0
649528785,649528687,0.0,0.0,-1.0
649532537,649532438,0.0,0.0,-1.0
649536286,649536188,0.0,0.0,-1.0
649540079,649539979,0.0,0.0,-1.0
649543789,649543687,0.0,0.0,-1.0
649546311,649546211,0.0,0.0,-1.0
649550076,649549978,0.0,0.0,-1.0
649553786,649553687,0.0,0.0,-1.0
649557537,649557438,0.0,0.0,-1.0
649561310,649561211,0.0,0.0,-1.0
649563788,649563687,0.0,0.0,-1.0
649567541,649567437,0.0,0.0,-1.0
649571284,649571187,0.0,0.0,-1.0
649575080,649574980,0.0,0.0,-1.0
649578786,649578687,0.0,0.0,-1.0
649581281,649581188,0.0,0.0,-1.0
649585079,649584980,0.0,0.0,-1.0
649588786,649588687,0.0,0.0,-0.99999994
649592538,649592437,0.0,0.0,-0.99999994
649596282,649596188,0.0,0.0,-0.99999994
649598785,649598687,0.0,0.0,-1.0
649602539,649602438,0.0,0.0,-1.0
649606313,649606210,0.0,0.0,-1.0
649610076,649609978,0.0,0.0,-0.99999994
649612852,649612731,0.0,0.0,-0.99999994
649616577,649616480,0.0,0.0,-0.77968955
649620327,649620230,0.0,0.0,-0.7766014
649624080,649623980,0.0,0.0,-0.7766014
649626579,649626480,0.0,0.0,-0.7766014
649630327,649630230,0.0,0.0,-0.7711296
649634080,649633980,0.0,0.0,-0.7711296
649637826,649637730,0.0,0.0,-0.7711296
649641577,649641479,0.0,0.0,-0.76910204
649644082,649643980,0.0,0.0,-0.76910204
649647827,649647730,0.0,0.0,-0.76910204
649651577,649651480,0.0,0.0,-0.76057464
649655329,649655231,0.0,0.0,-0.76057464
649659078,649658979,0.0,0.0,-0.75949484
649661578,649661480,0.0,0.0,-0.75949484
649665325,649665229,0.0,0.0,-0.75949484
649669077,649668979,0.0,0.0,-0.74932456
649672826,649672729,0.0,0.0,-0.74932456
649676579,649676480,0.0,0.0,-0.74932456
649679079,649678980,0.0,0.0,-0.74910784
649682825,649682729,0.0,0.0,-0.74910784
649686578,649686480,0.0,0.0,-0.74910784
649690328,649690229,0.0,0.0,-0.7533946
649694090,649693979,0.0,0.0,-0.7533946
649696579,649696480,0.0,0.0,-0.7533946
649700327,649700230,0.0,0.0,-0.75396466
649704084,649703981,0.0,0.0,-0.75396466
649707826,649707730,0.0,0.0,-0.75396466
649711578,649711480,0.0,0.0,-0.7681465
649714080,649713980,0.0,0.0,-0.7681465
649717826,649717729,0.0,0.0,-0.7681465
649721589,649721480,0.0,0.0,-0.7684629
649725328,649725230,0.0,0.0,-0.7684629
649729078,649728979,0.0,0.0,-0.7683691
649731578,649731480,0.0,0.0,-0.7683691
649735328,649735230,0.0,0.0,-0.7683691
649739083,649738983,0.0,0.0,-0.76804465
649742826,649742729,0.0,0.0,-0.76804465
649746578,649746480,0.0,0.0,-0.76804465
649749078,649748979,0.0,0.0,-0.76717174
649752825,649752729,0.0,0.0,-0.76717174
649756581,649756481,0.0,0.0,-0.76717174
649760329,649760230,0.0,0.0,-0.76632917
649764081,649763980,0.0,0.0,-0.76632917
649766579,649766480,0.0,0.0,-0.76632917
649770327,649770230,0.0,0.0,-0.76524127
649774078,649773979,0.0,0.0,-0.76524127
649777826,649777729,0.0,0.0,-0.76524127
649781578,649781480,0.0,0.0,-0.7644726
649784085,649783980,0.0,0.0,-0.7644726
649787826,649787729,0.0,0.0,-0.7644726
649791578,649791480,0.0,0.0,-0.7637702
649795327,649795230,0.0,0.0,-0.7637702
649799080,649798980,0.0,0.0,-0.763739
649801577,649801480,0.0,0.0,-0.763739
649805330,649805231,0.0,0.0,-0.763739
649809081,649808980,0.0,0.0,-0.7637194
649812826,649812729,0.0,0.0,-0.7637194
649816579,649816480,0.0,0.0,-0.7637194
649819077,649818979,0.0,0.0,-0.7640362
649822827,649822729,0.0,0.0,-0.7640362
649826578,649826480,0.0,0.0,-0.7640362
649830331,649830230,0.0,0.0,-0.76427096
649834082,649833980,0.0,0.0,-0.76427096
649836579,649836481,0.0,0.0,-0.76427096
649840331,649840230,0.0,0.0,-0.76465195
649844082,649843980,0.0,0.0,-0.76465195
649847833,649847730,0.0,0.0,-0.76465195
649851578,649851480,0.0,0.0,-0.76402545
649854081,649853980,0.0,0.0,-0.76402545
649857826,649857730,0.0,0.0,-0.76402545
649861578,649861480,0.0,0.0,-0.76349175
649865327,649865231,0.0,0.0,-0.76349175
649869083,649868980,0.0,0.0,-0.76261914
649871577,649871480,0.0,0.0,-0.76261914
649876581,649876482,0.0,0.0,-0.76261914
649879080,649878980,0.0,0.0,-0.7612134
649882826,649882729,0.0,0.0,-0.7612134
649886579,649886480,0.0,0.0,-0.7612134
649889079,649888980,0.0,0.0,-0.75956976
649892825,649892729,0.0,0.0,-0.75956976
649896579,649896480,0.0,0.0,-0.75956976
649900328,649900230,0.0,0.0,-0.75803536
649904079,649903980,0.0,0.0,-0.75803536
649906580,649906481,0.0,0.0,-0.75803536
649910327,649910229,0.0,0.0,-0.7566833
649914085,649913980,0.0,0.0,-0.7566833
649917827,649917730,0.0,0.0,-0.7566833
649921578,649921480,0.0,0.0,-0.75558263
649924088,649923983,0.0,0.0,-0.75558263
649927827,649927730,0.0,0.0,-0.75558263
649931577,649931480,0.0,0.0,-0.7550208
649935328,649935230,0.0,0.0,-0.7550208
649939090,649938983,0.0,0.0,-0.7549136
649941578,649941480,0.0,0.0,-0.7549136
649946581,649946481,0.0,0.0,-0.7549136
649949077,649948979,0.0,0.0,-0.7551128
649952827,649952730,0.0,0.0,-0.7551128
649956578,649956480,0.0,0.0,-0.7551128
649959076,649958979,0.0,0.0,-0.7554773
649962825,649962729,0.0,0.0,-0.7554773
649966581,649966481,0.0,0.0,-0.7554773
649970327,649970230,0.0,0.0,-0.75589156
649974082,649973980,0.0,0.0,-0.75589156
649976578,649976480,0.0,0.0,-0.75589156
649980325,649980229,0.0,0.0,-0.7562027
649984080,649983980,0.0,0.0,-0.7562027
649987827,649987730,0.0,0.0,-0.7562027
649991578,649991480,0.0,0.0,-0.75613755
649994080,649993980,0.0,0.0,-0.75613755
649997827,649997730,0.0,0.0,-0.75613755
650001577,650001480,0.0,0.0,-0.7557868
650005330,650005231,0.0,0.0,-0.7557868
650009080,650008980,0.0,0.0,-0.75518596
650011578,650011480,0.0,0.0,-0.75518596
650015327,650015230,0.0,0.0,-0.75518596
650019077,650018979,0.0,0.0,-0.75429606
650022825,650022729,0.0,0.0,-0.75429606
650026579,650026481,0.0,0.0,-0.75429606
650029080,650028980,0.0,0.0,-0.7532836
650032828,650032730,0.0,0.0,-0.7532836
650036580,650036481,0.0,0.0,-0.7532836
650040326,650040229,0.0,0.0,-0.75252676
650044080,650043980,0.0,0.0,-0.75252676
650046578,650046480,0.0,0.0,-0.75252676
650050328,650050229,0.0,0.0,-0.7519903
650054086,650053984,0.0,0.0,-0.7519903
650057827,650057730,0.0,0.0,-0.7519903
650061577,650061480,0.0,0.0,-0.75160813
650064084,650063980,0.0,0.0,-0.75160813
650067825,650067729,0.0,0.0,-0.75160813
650071577,650071480,0.0,0.0,-0.7515796
650075330,650075230,0.0,0.0,-0.7515796
650079077,650078979,0.0,0.0,-0.7518293
650081578,650081480,0.0,0.0,-0.7518293
650085327,650085230,0.0,0.0,-0.7518293
650089077,650088979,0.0,0.0,-0.7519831
650092825,650092729,0.0,0.0,-0.7519831
650096580,650096481,0.0,0.0,-0.7519831
650099085,650098984,0.0,0.0,-0.752048
650102828,650102730,0.0,0.0,-0.752048
650106582,650106480,0.0,0.0,-0.752048
650110327,650110230,0.0,0.0,-0.75201535
650114080,650113980,0.0,0.0,-0.75201535
650116578,650116480,0.0,0.0,-0.75201535
650120330,650120230,0.0,0.0,-0.7515191
650124087,650123980,0.0,0.0,-0.7515191
650127825,650127729,0.0,0.0,-0.7515191
650131578,650131480,0.0,0.0,-0.75054556
650134080,650133980,0.0,0.0,-0.75054556
650137825,650137729,0.0,0.0,-0.75054556
650141581,650141480,0.0,0.0,-0.74933535
650145326,650145229,0.0,0.0,-0.74933535
650149077,650148979,0.0,0.0,-0.7479179
650151577,650151480,0.0,0.0,-0.7479179
650156581,650156481,0.0,0.0,-0.7479179
650159077,650158979,0.0,0.0,-0.7463942
650162826,650162729,0.0,0.0,-0.7463942
650166580,650166481,0.0,0.0,-0.7463942
650170371,650170273,0.0,0.0,-0.745095
650172827,650172730,0.0,0.0,-0.745095
650176580,650176481,0.0,0.0,-0.745095
650180326,650180229,0.0,0.0,-0.74420196
650184083,650183980,0.0,0.0,-0.74420196
650186579,650186480,0.0,0.0,-0.74420196
650190329,650190230,0.0,0.0,-0.74363065
650194082,650193980,0.0,0.0,-0.74363065
650197827,650197730,0.0,0.0,-0.74363065
650201577,650201480,0.0,0.0,-0.74346566
650204082,650203980,0.0,0.0,-0.74346566
650207826,650207730,0.0,0.0,-0.74346566
650211577,650211479,0.0,0.0,-0.7436832
650215328,650215230,0.0,0.0,-0.7436832
650219077,650218979,0.0,0.0,-0.74415
650221587,650221480,0.0,0.0,-0.74415
650226582,650226482,0.0,0.0,-0.74415
650229087,650228983,0.0,0.0,-0.7445813
650232826,650232729,0.0,0.0,-0.7445813
650236581,650236482,0.0,0.0,-0.7445813
650239080,650238980,0.0,0.0,-0.744818
650242826,650242729,0.0,0.0,-0.744818
650246578,650246480,0.0,0.0,-0.744818
650250329,650250230,0.0,0.0,-0.7449152
650254082,650253980,0.0,0.0,-0.7449152
650256580,650256480,0.0,0.0,-0.7449152
650260329,650260230,0.0,0.0,-0.7446287
650264089,650263984,0.0,0.0,-0.7446287
650267824,650267729,0.0,0.0,-0.7446287
650271577,650271480,0.0,0.0,-0.74392307
650274084,650273983,0.0,0.0,-0.74392307
650277826,650277729,0.0,0.0,-0.74392307
650281577,650281480,0.0,0.0,-0.7431104
650285327,650285230,0.0,0.0,-0.7431104
650289077,650288979,0.0,0.0,-0.7422028
650291577,650291480,0.0,0.0,-0.7422028
650296580,650296481,0.0,0.0,-0.7422028
650299082,650298980,0.0,0.0,-0.74124295
650302826,650302730,0.0,0.0,-0.74124295
650306589,650306480,0.0,0.0,-0.74124295
650309087,650308980,0.0,0.0,-0.74048835
650312826,650312729,0.0,0.0,-0.74048835
650316579,650316480,0.0,0.0,-0.74048835
650320328,650320230,0.0,0.0,-0.7401018
650324081,650323980,0.0,0.0,-0.7401018
650326580,650326481,0.0,0.0,-0.7401018
650330328,650330230,0.0,0.0,-0.7398481
650334081,650333980,0.0,0.0,-0.7398481
650337826,650337729,0.0,0.0,-0.7398481
650341578,650341480,0.0,0.0,-0.7397016
650344081,650343980,0.0,0.0,-0.7397016
650347826,650347729,0.0,0.0,-0.7397016
650351578,650351480,0.0,0.0,-0.73971707
650355328,650355230,0.0,0.0,-0.73971707
650359079,650358979,0.0,0.0,-0.73956794
650361576,650361480,0.0,0.0,-0.73956794
650365327,650365230,0.0,0.0,-0.73956794
650369088,650368985,0.0,0.0,-0.73920083
650372827,650372730,0.0,0.0,-0.73920083
650376579,650376480,0.0,0.0,-0.73920083
650379080,650378980,0.0,0.0,-0.7385757
650382826,650382729,0.0,0.0,-0.7385757
650386580,650386481,0.0,0.0,-0.7385757
650390328,650390230,0.0,0.0,-0.7376524
650394083,650393980,0.0,0.0,-0.7376524
650396580,650396480,0.0,0.0,-0.7376524
650400335,650400230,0.0,0.0,-0.7364219
650404080,650403980,0.0,0.0,-0.7364219
650407826,650407729,0.0,0.0,-0.7364219
650411578,650411480,0.0,0.0,-0.7351131
650414080,650413980,0.0,0.0,-0.7351131
650417826,650417729,0.0,0.0,-0.7351131
650421580,650421480,0.0,0.0,-0.7338755
650425329,650425230,0.0,0.0,-0.7338755
650429086,650428982,0.0,0.0,-0.7329187
650431577,650431480,0.0,0.0,-0.7329187
650435328,650435230,0.0,0.0,-0.7329187
650439080,650438980,0.0,0.0,-0.73220605
650442826,650442729,0.0,0.0,-0.73220605
650446579,650446480,0.0,0.0,-0.73220605
650449078,650448979,0.0,0.0,-0.7318556
650452826,650452729,0.0,0.0,-0.7318556
650456580,650456481,0.0,0.0,-0.7318556
650460329,650460230,0.0,0.0,-0.74331677
650464080,650463980,0.0,0.0,-0.74331677
650466579,650466480,0.0,0.0,-0.74331677
650470327,650470230,0.0,0.0,-0.7547524
650474081,650473981,0.0,0.0,-0.7547524
650477826,650477729,0.0,0.0,-0.7547524
650481578,650481480,0.0,0.0,-0.7658943
650484082,650483981,0.0,0.0,-0.7658943
650487827,650487730,0.0,0.0,-0.7658943
650491571,650491480,0.0,0.0,-0.77684736
650495326,650495229,0.0,0.0,-0.77684736
650499081,650498980,0.0,0.0,-0.78733915
650501576,650501480,0.0,0.0,-0.78733915
650506580,650506481,0.0,0.0,-0.78733915
650509078,650508979,0.0,0.0,-0.79710555
650512825,650512729,0.0,0.0,-0.79710555
650516581,650516480,0.0,0.0,-0.79710555
650519076,650518979,0.0,0.0,-0.80631566
650522825,650522729,0.0,0.0,-0.80631566
650526579,650526480,0.0,0.0,-0.80631566
650530331,650530230,0.0,0.0,-0.81511384
650534081,650533980,0.0,0.0,-0.81511384
650536580,650536481,0.0,0.0,-0.81511384
650540327,650540229,0.0,0.0,-0.82335395
650544080,650543980,0.0,0.0,-0.82335395
650547826,650547729,0.0,0.0,-0.82335395
650551578,650551480,0.0,0.0,-0.831273
650554085,650553980,0.0,0.0,-0.831273
650557830,650557730,0.0,0.0,-0.831273
650561577,650561480,0.0,0.0,-0.8396601
650565326,650565230,0.0,0.0,-0.8396601
650569080,650568980,0.0,0.0,-0.84787434
650571577,650571480,0.0,0.0,-0.84787434
650575330,650575230,0.0,0.0,-0.84787434
650579078,650578979,0.0,0.0,-0.856085
650582826,650582729,0.0,0.0,-0.856085
650586578,650586480,0.0,0.0,-0.856085
650589076,650588979,0.0,0.0,-0.8644325
650592825,650592729,0.0,0.0,-0.8644325
650596580,650596481,0.0,0.0,-0.8644325
650600327,650600229,0.0,0.0,-0.87272465
650604080,650603980,0.0,0.0,-0.87272465
650606581,650606480,0.0,0.0,-0.87272465
650610324,650610229,0.0,0.0,-0.8807575
650614082,650613981,0.0,0.0,-0.8807575
650617826,650617730,0.0,0.0,-0.8807575
650621581,650621482,0.0,0.0,-0.8885466
650624081,650623980,0.0,0.0,-0.8885466
650627826,650627729,0.0,0.0,-0.8885466
650631577,650631480,0.0,0.0,-0.8960229
650635329,650635230,0.0,0.0,-0.8960229
650639077,650638979,0.0,0.0,-0.9030982
650641578,650641479,0.0,0.0,-0.9030982
650645328,650645229,0.0,0.0,-0.9030982
650649078,650648980,0.0,0.0,-0.9097025
650652825,650652729,0.0,0.0,-0.9097025
650656581,650656481,0.0,0.0,-0.9097025
650659077,650658979,0.0,0.0,-0.9158995
650662826,650662729,0.0,0.0,-0.9158995
650666579,650666480,0.0,0.0,-0.9158995
650670328,650670230,0.0,0.0,-0.9219289
650674082,650673980,0.0,0.0,-0.9219289
650676586,650676480,0.0,0.0,-0.9219289
650680327,650680230,0.0,0.0,-0.9278494
650684084,650683980,0.0,0.0,-0.9278494
650687848,650687751,0.0,0.0,-0.9278494
650691578,650691480,0.0,0.0,-0.93379515
650694080,650693980,0.0,0.0,-0.93379515
650697826,650697729,0.0,0.0,-0.93379515
650701577,650701480,0.0,0.0,-0.9400127
650705328,650705230,0.0,0.0,-0.9400127
650709085,650708981,0.0,0.0,-0.9463803
650711578,650711480,0.0,0.0,-0.9463803
650716580,650716480,0.0,0.0,-0.9463803
650719077,650718980,0.0,0.0,-0.9527901
650722826,650722729,0.0,0.0,-0.9527901
650726579,650726480,0.0,0.0,-0.9527901
650729080,650728980,0.0,0.0,-0.95933884
650732827,650732729,0.0,0.0,-0.95933884
650736579,650736480,0.0,0.0,-0.95933884
650740328,650740230,0.0,0.0,-0.9659035
650744081,650743980,0.0,0.0,-0.9659035
650746580,650746481,0.0,0.0,-0.9659035
650750327,650750230,0.0,0.0,-0.97209424
650754081,650753980,0.0,0.0,-0.97209424
650757826,650757730,0.0,0.0,-0.97209424
650761577,650761480,0.0,0.0,-0.9776985
650764083,650763980,0.0,0.0,-0.9776985
650767826,650767730,0.0,0.0,-0.9776985
650771578,650771480,0.0,0.0,-0.982977
650775331,650775230,0.0,0.0,-0.982977
650779079,650778980,0.0,0.0,-0.98776
650781578,650781480,0.0,0.0,-0.98776
650785328,650785230,0.0,0.0,-0.98776
650789080,650788980,0.0,0.0,-0.9921277
650792827,650792730,0.0,0.0,-0.9921277
650796579,650796480,0.0,0.0,-0.9921277
650799080,650798980,0.0,0.0,-0.9964271
650802827,650802730,0.0,0.0,-0.9964271
650806580,650806481,0.0,0.0,-0.9964271
650810327,650810230,0.0,0.0,-1.0
650814080,650813980,0.0,0.0,-1.0
650816580,650816481,0.0,0.0,-1.0
650820328,650820230,0.0,0.0,-0.99999994
650824080,650823980,0.0,0.0,-0.99999994
650827826,650827729,0.0,0.0,-0.99999994
650831578,650831480,0.0,0.0,-1.0
650834081,650833980,0.0,0.0,-1.0
650837826,650837730,0.0,0.0,-1.0
650841578,650841480,0.0,0.0,-1.0
650845328,650845230,0.0,0.0,-1.0
650849080,650848980,0.0,0.0,-1.0
650851577,650851480,0.0,0.0,-1.0
650856581,650856481,0.0,0.0,-1.0
650859077,650858979,0.0,0.0,-1.0
650862826,650862729,0.0,0.0,-1.0
650866580,650866481,0.0,0.0,-1.0
650869080,650868980,0.0,0.0,-1.0
650872827,650872729,0.0,0.0,-1.0
650876580,650876481,0.0,0.0,-1.0
650880328,650880229,0.0,0.0,-1.0
650884080,650883980,0.0,0.0,-1.0
650886578,650886480,0.0,0.0,-1.0
650890328,650890230,0.0,0.0,-1.0
650894081,650893980,0.0,0.0,-1.0
650897827,650897729,0.0,0.0,-1.0
650901577,650901479,0.0,0.0,-0.99999994
650904081,650903980,0.0,0.0,-0.99999994
650907825,650907730,0.0,0.0,-0.99999994
650911578,650911480,0.0,0.0,-0.99999994
650915327,650915230,0.0,0.0,-0.99999994
650919077,650918979,0.0,0.0,-1.0
650921578,650921480,0.0,0.0,-1.0
650926580,650926480,0.0,0.0,-1.0
650929083,650928980,0.0,0.0,-1.0
650932826,650932729,0.0,0.0,-1.0
650936578,650936480,0.0,0.0,-1.0
650939080,650938980,0.0,0.0,-1.0
650942826,650942729,0.0,0.0,-1.0
650946580,650946481,0.0,0.0,-1.0
650950331,650950230,0.0,0.0,-0.99999994
650954082,650953981,0.0,0.0,-0.99999994
650956580,650956481,0.0,0.0,-0.99999994
650960329,650960230,0.0,0.0,-0.99999994
650964084,650963981,0.0,0.0,-0.99999994
650967825,650967729,0.0,0.0,-0.99999994
650971577,650971480,0.0,0.0,-1.0
650974080,650973980,0.0,0.0,-1.0
650977826,650977730,0.0,0.0,-1.0
650981578,650981480,0.0,0.0,-1.0
650985326,650985229,0.0,0.0,-1.0
650989076,650988979,0.0,0.0,-1.0
650991577,650991480,0.0,0.0,-1.0
650995327,650995230,0.0,0.0,-1.0
650999080,650998980,0.0,0.0,-1.0
651002827,651002729,0.0,0.0,-1.0
651006582,651006481,0.0,0.0,-1.0
651009078,651008980,0.0,0.0,-1.0
651012825,651012730,0.0,0.0,-1.0
651016579,651016481,0.0,0.0,-1.0
651020329,651020230,0.0,0.0,-1.0
651024081,651023980,0.0,0.0,-1.0
651026579,651026480,0.0,0.0,-1.0
651030326,651030229,0.0,0.0,-0.99999994
651034082,651033980,0.0,0.0,-0.99999994
651037825,651037730,0.0,0.0,-0.99999994
651041578,651041480,0.0,0.0,-1.0
651044080,651043980,0.0,0.0,-1.0
651047827,651047729,0.0,0.0,-1.0
651051577,651051480,0.0,0.0,-1.0
651055329,651055231,0.0,0.0,-1.0
651059080,651058980,0.0,0.0,-1.0
651061578,651061479,0.0,0.0,-1.0
651065328,651065230,0.0,0.0,-1.0
651069085,651068981,0.0,0.0,-1.0
651072827,651072730,0.0,0.0,-1.0
651076580,651076481,0.0,0.0,-1.0
651079078,651078980,0.0,0.0,-1.0
651082825,651082730,0.0,0.0,-1.0
651086579,651086480,0.0,0.0,-1.0
651090329,651090231,0.0,0.0,-0.99999994
651094080,651093980,0.0,0.0,-0.99999994
651096579,651096480,0.0,0.0,-0.99999994
651100336,651100230,0.0,0.0,-0.99999994
651104082,651103980,0.0,0.0,-0.99999994
651107827,651107729,0.0,0.0,-0.99999994
651111578,651111480,0.0,0.0,-1.0
651114081,651113980,0.0,0.0,-1.0
651117826,651117730,0.0,0.0,-1.0
651121578,651121480,0.0,0.0,-1.0
651125326,651125230,0.0,0.0,-1.0
651129081,651128980,0.0,0.0,-0.99999994
651131578,651131480,0.0,0.0,-0.99999994
651136588,651136481,0.0,0.0,-0.99999994
651139077,651138979,0.0,0.0,-1.0
651142826,651142729,0.0,0.0,-1.0
651146579,651146480,0.0,0.0,-1.0
651149085,651148980,0.0,0.0,-1.0
651152826,651152729,0.0,0.0,-1.0
651156580,651156481,0.0,0.0,-1.0
651160328,651160230,0.0,0.0,-0.99999994
651164081,651163980,0.0,0.0,-0.99999994
651166581,651166482,0.0,0.0,-0.99999994
651170328,651170230,0.0,0.0,-1.0
651174080,651173980,0.0,0.0,-1.0
651177826,651177729,0.0,0.0,-1.0
651181578,651181480,0.0,0.0,-1.0
651184081,651183980,0.0,0.0,-1.0
651187827,651187730,0.0,0.0,-1.0
651191577,651191480,0.0,0.0,-1.0
651195326,651195230,0.0,0.0,-1.0
651199082,651198980,0.0,0.0,-1.0
651201576,651201480,0.0,0.0,-1.0
651206584,651206481,0.0,0.0,-1.0
651209080,651208980,0.0,0.0,-1.0
651212826,651212730,0.0,0.0,-1.0
651216578,651216480,0.0,0.0,-1.0
651219077,651218980,0.0,0.0,-1.0
651222825,651222729,0.0,0.0,-1.0
651226580,651226481,0.0,0.0,-1.0
651230326,651230229,0.0,0.0,-0.99999994
651234081,651233980,0.0,0.0,-0.99999994
651236579,651236480,0.0,0.0,-0.99999994
651240325,651240229,0.0,0.0,-1.0
651244080,651243980,0.0,0.0,-1.0
651247827,651247730,0.0,0.0,-1.0
651251578,651251480,0.0,0.0,-1.0
651254088,651253984,0.0,0.0,-1.0
651257827,651257730,0.0,0.0,-1.0
651261577,651261480,0.0,0.0,-1.0
651265327,651265230,0.0,0.0,-1.0
651269084,651268980,0.0,0.0,-1.0
651271577,651271480,0.0,0.0,-1.0
651275329,651275230,0.0,0.0,-1.0
651279078,651278980,0.0,0.0,-1.0
651282825,651282729,0.0,0.0,-1.0
651286579,651286480,0.0,0.0,-1.0
651289076,651288979,0.0,0.0,-0.99999994
651292826,651292729,0.0,0.0,-0.99999994
651296579,651296480,0.0,0.0,-0.99999994
651300329,651300229,0.0,0.0,-1.0
651304081,651303980,0.0,0.0,-1.0
651306581,651306480,0.0,0.0,-1.0
651310327,651310230,0.0,0.0,-1.0
651314081,651313981,0.0,0.0,-1.0
651317826,651317730,0.0,0.0,-1.0
651321586,651321480,0.0,0.0,-0.99999994
651324082,651323981,0.0,0.0,-0.99999994
651327825,651327729,0.0,0.0,-0.99999994
651331580,651331480,0.0,0.0,-0.99999994
651335329,651335230,0.0,0.0,-0.99999994
651339080,651338979,0.0,0.0,-0.99999994
651341578,651341480,0.0,0.0,-0.99999994
651346580,651346480,0.0,0.0,-0.99999994
651349077,651348980,0.0,0.0,-0.99999994
651352826,651352730,0.0,0.0,-0.99999994
651356580,651356481,0.0,0.0,-0.99999994
651359077,651358979,0.0,0.0,-1.0
651362824,651362729,0.0,0.0,-1.0
651366583,651366480,0.0,0.0,-1.0
651370328,651370230,0.0,0.0,-0.99999994
651374081,651373980,0.0,0.0,-0.99999994
651376579,651376480,0.0,0.0,-0.99999994
651380325,651380229,0.0,0.0,-1.0
651384081,651383981,0.0,0.0,-1.0
651387827,651387730,0.0,0.0,-1.0
651391578,651391480,0.0,0.0,-0.99999994
651394080,651393980,0.0,0.0,-0.99999994
651397826,651397729,0.0,0.0,-0.99999994
651401577,651401480,0.0,0.0,-1.0
651405330,651405231,0.0,0.0,-1.0
651409080,651408981,0.0,0.0,-0.99999994
651411578,651411480,0.0,0.0,-0.99999994
651415328,651415230,0.0,0.0,-0.99999994
651419081,651418983,0.0,0.0,-0.99999994
651422826,651422729,0.0,0.0,-0.99999994
651426579,651426480,0.0,0.0,-0.99999994
651429083,651428981,0.0,0.0,-0.99999994
651432827,651432730,0.0,0.0,-0.99999994
651436580,651436481,0.0,0.0,-0.99999994
651440327,651440229,0.0,0.0,-1.0
651444080,651443980,0.0,0.0,-1.0
651446578,651446480,0.0,0.0,-1.0
651450329,651450230,0.0,0.0,-1.0
651454086,651453980,0.0,0.0,-1.0
651457827,651457730,0.0,0.0,-1.0
651461578,651461480,0.0,0.0,-1.0
651464081,651463981,0.0,0.0,-1.0
651467826,651467729,0.0,0.0,-1.0
651471577,651471480,0.0,0.0,-0.99999994
651475328,651475230,0.0,0.0,-0.99999994
651479080,651478980,0.0,0.0,-1.0
651481578,651481480,0.0,0.0,-1.0
651485328,651485230,0.0,0.0,-1.0
651489077,651488979,0.0,0.0,-1.0
651492825,651492729,0.0,0.0,-1.0
651496580,651496481,0.0,0.0,-1.0
651499083,651498980,0.0,0.0,-1.0
651502826,651502729,0.0,0.0,-1.0
651506581,651506480,0.0,0.0,-1.0
651510325,651510229,0.0,0.0,-1.0
651514081,651513980,0.0,0.0,-1.0
651516579,651516480,0.0,0.0,-1.0
651520328,651520230,0.0,0.0,-1.0
651524080,651523980,0.0,0.0,-1.0
651527827,651527729,0.0,0.0,-1.0
651531577,651531479,0.0,0.0,-0.99999994
651534081,651533981,0.0,0.0,-0.99999994
651537825,651537729,0.0,0.0,-0.99999994
651541578,651541480,0.0,0.0,-1.0
651545327,651545230,0.0,0.0,-1.0
651549077,651548979,0.0,0.0,-1.0
651551579,651551480,0.0,0.0,-1.0
651556581,651556481,0.0,0.0,-1.0
651559077,651558979,0.0,0.0,-1.0
651562827,651562730,0.0,0.0,-1.0
651566579,651566480,0.0,0.0,-1.0
651569081,651568981,0.0,0.0,-1.0
651572827,651572730,0.0,0.0,-1.0
651576579,651576480,0.0,0.0,-1.0
651580327,651580229,0.0,0.0,-0.99999994
651584085,651583984,0.0,0.0,-0.99999994
651586580,651586482,0.0,0.0,-0.99999994
651590328,651590230,0.0,0.0,-0.99999994
651594082,651593980,0.0,0.0,-0.99999994
651597827,651597730,0.0,0.0,-0.99999994
651601577,651601480,0.0,0.0,-1.0
651604081,651603980,0.0,0.0,-1.0
651607826,651607729,0.0,0.0,-1.0
651611577,651611480,0.0,0.0,-0.99999994
651615327,651615230,0.0,0.0,-0.99999994
651619077,651618979,0.0,0.0,-1.0
651621578,651621480,0.0,0.0,-1.0
651625327,651625230,0.0,0.0,-1.0
651629086,651628980,0.0,0.0,-1.0
651632827,651632729,0.0,0.0,-1.0
651636580,651636480,0.0,0.0,-1.0
651639080,651638980,0.0,0.0,-1.0
651642826,651642729,0.0,0.0,-1.0
651646579,651646480,0.0,0.0,-1.0
651650329,651650230,0.0,0.0,-1.0
651654086,651653982,0.0,0.0,-1.0
651656580,651656481,0.0,0.0,-1.0
651660329,651660231,0.0,0.0,-0.9994706
651664086,651663983,0.0,0.0,-0.9994706
651667826,651667729,0.0,0.0,-0.9994706
651671578,651671480,0.0,0.0,-0.99832934
651674083,651673980,0.0,0.0,-0.99832934
651677825,651677729,0.0,0.0,-0.99832934
651681578,651681480,0.0,0.0,-0.9971121
651685327,651685230,0.0,0.0,-0.9971121
651689077,651688979,0.0,0.0,-0.99572825
651691577,651691480,0.0,0.0,-0.99572825
651695326,651695230,0.0,0.0,-0.99572825
651699081,651698980,0.0,0.0,-0.9943927
651702827,651702729,0.0,0.0,-0.9943927
651706581,651706481,0.0,0.0,-0.9943927
651709080,651708980,0.0,0.0,-0.99315155
651712827,651712730,0.0,0.0,-0.99315155
651716578,651716480,0.0,0.0,-0.99315155
651720328,651720230,0.0,0.0,-0.9917888
651724080,651723980,0.0,0.0,-0.9917888
651726580,651726481,0.0,0.0,-0.9917888
651730328,651730230,0.0,0.0,-0.9906168
651734080,651733980,0.0,0.0,-0.9906168
651737825,651737729,0.0,0.0,-0.9906168
651741578,651741480,0.0,0.0,-0.98963517
651744080,651743980,0.0,0.0,-0.98963517
651747826,651747730,0.0,0.0,-0.98963517
651751578,651751480,0.0,0.0,-0.9887599
651755328,651755230,0.0,0.0,-0.9887599
651759083,651758981,0.0,0.0,-0.9871752
651761577,651761480,0.0,0.0,-0.9871752
651765328,651765230,0.0,0.0,-0.9871752
651769080,651768980,0.0,0.0,-0.98566544
651772827,651772730,0.0,0.0,-0.98566544
651776578,651776480,0.0,0.0,-0.98566544
651779079,651778979,0.0,0.0,-0.9840773
651782833,651782729,0.0,0.0,-0.9840773
651786580,651786481,0.0,0.0,-0.9840773
651790328,651790230,0.0,0.0,-0.982387
651794081,651793980,0.0,0.0,-0.982387
651796580,651796480,0.0,0.0,-0.982387
651800326,651800230,0.0,0.0,-0.98060757
651804081,651803980,0.0,0.0,-0.98060757
651807826,651807729,0.0,0.0,-0.98060757
651811578,651811480,0.0,0.0,-0.97873074
651814081,651813980,0.0,0.0,-0.97873074
651817826,651817730,0.0,0.0,-0.97873074
651821579,651821480,0.0,0.0,-0.9767845
651825328,651825230,0.0,0.0,-0.9767845
651829080,651828980,0.0,0.0,-0.9747881
651831577,651831480,0.0,0.0,-0.9747881
651835328,651835230,0.0,0.0,-0.9747881
651839078,651838979,0.0,0.0,-0.9727858
651842825,651842729,0.0,0.0,-0.9727858
651846578,651846480,0.0,0.0,-0.9727858
651849078,651848980,0.0,0.0,-0.97105813
651852825,651852729,0.0,0.0,-0.97105813
651856581,651856481,0.0,0.0,-0.97105813
651860329,651860231,0.0,0.0,-0.9687013
651864082,651863980,0.0,0.0,-0.9687013
651866579,651866480,0.0,0.0,-0.9687013
651870326,651870229,0.0,0.0,-0.96648157
651874089,651873980,0.0,0.0,-0.96648157
651877826,651877729,0.0,0.0,-0.96648157
651881578,651881480,0.0,0.0,-0.96456176
651884081,651883980,0.0,0.0,-0.96456176
651887827,651887730,0.0,0.0,-0.96456176
651891578,651891480,0.0,0.0,-0.9628718
651895327,651895230,0.0,0.0,-0.9628718
651899084,651898980,0.0,0.0,-0.9611717
651901578,651901479,0.0,0.0,-0.9611717
651906582,651906480,0.0,0.0,-0.9611717
651909078,651908979,0.0,0.0,-0.9595506
651912826,651912730,0.0,0.0,-0.9595506
651916580,651916481,0.0,0.0,-0.9595506
651919076,651918979,0.0,0.0,-0.957985
651922827,651922730,0.0,0.0,-0.957985
651926579,651926480,0.0,0.0,-0.957985
651930331,651930229,0.0,0.0,-0.95618343
651934080,651933980,0.0,0.0,-0.95618343
651936578,651936480,0.0,0.0,-0.95618343
651940328,651940230,0.0,0.0,-0.95423573
651944081,651943980,0.0,0.0,-0.95423573
651947826,651947729,0.0,0.0,-0.95423573
651951578,651951480,0.0,0.0,-0.9523323
651954085,651953980,0.0,0.0,-0.9523323
651957830,651957730,0.0,0.0,-0.9523323
651961578,651961480,0.0,0.0,-0.9495428
651965325,651965229,0.0,0.0,-0.9495428
651969081,651968980,0.0,0.0,-0.94674116
651971577,651971480,0.0,0.0,-0.94674116
651975329,651975231,0.0,0.0,-0.94674116
651979077,651978979,0.0,0.0,-0.9441049
651982827,651982730,0.0,0.0,-0.9441049
651986579,651986481,0.0,0.0,-0.9441049
651989077,651988979,0.0,0.0,-0.94156265
651992837,651992729,0.0,0.0,-0.94156265
651996579,651996480,0.0,0.0,-0.94156265
652000327,652000230,0.0,0.0,-0.93910384
652004083,652003981,0.0,0.0,-0.93910384
652006580,652006481,0.0,0.0,-0.93910384
652010326,652010229,0.0,0.0,-0.9368389
652014080,652013980,0.0,0.0,-0.9368389
652017826,652017729,0.0,0.0,-0.9368389
652021578,652021480,0.0,0.0,-0.93469375
652024081,652023981,0.0,0.0,-0.93469375
652027826,652027730,0.0,0.0,-0.93469375
652031577,652031480,0.0,0.0,-0.93254125
652035329,652035231,0.0,0.0,-0.93254125
652039081,652038980,0.0,0.0,-0.93036
652041577,652041480,0.0,0.0,-0.93036
652046581,652046481,0.0,0.0,-0.93036
652049078,652048980,0.0,0.0,-0.9280864
652052825,652052729,0.0,0.0,-0.9280864
652056580,652056481,0.0,0.0,-0.9280864
652059084,652058979,0.0,0.0,-0.9250418
652062825,652062729,0.0,0.0,-0.9250418
652066580,652066481,0.0,0.0,-0.9250418
652070328,652070230,0.0,0.0,-0.92192113
652074081,652073980,0.0,0.0,-0.92192113
652076579,652076480,0.0,0.0,-0.92192113
652080325,652080229,0.0,0.0,-0.918716
652084080,652083980,0.0,0.0,-0.918716
652087827,652087730,0.0,0.0,-0.918716
652091578,652091480,0.0,0.0,-0.91555583
652094082,652093980,0.0,0.0,-0.91555583
652097826,652097730,0.0,0.0,-0.91555583
652101577,652101480,0.0,0.0,-0.912501
652105330,652105231,0.0,0.0,-0.912501
652109080,652108980,0.0,0.0,-0.9095822
652111577,652111480,0.0,0.0,-0.9095822
652116580,652116481,0.0,0.0,-0.9095822
652119078,652118979,0.0,0.0,-0.90686
652122826,652122729,0.0,0.0,-0.90686
652126578,652126480,0.0,0.0,-0.90686
652129086,652128980,0.0,0.0,-0.9044288
652132826,652132730,0.0,0.0,-0.9044288
652136579,652136480,0.0,0.0,-0.9044288
652140327,652140230,0.0,0.0,-0.9021314
652144080,652143980,0.0,0.0,-0.9021314
652146578,652146480,0.0,0.0,-0.9021314
652150328,652150230,0.0,0.0,-0.89987797
652154081,652153980,0.0,0.0,-0.89987797
652157826,652157729,0.0,0.0,-0.89987797
652161577,652161480,0.0,0.0,-0.8971037
652164080,652163980,0.0,0.0,-0.8971037
652167825,652167729,0.0,0.0,-0.8971037
652171578,652171480,0.0,0.0,-0.894298
652175327,652175230,0.0,0.0,-0.894298
652179080,652178982,0.0,0.0,-0.89137137
652181578,652181480,0.0,0.0,-0.89137137
652185327,652185230,0.0,0.0,-0.89137137
652189080,652188980,0.0,0.0,-0.8884281
652192826,652192730,0.0,0.0,-0.8884281
652196578,652196480,0.0,0.0,-0.8884281
652199081,652198980,0.0,0.0,-0.88540816
652202826,652202729,0.0,0.0,-0.88540816
652206581,652206480,0.0,0.0,-0.88540816
652210328,652210230,0.0,0.0,-0.88221
652214080,652213980,0.0,0.0,-0.88221
652216579,652216481,0.0,0.0,-0.88221
652220327,652220230,0.0,0.0,-0.87907845
652224080,652223980,0.0,0.0,-0.87907845
652227825,652227729,0.0,0.0,-0.87907845
652231578,652231480,0.0,0.0,-0.8760396
652234081,652233980,0.0,0.0,-0.8760396
652237826,652237730,0.0,0.0,-0.8760396
652241577,652241479,0.0,0.0,-0.8729867
652245326,652245229,0.0,0.0,-0.8729867
652249085,652248980,0.0,0.0,-0.87003773
652251577,652251480,0.0,0.0,-0.87003773
652256581,652256481,0.0,0.0,-0.87003773
652259080,652258980,0.0,0.0,-0.86658716
652262827,652262729,0.0,0.0,-0.86658716
652266579,652266480,0.0,0.0,-0.86658716
652269078,652268979,0.0,0.0,-0.86326176
652272825,652272729,0.0,0.0,-0.86326176
652276579,652276481,0.0,0.0,-0.86326176
652280327,652280229,0.0,0.0,-0.85999084
652284082,652283980,0.0,0.0,-0.85999084
652286579,652286480,0.0,0.0,-0.85999084
652290325,652290229,0.0,0.0,-0.85675806
652294079,652293980,0.0,0.0,-0.85675806
652297826,652297730,0.0,0.0,-0.85675806
652301579,652301480,0.0,0.0,-0.8534672
652304080,652303980,0.0,0.0,-0.8534672
652307826,652307730,0.0,0.0,-0.8534672
652311577,652311480,0.0,0.0,-0.8500917
652315328,652315230,0.0,0.0,-0.8500917
652319080,652318980,0.0,0.0,-0.8467323
652321581,652321480,0.0,0.0,-0.8467323
652325328,652325230,0.0,0.0,-0.8467323
652329078,652328979,0.0,0.0,-0.8433303
652332826,652332730,0.0,0.0,-0.8433303
652336580,652336481,0.0,0.0,-0.8433303
652339084,652338980,0.0,0.0,-0.8400127
652342826,652342730,0.0,0.0,-0.8400127
652346579,652346480,0.0,0.0,-0.8400127
652350326,652350230,0.0,0.0,-0.8367305
652354082,652353980,0.0,0.0,-0.8367305
652356581,652356481,0.0,0.0,-0.8367305
652360328,652360230,0.0,0.0,-0.83289784
652364080,652363980,0.0,0.0,-0.83289784
652367827,652367729,0.0,0.0,-0.83289784
652371577,652371480,0.0,0.0,-0.8292919
652374086,652373980,0.0,0.0,-0.8292919
652377828,652377730,0.0,0.0,-0.8292919
652381578,652381480,0.0,0.0,-0.82593566
652385328,652385230,0.0,0.0,-0.82593566
652389077,652388980,0.0,0.0,-0.82264996
652391578,652391480,0.0,0.0,-0.82264996
652396581,652396481,0.0,0.0,-0.82264996
652399081,652398980,0.0,0.0,-0.81954056
652402826,652402730,0.0,0.0,-0.81954056
652406581,652406480,0.0,0.0,-0.81954056
652409083,652408982,0.0,0.0,-0.81659806
652412826,652412729,0.0,0.0,-0.81659806
652416579,652416480,0.0,0.0,-0.81659806
652420329,652420230,0.0,0.0,-0.8135369
652424080,652423980,0.0,0.0,-0.8135369
652426589,652426482,0.0,0.0,-0.8135369
652430328,652430230,0.0,0.0,-0.81048405
652434080,652433980,0.0,0.0,-0.81048405
652437825,652437730,0.0,0.0,-0.81048405
652441579,652441480,0.0,0.0,-0.8074702
652444081,652443980,0.0,0.0,-0.8074702
652447827,652447730,0.0,0.0,-0.8074702
652451577,652451480,0.0,0.0,-0.8041841
652455328,652455230,0.0,0.0,-0.8041841
652459084,652458980,0.0,0.0,-0.8003379
652461577,652461480,0.0,0.0,-0.8003379
652465328,652465230,0.0,0.0,-0.8003379
652469081,652468980,0.0,0.0,-0.79653084
652472827,652472729,0.0,0.0,-0.79653084
652476578,652476480,0.0,0.0,-0.79653084
652479077,652478979,0.0,0.0,-0.79264987
652482826,652482729,0.0,0.0,-0.79264987
652486580,652486481,0.0,0.0,-0.79264987
652490327,652490230,0.0,0.0,-0.7888036
652494081,652493980,0.0,0.0,-0.7888036
652496580,652496480,0.0,0.0,-0.7888036
652500325,652500229,0.0,0.0,-0.7851518
652504124,652504016,0.0,0.0,-0.7851518
652507827,652507729,0.0,0.0,-0.7851518
652511578,652511480,0.0,0.0,-0.78161985
652514083,652513980,0.0,0.0,-0.78161985
652517826,652517729,0.0,0.0,-0.78161985
652521577,652521480,0.0,0.0,-0.7781113
652525328,652525230,0.0,0.0,-0.7781113
652529079,652528980,0.0,0.0,-0.77475154
652531577,652531480,0.0,0.0,-0.77475154
652535327,652535230,0.0,0.0,-0.77475154
652539077,652538980,0.0,0.0,-0.7715163
652542825,652542729,0.0,0.0,-0.7715163
652546579,652546481,0.0,0.0,-0.7715163
652549085,652548981,0.0,0.0,-0.76829726
652552826,652552729,0.0,0.0,-0.76829726
652556580,652556481,0.0,0.0,-0.76829726
652560325,652560229,0.0,0.0,-0.7647487
652564080,652563980,0.0,0.0,-0.7647487
652566580,652566481,0.0,0.0,-0.7647487
652570328,652570229,0.0,0.0,-0.761163
652574084,652573984,0.0,0.0,-0.761163
652577827,652577729,0.0,0.0,-0.761163
652581577,652581480,0.0,0.0,-0.7574885
652584081,652583980,0.0,0.0,-0.7574885
652587825,652587729,0.0,0.0,-0.7574885
652591578,652591480,0.0,0.0,-0.7538275
652595328,652595230,0.0,0.0,-0.7538275
652599078,652598979,0.0,0.0,-0.75020456
652601578,652601480,0.0,0.0,-0.75020456
652606580,652606481,0.0,0.0,-0.75020456
652609085,652608981,0.0,0.0,-0.74511385
652612831,652612733,0.0,0.0,-0.74511385
652616578,652616480,0.0,0.0,-0.74511385
652619080,652618980,0.0,0.0,-0.7401754
652622826,652622730,0.0,0.0,-0.7401754
652626578,652626480,0.0,0.0,-0.7401754
652630333,652630230,0.0,0.0,-0.73532844
652634082,652633980,0.0,0.0,-0.73532844
652636580,652636481,0.0,0.0,-0.73532844
652640330,652640231,0.0,0.0,-0.7306513
652644080,652643980,0.0,0.0,-0.7306513
652647825,652647729,0.0,0.0,-0.7306513
652651578,652651480,0.0,0.0,-0.72633874
652654082,652653981,0.0,0.0,-0.72633874
652657828,652657730,0.0,0.0,-0.72633874
652661577,652661480,0.0,0.0,-0.7217349
652665325,652665229,0.0,0.0,-0.7217349
652669085,652668980,0.0,0.0,-0.71706843
652671576,652671480,0.0,0.0,-0.71706843
652675328,652675230,0.0,0.0,-0.71706843
652679080,652678980,0.0,0.0,-0.71251446
652682826,652682729,0.0,0.0,-0.71251446
652686578,652686480,0.0,0.0,-0.71251446
652689078,652688980,0.0,0.0,-0.70786214
652692825,652692729,0.0,0.0,-0.70786214
652696581,652696481,0.0,0.0,-0.70786214
652700328,652700230,0.0,0.0,-0.7029519
652704088,652703980,0.0,0.0,-0.7029519
652706581,652706480,0.0,0.0,-0.7029519
652710325,652710229,0.0,0.0,-0.6980508
652714080,652713980,0.0,0.0,-0.6980508
652717826,652717729,0.0,0.0,-0.6980508
652721579,652721480,0.0,0.0,-0.69306767
652724081,652723980,0.0,0.0,-0.69306767
652727826,652727730,0.0,0.0,-0.69306767
652731577,652731480,0.0,0.0,-0.6878261
652735328,652735230,0.0,0.0,-0.6878261
652739082,652738982,0.0,0.0,-0.68259794
652741578,652741480,0.0,0.0,-0.68259794
652745332,652745230,0.0,0.0,-0.68259794
652749077,652748979,0.0,0.0,-0.67762774
652752825,652752729,0.0,0.0,-0.67762774
652756581,652756481,0.0,0.0,-0.67762774
652759077,652758979,0.0,0.0,-0.6724217
652762825,652762729,0.0,0.0,-0.6724217
652766581,652766482,0.0,0.0,-0.6724217
652770327,652770230,0.0,0.0,-0.6673791
652774081,652773980,0.0,0.0,-0.6673791
652776591,652776491,0.0,0.0,-0.6673791
652780326,652780229,0.0,0.0,-0.6626138
652784080,652783980,0.0,0.0,-0.6626138
652787827,652787730,0.0,0.0,-0.6626138
652791578,652791480,0.0,0.0,-0.6578514
652794081,652793981,0.0,0.0,-0.6578514
652797826,652797729,0.0,0.0,-0.6578514
652801577,652801480,0.0,0.0,-0.6530997
652805330,652805231,0.0,0.0,-0.6530997
652809080,652808980,0.0,0.0,-0.64846563
652811580,652811480,0.0,0.0,-0.64846563
652815327,652815230,0.0,0.0,-0.64846563
652819077,652818980,0.0,0.0,-0.6438155
652822826,652822729,0.0,0.0,-0.6438155
652826580,652826481,0.0,0.0,-0.6438155
652829083,652828980,0.0,0.0,-0.6389991
652832827,652832729,0.0,0.0,-0.6389991
652836579,652836480,0.0,0.0,-0.6389991
652840327,652840230,0.0,0.0,-0.63415694
652844079,652843980,0.0,0.0,-0.63415694
652846580,652846481,0.0,0.0,-0.63415694
652850328,652850230,0.0,0.0,-0.62929326
652854081,652853980,0.0,0.0,-0.62929326
652857827,652857730,0.0,0.0,-0.62929326
652861577,652861480,0.0,0.0,-0.624335
652864083,652863980,0.0,0.0,-0.624335
652867826,652867729,0.0,0.0,-0.624335
652871578,652871480,0.0,0.0,-0.61944604
652875335,652875231,0.0,0.0,-0.61944604
652879084,652878982,0.0,0.0,-0.001
652881581,652881480,0.0,0.0,-0.001
652886592,652886482,0.0,0.0,-0.001
652889089,652888980,0.0,0.0,-0.001
652892828,652892730,0.0,0.0,-0.001
652896586,652896485,0.0,0.0,-0.001
652899088,652898983,0.0,0.0,-0.001
652902833,652902730,0.0,0.0,-0.001
652906584,652906482,0.0,0.0,-0.001
652910329,652910230,0.0,0.0,-0.001
652914085,652913982,0.0,0.0,-0.001
652916582,652916481,0.0,0.0,-0.001
652920331,652920231,0.0,0.0,-0.001
652924086,652923982,0.0,0.0,-0.001
652927830,652927730,0.0,0.0,-0.001
652931580,652931480,0.0,0.0,-0.001
652934086,652933982,0.0,0.0,-0.001
652937828,652937730,0.0,0.0,-0.001
652941580,652941480,0.0,0.0,-0.001
652945331,652945230,0.0,0.0,-0.001
652949083,652948982,0.0,0.0,-0.001
652951581,652951480,0.0,0.0,-0.001
652956586,652956483,0.0,0.0,-0.001
652959079,652958980,0.0,0.0,-0.001
652962827,652962730,0.0,0.0,-0.001
652966583,652966482,0.0,0.0,-0.001
652969089,652968983,0.0,0.0,-0.001
652972829,652972730,0.0,0.0,-0.001
652976581,652976481,0.0,0.0,-0.001
652980320,652980230,0.0,0.0,-0.001
652984086,652983982,0.0,0.0,-0.001
652986581,652986481,0.0,0.0,-0.001
652990330,652990230,0.0,0.0,-0.001
652994085,652993982,0.0,0.0,-0.001
652997829,652997730,0.0,0.0,-0.001
653001579,653001480,0.0,0.0,-0.001
653004086,653003982,0.0,0.0,-0.001
653007828,653007730,0.0,0.0,-0.001
653011580,653011481,0.0,0.0,-0.001
653015331,653015231,0.0,0.0,-0.001
653019080,653018980,0.0,0.0,-0.001
653021584,653021480,0.0,0.0,-0.001
653026586,653026482,0.0,0.0,-0.001
653029091,653028983,0.0,0.0,-0.001
653032829,653032730,0.0,0.0,-0.001
653036582,653036481,0.0,0.0,-0.001
653039084,653038982,0.0,0.0,-0.001
653042829,653042730,0.0,0.0,-0.001
653046581,653046481,0.0,0.0,-0.001
653050330,653050230,0.0,0.0,-0.001
653054087,653053982,0.0,0.0,-0.001
653056589,653056482,0.0,0.0,-0.001
653060329,653060230,0.0,0.0,-0.001
653064085,653063982,0.0,0.0,-0.001
653067828,653067730,0.0,0.0,-0.001
653071580,653071480,0.0,0.0,-0.001
653074086,653073982,0.0,0.0,-0.001
653077829,653077730,0.0,0.0,-0.001
653081581,653081480,0.0,0.0,-0.001
653085329,653085230,0.0,0.0,-0.001
653089089,653088983,0.0,0.0,-0.001
653091579,653091480,0.0,0.0,-0.001
653095335,653095231,0.0,0.0,-0.001
653099084,653098982,0.0,0.0,-0.001
653102829,653102730,0.0,0.0,-0.001
653106585,653106485,0.0,0.0,-0.001
653109081,653108980,0.0,0.0,-0.001
653112828,653112730,0.0,0.0,-0.001
653116583,653116482,0.0,0.0,-0.001
653120334,653120231,0.0,0.0,-0.001
653124087,653123982,0.0,0.0,-0.001
653126582,653126481,0.0,0.0,-0.001
653130327,653130230,0.0,0.0,-0.001
653134085,653133982,0.0,0.0,-0.001
653137828,653137730,0.0,0.0,-0.001
653141581,653141480,0.0,0.0,-0.001
653144086,653143982,0.0,0.0,-0.001
653147829,653147730,0.0,0.0,-0.001
653151579,653151480,0.0,0.0,-0.001
653155332,653155231,0.0,0.0,-0.001
653159084,653158982,0.0,0.0,-0.001
653161580,653161480,0.0,0.0,-0.001
653165331,653165230,0.0,0.0,-0.001
653169081,653168981,0.0,0.0,-0.001
653172829,653172730,0.0,0.0,-0.001
653176584,653176482,0.0,0.0,-0.001
653179080,653178980,0.0,0.0,-0.001
653182829,653182731,0.0,0.0,-0.001
653186581,653186481,0.0,0.0,-0.001
653190329,653190231,0.0,0.0,-0.001
653194081,653193980,0.0,0.0,-0.001
653196581,653196481,0.0,0.0,-0.001
653200331,653200231,0.0,0.0,-0.001
653204081,653203981,0.0,0.0,-0.001
653207831,653207731,0.0,0.0,-0.001
653211580,653211481,0.0,0.0,-0.001
653214082,653213981,0.0,0.0,-0.001
653217829,653217730,0.0,0.0,-0.001
653221579,653221480,0.0,0.0,-0.001
653225328,653225230,0.0,0.0,-0.001
653229088,653228987,0.0,0.0,-0.001
653231579,653231481,0.0,0.0,-0.001
653236585,653236482,0.0,0.0,-0.001
653239081,653238981,0.0,0.0,-0.001
653242829,653242731,0.0,0.0,-0.001
653246582,653246481,0.0,0.0,-0.001
653249091,653248983,0.0,0.0,-0.001
653252832,653252730,0.0,0.0,-0.001
653256591,653256483,0.0,0.0,-0.001
653260329,653260230,0.0,0.0,-0.001
653264091,653263983,0.0,0.0,-0.001
653266582,653266482,0.0,0.0,-0.001
653270330,653270231,0.0,0.0,-0.001
653274080,653273980,0.0,0.0,-0.001
653277828,653277730,0.0,0.0,-0.001
653281580,653281480,0.0,0.0,-0.001
653284083,653283982,0.0,0.0,-0.001
653287829,653287730,0.0,0.0,-0.001
653291580,653291481,0.0,0.0,-0.001
653295328,653295230,0.0,0.0,-0.001
653299087,653298982,0.0,0.0,-0.001
653301579,653301480,0.0,0.0,-0.001
653305331,653305231,0.0,0.0,-0.001
653309090,653308983,0.0,0.0,-0.001
653312828,653312730,0.0,0.0,-0.001
653316581,653316481,0.0,0.0,-0.001
653319084,653318980,0.0,0.0,-0.001
653322828,653322730,0.0,0.0,-0.001
653326582,653326482,0.0,0.0,-0.001
653330331,653330231,0.0,0.0,-0.001
653334080,653333980,0.0,0.0,-0.001
653336581,653336481,0.0,0.0,-0.001
653340329,653340230,0.0,0.0,-0.001
653344083,653343982,0.0,0.0,-0.001
653347828,653347730,0.0,0.0,-0.001
653351580,653351480,0.0,0.0,-0.001
653354087,653353983,0.0,0.0,-0.001
653357829,653357730,0.0,0.0,-0.001
653361579,653361480,0.0,0.0,-0.001
653365330,653365230,0.0,0.0,-0.001
653369090,653368983,0.0,0.0,-0.001
653371580,653371480,0.0,0.0,-0.001
653375331,653375231,0.0,0.0,-0.001
653379079,653378980,0.0,0.0,-0.001
653382829,653382730,0.0,0.0,-0.001
653386582,653386482,0.0,0.0,-0.001
653389083,653388982,0.0,0.0,-0.001
653392828,653392730,0.0,0.0,-0.001
653396581,653396481,0.0,0.0,-0.001
653400330,653400231,0.0,0.0,-0.001
653404086,653403982,0.0,0.0,-0.001
653406585,653406485,0.0,0.0,-0.001
653410329,653410230,0.0,0.0,-0.001
653414090,653413983,0.0,0.0,-0.001
653417832,653417730,0.0,0.0,-0.001
653421581,653421481,0.0,0.0,-0.001
653424079,653423980,0.0,0.0,-0.001
653427832,653427730,0.0,0.0,-0.001
653431579,653431481,0.0,0.0,-0.001
653435330,653435231,0.0,0.0,-0.001
653439079,653438980,0.0,0.0,-0.001
653441587,653441480,0.0,0.0,-0.001
653446584,653446482,0.0,0.0,-0.001
653449084,653448983,0.0,0.0,-0.001
653452828,653452730,0.0,0.0,-0.001
653456584,653456482,0.0,0.0,-0.001
653459110,653459005,0.0,0.0,-0.001
653462827,653462730,0.0,0.0,-0.001
653466581,653466481,0.0,0.0,-0.001
653470331,653470230,0.0,0.0,-0.001
653474080,653473980,0.0,0.0,-0.001
653476584,653476482,0.0,0.0,-0.001
653480327,653480230,0.0,0.0,-0.001
653484092,653483983,0.0,0.0,-0.001
653487829,653487730,0.0,0.0,-0.001
653491580,653491480,0.0,0.0,-0.001
653494084,653493982,0.0,0.0,-0.001
653497829,653497730,0.0,0.0,-0.001
653501580,653501480,0.0,0.0,-0.001
653505332,653505232,0.0,0.0,-0.001
653509083,653508982,0.0,0.0,-0.001
653511579,653511480,0.0,0.0,-0.001
653515323,653515230,0.0,0.0,-0.001
653519080,653518980,0.0,0.0,-0.001
653522827,653522730,0.0,0.0,-0.001
653526581,653526481,0.0,0.0,-0.001
653529087,653528982,0.0,0.0,-0.001
653532828,653532730,0.0,0.0,-0.001
653536583,653536482,0.0,0.0,-0.001
653540328,653540230,0.0,0.0,-0.001
653544091,653543983,0.0,0.0,-0.001
653546582,653546481,0.0,0.0,-0.001
653550335,653550233,0.0,0.0,-0.001
653554085,653553982,0.0,0.0,-0.001
653557833,653557730,0.0,0.0,-0.001
653561579,653561480,0.0,0.0,-0.001
653564081,653563982,0.0,0.0,-0.001
653567828,653567730,0.0,0.0,-0.001
653571579,653571480,0.0,0.0,-0.001
653575329,653575230,0.0,0.0,-0.001
653579083,653578980,0.0,0.0,-0.001
653581580,653581480,0.0,0.0,-0.001
653585327,653585230,0.0,0.0,-0.001
653589089,653588983,0.0,0.0,-0.001
653592828,653592730,0.0,0.0,-0.001
653596583,653596483,0.0,0.0,-0.001
653599083,653598982,0.0,0.0,-0.001
653602828,653602730,0.0,0.0,-0.001
653606586,653606482,0.0,0.0,-0.001
653610330,653610231,0.0,0.0,-0.001
653614084,653613982,0.0,0.0,-0.001
653616581,653616481,0.0,0.0,-0.001
653620329,653620230,0.0,0.0,-0.001
653624085,653623981,0.0,0.0,-0.001
653627828,653627730,0.0,0.0,-0.001
653631580,653631480,0.0,0.0,-0.001
653634090,653633984,0.0,0.0,-0.001
653637829,653637730,0.0,0.0,-0.001
653641579,653641480,0.0,0.0,-0.001
653645328,653645230,0.0,0.0,-0.001
653649086,653648983,0.0,0.0,-0.001
653651579,653651480,0.0,0.0,-0.001
653656585,653656482,0.0,0.0,-0.001
653659083,653658983,0.0,0.0,-0.001
653662828,653662730,0.0,0.0,-0.001
653666582,653666482,0.0,0.0,-0.001
653669079,653668980,0.0,0.0,-0.001
653672829,653672730,0.0,0.0,-0.001
653676583,653676482,0.0,0.0,-0.001
653680329,653680230,0.0,0.0,-0.001
653684080,653683980,0.0,0.0,-0.001
653686582,653686482,0.0,0.0,-0.001
653690328,653690230,0.0,0.0,-0.001
653694086,653693983,0.0,0.0,-0.001
653697829,653697730,0.0,0.0,-0.001
653701580,653701480,0.0,0.0,-0.001
653704083,653703982,0.0,0.0,-0.001
653707828,653707730,0.0,0.0,-0.001
653711580,653711480,0.0,0.0,-0.001
653715330,653715231,0.0,0.0,-0.001
653719083,653718982,0.0,0.0,-0.001
653721579,653721480,0.0,0.0,-0.001
653725330,653725230,0.0,0.0,-0.001
653729082,653728983,0.0,0.0,-0.001
653732828,653732730,0.0,0.0,-0.001
653736582,653736482,0.0,0.0,-0.001
653739087,653738984,0.0,0.0,-0.001
653742828,653742730,0.0,0.0,-0.001
653746583,653746482,0.0,0.0,-0.001
653750327,653750230,0.0,0.0,-0.001
653754095,653753987,0.0,0.0,-0.001
653756583,653756482,0.0,0.0,-0.001
653760330,653760231,0.0,0.0,-0.001
653764087,653763982,0.0,0.0,-0.001
653767829,653767730,0.0,0.0,-0.001
653771579,653771480,0.0,0.0,-0.001
653774079,653773980,0.0,0.0,-0.001
653777829,653777730,0.0,0.0,-0.001
653781579,653781480,0.0,0.0,-0.001
653785330,653785230,0.0,0.0,-0.001
653789083,653788982,0.0,0.0,-0.001
653791581,653791480,0.0,0.0,-0.001
653796586,653796484,0.0,0.0,-0.001
653799091,653798983,0.0,0.0,-0.001
653802828,653802730,0.0,0.0,-0.001
653806584,653806482,0.0,0.0,-0.001
653809092,653808982,0.0,0.0,-0.001
653812828,653812730,0.0,0.0,-0.001
653816581,653816481,0.0,0.0,-0.001
653820330,653820231,0.0,0.0,-0.001
653824083,653823982,0.0,0.0,-0.001
653826580,653826481,0.0,0.0,-0.001
653830329,653830230,0.0,0.0,-0.001
653834080,653833980,0.0,0.0,-0.001
653837829,653837730,0.0,0.0,-0.001
653841580,653841480,0.0,0.0,-0.001
653844086,653843982,0.0,0.0,-0.001
653847829,653847730,0.0,0.0,-0.001
653851580,653851480,0.0,0.0,-0.001
653855330,653855231,0.0,0.0,-0.001
653859087,653858983,0.0,0.0,-0.001
653861579,653861480,0.0,0.0,-0.001
653866584,653866482,0.0,0.0,-0.001
653869083,653868982,0.0,0.0,-0.001
653872829,653872730,0.0,0.0,-0.001
