timestamp,roll_body,pitch_body,yaw_body,yaw_sp_move_rate,q_d[0],q_d[1],q_d[2],q_d[3],thrust_body[0],thrust_body[1],thrust_body[2],reset_integral,fw_control_yaw_wheel
630561683,0.0,0.0,1.5555334,0.0,0.7124824,0.0,0.0,0.70169,0.0,0.0,-0.001,0,0
630571752,0.0,0.0,1.5554323,0.0,0.71251786,0.0,0.0,0.701654,0.0,0.0,-0.001,0,0
630581682,0.0,0.0,1.5553477,0.0,0.7125476,0.0,0.0,0.70162374,0.0,0.0,-0.001,0,0
630591700,0.0,0.0,1.5555637,0.0,0.7124718,0.0,0.0,0.70170075,0.0,0.0,-0.001,0,0
630601723,0.0,0.0,1.5560173,0.0,0.7123126,0.0,0.0,0.7018624,0.0,0.0,-0.001,0,0
630611827,0.0,0.0,1.556214,0.0,0.7122436,0.0,0.0,0.70193243,0.0,0.0,-0.001,0,0
630621681,0.0,0.0,1.5559301,0.0,0.7123432,0.0,0.0,0.7018313,0.0,0.0,-0.001,0,0
630631738,0.0,0.0,1.5556543,0.0,0.71244,0.0,0.0,0.701733,0.0,0.0,-0.001,0,0
630641779,0.0,0.0,1.5553617,0.0,0.71254265,0.0,0.0,0.7016288,0.0,0.0,-0.001,0,0
630651843,0.0,0.0,1.5550281,0.0,0.71265966,0.0,0.0,0.70151,0.0,0.0,-0.001,0,0
630661712,0.0,0.0,1.5548867,0.0,0.71270925,0.0,0.0,0.7014596,0.0,0.0,-0.001,0,0
630671708,0.0,0.0,1.5550042,0.0,0.712668,0.0,0.0,0.7015014,0.0,0.0,-0.001,0,0
630681713,0.0,0.0,1.555276,0.0,0.7125727,0.0,0.0,0.70159835,0.0,0.0,-0.001,0,0
630691733,0.0,0.0,1.5555311,0.0,0.71248317,0.0,0.0,0.70168924,0.0,0.0,-0.001,0,0
630701686,0.0,0.0,1.5556923,0.0,0.71242666,0.0,0.0,0.70174664,0.0,0.0,-0.001,0,0
630711728,0.0,0.0,1.5557178,0.0,0.7124177,0.0,0.0,0.7017557,0.0,0.0,-0.001,0,0
630721708,0.0,0.0,1.5556263,0.0,0.71244985,0.0,0.0,0.7017231,0.0,0.0,-0.001,0,0
630731714,0.0,0.0,1.55549,0.0,0.71249765,0.0,0.0,0.7016745,0.0,0.0,-0.001,0,0
630741713,0.0,0.0,1.5553716,0.0,0.71253914,0.0,0.0,0.70163244,0.0,0.0,-0.001,0,0
630751866,0.0,0.0,1.5553212,0.0,0.71255684,0.0,0.0,0.7016145,0.0,0.0,-0.001,0,0
630761682,0.0,0.0,1.555326,0.0,0.71255517,0.0,0.0,0.7016161,0.0,0.0,-0.001,0,0
630771752,0.0,0.0,1.5553961,0.0,0.7125306,0.0,0.0,0.701641,0.0,0.0,-0.001,0,0
630781706,0.0,0.0,1.5555282,0.0,0.71248424,0.0,0.0,0.7016881,0.0,0.0,-0.001,0,0
630791704,0.0,0.0,1.555628,0.0,0.71244925,0.0,0.0,0.7017237,0.0,0.0,-0.001,0,0
630801691,0.0,0.0,1.5556842,0.0,0.71242946,0.0,0.0,0.70174384,0.0,0.0,-0.001,0,0
630811778,0.0,0.0,1.5556294,0.0,0.7124487,0.0,0.0,0.70172423,0.0,0.0,-0.001,0,0
630821749,0.0,0.0,1.5555182,0.0,0.71248776,0.0,0.0,0.70168453,0.0,0.0,-0.001,0,0
630831714,0.0,0.0,1.5553738,0.0,0.71253836,0.0,0.0,0.70163316,0.0,0.0,-0.001,0,0
630841719,0.0,0.0,1.5552958,0.0,0.7125657,0.0,0.0,0.7016054,0.0,0.0,-0.001,0,0
630851785,0.0,0.0,1.5553224,0.0,0.7125564,0.0,0.0,0.7016149,0.0,0.0,-0.001,0,0
630861686,0.0,0.0,1.5554227,0.0,0.7125212,0.0,0.0,0.7016507,0.0,0.0,-0.001,0,0
630871777,0.0,0.0,1.5555426,0.0,0.7124792,0.0,0.0,0.70169336,0.0,0.0,-0.001,0,0
630881679,0.0,0.0,1.5556353,0.0,0.71244663,0.0,0.0,0.7017263,0.0,0.0,-0.001,0,0
630891702,0.0,0.0,1.5556643,0.0,0.7124365,0.0,0.0,0.7017366,0.0,0.0,-0.001,0,0
630901756,0.0,0.0,1.5555921,0.0,0.7124618,0.0,0.0,0.7017109,0.0,0.0,-0.001,0,0
630911725,0.0,0.0,1.5554084,0.0,0.71252626,0.0,0.0,0.70164543,0.0,0.0,-0.001,0,0
630921674,0.0,0.0,1.5552897,0.0,0.7125679,0.0,0.0,0.7016032,0.0,0.0,-0.001,0,0
630931732,0.0,0.0,1.5552762,0.0,0.7125727,0.0,0.0,0.70159835,0.0,0.0,-0.001,0,0
630941709,0.0,0.0,1.5553949,0.0,0.71253103,0.0,0.0,0.70164067,0.0,0.0,-0.001,0,0
630951711,0.0,0.0,1.5555637,0.0,0.7124718,0.0,0.0,0.70170075,0.0,0.0,-0.001,0,0
630961714,0.0,0.0,1.5556644,0.0,0.71243644,0.0,0.0,0.7017367,0.0,0.0,-0.001,0,0
630971714,0.0,0.0,1.5556822,0.0,0.7124302,0.0,0.0,0.701743,0.0,0.0,-0.001,0,0
630981681,0.0,0.0,1.5556068,0.0,0.71245664,0.0,0.0,0.7017161,0.0,0.0,-0.001,0,0
630991726,0.0,0.0,1.5554758,0.0,0.7125026,0.0,0.0,0.70166945,0.0,0.0,-0.001,0,0
631001724,0.0,0.0,1.555353,0.0,0.71254563,0.0,0.0,0.7016258,0.0,0.0,-0.001,0,0
631011713,0.0,0.0,1.5553175,0.0,0.7125581,0.0,0.0,0.7016132,0.0,0.0,-0.001,0,0
631021704,0.0,0.0,1.5553863,0.0,0.712534,0.0,0.0,0.70163757,0.0,0.0,-0.001,0,0
631031814,0.0,0.0,1.555481,0.0,0.7125008,0.0,0.0,0.70167136,0.0,0.0,-0.001,0,0
631041676,0.0,0.0,1.5555766,0.0,0.71246725,0.0,0.0,0.70170534,0.0,0.0,-0.001,0,0
631051736,0.0,0.0,1.5556346,0.0,0.71244687,0.0,0.0,0.7017261,0.0,0.0,-0.001,0,0
631061769,0.0,0.0,1.5556071,0.0,0.7124566,0.0,0.0,0.7017162,0.0,0.0,-0.001,0,0
631071730,0.0,0.0,1.5555322,0.0,0.7124828,0.0,0.0,0.7016896,0.0,0.0,-0.001,0,0
631081710,0.0,0.0,1.5554249,0.0,0.7125205,0.0,0.0,0.70165133,0.0,0.0,-0.001,0,0
631091707,0.0,0.0,1.5553613,0.0,0.71254283,0.0,0.0,0.7016286,0.0,0.0,-0.001,0,0
631101680,0.0,0.0,1.5553584,0.0,0.7125438,0.0,0.0,0.7016276,0.0,0.0,-0.001,0,0
631111744,0.0,0.0,1.5553855,0.0,0.71253425,0.0,0.0,0.7016373,0.0,0.0,-0.001,0,0
631121680,0.0,0.0,1.5554684,0.0,0.71250516,0.0,0.0,0.70166695,0.0,0.0,-0.001,0,0
631131739,0.0,0.0,1.5555658,0.0,0.712471,0.0,0.0,0.70170164,0.0,0.0,-0.001,0,0
631141706,0.0,0.0,1.5556089,0.0,0.71245587,0.0,0.0,0.7017169,0.0,0.0,-0.001,0,0
631151723,0.0,0.0,1.5556047,0.0,0.7124574,0.0,0.0,0.70171535,0.0,0.0,-0.001,0,0
631161858,0.0,0.0,1.5555558,0.0,0.7124745,0.0,0.0,0.701698,0.0,0.0,-0.001,0,0
631171827,0.0,0.0,1.555448,0.0,0.7125124,0.0,0.0,0.7016595,0.0,0.0,-0.001,0,0
631181836,0.0,0.0,1.5553615,0.0,0.7125427,0.0,0.0,0.70162874,0.0,0.0,-0.001,0,0
631191793,0.0,0.0,1.5553423,0.0,0.7125494,0.0,0.0,0.70162195,0.0,0.0,-0.001,0,0
631201883,0.0,0.0,1.55539,0.0,0.7125327,0.0,0.0,0.70163894,0.0,0.0,-0.001,0,0
631211808,0.0,0.0,1.5555034,0.0,0.71249294,0.0,0.0,0.7016794,0.0,0.0,-0.001,0,0
631221798,0.0,0.0,1.555596,0.0,0.7124604,0.0,0.0,0.7017123,0.0,0.0,-0.001,0,0
631231872,0.0,0.0,1.5556604,0.0,0.71243787,0.0,0.0,0.7017353,0.0,0.0,-0.001,0,0
631241905,0.0,0.0,1.5556557,0.0,0.7124395,0.0,0.0,0.7017335,0.0,0.0,-0.001,0,0
631251800,0.0,0.0,1.555548,0.0,0.7124773,0.0,0.0,0.7016952,0.0,0.0,-0.001,0,0
631261905,0.0,0.0,1.5554425,0.0,0.7125143,0.0,0.0,0.70165765,0.0,0.0,-0.001,0,0
631271874,0.0,0.0,1.5553697,0.0,0.7125398,0.0,0.0,0.70163167,0.0,0.0,-0.001,0,0
631281801,0.0,0.0,1.5553739,0.0,0.71253836,0.0,0.0,0.70163316,0.0,0.0,-0.001,0,0
631291863,0.0,0.0,1.5554591,0.0,0.71250844,0.0,0.0,0.7016635,0.0,0.0,-0.001,0,0
631301843,0.0,0.0,1.5555505,0.0,0.7124764,0.0,0.0,0.70169616,0.0,0.0,-0.001,0,0
631311814,0.0,0.0,1.5556233,0.0,0.71245086,0.0,0.0,0.701722,0.0,0.0,-0.001,0,0
631321867,0.0,0.0,1.5556293,0.0,0.7124488,0.0,0.0,0.7017242,0.0,0.0,-0.001,0,0
631331829,0.0,0.0,1.5555785,0.0,0.7124666,0.0,0.0,0.7017061,0.0,0.0,-0.001,0,0
631341861,0.0,0.0,1.5555006,0.0,0.7124939,0.0,0.0,0.7016784,0.0,0.0,-0.001,0,0
631351833,0.0,0.0,1.555424,0.0,0.7125208,0.0,0.0,0.70165104,0.0,0.0,-0.001,0,0
631361853,0.0,0.0,1.5553778,0.0,0.71253693,0.0,0.0,0.70163465,0.0,0.0,-0.001,0,0
631371804,0.0,0.0,1.5554159,0.0,0.71252364,0.0,0.0,0.7016481,0.0,0.0,-0.001,0,0
631381854,0.0,0.0,1.5554736,0.0,0.71250343,0.0,0.0,0.7016686,0.0,0.0,-0.001,0,0
631391820,0.0,0.0,1.5555317,0.0,0.712483,0.0,0.0,0.7016894,0.0,0.0,-0.001,0,0
631401839,0.0,0.0,1.555594,0.0,0.7124612,0.0,0.0,0.70171165,0.0,0.0,-0.001,0,0
631411844,0.0,0.0,1.5556113,0.0,0.71245503,0.0,0.0,0.7017178,0.0,0.0,-0.001,0,0
631421803,0.0,0.0,1.5555844,0.0,0.7124645,0.0,0.0,0.70170814,0.0,0.0,-0.001,0,0
631431831,0.0,0.0,1.5555334,0.0,0.7124824,0.0,0.0,0.70169,0.0,0.0,-0.001,0,0
631441871,0.0,0.0,1.5554526,0.0,0.71251076,0.0,0.0,0.70166117,0.0,0.0,-0.001,0,0
631451887,0.0,0.0,1.5553977,0.0,0.71253,0.0,0.0,0.7016416,0.0,0.0,-0.001,0,0
631461861,0.0,0.0,1.5553889,0.0,0.7125331,0.0,0.0,0.7016385,0.0,0.0,-0.001,0,0
631471837,0.0,0.0,1.5554252,0.0,0.71252036,0.0,0.0,0.7016514,0.0,0.0,-0.001,0,0
631481912,0.0,0.0,1.5555097,0.0,0.7124907,0.0,0.0,0.7016816,0.0,0.0,-0.001,0,0
631491798,0.0,0.0,1.5555592,0.0,0.7124734,0.0,0.0,0.7016992,0.0,0.0,-0.001,0,0
631501862,0.0,0.0,1.5555739,0.0,0.7124682,0.0,0.0,0.70170444,0.0,0.0,-0.001,0,0
631511800,0.0,0.0,1.5555536,0.0,0.7124753,0.0,0.0,0.7016972,0.0,0.0,-0.001,0,0
631521841,0.0,0.0,1.5554873,0.0,0.71249855,0.0,0.0,0.70167357,0.0,0.0,-0.001,0,0
631531825,0.0,0.0,1.5554402,0.0,0.7125151,0.0,0.0,0.70165676,0.0,0.0,-0.001,0,0
631541793,0.0,0.0,1.5554416,0.0,0.71251464,0.0,0.0,0.7016573,0.0,0.0,-0.001,0,0
631551823,0.0,0.0,1.5554501,0.0,0.7125116,0.0,0.0,0.7016604,0.0,0.0,-0.001,0,0
631561848,0.0,0.0,1.5555065,0.0,0.71249187,0.0,0.0,0.70168036,0.0,0.0,-0.001,0,0
631571786,0.0,0.0,1.5555458,0.0,0.71247804,0.0,0.0,0.7016944,0.0,0.0,-0.001,0,0
631581837,0.0,0.0,1.5555549,0.0,0.7124749,0.0,0.0,0.7016977,0.0,0.0,-0.001,0,0
631591837,0.0,0.0,1.5555612,0.0,0.7124726,0.0,0.0,0.7016999,0.0,0.0,-0.001,0,0
631601790,0.0,0.0,1.5555089,0.0,0.71249104,0.0,0.0,0.70168126,0.0,0.0,-0.001,0,0
631611848,0.0,0.0,1.5554873,0.0,0.71249855,0.0,0.0,0.70167357,0.0,0.0,-0.001,0,0
631621805,0.0,0.0,1.5554923,0.0,0.7124968,0.0,0.0,0.7016754,0.0,0.0,-0.001,0,0
631631816,0.0,0.0,1.5555065,0.0,0.71249187,0.0,0.0,0.70168036,0.0,0.0,-0.001,0,0
631641787,0.0,0.0,1.5555366,0.0,0.71248126,0.0,0.0,0.70169115,0.0,0.0,-0.001,0,0
631651896,0.0,0.0,1.5555488,0.0,0.71247697,0.0,0.0,0.7016955,0.0,0.0,-0.001,0,0
631661741,0.0,0.0,1.5555346,0.0,0.712482,0.0,0.0,0.7016905,0.0,0.0,-0.001,0,0
631671692,0.0,0.0,1.5555333,0.0,0.7124824,0.0,0.0,0.70169,0.0,0.0,-0.001,0,0
631681697,0.0,0.0,1.555523,0.0,0.712486,0.0,0.0,0.7016864,0.0,0.0,-0.001,0,0
631691770,0.0,0.0,1.5555077,0.0,0.71249145,0.0,0.0,0.70168084,0.0,0.0,-0.001,0,0
631701666,0.0,0.0,1.5555062,0.0,0.7124919,0.0,0.0,0.7016803,0.0,0.0,-0.001,0,0
631711719,0.0,0.0,1.5554941,0.0,0.7124962,0.0,0.0,0.70167595,0.0,0.0,-0.001,0,0
631721693,0.0,0.0,1.5555112,0.0,0.7124902,0.0,0.0,0.70168215,0.0,0.0,-0.001,0,0
631731692,0.0,0.0,1.555526,0.0,0.712485,0.0,0.0,0.70168734,0.0,0.0,-0.001,0,0
631741702,0.0,0.0,1.555535,0.0,0.7124818,0.0,0.0,0.7016907,0.0,0.0,-0.001,0,0
631751728,0.0,0.0,1.5555682,0.0,0.7124702,0.0,0.0,0.7017024,0.0,0.0,-0.001,0,0
631761666,0.0,0.0,1.555573,0.0,0.7124685,0.0,0.0,0.7017041,0.0,0.0,-0.001,0,0
631771718,0.0,0.0,1.5555383,0.0,0.71248066,0.0,0.0,0.7016917,0.0,0.0,-0.001,0,0
631781691,0.0,0.0,1.5555127,0.0,0.71248966,0.0,0.0,0.7016826,0.0,0.0,-0.001,0,0
631791694,0.0,0.0,1.5554794,0.0,0.7125013,0.0,0.0,0.7016708,0.0,0.0,-0.001,0,0
631801695,0.0,0.0,1.5554764,0.0,0.7125024,0.0,0.0,0.70166975,0.0,0.0,-0.001,0,0
631811695,0.0,0.0,1.5555198,0.0,0.71248716,0.0,0.0,0.7016852,0.0,0.0,-0.001,0,0
631821658,0.0,0.0,1.5555605,0.0,0.71247286,0.0,0.0,0.7016997,0.0,0.0,-0.001,0,0
631831725,0.0,0.0,1.5556105,0.0,0.71245533,0.0,0.0,0.7017175,0.0,0.0,-0.001,0,0
631841667,0.0,0.0,1.555608,0.0,0.7124562,0.0,0.0,0.70171654,0.0,0.0,-0.001,0,0
631851846,0.0,0.0,1.5555729,0.0,0.7124685,0.0,0.0,0.7017041,0.0,0.0,-0.001,0,0
631861699,0.0,0.0,1.5555358,0.0,0.71248156,0.0,0.0,0.7016909,0.0,0.0,-0.001,0,0
631871762,0.0,0.0,1.5554851,0.0,0.7124993,0.0,0.0,0.70167285,0.0,0.0,-0.001,0,0
631881662,0.0,0.0,1.5554795,0.0,0.7125013,0.0,0.0,0.7016708,0.0,0.0,-0.001,0,0
631891719,0.0,0.0,1.555496,0.0,0.71249557,0.0,0.0,0.70167667,0.0,0.0,-0.001,0,0
631901733,0.0,0.0,1.555506,0.0,0.71249205,0.0,0.0,0.7016802,0.0,0.0,-0.001,0,0
631911727,0.0,0.0,1.5555388,0.0,0.7124805,0.0,0.0,0.701692,0.0,0.0,-0.001,0,0
631921686,0.0,0.0,1.5555745,0.0,0.7124679,0.0,0.0,0.70170474,0.0,0.0,-0.001,0,0
631931692,0.0,0.0,1.5555761,0.0,0.71246743,0.0,0.0,0.70170516,0.0,0.0,-0.001,0,0
631941670,0.0,0.0,1.5555454,0.0,0.71247816,0.0,0.0,0.7016943,0.0,0.0,-0.001,0,0
631951861,0.0,0.0,1.555521,0.0,0.71248674,0.0,0.0,0.7016856,0.0,0.0,-0.001,0,0
631961668,0.0,0.0,1.5555031,0.0,0.71249306,0.0,0.0,0.70167917,0.0,0.0,-0.001,0,0
631971687,0.0,0.0,1.5554886,0.0,0.7124981,0.0,0.0,0.7016741,0.0,0.0,-0.001,0,0
631981716,0.0,0.0,1.5554625,0.0,0.71250725,0.0,0.0,0.70166475,0.0,0.0,-0.001,0,0
631991695,0.0,0.0,1.5554845,0.0,0.71249956,0.0,0.0,0.7016726,0.0,0.0,-0.001,0,0
632001658,0.0,0.0,1.5555077,0.0,0.71249145,0.0,0.0,0.70168084,0.0,0.0,-0.001,0,0
632011721,0.0,0.0,1.5555288,0.0,0.712484,0.0,0.0,0.70168835,0.0,0.0,-0.001,0,0
632021659,0.0,0.0,1.5555602,0.0,0.712473,0.0,0.0,0.70169955,0.0,0.0,-0.001,0,0
632031691,0.0,0.0,1.5555633,0.0,0.71247184,0.0,0.0,0.7017007,0.0,0.0,-0.001,0,0
632041721,0.0,0.0,1.5555388,0.0,0.7124805,0.0,0.0,0.701692,0.0,0.0,-0.001,0,0
632051819,0.0,0.0,1.5555139,0.0,0.71248925,0.0,0.0,0.70168304,0.0,0.0,-0.001,0,0
632061665,0.0,0.0,1.5554891,0.0,0.71249795,0.0,0.0,0.7016743,0.0,0.0,-0.001,0,0
632071722,0.0,0.0,1.5554812,0.0,0.71250075,0.0,0.0,0.7016714,0.0,0.0,-0.001,0,0
632081741,0.0,0.0,1.5554965,0.0,0.7124954,0.0,0.0,0.70167685,0.0,0.0,-0.001,0,0
632091694,0.0,0.0,1.5555092,0.0,0.71249086,0.0,0.0,0.70168144,0.0,0.0,-0.001,0,0
632101693,0.0,0.0,1.5555239,0.0,0.71248573,0.0,0.0,0.7016867,0.0,0.0,-0.001,0,0
632111800,0.0,0.0,1.5555285,0.0,0.71248406,0.0,0.0,0.7016883,0.0,0.0,-0.001,0,0
632121656,0.0,0.0,1.5555118,0.0,0.71248996,0.0,0.0,0.7016824,0.0,0.0,-0.001,0,0
632131719,0.0,0.0,1.5555176,0.0,0.71248794,0.0,0.0,0.70168436,0.0,0.0,-0.001,0,0
632141672,0.0,0.0,1.5554957,0.0,0.7124956,0.0,0.0,0.7016766,0.0,0.0,-0.001,0,0
632151815,0.0,0.0,1.5554767,0.0,0.7125023,0.0,0.0,0.7016699,0.0,0.0,-0.001,0,0
632161694,0.0,0.0,1.555467,0.0,0.71250564,0.0,0.0,0.7016664,0.0,0.0,-0.001,0,0
632171712,0.0,0.0,1.5554625,0.0,0.71250725,0.0,0.0,0.70166475,0.0,0.0,-0.001,0,0
632181666,0.0,0.0,1.5554608,0.0,0.71250784,0.0,0.0,0.7016642,0.0,0.0,-0.001,0,0
632191721,0.0,0.0,1.5554787,0.0,0.7125016,0.0,0.0,0.7016705,0.0,0.0,-0.001,0,0
632201656,0.0,0.0,1.5554957,0.0,0.7124956,0.0,0.0,0.7016766,0.0,0.0,-0.001,0,0
632211696,0.0,0.0,1.5555077,0.0,0.71249145,0.0,0.0,0.70168084,0.0,0.0,-0.001,0,0
632221679,0.0,0.0,1.5555196,0.0,0.7124873,0.0,0.0,0.7016851,0.0,0.0,-0.001,0,0
632231700,0.0,0.0,1.5555006,0.0,0.7124939,0.0,0.0,0.7016784,0.0,0.0,-0.001,0,0
632241691,0.0,0.0,1.5554894,0.0,0.71249783,0.0,0.0,0.70167434,0.0,0.0,-0.001,0,0
632251851,0.0,0.0,1.5554799,0.0,0.71250117,0.0,0.0,0.70167094,0.0,0.0,-0.001,0,0
632261669,0.0,0.0,1.5554496,0.0,0.7125118,0.0,0.0,0.7016602,0.0,0.0,-0.001,0,0
632271682,0.0,0.0,1.5554705,0.0,0.7125045,0.0,0.0,0.70166755,0.0,0.0,-0.001,0,0
632281690,0.0,0.0,1.5554928,0.0,0.71249664,0.0,0.0,0.70167553,0.0,0.0,-0.001,0,0
632291770,0.0,0.0,1.5554965,0.0,0.7124954,0.0,0.0,0.70167685,0.0,0.0,-0.001,0,0
632301686,0.0,0.0,1.5555108,0.0,0.7124904,0.0,0.0,0.7016819,0.0,0.0,-0.001,0,0
632311721,0.0,0.0,1.5554997,0.0,0.7124942,0.0,0.0,0.7016781,0.0,0.0,-0.001,0,0
632321731,0.0,0.0,1.5555019,0.0,0.7124935,0.0,0.0,0.70167875,0.0,0.0,-0.001,0,0
632331698,0.0,0.0,1.5555031,0.0,0.71249306,0.0,0.0,0.70167917,0.0,0.0,-0.001,0,0
632341700,0.0,0.0,1.5555005,0.0,0.71249396,0.0,0.0,0.70167834,0.0,0.0,-0.001,0,0
632351825,0.0,0.0,1.5555009,0.0,0.7124938,0.0,0.0,0.70167845,0.0,0.0,-0.001,0,0
632361661,0.0,0.0,1.5554811,0.0,0.71250075,0.0,0.0,0.7016714,0.0,0.0,-0.001,0,0
632371736,0.0,0.0,1.5554748,0.0,0.712503,0.0,0.0,0.70166904,0.0,0.0,-0.001,0,0
632381666,0.0,0.0,1.5554909,0.0,0.7124973,0.0,0.0,0.7016749,0.0,0.0,-0.001,0,0
632391695,0.0,0.0,1.55547,0.0,0.7125047,0.0,0.0,0.70166737,0.0,0.0,-0.001,0,0
632401694,0.0,0.0,1.5554992,0.0,0.7124944,0.0,0.0,0.7016778,0.0,0.0,-0.001,0,0
632411692,0.0,0.0,1.5555222,0.0,0.7124863,0.0,0.0,0.701686,0.0,0.0,-0.001,0,0
632421655,0.0,0.0,1.5555189,0.0,0.7124875,0.0,0.0,0.7016848,0.0,0.0,-0.001,0,0
632431750,0.0,0.0,1.5555339,0.0,0.7124822,0.0,0.0,0.7016902,0.0,0.0,-0.001,0,0
632441673,0.0,0.0,1.5555197,0.0,0.71248716,0.0,0.0,0.7016852,0.0,0.0,-0.001,0,0
632451815,0.0,0.0,1.5554912,0.0,0.71249723,0.0,0.0,0.70167494,0.0,0.0,-0.001,0,0
632461708,0.0,0.0,1.5554672,0.0,0.7125056,0.0,0.0,0.7016665,0.0,0.0,-0.001,0,0
632471691,0.0,0.0,1.5554534,0.0,0.7125104,0.0,0.0,0.7016616,0.0,0.0,-0.001,0,0
632481664,0.0,0.0,1.5554676,0.0,0.7125055,0.0,0.0,0.70166653,0.0,0.0,-0.001,0,0
632491722,0.0,0.0,1.5554869,0.0,0.7124987,0.0,0.0,0.7016734,0.0,0.0,-0.001,0,0
632501779,0.0,0.0,1.5554891,0.0,0.71249795,0.0,0.0,0.7016743,0.0,0.0,-0.001,0,0
632511691,0.0,0.0,1.5555208,0.0,0.71248686,0.0,0.0,0.7016855,0.0,0.0,-0.001,0,0
632521692,0.0,0.0,1.5555207,0.0,0.71248686,0.0,0.0,0.7016855,0.0,0.0,-0.001,0,0
632531772,0.0,0.0,1.5554894,0.0,0.71249783,0.0,0.0,0.70167434,0.0,0.0,-0.001,0,0
632541668,0.0,0.0,1.5554612,0.0,0.7125078,0.0,0.0,0.70166427,0.0,0.0,-0.001,0,0
632551854,0.0,0.0,1.555446,0.0,0.712513,0.0,0.0,0.70165896,0.0,0.0,-0.001,0,0
632561693,0.0,0.0,1.5554367,0.0,0.7125163,0.0,0.0,0.7016555,0.0,0.0,-0.001,0,0
632571697,0.0,0.0,1.5554432,0.0,0.71251404,0.0,0.0,0.7016579,0.0,0.0,-0.001,0,0
632581695,0.0,0.0,1.5554357,0.0,0.7125167,0.0,0.0,0.70165515,0.0,0.0,-0.001,0,0
632591696,0.0,0.0,1.5554303,0.0,0.7125186,0.0,0.0,0.7016533,0.0,0.0,-0.001,0,0
632601654,0.0,0.0,1.5554377,0.0,0.71251595,0.0,0.0,0.701656,0.0,0.0,-0.001,0,0
632611727,0.0,0.0,1.5554444,0.0,0.7125136,0.0,0.0,0.7016583,0.0,0.0,-0.001,0,0
632621672,0.0,0.0,1.55547,0.0,0.7125047,0.0,0.0,0.70166737,0.0,0.0,-0.001,0,0
632631741,0.0,0.0,1.5554613,0.0,0.71250767,0.0,0.0,0.7016644,0.0,0.0,-0.001,0,0
632641693,0.0,0.0,1.555442,0.0,0.71251446,0.0,0.0,0.7016575,0.0,0.0,-0.001,0,0
632651816,0.0,0.0,1.5554605,0.0,0.712508,0.0,0.0,0.7016639,0.0,0.0,-0.001,0,0
632661664,0.0,0.0,1.5554419,0.0,0.7125145,0.0,0.0,0.7016574,0.0,0.0,-0.001,0,0
632671722,0.0,0.0,1.5554477,0.0,0.71251243,0.0,0.0,0.70165944,0.0,0.0,-0.001,0,0
632681668,0.0,0.0,1.5554756,0.0,0.71250266,0.0,0.0,0.7016694,0.0,0.0,-0.001,0,0
632691725,0.0,0.0,1.555485,0.0,0.7124994,0.0,0.0,0.7016728,0.0,0.0,-0.001,0,0
632701682,0.0,0.0,1.5555235,0.0,0.71248585,0.0,0.0,0.70168656,0.0,0.0,-0.001,0,0
632711768,0.0,0.0,1.5555207,0.0,0.71248686,0.0,0.0,0.7016855,0.0,0.0,-0.001,0,0
632721665,0.0,0.0,1.5555222,0.0,0.7124863,0.0,0.0,0.701686,0.0,0.0,-0.001,0,0
632731724,0.0,0.0,1.5555061,0.0,0.7124919,0.0,0.0,0.7016803,0.0,0.0,-0.001,0,0
632741748,0.0,0.0,1.5554705,0.0,0.7125045,0.0,0.0,0.70166755,0.0,0.0,-0.001,0,0
632751820,0.0,0.0,1.555479,0.0,0.71250147,0.0,0.0,0.70167065,0.0,0.0,-0.001,0,0
632761734,0.0,0.0,1.5555059,0.0,0.71249205,0.0,0.0,0.7016802,0.0,0.0,-0.001,0,0
632771697,0.0,0.0,1.5555304,0.0,0.7124834,0.0,0.0,0.70168895,0.0,0.0,-0.001,0,0
632781663,0.0,0.0,1.5555476,0.0,0.7124774,0.0,0.0,0.70169514,0.0,0.0,-0.001,0,0
632791715,0.0,0.0,1.5555309,0.0,0.7124832,0.0,0.0,0.7016892,0.0,0.0,-0.001,0,0
632801660,0.0,0.0,1.5555186,0.0,0.7124876,0.0,0.0,0.7016847,0.0,0.0,-0.001,0,0
632811704,0.0,0.0,1.5555062,0.0,0.7124919,0.0,0.0,0.7016803,0.0,0.0,-0.001,0,0
632821716,0.0,0.0,1.5554801,0.0,0.71250105,0.0,0.0,0.7016711,0.0,0.0,-0.001,0,0
632831696,0.0,0.0,1.5554922,0.0,0.7124969,0.0,0.0,0.70167536,0.0,0.0,-0.001,0,0
632841669,0.0,0.0,1.5555053,0.0,0.7124923,0.0,0.0,0.70167994,0.0,0.0,-0.001,0,0
632851709,0.0,0.0,1.5554994,0.0,0.7124943,0.0,0.0,0.701678,0.0,0.0,-0.001,0,0
632861851,0.0,0.0,1.5555042,0.0,0.7124926,0.0,0.0,0.7016797,0.0,0.0,-0.001,0,0
632871663,0.0,0.0,1.5554993,0.0,0.7124944,0.0,0.0,0.7016778,0.0,0.0,-0.001,0,0
632881699,0.0,0.0,1.5554695,0.0,0.7125048,0.0,0.0,0.7016673,0.0,0.0,-0.001,0,0
632891742,0.0,0.0,1.55548,0.0,0.71250117,0.0,0.0,0.701671,0.0,0.0,-0.001,0,0
632901657,0.0,0.0,1.555484,0.0,0.71249974,0.0,0.0,0.70167243,0.0,0.0,-0.001,0,0
632911727,0.0,0.0,1.5554833,0.0,0.7125,0.0,0.0,0.70167214,0.0,0.0,-0.001,0,0
632921739,0.0,0.0,1.55548,0.0,0.71250117,0.0,0.0,0.701671,0.0,0.0,-0.001,0,0
632931688,0.0,0.0,1.5554675,0.0,0.7125055,0.0,0.0,0.70166653,0.0,0.0,-0.001,0,0
632941688,0.0,0.0,1.555474,0.0,0.71250325,0.0,0.0,0.7016688,0.0,0.0,-0.001,0,0
632951922,0.0,0.0,1.5554708,0.0,0.7125043,0.0,0.0,0.7016677,0.0,0.0,-0.001,0,0
632961662,0.0,0.0,1.5554734,0.0,0.71250343,0.0,0.0,0.7016687,0.0,0.0,-0.001,0,0
632971728,0.0,0.0,1.5554898,0.0,0.7124977,0.0,0.0,0.70167446,0.0,0.0,-0.001,0,0
632981661,0.0,0.0,1.5554597,0.0,0.71250826,0.0,0.0,0.7016637,0.0,0.0,-0.001,0,0
632991694,0.0,0.0,1.555429,0.0,0.71251905,0.0,0.0,0.70165277,0.0,0.0,-0.001,0,0
633001678,0.0,0.0,1.5554392,0.0,0.7125155,0.0,0.0,0.7016564,0.0,0.0,-0.001,0,0
633011698,0.0,0.0,1.5554343,0.0,0.71251714,0.0,0.0,0.7016548,0.0,0.0,-0.001,0,0
633021707,0.0,0.0,1.5554488,0.0,0.71251214,0.0,0.0,0.70165974,0.0,0.0,-0.001,0,0
633031719,0.0,0.0,1.555472,0.0,0.7125039,0.0,0.0,0.70166814,0.0,0.0,-0.001,0,0
633041674,0.0,0.0,1.5554831,0.0,0.71250004,0.0,0.0,0.7016721,0.0,0.0,-0.001,0,0
633051824,0.0,0.0,1.5554981,0.0,0.7124948,0.0,0.0,0.7016774,0.0,0.0,-0.001,0,0
633061684,0.0,0.0,1.5554874,0.0,0.71249855,0.0,0.0,0.70167357,0.0,0.0,-0.001,0,0
633071694,0.0,0.0,1.5554616,0.0,0.7125076,0.0,0.0,0.70166445,0.0,0.0,-0.001,0,0
633081687,0.0,0.0,1.5554504,0.0,0.71251154,0.0,0.0,0.7016604,0.0,0.0,-0.001,0,0
633091728,0.0,0.0,1.5554498,0.0,0.71251166,0.0,0.0,0.70166034,0.0,0.0,-0.001,0,0
633101661,0.0,0.0,1.5554754,0.0,0.7125027,0.0,0.0,0.70166934,0.0,0.0,-0.001,0,0
633111698,0.0,0.0,1.5555054,0.0,0.71249217,0.0,0.0,0.70168006,0.0,0.0,-0.001,0,0
633121692,0.0,0.0,1.555508,0.0,0.7124913,0.0,0.0,0.701681,0.0,0.0,-0.001,0,0
633131765,0.0,0.0,1.5554975,0.0,0.71249497,0.0,0.0,0.7016772,0.0,0.0,-0.001,0,0
633141671,0.0,0.0,1.5554829,0.0,0.71250015,0.0,0.0,0.70167196,0.0,0.0,-0.001,0,0
633151884,0.0,0.0,1.5554538,0.0,0.71251035,0.0,0.0,0.70166165,0.0,0.0,-0.001,0,0
633161749,0.0,0.0,1.555436,0.0,0.71251655,0.0,0.0,0.7016553,0.0,0.0,-0.001,0,0
633171694,0.0,0.0,1.5554483,0.0,0.71251225,0.0,0.0,0.7016596,0.0,0.0,-0.001,0,0
633181687,0.0,0.0,1.5554619,0.0,0.7125075,0.0,0.0,0.70166457,0.0,0.0,-0.001,0,0
633191702,0.0,0.0,1.5554754,0.0,0.7125027,0.0,0.0,0.70166934,0.0,0.0,-0.001,0,0
633201664,0.0,0.0,1.555464,0.0,0.7125068,0.0,0.0,0.7016652,0.0,0.0,-0.001,0,0
633211748,0.0,0.0,1.5554549,0.0,0.71250993,0.0,0.0,0.70166206,0.0,0.0,-0.001,0,0
633221667,0.0,0.0,1.5554461,0.0,0.712513,0.0,0.0,0.70165896,0.0,0.0,-0.001,0,0
633231687,0.0,0.0,1.555441,0.0,0.71251476,0.0,0.0,0.7016571,0.0,0.0,-0.001,0,0
633241699,0.0,0.0,1.5554583,0.0,0.71250874,0.0,0.0,0.70166326,0.0,0.0,-0.001,0,0
633251822,0.0,0.0,1.5554677,0.0,0.7125054,0.0,0.0,0.70166665,0.0,0.0,-0.001,0,0
633261672,0.0,0.0,1.5554575,0.0,0.71250904,0.0,0.0,0.701663,0.0,0.0,-0.001,0,0
633271722,0.0,0.0,1.5554606,0.0,0.7125079,0.0,0.0,0.70166415,0.0,0.0,-0.001,0,0
633281686,0.0,0.0,1.5554696,0.0,0.71250474,0.0,0.0,0.70166737,0.0,0.0,-0.001,0,0
633291698,0.0,0.0,1.5554804,0.0,0.712501,0.0,0.0,0.7016712,0.0,0.0,-0.001,0,0
633301685,0.0,0.0,1.5554788,0.0,0.7125016,0.0,0.0,0.7016705,0.0,0.0,-0.001,0,0
633311692,0.0,0.0,1.5554651,0.0,0.71250635,0.0,0.0,0.70166576,0.0,0.0,-0.001,0,0
633321666,0.0,0.0,1.5554638,0.0,0.71250683,0.0,0.0,0.70166516,0.0,0.0,-0.001,0,0
633331723,0.0,0.0,1.5554461,0.0,0.712513,0.0,0.0,0.70165896,0.0,0.0,-0.001,0,0
633341772,0.0,0.0,1.5554115,0.0,0.7125251,0.0,0.0,0.7016466,0.0,0.0,-0.001,0,0
633351822,0.0,0.0,1.5554284,0.0,0.7125192,0.0,0.0,0.7016526,0.0,0.0,-0.001,0,0
633361696,0.0,0.0,1.5554543,0.0,0.71251017,0.0,0.0,0.7016618,0.0,0.0,-0.001,0,0
633371768,0.0,0.0,1.5554707,0.0,0.7125044,0.0,0.0,0.70166767,0.0,0.0,-0.001,0,0
633381655,0.0,0.0,1.555499,0.0,0.71249443,0.0,0.0,0.70167774,0.0,0.0,-0.001,0,0
633391719,0.0,0.0,1.5554864,0.0,0.7124989,0.0,0.0,0.7016732,0.0,0.0,-0.001,0,0
633401683,0.0,0.0,1.5554729,0.0,0.7125037,0.0,0.0,0.70166844,0.0,0.0,-0.001,0,0
633411699,0.0,0.0,1.5554616,0.0,0.7125076,0.0,0.0,0.70166445,0.0,0.0,-0.001,0,0
633421686,0.0,0.0,1.5554429,0.0,0.7125141,0.0,0.0,0.70165783,0.0,0.0,-0.001,0,0
633431684,0.0,0.0,1.5554472,0.0,0.7125126,0.0,0.0,0.7016593,0.0,0.0,-0.001,0,0
633441675,0.0,0.0,1.555458,0.0,0.71250886,0.0,0.0,0.7016632,0.0,0.0,-0.001,0,0
633451841,0.0,0.0,1.5554618,0.0,0.7125075,0.0,0.0,0.70166457,0.0,0.0,-0.001,0,0
633461664,0.0,0.0,1.555478,0.0,0.7125018,0.0,0.0,0.7016703,0.0,0.0,-0.001,0,0
633471733,0.0,0.0,1.5554358,0.0,0.7125166,0.0,0.0,0.70165527,0.0,0.0,-0.001,0,0
633481685,0.0,0.0,1.5554229,0.0,0.71252114,0.0,0.0,0.70165074,0.0,0.0,-0.001,0,0
633491695,0.0,0.0,1.5554316,0.0,0.71251816,0.0,0.0,0.7016537,0.0,0.0,-0.001,0,0
633501664,0.0,0.0,1.5553987,0.0,0.71252966,0.0,0.0,0.7016421,0.0,0.0,-0.001,0,0
633511729,0.0,0.0,1.5554073,0.0,0.7125267,0.0,0.0,0.7016451,0.0,0.0,-0.001,0,0
633521669,0.0,0.0,1.5554047,0.0,0.7125276,0.0,0.0,0.7016441,0.0,0.0,-0.001,0,0
633531717,0.0,0.0,1.5554014,0.0,0.71252865,0.0,0.0,0.70164305,0.0,0.0,-0.001,0,0
633541700,0.0,0.0,1.5554212,0.0,0.71252173,0.0,0.0,0.70165,0.0,0.0,-0.001,0,0
633551895,0.0,0.0,1.5554302,0.0,0.71251863,0.0,0.0,0.70165324,0.0,0.0,-0.001,0,0
633561678,0.0,0.0,1.5554515,0.0,0.7125111,0.0,0.0,0.7016608,0.0,0.0,-0.001,0,0
633571715,0.0,0.0,1.5554689,0.0,0.712505,0.0,0.0,0.70166713,0.0,0.0,-0.001,0,0
633581733,0.0,0.0,1.5554395,0.0,0.71251535,0.0,0.0,0.7016565,0.0,0.0,-0.001,0,0
633591708,0.0,0.0,1.5554367,0.0,0.7125163,0.0,0.0,0.7016555,0.0,0.0,-0.001,0,0
633601712,0.0,0.0,1.5554192,0.0,0.7125225,0.0,0.0,0.70164925,0.0,0.0,-0.001,0,0
633611693,-0.0091010295,-0.005439441,1.55541,1.1869773e-09,0.71252435,-0.0013340764,-0.005130676,0.7016274,0.0,0.0,-0.0031592245,0,0
633621666,-0.0094148815,-0.0053760936,1.55541,1.1869773e-09,0.71252406,-0.001468114,-0.0052182116,0.7016267,0.0,0.0,-0.004326177,0,0
633631717,-0.010464984,-0.0045848098,1.5554209,9.493255e-10,0.7125187,-0.002119796,-0.0053047156,0.7016299,0.0,0.0,-0.0055399355,0,0
633641672,-0.009755995,-0.004791542,1.5554209,9.493255e-10,0.7125195,-0.0017946854,-0.0051296405,0.70163125,0.0,0.0,-0.006656954,0,0
633651825,-0.00021567503,-0.00065598893,1.5554209,7.586335e-10,0.7125219,0.00015330069,-0.00030936737,0.70164984,0.0,0.0,-0.008021386,0,0
633661717,-0.0005872708,-0.00085322716,1.5554209,7.586335e-10,0.7125219,9.0111695e-05,-0.0005100007,0.7016497,0.0,0.0,-0.009436442,0,0
633671695,0.0002404678,-0.0012692934,1.5554209,6.077029e-10,0.7125217,0.000530969,-0.00036783755,0.7016499,0.0,0.0,-0.010569088,0,0
633681656,0.0003647286,-0.0005863533,1.5554209,6.077029e-10,0.7125218,0.00033564592,-8.0938866e-05,0.70164996,0.0,0.0,-0.0118822185,0,0
633691720,-0.0003432996,3.6806283e-05,1.5554209,4.860408e-10,0.71252185,-0.00013521679,-0.00010732542,0.7016499,0.0,0.0,-0.013419266,0,0
633701664,-0.0005298938,0.0005614795,1.5554209,4.860408e-10,0.7125218,-0.00038576146,1.4133226e-05,0.70164996,0.0,0.0,-0.014797122,0,0
633711691,0.0003404593,-5.741746e-05,1.5554209,3.8894934e-10,0.71252185,0.00014143581,9.8986005e-05,0.7016499,0.0,0.0,-0.01615324,0,0
633721698,0.0,0.0,1.5554209,3.8894934e-10,0.7125219,0.0,0.0,0.7016499,0.0,0.0,-0.017536586,0,0
633731710,-0.00024938324,-0.00023878299,1.5554209,3.1110037e-10,0.7125219,-5.0744798e-06,-0.00017255888,0.70164984,0.0,0.0,-0.019241536,0,0
633741673,-0.001076126,-0.00079378375,1.5554209,3.1110037e-10,0.7125219,-0.00010490252,-0.00066032587,0.7016496,0.0,0.0,-0.020715779,0,0
633751852,0.0,0.0,1.5554209,2.485249e-10,0.7125219,0.0,0.0,0.70164984,0.0,0.0,-0.022341937,0,0
633761746,-0.00015353206,-0.0008316754,1.5554209,2.485249e-10,0.7125218,0.00023707497,-0.00035015633,0.70164984,0.0,0.0,-0.023602715,0,0
633771692,-0.00049921,-0.0004771022,1.5554209,1.9914054e-10,0.7125219,-1.0469664e-05,-0.00034510816,0.7016498,0.0,0.0,-0.02548703,0,0
633781681,0.0,0.0,1.5554209,1.9914054e-10,0.7125219,0.0,0.0,0.70164984,0.0,0.0,-0.027043913,0,0
633791797,-0.0002804354,0.000719307,1.5554209,1.5914532e-10,0.7125218,-0.00035225897,0.00015787726,0.70164996,0.0,0.0,-0.028632998,0,0
633801690,0.00064530293,0.00024580758,1.5554209,1.5914532e-10,0.7125219,0.00014366081,0.00031396,0.70164984,0.0,0.0,-0.030413456,0,0
633811718,-0.00027697184,-0.00020614533,1.5554209,1.2741565e-10,0.7125219,-2.635332e-05,-0.00017061015,0.7016499,0.0,0.0,-0.032000482,0,0
633821662,0.0009020388,0.0010457895,1.5554209,1.2741565e-10,0.71252185,-4.552784e-05,0.00068903156,0.70164955,0.0,0.0,-0.033687085,0,0
633831679,-0.0010463239,-0.00031192868,1.5554209,1.01973305e-10,0.7125218,-0.00026333195,-0.00047820449,0.7016498,0.0,0.0,-0.03551645,0,0
633841701,0.0,0.0,1.5554209,1.01973305e-10,0.7125219,0.0,0.0,0.70164984,0.0,0.0,-0.037439402,0,0
633851822,-4.622319e-05,-0.0008444639,1.5554209,8.146134e-11,0.7125218,0.00027979148,-0.00031706574,0.70164984,0.0,0.0,-0.03929359,0,0
633861691,-0.0002475119,-0.00024072225,1.5554209,8.146134e-11,0.7125219,-3.7274478e-06,-0.00017259325,0.7016499,0.0,0.0,-0.040844824,0,0
633871720,0.0006739255,0.00015053757,1.5554209,6.523561e-11,0.71252185,0.000187281,0.00029006053,0.70164984,0.0,0.0,-0.04280632,0,0
633881658,0.0006772263,-0.0005065772,1.5554209,6.523561e-11,0.71252173,0.00041898916,5.7114208e-05,0.7016499,0.0,0.0,-0.044421606,0,0
633891696,2.0658617e-05,0.0006902249,1.5554209,5.219997e-11,0.7125218,-0.00023478827,0.00025314774,0.7016499,0.0,0.0,-0.04636724,0,0
633901685,4.190053e-05,0.00084468944,1.5554209,5.219997e-11,0.7125218,-0.00028141058,0.00031562962,0.70164984,0.0,0.0,-0.048309866,0,0
633911699,0.0006132,0.00031752608,1.5554209,4.1759558e-11,0.7125219,0.000107063126,0.000328248,0.70164984,0.0,0.0,-0.050372336,0,0
633921699,0.00037931904,0.0006724311,1.5554209,4.1759558e-11,0.7125219,-0.00010076903,0.00037263546,0.70164984,0.0,0.0,-0.052245528,0,0
633931761,0.0,0.0,1.5554209,3.3386946e-11,0.7125219,0.0,0.0,0.70164984,0.0,0.0,-0.054213367,0,0
633941673,0.0,0.0,1.5554209,3.3386946e-11,0.7125219,0.0,0.0,0.70164984,0.0,0.0,-0.05609866,0,0
633951688,7.221479e-06,-0.0011450982,1.5554209,2.6729069e-11,0.7125218,0.00040430174,-0.00040542026,0.70164984,0.0,0.0,-0.05825998,0,0
633961853,0.00010928361,-0.0006818316,1.5554209,2.3715956e-11,0.7125218,0.00027813704,-0.00020457055,0.7016499,0.0,0.0,-0.060355987,0,0
633971746,-0.001052247,0.00045175082,1.5554209,2.3715956e-11,0.7125217,-0.0005333599,-0.00020821326,0.70164996,0.0,0.0,-0.06247859,0,0
633981657,0.0,0.0,1.5554209,2.3715956e-11,0.7125219,0.0,0.0,0.70164984,0.0,0.0,-0.064227596,0,0
633991743,-0.0007508165,0.0007135535,1.5554209,1.7264919e-11,0.7125217,-0.0005178189,-9.1938755e-06,0.7016499,0.0,0.0,-0.06648145,0,0
634001741,0.0,0.0,1.5554209,1.7264919e-11,0.7125219,0.0,0.0,0.70164984,0.0,0.0,-0.06821188,0,0
634011685,0.001555944,0.0012300193,1.5554209,1.3819812e-11,0.7125219,0.0001228007,0.0009840714,0.70164925,0.0,0.0,-0.07012372,0,0
634021698,0.00093976525,0.00043557456,1.5554209,1.3819812e-11,0.71252185,0.00018199123,0.00048487124,0.7016498,0.0,0.0,-0.07223297,0,0
634031683,0.0005378991,0.0005538151,1.5554209,1.1056291e-11,0.7125219,-2.6597224e-06,0.00038601106,0.70164984,0.0,0.0,-0.07386725,0,0
634041673,0.0010264599,0.00013879425,1.5554209,1.1056291e-11,0.7125218,0.00031699508,0.00040955472,0.70164984,0.0,0.0,-0.07574988,0,0
634051740,0.0012296836,-0.00039599158,1.5554209,8.839905e-12,0.7125217,0.00057701184,0.00029032727,0.7016499,0.0,0.0,-0.07753242,0,0
634061892,0.0,0.0,1.5554209,7.846012e-12,0.7125219,0.0,0.0,0.7016499,0.0,0.0,-0.079345874,0,0
634071664,-0.0005951768,-0.0004917429,1.5554209,7.846012e-12,0.7125219,-3.9522572e-05,-0.0003839916,0.70164984,0.0,0.0,-0.08142296,0,0
634081678,0.0,0.0,1.5554209,7.846012e-12,0.7125219,0.0,0.0,0.70164984,0.0,0.0,-0.08370928,0,0
634091693,-0.00033393584,8.772782e-05,1.5554209,5.715595e-12,0.71252185,-0.0001497454,-8.589902e-05,0.70164996,0.0,0.0,-0.0855428,0,0
634101680,0.00016358666,0.00067087746,1.5554209,5.715595e-12,0.71252185,-0.000177081,0.0002963977,0.70164984,0.0,0.0,-0.08724372,0,0
634111715,0.000956067,0.000996637,1.5554209,4.5714704e-12,0.7125219,-9.035798e-06,0.0006904749,0.7016496,0.0,0.0,-0.08912592,0,0
634121692,0.00057914184,-0.0014724099,1.5554209,4.5714704e-12,0.7125215,0.0007228836,-0.00032138472,0.7016499,0.0,0.0,-0.091487564,0,0
634131683,0.00085092004,-0.00059060886,1.5554209,3.658347e-12,0.7125217,0.00051034987,8.811314e-05,0.7016499,0.0,0.0,-0.09358258,0,0
634141700,-0.0003304028,-0.000606359,1.5554209,3.658347e-12,0.71252185,9.501624e-05,-0.00033193556,0.7016498,0.0,0.0,-0.09580317,0,0
634151830,0.0008767388,-0.0012710298,1.5554209,2.9223817e-12,0.7125215,0.00075825665,-0.00014523642,0.7016499,0.0,0.0,-0.09788616,0,0
634161659,-0.00091569574,-0.0006876072,1.5554209,2.9223817e-12,0.7125219,-8.499687e-05,-0.00056621636,0.70164967,0.0,0.0,-0.10009228,0,0
634171715,-0.0012610793,0.000280373,1.5554209,2.3406205e-12,0.7125217,-0.0005476352,-0.00034253212,0.7016499,0.0,0.0,-0.101888046,0,0
634181759,0.00061573525,0.00046574313,1.5554209,2.3406205e-12,0.7125219,5.59681e-05,0.00038194133,0.7016498,0.0,0.0,-0.104293056,0,0
634191732,-0.00017617964,-0.000827174,1.5554209,1.8721782e-12,0.7125218,0.00022742733,-0.000356498,0.70164996,0.0,0.0,-0.10668516,0,0
634201692,-0.00052042905,-0.0006666406,1.5554209,1.8721782e-12,0.7125219,4.8465557e-05,-0.00042007744,0.70164984,0.0,0.0,-0.109022215,0,0
634211757,0.0010685875,0.0008039034,1.5554209,1.4973383e-12,0.7125219,9.866661e-05,0.0006612864,0.7016496,0.0,0.0,-0.111355975,0,0
634221667,0.0018305557,-0.00047470565,1.5554209,1.4973383e-12,0.7125214,0.00081869395,0.00047308556,0.7016498,0.0,0.0,-0.113431424,0,0
634231705,0.0020219542,-0.0010756,1.5554209,1.1985178e-12,0.7125211,0.0010976901,0.00032615758,0.70164984,0.0,0.0,-0.1156472,0,0
634241668,-0.00044080705,0.0007217653,1.5554209,1.1985178e-12,0.7125218,-0.00041025557,0.000102490674,0.70164996,0.0,0.0,-0.11810605,0,0
634251853,-0.0012559803,-0.0011843761,1.5554209,9.573878e-13,0.7125219,-3.194804e-05,-0.0008625759,0.70164937,0.0,0.0,-0.12063614,0,0
634261712,-0.0010938689,-0.0007691493,1.5554209,9.573878e-13,0.7125219,-0.000119866,-0.0006577742,0.7016496,0.0,0.0,-0.12301237,0,0
634271688,0.0005752544,-0.0003819942,1.5554209,7.671761e-13,0.7125218,0.00033895377,6.5723965e-05,0.70164996,0.0,0.0,-0.12539136,0,0
634281654,0.00084237364,-7.5249634e-05,1.5554209,7.671761e-13,0.7125218,0.00032650426,0.00026871718,0.70164984,0.0,0.0,-0.1280086,0,0
634291725,-0.0016285984,0.0002991346,1.5554209,6.1352616e-13,0.71252155,-0.0006851498,-0.00046478293,0.7016498,0.0,0.0,-0.13035773,0,0
634301666,0.0,0.0,1.5554209,6.1352616e-13,0.7125219,0.0,0.0,0.70164984,0.0,0.0,-0.13296133,0,0
634311710,0.0003441442,-2.7822138e-05,1.5554209,4.9088473e-13,0.71252185,0.00013236584,0.00011082244,0.7016499,0.0,0.0,-0.1355308,0,0
634321735,-0.0019140186,0.00017894745,1.5554209,4.9088473e-13,0.7125215,-0.00074466923,-0.0006077334,0.7016497,0.0,0.0,-0.13790831,0,0
634331681,-0.00023504774,-0.0008124091,1.5554209,3.928217e-13,0.7125218,0.00020127502,-0.00037189023,0.70164984,0.0,0.0,-0.14038044,0,0
634341665,0.00068911485,4.4246077e-05,1.5554209,3.928217e-13,0.7125218,0.00022998209,0.00025752187,0.7016499,0.0,0.0,-0.14306197,0,0
634351858,-2.7941061e-05,-0.0013807855,1.5554209,3.1370837e-13,0.71252173,0.00047445964,-0.0005017223,0.7016497,0.0,0.0,-0.14550532,0,0
634361657,-0.0015757063,-0.0017663506,1.5554209,3.1370837e-13,0.7125219,5.831722e-05,-0.0011820782,0.7016489,0.0,0.0,-0.14823538,0,0
634371693,-0.001040878,-0.0013772461,1.5554209,2.5137897e-13,0.71252185,0.00011234808,-0.00085582474,0.7016494,0.0,0.0,-0.15071085,0,0
634381711,-0.0014715083,-0.0017549576,1.5554209,2.5137897e-13,0.71252185,9.1442e-05,-0.0011414642,0.70164895,0.0,0.0,-0.15336542,0,0
634391769,-6.35218e-05,-0.0016546235,1.5554209,2.0096049e-13,0.7125217,0.00055785285,-0.0006117627,0.70164967,0.0,0.0,-0.15640828,0,0
634401665,-0.0011563656,-0.0007550945,1.5554209,2.0096049e-13,0.71252185,-0.0001470619,-0.0006746925,0.70164967,0.0,0.0,-0.15912221,0,0
634411722,-0.0003643844,-0.00068063976,1.5554209,1.6083594e-13,0.7125219,0.00010896947,-0.00037032046,0.7016498,0.0,0.0,-0.1616083,0,0
634421741,0.00020665026,-0.001713922,1.5554209,1.6083594e-13,0.71252155,0.0006749078,-0.0005381053,0.70164967,0.0,0.0,-0.16452992,0,0
634431686,-0.0012622738,-0.00081953796,1.5554209,1.2871509e-13,0.71252185,-0.0001621845,-0.00073480635,0.70164955,0.0,0.0,-0.1677817,0,0
634441722,-0.00075449934,0.001663909,1.5554209,1.2871509e-13,0.7125214,-0.00085253915,0.0003280886,0.70164984,0.0,0.0,-0.17000572,0,0
634451854,0.00013446283,-0.00083497044,1.5554209,1.0279834e-13,0.7125218,0.0003408323,-0.00025029443,0.70164984,0.0,0.0,-0.17214891,0,0
634461652,-0.00055880524,-0.000405677,1.5554209,1.0279834e-13,0.7125219,-5.6758872e-05,-0.00034056965,0.70164984,0.0,0.0,-0.17565742,0,0
634471711,0.0,0.0,1.5554209,8.235562e-14,0.7125219,0.0,0.0,0.70164984,0.0,0.0,-0.1785638,0,0
634481659,0.00041317925,-0.0010106314,1.5554209,8.235562e-14,0.7125217,0.0005017543,-0.00021509494,0.70164996,0.0,0.0,-0.18143392,0,0
634491689,0.0013338856,0.0010958934,1.5554209,6.5898994e-14,0.7125219,9.074463e-05,0.0008583842,0.70164937,0.0,0.0,-0.18451251,0,0
634501690,-0.0015960911,-0.00065782014,1.5554209,6.5898994e-14,0.7125218,-0.0003378452,-0.00079430395,0.70164955,0.0,0.0,-0.18645178,0,0
634511714,-0.0023348543,-0.00038896833,1.5554209,5.27076e-14,0.71252155,-0.0006953575,-0.00095769897,0.70164925,0.0,0.0,-0.18992844,0,0
634521676,0.0028415213,-0.00038884958,1.5554209,5.27076e-14,0.71252096,0.0011487408,0.0008583445,0.7016494,0.0,0.0,-0.19248079,0,0
634531711,-0.0039033708,-0.00078648346,1.5554209,4.2167347e-14,0.712521,-0.0011147001,-0.0016495916,0.70164806,0.0,0.0,-0.19581433,0,0
634541673,0.0009702879,-0.0008529198,1.5554209,4.2167347e-14,0.7125216,0.0006449011,3.653917e-05,0.70164996,0.0,0.0,-0.19963971,0,0
634551824,0.0008963979,0.00051899353,1.5554209,3.369513e-14,0.71252185,0.00013727568,0.0004993758,0.7016498,0.0,0.0,-0.20253763,0,0
634561695,-0.0017573892,0.0012006414,1.5554209,3.369513e-14,0.71252114,-0.0010473038,-0.00018879432,0.70164996,0.0,0.0,-0.20491345,0,0
634571720,0.003575956,0.00029522605,1.5554209,2.6984437e-14,0.7125209,0.0011704003,0.0013597112,0.70164865,0.0,0.0,-0.20821385,0,0
634581675,-0.00041075386,0.0012725649,1.5554209,2.6984437e-14,0.7125217,-0.0005927829,0.00030926245,0.70164984,0.0,0.0,-0.2099692,0,0
634591710,0.0015202039,-0.00065635046,1.5554209,2.1589493e-14,0.7125215,0.00077185314,0.00029949332,0.70164984,0.0,0.0,-0.21414395,0,0
634601665,0.000200999,0.00028072888,1.5554209,2.1589493e-14,0.7125219,-2.6878604e-05,0.00017052818,0.70164984,0.0,0.0,-0.21702746,0,0
634611693,0.0,0.0,1.5554209,1.7274358e-14,0.7125219,0.0,0.0,0.70164984,0.0,0.0,-0.22089897,0,0
634621686,-0.0016045222,0.00063697924,1.5554209,1.7274358e-14,0.71252143,-0.0007950967,-0.00033597558,0.70164984,0.0,0.0,-0.2237223,0,0
634631683,0.0011263784,0.0010561527,1.5554209,1.3821145e-14,0.7125219,3.0759904e-05,0.00077142735,0.7016495,0.0,0.0,-0.22654252,0,0
634641698,-0.001978867,0.00037040887,1.5554209,1.3821145e-14,0.7125214,-0.0008349415,-0.00056227366,0.7016497,0.0,0.0,-0.22963455,0,0
634651846,0.005195505,-0.00073766324,1.5554209,1.1039033e-14,0.71251875,0.002109743,0.0015599105,0.70164824,0.0,0.0,-0.23198868,0,0
634661658,0.001973409,0.0019326304,1.5554209,1.1039033e-14,0.7125219,2.503363e-05,0.0013808408,0.7016486,0.0,0.0,-0.23588969,0,0
634671691,0.0041713784,-0.001037825,1.5554209,8.844848e-15,0.71251947,0.001850192,0.0010936866,0.701649,0.0,0.0,-0.23857619,0,0
634681679,-0.0021657236,0.0007448838,1.5554209,8.844848e-15,0.71252114,-0.0010328862,-0.0004944169,0.7016498,0.0,0.0,-0.24183361,0,0
634691691,0.0046191425,0.0033120082,1.5554209,7.075878e-15,0.7125217,0.0004836849,0.0028004423,0.70164436,0.0,0.0,-0.24554047,0,0
634701707,0.007604656,-0.0014600758,1.5554209,7.075878e-15,0.71251464,0.003221462,0.0021477316,0.7016466,0.0,0.0,-0.24770708,0,0
634711747,0.0009779636,0.00091199065,1.5554209,5.6577604e-15,0.71252185,2.8461161e-05,0.0006680006,0.70164967,0.0,0.0,-0.2507995,0,0
634721665,-0.00029037194,-0.0022978482,1.5554209,5.6577604e-15,0.7125215,0.0007026941,-0.000920503,0.7016494,0.0,0.0,-0.25413254,0,0
634731689,-0.0003368518,-0.00506318,1.5554209,4.5286536e-15,0.7125199,0.0016562812,-0.0019219869,0.70164734,0.0,0.0,-0.25667346,0,0
634741693,-0.00067192013,0.00015924957,1.5554209,4.5286536e-15,0.7125218,-0.00029524762,-0.00017899195,0.7016499,0.0,0.0,-0.26080412,0,0
634751822,-0.0014789465,0.00660222,1.5554209,3.618111e-15,0.71251607,-0.0028431062,0.0018332597,0.7016477,0.0,0.0,-0.26541343,0,0
634761661,0.0011149214,0.0011226515,1.5554209,3.618111e-15,0.7125219,3.3488186e-06,0.0007910989,0.7016495,0.0,0.0,-0.26834804,0,0
634771748,0.0028051161,-0.0017938248,1.5554209,2.8966613e-15,0.71252,0.0016286704,0.00034503502,0.70164984,0.0,0.0,-0.2711616,0,0
634781668,0.0041992418,-0.0004977838,1.5554209,2.8966613e-15,0.7125199,0.0016706593,0.0012958571,0.7016487,0.0,0.0,-0.27354825,0,0
634791693,0.007231332,-0.0019937316,1.5554209,2.3186043e-15,0.71251434,0.0032756801,0.0018266407,0.7016476,0.0,0.0,-0.27626985,0,0
634801686,0.007398288,-0.0015384752,1.5554209,2.3186043e-15,0.71251476,0.003175446,0.0020474026,0.701647,0.0,0.0,-0.27949902,0,0
634811692,0.0022976773,0.0020633556,1.5554209,1.854865e-15,0.71252185,9.469602e-05,0.0015411742,0.7016483,0.0,0.0,-0.28345886,0,0
634821662,-0.0028414424,0.0040746317,1.5554209,1.854865e-15,0.7125176,-0.0024417727,0.00045478332,0.70164984,0.0,0.0,-0.28745577,0,0
634831742,-0.0027981112,0.0046235253,1.5554209,1.4831652e-15,0.712517,-0.0026188996,0.00066553435,0.70164967,0.0,0.0,-0.29145855,0,0
634841677,-0.0031765741,0.00079889176,1.5554209,1.4831652e-15,0.7125205,-0.0014119595,-0.00082980725,0.7016495,0.0,0.0,-0.2951886,0,0
634851829,-0.003128545,0.005177805,1.5554209,1.1855007e-15,0.7125158,-0.0029310726,0.000747078,0.70164955,0.0,0.0,-0.2991451,0,0
634861681,-0.0062039695,0.003923494,1.5554209,1.1855007e-15,0.7125128,-0.0035866762,-0.0007787196,0.7016496,0.0,0.0,-0.30174166,0,0
634871692,-0.0070158932,0.0030706106,1.5554209,9.496922e-16,0.71251285,-0.0035767201,-0.0013674109,0.70164865,0.0,0.0,-0.30355585,0,0
634881661,-0.0038419105,0.00014729725,1.5554209,9.496922e-16,0.7125205,-0.0014203972,-0.0012953611,0.7016488,0.0,0.0,-0.3053295,0,0
634891713,0.0030735559,0.0031598157,1.5554209,7.596094e-16,0.71252185,-1.3554168e-05,0.0022039954,0.7016465,0.0,0.0,-0.3084592,0,0
634901707,0.00049009477,-0.0022371898,1.5554209,7.596094e-16,0.7125212,0.00095946336,-0.00062508584,0.70164967,0.0,0.0,-0.3124187,0,0
634911684,-0.011388093,-0.002807265,1.5554209,6.0785165e-16,0.7125152,-0.003072265,-0.0049953046,0.7016322,0.0,0.0,-0.31724003,0,0
634921685,-0.01496862,-0.0057310066,1.5554209,6.0785165e-16,0.71251404,-0.003322142,-0.007292968,0.7016122,0.0,0.0,-0.3207496,0,0
634931690,-0.016749758,-0.0041087354,1.5554209,4.8625213e-16,0.7125075,-0.0045258068,-0.0073398813,0.70161146,0.0,0.0,-0.32313275,0,0
634941678,-0.014629672,0.0031578252,1.5554209,4.8625213e-16,0.71249384,-0.0063197417,-0.004007423,0.7016385,0.0,0.0,-0.32658514,0,0
634951847,-0.0049564587,0.0015792769,1.5554209,3.8838806e-16,0.7125181,-0.0023198382,-0.0011762141,0.7016489,0.0,0.0,-0.32987496,0,0
634961686,0.0011272645,0.0022990853,1.5554209,3.8838806e-16,0.71252173,-0.00040497613,0.0012145462,0.7016489,0.0,0.0,-0.3330453,0,0
634971708,-0.0043366705,0.0018347428,1.5554209,3.111554e-16,0.7125185,-0.0021886565,-0.0008677647,0.7016494,0.0,0.0,-0.338225,0,0
634981694,-0.0071305986,0.00661878,1.5554209,3.111554e-16,0.71250516,-0.0048623485,-0.00014357916,0.70165,0.0,0.0,-0.34352618,0,0
634991696,-0.002746891,0.0014111503,1.5554209,2.489492e-16,0.71252036,-0.0014736756,-0.00046094015,0.7016497,0.0,0.0,-0.34755617,0,0
635001666,-0.004750546,0.0031396486,1.5554209,2.489492e-16,0.71251637,-0.0027938937,-0.00054807594,0.7016497,0.0,0.0,-0.35012412,0,0
635011710,-0.009055584,-0.004463384,1.5554209,1.9913149e-16,0.7125199,-0.0016602826,-0.004767017,0.7016338,0.0,0.0,-0.35282233,0,0
635021666,-0.012074217,0.0029715633,1.5554209,1.9913149e-16,0.7125018,-0.00534402,-0.003177274,0.70164275,0.0,0.0,-0.3571229,0,0
635031724,-0.010286399,-0.0066899,1.5554209,1.5928289e-16,0.71252054,-0.0013176575,-0.005992004,0.70162445,0.0,0.0,-0.360981,0,0
635041693,-0.0059078597,-0.0026568957,1.5554209,1.5928289e-16,0.7125209,-0.0011726337,-0.0030191636,0.7016434,0.0,0.0,-0.36588326,0,0
635051821,-0.0064012134,0.002107946,1.5554209,1.2730156e-16,0.7125155,-0.0030200132,-0.0014947254,0.7016483,0.0,0.0,-0.36979657,0,0
635061671,-0.009295304,0.004117425,1.5554209,1.2730156e-16,0.71250594,-0.004756014,-0.001794145,0.70164776,0.0,0.0,-0.37285498,0,0
635071718,-0.008522357,0.0045509944,1.5554209,1.0194625e-16,0.7125068,-0.0046327524,-0.0013685132,0.70164865,0.0,0.0,-0.37677157,0,0
635081661,-0.006486617,0.0033124501,1.5554209,1.0194625e-16,0.7125134,-0.0034730043,-0.0010955699,0.70164907,0.0,0.0,-0.38048908,0,0
635091726,-0.005377574,0.004192098,1.5554209,8.155129e-17,0.7125138,-0.0033864991,-0.0003931061,0.70164984,0.0,0.0,-0.38303718,0,0
635101704,-0.011647655,0.0064775404,1.5554209,8.155129e-17,0.7124928,-0.0064219995,-0.0017785919,0.70164776,0.0,0.0,-0.3867526,0,0
635111684,-0.02055726,-0.0012962006,1.5554209,6.526779e-17,0.7124888,-0.0068689026,-0.0076736324,0.7016079,0.0,0.0,-0.38833585,0,0
635121664,-0.01395629,-0.005134306,1.5554209,6.526779e-17,0.71251476,-0.003170827,-0.0067252647,0.7016178,0.0,0.0,-0.39262998,0,0
635131713,-0.02068142,-0.00477397,1.5554209,5.219962e-17,0.7124991,-0.0056930925,-0.008956095,0.70159274,0.0,0.0,-0.39236316,0,0
635141660,-0.013928842,0.0007349119,1.5554209,5.219962e-17,0.7125027,-0.005220081,-0.0046247314,0.7016347,0.0,0.0,-0.39234903,0,0
635151832,-0.016734352,0.0066590374,1.5554209,4.1710477e-17,0.71247345,-0.008297764,-0.0034984604,0.70164126,0.0,0.0,-0.3892927,0,0
635161710,-0.009788488,-0.006812146,1.5554209,4.1710477e-17,0.7125209,-0.0010973846,-0.0058608805,0.7016256,0.0,0.0,-0.38735622,0,0
635171689,-0.0062782024,-0.014828111,1.5554209,3.341583e-17,0.7125151,0.002965385,-0.0074850884,0.70161057,0.0,0.0,-0.3851383,0,0
635181668,-0.005392592,-0.0026534025,1.5554209,3.341583e-17,0.7125212,-0.0009902898,-0.0028371518,0.70164424,0.0,0.0,-0.38565287,0,0
635191721,-0.004325325,0.00035589904,1.5554209,2.6724113e-17,0.71251994,-0.0016658012,-0.0013906381,0.70164853,0.0,0.0,-0.38617975,0,0
635201670,-0.011271329,-0.0052511673,1.5554209,2.6724113e-17,0.71251845,-0.00217329,-0.005824982,0.70162576,0.0,0.0,-0.38486585,0,0
635211687,0.0025552374,0.0017682568,1.5554209,2.1386561e-17,0.7125218,0.00028998265,0.0015264006,0.7016483,0.0,0.0,-0.3877268,0,0
635221713,-0.008848871,-0.00013603238,1.5554209,2.1386561e-17,0.7125151,-0.0031047736,-0.003152857,0.7016429,0.0,0.0,-0.3829928,0,0
635231723,-0.010668732,-0.007699011,1.5554209,1.710309e-17,0.7125209,-0.0010998467,-0.006485623,0.70162016,0.0,0.0,-0.3801409,0,0
635241664,0.009207249,-0.002152753,1.5554209,1.710309e-17,0.7125104,0.004035401,0.0024631862,0.7016456,0.0,0.0,-0.3811283,0,0
635251853,0.008437346,-0.017283985,1.5554209,1.36647086e-17,0.7124633,0.009069299,-0.0031975657,0.70164347,0.0,0.0,-0.37813944,0,0
635261656,0.009450373,-0.01319674,1.5554209,1.36647086e-17,0.71247655,0.007996373,-0.0013860546,0.70164907,0.0,0.0,-0.37678725,0,0
635271693,0.0073080137,-0.012835606,1.5554209,1.09492855e-17,0.712486,0.00710649,-0.002008988,0.70164746,0.0,0.0,-0.37684396,0,0
635281687,0.011499754,-0.015128173,1.5554209,1.09492855e-17,0.7124592,0.009403975,-0.0013551735,0.70164925,0.0,0.0,-0.37562788,0,0
635291709,0.017285604,-0.012927205,1.5554209,8.757939e-18,0.71244115,0.010692967,0.0014587651,0.7016489,0.0,0.0,-0.37827677,0,0
635301666,0.0150862755,-0.013931153,1.5554209,8.757939e-18,0.71244746,0.0102616865,0.00032951904,0.7016503,0.0,0.0,-0.3824272,0,0
635311715,0.01093968,-0.0074622445,1.5554209,7.005861e-18,0.7124919,0.00651523,0.0011794061,0.70164907,0.0,0.0,-0.38186246,0,0
635321664,0.010193024,-0.010655887,1.5554209,7.005861e-18,0.71248347,0.0073695933,-0.00022030833,0.7016502,0.0,0.0,-0.38493615,0,0
635331690,0.009686293,-0.008478277,1.5554209,5.606202e-18,0.7124927,0.00642515,0.00037771463,0.70165,0.0,0.0,-0.38431677,0,0
635341691,0.005771709,-0.0020587533,1.5554209,5.606202e-18,0.7125164,0.0027784894,0.0012914054,0.7016488,0.0,0.0,-0.385611,0,0
635351854,-0.00024543324,0.0011185101,1.5554209,4.477663e-18,0.71252173,-0.00047983948,0.00031237735,0.70164984,0.0,0.0,-0.38621634,0,0
635361700,0.0011324234,-0.004861319,1.5554209,4.477663e-18,0.7125187,0.002108907,-0.0013346149,0.7016487,0.0,0.0,-0.3872663,0,0
635371711,0.005734029,-0.0018004061,1.5554209,3.5871883e-18,0.7125169,0.0026744318,0.0013702252,0.70164853,0.0,0.0,-0.38767534,0,0
635381662,-0.0037280072,-0.011867532,1.5554209,3.5871883e-18,0.7125159,0.0028352747,-0.0055357595,0.70162845,0.0,0.0,-0.39113438,0,0
635391687,-0.004871759,-0.015101095,1.5554209,2.8704683e-18,0.7125124,0.0035622087,-0.007088947,0.7016147,0.0,0.0,-0.39082092,0,0
635401703,-0.00059668324,-0.016348543,1.5554209,2.8704683e-18,0.71249974,0.005522844,-0.0060336064,0.7016247,0.0,0.0,-0.39179018,0,0
635411685,-0.0049666693,-0.013143343,1.5554209,2.2963746e-18,0.7125158,0.0028415744,-0.006424803,0.70162094,0.0,0.0,-0.39138892,0,0
635421695,-0.0049194065,-0.011845323,1.5554209,2.2963746e-18,0.71251744,0.002403038,-0.0059458073,0.7016251,0.0,0.0,-0.39222178,0,0
635431721,-0.01144543,-0.016809694,1.5554209,1.8365304e-18,0.7125188,0.0018196998,-0.010003648,0.7015794,0.0,0.0,-0.38975757,0,0
635441666,-0.022001285,-0.016253928,1.5554209,1.8365304e-18,0.712518,-0.0021359054,-0.013508414,0.7015205,0.0,0.0,-0.3866977,0,0
635451823,-0.023857972,-0.01295017,1.5554209,1.4676539e-18,0.7125104,-0.003956396,-0.012982877,0.70153034,0.0,0.0,-0.38555425,0,0
635461680,-0.033687465,-0.014641032,1.5554209,1.4676539e-18,0.71248823,-0.006864973,-0.017032769,0.7014436,0.0,0.0,-0.3822123,0,0
635471695,-0.04204415,-0.01818177,1.5554209,1.175628e-18,0.7124691,-0.008599846,-0.021224374,0.70132977,0.0,0.0,-0.3805825,0,0
635481692,-0.02723772,-0.014528394,1.5554209,1.175628e-18,0.7125064,-0.004606775,-0.014730498,0.7014958,0.0,0.0,-0.37916836,0,0
635491728,-0.024246417,-0.013102495,1.5554209,9.402203e-19,0.71250993,-0.0040413425,-0.013173388,0.7015267,0.0,0.0,-0.37787238,0,0
635501663,-0.014896307,-0.01646785,1.5554209,9.402203e-19,0.71252096,0.00047036356,-0.011092394,0.701563,0.0,0.0,-0.37749544,0,0
635511692,-0.021826923,-0.014072016,1.5554209,7.524396e-19,0.7125157,-0.002839253,-0.012670056,0.70153594,0.0,0.0,-0.3778261,0,0
635521692,-0.013804195,-0.015084438,1.5554209,7.524396e-19,0.71252114,0.00037410413,-0.010216498,0.70157623,0.0,0.0,-0.37909395,0,0
635531701,-0.02099615,-0.009195242,1.5554209,6.018975e-19,0.7125089,-0.004254161,-0.010641475,0.7015695,0.0,0.0,-0.3766572,0,0
635541661,-0.024705641,-0.014724345,1.5554209,6.018975e-19,0.712512,-0.003635965,-0.013912161,0.70151246,0.0,0.0,-0.37540084,0,0
635551872,-0.026856676,-0.015627276,1.5554209,4.806912e-19,0.7125095,-0.004085517,-0.014988252,0.7014905,0.0,0.0,-0.3731991,0,0
635561661,-0.01948546,-0.009259521,1.5554209,4.806912e-19,0.71251214,-0.0036934186,-0.010134442,0.7015769,0.0,0.0,-0.37322268,0,0
635571690,-0.010705307,-0.011924098,1.5554209,3.8525412e-19,0.7125214,0.0003693897,-0.008003609,0.70160466,0.0,0.0,-0.3721776,0,0
635581689,-0.00551035,-0.0099788075,1.5554209,3.8525412e-19,0.71251994,0.0015376912,-0.0054881726,0.7016286,0.0,0.0,-0.37092698,0,0
635591681,-0.009046891,-0.010750384,1.5554209,3.0822797e-19,0.7125214,0.00054844987,-0.0070037027,0.7016152,0.0,0.0,-0.3719901,0,0
635601662,-0.004961768,-0.0057514096,1.5554209,3.0822797e-19,0.71252173,0.0002500538,-0.0037896964,0.70163983,0.0,0.0,-0.3739815,0,0
635611741,-0.0058878185,-0.006776441,1.5554209,2.4643698e-19,0.71252173,0.0002797449,-0.0044797445,0.7016357,0.0,0.0,-0.37581834,0,0
635621676,-0.0064139087,-0.016431976,1.5554209,2.4643698e-19,0.7125127,0.0034797078,-0.008104054,0.70160395,0.0,0.0,-0.3742197,0,0
635631693,-0.016465792,-0.015297382,1.5554209,1.9724229e-19,0.7125211,-0.000499412,-0.011225999,0.7015608,0.0,0.0,-0.37837252,0,0
635641701,-0.0136503875,-0.013161447,1.5554209,1.9724229e-19,0.7125214,-0.00024573403,-0.009477521,0.7015865,0.0,0.0,-0.3806326,0,0
635651820,-0.015743528,-0.015841542,1.5554209,1.5759369e-19,0.7125212,-5.1192463e-05,-0.01116648,0.70156175,0.0,0.0,-0.38147515,0,0
635661653,-0.013280748,-0.014865141,1.5554209,1.5759369e-19,0.71252114,0.00048365284,-0.009954758,0.7015799,0.0,0.0,-0.3822618,0,0
635671718,-0.009230602,-0.0075902636,1.5554209,1.2620368e-19,0.7125215,-0.0006256487,-0.005942369,0.70162493,0.0,0.0,-0.37620163,0,0
635681692,-0.008398136,-0.008723666,1.5554209,1.2620368e-19,0.7125217,6.855208e-05,-0.006054103,0.70162404,0.0,0.0,-0.37017712,0,0
635691680,-0.0033493333,-0.007516211,1.5554209,1.01001325e-19,0.71252024,0.0014436368,-0.0038527432,0.7016395,0.0,0.0,-0.36874175,0,0
635701697,-0.0016867423,-0.004202256,1.5554209,1.01001325e-19,0.7125213,0.0008733355,-0.0020888478,0.7016468,0.0,0.0,-0.36650422,0,0
635711692,-0.002360978,-0.0043018768,1.5554209,8.079298e-20,0.7125215,0.00066808145,-0.0023608764,0.7016461,0.0,0.0,-0.36603728,0,0
635721664,-0.0021234674,-0.008729045,1.5554209,8.079298e-20,0.7125179,0.0023058543,-0.0038547642,0.70163953,0.0,0.0,-0.36459687,0,0
635731723,0.0034420884,-0.011599283,1.5554209,6.461306e-20,0.7125018,0.0052955495,-0.0029247927,0.7016442,0.0,0.0,-0.3656383,0,0
635741689,0.007823229,-0.013159434,1.5554209,6.461306e-20,0.7124829,0.007403631,-0.0019436057,0.7016477,0.0,0.0,-0.3674283,0,0
635751828,0.0068408707,-0.010435207,1.5554209,5.1637263e-20,0.71249545,0.00609799,-0.0013177075,0.70164895,0.0,0.0,-0.36855197,0,0
635761727,0.00899978,-0.007105955,1.5554209,5.1637263e-20,0.7124989,0.0056991545,0.0006257733,0.7016498,0.0,0.0,-0.37053493,0,0
635771693,0.008504382,-0.0062940456,1.5554209,4.1365655e-20,0.7125025,0.00523784,0.0007412268,0.7016497,0.0,0.0,-0.37286443,0,0
635781661,0.0146120135,-0.0063195094,1.5554209,4.1365655e-20,0.71248305,0.0074225967,0.0028748573,0.70164424,0.0,0.0,-0.37633404,0,0
635791722,0.008510889,-0.0026604638,1.5554209,3.308326e-20,0.7125108,0.0039654337,0.00203801,0.701647,0.0,0.0,-0.38076502,0,0
635801664,0.008572628,-0.009640062,1.5554209,3.308326e-20,0.7124925,0.0064359773,-0.00042688547,0.70165,0.0,0.0,-0.38288906,0,0
635811711,0.0052203857,0.0006357667,1.5554209,2.646952e-20,0.71251994,0.0016367754,0.0020579374,0.701647,0.0,0.0,-0.38526955,0,0
635821704,-0.00047601192,-0.0102661485,1.5554209,2.646952e-20,0.7125133,0.0034320224,-0.003824406,0.7016399,0.0,0.0,-0.38692835,0,0
635831690,-0.0082935495,-0.012420358,1.5554209,2.1179851e-20,0.71252006,0.0014027035,-0.007334341,0.701612,0.0,0.0,-0.38756624,0,0
635841663,-0.007246483,-0.0150442505,1.5554209,2.1179851e-20,0.7125161,0.0026962536,-0.007901763,0.70160604,0.0,0.0,-0.38854456,0,0
635851858,-0.0069489027,-0.022461517,1.5554209,1.6915462e-20,0.71250004,0.005404386,-0.010439633,0.70157355,0.0,0.0,-0.3879609,0,0
635861669,-0.011113611,-0.02072829,1.5554209,1.6915462e-20,0.712513,0.0033126466,-0.011283136,0.7015604,0.0,0.0,-0.38841903,0,0
635871722,-0.013133318,-0.02623563,1.5554209,1.3550663e-20,0.71250564,0.004525199,-0.013953327,0.7015131,0.0,0.0,-0.38892898,0,0
635881689,-0.013349526,-0.029713623,1.5554209,1.3550663e-20,0.71249694,0.00566831,-0.015267974,0.7014863,0.0,0.0,-0.38679278,0,0
635891681,-0.01896053,-0.03098848,1.5554209,1.0844977e-20,0.7125074,0.0041166237,-0.017689975,0.7014294,0.0,0.0,-0.38864452,0,0
635901664,-0.019522939,-0.027830923,1.5554209,1.0844977e-20,0.7125143,0.0028085243,-0.016762638,0.7014517,0.0,0.0,-0.38841715,0,0
635911714,-0.017207853,-0.025126735,1.5554209,8.673032e-21,0.7125151,0.0026846002,-0.014987501,0.7014916,0.0,0.0,-0.3893375,0,0
635921668,-0.016704848,-0.029454611,1.5554209,8.673032e-21,0.71250606,0.004382108,-0.016352557,0.70146173,0.0,0.0,-0.38976866,0,0
635931690,-0.018018743,-0.01766267,1.5554209,6.940161e-21,0.71252096,-0.00022286385,-0.012613277,0.70153743,0.0,0.0,-0.3928933,0,0
635941718,-0.014312335,-0.018911297,1.5554209,6.940161e-21,0.7125193,0.0015356322,-0.011757939,0.7015523,0.0,0.0,-0.3940718,0,0
635951820,-0.0077674994,-0.019500958,1.5554209,5.544865e-21,0.71250916,0.0040741437,-0.009672164,0.7015844,0.0,0.0,-0.39440462,0,0
635961665,-0.01407815,-0.022421224,1.5554209,5.544865e-21,0.7125148,0.002850427,-0.012926056,0.7015322,0.0,0.0,-0.39191377,0,0
635971725,-0.012623522,-0.017095147,1.5554209,4.44011e-21,0.71251947,0.0015001376,-0.010518593,0.7015719,0.0,0.0,-0.3931933,0,0
635981664,-0.011555126,-0.019264733,1.5554209,4.44011e-21,0.712516,0.0026419053,-0.010916665,0.70156604,0.0,0.0,-0.39293206,0,0
635991680,-0.01984976,-0.01708785,1.5554209,3.5537226e-21,0.7125203,-0.0010768435,-0.0130507825,0.70152926,0.0,0.0,-0.39088386,0,0
636001715,-0.016769579,-0.016250974,1.5554209,3.5537226e-21,0.71252114,-0.00027309425,-0.0116722435,0.70155346,0.0,0.0,-0.3925101,0,0
636011698,-0.01811813,-0.015315752,1.5554209,2.8424664e-21,0.71252036,-0.0010816297,-0.011812147,0.7015511,0.0,0.0,-0.39421627,0,0
636021671,-0.011281367,-0.012189903,1.5554209,2.8424664e-21,0.71252143,0.00025741276,-0.008300381,0.70160127,0.0,0.0,-0.39460662,0,0
636031719,-0.015382647,-0.010507668,1.5554209,2.2735184e-21,0.7125193,-0.0017938804,-0.009139832,0.70159066,0.0,0.0,-0.39358357,0,0
636041663,-0.02110315,-0.010320757,1.5554209,2.2735184e-21,0.71251094,-0.0038974266,-0.011079937,0.70156264,0.0,0.0,-0.39396644,0,0
636051821,-0.025286946,-0.01088378,1.5554209,1.8169432e-21,0.71250266,-0.0051904,-0.012748061,0.70153433,0.0,0.0,-0.3948245,0,0
636061687,-0.024940513,-0.015731448,1.5554209,1.8169432e-21,0.71251327,-0.0033663267,-0.014353263,0.7015038,0.0,0.0,-0.3945055,0,0
636071727,-0.028959936,-0.008537326,1.5554209,1.4549222e-21,0.71248406,-0.0073220544,-0.013200609,0.7015258,0.0,0.0,-0.39457676,0,0
636081666,-0.026530411,-0.008604985,1.5554209,1.4549222e-21,0.7124926,-0.0064328164,-0.012372512,0.70154107,0.0,0.0,-0.3948574,0,0
636091709,-0.023065247,-0.008354967,1.5554209,1.1641474e-21,0.71250206,-0.0052860645,-0.011067956,0.7015628,0.0,0.0,-0.3954106,0,0
636101675,-0.018834602,-0.005718763,1.5554209,1.1641474e-21,0.71250623,-0.0047037136,-0.008644803,0.70159674,0.0,0.0,-0.39495614,0,0
636111692,-0.015385284,-0.0004081392,1.5554209,9.31467e-22,0.7125019,-0.00533794,-0.0055428874,0.7016281,0.0,0.0,-0.39518186,0,0
636121692,-0.018205924,-0.0044437973,1.5554209,9.31467e-22,0.7125048,-0.004927025,-0.007970074,0.7016047,0.0,0.0,-0.3967399,0,0
636131732,-0.019328652,-0.008750087,1.5554209,7.449352e-22,0.7125114,-0.0038162752,-0.009897961,0.7015803,0.0,0.0,-0.39772597,0,0
636141660,-0.017214239,-0.00017777452,1.5554209,7.449352e-22,0.71249604,-0.006070319,-0.006102441,0.70162326,0.0,0.0,-0.39964253,0,0
636151710,-0.016566021,0.00084165286,1.5554209,5.9603164e-22,0.7124949,-0.006197021,-0.005511869,0.7016282,0.0,0.0,-0.4000015,0,0
636161837,-0.020620815,0.0016965236,1.5554209,5.290652e-22,0.7124776,-0.007941408,-0.006629792,0.7016185,0.0,0.0,-0.4002669,0,0
636171660,-0.018882519,-0.007660144,1.5554209,5.290652e-22,0.7125103,-0.0040397113,-0.0093531925,0.70158774,0.0,0.0,-0.3992277,0,0
636181691,-0.019115977,-0.008007108,1.5554209,5.290652e-22,0.71251047,-0.0040011606,-0.009558688,0.70158505,0.0,0.0,-0.3994562,0,0
636191685,-0.022838678,-0.0040806625,1.5554209,3.8531412e-22,0.71249026,-0.0067048315,-0.009465872,0.7015861,0.0,0.0,-0.40007517,0,0
636201694,-0.021530502,-0.006258602,1.5554209,3.8531412e-22,0.71250075,-0.005474748,-0.009782816,0.70158184,0.0,0.0,-0.39984426,0,0
636211721,-0.022597447,-0.005433432,1.5554209,3.0813422e-22,0.71249527,-0.0061443266,-0.009863144,0.7015807,0.0,0.0,-0.3997131,0,0
636221660,-0.016902221,-0.006655793,1.5554209,3.0813422e-22,0.7125122,-0.0036865657,-0.008300727,0.7016009,0.0,0.0,-0.3986865,0,0
636231692,-0.0148186125,-0.007751428,1.5554209,2.4657889e-22,0.71251714,-0.002559892,-0.007960101,0.7016049,0.0,0.0,-0.40014756,0,0
636241694,-0.015708925,-0.0072591403,1.5554209,2.4657889e-22,0.7125152,-0.0030497785,-0.0080970535,0.7016033,0.0,0.0,-0.40218067,0,0
636251829,-0.012838838,-0.008303131,1.5554209,1.9699519e-22,0.71251976,-0.0016610285,-0.007462126,0.70161045,0.0,0.0,-0.40336567,0,0
636261690,-0.0063082855,-0.010897594,1.5554209,1.9699519e-22,0.7125198,0.0015757508,-0.0060954154,0.70162374,0.0,0.0,-0.40425628,0,0
636271722,-0.008988319,-0.011066558,1.5554209,1.5777285e-22,0.7125212,0.00068023836,-0.00709579,0.7016144,0.0,0.0,-0.40251914,0,0
636281662,-0.010675749,-0.013170248,1.5554209,1.5777285e-22,0.71252096,0.0008171001,-0.008437163,0.70159966,0.0,0.0,-0.4015775,0,0
636291684,-0.004235214,-0.0130954385,1.5554209,1.262612e-22,0.71251476,0.0030853555,-0.0061511346,0.7016234,0.0,0.0,-0.4031099,0,0
636301692,-0.0059612216,-0.010619011,1.5554209,1.262612e-22,0.71251976,0.001601662,-0.0058744163,0.7016256,0.0,0.0,-0.40413883,0,0
636311692,-0.009626165,-0.0102057755,1.5554209,1.0099987e-22,0.71252155,0.0001510151,-0.007012903,0.7016152,0.0,0.0,-0.40555376,0,0
636321659,-0.008504559,-0.011602871,1.5554209,1.0099987e-22,0.7125207,0.0010407348,-0.007117142,0.7016143,0.0,0.0,-0.4055967,0,0
636331747,-0.0052856808,-0.008218857,1.5554209,8.0756284e-23,0.71252096,0.0010002987,-0.0047823703,0.7016339,0.0,0.0,-0.40745643,0,0
636341666,-0.006009156,-0.00580926,1.5554209,8.0756284e-23,0.7125218,-0.00010279396,-0.0041777496,0.70163757,0.0,0.0,-0.40826088,0,0
636351820,-0.006821996,-0.0093835285,1.5554209,6.455725e-23,0.7125211,0.0008615654,-0.005736248,0.7016267,0.0,0.0,-0.4085675,0,0
636361688,-0.006116843,-0.008556426,1.5554209,6.455725e-23,0.7125212,0.0008226154,-0.005194215,0.70163095,0.0,0.0,-0.40898076,0,0
636371687,-0.00781791,-0.011700127,1.5554209,5.17151e-23,0.7125203,0.0013194801,-0.0069109057,0.7016162,0.0,0.0,-0.40933973,0,0
636381662,-0.0011841971,-0.0071365824,1.5554209,5.17151e-23,0.7125187,0.002081805,-0.002957923,0.70164376,0.0,0.0,-0.41009223,0,0
636391740,-0.004311316,-0.009857307,1.5554209,4.1350164e-23,0.71251905,0.0019222338,-0.0050242487,0.7016322,0.0,0.0,-0.41126677,0,0
636401680,-0.0060768374,-0.010654459,1.5554209,4.1350164e-23,0.7125198,0.0015729087,-0.0059276046,0.70162517,0.0,0.0,-0.40996042,0,0
636411693,0.0018291029,-0.011309526,1.5554209,3.3095356e-23,0.7125066,0.0046192687,-0.0033874342,0.70164204,0.0,0.0,-0.41055027,0,0
636421689,0.0022477848,-0.017289864,1.5554209,3.3095356e-23,0.712488,0.006866404,-0.0053710733,0.7016301,0.0,0.0,-0.4103185,0,0
636431699,0.009955482,-0.0069964146,1.5554209,2.647496e-23,0.71249646,0.006001194,0.0010000821,0.70164937,0.0,0.0,-0.4100812,0,0
636441661,0.0051002814,-0.009504595,1.5554209,2.647496e-23,0.712503,0.005151434,-0.0015968081,0.7016483,0.0,0.0,-0.41041768,0,0
636451855,0.0020385194,-0.0083733145,1.5554209,2.1146769e-23,0.71251225,0.0036637955,-0.0022679176,0.70164645,0.0,0.0,-0.41145205,0,0
636461707,-0.0012351512,-0.008266287,1.5554209,2.1146769e-23,0.71251744,0.0024599785,-0.0033782641,0.70164204,0.0,0.0,-0.41352445,0,0
636471685,-0.0051575694,-0.0059688655,1.5554209,1.6946054e-23,0.71252173,0.0002565866,-0.0039358577,0.701639,0.0,0.0,-0.41685715,0,0
636481685,0.0011189801,-0.004033817,1.5554209,1.6946054e-23,0.7125195,0.0018138104,-0.001044525,0.70164925,0.0,0.0,-0.4165191,0,0
636491686,0.002037349,-0.0009252045,1.5554209,1.3556979e-23,0.7125211,0.0010504123,0.00038513858,0.7016499,0.0,0.0,-0.4195806,0,0
636501685,-0.006717742,-0.005812877,1.5554209,1.3556979e-23,0.71252173,-0.00035396678,-0.004427623,0.701636,0.0,0.0,-0.41742367,0,0
636511719,0.0039015308,-0.0027472004,1.5554209,1.0841897e-23,0.712518,0.002353745,0.0003900341,0.7016498,0.0,0.0,-0.41746137,0,0
636521691,0.0048153778,-0.00042096438,1.5554209,1.0841897e-23,0.71251947,0.0018632135,0.00153938,0.7016482,0.0,0.0,-0.41739938,0,0
636531692,0.0021382987,-0.0037289641,1.5554209,8.675686e-24,0.7125188,0.0020700032,-0.00057831564,0.7016498,0.0,0.0,-0.42050013,0,0
636541684,0.004413847,-0.004522536,1.5554209,8.675686e-24,0.7125148,0.0031590892,-6.271526e-05,0.70165,0.0,0.0,-0.4228871,0,0
636551837,0.0028117292,-0.0020911144,1.5554209,6.930708e-24,0.71251976,0.0017353228,0.00024144244,0.7016499,0.0,0.0,-0.4241268,0,0
636561660,0.005209795,-0.0019010903,1.5554209,6.930708e-24,0.7125174,0.0025229913,0.0011504415,0.701649,0.0,0.0,-0.42426872,0,0
636571716,0.00829213,0.003072884,1.5554209,5.5512832e-24,0.7125194,0.0018761154,0.0040038126,0.7016385,0.0,0.0,-0.42573303,0,0
636581664,0.0029875392,-0.0026323916,1.5554209,5.5512832e-24,0.7125191,0.0019878494,0.00011028483,0.7016499,0.0,0.0,-0.42476308,0,0
636591711,0.009990435,0.00045677423,1.5554209,4.4411153e-24,0.7125138,0.0033989411,0.003667608,0.7016403,0.0,0.0,-0.4293074,0,0
636601693,0.017139675,0.0027352811,1.5554209,4.4411153e-24,0.71250325,0.005146547,0.006987384,0.70161515,0.0,0.0,-0.4289872,0,0
636611694,0.020468123,0.007468199,1.5554209,3.5535675e-24,0.7125064,0.0046719275,0.009841034,0.701581,0.0,0.0,-0.43032518,0,0
636621654,0.009291397,-0.00046532776,1.5554209,3.5535675e-24,0.7125134,0.0034733969,0.0030938657,0.7016431,0.0,0.0,-0.43028817,0,0
636631720,0.01691503,0.0012884045,1.5554209,2.8421436e-24,0.71250004,0.005574103,0.006393135,0.70162076,0.0,0.0,-0.45450744,0,0
636641661,0.01637789,0.0046187704,1.5554209,2.8421436e-24,0.71250933,0.0042143976,0.0073911245,0.7016111,0.0,0.0,-0.45388412,0,0
636651856,0.010103163,0.0023858917,1.5554209,2.2705588e-24,0.7125165,0.002762325,0.0043944125,0.70163625,0.0,0.0,-0.4487323,0,0
636661695,0.014137564,0.0029377847,1.5554209,2.2705588e-24,0.7125106,0.004005992,0.0060063545,0.7016242,0.0,0.0,-0.4469819,0,0
636671684,0.0063711205,0.004625827,1.5554209,1.8196313e-24,0.7125215,0.00064692536,0.0038831301,0.70163924,0.0,0.0,-0.43850234,0,0
636681673,0.016115807,0.0035442815,1.5554209,1.8196313e-24,0.71250767,0.0044979802,0.006916405,0.7016158,0.0,0.0,-0.43680868,0,0
636691706,0.019940611,-0.0009497945,1.5554209,1.4553558e-24,0.71248305,0.0074371374,0.006657189,0.7016183,0.0,0.0,-0.4467669,0,0
636701663,0.01815026,-0.0038232834,1.5554209,1.4553558e-24,0.71247905,0.0078073754,0.0050054356,0.701632,0.0,0.0,-0.44626907,0,0
636711700,0.035878632,-0.006774197,1.5554209,1.1643661e-24,0.7123605,0.0151575655,0.010173383,0.7015762,0.0,0.0,-0.45725203,0,0
636721714,0.037972573,0.0017194151,1.5554209,1.1643661e-24,0.71240467,0.0129242195,0.01393337,0.70151144,0.0,0.0,-0.4570523,0,0
636731696,0.04280507,-0.00888839,1.5554209,9.315301e-25,0.7122849,0.018366005,0.01184994,0.7015501,0.0,0.0,-0.46741652,0,0
636741672,0.036255844,-0.0030794952,1.5554209,9.315301e-25,0.71238434,0.013996004,0.011621821,0.70155364,0.0,0.0,-0.46739513,0,0
636751850,0.03189126,-9.03468e-05,1.5554209,7.4407826e-25,0.7124308,0.011392822,0.011155594,0.7015613,0.0,0.0,-0.46583727,0,0
636761671,0.032034904,-0.0038927423,1.5554209,7.4407826e-25,0.7124073,0.012777769,0.009851488,0.7015807,0.0,0.0,-0.46405002,0,0
636771686,0.036666,-0.002964184,1.5554209,5.962464e-25,0.71238226,0.0141016515,0.011806767,0.7015506,0.0,0.0,-0.46211067,0,0
636781718,0.038430292,0.0031749047,1.5554209,5.962464e-25,0.7124108,0.0125767235,0.014612345,0.70149785,0.0,0.0,-0.45957017,0,0
636791689,0.039635085,0.0023611847,1.5554209,4.7697804e-25,0.7123979,0.013291298,0.014745087,0.701495,0.0,0.0,-0.45362794,0,0
636801677,0.03479121,0.0014740794,1.5554209,4.7697804e-25,0.7124229,0.011877054,0.012730082,0.7015344,0.0,0.0,-0.45228073,0,0
636811715,0.03511553,-0.00085082673,1.5554209,3.8148325e-25,0.71240675,0.012808092,0.012015699,0.701547,0.0,0.0,-0.45172164,0,0
636821654,0.034597814,-0.00421253,1.5554209,3.8148325e-25,0.7123881,0.013802844,0.010636607,0.70156944,0.0,0.0,-0.45265183,0,0
636831714,0.038423304,8.954821e-06,1.5554209,3.0523237e-25,0.7123905,0.01368474,0.013482215,0.7015204,0.0,0.0,-0.45363107,0,0
636841681,0.04196898,0.001007939,1.5554209,3.0523237e-25,0.7123723,0.014597275,0.015081693,0.7014878,0.0,0.0,-0.45319197,0,0
636851854,0.035852525,0.006104613,1.5554209,2.4381043e-25,0.7124425,0.010630808,0.014751711,0.70149493,0.0,0.0,-0.45563132,0,0
636861676,0.032666687,0.0066629243,1.5554209,2.4381043e-25,0.71246105,0.009300077,0.0138331335,0.7015135,0.0,0.0,-0.4556398,0,0
636871724,0.036881793,0.0024312248,1.5554209,1.9530028e-25,0.7124159,0.012285999,0.013804313,0.7015142,0.0,0.0,-0.45820248,0,0
636881669,0.03623958,0.0068676295,1.5554209,1.9530028e-25,0.71244437,0.010501027,0.015159239,0.7014862,0.0,0.0,-0.45958602,0,0
636891697,0.036658894,0.011610412,1.5554209,1.5628398e-25,0.71246487,0.008986667,0.016995534,0.7014444,0.0,0.0,-0.45409006,0,0
636901686,0.03429507,0.009194168,1.5554209,1.5628398e-25,0.71246487,0.008992207,0.0153058795,0.7014832,0.0,0.0,-0.4551024,0,0
636911719,0.0401617,0.012550794,1.5554209,1.2499968e-25,0.71245265,0.009904585,0.018558927,0.7014047,0.0,0.0,-0.45579326,0,0
636921681,0.046397068,0.0076328055,1.5554209,1.2499968e-25,0.71238714,0.013850807,0.018994201,0.7013929,0.0,0.0,-0.4557284,0,0
636931721,0.04467333,0.005837633,1.5554209,9.999674e-26,0.71238685,0.013866497,0.017750347,0.70142543,0.0,0.0,-0.45540985,0,0
636941665,0.0491134,0.0072277193,1.5554209,9.999674e-26,0.7123647,0.01496042,0.019802535,0.70137054,0.0,0.0,-0.45683995,0,0
636951823,0.042758133,0.0040695723,1.5554209,7.991588e-26,0.7123881,0.0138044795,0.01644894,0.70145714,0.0,0.0,-0.44928646,0,0
636961700,0.045535024,0.008047848,1.5554209,7.991588e-26,0.7123957,0.013398171,0.018839696,0.7013971,0.0,0.0,-0.45133325,0,0
636971679,0.04299362,0.0054993187,1.5554209,6.402426e-26,0.712396,0.013386859,0.01704075,0.7014431,0.0,0.0,-0.4491907,0,0
636981694,0.04066608,0.0031736554,1.5554209,6.402426e-26,0.7123963,0.013373551,0.015396088,0.7014809,0.0,0.0,-0.44831094,0,0
636991712,0.046178576,-0.0031244282,1.5554209,5.1202512e-26,0.7123058,0.017545974,0.015086321,0.7014878,0.0,0.0,-0.44707257,0,0
637001665,0.037281755,0.005480482,1.5554209,5.1202512e-26,0.71243125,0.01135886,0.015030702,0.70148903,0.0,0.0,-0.44871587,0,0
637011693,0.04116424,0.0013620987,1.5554209,4.0970203e-26,0.71238065,0.014186416,0.01492558,0.70149106,0.0,0.0,-0.45039177,0,0
637021678,0.04798305,0.0029109232,1.5554209,4.0970203e-26,0.7123406,0.016071897,0.017868768,0.7014223,0.0,0.0,-0.4547032,0,0
637031693,0.046991993,0.0010527915,1.5554209,3.277649e-26,0.7123338,0.016370626,0.016859407,0.7014473,0.0,0.0,-0.45668578,0,0
637041698,0.04498592,0.002797099,1.5554209,3.277649e-26,0.712363,0.015044317,0.016777083,0.7014494,0.0,0.0,-0.45892063,0,0
637051846,0.04672107,0.0032441483,1.5554209,2.618061e-26,0.71235317,0.015505539,0.017544853,0.7014305,0.0,0.0,-0.4524381,0,0
637061667,0.046898723,0.00344982,1.5554209,2.618061e-26,0.7123533,0.015496678,0.017680407,0.70142716,0.0,0.0,-0.4548593,0,0
637071693,0.04997062,0.0015635984,1.5554209,2.0977004e-26,0.712313,0.017252343,0.018085983,0.7014168,0.0,0.0,-0.4587784,0,0
637081697,0.0501412,0.0006256001,1.5554209,2.0977004e-26,0.71230346,0.017642071,0.017811747,0.70142376,0.0,0.0,-0.46055835,0,0
637091705,0.054692123,0.001892808,1.5554209,1.6779589e-26,0.7122733,0.018818436,0.019859042,0.7013688,0.0,0.0,-0.45746604,0,0
637101683,0.056490857,0.0012095968,1.5554209,1.6779589e-26,0.7122496,0.019698616,0.020246523,0.70135766,0.0,0.0,-0.45879754,0,0
637111746,0.05233533,0.0059035793,1.5554209,1.3418706e-26,0.71232903,0.016572414,0.020460855,0.70135164,0.0,0.0,-0.4682174,0,0
637121656,0.03937314,0.0012111372,1.5554209,1.3418706e-26,0.71239203,0.013601387,0.01424358,0.7015053,0.0,0.0,-0.46848232,0,0
637131695,0.044741727,0.00018751556,1.5554209,1.0740335e-26,0.712345,0.015872635,0.015761998,0.7014729,0.0,0.0,-0.47250703,0,0
637141694,0.049543403,0.0012908254,1.5554209,1.0740335e-26,0.7123143,0.017195856,0.01783901,0.7014231,0.0,0.0,-0.47483656,0,0
637151822,0.040466387,0.0038196233,1.5554209,8.5811126e-27,0.71240187,0.013075838,0.015556127,0.70147747,0.0,0.0,-0.47616413,0,0
637161679,0.04474308,0.00062599307,1.5554209,8.5811126e-27,0.71234846,0.01571932,0.01591864,0.70146924,0.0,0.0,-0.47827065,0,0
637171735,0.038683712,-0.0015292646,1.5554209,6.8708676e-27,0.712378,0.014317036,0.013025645,0.701529,0.0,0.0,-0.48707458,0,0
637181664,0.041086048,0.0013594307,1.5554209,6.8708676e-27,0.7123812,0.0141595,0.014897203,0.7014918,0.0,0.0,-0.48854175,0,0
637191692,0.04343134,-0.0058540725,1.5554209,5.4989487e-27,0.71230626,0.017524876,0.013150454,0.7015267,0.0,0.0,-0.48112333,0,0
637201687,0.044036515,-0.0060655144,1.5554209,5.4989487e-27,0.71229905,0.017814564,0.013287409,0.70152414,0.0,0.0,-0.4822486,0,0
637211693,0.0420596,-0.003633509,1.5554209,4.399159e-27,0.7123363,0.016257508,0.013460256,0.7015209,0.0,0.0,-0.47362375,0,0
637221671,0.04042433,-0.006588324,1.5554209,4.399159e-27,0.7123258,0.016711421,0.011834141,0.7015502,0.0,0.0,-0.47412297,0,0
637231712,0.038262296,-0.0056811073,1.5554209,3.5186586e-27,0.7123505,0.015623181,0.011398913,0.7015573,0.0,0.0,-0.48285386,0,0
637241698,0.043036915,-0.008058281,1.5554209,3.5186586e-27,0.7122903,0.018157447,0.012226957,0.7015435,0.0,0.0,-0.48466375,0,0
637251824,0.041084968,-0.0038962103,1.5554209,2.8117495e-27,0.7123421,0.016002512,0.013024819,0.70152897,0.0,0.0,-0.48504335,0,0
637261683,0.041323546,-0.009199686,1.5554209,2.8117495e-27,0.7122956,0.017947542,0.011219367,0.7015605,0.0,0.0,-0.48500326,0,0
637271680,0.034306996,-0.0067043104,1.5554209,2.2526659e-27,0.7123727,0.014573264,0.009646966,0.7015836,0.0,0.0,-0.48576942,0,0
637281664,0.035183154,-0.008079075,1.5554209,2.2526659e-27,0.712356,0.015367528,0.009464584,0.7015862,0.0,0.0,-0.48722717,0,0
637291723,0.040035576,-0.0093969265,1.5554209,1.80134e-27,0.7123053,0.017558008,0.010697313,0.70156854,0.0,0.0,-0.48852453,0,0
637301684,0.038198452,-0.013003985,1.5554209,1.80134e-27,0.7122897,0.018168759,0.008767937,0.70159566,0.0,0.0,-0.48889127,0,0
637311694,0.041836355,-0.007690682,1.5554209,1.4415189e-27,0.7123043,0.017600948,0.011936777,0.7015484,0.0,0.0,-0.48949012,0,0
637321678,0.040505003,-0.00927518,1.5554209,1.4415189e-27,0.7123022,0.017682495,0.010905346,0.7015654,0.0,0.0,-0.49054876,0,0
637331686,0.04419907,-0.010247519,1.5554209,1.1532843e-27,0.7122591,0.019339105,0.011854788,0.70155,0.0,0.0,-0.500285,0,0
637341672,0.046045993,-0.010043882,1.5554209,1.1532843e-27,0.71224296,0.019925427,0.012575172,0.7015375,0.0,0.0,-0.50241214,0,0
637351864,0.04102355,-0.0115830805,1.5554209,9.210157e-28,0.7122767,0.018676575,0.010265127,0.70157516,0.0,0.0,-0.4992094,0,0
637361667,0.04271815,-0.011280484,1.5554209,9.210157e-28,0.71226346,0.01917396,0.010967357,0.7015645,0.0,0.0,-0.49956614,0,0
637371713,0.037893176,-0.009617184,1.5554209,7.3790465e-28,0.7123219,0.016872223,0.009867323,0.70158064,0.0,0.0,-0.5061128,0,0
637381688,0.04007032,-0.011496372,1.5554209,7.3790465e-28,0.7122863,0.018306684,0.009961634,0.7015796,0.0,0.0,-0.5066483,0,0
637391691,0.045768462,-0.011785949,1.5554209,5.9045955e-28,0.71222836,0.020437505,0.011857288,0.70155007,0.0,0.0,-0.4995604,0,0
637401653,0.04327291,-0.009966177,1.5554209,5.9045955e-28,0.7122706,0.018910602,0.011630128,0.70155376,0.0,0.0,-0.49909,0,0
637411723,0.03766783,-0.011809677,1.5554209,4.72226e-28,0.712305,0.01756092,0.009007247,0.7015925,0.0,0.0,-0.49711135,0,0
637421655,0.03817996,-0.015521067,1.5554209,4.72226e-28,0.7122666,0.019044925,0.00786478,0.7016065,0.0,0.0,-0.49767357,0,0
637431716,0.03992711,-0.0115640415,1.5554209,3.7780344e-28,0.712287,0.018279409,0.009887288,0.7015806,0.0,0.0,-0.50594497,0,0
637441699,0.03968301,-0.010015803,1.5554209,3.7780344e-28,0.712303,0.017649489,0.010353179,0.7015737,0.0,0.0,-0.505949,0,0
637451815,0.03708589,-0.013785024,1.5554209,3.0194684e-28,0.7122928,0.018046444,0.00809942,0.70160365,0.0,0.0,-0.5157667,0,0
637461661,0.04157688,-0.013356725,1.5554209,3.0194684e-28,0.71225464,0.019495646,0.009827415,0.7015815,0.0,0.0,-0.5153497,0,0
637471707,0.035279736,-0.008389981,1.5554209,2.418138e-28,0.7123528,0.015510978,0.009387713,0.7015873,0.0,0.0,-0.5168911,0,0
637481668,0.03116669,-0.014181728,1.5554209,2.418138e-28,0.71233994,0.016077403,0.0058815945,0.7016257,0.0,0.0,-0.5157343,0,0
637491695,0.038329348,-0.017288823,1.5554209,1.9347425e-28,0.7122482,0.019718064,0.007287441,0.7016129,0.0,0.0,-0.5103212,0,0
637501736,0.03506103,-0.016492048,1.5554209,1.9347425e-28,0.7122868,0.018274678,0.006424732,0.7016212,0.0,0.0,-0.5093415,0,0
637511692,0.037161447,-0.0118034445,1.5554209,1.5478404e-28,0.71230954,0.017378384,0.008831829,0.70159465,0.0,0.0,-0.50192547,0,0
637521653,0.033063427,-0.018571243,1.5554209,1.5478404e-28,0.71228606,0.018292435,0.0049832375,0.70163316,0.0,0.0,-0.50107485,0,0
637531730,0.035316635,-0.01899989,1.5554209,1.2378762e-28,0.71226096,0.019245213,0.005620993,0.70162827,0.0,0.0,-0.5006879,0,0
637541670,0.030859679,-0.018245006,1.5554209,1.2378762e-28,0.71230865,0.017393159,0.0043263454,0.7016375,0.0,0.0,-0.49885574,0,0
637551813,0.03150191,-0.019944517,1.5554209,9.894204e-29,0.7122879,0.018217929,0.0039461963,0.70163995,0.0,0.0,-0.50642353,0,0
637561727,0.02626758,-0.021086002,1.5554209,9.894204e-29,0.71232367,0.016754044,0.0017032144,0.701649,0.0,0.0,-0.50643146,0,0
637571683,0.037510652,-0.01811325,1.5554209,7.925587e-29,0.71224815,0.019715624,0.0067065395,0.7016188,0.0,0.0,-0.5032643,0,0
637581661,0.02900446,-0.016774977,1.5554209,7.925587e-29,0.71233654,0.016216826,0.004199204,0.70163804,0.0,0.0,-0.503468,0,0
637591721,0.026094811,-0.022004472,1.5554209,6.338124e-29,0.71231735,0.017014641,0.0013153882,0.70165,0.0,0.0,-0.49976876,0,0
637601667,0.035967935,-0.0122446865,1.5554209,6.338124e-29,0.7123161,0.017108059,0.00825596,0.7016018,0.0,0.0,-0.5001618,0,0
637611690,0.027915068,-0.01543081,1.5554209,5.0721225e-29,0.71235573,0.015357361,0.004295889,0.7016373,0.0,0.0,-0.5002455,0,0
637621682,0.03293935,-0.019114612,1.5554209,5.0721225e-29,0.7122823,0.018438807,0.0047461325,0.70163476,0.0,0.0,-0.5004312,0,0
637631728,0.030736228,-0.017363291,1.5554209,4.0560756e-29,0.7123172,0.017039955,0.004597151,0.7016357,0.0,0.0,-0.50122803,0,0
637641670,0.032412723,-0.01869058,1.5554209,4.0560756e-29,0.71229094,0.018102542,0.0047124443,0.70163506,0.0,0.0,-0.50017077,0,0
637651844,0.034492686,-0.012819225,1.5554209,3.2411334e-29,0.71232367,0.016784139,0.0075337687,0.70160985,0.0,0.0,-0.50135785,0,0
637661669,0.027864119,-0.022699289,1.5554209,3.2411334e-29,0.7122959,0.01788847,0.001688571,0.7016493,0.0,0.0,-0.5002851,0,0
637671679,0.03162849,-0.021894487,1.5554209,2.5971662e-29,0.71226865,0.018946867,0.0032959157,0.70164347,0.0,0.0,-0.5010287,0,0
637681684,0.032464944,-0.023976006,1.5554209,2.5971662e-29,0.7122403,0.019974725,0.00284781,0.7016457,0.0,0.0,-0.50176066,0,0
637691723,0.03238669,-0.020033987,1.5554209,2.076819e-29,0.7122789,0.018564414,0.0042247213,0.7016383,0.0,0.0,-0.5026606,0,0
637701657,0.03159754,-0.02303708,1.5554209,2.076819e-29,0.712258,0.019336548,0.0028780021,0.7016455,0.0,0.0,-0.50302154,0,0
637711720,0.035661545,-0.020917663,1.5554209,1.661505e-29,0.7122388,0.020040585,0.005058786,0.70163286,0.0,0.0,-0.5034211,0,0
637721657,0.028031308,-0.019112773,1.5554209,1.661505e-29,0.7123254,0.016690154,0.0030249504,0.70164436,0.0,0.0,-0.50364405,0,0
637731688,0.028270075,-0.022572603,1.5554209,1.3296428e-29,0.7122934,0.01798862,0.0018761238,0.7016488,0.0,0.0,-0.50406975,0,0
637741702,0.027646955,-0.023180408,1.5554209,1.3296428e-29,0.7122935,0.017979862,0.0014409808,0.7016499,0.0,0.0,-0.5041646,0,0
637751814,0.025875721,-0.025035378,1.5554209,1.062365e-29,0.7122928,0.017999602,0.00015873765,0.7016516,0.0,0.0,-0.5052079,0,0
637761708,0.024494482,-0.022380367,1.5554209,1.062365e-29,0.71232766,0.0165765,0.00062003697,0.701651,0.0,0.0,-0.5052812,0,0
637771708,0.028560512,-0.01886421,1.5554209,8.5079385e-30,0.712323,0.016791461,0.003299158,0.70164305,0.0,0.0,-0.5065142,0,0
637781666,0.024508888,-0.0250579,1.5554209,8.5079385e-30,0.7123047,0.017520702,-0.00032880777,0.7016515,0.0,0.0,-0.50736576,0,0
637791692,0.030034509,-0.019248245,1.5554209,6.80744e-30,0.7123071,0.017451124,0.0036794522,0.7016412,0.0,0.0,-0.5084375,0,0
637801690,0.022039814,-0.022994999,1.5554209,6.80744e-30,0.7123426,0.015917799,-0.0004600933,0.7016511,0.0,0.0,-0.50787824,0,0
637811695,0.03427839,-0.020301687,1.5554209,5.445952e-30,0.7122584,0.019331995,0.0047929944,0.7016347,0.0,0.0,-0.50911105,0,0
637821680,0.027370015,-0.017941996,1.5554209,5.445952e-30,0.71234035,0.016043996,0.0032100498,0.70164347,0.0,0.0,-0.50881344,0,0
637831716,0.030674206,-0.020427696,1.5554209,4.3558468e-30,0.712291,0.0180926,0.003483686,0.7016423,0.0,0.0,-0.50090796,0,0
637841680,0.027258454,-0.023557732,1.5554209,4.3558468e-30,0.7122936,0.01797383,0.0011702612,0.70165044,0.0,0.0,-0.5009504,0,0
637851812,0.026344813,-0.02236483,1.5554209,3.481266e-30,0.71231216,0.017230066,0.0012747141,0.70165014,0.0,0.0,-0.49551207,0,0
637861686,0.022561911,-0.025232112,1.5554209,3.481266e-30,0.71232,0.016888374,-0.0010739216,0.7016508,0.0,0.0,-0.49622288,0,0
637871687,0.026133768,-0.021037297,1.5554209,2.7885542e-30,0.7123252,0.016689304,0.0016736215,0.7016491,0.0,0.0,-0.5039687,0,0
637881662,0.021372706,-0.023570813,1.5554209,2.7885542e-30,0.71234334,0.015882151,-0.0008992717,0.70165074,0.0,0.0,-0.50423515,0,0
637891744,0.025461687,-0.023416333,1.5554209,2.2295502e-30,0.71231073,0.017284317,0.0005902833,0.70165116,0.0,0.0,-0.51346153,0,0
637901666,0.026126567,-0.019835629,1.5554209,2.2295502e-30,0.71233517,0.016265279,0.002099201,0.70164776,0.0,0.0,-0.5134133,0,0
637911688,0.025879724,-0.021087714,1.5554209,1.7846037e-30,0.7123269,0.016616505,0.0015665351,0.70164937,0.0,0.0,-0.5227413,0,0
637921695,0.025511704,-0.022280088,1.5554209,1.7846037e-30,0.71232,0.016903626,0.0010126289,0.7016505,0.0,0.0,-0.5226328,0,0
637931689,0.029128062,-0.020910567,1.5554209,1.427683e-30,0.71230054,0.017711293,0.0027692365,0.7016457,0.0,0.0,-0.5234058,0,0
637941670,0.023314552,-0.022605825,1.5554209,1.427683e-30,0.71233547,0.016235325,0.00012576413,0.7016513,0.0,0.0,-0.52317894,0,0
637951882,0.0276224,-0.021234645,1.5554209,1.1399463e-30,0.7123109,0.017288705,0.002125563,0.70164776,0.0,0.0,-0.5165357,0,0
637961674,0.02387611,-0.02185965,1.5554209,1.1399463e-30,0.712337,0.016173627,0.000588607,0.701651,0.0,0.0,-0.5153328,0,0
637971688,0.026800703,-0.027627226,1.5554209,9.137205e-31,0.71226007,0.019237986,-0.00044012853,0.7016519,0.0,0.0,-0.51345474,0,0
637981686,0.028400298,-0.018969914,1.5554209,9.137205e-31,0.7123235,0.01677147,0.0032052933,0.7016435,0.0,0.0,-0.51350874,0,0
637991701,0.023577701,-0.021858957,1.5554209,7.3088867e-31,0.7123394,0.016067097,0.00048416352,0.70165104,0.0,0.0,-0.5125092,0,0
638001660,0.027671631,-0.01979635,1.5554209,7.3088867e-31,0.7123227,0.016801799,0.002655238,0.701646,0.0,0.0,-0.5134694,0,0
638011714,0.022938002,-0.023291871,1.5554209,5.846291e-31,0.71233296,0.016341828,-0.0002507499,0.70165145,0.0,0.0,-0.5129987,0,0
638021694,0.021407966,-0.020216674,1.5554209,5.846291e-31,0.7123687,0.014718275,0.0003080461,0.7016509,0.0,0.0,-0.51322,0,0
638031687,0.02377701,-0.024932241,1.5554209,4.678343e-31,0.71231216,0.01721597,-0.0005408025,0.70165145,0.0,0.0,-0.5133202,0,0
638041695,0.02383935,-0.023382422,1.5554209,4.678343e-31,0.7123248,0.016694615,3.3207692e-05,0.7016514,0.0,0.0,-0.51408505,0,0
638051820,0.024379376,-0.020213839,1.5554209,3.7376658e-31,0.71234614,0.015775632,0.0013515011,0.7016498,0.0,0.0,-0.5133102,0,0
638061665,0.026983596,-0.022968195,1.5554209,3.7376658e-31,0.7123014,0.017669179,0.0012838603,0.70165014,0.0,0.0,-0.51340973,0,0
638071717,0.025378022,-0.018456962,1.5554209,2.9932156e-31,0.712352,0.01551512,0.0023277542,0.7016469,0.0,0.0,-0.5140415,0,0
638081692,0.020529224,-0.023273956,1.5554209,2.9932156e-31,0.71235234,0.015477605,-0.0010894274,0.7016504,0.0,0.0,-0.513335,0,0
638091693,0.026318077,-0.020436114,1.5554209,2.3951953e-31,0.7123287,0.016544096,0.0019524583,0.7016484,0.0,0.0,-0.51430285,0,0
638101678,0.022975422,-0.01983432,1.5554209,2.3951953e-31,0.7123599,0.015142462,0.0009941662,0.7016502,0.0,0.0,-0.5134108,0,0
638111689,0.021450263,-0.02243593,1.5554209,1.9162137e-31,0.7123516,0.01551173,-0.00046774812,0.7016511,0.0,0.0,-0.5145062,0,0
638121665,0.025052464,-0.024193691,1.5554209,1.9162137e-31,0.7123076,0.017411204,0.00016977661,0.7016514,0.0,0.0,-0.5146883,0,0
638131764,0.020333685,-0.023868391,1.5554209,1.5318374e-31,0.71234924,0.015616452,-0.0013698008,0.7016501,0.0,0.0,-0.5145833,0,0
638141675,0.028365439,-0.021803156,1.5554209,1.5318374e-31,0.7122994,0.017752727,0.002183701,0.7016478,0.0,0.0,-0.51520526,0,0
638151843,0.021156015,-0.025505647,1.5554209,1.2244902e-31,0.71232945,0.016483583,-0.0016645942,0.7016496,0.0,0.0,-0.51521206,0,0
638161684,0.028937887,-0.019641759,1.5554209,1.2244902e-31,0.71231323,0.017198568,0.0031545428,0.7016438,0.0,0.0,-0.5167287,0,0
638171693,0.021661088,-0.025208568,1.5554209,9.8106376e-32,0.7123277,0.016559277,-0.0013815658,0.70165014,0.0,0.0,-0.51618594,0,0
638181666,0.023987778,-0.020112816,1.5554209,9.8106376e-32,0.71234995,0.015600724,0.0012501093,0.70165,0.0,0.0,-0.517494,0,0
638191719,0.021359224,-0.027337097,1.5554209,7.846627e-32,0.7123123,0.01719829,-0.0022457745,0.70164835,0.0,0.0,-0.5173237,0,0
638201663,0.022122076,-0.021539792,1.5554209,7.846627e-32,0.7123534,0.015436702,8.719889e-05,0.70165116,0.0,0.0,-0.51678425,0,0
638211718,0.021414708,-0.025667965,1.5554209,6.277176e-32,0.71232593,0.01663265,-0.001631666,0.70164984,0.0,0.0,-0.51743,0,0
638221687,0.01804772,-0.020083152,1.5554209,6.277176e-32,0.71239334,0.013474551,-0.00082324643,0.70165056,0.0,0.0,-0.516717,0,0
638231689,0.021742838,-0.023474958,1.5554209,5.023248e-32,0.7123412,0.015980363,-0.0007352702,0.701651,0.0,0.0,-0.5177674,0,0
638241665,0.01791322,-0.020868028,1.5554209,5.023248e-32,0.71238893,0.0137019465,-0.0011500515,0.70165014,0.0,0.0,-0.5170162,0,0
638251843,0.023512112,-0.024761958,1.5554209,4.0124195e-32,0.7123159,0.017061902,-0.00057307025,0.70165133,0.0,0.0,-0.5184911,0,0
638261741,0.0211339,-0.025230277,1.5554209,4.0124195e-32,0.7123319,0.016379127,-0.0015742497,0.7016498,0.0,0.0,-0.5181286,0,0
638271689,0.023080816,-0.018974863,1.5554209,3.2148542e-32,0.7123655,0.014878554,0.001337331,0.70164967,0.0,0.0,-0.51873887,0,0
638281722,0.01934247,-0.022451982,1.5554209,3.2148542e-32,0.7123675,0.014766606,-0.0012129344,0.7016502,0.0,0.0,-0.51906484,0,0
638291702,0.019636054,-0.018510643,1.5554209,2.5715746e-32,0.7123933,0.013488738,0.0002942054,0.70165074,0.0,0.0,-0.51849324,0,0
638301659,0.023124743,-0.023657303,1.5554209,2.5715746e-32,0.71232843,0.016536508,-0.00031542504,0.7016514,0.0,0.0,-0.51965445,0,0
638311709,0.020084422,-0.01956489,1.5554209,2.0570951e-32,0.7123829,0.014018228,7.591755e-05,0.7016509,0.0,0.0,-0.5195399,0,0
638321663,0.01848556,-0.021237006,1.5554209,2.0570951e-32,0.71238244,0.0140352305,-0.0010807125,0.7016503,0.0,0.0,-0.51940507,0,0
638331684,0.01837845,-0.02424196,1.5554209,1.6461206e-32,0.7123613,0.015051067,-0.002188833,0.70164806,0.0,0.0,-0.5200616,0,0
638341728,0.020614423,-0.02268657,1.5554209,1.6461206e-32,0.71235615,0.015301932,-0.0008502757,0.70165074,0.0,0.0,-0.5196102,0,0
638351818,0.015749786,-0.020084139,1.5554209,1.3151078e-32,0.71240836,0.012656372,-0.0016297702,0.7016492,0.0,0.0,-0.5116784,0,0
638361663,0.019118277,-0.021931618,1.5554209,1.3151078e-32,0.71237296,0.014504236,-0.0011062013,0.7016503,0.0,0.0,-0.5122734,0,0
638371711,0.018062036,-0.021129517,1.5554209,1.0532343e-32,0.71238613,0.013846674,-0.0011910009,0.70165014,0.0,0.0,-0.5146066,0,0
638381656,0.025567511,-0.016817426,1.5554209,1.0532343e-32,0.712363,0.015007557,0.0029783286,0.70164436,0.0,0.0,-0.51563287,0,0
638391743,0.023671111,-0.019482039,1.5554209,8.423179e-33,0.7123573,0.015266694,0.0013637353,0.7016496,0.0,0.0,-0.5099959,0,0
638401686,0.018307976,-0.021658951,1.5554209,8.423179e-33,0.71238065,0.014119978,-0.0012933355,0.70165,0.0,0.0,-0.5100072,0,0
638411725,0.018124703,-0.019900179,1.5554209,6.7397564e-33,0.71239406,0.013437795,-0.0007310512,0.7016506,0.0,0.0,-0.5019555,0,0
638421666,0.02301777,-0.017423172,1.5554209,6.7397564e-33,0.7123773,0.014311841,0.0018680169,0.7016483,0.0,0.0,-0.5016646,0,0
638431718,0.02042401,-0.018623909,1.5554209,5.3921825e-33,0.71238714,0.013809131,0.00053028757,0.7016506,0.0,0.0,-0.49818233,0,0
638441669,0.018577363,-0.02118491,1.5554209,5.3921825e-33,0.71238214,0.0140496595,-0.0010299452,0.7016504,0.0,0.0,-0.49915394,0,0
638451815,0.014848357,-0.018551372,1.5554209,4.3096088e-33,0.71242326,0.011797625,-0.0013999505,0.7016495,0.0,0.0,-0.4955842,0,0
638461686,0.019124772,-0.017798701,1.5554209,4.3096088e-33,0.7124014,0.013056898,0.00036847175,0.70165074,0.0,0.0,-0.4980267,0,0
638471725,0.01861313,-0.022763545,1.5554209,3.450758e-33,0.7123706,0.014616107,-0.0015798023,0.7016495,0.0,0.0,-0.5000683,0,0
638481658,0.019667609,-0.01594866,1.5554209,3.450758e-33,0.71240973,0.012601323,0.0012180073,0.7016496,0.0,0.0,-0.5014684,0,0
638491713,0.016232291,-0.021794092,1.5554209,2.7609653e-33,0.71239406,0.013428033,-0.0020696823,0.70164824,0.0,0.0,-0.4926166,0,0
638501672,0.01667493,-0.01715243,1.5554209,2.7609653e-33,0.71242076,0.011957554,-0.00026075487,0.7016506,0.0,0.0,-0.49306566,0,0
638511695,0.02098106,-0.021203443,1.5554209,2.2091479e-33,0.7123646,0.014912322,-0.0001932708,0.7016511,0.0,0.0,-0.48508647,0,0
638521730,0.017739771,-0.019860528,1.5554209,2.2091479e-33,0.7123969,0.013286772,-0.00085197034,0.7016504,0.0,0.0,-0.48553264,0,0
638531682,0.022951718,-0.02044458,1.5554209,1.767548e-33,0.7123554,0.015348066,0.00076843955,0.7016507,0.0,0.0,-0.47623804,0,0
638541697,0.013519526,-0.018911483,1.5554209,1.767548e-33,0.7124289,0.011450597,-0.0019944292,0.701648,0.0,0.0,-0.4772971,0,0
638551855,0.020504154,-0.020520154,1.5554209,1.4115823e-33,0.71237314,0.014502795,-0.000117152485,0.701651,0.0,0.0,-0.46719018,0,0
638561667,0.015118735,-0.01742814,1.5554209,1.4115823e-33,0.7124282,0.011499932,-0.0009049318,0.7016502,0.0,0.0,-0.46850097,0,0
638571691,0.01921373,-0.021019114,1.5554209,1.1311322e-33,0.71237886,0.014218172,-0.0007476249,0.70165056,0.0,0.0,-0.46519458,0,0
638581686,0.020339213,-0.015255691,1.5554209,1.1311322e-33,0.71240985,0.012597481,0.0017005004,0.7016485,0.0,0.0,-0.4675325,0,0
638591689,0.01736861,-0.017750055,1.5554209,9.049238e-34,0.7124129,0.012414281,-0.00023030468,0.7016507,0.0,0.0,-0.45705342,0,0
638601706,0.016030377,-0.020267969,1.5554209,9.049238e-34,0.71240544,0.012820803,-0.001596823,0.70164925,0.0,0.0,-0.4595029,0,0
638611727,0.021078737,-0.021713432,1.5554209,7.236641e-34,0.71236,0.01512599,-0.00034069244,0.7016511,0.0,0.0,-0.44891307,0,0
638621662,0.016762977,-0.023183629,1.5554209,7.236641e-34,0.7123808,0.014104449,-0.00237854,0.70164734,0.0,0.0,-0.4512525,0,0
638631682,0.021305872,-0.022986637,1.5554209,5.791977e-34,0.71234846,0.015653457,-0.0007145993,0.70165104,0.0,0.0,-0.44018996,0,0
638641693,0.018668566,-0.021490892,1.5554209,5.791977e-34,0.71237934,0.014189469,-0.0011069588,0.70165026,0.0,0.0,-0.44296032,0,0
638651890,0.02167468,-0.019501034,1.5554209,4.62401e-34,0.712372,0.014562262,0.0006565696,0.7016506,0.0,0.0,-0.43819883,0,0
638661675,0.013849475,-0.02260805,1.5554209,4.62401e-34,0.7124044,0.01286478,-0.0031956078,0.70164394,0.0,0.0,-0.44121182,0,0
638671746,0.0210389,-0.022735747,1.5554209,3.7045796e-34,0.71235245,0.015470369,-0.00071887823,0.701651,0.0,0.0,-0.4428773,0,0
638681659,0.019808626,-0.019418897,1.5554209,3.7045796e-34,0.71238583,0.013868785,3.1171952e-05,0.701651,0.0,0.0,-0.44674328,0,0
638691697,0.016671455,-0.021951677,1.5554209,2.9650277e-34,0.71239007,0.013639736,-0.0019717547,0.7016484,0.0,0.0,-0.44745067,0,0
638701682,0.018644134,-0.022580296,1.5554209,2.9650277e-34,0.71237165,0.014562877,-0.0015036411,0.70164967,0.0,0.0,-0.45153365,0,0
638711695,0.019881992,-0.01996562,1.5554209,2.372046e-34,0.71238154,0.014086685,-0.00013786455,0.70165104,0.0,0.0,-0.4479878,0,0
638721665,0.018847838,-0.024751782,1.5554209,2.372046e-34,0.7123538,0.01539707,-0.002205789,0.7016481,0.0,0.0,-0.45081365,0,0
638731745,0.021260947,-0.020687798,1.5554209,1.8967073e-34,0.71236634,0.014831154,8.862429e-05,0.7016511,0.0,0.0,-0.4571802,0,0
638741670,0.01738564,-0.02273357,1.5554209,1.8967073e-34,0.7123796,0.014168378,-0.0019997568,0.70164853,0.0,0.0,-0.46135002,0,0
638751818,0.020835292,-0.022292154,1.5554209,1.5162439e-34,0.7123575,0.015242264,-0.00063227426,0.7016509,0.0,0.0,-0.4621264,0,0
638761687,0.018788848,-0.02203663,1.5554209,1.5162439e-34,0.71237457,0.014423729,-0.0012591862,0.70165014,0.0,0.0,-0.46533144,0,0
638771695,0.01895749,-0.022041004,1.5554209,1.2145011e-34,0.7123733,0.014485333,-0.0012015799,0.7016502,0.0,0.0,-0.47152066,0,0
638781670,0.019938808,-0.021683503,1.5554209,1.2145011e-34,0.7123687,0.014709469,-0.0007299456,0.7016508,0.0,0.0,-0.47441575,0,0
638791713,0.021727467,-0.022392385,1.5554209,9.71426e-35,0.71234983,0.01559519,-0.00035498454,0.70165116,0.0,0.0,-0.4722777,0,0
638801686,0.01710989,-0.021666814,1.5554209,9.71426e-35,0.71238893,0.013695985,-0.0017164558,0.70164907,0.0,0.0,-0.4752928,0,0
638811701,0.016591135,-0.022618886,1.5554209,7.7724186e-35,0.712386,0.013845156,-0.0022376315,0.7016477,0.0,0.0,-0.47081456,0,0
638821687,0.014755817,-0.025560116,1.5554209,7.7724186e-35,0.71237814,0.014223081,-0.0039293366,0.7016407,0.0,0.0,-0.4722952,0,0
638831685,0.018277358,-0.022446727,1.5554209,6.21893e-35,0.7123753,0.014385385,-0.0015847296,0.7016494,0.0,0.0,-0.47080454,0,0
638841675,0.016243381,-0.021457708,1.5554209,6.21893e-35,0.71239626,0.013313991,-0.0019459514,0.7016485,0.0,0.0,-0.47312516,0,0
638851840,0.019466516,-0.023653649,1.5554209,4.9674446e-35,0.7123575,0.015232269,-0.0015975226,0.70164967,0.0,0.0,-0.46308398,0,0
638861689,0.01365429,-0.021215105,1.5554209,4.9674446e-35,0.7124144,0.012306653,-0.0027678378,0.70164573,0.0,0.0,-0.46553206,0,0
638871699,0.015497402,-0.019235495,1.5554209,3.979567e-35,0.7124152,0.012268793,-0.0014159755,0.7016495,0.0,0.0,-0.46645275,0,0
638881686,0.01623723,-0.026921043,1.5554209,3.979567e-35,0.71235716,0.01522808,-0.003894464,0.70164114,0.0,0.0,-0.46854097,0,0
638891694,0.019525323,-0.018359834,1.5554209,3.1838127e-35,0.712395,0.013396398,0.00030908518,0.70165074,0.0,0.0,-0.46608856,0,0
638901675,0.017592968,-0.020665228,1.5554209,3.1838127e-35,0.7123925,0.013516741,-0.0011901535,0.70165,0.0,0.0,-0.46927375,0,0
638911732,0.014193911,-0.025253685,1.5554209,2.5461334e-35,0.7123843,0.013915454,-0.0040172962,0.7016401,0.0,0.0,-0.4737772,0,0
638921662,0.01813265,-0.02136959,1.5554209,2.5461334e-35,0.7123839,0.013956032,-0.0012517563,0.7016501,0.0,0.0,-0.47660956,0,0
638931714,0.016304294,-0.019961873,1.5554209,2.0372122e-35,0.7124056,0.012811002,-0.0013916771,0.70164967,0.0,0.0,-0.48257026,0,0
638941693,0.015777785,-0.02289861,1.5554209,2.0372122e-35,0.71238965,0.013653561,-0.0026226284,0.70164645,0.0,0.0,-0.48550853,0,0
638951816,0.013016086,-0.026788147,1.5554209,1.628109e-35,0.71238166,0.014034145,-0.0049771583,0.70163435,0.0,0.0,-0.49181226,0,0
638961677,0.020251077,-0.028017046,1.5554209,1.628109e-35,0.7123159,0.017042091,-0.0028767767,0.70164615,0.0,0.0,-0.49445656,0,0
638971722,0.0146557065,-0.022855282,1.5554209,1.3036997e-35,0.7123975,0.013238681,-0.0030008426,0.7016449,0.0,0.0,-0.5008915,0,0
638981653,0.019201731,-0.02234415,1.5554209,1.3036997e-35,0.7123693,0.014678658,-0.0012238922,0.7016502,0.0,0.0,-0.50305253,0,0
638991727,0.014590903,-0.024885498,1.5554209,1.04292845e-35,0.71238405,0.013927717,-0.003746855,0.7016416,0.0,0.0,-0.51065904,0,0
639001690,0.019519538,-0.019790974,1.5554209,1.04292845e-35,0.7123853,0.013896321,-0.00020280282,0.701651,0.0,0.0,-0.51262325,0,0
639011693,0.01332965,-0.025608772,1.5554209,8.346098e-36,0.7123878,0.01373216,-0.0044469964,0.7016375,0.0,0.0,-0.5194527,0,0
639021666,0.0181234,-0.022168778,1.5554209,8.346098e-36,0.7123784,0.014233055,-0.0015397208,0.70164955,0.0,0.0,-0.52110267,0,0
639031705,0.01400017,-0.027360808,1.5554209,6.6760775e-36,0.7123706,0.014585525,-0.0048359353,0.7016353,0.0,0.0,-0.5305254,0,0
639041690,0.02062706,-0.018941626,1.5554209,6.6760775e-36,0.7123835,0.013992897,0.0004883327,0.7016507,0.0,0.0,-0.5319628,0,0
639051701,0.018026082,-0.025158156,1.5554209,5.3410757e-36,0.712357,0.015246912,-0.0026388548,0.7016467,0.0,0.0,-0.5377276,0,0
639061879,0.013875812,-0.022528473,1.5554209,4.7382517e-36,0.71240467,0.01284625,-0.0031580187,0.7016442,0.0,0.0,-0.537837,0,0
639071662,0.013546693,-0.021140633,1.5554209,4.7382517e-36,0.71241546,0.0122422045,-0.0027790533,0.7016457,0.0,0.0,-0.5385493,0,0
639081663,0.016241295,-0.021639109,1.5554209,4.7382517e-36,0.712395,0.0133768795,-0.002011308,0.7016483,0.0,0.0,-0.5394376,0,0
639091717,0.0118008,-0.022218896,1.5554209,3.451115e-36,0.7124195,0.011998529,-0.0037756886,0.70164114,0.0,0.0,-0.5385275,0,0
639101665,0.01422088,-0.020312266,1.5554209,3.451115e-36,0.71241647,0.012191786,-0.0022474192,0.7016474,0.0,0.0,-0.53905606,0,0
639111696,0.013396754,-0.022632934,1.5554209,2.7614996e-36,0.7124071,0.012712251,-0.0033632976,0.7016432,0.0,0.0,-0.5376686,0,0
639121721,0.010333532,-0.021491623,1.5554209,2.7614996e-36,0.7124323,0.011220756,-0.0040313406,0.7016396,0.0,0.0,-0.5373634,0,0
639131682,0.016231915,-0.022812784,1.5554209,2.2094869e-36,0.71238714,0.013785214,-0.0024327326,0.7016471,0.0,0.0,-0.53743166,0,0
639141669,0.015601522,-0.02252689,1.5554209,2.2094869e-36,0.7123934,0.01346039,-0.0025520364,0.7016467,0.0,0.0,-0.5355779,0,0
639151847,0.015529583,-0.019868564,1.5554209,1.7646777e-36,0.7124111,0.012502319,-0.0016302211,0.7016491,0.0,0.0,-0.53547704,0,0
639161672,0.015207014,-0.019234803,1.5554209,1.7646777e-36,0.712417,0.0121651115,-0.0015176028,0.7016492,0.0,0.0,-0.5345576,0,0
639171715,0.013469373,-0.020086557,1.5554209,1.4136081e-36,0.7124223,0.01184492,-0.0024306548,0.70164686,0.0,0.0,-0.53360397,0,0
639181680,0.012580213,-0.022126509,1.5554209,1.4136081e-36,0.71241534,0.012243755,-0.0034693407,0.7016427,0.0,0.0,-0.53333235,0,0
639191724,0.0080744745,-0.016873013,1.5554209,1.1308412e-36,0.71246684,0.008795864,-0.0031784568,0.70164347,0.0,0.0,-0.5333097,0,0
639201679,0.015082971,-0.022607297,1.5554209,1.1308412e-36,0.71239626,0.013303887,-0.0027626026,0.70164585,0.0,0.0,-0.5314965,0,0
639211723,0.012149531,-0.018882895,1.5554209,9.046639e-37,0.71243674,0.010952553,-0.002464872,0.70164657,0.0,0.0,-0.5313393,0,0
639221666,0.015019551,-0.017720109,1.5554209,9.046639e-37,0.7124271,0.01156702,-0.001043745,0.70165,0.0,0.0,-0.5296327,0,0
639231684,0.00926015,-0.02446807,1.5554209,7.2399177e-37,0.7124212,0.011882474,-0.00546827,0.7016303,0.0,0.0,-0.52813953,0,0
639241696,0.014571222,-0.021259882,1.5554209,7.2399177e-37,0.71240836,0.0126489755,-0.002462108,0.70164675,0.0,0.0,-0.5281322,0,0
639251849,0.016038824,-0.024599005,1.5554209,5.7823933e-37,0.7123759,0.01434296,-0.003136829,0.70164454,0.0,0.0,-0.5269797,0,0
639261679,0.012004208,-0.02342669,1.5554209,5.7823933e-37,0.7124108,0.012494643,-0.0041346126,0.7016393,0.0,0.0,-0.5254594,0,0
639271720,0.012272366,-0.02094781,1.5554209,4.631797e-37,0.7124243,0.01172064,-0.0031574205,0.701644,0.0,0.0,-0.52406627,0,0
639281658,0.017056337,-0.020418355,1.5554209,4.631797e-37,0.71239775,0.013238999,-0.0012904676,0.7016499,0.0,0.0,-0.52446663,0,0
639291689,0.018522587,-0.02634775,1.5554209,3.7065495e-37,0.7123439,0.015840992,-0.0028884714,0.70164585,0.0,0.0,-0.5237811,0,0
639301704,0.013993666,-0.020001028,1.5554209,3.7065495e-37,0.7124197,0.012001677,-0.00221625,0.7016475,0.0,0.0,-0.5227901,0,0
639311682,0.017217537,-0.01915178,1.5554209,2.965477e-37,0.71240497,0.01285215,-0.00078268396,0.7016505,0.0,0.0,-0.520808,0,0
639321696,0.018441895,-0.018805737,1.5554209,2.965477e-37,0.71239924,0.013166889,-0.00022986658,0.70165086,0.0,0.0,-0.52179796,0,0
639331703,0.02401868,-0.0229449,1.5554209,2.3718833e-37,0.71232694,0.016605034,0.00025199278,0.70165133,0.0,0.0,-0.52014285,0,0
639341669,0.020976644,-0.02225317,1.5554209,2.3718833e-37,0.7123567,0.015278936,-0.000568797,0.70165104,0.0,0.0,-0.51933753,0,0
639351829,0.020192849,-0.022682011,1.5554209,1.8951187e-37,0.7123594,0.015150176,-0.0009965503,0.70165056,0.0,0.0,-0.5199474,0,0
639361688,0.016193138,-0.023751386,1.5554209,1.8951187e-37,0.7123808,0.014100621,-0.0027807204,0.7016459,0.0,0.0,-0.51822853,0,0
639371688,0.018556995,-0.016130982,1.5554209,1.5182357e-37,0.7124155,0.012269669,0.00076342275,0.7016502,0.0,0.0,-0.51763797,0,0
639381684,0.01607742,-0.025177749,1.5554209,1.5182357e-37,0.7123714,0.014559705,-0.0033294694,0.70164376,0.0,0.0,-0.5161468,0,0
639391718,0.021577746,-0.0199429,1.5554209,1.2142243e-37,0.7123695,0.01468272,0.00046514327,0.70165086,0.0,0.0,-0.5147221,0,0
639401666,0.019842586,-0.022955298,1.5554209,1.2142243e-37,0.71235996,0.015121274,-0.0012167934,0.70165026,0.0,0.0,-0.5146199,0,0
639411687,0.022491207,-0.020752838,1.5554209,9.716904e-38,0.71235657,0.01529216,0.0004970603,0.7016509,0.0,0.0,-0.51344067,0,0
639421691,0.022990188,-0.019153183,1.5554209,9.716904e-38,0.7123649,0.0149088185,0.0012420088,0.70164984,0.0,0.0,-0.5131024,0,0
639431698,0.023427453,-0.021315457,1.5554209,7.7725906e-38,0.71234494,0.015822962,0.0006250803,0.70165086,0.0,0.0,-0.512215,0,0
639441669,0.017111734,-0.016580619,1.5554209,7.7725906e-38,0.71242154,0.011912576,9.620151e-05,0.7016506,0.0,0.0,-0.51034814,0,0
639451875,0.021014823,-0.019964037,1.5554209,6.207148e-38,0.71237344,0.014489629,0.00026012506,0.701651,0.0,0.0,-0.5105656,0,0
639461656,0.017772606,-0.014267914,1.5554209,6.207148e-38,0.71243113,0.011336741,0.0011519763,0.70164955,0.0,0.0,-0.50953126,0,0
639471689,0.022480229,-0.014584771,1.5554209,4.974922e-38,0.71240044,0.013124778,0.0026906386,0.7016454,0.0,0.0,-0.5096005,0,0
639481685,0.014449724,-0.011444243,1.5554209,4.974922e-38,0.7124626,0.009162542,0.0009921887,0.7016496,0.0,0.0,-0.50750905,0,0
639491692,0.016854942,-0.018452995,1.5554209,3.979818e-38,0.7124117,0.01247788,-0.00066094124,0.7016505,0.0,0.0,-0.5070368,0,0
639501667,0.013224534,-0.010836367,1.5554209,3.979818e-38,0.7124707,0.008512847,0.0007789239,0.7016498,0.0,0.0,-0.5074918,0,0
639511745,0.016998367,-0.014980464,1.5554209,3.1821678e-38,0.71243143,0.011310893,0.00062650087,0.70165026,0.0,0.0,-0.5068523,0,0
639521665,0.01285051,-0.010425949,1.5554209,3.1821678e-38,0.712474,0.0082356315,0.0007939227,0.7016498,0.0,0.0,-0.5062474,0,0
639531683,0.016629986,-0.019462986,1.5554209,2.5473134e-38,0.71240675,0.012752023,-0.0010996823,0.70165,0.0,0.0,-0.50553924,0,0
639541701,0.015916742,-0.013793751,1.5554209,2.5473134e-38,0.7124438,0.01050932,0.0006698191,0.70165014,0.0,0.0,-0.5057688,0,0
639551821,0.018870693,-0.013858892,1.5554209,2.0350626e-38,0.7124272,0.011584421,0.0016829306,0.7016484,0.0,0.0,-0.5044529,0,0
639561704,0.018925104,-0.018283537,1.5554209,2.0350626e-38,0.7123995,0.013155838,0.00012569464,0.70165086,0.0,0.0,-0.5044527,0,0
639571712,0.021446768,-0.012955729,1.5554209,1.6298103e-38,0.71241724,0.012185237,0.0029084363,0.70164436,0.0,0.0,-0.50489014,0,0
639581686,0.013603716,-0.016274769,1.5554209,1.6298103e-38,0.71244293,0.010555674,-0.0010255382,0.70164996,0.0,0.0,-0.50361264,0,0
639591689,0.022319693,-0.014371962,1.5554209,1.3041351e-38,0.7124028,0.012992949,0.002710134,0.7016453,0.0,0.0,-0.5046457,0,0
639601691,0.013477146,-0.013458914,1.5554209,1.3041351e-38,0.7124577,0.009522816,-6.6764434e-05,0.7016505,0.0,0.0,-0.50377506,0,0
639611682,0.014375609,-0.008600709,1.5554209,1.0433916e-38,0.71247524,0.0081386315,0.0019792235,0.7016473,0.0,0.0,-0.50331885,0,0
639621661,0.013422269,-0.013380654,1.5554209,1.0433916e-38,0.7124584,0.009475814,-5.8135247e-05,0.70165044,0.0,0.0,-0.5021362,0,0
639631702,0.01958128,-0.011839823,1.5554209,8.345464e-39,0.71243453,0.0111292945,0.0026515329,0.7016453,0.0,0.0,-0.50270325,0,0
639641698,0.0172176,-0.007921423,1.5554209,8.345464e-39,0.71246594,0.008912757,0.0032182597,0.70164275,0.0,0.0,-0.5020807,0,0
639651826,0.021131676,-0.009822911,1.5554209,6.668037e-39,0.7124371,0.010974075,0.0039139814,0.70163924,0.0,0.0,-0.50258285,0,0
639661691,0.021975849,-0.0075573465,1.5554209,6.668037e-39,0.71244466,0.010480062,0.0050172484,0.701632,0.0,0.0,-0.503803,0,0
639671691,0.015692055,-0.012180614,1.5554209,5.341747e-39,0.7124532,0.009863412,0.0011656896,0.70164937,0.0,0.0,-0.5020427,0,0
639681655,0.01663052,-0.009959643,1.5554209,5.341747e-39,0.7124594,0.009418618,0.0022861671,0.70164645,0.0,0.0,-0.50225765,0,0
639691727,0.017173186,-0.013360315,1.5554209,4.271816e-39,0.7124395,0.010804847,0.0012650252,0.70164925,0.0,0.0,-0.50125164,0,0
639701676,0.0254815,-0.010023414,1.5554209,4.271816e-39,0.7124103,0.01259387,0.0053685475,0.70162964,0.0,0.0,-0.5030398,0,0
639711719,0.022100719,-0.007092069,1.5554209,3.417726e-39,0.7124464,0.010361331,0.00522681,0.7016306,0.0,0.0,-0.50185287,0,0
639721687,0.020439623,-0.00480388,1.5554209,3.417726e-39,0.7124654,0.008966923,0.00545924,0.70162874,0.0,0.0,-0.5024305,0,0
639731678,0.021457437,-0.01057484,1.5554209,2.735302e-39,0.71243113,0.01135388,0.003760388,0.70164007,0.0,0.0,-0.5027821,0,0
639741676,0.020575533,-0.0110216085,1.5554209,2.735302e-39,0.7124336,0.01119645,0.003291833,0.7016426,0.0,0.0,-0.5034185,0,0
639751845,0.02024943,-0.00818928,1.5554209,2.184637e-39,0.71245027,0.010086746,0.0041864617,0.7016376,0.0,0.0,-0.5027207,0,0
639761656,0.02150301,-0.009799869,1.5554209,2.184637e-39,0.7124352,0.011098269,0.0040524625,0.7016384,0.0,0.0,-0.5034258,0,0
639771731,0.023113856,-0.0077182283,1.5554209,1.749757e-39,0.7124377,0.010941879,0.0053591635,0.70162964,0.0,0.0,-0.5037097,0,0
639781677,0.02031327,-0.006790601,1.5554209,1.749757e-39,0.7124568,0.009618843,0.004707142,0.7016342,0.0,0.0,-0.5031179,0,0
639791686,0.016801573,-0.0029705532,1.5554209,1.400365e-39,0.71248716,0.007027774,0.004836081,0.7016333,0.0,0.0,-0.50270367,0,0
639801677,0.016566934,-0.006575839,1.5554209,1.400365e-39,0.71247447,0.008208938,0.003469367,0.70164144,0.0,0.0,-0.5018675,0,0
639811721,0.018373646,-0.008091774,1.5554209,1.1199e-39,0.7124599,0.009384334,0.0035631356,0.701641,0.0,0.0,-0.50209147,0,0
639821680,0.023283819,-0.008355166,1.5554209,1.1199e-39,0.7124333,0.011225849,0.0051918803,0.7016309,0.0,0.0,-0.5022663,0,0
639831685,0.021607684,-0.0029214576,1.5554209,8.9626e-40,0.71246845,0.008722676,0.006539619,0.70161945,0.0,0.0,-0.50249463,0,0
639841723,0.017536543,-0.0046494924,1.5554209,8.9626e-40,0.7124783,0.007878582,0.004495794,0.7016355,0.0,0.0,-0.5010011,0,0
639851827,0.018427871,-0.009235809,1.5554209,7.15985e-40,0.7124542,0.009804971,0.0031745904,0.7016429,0.0,0.0,-0.50101393,0,0
639861671,0.021924125,-0.012203845,1.5554209,7.15985e-40,0.7124189,0.012091536,0.0033437677,0.70164233,0.0,0.0,-0.50163853,0,0
639871718,0.020574981,-0.008577025,1.5554209,5.73407e-40,0.71244663,0.010338731,0.004162536,0.7016377,0.0,0.0,-0.5018346,0,0
639881653,0.018294334,-0.006538396,1.5554209,5.73407e-40,0.71246725,0.008811164,0.004088712,0.7016381,0.0,0.0,-0.50127375,0,0
639891691,0.01604269,-0.010096954,1.5554209,4.5885e-40,0.7124615,0.009257384,0.0020310238,0.7016473,0.0,0.0,-0.5012426,0,0
639901731,0.017724298,-0.008835655,1.5554209,4.5885e-40,0.7124595,0.009413967,0.0030703193,0.70164335,0.0,0.0,-0.5001962,0,0
639911681,0.014128296,-0.007930957,1.5554209,3.67116e-40,0.7124788,0.007815579,0.0021310656,0.7016469,0.0,0.0,-0.49946475,0,0
639921671,0.020228388,-0.0076013915,1.5554209,3.67116e-40,0.7124533,0.009873025,0.0043885172,0.70163643,0.0,0.0,-0.5004111,0,0
639931703,0.02082311,-0.007595275,1.5554209,2.93628e-40,0.7124504,0.010082734,0.004599334,0.701635,0.0,0.0,-0.50027496,0,0
639941667,0.016670536,-0.0015365579,1.5554209,2.93628e-40,0.71249247,0.006478034,0.0053009735,0.70162976,0.0,0.0,-0.49982047,0,0
639951841,0.010516479,-0.00815074,1.5554209,2.34583e-40,0.7124911,0.0066059968,0.00078565296,0.7016496,0.0,0.0,-0.4979592,0,0
639961714,0.016060391,-0.007294707,1.5554209,2.34583e-40,0.71247363,0.0082806675,0.0030355586,0.7016435,0.0,0.0,-0.4977376,0,0
639971696,0.01769994,-0.005663454,1.5554209,1.8794e-40,0.7124735,0.008292491,0.0041918894,0.7016375,0.0,0.0,-0.49777037,0,0
639981654,0.01680252,-0.0029852183,1.5554209,1.8794e-40,0.71248716,0.007033255,0.0048311884,0.7016332,0.0,0.0,-0.4982748,0,0
639991718,0.018479705,-0.00538681,1.5554209,1.50319e-40,0.7124714,0.008473223,0.004564,0.70163506,0.0,0.0,-0.49873984,0,0
640001666,0.019594647,-0.007598938,1.5554209,1.50319e-40,0.7124564,0.009646408,0.0041670636,0.7016377,0.0,0.0,-0.4996332,0,0
640011681,0.018514244,-0.0066836034,1.5554209,1.203e-40,0.7124657,0.008940441,0.0041141296,0.7016379,0.0,0.0,-0.4999439,0,0
640021691,0.018725254,-0.0051418757,1.5554209,1.203e-40,0.7124714,0.008474774,0.004737401,0.70163393,0.0,0.0,-0.49993342,0,0
640031722,0.02404309,-0.00474769,1.5554209,9.62e-41,0.71244836,0.010230869,0.006743396,0.70161754,0.0,0.0,-0.49981278,0,0
640041672,0.021964893,-0.005405194,1.5554209,9.62e-41,0.71245545,0.009721208,0.00578011,0.7016261,0.0,0.0,-0.49973646,0,0
640051855,0.024192065,-0.0067910785,1.5554209,7.6858e-41,0.7124368,0.011000727,0.006067709,0.7016238,0.0,0.0,-0.5022135,0,0
640061653,0.022019252,-0.008229464,1.5554209,7.6858e-41,0.71244085,0.010731293,0.0047930307,0.7016337,0.0,0.0,-0.5023795,0,0
640071693,0.021700721,-0.0033439782,1.5554209,6.1586e-41,0.71246624,0.008904038,0.006421737,0.7016205,0.0,0.0,-0.4939573,0,0
640081687,0.01874562,-0.0021381653,1.5554209,6.1586e-41,0.71248317,0.007428319,0.0058146203,0.7016257,0.0,0.0,-0.49400058,0,0
640091724,0.016550025,-0.0023516354,1.5554209,4.9253e-41,0.7124902,0.00672104,0.004968324,0.7016323,0.0,0.0,-0.48509854,0,0
640101670,0.020797102,-0.0075328304,1.5554209,4.9253e-41,0.7124508,0.010051565,0.004612458,0.70163494,0.0,0.0,-0.4860243,0,0
640111713,0.024262728,-0.0036058277,1.5554209,3.9406e-41,0.71245295,0.009908556,0.0072272266,0.70161265,0.0,0.0,-0.47608033,0,0
640121670,0.025345003,0.00028989045,1.5554209,3.9406e-41,0.71246594,0.0089275,0.00899469,0.70159227,0.0,0.0,-0.47614783,0,0
640131697,0.016801579,-3.4853685e-05,1.5554209,3.153e-41,0.71249664,0.005997903,0.005881927,0.7016252,0.0,0.0,-0.4670784,0,0
640141689,0.020459373,-0.0017865597,1.5554209,3.153e-41,0.71247786,0.007915483,0.006541083,0.7016194,0.0,0.0,-0.46886125,0,0
640151823,0.021988966,-0.00013352193,1.5554209,2.5193e-41,0.7124783,0.007880491,0.0076665566,0.701608,0.0,0.0,-0.47606438,0,0
640161693,0.017750716,0.0007659138,1.5554209,2.5193e-41,0.7124961,0.0060551125,0.006500167,0.7016198,0.0,0.0,-0.47848174,0,0
640171722,0.019625375,-0.004622217,1.5554209,2.0174e-41,0.71246976,0.008613133,0.005238308,0.70163035,0.0,0.0,-0.4865846,0,0
640181661,0.020448294,-0.0007381443,1.5554209,2.0174e-41,0.712482,0.0075437464,0.006910688,0.7016158,0.0,0.0,-0.4878714,0,0
640191694,0.019418597,-0.0075011025,1.5554209,1.6144e-41,0.7124577,0.009549375,0.0041401563,0.70163786,0.0,0.0,-0.49597666,0,0
640201693,0.020651134,-0.0054009436,1.5554209,1.6144e-41,0.71246177,0.009251716,0.0053207357,0.7016298,0.0,0.0,-0.49659052,0,0
640211685,0.016198687,-0.007024763,1.5554209,1.2917e-41,0.7124741,0.008235238,0.0031802456,0.7016428,0.0,0.0,-0.5046306,0,0
640221694,0.019556541,-0.009069065,1.5554209,1.2917e-41,0.7124494,0.01014854,0.0036299545,0.7016408,0.0,0.0,-0.5048637,0,0
640231714,0.020388732,-0.0021557081,1.5554209,1.033e-41,0.71247673,0.008019815,0.0063847923,0.7016208,0.0,0.0,-0.51386213,0,0
640241674,0.02159043,-0.00067576923,1.5554209,1.033e-41,0.71247774,0.007928741,0.007333578,0.7016116,0.0,0.0,-0.5148613,0,0
640251826,0.017757038,-0.0018606766,1.5554209,8.255e-42,0.7124877,0.006978798,0.005566667,0.7016278,0.0,0.0,-0.52460706,0,0
640261678,0.0147400405,-0.0045735803,1.5554209,8.255e-42,0.71248883,0.0068557197,0.0035417706,0.70164096,0.0,0.0,-0.5223049,0,0
640271695,0.018438978,-0.008977652,1.5554209,6.613e-42,0.7124554,0.009718368,0.003270457,0.70164245,0.0,0.0,-0.5311845,0,0
640281666,0.019854765,-0.0061597433,1.5554209,6.613e-42,0.71246195,0.00923421,0.004771036,0.70163375,0.0,0.0,-0.53083825,0,0
640291743,0.02104671,-0.005538758,1.5554209,5.287e-42,0.7124592,0.009440978,0.005410414,0.70162916,0.0,0.0,-0.5397398,0,0
640301666,0.024853934,-0.0057832054,1.5554209,5.287e-42,0.71243864,0.010882953,0.0066589494,0.70161843,0.0,0.0,-0.5398549,0,0
640311688,0.018101644,-0.0024018178,1.5554209,4.232e-42,0.7124846,0.007291399,0.0054947785,0.7016283,0.0,0.0,-0.54826146,0,0
640321701,0.017314596,-0.0010471833,1.5554209,4.232e-42,0.7124919,0.0065358,0.0057012592,0.70162666,0.0,0.0,-0.5476273,0,0
640331687,0.021250024,0.00013457365,1.5554209,3.386e-42,0.71248215,0.007523202,0.007502839,0.7016098,0.0,0.0,-0.5571328,0,0
640341670,0.016942479,-0.0017308822,1.5554209,3.386e-42,0.7124909,0.006643083,0.005327147,0.7016297,0.0,0.0,-0.5546046,0,0
640351872,0.023239646,-0.0020333794,1.5554209,2.703e-42,0.7124651,0.008992501,0.007428496,0.7016107,0.0,0.0,-0.5654274,0,0
640361652,0.019367589,-0.009145593,1.5554209,2.703e-42,0.71244997,0.010108076,0.003536402,0.7016412,0.0,0.0,-0.5628571,0,0
640371695,0.026795806,0.0013018129,1.5554209,2.166e-42,0.7124639,0.009089344,0.0098640965,0.7015806,0.0,0.0,-0.57385325,0,0
640381686,0.024306525,0.00495859,1.5554209,2.166e-42,0.71248823,0.0069197593,0.010293518,0.70157444,0.0,0.0,-0.57021177,0,0
640391683,0.026682613,-0.0010912186,1.5554209,1.733e-42,0.71245325,0.009888483,0.008971925,0.7015926,0.0,0.0,-0.58162826,0,0
640401670,0.02991331,0.0009998134,1.5554209,1.733e-42,0.71244735,0.010305826,0.010850098,0.70156604,0.0,0.0,-0.5784342,0,0
640411705,0.022675956,-0.0026696536,1.5554209,1.386e-42,0.71246487,0.009014896,0.00700408,0.7016149,0.0,0.0,-0.58251774,0,0
640421692,0.025748735,-0.002434026,1.5554209,1.386e-42,0.7124513,0.010026856,0.008165968,0.7016024,0.0,0.0,-0.5776595,0,0
640431689,0.017907005,-0.0058717863,1.5554209,1.108e-42,0.7124718,0.008439337,0.0041903118,0.70163745,0.0,0.0,-0.5790045,0,0
640441690,0.02825493,-0.0019064085,1.5554209,1.108e-42,0.71244097,0.010734538,0.009233089,0.7015891,0.0,0.0,-0.5752464,0,0
640451827,0.024220895,-0.0054276567,1.5554209,8.86e-43,0.71244395,0.01053273,0.006563536,0.70161927,0.0,0.0,-0.57326883,0,0
640461664,0.019849282,-0.010968715,1.5554209,8.86e-43,0.71243787,0.010919192,0.0030558915,0.7016436,0.0,0.0,-0.5695012,0,0
640471722,0.027663779,-0.0111833885,1.5554209,7.09e-43,0.7123883,0.013778072,0.0057208794,0.70162696,0.0,0.0,-0.5659951,0,0
640481691,0.019653084,-0.008514716,1.5554209,7.09e-43,0.71245164,0.009988473,0.003861314,0.7016395,0.0,0.0,-0.56133825,0,0
640491690,0.029725015,-0.008463193,1.5554209,5.68e-43,0.7123926,0.013558139,0.007413036,0.701611,0.0,0.0,-0.56113964,0,0
640501690,0.02719626,-0.00563072,1.5554209,5.68e-43,0.7124263,0.011663839,0.0075349766,0.70160955,0.0,0.0,-0.5573275,0,0
640511684,0.019563287,-0.008233783,1.5554209,4.54e-43,0.7124535,0.009857936,0.003929896,0.7016391,0.0,0.0,-0.557101,0,0
640521666,0.029404145,-0.0032156,1.5554209,4.54e-43,0.7124274,0.011603147,0.009169852,0.70159006,0.0,0.0,-0.5540047,0,0
640531720,0.03135238,-0.0008396164,1.5554209,3.63e-43,0.71242964,0.011463692,0.0106996605,0.70156837,0.0,0.0,-0.55816597,0,0
640541657,0.020605972,-0.010145575,1.5554209,3.63e-43,0.7124382,0.010899995,0.0036146042,0.7016409,0.0,0.0,-0.554598,0,0
640551849,0.027200188,-0.0047859126,1.5554209,2.9e-43,0.71243113,0.0113689,0.007837309,0.7016062,0.0,0.0,-0.5572371,0,0
640561678,0.026012512,-0.0067242123,1.5554209,2.9e-43,0.7124269,0.011625747,0.0067301635,0.70161766,0.0,0.0,-0.5552659,0,0
640571692,0.032776453,-0.0047348184,1.5554209,2.33e-43,0.712397,0.0133372815,0.009811648,0.70158124,0.0,0.0,-0.5537037,0,0
640581668,0.024639983,-0.0034061295,1.5554209,2.33e-43,0.71245205,0.009972893,0.007430711,0.7016106,0.0,0.0,-0.5517175,0,0
640591714,0.025151307,0.0026241306,1.5554209,1.86e-43,0.7124765,0.008039647,0.009758266,0.7015821,0.0,0.0,-0.5490173,0,0
640601663,0.02943953,-0.002495966,1.5554209,1.86e-43,0.7124312,0.011363319,0.009438622,0.7015865,0.0,0.0,-0.54682785,0,0
640611721,0.028468616,0.004212662,1.5554209,1.49e-43,0.71246916,0.008664135,0.011487796,0.7015559,0.0,0.0,-0.5421611,0,0
640621696,0.0324305,-0.0057079424,1.5554209,1.49e-43,0.7123928,0.013555389,0.009343636,0.70158774,0.0,0.0,-0.5398642,0,0
640631690,0.027921,-0.0009012993,1.5554209,1.19e-43,0.71244794,0.010263006,0.009473999,0.70158595,0.0,0.0,-0.5333788,0,0
640641657,0.028216347,0.0020062397,1.5554209,1.19e-43,0.7124605,0.009348275,0.010613339,0.7015696,0.0,0.0,-0.5318425,0,0
640651846,0.034891948,-0.0031149813,1.5554209,9.5e-44,0.7123935,0.013522638,0.011130753,0.7015617,0.0,0.0,-0.5247907,0,0
640661654,0.02630915,-0.0060307034,1.5554209,9.5e-44,0.7124292,0.011488145,0.0070812833,0.7016143,0.0,0.0,-0.5240454,0,0
640671689,0.031183945,0.00017460187,1.5554209,7.6e-44,0.7124362,0.011047924,0.01100186,0.70156354,0.0,0.0,-0.51671094,0,0
640681729,0.023793204,-0.0041909264,1.5554209,7.6e-44,0.71245235,0.009946547,0.006854078,0.70161647,0.0,0.0,-0.51514703,0,0
640691678,0.029819464,-0.0057414267,1.5554209,6e-44,0.71240973,0.012637082,0.008415765,0.7015995,0.0,0.0,-0.508275,0,0
640701664,0.03095726,-0.004599814,1.5554209,6e-44,0.7124097,0.012641927,0.009221581,0.70158935,0.0,0.0,-0.5072126,0,0
640711708,0.029411878,-0.0047462243,1.5554209,4.8e-44,0.7124183,0.012142809,0.00862731,0.701597,0.0,0.0,-0.500416,0,0
640721671,0.025502224,0.0017146062,1.5554209,4.8e-44,0.71247137,0.008483718,0.009557367,0.7015848,0.0,0.0,-0.5001403,0,0
640731692,0.027907891,-0.0050038206,1.5554209,3.8e-44,0.71242577,0.011697431,0.008007946,0.7016043,0.0,0.0,-0.49279603,0,0
640741725,0.027159108,0.0009004842,1.5554209,3.8e-44,0.7124604,0.009359548,0.009848576,0.70158076,0.0,0.0,-0.49329832,0,0
640751825,0.02565076,-0.0018247233,1.5554209,3.1e-44,0.71245474,0.009778216,0.008348652,0.70160025,0.0,0.0,-0.48503256,0,0
640761654,0.02620038,-0.0028241721,1.5554209,3.1e-44,0.71244705,0.010324601,0.008185421,0.7016021,0.0,0.0,-0.48670924,0,0
640771719,0.023882387,-0.005444953,1.5554209,2.5e-44,0.7124456,0.010418217,0.0064386246,0.70162046,0.0,0.0,-0.49349678,0,0
640781669,0.024354331,-0.0057646725,1.5554209,2.5e-44,0.71244144,0.010698486,0.006490289,0.70162,0.0,0.0,-0.49513268,0,0
640791678,0.02821955,-0.0026125181,1.5554209,2e-44,0.7124374,0.010969628,0.008969142,0.7015926,0.0,0.0,-0.49895045,0,0
640801691,0.022620346,-0.002313795,1.5554209,2e-44,0.71246666,0.008870254,0.007111346,0.7016139,0.0,0.0,-0.5003795,0,0
640811710,0.024960017,-0.005261457,1.5554209,1.5e-44,0.7124409,0.010737722,0.006882035,0.7016162,0.0,0.0,-0.5014881,0,0
640821662,0.024367243,-0.005884684,1.5554209,1.5e-44,0.7124407,0.010745183,0.0064520636,0.70162034,0.0,0.0,-0.50328994,0,0
640831720,0.026092434,-0.003112384,1.5554209,1.3e-44,0.7124461,0.010387249,0.008044881,0.7016038,0.0,0.0,-0.50445694,0,0
640841659,0.024259092,-0.00445604,1.5554209,1.3e-44,0.7124487,0.010205506,0.0069230697,0.70161575,0.0,0.0,-0.50575227,0,0
640851820,0.029288307,-0.0066672065,1.5554209,1e-44,0.7124073,0.012772616,0.007899636,0.70160556,0.0,0.0,-0.5070029,0,0
640861697,0.029624136,-0.007580153,1.5554209,1e-44,0.7123992,0.01321247,0.0076922216,0.7016079,0.0,0.0,-0.50837743,0,0
640871724,0.031686578,-0.005801676,1.5554209,8e-45,0.7123972,0.013323286,0.0090492815,0.7015917,0.0,0.0,-0.50927573,0,0
640881665,0.027801799,-0.0057009226,1.5554209,8e-45,0.7124223,0.011904165,0.0077223936,0.7016075,0.0,0.0,-0.5100376,0,0
640891722,0.029041313,-0.0040650764,1.5554209,7e-45,0.7124246,0.011771879,0.008739964,0.7015954,0.0,0.0,-0.51048946,0,0
640901665,0.027150251,-0.008163527,1.5554209,7e-45,0.7124114,0.012535892,0.0066165435,0.70161885,0.0,0.0,-0.5115359,0,0
640911678,0.027816495,-0.00902951,1.5554209,6e-45,0.7124017,0.013076969,0.0065417676,0.70161957,0.0,0.0,-0.50420964,0,0
640921688,0.027538734,-0.009886654,1.5554209,6e-45,0.71239793,0.013278688,0.006138971,0.70162326,0.0,0.0,-0.505019,0,0
640931696,0.028134335,-0.008377601,1.5554209,4e-45,0.7124038,0.01296152,0.006885508,0.7016163,0.0,0.0,-0.5091601,0,0
640941686,0.03268946,-0.009076653,1.5554209,4e-45,0.71236736,0.014829218,0.008234435,0.7016018,0.0,0.0,-0.5094395,0,0
640951856,0.034362257,-0.008216614,1.5554209,3e-45,0.71236116,0.015123386,0.009127625,0.7015908,0.0,0.0,-0.5021217,0,0
640961655,0.03454757,-0.006767013,1.5554209,3e-45,0.71237046,0.014680945,0.009709019,0.7015829,0.0,0.0,-0.5029129,0,0
640971687,0.0297485,-0.00470801,1.5554209,3e-45,0.71241647,0.012249311,0.008759009,0.70159537,0.0,0.0,-0.49439105,0,0
640981691,0.028718006,-0.0063601304,1.5554209,3e-45,0.7124128,0.012461758,0.007808966,0.7016065,0.0,0.0,-0.49472746,0,0
640991682,0.029916715,-0.008836201,1.5554209,3e-45,0.7123888,0.01375726,0.007347406,0.7016116,0.0,0.0,-0.4858806,0,0
641001690,0.034331854,-0.010653535,1.5554209,3e-45,0.7123426,0.015967282,0.008248848,0.7016017,0.0,0.0,-0.48718214,0,0
641011725,0.031485032,-0.010044989,1.5554209,3e-45,0.71236914,0.0147398645,0.007466962,0.70161045,0.0,0.0,-0.47751567,0,0
641021663,0.03136556,-0.0061194436,1.5554209,3e-45,0.7123972,0.013320399,0.008823471,0.7015946,0.0,0.0,-0.47929484,0,0
641031694,0.028630607,-0.009209814,1.5554209,3e-45,0.7123951,0.013430199,0.0067631314,0.7016175,0.0,0.0,-0.46937865,0,0
641041700,0.035485994,-0.008294112,1.5554209,3e-45,0.712352,0.0155508155,0.009494217,0.7015858,0.0,0.0,-0.4717946,0,0
641051692,0.025303828,-0.0062654656,1.5554209,3e-45,0.7124336,0.011212382,0.0066449754,0.70161855,0.0,0.0,-0.4612917,0,0
641061666,0.03305362,-0.010331628,1.5554209,3e-45,0.71235514,0.015399103,0.007915117,0.7016055,0.0,0.0,-0.46364367,0,0
641071748,0.03174912,-0.007430653,1.5554209,3e-45,0.7123858,0.013916943,0.0084909275,0.70159876,0.0,0.0,-0.4530606,0,0
641081665,0.030956555,-0.010771237,1.5554209,3e-45,0.7123677,0.014806358,0.007022848,0.70161504,0.0,0.0,-0.4559178,0,0
641091682,0.032931965,-0.0076624877,1.5554209,3e-45,0.7123758,0.014419577,0.00882328,0.7015946,0.0,0.0,-0.4458209,0,0
641101697,0.031947035,-0.012510344,1.5554209,3e-45,0.712347,0.015769126,0.006750772,0.70161784,0.0,0.0,-0.449323,0,0
641111689,0.030840147,-0.009065707,1.5554209,3e-45,0.7123808,0.014166678,0.007589591,0.701609,0.0,0.0,-0.43797663,0,0
641121664,0.031054165,-0.0066159684,1.5554209,3e-45,0.7123961,0.013383643,0.008537356,0.70159805,0.0,0.0,-0.44117245,0,0
641131754,0.030719317,-0.0110484455,1.5554209,3e-45,0.7123675,0.014819087,0.00684087,0.70161676,0.0,0.0,-0.42954952,0,0
641141663,0.030225357,-0.0034009828,1.5554209,3e-45,0.7124214,0.011960701,0.009391893,0.7015871,0.0,0.0,-0.43380752,0,0
641151689,0.030493898,-0.0071130395,1.5554209,3e-45,0.7123965,0.013358431,0.008163738,0.7016026,0.0,0.0,-0.42256898,0,0
641161724,0.030788869,-0.0070235063,1.5554209,3e-45,0.71239513,0.013432096,0.008299111,0.70160097,0.0,0.0,-0.42662415,0,0
641171687,0.030644633,-0.008472885,1.5554209,3e-45,0.71238625,0.013889104,0.0077321916,0.7016076,0.0,0.0,-0.41483137,0,0
641181664,0.02992494,-0.009722234,1.5554209,3e-45,0.7123827,0.01407097,0.0070346477,0.70161486,0.0,0.0,-0.41925618,0,0
641191708,0.031859573,-0.005191981,1.5554209,3e-45,0.7124001,0.013171047,0.009327159,0.701588,0.0,0.0,-0.41261578,0,0
641201695,0.030532813,-0.010339164,1.5554209,3e-45,0.712374,0.0145038795,0.0070281196,0.7016149,0.0,0.0,-0.4171798,0,0
641211689,0.030719288,-0.008942519,1.5554209,3e-45,0.7123825,0.014080423,0.0075910785,0.7016091,0.0,0.0,-0.42208308,0,0
641221692,0.034366895,-0.004802084,1.5554209,3e-45,0.7123857,0.013927385,0.010345596,0.70157367,0.0,0.0,-0.42747155,0,0
641231690,0.028568977,-0.0074771624,1.5554209,3e-45,0.71240675,0.012800496,0.0073587564,0.70161146,0.0,0.0,-0.43271354,0,0
641241656,0.031187184,-0.006512044,1.5554209,3e-45,0.71239585,0.013394571,0.008621041,0.7015969,0.0,0.0,-0.43818447,0,0
641251723,0.031855263,-0.0025216227,1.5554209,3e-45,0.7124168,0.012232833,0.010276899,0.70157456,0.0,0.0,-0.44423985,0,0
641261694,0.029772794,-0.0046426128,1.5554209,3e-45,0.7124167,0.012235027,0.008790827,0.701595,0.0,0.0,-0.44836408,0,0
641271690,0.031867,-0.0058917208,1.5554209,3e-45,0.71239537,0.013419138,0.009080498,0.7015913,0.0,0.0,-0.45546764,0,0
641281855,0.032436922,-0.004952812,1.5554209,3e-45,0.7123978,0.013292805,0.009614889,0.70158404,0.0,0.0,-0.46113533,0,0
641291672,0.030467223,-0.011184525,1.5554209,3e-45,0.7123683,0.014777025,0.006703955,0.7016182,0.0,0.0,-0.46540657,0,0
641301663,0.030478934,-0.012398351,1.5554209,3e-45,0.7123592,0.015206942,0.0062756445,0.70162225,0.0,0.0,-0.46924153,0,0
641311712,0.03090157,-0.009434419,1.5554209,1e-45,0.7123777,0.014317885,0.00747979,0.70161027,0.0,0.0,-0.47729895,0,0
641321663,0.029854346,-0.00901171,1.5554209,1e-45,0.71238804,0.013796604,0.0072630025,0.7016125,0.0,0.0,-0.48026678,0,0
641331723,0.028901886,-0.014456273,1.5554209,1e-45,0.71235555,0.015367035,0.004989263,0.7016327,0.0,0.0,-0.487179,0,0
641341691,0.029901942,-0.010661547,1.5554209,1e-45,0.7123762,0.0143922465,0.006691957,0.7016183,0.0,0.0,-0.490756,0,0
641351821,0.0328598,-0.012083131,1.5554209,1e-45,0.71234304,0.015944388,0.007223167,0.70161307,0.0,0.0,-0.49736175,0,0
641361662,0.029033814,-0.015879106,1.5554209,1e-45,0.71234345,0.015913066,0.004528657,0.70163596,0.0,0.0,-0.49987927,0,0
641371724,0.03002163,-0.011484685,1.5554209,1e-45,0.7123694,0.014723593,0.006440706,0.7016207,0.0,0.0,-0.50769085,0,0
641381670,0.02700709,-0.015358066,1.5554209,1e-45,0.7123631,0.015008444,0.004003268,0.7016391,0.0,0.0,-0.5087983,0,0
641391712,0.03385377,-0.015483654,1.5554209,1e-45,0.71230656,0.017491056,0.0063604456,0.7016217,0.0,0.0,-0.5166381,0,0
641401686,0.029833201,-0.009153448,1.5554209,1e-45,0.71238726,0.013838787,0.0072050905,0.70161307,0.0,0.0,-0.51794213,0,0
641411696,0.030799909,-0.016900802,1.5554209,1e-45,0.7123207,0.01690043,0.004784255,0.70163435,0.0,0.0,-0.5260076,0,0
641421667,0.033530917,-0.01640545,1.5554209,1e-45,0.71230125,0.017699363,0.0059188027,0.7016257,0.0,0.0,-0.52709544,0,0
641431713,0.03316655,-0.011476299,1.5554209,1e-45,0.7123454,0.015840806,0.0075469567,0.7016096,0.0,0.0,-0.5364299,0,0
641441661,0.026849696,-0.010609945,1.5554209,1e-45,0.71239763,0.0132869575,0.0056395773,0.7016277,0.0,0.0,-0.5372344,0,0
641451826,0.034247667,-0.014990633,1.5554209,1e-45,0.7123074,0.017458435,0.006674267,0.7016188,0.0,0.0,-0.54517204,0,0
641461718,0.02771894,-0.011105158,1.5554209,1e-45,0.71238846,0.0137702795,0.0057681007,0.7016265,0.0,0.0,-0.54590493,0,0
641471685,0.031197343,-0.017721966,1.5554209,1e-45,0.71231025,0.01732998,0.0046311403,0.7016355,0.0,0.0,-0.54619724,0,0
641481661,0.025478894,-0.013265293,1.5554209,1e-45,0.7123891,0.013730074,0.0042127063,0.7016377,0.0,0.0,-0.5461757,0,0
641491707,0.034780763,-0.016470863,1.5554209,1e-45,0.71228945,0.018167432,0.006333959,0.70162207,0.0,0.0,-0.54659986,0,0
641501673,0.030967059,-0.021373935,1.5554209,1e-45,0.7122797,0.018528752,0.003249322,0.70164365,0.0,0.0,-0.5453333,0,0
641511692,0.03276972,-0.014250795,1.5554209,1e-45,0.7123262,0.016672576,0.0064193546,0.70162106,0.0,0.0,-0.54541105,0,0
641521722,0.032052815,-0.018461209,1.5554209,1e-45,0.71229625,0.01789392,0.004667897,0.7016353,0.0,0.0,-0.5440605,0,0
641531693,0.023845732,-0.016289817,1.5554209,1e-45,0.7123795,0.014209225,0.002562254,0.7016459,0.0,0.0,-0.5431463,0,0
641541657,0.034601055,-0.017559458,1.5554209,1e-45,0.7122812,0.018485209,0.0058831065,0.70162606,0.0,0.0,-0.5424209,0,0
641551864,0.03267361,-0.014936344,1.5554209,1e-45,0.71232134,0.016878782,0.006141412,0.7016236,0.0,0.0,-0.5417691,0,0
641561678,0.033264533,-0.01797774,1.5554209,1e-45,0.71228963,0.01815591,0.005265224,0.701631,0.0,0.0,-0.54154295,0,0
641571681,0.030388096,-0.016965302,1.5554209,1e-45,0.71232355,0.01677638,0.004616805,0.7016355,0.0,0.0,-0.54027563,0,0
641581694,0.026610117,-0.01893797,1.5554209,1e-45,0.7123385,0.016122665,0.002588638,0.70164615,0.0,0.0,-0.53966534,0,0
641591714,0.030665526,-0.012414303,1.5554209,1e-45,0.71235764,0.015279,0.006335421,0.7016217,0.0,0.0,-0.5387086,0,0
641601663,0.031179894,-0.01880645,1.5554209,1e-45,0.71230096,0.01770411,0.0042386674,0.7016381,0.0,0.0,-0.53860784,0,0
641611717,0.031375002,-0.022522641,1.5554209,1e-45,0.7122651,0.019076886,0.0029832034,0.7016449,0.0,0.0,-0.5381795,0,0
641621657,0.031232374,-0.01333934,1.5554209,1e-45,0.7123461,0.015805343,0.006204737,0.7016229,0.0,0.0,-0.5366303,0,0
641631690,0.03160263,-0.024505548,1.5554209,1e-45,0.7122436,0.019853337,0.0023566359,0.7016476,0.0,0.0,-0.5361315,0,0
641641692,0.028922107,-0.020528493,1.5554209,1e-45,0.7123057,0.017503943,0.002833101,0.7016453,0.0,0.0,-0.5354456,0,0
641651859,0.025416538,-0.018198613,1.5554209,1e-45,0.7123537,0.015438227,0.0024333051,0.70164657,0.0,0.0,-0.533811,0,0
641661662,0.030978188,-0.02542916,1.5554209,1e-45,0.71224064,0.01995486,0.0018085227,0.7016493,0.0,0.0,-0.5341766,0,0
641671711,0.027088027,-0.02008343,1.5554209,1e-45,0.7123252,0.016694628,0.0023482207,0.7016471,0.0,0.0,-0.53309005,0,0
641681677,0.034142442,-0.021991154,1.5554209,1e-45,0.71224326,0.01987606,0.0041434257,0.701639,0.0,0.0,-0.532458,0,0
641691680,0.02866387,-0.02555627,1.5554209,1e-45,0.71226203,0.019175246,0.00095131766,0.701651,0.0,0.0,-0.53167254,0,0
641701688,0.031090494,-0.023568189,1.5554209,1e-45,0.7122578,0.019342232,0.0025109083,0.70164686,0.0,0.0,-0.52962935,0,0
641711693,0.02820888,-0.02811405,1.5554209,1e-45,0.71224153,0.0199102,-0.000119538905,0.701652,0.0,0.0,-0.52972037,0,0
641721684,0.031271417,-0.024840595,1.5554209,1e-45,0.7122436,0.019852882,0.002121075,0.7016484,0.0,0.0,-0.52902186,0,0
641731714,0.032878563,-0.025178196,1.5554209,1e-45,0.71222395,0.020543605,0.0025646293,0.7016469,0.0,0.0,-0.5286449,0,0
641741663,0.02639036,-0.024264792,1.5554209,1e-45,0.71229506,0.017912636,0.0006138135,0.70165133,0.0,0.0,-0.5275327,0,0
641751823,0.0333326,-0.027719565,1.5554209,1e-45,0.7121924,0.021596469,0.0018185333,0.7016497,0.0,0.0,-0.52747166,0,0
641761685,0.0243427,-0.021139482,1.5554209,1e-45,0.71233904,0.016087227,0.0010088653,0.7016504,0.0,0.0,-0.5266135,0,0
641771694,0.0342164,-0.026393512,1.5554209,1e-45,0.7121972,0.021446193,0.0026010077,0.7016469,0.0,0.0,-0.52678454,0,0
641781691,0.027340824,-0.024832672,1.5554209,1e-45,0.7122813,0.018450296,0.0007449475,0.7016512,0.0,0.0,-0.52576137,0,0
641791711,0.032351,-0.01894891,1.5554209,1e-45,0.71228915,0.018171158,0.00459876,0.7016358,0.0,0.0,-0.52640086,0,0
641801668,0.024517197,-0.026853474,1.5554209,1e-45,0.7122886,0.018153392,-0.000965583,0.7016512,0.0,0.0,-0.5253616,0,0
641811698,0.031433072,-0.023227664,1.5554209,1e-45,0.71225774,0.019344814,0.0027524065,0.70164603,0.0,0.0,-0.52635896,0,0
641821685,0.027709814,-0.022027057,1.5554209,1e-45,0.7123032,0.017597754,0.0018739261,0.7016487,0.0,0.0,-0.52461547,0,0
641831693,0.029220738,-0.02307352,1.5554209,1e-45,0.71228015,0.018502869,0.0020311824,0.7016485,0.0,0.0,-0.5252542,0,0
641841664,0.03244981,-0.022495585,1.5554209,1e-45,0.712255,0.019450169,0.0033699113,0.7016431,0.0,0.0,-0.52488554,0,0
641851871,0.027364934,-0.022710267,1.5554209,1e-45,0.71230024,0.017714538,0.0015095331,0.7016497,0.0,0.0,-0.52416474,0,0
641861661,0.037178062,-0.01892271,1.5554209,1e-45,0.7122435,0.019881047,0.006301497,0.70162266,0.0,0.0,-0.52528465,0,0
641871681,0.022966893,-0.021430356,1.5554209,1e-45,0.7123477,0.01569922,0.0004225696,0.70165104,0.0,0.0,-0.52340126,0,0
641881686,0.036158755,-0.022270009,1.5554209,1e-45,0.71222,0.020691887,0.004751441,0.70163524,0.0,0.0,-0.52559173,0,0
641891689,0.026750233,-0.017244814,1.5554209,1e-45,0.7123507,0.015578721,0.0032409932,0.7016432,0.0,0.0,-0.523773,0,0
641901664,0.031867135,-0.026053786,1.5554209,1e-45,0.7122254,0.020490473,0.0018978586,0.70164925,0.0,0.0,-0.52387124,0,0
641911744,0.02895847,-0.022896959,1.5554209,1e-45,0.7122842,0.018347543,0.0020020748,0.7016485,0.0,0.0,-0.5239808,0,0
641921656,0.027737925,-0.029434085,1.5554209,1e-45,0.712233,0.020205397,-0.00075503654,0.7016518,0.0,0.0,-0.52291095,0,0
641931694,0.034368094,-0.023306245,1.5554209,1e-45,0.7122278,0.020417595,0.0037540824,0.70164126,0.0,0.0,-0.5238963,0,0
641941690,0.028524602,-0.020287396,1.5554209,1e-45,0.7123112,0.017277813,0.0027795401,0.70164555,0.0,0.0,-0.52220803,0,0
641951820,0.036467213,-0.026262462,1.5554209,1e-45,0.71217406,0.022201734,0.0034373312,0.7016434,0.0,0.0,-0.5238909,0,0
641961676,0.030839616,-0.016990451,1.5554209,1e-45,0.7123196,0.016946012,0.0047662463,0.7016344,0.0,0.0,-0.522812,0,0
641971710,0.03168843,-0.024976742,1.5554209,1e-45,0.7122381,0.020049134,0.0022188693,0.7016481,0.0,0.0,-0.5223502,0,0
641981689,0.031100838,-0.01836455,1.5554209,1e-45,0.71230555,0.017520973,0.004368362,0.7016371,0.0,0.0,-0.52299505,0,0
641991685,0.0312323,-0.024856186,1.5554209,1e-45,0.7122438,0.019844418,0.0021017974,0.7016484,0.0,0.0,-0.5223384,0,0
642001698,0.036348093,-0.018113261,1.5554209,1e-45,0.71225953,0.01930161,0.0062986985,0.70162255,0.0,0.0,-0.5235803,0,0
642011691,0.03680451,-0.0211234,1.5554209,1e-45,0.71222514,0.020519763,0.005386464,0.7016304,0.0,0.0,-0.5226527,0,0
642021658,0.034970306,-0.019979568,1.5554209,1e-45,0.7122549,0.01946544,0.005150486,0.70163214,0.0,0.0,-0.5222351,0,0
642031712,0.033510596,-0.021387363,1.5554209,1e-45,0.7122554,0.0194393,0.0041368636,0.70163906,0.0,0.0,-0.52214086,0,0
642041697,0.033309687,-0.018854702,1.5554209,1e-45,0.7122813,0.018479547,0.0049686464,0.7016332,0.0,0.0,-0.52163506,0,0
642051824,0.029304365,-0.020186812,1.5554209,1e-45,0.7123053,0.01752025,0.0030889313,0.7016443,0.0,0.0,-0.52206534,0,0
642061687,0.027094664,-0.020110095,1.5554209,1e-45,0.71232486,0.016706344,0.0023410493,0.70164716,0.0,0.0,-0.52128273,0,0
642071687,0.031874683,-0.018874902,1.5554209,1e-45,0.71229416,0.017975563,0.004458025,0.70163673,0.0,0.0,-0.5221146,0,0
642081689,0.032016795,-0.02168858,1.5554209,1e-45,0.71226686,0.019012948,0.0035054984,0.70164245,0.0,0.0,-0.52138907,0,0
642091714,0.032206632,-0.016387446,1.5554209,1e-45,0.712313,0.017221397,0.005460636,0.70162946,0.0,0.0,-0.5217315,0,0
642101662,0.025978485,-0.019186836,1.5554209,1e-45,0.71234155,0.015984984,0.002278387,0.7016473,0.0,0.0,-0.5211618,0,0
642111722,0.030968651,-0.02149406,1.5554209,1e-45,0.7122786,0.018571446,0.003207086,0.7016437,0.0,0.0,-0.5220469,0,0
642121689,0.030193467,-0.018780056,1.5554209,1e-45,0.7123098,0.017343536,0.0039020127,0.70164,0.0,0.0,-0.5214194,0,0
642131690,0.028199354,-0.012818484,1.5554209,1e-45,0.71237296,0.014542356,0.005326266,0.70163023,0.0,0.0,-0.52144724,0,0
642141677,0.024511654,-0.021925334,1.5554209,1e-45,0.71233124,0.016423024,0.00078817055,0.7016508,0.0,0.0,-0.5209588,0,0
642151851,0.030538132,-0.016892524,1.5554209,1e-45,0.71232295,0.016804291,0.0046953675,0.7016349,0.0,0.0,-0.5215151,0,0
642161664,0.026835335,-0.016129037,1.5554209,1e-45,0.71235865,0.015217682,0.0036683506,0.701641,0.0,0.0,-0.52131724,0,0
642171710,0.026732635,-0.021253062,1.5554209,1e-45,0.71231836,0.01697827,0.0018068487,0.70164883,0.0,0.0,-0.5212705,0,0
642181691,0.02557943,-0.013944394,1.5554209,1e-45,0.71238375,0.014004082,0.004006043,0.701639,0.0,0.0,-0.52153414,0,0
642191688,0.029594216,-0.019217752,1.5554209,1e-45,0.7123112,0.017283615,0.0035358511,0.70164204,0.0,0.0,-0.5214249,0,0
642201675,0.02767238,-0.014666607,1.5554209,1e-45,0.71236336,0.01500288,0.004482998,0.70163614,0.0,0.0,-0.52203614,0,0
642211720,0.0231604,-0.016006168,1.5554209,1e-45,0.71238625,0.013865625,0.0024228746,0.7016465,0.0,0.0,-0.5208588,0,0
642221654,0.03456115,-0.016926965,1.5554209,1e-45,0.71228737,0.018249178,0.006094434,0.70162416,0.0,0.0,-0.52312654,0,0
642231692,0.025660874,-0.011905324,1.5554209,1e-45,0.712397,0.013317869,0.0047610407,0.7016341,0.0,0.0,-0.5235136,0,0
642241721,0.028534349,-0.011733303,1.5554209,1e-45,0.7123784,0.014281048,0.005830383,0.701626,0.0,0.0,-0.52298003,0,0
642251824,0.027860848,-0.016572483,1.5554209,1e-45,0.71234727,0.01573848,0.0038701403,0.70164,0.0,0.0,-0.51511884,0,0
642261677,0.030543488,-0.014889539,1.5554209,1e-45,0.7123393,0.01610369,0.005410809,0.70162964,0.0,0.0,-0.5146523,0,0
642271704,0.029814592,-0.0124220755,1.5554209,1e-45,0.712364,0.014978638,0.0060341335,0.70162433,0.0,0.0,-0.50509256,0,0
642281675,0.030691091,-0.01765367,1.5554209,1e-45,0.7123152,0.01712572,0.0044778674,0.70163643,0.0,0.0,-0.50536907,0,0
642291698,0.029134033,-0.0115538575,1.5554209,1e-45,0.71237534,0.014431708,0.0061046854,0.70162374,0.0,0.0,-0.4959578,0,0
642301718,0.028658781,-0.015588992,1.5554209,1e-45,0.7123487,0.015677735,0.0045004436,0.7016362,0.0,0.0,-0.49716744,0,0
642311688,0.029975917,-0.013865306,1.5554209,1e-45,0.7123518,0.015542302,0.0055765808,0.70162827,0.0,0.0,-0.5037993,0,0
642321653,0.028778484,-0.010406284,1.5554209,1e-45,0.71238595,0.013902547,0.0063887737,0.70162106,0.0,0.0,-0.5050277,0,0
642331717,0.033990692,-0.013496009,1.5554209,1e-45,0.7123223,0.016842714,0.007116567,0.70161426,0.0,0.0,-0.513251,0,0
642341667,0.030564219,-0.0144438045,1.5554209,1e-45,0.7123426,0.015954742,0.005576875,0.7016283,0.0,0.0,-0.5140229,0,0
642351829,0.028939392,-0.011645374,1.5554209,1e-45,0.71237606,0.014394478,0.006003801,0.70162463,0.0,0.0,-0.5225384,0,0
642361703,0.027824843,-0.012578843,1.5554209,1e-45,0.7123774,0.014324905,0.005280254,0.7016305,0.0,0.0,-0.52310306,0,0
642371709,0.03188182,-0.01619183,1.5554209,1e-45,0.7123174,0.017037109,0.005416375,0.70162976,0.0,0.0,-0.5332538,0,0
642381662,0.031183643,-0.006483185,1.5554209,1e-45,0.7123961,0.013383187,0.00863008,0.70159686,0.0,0.0,-0.532994,0,0
642391719,0.028622132,-0.014505541,1.5554209,1e-45,0.71235734,0.015284672,0.004873568,0.7016336,0.0,0.0,-0.5422195,0,0
642401658,0.033064645,-0.009582284,1.5554209,1e-45,0.71236074,0.015140201,0.008185927,0.70160246,0.0,0.0,-0.5422125,0,0
642411696,0.022194147,-0.012041968,1.5554209,1e-45,0.71241826,0.0121309385,0.0034961656,0.7016416,0.0,0.0,-0.55165696,0,0
642421686,0.03621112,-0.010296075,1.5554209,1e-45,0.7123303,0.016511243,0.00903543,0.70159197,0.0,0.0,-0.5515235,0,0
642431723,0.027213212,-0.0071869143,1.5554209,1e-45,0.712417,0.012215753,0.006986543,0.7016152,0.0,0.0,-0.56164503,0,0
642441666,0.024545366,-0.011297464,1.5554209,1e-45,0.7124082,0.01270731,0.004586253,0.70163524,0.0,0.0,-0.5591461,0,0
642451856,0.034133885,-0.009370867,1.5554209,1e-45,0.7123541,0.015446889,0.008636331,0.70159703,0.0,0.0,-0.56882876,0,0
642461689,0.024111403,-0.012284037,1.5554209,1e-45,0.71240467,0.012898788,0.00408254,0.70163846,0.0,0.0,-0.56662065,0,0
642471682,0.021210235,-0.0108446535,1.5554209,1e-45,0.71243095,0.011360468,0.003577541,0.7016411,0.0,0.0,-0.5629028,0,0
642481692,0.025187377,-0.014357027,1.5554209,1e-45,0.7123836,0.014009169,0.0037215003,0.7016405,0.0,0.0,-0.5620847,0,0
642491691,0.022622457,-0.008709122,1.5554209,1e-45,0.71243495,0.011114421,0.0048337653,0.70163345,0.0,0.0,-0.55604136,0,0
642501687,0.031341456,-0.011926729,1.5554209,1e-45,0.71235615,0.015348738,0.00674624,0.70161784,0.0,0.0,-0.55403703,0,0
642511718,0.026720433,-0.007211053,1.5554209,1e-45,0.71241987,0.012048688,0.0068050735,0.70161706,0.0,0.0,-0.5522946,0,0
642521661,0.030043455,-0.009031538,1.5554209,1e-45,0.7123866,0.013870918,0.00732228,0.7016119,0.0,0.0,-0.55168223,0,0
642531688,0.02475936,-0.0049542426,1.5554209,1e-45,0.7124436,0.010558478,0.0069210855,0.70161587,0.0,0.0,-0.54422283,0,0
642541693,0.02743564,-0.006993895,1.5554209,1e-45,0.7124168,0.012227278,0.007133335,0.7016137,0.0,0.0,-0.54332954,0,0
642551819,0.024399454,-0.004934924,1.5554209,1e-45,0.71244556,0.0104234945,0.0068017105,0.70161706,0.0,0.0,-0.54100925,0,0
642561691,0.024327334,-0.010438171,1.5554209,1e-45,0.7124149,0.012328231,0.0048158877,0.7016337,0.0,0.0,-0.5387337,0,0
642571722,0.024499942,-0.0064141764,1.5554209,1e-45,0.71243715,0.010978189,0.0063099856,0.7016217,0.0,0.0,-0.54175085,0,0
642581665,0.02411325,-0.01073652,1.5554209,1e-45,0.7124144,0.012356626,0.004634497,0.70163494,0.0,0.0,-0.5392449,0,0
642591737,0.021652464,-0.009229043,1.5554209,1e-45,0.7124375,0.01095127,0.004308252,0.70163685,0.0,0.0,-0.5415361,0,0
642601699,0.017785618,-0.0056370515,1.5554209,1e-45,0.7124733,0.008313751,0.004231353,0.7016373,0.0,0.0,-0.53816664,0,0
642611695,0.029929549,-0.0044792867,1.5554209,1e-45,0.7124168,0.012233571,0.008903997,0.70159346,0.0,0.0,-0.5406117,0,0
642621655,0.026002934,-0.0028337566,1.5554209,1e-45,0.712448,0.010257627,0.008112741,0.70160294,0.0,0.0,-0.5388502,0,0
642631749,0.022285728,-0.00874897,1.5554209,1e-45,0.7124367,0.01100845,0.00470144,0.7016343,0.0,0.0,-0.53385764,0,0
642641672,0.033412486,-0.0051444173,1.5554209,1e-45,0.71238995,0.0137075065,0.009888851,0.70158035,0.0,0.0,-0.5326522,0,0
642651821,0.031804733,-0.0076937038,1.5554209,1e-45,0.7123836,0.014029017,0.008416727,0.70159954,0.0,0.0,-0.53226495,0,0
642661704,0.022412643,-0.004663054,1.5554209,1e-45,0.7124569,0.009620371,0.0062015704,0.7016225,0.0,0.0,-0.5309406,0,0
642671683,0.02964712,-0.003660648,1.5554209,1e-45,0.7124233,0.011845811,0.009096549,0.7015911,0.0,0.0,-0.5223819,0,0
642681663,0.033204656,-1.6699759e-06,1.5554209,1e-45,0.7124237,0.011829563,0.01164789,0.7015532,0.0,0.0,-0.52237123,0,0
642691741,0.023949903,-0.0061728144,1.5554209,1e-45,0.71244144,0.010697589,0.006203011,0.7016226,0.0,0.0,-0.5140612,0,0
642701665,0.032520678,-0.00263099,1.5554209,1e-45,0.71241206,0.012508222,0.010471358,0.7015717,0.0,0.0,-0.51349336,0,0
642711692,0.027370682,0.00077470904,1.5554209,1e-45,0.7124588,0.0094790375,0.00987799,0.7015804,0.0,0.0,-0.51050913,0,0
642721729,0.03157327,-0.0026825408,1.5554209,1e-45,0.71241754,0.01218883,0.010120656,0.701577,0.0,0.0,-0.5115225,0,0
642731687,0.024276378,-0.0013585793,1.5554209,1e-45,0.71246344,0.009125099,0.008032575,0.7016039,0.0,0.0,-0.5104742,0,0
642741670,0.027461635,0.0038485837,1.5554209,1e-45,0.71247196,0.008433131,0.011004875,0.7015636,0.0,0.0,-0.51049656,0,0
642751854,0.027908955,-0.00041680626,1.5554209,1e-45,0.71245044,0.010088758,0.009642361,0.7015836,0.0,0.0,-0.51055324,0,0
642761700,0.024319943,0.0034827709,1.5554209,1e-45,0.712483,0.007442267,0.009772503,0.70158184,0.0,0.0,-0.51078784,0,0
642771679,0.025612859,-0.0023221385,1.5554209,1e-45,0.71245253,0.009939203,0.008158159,0.7016025,0.0,0.0,-0.51065177,0,0
642781687,0.026445838,-0.0030595525,1.5554209,1e-45,0.7124446,0.010494607,0.008187675,0.7016021,0.0,0.0,-0.51158583,0,0
642791697,0.018405132,-0.0004154136,1.5554209,1e-45,0.7124904,0.0067026676,0.006308899,0.7016215,0.0,0.0,-0.51045215,0,0
642801657,0.02346448,-0.0039158952,1.5554209,1e-45,0.71245533,0.009732968,0.006836736,0.70161664,0.0,0.0,-0.5112089,0,0
642811719,0.021713404,0.0062648673,1.5554209,1e-45,0.7125002,0.0055377088,0.009849209,0.7015809,0.0,0.0,-0.5030834,0,0
642821684,0.023364883,0.0025543377,1.5554209,1e-45,0.71248317,0.0074277353,0.0091067385,0.7015908,0.0,0.0,-0.5032387,0,0
642831689,0.023502622,-0.0020303498,1.5554209,1e-45,0.712464,0.009085117,0.0075218277,0.70160955,0.0,0.0,-0.49510393,0,0
642841700,0.023183199,0.0019119097,1.5554209,1e-45,0.7124815,0.007588379,0.008814151,0.70159453,0.0,0.0,-0.4960357,0,0
642851892,0.019522,-0.0011520257,1.5554209,1e-45,0.7124839,0.0073589543,0.006438293,0.70162034,0.0,0.0,-0.48811793,0,0
642861663,0.02283956,0.004801083,1.5554209,1e-45,0.7124926,0.0064524147,0.009722816,0.7015826,0.0,0.0,-0.48963827,0,0
642871707,0.017093336,8.319117e-05,1.5554209,1e-45,0.7124961,0.0060604294,0.0060263323,0.7016239,0.0,0.0,-0.47971618,0,0
642881672,0.023191174,-0.0040351846,1.5554209,1e-45,0.7124561,0.009677455,0.006698362,0.70161796,0.0,0.0,-0.48070604,0,0
642891732,0.013770811,0.0041756444,1.5554209,1e-45,0.7125135,0.0034410688,0.0063186786,0.70162153,0.0,0.0,-0.4707077,0,0
642901702,0.019730639,-0.0010029452,1.5554209,1e-45,0.71248364,0.007380982,0.006564594,0.70161915,0.0,0.0,-0.4717118,0,0
642911690,0.018792246,0.0035494112,1.5554209,1e-45,0.712501,0.0054496676,0.007857142,0.701606,0.0,0.0,-0.4622105,0,0
642921659,0.016100263,0.0036307094,1.5554209,1e-45,0.7125079,0.0044621215,0.0069417413,0.7016155,0.0,0.0,-0.46380264,0,0
642931719,0.016834514,-0.00029250572,1.5554209,1e-45,0.71249574,0.006100023,0.0058016926,0.70162594,0.0,0.0,-0.45414564,0,0
642941667,0.01786877,0.0057535805,1.5554209,1e-45,0.7125085,0.0043474175,0.008318393,0.7016007,0.0,0.0,-0.4568794,0,0
642951844,0.018509304,0.0062075886,1.5554209,1e-45,0.7125081,0.0044163363,0.008704824,0.701596,0.0,0.0,-0.4518951,0,0
642961704,0.020233953,0.0052675786,1.5554209,1e-45,0.71250165,0.0053605177,0.008974964,0.70159256,0.0,0.0,-0.45500174,0,0
642971682,0.019131089,0.0016872226,1.5554209,1e-45,0.71249473,0.0062236604,0.0073126224,0.7016117,0.0,0.0,-0.44853207,0,0
642981693,0.017101804,0.0030422937,1.5554209,1e-45,0.71250415,0.00502535,0.00708347,0.7016141,0.0,0.0,-0.45138645,0,0
642991727,0.018537825,0.0039419914,1.5554209,1e-45,0.7125027,0.0052213063,0.007907742,0.7016054,0.0,0.0,-0.4528081,0,0
643001659,0.017029135,0.0029790215,1.5554209,1e-45,0.71250415,0.005021659,0.007035437,0.7016147,0.0,0.0,-0.4553793,0,0
643011690,0.015552547,0.0036703062,1.5554209,1e-45,0.71250916,0.004253105,0.006763704,0.7016174,0.0,0.0,-0.46309206,0,0
643021707,0.014565395,0.0068657435,1.5554209,1e-45,0.7125163,0.0027803995,0.007555755,0.7016094,0.0,0.0,-0.4658542,0,0
643031695,0.01514059,0.008991108,1.5554209,1e-45,0.71251816,0.0022396904,0.00851467,0.7015984,0.0,0.0,-0.47384274,0,0
643041670,0.0127423555,0.0062626516,1.5554209,1e-45,0.7125179,0.0023425047,0.006701374,0.701618,0.0,0.0,-0.47663856,0,0
643051860,0.015007513,0.008021584,1.5554209,1e-45,0.7125172,0.0025324123,0.008122606,0.7016031,0.0,0.0,-0.48558053,0,0
643061663,0.01550013,0.0078102667,1.5554209,1e-45,0.7125163,0.0027820463,0.008220138,0.70160186,0.0,0.0,-0.48766598,0,0
643071684,0.016615907,0.005536043,1.5554209,1e-45,0.7125107,0.0039773956,0.0078013903,0.70160663,0.0,0.0,-0.49623722,0,0
643081721,0.016927931,0.0069767977,1.5554209,1e-45,0.71251273,0.0035831104,0.0084241005,0.7015995,0.0,0.0,-0.49889654,0,0
643091689,0.014392859,0.0044392,1.5554209,1e-45,0.71251285,0.0035702165,0.0066307904,0.7016187,0.0,0.0,-0.5072334,0,0
643101657,0.017929027,0.004496184,1.5554209,1e-45,0.7125056,0.004810002,0.007891599,0.7016056,0.0,0.0,-0.509874,0,0
643111733,0.020080896,0.0031923628,1.5554209,1e-45,0.7124963,0.0060340054,0.008182008,0.7016022,0.0,0.0,-0.5181391,0,0
643121671,0.015327374,0.0034062346,1.5554209,1e-45,0.71250904,0.004265527,0.006590636,0.701619,0.0,0.0,-0.51955944,0,0
643131688,0.017728185,0.0042237006,1.5554209,1e-45,0.7125054,0.004834043,0.0077240737,0.7016075,0.0,0.0,-0.52842927,0,0
643141693,0.014937902,0.00070711743,1.5554209,1e-45,0.71250385,0.0050736726,0.0054924493,0.7016283,0.0,0.0,-0.52973616,0,0
643151846,0.019152027,0.0056859367,1.5554209,1e-45,0.7125054,0.004828313,0.0087444605,0.70159554,0.0,0.0,-0.53113794,0,0
643161662,0.023093257,0.0077181146,1.5554209,1e-45,0.71250033,0.0055194604,0.010850922,0.70156616,0.0,0.0,-0.530908,0,0
643171718,0.017761376,0.0017519813,1.5554209,1e-45,0.71249896,0.0057129846,0.006855188,0.7016164,0.0,0.0,-0.5315182,0,0
643181669,0.019555366,0.00015233856,1.5554209,1e-45,0.71248835,0.0069132596,0.00691467,0.70161575,0.0,0.0,-0.53182524,0,0
643191687,0.012886752,0.00425603,1.5554209,1e-45,0.71251506,0.0030979146,0.006037177,0.701624,0.0,0.0,-0.5306803,0,0
643201682,0.016682716,0.004875771,1.5554209,1e-45,0.7125093,0.0042328327,0.0075896117,0.7016089,0.0,0.0,-0.53094524,0,0
643211722,0.016686259,0.005375957,1.5554209,1e-45,0.7125103,0.0040586195,0.0077690408,0.70160687,0.0,0.0,-0.5308223,0,0
643221662,0.014555044,0.0051897536,1.5554209,1e-45,0.71251386,0.0033646855,0.0069550653,0.7016155,0.0,0.0,-0.5307259,0,0
643231710,0.01510171,0.0034514368,1.5554209,1e-45,0.71250963,0.0041692755,0.0065275747,0.7016196,0.0,0.0,-0.52963924,0,0
643241695,0.017551461,0.002339922,1.5554209,1e-45,0.71250117,0.005431945,0.0069909985,0.70161504,0.0,0.0,-0.5292278,0,0
643251813,0.008540961,0.002515322,1.5554209,1e-45,0.7125186,0.0021603697,0.0038924734,0.7016391,0.0,0.0,-0.52806455,0,0
643261695,0.016124502,0.0030886168,1.5554209,1e-45,0.7125066,0.004660933,0.0067571267,0.7016174,0.0,0.0,-0.5281181,0,0
643271693,0.0147882765,0.0033743256,1.5554209,1e-45,0.71251017,0.004084665,0.006390148,0.7016209,0.0,0.0,-0.5271285,0,0
643281696,0.011472455,0.002968733,1.5554209,1e-45,0.71251535,0.003045672,0.005082422,0.7016315,0.0,0.0,-0.5266214,0,0
643291715,0.017006323,0.0005927068,1.5554209,1e-45,0.71249783,0.005850686,0.0061773215,0.70162266,0.0,0.0,-0.5265384,0,0
643301663,0.019305745,0.0019399386,1.5554209,1e-45,0.7124949,0.0061972262,0.007463921,0.70161027,0.0,0.0,-0.5268621,0,0
643311692,0.007063898,0.00022419111,1.5554209,1e-45,0.71251774,0.0024379343,0.002558056,0.70164526,0.0,0.0,-0.5254866,0,0
643321686,0.017029729,0.0022711994,1.5554209,1e-45,0.71250236,0.005270186,0.006783488,0.7016171,0.0,0.0,-0.5254679,0,0
643331693,0.012661436,0.004175242,1.5554209,1e-45,0.7125153,0.0030459862,0.005929353,0.7016249,0.0,0.0,-0.52495104,0,0
643341696,0.01252954,0.0051803044,1.5554209,1e-45,0.7125169,0.0026463992,0.0062411334,0.7016222,0.0,0.0,-0.5250817,0,0
643351834,0.015160804,-0.001723513,1.5554209,1e-45,0.7124965,0.0060057826,0.004704733,0.70163417,0.0,0.0,-0.5253816,0,0
643361679,0.0151250055,0.002237974,1.5554209,1e-45,0.712507,0.0046032798,0.006103455,0.7016234,0.0,0.0,-0.52617055,0,0
643371710,0.010543421,0.004179135,1.5554209,1e-45,0.71251816,0.0022900605,0.0051877103,0.70163083,0.0,0.0,-0.52493894,0,0
643381690,0.020657852,0.0030165126,1.5554209,1e-45,0.712494,0.0063012363,0.008321761,0.7016006,0.0,0.0,-0.52497953,0,0
643391692,0.013732183,0.001204124,1.5554209,1e-45,0.71250784,0.0044697737,0.005246525,0.7016303,0.0,0.0,-0.5253911,0,0
643401656,0.01484406,0.0002753753,1.5554209,1e-45,0.712503,0.005191704,0.0053057214,0.7016298,0.0,0.0,-0.52431506,0,0
643411748,0.01566867,0.0013628296,1.5554209,1e-45,0.71250355,0.005103977,0.0059824106,0.7016245,0.0,0.0,-0.52310216,0,0
643421673,0.016745668,0.005324022,1.5554209,1e-45,0.71251,0.004098005,0.007771382,0.7016069,0.0,0.0,-0.5236988,0,0
643431678,0.015025417,-0.0001531981,1.5554209,1e-45,0.71250135,0.0054066638,0.005216665,0.70163053,0.0,0.0,-0.5226468,0,0
643441691,0.016438711,0.0009879775,1.5554209,1e-45,0.7125006,0.0055098087,0.006119011,0.70162314,0.0,0.0,-0.52279305,0,0
643451816,0.012645381,0.0025520986,1.5554209,1e-45,0.7125127,0.0036096997,0.0053454763,0.7016297,0.0,0.0,-0.52321583,0,0
643461667,0.018863542,0.0011527056,1.5554209,1e-45,0.7124939,0.006315862,0.0070283473,0.7016147,0.0,0.0,-0.5227317,0,0
643471748,0.013554982,0.0023852503,1.5554209,1e-45,0.7125107,0.003992284,0.0056051374,0.70162755,0.0,0.0,-0.52273405,0,0
643481660,0.015781237,0.0003241166,1.5554209,1e-45,0.7125006,0.005508475,0.0056518614,0.7016271,0.0,0.0,-0.52261066,0,0
643491696,0.01207042,0.0022064506,1.5554209,1e-45,0.7125131,0.0035261267,0.005020634,0.701632,0.0,0.0,-0.52110624,0,0
643501709,0.013728768,0.0027394684,1.5554209,1e-45,0.712511,0.00392993,0.0057922937,0.70162606,0.0,0.0,-0.5211989,0,0
643511691,0.015577339,-0.0017441788,1.5554209,1e-45,0.7124952,0.006161421,0.0048434967,0.7016332,0.0,0.0,-0.52128154,0,0
643521663,0.009215375,0.0022540367,1.5554209,1e-45,0.7125175,0.002492301,0.0040359865,0.70163834,0.0,0.0,-0.5201981,0,0
643531715,0.012419694,0.00049846515,1.5554209,1e-45,0.71250916,0.004249753,0.0045346906,0.70163536,0.0,0.0,-0.5205627,0,0
643541696,0.01791058,0.0012011082,1.5554209,1e-45,0.71249694,0.0059593916,0.006711284,0.70161784,0.0,0.0,-0.5206541,0,0
643551817,0.011913022,0.0012687534,1.5554209,1e-45,0.7125118,0.0037990157,0.004631358,0.7016346,0.0,0.0,-0.52039975,0,0
643561693,0.016807921,-0.0022700531,1.5554209,1e-45,0.71248955,0.006784295,0.0050878627,0.7016314,0.0,0.0,-0.52053744,0,0
643571695,0.01893592,0.0024946164,1.5554209,1e-45,0.71249765,0.005870889,0.0075317845,0.7016095,0.0,0.0,-0.5203434,0,0
643581656,0.011848047,-0.003867327,1.5554209,1e-45,0.71250004,0.0055776937,0.0027788056,0.7016445,0.0,0.0,-0.5198201,0,0
643591709,0.017474234,0.0016779134,1.5554209,1e-45,0.71249956,0.0056366744,0.0067280685,0.70161766,0.0,0.0,-0.520125,0,0
643601701,0.013803972,0.0038383864,1.5554209,1e-45,0.71251285,0.0035711997,0.006210164,0.70162255,0.0,0.0,-0.5198908,0,0
643611692,0.011291327,-0.0005474041,1.5554209,1e-45,0.71250945,0.004214677,0.0037662415,0.70163983,0.0,0.0,-0.5203367,0,0
643621685,0.01388002,-0.00047838784,1.5554209,1e-45,0.71250355,0.005112695,0.004698991,0.70163417,0.0,0.0,-0.51990724,0,0
643631705,0.010137176,-0.0003407984,1.5554209,1e-45,0.71251214,0.0037310233,0.0034349472,0.7016415,0.0,0.0,-0.5197755,0,0
643641667,0.013339096,-0.0045207636,1.5554209,1e-45,0.7124936,0.0063381116,0.0030691067,0.70164335,0.0,0.0,-0.5202921,0,0
643651834,0.0135753015,0.0030513664,1.5554209,1e-45,0.7125119,0.003765836,0.0058495686,0.7016255,0.0,0.0,-0.5201313,0,0
643661682,0.012337253,-0.0023470118,1.5554209,1e-45,0.7125027,0.005218625,0.003492053,0.70164126,0.0,0.0,-0.5200674,0,0
643671724,0.0143541945,-0.002922032,1.5554209,1e-45,0.71249545,0.0061388835,0.0039947815,0.7016386,0.0,0.0,-0.52007365,0,0
643681696,0.014933692,0.000622302,1.5554209,1e-45,0.7125036,0.0051019285,0.005460758,0.7016287,0.0,0.0,-0.51971066,0,0
643691692,0.00931957,-0.0037254163,1.5554209,1e-45,0.7125068,0.0046271347,0.0019423149,0.7016473,0.0,0.0,-0.5189847,0,0
643701655,0.012032915,0.003709451,1.5554209,1e-45,0.7125156,0.0029854807,0.005542922,0.701628,0.0,0.0,-0.5191132,0,0
643711720,0.007281969,-0.00484832,1.5554209,1e-45,0.71250886,0.0042951666,0.0008274292,0.70164955,0.0,0.0,-0.51898956,0,0
643721664,0.008439342,-0.00081312726,1.5554209,1e-45,0.7125143,0.0032918614,0.0026710392,0.70164484,0.0,0.0,-0.5187713,0,0
643731711,0.0063923295,-0.0025889983,1.5554209,1e-45,0.71251476,0.0031856117,0.0013202288,0.70164865,0.0,0.0,-0.5197145,0,0
643741691,0.012871399,0.00086349907,1.5554209,1e-45,0.71250904,0.004282614,0.004823201,0.7016334,0.0,0.0,-0.5190564,0,0
643751815,0.010873048,-0.0033526062,1.5554209,1e-45,0.71250397,0.0050497777,0.0026201275,0.7016451,0.0,0.0,-0.519677,0,0
643761688,0.010461028,-0.0012457292,1.5554209,1e-45,0.7125097,0.0041638645,0.0032261733,0.7016426,0.0,0.0,-0.5190891,0,0
643771720,0.010297156,-0.002526705,1.5554209,1e-45,0.7125073,0.0045548743,0.0027123264,0.7016447,0.0,0.0,-0.5196822,0,0
643781658,0.0143634295,0.00040740715,1.5554209,1e-45,0.7125045,0.00497416,0.005184145,0.7016308,0.0,0.0,-0.52069676,0,0
643791688,0.0058291936,-0.0046702204,1.5554209,1e-45,0.71251214,0.0037151268,0.00038120948,0.7016499,0.0,0.0,-0.51957625,0,0
643801707,0.01041471,-0.001428958,1.5554209,1e-45,0.71250945,0.0042116437,0.0031446477,0.7016429,0.0,0.0,-0.5199639,0,0
643811693,0.006830175,-0.0011790934,1.5554209,1e-45,0.7125162,0.0028469723,0.0019761282,0.70164716,0.0,0.0,-0.5196835,0,0
643821667,0.010441725,-0.0064540203,1.5554209,1e-45,0.71249664,0.005984138,0.0013639013,0.7016487,0.0,0.0,-0.5192279,0,0
643831712,0.010884479,-0.0014317912,1.5554209,1e-45,0.71250844,0.0043799947,0.0033084422,0.70164204,0.0,0.0,-0.5190414,0,0
643841671,0.008347958,-0.0061707925,1.5554209,1e-45,0.71250325,0.005138874,0.0007302594,0.70164967,0.0,0.0,-0.5187451,0,0
643851814,0.01292375,-0.0050146305,1.5554209,1e-45,0.71249336,0.0063634003,0.0027474505,0.70164466,0.0,0.0,-0.5185346,0,0
643861721,0.013522566,-0.002015826,1.5554209,1e-45,0.71250045,0.0055247084,0.0040258714,0.7016383,0.0,0.0,-0.51855093,0,0
643871692,0.008295244,-0.004655099,1.5554209,1e-45,0.71250707,0.0045883646,0.0012517481,0.7016488,0.0,0.0,-0.5184193,0,0
643881653,0.012453439,-0.002014593,1.5554209,1e-45,0.7125033,0.005143399,0.00365124,0.7016404,0.0,0.0,-0.51871383,0,0
643891749,0.009238647,-0.00603012,1.5554209,1e-45,0.7125012,0.0054068333,0.0010928516,0.7016492,0.0,0.0,-0.51823175,0,0
643901661,0.012750137,-0.0023750807,1.5554209,1e-45,0.7125016,0.0053755622,0.0036269014,0.7016406,0.0,0.0,-0.51835877,0,0
643911698,0.01076871,-0.008437963,1.5554209,1e-45,0.71248925,0.006796614,0.00077181566,0.7016497,0.0,0.0,-0.51818633,0,0
643921686,0.015592635,-0.0075453045,1.5554209,1e-45,0.7124745,0.008201945,0.0027821818,0.7016445,0.0,0.0,-0.51880926,0,0
643931714,0.016078705,-0.0069004763,1.5554209,1e-45,0.7124751,0.008148896,0.003182431,0.7016429,0.0,0.0,-0.5184258,0,0
643941667,0.008215568,-0.0026478076,1.5554209,1e-45,0.7125114,0.0038557835,0.001938913,0.7016473,0.0,0.0,-0.5177627,0,0
643951847,0.012975942,-0.011212874,1.5554209,1e-45,0.7124702,0.00855637,0.0005575768,0.70165,0.0,0.0,-0.5182031,0,0
643961676,0.015099963,-0.007944308,1.5554209,1e-45,0.7124749,0.008166408,0.0024671932,0.7016457,0.0,0.0,-0.51902163,0,0
643971689,0.017607525,-0.007054404,1.5554209,1e-45,0.712468,0.0087475125,0.0036639343,0.7016405,0.0,0.0,-0.5185839,0,0
643981683,0.012108284,-0.0041167536,1.5554209,1e-45,0.71249855,0.0057579055,0.0027812428,0.7016445,0.0,0.0,-0.5181825,0,0
643991723,0.010110132,-0.0088202385,1.5554209,1e-45,0.7124902,0.006696104,0.00040458058,0.70165,0.0,0.0,-0.51772285,0,0
644001655,0.013814756,-0.00865336,1.5554209,1e-45,0.7124772,0.007957307,0.0017637063,0.70164794,0.0,0.0,-0.51868457,0,0
644011720,0.0126885865,-0.0049851057,1.5554209,1e-45,0.7124942,0.006269266,0.0026754679,0.70164496,0.0,0.0,-0.51839167,0,0
644021691,0.014781188,-0.0063504563,1.5554209,1e-45,0.7124824,0.007493719,0.002923182,0.70164394,0.0,0.0,-0.51770973,0,0
644031682,0.007265892,-0.0018638481,1.5554209,1e-45,0.7125145,0.0032424266,0.0018850378,0.7016474,0.0,0.0,-0.5180112,0,0
644041695,0.009370313,-0.0092031555,1.5554209,1e-45,0.71249133,0.006566879,8.614675e-06,0.7016502,0.0,0.0,-0.51785487,0,0
644051827,0.011984322,-0.0027667438,1.5554209,1e-45,0.7125026,0.0052401414,0.003218705,0.7016426,0.0,0.0,-0.51876676,0,0
644061695,0.011206535,-0.002899428,1.5554209,1e-45,0.71250427,0.0050096,0.0028985702,0.70164394,0.0,0.0,-0.5175251,0,0
644071713,0.008837142,-0.01880073,1.5554209,1e-45,0.7124543,0.009743781,-0.0035976588,0.7016417,0.0,0.0,-0.51892114,0,0
644081668,0.007012888,-0.019784829,1.5554209,1e-45,0.7124583,0.009439146,-0.0045882324,0.701636,0.0,0.0,-0.51847714,0,0
644091697,0.00709489,-0.019442307,1.5554209,1e-45,0.7124595,0.0093482025,-0.00443744,0.70163697,0.0,0.0,-0.5188977,0,0
644101683,0.010350356,-0.015917884,1.5554209,1e-45,0.7124609,0.009271551,-0.002039753,0.70164764,0.0,0.0,-0.5191507,0,0
644111703,0.008241579,-0.013075948,1.5554209,1e-45,0.7124817,0.007523379,-0.0017670954,0.7016482,0.0,0.0,-0.5194488,0,0
644121695,0.0072446414,-0.010159054,1.5554209,1e-45,0.71249515,0.006144954,-0.0010776722,0.70164937,0.0,0.0,-0.51971394,0,0
644131718,0.0079063885,-0.013321633,1.5554209,1e-45,0.712482,0.0074901576,-0.0019722162,0.7016477,0.0,0.0,-0.5189134,0,0
644141669,0.0154795665,-0.008344184,1.5554209,1e-45,0.7124717,0.008441913,0.002457908,0.70164573,0.0,0.0,-0.5205618,0,0
644151838,0.011691963,-0.006265403,1.5554209,1e-45,0.71249336,0.0063633644,0.0018697126,0.7016476,0.0,0.0,-0.5197471,0,0
644161690,0.0064299335,-0.0056119254,1.5554209,1e-45,0.71250904,0.004259512,0.00025647122,0.7016501,0.0,0.0,-0.5194226,0,0
644171701,0.011541259,-0.009782116,1.5554209,1e-45,0.7124817,0.0075433673,0.00056397676,0.70164996,0.0,0.0,-0.51973075,0,0
644181654,0.006896392,-0.0064413077,1.5554209,1e-45,0.7125062,0.004716651,0.00012464027,0.70165,0.0,0.0,-0.5197024,0,0
644191742,0.0052373656,-0.0015784882,1.5554209,1e-45,0.71251774,0.002419637,0.0012750439,0.7016488,0.0,0.0,-0.5196233,0,0
644201679,0.007235973,-0.0058775423,1.5554209,1e-45,0.71250665,0.00463985,0.00044462134,0.7016499,0.0,0.0,-0.5197532,0,0
644211690,0.013010343,0.000102810794,1.5554209,1e-45,0.712507,0.004598976,0.004600947,0.7016349,0.0,0.0,-0.52013355,0,0
644221693,0.0061536063,0.0009977473,1.5554209,1e-45,0.71251947,0.0018422529,0.0025142916,0.70164543,0.0,0.0,-0.52019995,0,0
644231684,0.011262052,-0.0011986871,1.5554209,1e-45,0.7125081,0.0044327294,0.003523948,0.7016411,0.0,0.0,-0.5202335,0,0
644241666,0.011550092,0.0039206007,1.5554209,1e-45,0.71251655,0.0027393955,0.005448763,0.70162886,0.0,0.0,-0.5205574,0,0
644251879,0.01143158,0.0051996238,1.5554209,1e-45,0.7125183,0.0022484637,0.005862839,0.70162547,0.0,0.0,-0.5209018,0,0
644261676,0.010507653,0.0014573684,1.5554209,1e-45,0.7125145,0.003232174,0.0042055254,0.7016374,0.0,0.0,-0.52063745,0,0
644271692,0.011181819,0.012252127,1.5554209,1e-45,0.7125214,-0.00031470798,0.008287625,0.70160145,0.0,0.0,-0.52165484,0,0
644281686,0.014254586,0.010801007,1.5554209,1e-45,0.71252036,0.0012890871,0.008848609,0.7015945,0.0,0.0,-0.5219347,0,0
644291694,0.016202793,0.016194902,1.5554209,1e-45,0.7125212,9.0842754e-05,0.0114534525,0.70155716,0.0,0.0,-0.5227567,0,0
644301664,0.0097724395,0.015556292,1.5554209,1e-45,0.71251845,-0.001975995,0.008970275,0.70159334,0.0,0.0,-0.5222981,0,0
644311725,0.013323728,0.013255802,1.5554209,1e-45,0.7125214,9.625633e-05,0.009396544,0.70158756,0.0,0.0,-0.52259636,0,0
644321700,0.015827868,0.019942105,1.5554209,1e-45,0.71251947,-0.0013573411,0.012656729,0.70153683,0.0,0.0,-0.5228033,0,0
644331683,0.010729503,0.020074839,1.5554209,1e-45,0.7125135,-0.003220243,0.010915627,0.7015661,0.0,0.0,-0.52268463,0,0
644341692,0.02390661,0.019343937,1.5554209,1e-45,0.71251875,0.0017306466,0.015277333,0.7014846,0.0,0.0,-0.5240357,0,0
644351823,0.014800958,0.022889476,1.5554209,1e-45,0.7125151,-0.0027571945,0.013346383,0.70152444,0.0,0.0,-0.5233043,0,0
644361664,0.01816422,0.01868247,1.5554209,1e-45,0.71252096,-8.308134e-05,0.01302756,0.7015299,0.0,0.0,-0.5238879,0,0
644371724,0.017347293,0.022626242,1.5554209,1e-45,0.7125183,-0.0017576932,0.01414577,0.70150876,0.0,0.0,-0.52434576,0,0
644381684,0.01542207,0.01999988,1.5554209,1e-45,0.71251917,-0.0015221796,0.0125349695,0.70153904,0.0,0.0,-0.5240228,0,0
644391697,0.017455176,0.014043822,1.5554209,1e-45,0.7125202,0.0012916705,0.011126516,0.7015622,0.0,0.0,-0.5238578,0,0
644401686,0.015372889,0.01794388,1.5554209,1e-45,0.71252054,-0.00081840507,0.011785353,0.7015518,0.0,0.0,-0.5247243,0,0
644411694,0.014068071,0.02131546,1.5554209,1e-45,0.71251637,-0.0024660893,0.012528642,0.70153934,0.0,0.0,-0.5230494,0,0
644421664,0.011990265,0.015356408,1.5554209,1e-45,0.71252036,-0.0011157494,0.00967707,0.7015838,0.0,0.0,-0.5231025,0,0
644431706,0.012442169,0.02026155,1.5554209,1e-45,0.7125158,-0.0026755964,0.011582906,0.7015553,0.0,0.0,-0.52216536,0,0
644441672,0.005452645,0.015688462,1.5554209,1e-45,0.71251225,-0.0035613237,0.00750197,0.70161057,0.0,0.0,-0.5218893,0,0
644451854,0.015352806,0.011874997,1.5554209,1e-45,0.7125203,0.0013035572,0.009616448,0.7015844,0.0,0.0,-0.52221626,0,0
644461691,0.007425513,0.016499225,1.5554209,1e-45,0.7125142,-0.0031429091,0.008482883,0.7015994,0.0,0.0,-0.5211826,0,0
644471693,0.013197101,0.0165162,1.5554209,1e-45,0.7125203,-0.0010926843,0.010513562,0.7015719,0.0,0.0,-0.5217146,0,0
644481653,0.008421068,0.012677443,1.5554209,1e-45,0.71251994,-0.0014474652,0.0074706604,0.70161057,0.0,0.0,-0.5196891,0,0
644491712,0.009025681,0.022239545,1.5554209,1e-45,0.71250576,-0.0045866594,0.011089064,0.70156366,0.0,0.0,-0.5197594,0,0
644501677,0.008644925,0.014177719,1.5554209,1e-45,0.7125188,-0.001894047,0.008083647,0.70160395,0.0,0.0,-0.52008396,0,0
644511711,0.01766317,0.019237619,1.5554209,1e-45,0.7125207,-0.00045634527,0.013049553,0.7015296,0.0,0.0,-0.52010864,0,0
644521695,0.009100058,0.019991482,1.5554209,1e-45,0.7125108,-0.0037714988,0.010314348,0.70157516,0.0,0.0,-0.5190571,0,0
644531683,0.01624606,0.022007097,1.5554209,1e-45,0.712518,-0.0019328058,0.013538966,0.70152056,0.0,0.0,-0.5201917,0,0
644541672,0.013923348,0.027205637,1.5554209,1e-45,0.7125051,-0.0045840438,0.014575939,0.7015006,0.0,0.0,-0.51908875,0,0
644551845,0.015100571,0.024193348,1.5554209,1e-45,0.7125135,-0.0031078828,0.0139159085,0.70151347,0.0,0.0,-0.5191893,0,0
644561675,0.01485596,0.025767175,1.5554209,1e-45,0.7125102,-0.0037471573,0.014390692,0.7015042,0.0,0.0,-0.51981616,0,0
644571693,0.01966056,0.031585623,1.5554209,1e-45,0.7125075,-0.004076724,0.018148156,0.7014179,0.0,0.0,-0.5201831,0,0
644581708,0.01764435,0.028781815,1.5554209,1e-45,0.71250945,-0.003811377,0.01644244,0.7014596,0.0,0.0,-0.52026135,0,0
644591692,0.01197834,0.034039978,1.5554209,1e-45,0.71247745,-0.0076745097,0.016327977,0.70146316,0.0,0.0,-0.51990205,0,0
644601671,0.01520543,0.03718355,1.5554209,1e-45,0.7124773,-0.007627676,0.01857937,0.70140773,0.0,0.0,-0.51975596,0,0
644611720,0.010065177,0.039349094,1.5554209,1e-45,0.7124444,-0.010218456,0.01754788,0.7014347,0.0,0.0,-0.51976764,0,0
644621667,0.016992515,0.033507135,1.5554209,1e-45,0.71249604,-0.005701317,0.017896783,0.7014247,0.0,0.0,-0.52005017,0,0
644631678,0.013808374,0.041718867,1.5554209,1e-45,0.712451,-0.009716335,0.019704599,0.7013778,0.0,0.0,-0.5207578,0,0
644641718,0.014442623,0.03820473,1.5554209,1e-45,0.7124701,-0.008257648,0.018675534,0.70140535,0.0,0.0,-0.5209193,0,0
644651826,0.015129202,0.040879525,1.5554209,1e-45,0.7124612,-0.008951382,0.01986889,0.70137316,0.0,0.0,-0.52040005,0,0
644661656,0.016339462,0.03692792,1.5554209,1e-45,0.71248245,-0.0071340105,0.018886039,0.70139945,0.0,0.0,-0.52108675,0,0
644671724,0.01786371,0.039129358,1.5554209,1e-45,0.7124797,-0.007363293,0.020204568,0.7013631,0.0,0.0,-0.5209813,0,0
644681656,0.016601529,0.038251866,1.5554209,1e-45,0.7124784,-0.0075051,0.019449444,0.7013843,0.0,0.0,-0.52119654,0,0
644691694,0.016141774,0.03697282,1.5554209,1e-45,0.7124816,-0.007220188,0.0188327,0.7014009,0.0,0.0,-0.5205659,0,0
644701690,0.014440845,0.040343028,1.5554209,1e-45,0.7124605,-0.009008395,0.01943643,0.70138514,0.0,0.0,-0.5199759,0,0
644711713,0.019339986,0.030731803,1.5554209,1e-45,0.7125087,-0.0038913935,0.017731644,0.7014285,0.0,0.0,-0.51992726,0,0
644721664,0.014204505,0.039757542,1.5554209,1e-45,0.7124622,-0.008887201,0.019145038,0.701393,0.0,0.0,-0.51914394,0,0
644731712,0.019130033,0.034391798,1.5554209,1e-45,0.7124993,-0.0052501815,0.01896149,0.70139694,0.0,0.0,-0.5196469,0,0
644741675,0.017491786,0.039679,1.5554209,1e-45,0.71247613,-0.007688604,0.020269878,0.7013613,0.0,0.0,-0.5187912,0,0
644751820,0.019687828,0.039746076,1.5554209,1e-45,0.71248394,-0.006929816,0.02106386,0.7013379,0.0,0.0,-0.5194689,0,0
644761685,0.022449717,0.035835106,1.5554209,1e-45,0.71250373,-0.004573879,0.020639652,0.7013498,0.0,0.0,-0.5198161,0,0
644771725,0.020671556,0.041659832,1.5554209,1e-45,0.7124803,-0.0072507313,0.0220903,0.70130676,0.0,0.0,-0.51928,0,0
644781665,0.02295907,0.035763677,1.5554209,1e-45,0.7125051,-0.0043673627,0.020792833,0.70134526,0.0,0.0,-0.51919407,0,0
644791726,0.019435415,0.04199417,1.5554209,1e-45,0.71247435,-0.00780838,0.021775896,0.7013167,0.0,0.0,-0.51916325,0,0
644801670,0.018411493,0.038084388,1.5554209,1e-45,0.7124855,-0.006801567,0.020024534,0.70136803,0.0,0.0,-0.51838374,0,0
644811684,0.021125032,0.037267294,1.5554209,1e-45,0.7124965,-0.0055482355,0.020685136,0.7013487,0.0,0.0,-0.5193396,0,0
644821686,0.022324085,0.03731896,1.5554209,1e-45,0.71249956,-0.0051391968,0.021124009,0.70133567,0.0,0.0,-0.5185442,0,0
644831692,0.025250595,0.04458472,1.5554209,1e-45,0.7124855,-0.006645564,0.024737315,0.70121914,0.0,0.0,-0.5191732,0,0
644841693,0.017940624,0.043947052,1.5554209,1e-45,0.7124595,-0.009025944,0.021947142,0.7013118,0.0,0.0,-0.5190405,0,0
644851848,0.024409141,0.04210827,1.5554209,1e-45,0.7124912,-0.0060765585,0.023560531,0.701259,0.0,0.0,-0.51934606,0,0
644861667,0.022142645,0.04828415,1.5554209,1e-45,0.71245813,-0.009050501,0.0249648,0.70121205,0.0,0.0,-0.5190785,0,0
644871691,0.02415923,0.042924285,1.5554209,1e-45,0.7124877,-0.006451857,0.02376346,0.70125234,0.0,0.0,-0.51902246,0,0
644881688,0.022428416,0.044517152,1.5554209,1e-45,0.7124757,-0.0076272334,0.023723748,0.7012542,0.0,0.0,-0.5196502,0,0
644891693,0.020245334,0.048318464,1.5554209,1e-45,0.712449,-0.009738414,0.0243118,0.70123494,0.0,0.0,-0.5190858,0,0
644901692,0.020453248,0.048779268,1.5554209,1e-45,0.7124477,-0.009825995,0.024548767,0.7012268,0.0,0.0,-0.5193424,0,0
644911713,0.017270945,0.04773101,1.5554209,1e-45,0.712437,-0.010591879,0.023059722,0.7012771,0.0,0.0,-0.5198556,0,0
644921667,0.020013727,0.050400514,1.5554209,1e-45,0.7124369,-0.010551275,0.024971902,0.70121235,0.0,0.0,-0.520216,0,0
644931687,0.018182384,0.053156886,1.5554209,1e-45,0.7124103,-0.012170499,0.025311206,0.70120096,0.0,0.0,-0.51973,0,0
644941698,0.020326162,0.055146687,1.5554209,1e-45,0.7124108,-0.012104845,0.026771199,0.7011473,0.0,0.0,-0.51993144,0,0
644951833,0.016668662,0.052913863,1.5554209,1e-45,0.71240246,-0.012624447,0.024693957,0.70122296,0.0,0.0,-0.51949906,0,0
644961654,0.018566748,0.053052075,1.5554209,1e-45,0.7124133,-0.0119968215,0.025408646,0.7011974,0.0,0.0,-0.519713,0,0
644971739,0.02226362,0.055992458,1.5554209,1e-45,0.7124171,-0.011711384,0.027751496,0.7011095,0.0,0.0,-0.52003026,0,0
644981664,0.018071009,0.059634704,1.5554209,1e-45,0.7123651,-0.014482342,0.027578358,0.7011175,0.0,0.0,-0.5199857,0,0
644991690,0.016388802,0.056069892,1.5554209,1e-45,0.71237916,-0.013831149,0.025719503,0.70118695,0.0,0.0,-0.5197972,0,0
645001691,0.022966461,0.054157477,1.5554209,1e-45,0.71243185,-0.010817345,0.02734464,0.7011249,0.0,0.0,-0.5206124,0,0
645011687,0.019944353,0.06408583,1.5554209,1e-45,0.7123449,-0.015376313,0.029819505,0.7010272,0.0,0.0,-0.52060336,0,0
645021661,0.019409997,0.05782248,1.5554209,1e-45,0.7123874,-0.013369761,0.02740261,0.7011238,0.0,0.0,-0.5198895,0,0
645031738,0.020387353,0.06787927,1.5554209,1e-45,0.7123172,-0.016549023,0.031324983,0.70096296,0.0,0.0,-0.52045864,0,0
645041676,0.0142024355,0.06054931,1.5554209,1e-45,0.7123282,-0.016181016,0.02654776,0.7011576,0.0,0.0,-0.5191978,0,0
645051821,0.020341692,0.06157929,1.5554209,1e-45,0.71236706,-0.014355629,0.029066563,0.7010579,0.0,0.0,-0.52027875,0,0
645061690,0.021656621,0.06555544,1.5554209,1e-45,0.7123464,-0.015281904,0.030942746,0.7009791,0.0,0.0,-0.5196058,0,0
645071691,0.018137159,0.06774068,1.5554209,1e-45,0.7122994,-0.01730183,0.03048698,0.7009998,0.0,0.0,-0.5191516,0,0
645081658,0.017866328,0.06456317,1.5554209,1e-45,0.7123245,-0.016283859,0.029261032,0.70105094,0.0,0.0,-0.5194711,0,0
645091728,0.016251568,0.06346559,1.5554209,1e-45,0.7123205,-0.01647402,0.028304292,0.70108986,0.0,0.0,-0.51879996,0,0
645101699,0.019475576,0.061623573,1.5554209,1e-45,0.7123604,-0.0146796545,0.028778724,0.7010699,0.0,0.0,-0.5193127,0,0
645111681,0.023874277,0.06104442,1.5554209,1e-45,0.7123949,-0.012909745,0.030114409,0.70101357,0.0,0.0,-0.51910686,0,0
645121688,0.022457642,0.06663348,1.5554209,1e-45,0.71234405,-0.015374713,0.031607177,0.7009497,0.0,0.0,-0.5194057,0,0
645131697,0.017180337,0.06418439,1.5554209,1e-45,0.7123221,-0.016395332,0.028885735,0.7010663,0.0,0.0,-0.51814675,0,0
645141667,0.022019776,0.06507702,1.5554209,1e-45,0.7123529,-0.014984759,0.030899746,0.7009808,0.0,0.0,-0.5189084,0,0
645151842,0.017169643,0.06471113,1.5554209,1e-45,0.7123176,-0.016583884,0.029069489,0.701059,0.0,0.0,-0.51790214,0,0
645161702,0.017705485,0.06207784,1.5554209,1e-45,0.7123435,-0.015469452,0.028319944,0.70108867,0.0,0.0,-0.5190792,0,0
645171689,0.023527388,0.066998966,1.5554209,1e-45,0.7123493,-0.015121894,0.032112174,0.70092696,0.0,0.0,-0.5191389,0,0
645181689,0.020914795,0.06662009,1.5554209,1e-45,0.71233207,-0.015919534,0.031061674,0.7009741,0.0,0.0,-0.51887035,0,0
645191698,0.02306669,0.06587337,1.5554209,1e-45,0.71235454,-0.014891185,0.03155011,0.7009521,0.0,0.0,-0.519379,0,0
645201663,0.023373494,0.06659201,1.5554209,1e-45,0.7123513,-0.015033967,0.031913403,0.70093584,0.0,0.0,-0.51886624,0,0
645211705,0.017151203,0.066278085,1.5554209,1e-45,0.7123039,-0.017140022,0.029620796,0.70103645,0.0,0.0,-0.5190427,0,0
645221670,0.01934368,0.06190064,1.5554209,1e-45,0.71235734,-0.01482382,0.028831119,0.70106786,0.0,0.0,-0.51950634,0,0
645231723,0.015126653,0.06648922,1.5554209,1e-45,0.7122842,-0.017935107,0.028986294,0.701063,0.0,0.0,-0.5190988,0,0
645241691,0.022151863,0.059968494,1.5554209,1e-45,0.7123909,-0.013145865,0.029127695,0.70105493,0.0,0.0,-0.5194188,0,0
645251832,0.024268245,0.06587787,1.5554209,1e-45,0.71236336,-0.014464793,0.031972818,0.7009329,0.0,0.0,-0.5203234,0,0
645261654,0.021642536,0.06404377,1.5554209,1e-45,0.712358,-0.01475671,0.030399758,0.70100224,0.0,0.0,-0.5196171,0,0
645271711,0.022629432,0.06444705,1.5554209,1e-45,0.7123622,-0.014546648,0.030889202,0.7009811,0.0,0.0,-0.5192848,0,0
645281665,0.020505596,0.066640556,1.5554209,1e-45,0.7123286,-0.016072456,0.03092554,0.70098025,0.0,0.0,-0.519255,0,0
645291715,0.0225591,0.062028695,1.5554209,1e-45,0.71237934,-0.013723451,0.030003775,0.70101863,0.0,0.0,-0.5196901,0,0
645301686,0.020475257,0.06531986,1.5554209,1e-45,0.71233916,-0.015620044,0.03044483,0.70100075,0.0,0.0,-0.5195277,0,0
645311684,0.017867694,0.061820436,1.5554209,1e-45,0.71234685,-0.015321396,0.028285174,0.7010899,0.0,0.0,-0.51874363,0,0
645321666,0.02269985,0.06356553,1.5554209,1e-45,0.7123692,-0.014212373,0.030600129,0.7009934,0.0,0.0,-0.51906055,0,0
645331714,0.019373432,0.0660975,1.5554209,1e-45,0.71232396,-0.016285224,0.03033543,0.70100576,0.0,0.0,-0.5184137,0,0
645341672,0.020845726,0.05916858,1.5554209,1e-45,0.7123877,-0.013330526,0.028385103,0.70108515,0.0,0.0,-0.5181219,0,0
645351825,0.022052476,0.06442556,1.5554209,1e-45,0.71235806,-0.0147446105,0.030679338,0.7009903,0.0,0.0,-0.5188375,0,0
645361705,0.019444669,0.061516084,1.5554209,1e-45,0.71236104,-0.014652964,0.028729627,0.7010718,0.0,0.0,-0.5185683,0,0
645371693,0.022776235,0.061155606,1.5554209,1e-45,0.7123869,-0.013339862,0.02976911,0.70102835,0.0,0.0,-0.5199442,0,0
645381665,0.023584863,0.062039025,1.5554209,1e-45,0.7123862,-0.0133617055,0.030366987,0.701003,0.0,0.0,-0.5189938,0,0
645391721,0.023970736,0.061550893,1.5554209,1e-45,0.71239203,-0.013053041,0.030328492,0.7010045,0.0,0.0,-0.51946455,0,0
645401675,0.026433716,0.06682311,1.5554209,1e-45,0.7123718,-0.014025033,0.033068117,0.70088243,0.0,0.0,-0.51882863,0,0
645411679,0.019849509,0.059363313,1.5554209,1e-45,0.71237963,-0.013753671,0.028105203,0.7010964,0.0,0.0,-0.51815546,0,0
645421714,0.023089949,0.061690304,1.5554209,1e-45,0.7123853,-0.013415675,0.030069394,0.7010157,0.0,0.0,-0.5184,0,0
645431694,0.016211458,0.0614066,1.5554209,1e-45,0.71233726,-0.015766151,0.027557261,0.7011188,0.0,0.0,-0.51766497,0,0
645441658,0.021702813,0.057499327,1.5554209,1e-45,0.7124044,-0.012439713,0.028091328,0.7010963,0.0,0.0,-0.51841086,0,0
645451863,0.019833487,0.06378344,1.5554209,1e-45,0.71234643,-0.015309741,0.029673005,0.7010333,0.0,0.0,-0.5180627,0,0
645461679,0.02168999,0.05931691,1.5554209,1e-45,0.71239233,-0.013081832,0.028733848,0.7010709,0.0,0.0,-0.5178057,0,0
645471689,0.023388147,0.06386933,1.5554209,1e-45,0.7123719,-0.01407377,0.0309495,0.70097816,0.0,0.0,-0.5178127,0,0
645481689,0.02429294,0.059981804,1.5554209,1e-45,0.7124045,-0.012387886,0.029882919,0.7010231,0.0,0.0,-0.5178789,0,0
645491726,0.02816488,0.06509242,1.5554209,1e-45,0.7123954,-0.012801349,0.033058878,0.70088226,0.0,0.0,-0.5180146,0,0
645501669,0.024246817,0.057435088,1.5554209,1e-45,0.71242,-0.0115109915,0.028960234,0.70106107,0.0,0.0,-0.51839864,0,0
645511709,0.026079027,0.0660497,1.5554209,1e-45,0.7123749,-0.0138800945,0.03266858,0.70090085,0.0,0.0,-0.5185965,0,0
645521663,0.02303843,0.060884222,1.5554209,1e-45,0.7123905,-0.013151282,0.029764416,0.70102847,0.0,0.0,-0.5187631,0,0
645531690,0.024101676,0.064575695,1.5554209,1e-45,0.71237177,-0.014067386,0.03145099,0.70095605,0.0,0.0,-0.5186032,0,0
645541691,0.020663755,0.06273906,1.5554209,1e-45,0.7123607,-0.014647709,0.029592283,0.7010364,0.0,0.0,-0.51857215,0,0
645551857,0.02647847,0.063220575,1.5554209,1e-45,0.7123971,-0.012745462,0.031801697,0.7009398,0.0,0.0,-0.5181946,0,0
645561655,0.021280365,0.062489886,1.5554209,1e-45,0.712367,-0.014340684,0.029719723,0.70103085,0.0,0.0,-0.51750493,0,0
645571716,0.027917027,0.05998658,1.5554209,1e-45,0.7124257,-0.011098635,0.031154858,0.7009678,0.0,0.0,-0.51771206,0,0
645581671,0.021618586,0.05621896,1.5554209,1e-45,0.71241194,-0.012020601,0.027606009,0.70111525,0.0,0.0,-0.51758415,0,0
645591684,0.032068584,0.06086158,1.5554209,1e-45,0.71244276,-0.009926718,0.03292124,0.7008874,0.0,0.0,-0.5184217,0,0
645601689,0.02411245,0.05656055,1.5554209,1e-45,0.7124244,-0.011252086,0.028601823,0.70107543,0.0,0.0,-0.51690906,0,0
645611685,0.032503743,0.06430549,1.5554209,1e-45,0.7124261,-0.0109797865,0.03429929,0.70082235,0.0,0.0,-0.51832134,0,0
645621706,0.020598572,0.06250424,1.5554209,1e-45,0.712362,-0.014588562,0.02948585,0.70104074,0.0,0.0,-0.51665676,0,0
645631716,0.026050933,0.06198542,1.5554209,1e-45,0.7124025,-0.012464494,0.031212246,0.70096576,0.0,0.0,-0.51761556,0,0
645641664,0.017409444,0.06528896,1.5554209,1e-45,0.71231467,-0.016701138,0.029359227,0.70104706,0.0,0.0,-0.51680726,0,0
645651826,0.020787382,0.05697379,1.5554209,1e-45,0.71240205,-0.01258145,0.027583338,0.70111644,0.0,0.0,-0.51698244,0,0
645661678,0.023494214,0.06412885,1.5554209,1e-45,0.7123707,-0.014127021,0.031079048,0.7009726,0.0,0.0,-0.51753074,0,0
645671698,0.023784725,0.055253968,1.5554209,1e-45,0.7124301,-0.0109105,0.02802183,0.70109844,0.0,0.0,-0.5171667,0,0
645681698,0.031460043,0.06177018,1.5554209,1e-45,0.71243477,-0.010462217,0.03303133,0.70088243,0.0,0.0,-0.5189871,0,0
645691725,0.02617537,0.059196442,1.5554209,1e-45,0.7124206,-0.011441866,0.030263182,0.7010065,0.0,0.0,-0.5178068,0,0
645701671,0.032063805,0.06553884,1.5554209,1e-45,0.71241635,-0.011569132,0.034584012,0.7008088,0.0,0.0,-0.51866275,0,0
645711683,0.022497918,0.06499983,1.5554209,1e-45,0.712357,-0.014787377,0.031039858,0.70097464,0.0,0.0,-0.51776856,0,0
645721687,0.028414218,0.05774722,1.5554209,1e-45,0.7124407,-0.010135989,0.030532071,0.70099443,0.0,0.0,-0.5178586,0,0
645731693,0.02134054,0.06460826,1.5554209,1e-45,0.7123514,-0.015062268,0.030494832,0.7009983,0.0,0.0,-0.51801133,0,0
645741662,0.02759628,0.052928936,1.5554209,1e-45,0.71246076,-0.008737133,0.028530283,0.7010773,0.0,0.0,-0.51815295,0,0
645751885,0.032239,0.06429942,1.5554209,1e-45,0.7124247,-0.01107196,0.03420436,0.700827,0.0,0.0,-0.5195459,0,0
645761672,0.028497491,0.059302185,1.5554209,1e-45,0.71243274,-0.010651788,0.03111471,0.7009693,0.0,0.0,-0.5188134,0,0
645771688,0.03043788,0.06439946,1.5554209,1e-45,0.7124138,-0.01174863,0.033608817,0.70085585,0.0,0.0,-0.5199253,0,0
645781682,0.028740628,0.06479267,1.5554209,1e-45,0.71240103,-0.012491128,0.03315397,0.7008776,0.0,0.0,-0.51957065,0,0
645791691,0.020571724,0.064299785,1.5554209,1e-45,0.712348,-0.015227905,0.03011556,0.7010145,0.0,0.0,-0.5189027,0,0
645801664,0.030267995,0.06091711,1.5554209,1e-45,0.7124332,-0.010587601,0.032309983,0.7009157,0.0,0.0,-0.5210592,0,0
645811742,0.02881097,0.0625292,1.5554209,1e-45,0.71241575,-0.0116721,0.032373086,0.70091337,0.0,0.0,-0.5222995,0,0
645821667,0.035906862,0.0638252,1.5554209,1e-45,0.7124463,-0.0095990505,0.035320837,0.70077145,0.0,0.0,-0.526248,0,0
645831691,0.044056963,0.067551464,1.5554209,1e-45,0.71246463,-0.008002932,0.039501753,0.70054954,0.0,0.0,-0.53038156,0,0
645841697,0.04253074,0.06849909,1.5554209,1e-45,0.7124539,-0.008879045,0.039304238,0.70056105,0.0,0.0,-0.536948,0,0
645851830,0.043353103,0.06706604,1.5554209,1e-45,0.7124639,-0.008083381,0.03908253,0.70057285,0.0,0.0,-0.5454568,0,0
645861656,0.0458433,0.07069971,1.5554209,1e-45,0.7124581,-0.008470997,0.0412472,0.7004501,0.0,0.0,-0.5538629,0,0
645871714,0.04912288,0.073333666,1.5554209,1e-45,0.7124599,-0.008226714,0.0433324,0.70032525,0.0,0.0,-0.5644511,0,0
645881722,0.04994699,0.07715484,1.5554209,1e-45,0.7124455,-0.009273616,0.044979665,0.70022297,0.0,0.0,-0.5753795,0,0
645891686,0.050472613,0.08040418,1.5554209,1e-45,0.712431,-0.010226227,0.046318904,0.7001372,0.0,0.0,-0.58736587,0,0
645901687,0.05005788,0.07592031,1.5554209,1e-45,0.71245193,-0.008801044,0.044579547,0.7002481,0.0,0.0,-0.6003608,0,0
645911683,0.050188832,0.07825693,1.5554209,1e-45,0.712441,-0.009574077,0.045456167,0.70019263,0.0,0.0,-0.61462265,0,0
645921668,0.0494014,0.08115794,1.5554209,1e-45,0.7124212,-0.01087222,0.046211865,0.7001445,0.0,0.0,-0.63010556,0,0
645931721,0.04950875,0.080378495,1.5673143,1e-45,0.70825,-0.010833757,0.045908738,0.7043841,0.0,0.0,-0.64593476,0,0
645941695,0.045452647,0.07832008,1.5673143,1e-45,0.70823896,-0.0115437135,0.043752506,0.70452106,0.0,0.0,-0.6619514,0,0
645951822,0.041071627,0.07665323,1.5827438,1e-45,0.7027656,-0.012827599,0.0415221,0.7100929,0.0,0.0,-0.67836356,0,0
645961679,0.038264353,0.07533039,1.5827438,1e-45,0.7027555,-0.013343625,0.04006122,0.7101772,0.0,0.0,-0.69514227,0,0
645971696,0.03600195,0.074935585,1.6021247,1e-45,0.6958273,-0.014376604,0.038981825,0.7170064,0.0,0.0,-0.7125752,0,0
645981663,0.031549755,0.07279445,1.6021247,1e-45,0.69580895,-0.015156968,0.0366416,0.71713144,0.0,0.0,-0.73040676,0,0
645991718,0.026327465,0.06949842,1.6256101,1e-45,0.68732166,-0.016184384,0.033435654,0.7254027,0.0,0.0,-0.74769557,0,0
646001678,0.02333219,0.06713381,1.6256101,1e-45,0.68731433,-0.016355343,0.031537306,0.72549087,0.0,0.0,-0.76549476,0,0
646011730,0.020724343,0.06699816,1.653115,1e-45,0.677251,-0.017620722,0.03030526,0.73491645,0.0,0.0,-0.7839027,0,0
646021686,0.01718127,0.062471632,1.653115,1e-45,0.677254,-0.017156107,0.027471438,0.7350361,0.0,0.0,-0.8019915,0,0
646031696,0.012084918,0.060455725,1.6842413,1e-45,0.6657021,-0.018526156,0.024630694,0.7455809,0.0,0.0,-0.8203882,0,0
646041663,0.009952459,0.056689706,1.6842413,1e-45,0.6657117,-0.01783154,0.022582613,0.7456541,0.0,0.0,-0.83945876,0,0
646051714,0.00031726845,0.05483713,1.7183018,1e-45,0.6528385,-0.020657595,0.018024381,0.75700086,0.0,0.0,-0.858875,0,0
646061668,-0.004561728,0.053712606,1.7183017,1e-45,0.65279716,-0.021824516,0.015810532,0.75705326,0.0,0.0,-0.8787981,0,0
646071724,-0.011783183,0.0536874,1.7540846,1e-45,0.6390649,-0.02440184,0.012634158,0.7686619,0.0,0.0,-0.8990027,0,0
646081692,-0.018329237,0.051416315,1.7540846,1e-45,0.6390087,-0.025620833,0.009392217,0.76871526,0.0,0.0,-0.9197984,0,0
646091695,-0.02525803,0.051915243,1.790549,1e-45,0.6247883,-0.028147046,0.0063764476,0.7802606,0.0,0.0,-0.9416567,0,0
646101668,-0.030917417,0.04985655,1.790549,1e-45,0.62473494,-0.029112222,0.0035248385,0.780286,0.0,0.0,-0.9631115,0,0
646111704,-0.040121842,0.05226638,1.8265531,1e-45,0.61040914,-0.03293352,9.446893e-05,0.79140127,0.0,0.0,-0.9860195,0,0
646121671,-0.04749024,0.052165534,1.8265531,1e-45,0.6102854,-0.035142284,-0.0028520243,0.7913966,0.0,0.0,-1.0,0,0
646131690,-0.05586463,0.05470105,1.8608795,1e-45,0.59641254,-0.03860125,-0.0060541364,0.80172646,0.0,0.0,-1.0,0,0
646141900,-0.062963076,0.059689566,1.8772436,1e-45,0.58958685,-0.04265272,-0.007758117,0.8065407,0.0,0.0,-0.99999994,0,0
646151803,-0.06710099,0.06361231,1.8772436,1e-45,0.58940864,-0.045451935,-0.008267381,0.806513,0.0,0.0,-1.0,0,0
646161672,-0.15145218,0.32475838,1.8772436,1e-45,0.57158923,-0.17416559,0.0350247,0.80107766,0.0,0.0,-0.88238734,0,0
646171728,0.001694476,0.49629486,1.9246168,1e-45,0.5542885,-0.20105553,0.14107041,0.7952609,0.0,0.0,-0.8853881,0,0
646181677,-0.14755885,0.6054802,1.9246168,1e-45,0.5261153,-0.2841796,0.112227984,0.7936307,0.0,0.0,-0.9415869,0,0
646191697,-0.22630388,0.5600208,1.9498929,1e-45,0.51007825,-0.2881762,0.064294755,0.807862,0.0,0.0,-0.90657663,0,0
646201716,-0.27843907,0.52763855,1.9498929,1e-45,0.50660187,-0.28892842,0.03404882,0.81161284,0.0,0.0,-0.92079544,0,0
646211701,-0.26572648,0.48973593,1.9595087,1e-45,0.50917244,-0.271144,0.027178165,0.81638587,0.0,0.0,-0.9027698,0,0
646221675,-0.22537012,0.4571288,1.9595087,1e-45,0.5181364,-0.24797814,0.03451237,0.8178327,0.0,0.0,-0.86246264,0,0
646231720,-0.16432297,0.39177912,1.9687244,1e-45,0.52767473,-0.2061198,0.040299304,0.82307345,0.0,0.0,-0.8311928,0,0
646241666,-0.15956427,0.37274155,1.9687244,1e-45,0.5297815,-0.19718425,0.036982268,0.82406443,0.0,0.0,-0.8332041,0,0
646251826,-0.15841338,0.33190313,1.9786581,1e-45,0.529084,-0.18047203,0.025234658,0.82877207,0.0,0.0,-0.83653796,0,0
646261693,-0.14970337,0.31147897,1.9786581,1e-45,0.53139067,-0.16983333,0.023220435,0.82960314,0.0,0.0,-0.8529156,0,0
646271728,-0.14605066,0.30410215,1.9851774,1e-45,0.5295239,-0.16592063,0.022163766,0.83161503,0.0,0.0,-0.8678658,0,0
646281665,-0.1490241,0.2824649,1.9851774,1e-45,0.53080535,-0.15783417,0.014995904,0.8325318,0.0,0.0,-0.88067347,0,0
646291714,-0.1919052,0.24422261,1.9852849,1e-45,0.5301413,-0.1535075,-0.013377683,0.83379054,0.0,0.0,-0.8754453,0,0
646301681,-0.21933061,0.20393772,1.9852849,1e-45,0.53104436,-0.1442352,-0.03588851,0.8342063,0.0,0.0,-0.8589215,0,0
646311691,-0.24045663,0.15234292,1.9786465,1e-45,0.5360823,-0.12881851,-0.058441408,0.8322297,0.0,0.0,-0.82999974,0,0
646321688,-0.26591286,0.11424885,1.9786465,1e-45,0.5371952,-0.11998258,-0.0795158,0.83108544,0.0,0.0,-0.79790413,0,0
646331731,-0.26675192,0.07752044,1.9685024,1e-45,0.5438674,-0.10553492,-0.08941356,0.82769305,0.0,0.0,-0.76551545,0,0
646341664,-0.25916576,0.076282166,1.9685024,1e-45,0.5443434,-0.10296198,-0.08661554,0.8280017,0.0,0.0,-0.7342894,0,0
646351850,-0.2550743,0.06634665,1.9563156,1e-45,0.550211,-0.09829179,-0.08706846,0.8246366,0.0,0.0,-0.70140404,0,0
646361681,-0.24817713,0.07554485,1.9563158,1e-45,0.54998446,-0.10016559,-0.08165991,0.8251155,0.0,0.0,-0.679502,0,0
646371691,-0.2486952,0.09352636,1.9417053,1e-45,0.55483884,-0.108233646,-0.07606734,0.8213727,0.0,0.0,-0.6654125,0,0
646381696,-0.25242856,0.12056751,1.9417053,1e-45,0.55282795,-0.1202725,-0.06996329,0.82159656,0.0,0.0,-0.66568214,0,0
646391727,-0.24753559,0.14776231,1.9265088,1e-45,0.5574571,-0.1304221,-0.059269797,0.8177523,0.0,0.0,-0.67645764,0,0
646401672,-0.23220922,0.17832239,1.9265088,1e-45,0.55628616,-0.1384839,-0.04424814,0.81817484,0.0,0.0,-0.6971117,0,0
646411723,-0.20889214,0.18360984,1.912191,1e-45,0.5633477,-0.13435909,-0.032230355,0.81458473,0.0,0.0,-0.7157501,0,0
646421669,-0.19980541,0.19775604,1.912191,1e-45,0.5629923,-0.13748288,-0.024433833,0.8145804,0.0,0.0,-0.74136096,0,0
646431691,-0.18934792,0.19640176,1.8946413,1e-45,0.57092094,-0.1341682,-0.019389767,0.80973583,0.0,0.0,-0.7743963,0,0
646441680,-0.1856799,0.19641244,1.8946413,1e-45,0.5711653,-0.13312516,-0.017901551,0.8097699,0.0,0.0,-0.8055534,0,0
646451825,-0.17226836,0.21382222,1.8811071,1e-45,0.57638747,-0.13629797,-0.006449649,0.8057038,0.0,0.0,-0.8206716,0,0
646461702,-0.15440477,0.19778042,1.881107,1e-45,0.5785631,-0.124755405,-0.0039924514,0.80603045,0.0,0.0,-0.82805145,0,0
646471711,-0.1571051,0.17037372,1.8720837,1e-45,0.58363146,-0.114663206,-0.012660274,0.8037825,0.0,0.0,-0.8303257,0,0
646481663,-0.13300689,0.151602,1.8720835,1e-45,0.58591783,-0.10013603,-0.008550435,0.8041143,0.0,0.0,-0.83123803,0,0
646491686,-0.14453642,0.121116534,1.8641077,1e-45,0.59003174,-0.09143135,-0.02187574,0.801888,0.0,0.0,-0.8306918,0,0
646501697,-0.122639865,0.09483454,1.8641077,1e-45,0.5920649,-0.074477114,-0.020938495,0.8021683,0.0,0.0,-0.8225342,0,0
646511694,-0.10508745,0.05590031,1.858615,1e-45,0.59615374,-0.053774852,-0.025362724,0.80066586,0.0,0.0,-0.8114279,0,0
646521682,-0.083001874,0.027579924,1.858615,1e-45,0.59735847,-0.03586295,-0.024993692,0.80078214,0.0,0.0,-0.79883194,0,0
646531721,-0.05156433,-0.011524544,1.8540598,1e-45,0.6001216,-0.0108654555,-0.024076415,0.7994725,0.0,0.0,-0.792095,0,0
646541657,-0.041363746,-0.02845415,1.8540598,1e-45,0.60025847,-0.0010347938,-0.025076503,0.7994122,0.0,0.0,-0.7903195,0,0
646551823,-0.018766617,-0.014874948,1.8510681,1e-45,0.60142064,0.00029883682,-0.01196912,0.7988428,0.0,0.0,-0.7864524,0,0
646561683,0.02010413,0.0055209394,1.8510681,1e-45,0.60139745,0.0038399259,0.009690936,0.79888195,0.0,0.0,-0.78624654,0,0
646571675,0.045098804,0.04842131,1.8506811,1e-45,0.60166943,-0.005773532,0.032565337,0.7980603,0.0,0.0,-0.78215605,0,0
646581671,0.06451446,0.11986452,1.8506811,1e-45,0.60171336,-0.028455343,0.06172986,0.79581445,0.0,0.0,-0.77974844,0,0
646591739,0.10846441,0.17559141,1.8523744,1e-45,0.6014908,-0.037539046,0.09577156,0.79222935,0.0,0.0,-0.7840748,0,0
646601658,0.16603404,0.22278543,1.8523746,1e-45,0.6024733,-0.039032362,0.13243733,0.786106,0.0,0.0,-0.79257953,0,0
646611688,0.21108153,0.23767962,1.8550369,1e-45,0.60227025,-0.031593766,0.15441483,0.78257805,0.0,0.0,-0.7975567,0,0
646621689,0.21921407,0.22766338,1.8550369,1e-45,0.60230494,-0.025150191,0.15468083,0.7827325,0.0,0.0,-0.79117584,0,0
646631685,0.22519863,0.19709097,1.8569795,1e-45,0.6012143,-0.011297504,0.14809753,0.78516287,0.0,0.0,-0.7909904,0,0
646641667,0.2312353,0.14569189,1.8569795,1e-45,0.6001893,0.011034305,0.13543409,0.7882313,0.0,0.0,-0.7947524,0,0
646651831,0.22262241,0.08597857,1.8570317,1e-45,0.5985884,0.032279573,0.11444862,0.79218143,0.0,0.0,-0.8039182,0,0
646661670,0.21057129,0.050364845,1.8570317,1e-45,0.597636,0.042881526,0.09912295,0.79446024,0.0,0.0,-0.8159377,0,0
646671687,0.19088376,0.018154701,1.8565115,1e-45,0.5971721,0.049868688,0.08170399,0.79638124,0.0,0.0,-0.8329958,0,0
646681695,0.17802452,-0.0050739096,1.8565115,1e-45,0.59667647,0.055291332,0.06965258,0.797539,0.0,0.0,-0.84924674,0,0
646691676,0.15849517,-0.021088883,1.856402,1e-45,0.59669286,0.055853408,0.057072137,0.79848653,0.0,0.0,-0.86352044,0,0
646701665,0.14648472,-0.030668305,1.856402,1e-45,0.59669995,0.056090195,0.049409997,0.79897535,0.0,0.0,-0.86870104,0,0
646711724,0.13407506,-0.03421494,1.856646,1e-45,0.5968267,0.053796515,0.043396406,0.7993877,0.0,0.0,-0.86906946,0,0
646721677,0.12283553,-0.021933416,1.856646,1e-45,0.5974729,0.04553819,0.042579714,0.7994619,0.0,0.0,-0.86706656,0,0
646731693,0.12449407,-0.017412635,1.8567978,1e-45,0.5975001,0.04422497,0.044598825,0.79940516,0.0,0.0,-0.8659049,0,0
646741685,0.11818128,-0.003272126,1.8567978,1e-45,0.59799284,0.036689185,0.046305533,0.79932123,0.0,0.0,-0.8621509,0,0
646751832,0.10040176,0.020232642,1.8563439,1e-45,0.59891915,0.0219831,0.04622311,0.7991721,0.0,0.0,-0.8592931,0,0
646761674,0.10047973,0.039801884,1.8563439,1e-45,0.59922373,0.01417998,0.05210419,0.7987583,0.0,0.0,-0.86061865,0,0
646771713,0.10079323,0.047435302,1.855304,1e-45,0.5997406,0.011248969,0.0545041,0.7982569,0.0,0.0,-0.86768895,0,0
646781697,0.093048394,0.0610024,1.855304,1e-45,0.59992194,0.0035009026,0.05546796,0.79812574,0.0,0.0,-0.8781901,0,0
646791711,0.085352086,0.066565156,1.853778,1e-45,0.6005815,-0.0009912703,0.05405966,0.7977333,0.0,0.0,-0.8902267,0,0
646801690,0.07494134,0.069214374,1.8537781,1e-45,0.6005809,-0.0051765162,0.05069928,0.7979383,0.0,0.0,-0.9005469,0,0
646811684,0.06136294,0.076636925,1.8518676,1e-45,0.6013039,-0.012175686,0.047514565,0.7975135,0.0,0.0,-0.9120127,0,0
646821657,0.05445516,0.08111046,1.8518676,1e-45,0.60125387,-0.016039424,0.0461008,0.79756576,0.0,0.0,-0.92093444,0,0
646831716,0.04809644,0.07609847,1.8498182,1e-45,0.6020281,-0.01590579,0.042078305,0.7972067,0.0,0.0,-0.92586005,0,0
646841661,0.035125807,0.07521007,1.8498182,1e-45,0.60191613,-0.019455178,0.03664042,0.79748094,0.0,0.0,-0.9297699,0,0
646851849,0.020858468,0.07694942,1.8479086,1e-45,0.60251075,-0.024412613,0.03149667,0.79711527,0.0,0.0,-0.9332697,0,0
646861698,0.010329363,0.078650035,1.8479086,1e-45,0.60235745,-0.02826233,0.027811725,0.79724103,0.0,0.0,-0.9358762,0,0
646871678,-0.0064991405,0.08308404,1.8464175,1e-45,0.6026328,-0.035080437,0.022464046,0.79693073,0.0,0.0,-0.9401499,0,0
646881668,-0.014421058,0.085740075,1.8464175,1e-45,0.60244775,-0.038525086,0.020108001,0.7969745,0.0,0.0,-0.9445252,0,0
646891710,-0.017506381,0.082912296,1.8454528,1e-45,0.60281783,-0.038319442,0.018044429,0.7967539,0.0,0.0,-0.9466949,0,0
646901670,-0.02572355,0.0899364,1.8454527,1e-45,0.60252774,-0.043591797,0.016890202,0.79672754,0.0,0.0,-0.9530446,0,0
646911731,-0.03284632,0.10153808,1.8449805,1e-45,0.6023134,-0.050349247,0.01756535,0.79647654,0.0,0.0,-0.9644575,0,0
646921753,-0.036138184,0.10571903,1.8449804,1e-45,0.6021343,-0.053003192,0.017516347,0.79644096,0.0,0.0,-0.9758772,0,0
646931688,-0.03450129,0.10561913,1.8448597,1e-45,0.6022278,-0.05246954,0.018141204,0.7963915,0.0,0.0,-0.9857485,0,0
646941661,-0.033854485,0.11088349,1.8448597,1e-45,0.6021233,-0.054367978,0.019987661,0.7962991,0.0,0.0,-0.99849975,0,0
646951848,-0.04214529,0.12021366,1.8449336,1e-45,0.60162246,-0.060572222,0.019500652,0.7962418,0.0,0.0,-1.0,0,0
646961660,-0.05209152,0.1322516,1.8449336,1e-45,0.60095996,-0.068343915,0.019174624,0.7961209,0.0,0.0,-1.0,0,0
646971686,-0.045252528,0.1278241,1.8453501,1e-45,0.601151,-0.0645344,0.020547178,0.7962604,0.0,0.0,-1.0,0,0
646981725,-0.0482175,0.12720692,1.8453501,1e-45,0.60107243,-0.065180376,0.019180475,0.79630107,0.0,0.0,-1.0,0,0
646991674,-0.055183806,0.13463224,1.8461128,1e-45,0.6003101,-0.070229,0.018620929,0.7964602,0.0,0.0,-1.0,0,0
647001669,-0.06381984,0.14149477,1.8461128,1e-45,0.5997714,-0.07554428,0.017252054,0.79641056,0.0,0.0,-1.0,0,0
647011721,-0.05748934,0.13345572,1.847264,1e-45,0.5998073,-0.07046377,0.01730732,0.7968479,0.0,0.0,-0.99999994,0,0
647021663,-0.05294034,0.12898962,1.847264,1e-45,0.60010135,-0.06732459,0.017773617,0.7968876,0.0,0.0,-1.0,0,0
647031693,-0.054218337,0.13685915,1.8487474,1e-45,0.5992247,-0.07084938,0.019583778,0.7971993,0.0,0.0,-1.0,0,0
647041717,-0.06283903,0.14675023,1.8487474,1e-45,0.59857917,-0.07736084,0.019126099,0.79709,0.0,0.0,-0.99999994,0,0
647051835,-0.055325523,0.14005114,1.8503186,1e-45,0.5984573,-0.07246549,0.020046618,0.7976188,0.0,0.0,-1.0,0,0
647061673,-0.043606464,0.1299709,1.8503186,1e-45,0.5991637,-0.06494654,0.021688946,0.79769325,0.0,0.0,-0.99999994,0,0
647071714,-0.045602087,0.12708329,1.8518499,1e-45,0.5985697,-0.06441043,0.019975267,0.7982272,0.0,0.0,-1.0,0,0
647081672,-0.044625934,0.13481046,1.8518499,1e-45,0.5983804,-0.06719519,0.022686198,0.7980671,0.0,0.0,-1.0,0,0
647091696,-0.04269911,0.13237077,1.8531207,1e-45,0.5980073,-0.06566167,0.022680508,0.7984744,0.0,0.0,-1.0,0,0
647101690,-0.03013845,0.12447277,1.8531207,1e-45,0.59860754,-0.058756415,0.025325088,0.7984831,0.0,0.0,-1.0,0,0
647111719,-0.028196791,0.12268161,1.8541695,1e-45,0.5982888,-0.057474483,0.025532711,0.7988087,0.0,0.0,-0.99999994,0,0
647121661,-0.030281577,0.13332514,1.8541696,1e-45,0.59795994,-0.062342536,0.027891198,0.7986109,0.0,0.0,-1.0,0,0
647131729,-0.026317377,0.13179503,1.8550388,1e-45,0.5977737,-0.060559656,0.028989105,0.7988484,0.0,0.0,-1.0,0,0
647141665,-0.015150643,0.120513424,1.8550388,1e-45,0.59834987,-0.052718457,0.030070096,0.798933,0.0,0.0,-1.0,0,0
647151786,-0.013362581,0.1193799,1.8557891,1e-45,0.5981204,-0.051742386,0.030425435,0.79915524,0.0,0.0,-1.0,0,0
647161685,-0.02140615,0.12697512,1.8557891,1e-45,0.59773487,-0.057179496,0.029485459,0.79910827,0.0,0.0,-1.0,0,0
647171710,-0.024194142,0.12577271,1.8564701,1e-45,0.597411,-0.057542305,0.02799183,0.79937816,0.0,0.0,-1.0,0,0
647181712,-0.015463588,0.11271636,1.85647,1e-45,0.5979299,-0.049718942,0.02757373,0.7995296,0.0,0.0,-0.99999994,0,0
647191733,-0.019920677,0.10472666,1.8570347,1e-45,0.5977537,-0.047865976,0.023386383,0.7999077,0.0,0.0,-1.0,0,0
647201659,-0.024974408,0.10715473,1.8570347,1e-45,0.5975802,-0.05034646,0.022091854,0.799922,0.0,0.0,-1.0,0,0
647211696,-0.03079375,0.107700706,1.8574778,1e-45,0.5972418,-0.052307535,0.019916117,0.80010587,0.0,0.0,-1.0,0,0
647221690,-0.022711257,0.099066876,1.8574778,1e-45,0.5976211,-0.0464426,0.020565806,0.8001683,0.0,0.0,-1.0,0,0
647231689,-0.019590177,0.093516394,1.8578113,1e-45,0.5976611,-0.043294173,0.020146271,0.8003255,0.0,0.0,-1.0,0,0
647241705,-0.017967088,0.09644893,1.8578113,1e-45,0.59764385,-0.04398181,0.02167311,0.800261,0.0,0.0,-1.0,0,0
647251807,-0.022990804,0.10700928,1.8580528,1e-45,0.59722555,-0.049707264,0.022816366,0.8002064,0.0,0.0,-0.99999994,0,0
647261661,-0.016158838,0.10206514,1.858053,1e-45,0.5974851,-0.045690045,0.024071136,0.8002153,0.0,0.0,-0.99999994,0,0
647271684,-0.010627025,0.099871024,1.8582562,1e-45,0.5975657,-0.043162398,0.025623875,0.80024725,0.0,0.0,-1.0,0,0
647281703,-0.006268856,0.10748538,1.8582562,1e-45,0.5975307,-0.04490559,0.02964376,0.80003864,0.0,0.0,-1.0,0,0
647291686,-0.013893675,0.117888816,1.8584198,1e-45,0.59708554,-0.05134487,0.029699288,0.79998165,0.0,0.0,-1.0,0,0
647301712,-0.0069761253,0.11995727,1.8584198,1e-45,0.5972199,-0.050106354,0.033084087,0.79982704,0.0,0.0,-0.99999994,0,0
647311758,-0.0069663404,0.11418182,1.8585168,1e-45,0.5972904,-0.04779579,0.031359974,0.7999853,0.0,0.0,-1.0,0,0
647321664,-0.008338628,0.11810541,1.8585168,1e-45,0.59718287,-0.049774405,0.031983443,0.7999202,0.0,0.0,-1.0,0,0
647331688,-0.015126514,0.122537665,1.858552,1e-45,0.5969033,-0.053573105,0.030591998,0.7999378,0.0,0.0,-0.99999994,0,0
647341698,-0.01827887,0.124676,1.858552,1e-45,0.59677076,-0.055368435,0.029970154,0.799938,0.0,0.0,-0.99999994,0,0
647351825,-0.014054814,0.11202378,1.8585194,1e-45,0.5971588,-0.04904964,0.02787937,0.80013645,0.0,0.0,-1.0,0,0
647361661,-0.02245963,0.11296005,1.8585194,1e-45,0.59692746,-0.051932964,0.024796555,0.8002286,0.0,0.0,-1.0,0,0
647371739,-0.027268006,0.113696694,1.8585106,1e-45,0.5967879,-0.053662263,0.023093086,0.8002695,0.0,0.0,-1.0,0,0
647381666,-0.038204167,0.11892934,1.8585106,1e-45,0.5963546,-0.0590152,0.020281907,0.8002917,0.0,0.0,-1.0,0,0
647391690,-0.03238257,0.11168881,1.858518,1e-45,0.5966926,-0.054385908,0.020445803,0.8003636,0.0,0.0,-1.0,0,0
647401700,-0.031953912,0.10718072,1.858518,1e-45,0.5968068,-0.052456252,0.019269079,0.8004365,0.0,0.0,-1.0,0,0
647411695,-0.039158527,0.115501836,1.858575,1e-45,0.5963875,-0.057931144,0.018872982,0.800381,0.0,0.0,-0.9896961,0,0
647421648,-0.045916114,0.12414765,1.8585749,1e-45,0.5959542,-0.06339869,0.018754844,0.8002922,0.0,0.0,-0.9963687,0,0
647431746,-0.04367759,0.12312196,1.8586804,1e-45,0.59601045,-0.062323045,0.0193405,0.8003208,0.0,0.0,-0.97602844,0,0
647441684,-0.041490115,0.1218866,1.8586804,1e-45,0.5961111,-0.06117773,0.019846378,0.8003219,0.0,0.0,-0.97866106,0,0
647451808,-0.041181006,0.12611309,1.8588268,1e-45,0.59594893,-0.06277511,0.02122942,0.80028343,0.0,0.0,-0.9635263,0,0
647461693,-0.050433643,0.13923752,1.8588268,1e-45,0.5952596,-0.07076978,0.021451943,0.80012345,0.0,0.0,-0.97299665,0,0
647471682,-0.04653775,0.13917269,1.8589774,1e-45,0.59533805,-0.069585964,0.022985872,0.8001263,0.0,0.0,-0.9564554,0,0
647481657,-0.04276912,0.13505903,1.8589774,1e-45,0.59558755,-0.066821925,0.02326379,0.8001682,0.0,0.0,-0.95845526,0,0
647491727,-0.042628545,0.13625132,1.8591257,1e-45,0.59549856,-0.06725779,0.023671476,0.8001859,0.0,0.0,-0.9501891,0,0
647501686,-0.047605745,0.14490795,1.8591257,1e-45,0.59506524,-0.072194204,0.024267858,0.8000603,0.0,0.0,-0.9566685,0,0
647511693,-0.048679147,0.1474316,1.8592746,1e-45,0.5948872,-0.073522225,0.024587348,0.80006194,0.0,0.0,-0.9472736,0,0
647521690,-0.041706093,0.14028545,1.8592746,1e-45,0.595353,-0.068595454,0.025241187,0.80013263,0.0,0.0,-0.94521,0,0
647531690,-0.04260235,0.13972819,1.8594688,1e-45,0.5952609,-0.06864219,0.024709417,0.80021375,0.0,0.0,-0.9348287,0,0
647541666,-0.046706356,0.1453337,1.8594688,1e-45,0.59494716,-0.07210073,0.024742536,0.800142,0.0,0.0,-0.938456,0,0
647551856,-0.0499185,0.1491822,1.8597146,1e-45,0.59460926,-0.07459462,0.0245984,0.800169,0.0,0.0,-0.9312716,0,0
647561690,-0.044153873,0.14077908,1.8597146,1e-45,0.5950778,-0.06952644,0.024394142,0.80028325,0.0,0.0,-0.9293335,0,0
647571702,-0.040779363,0.13824062,1.8599671,1e-45,0.59516686,-0.06751189,0.024977485,0.8003716,0.0,0.0,-0.9223355,0,0
647581698,-0.04877981,0.14770661,1.8599671,1e-45,0.5945977,-0.07367042,0.024603775,0.80026305,0.0,0.0,-0.928329,0,0
647591696,-0.04844781,0.1519632,1.8602146,1e-45,0.5943745,-0.07527339,0.025998857,0.8002356,0.0,0.0,-0.9269288,0,0
647601653,-0.04629362,0.14998978,1.8602146,1e-45,0.59451795,-0.0738456,0.02627142,0.80025315,0.0,0.0,-0.92884624,0,0
647611723,-0.04247162,0.14647016,1.8604306,1e-45,0.5946793,-0.07130728,0.026741935,0.8003478,0.0,0.0,-0.9255517,0,0
647621667,-0.048793577,0.15461664,1.8604306,1e-45,0.59418845,-0.07643773,0.026644714,0.800242,0.0,0.0,-0.932473,0,0
647631723,-0.04964457,0.16352537,1.8606133,1e-45,0.59378296,-0.08024683,0.02895689,0.80008984,0.0,0.0,-0.9324229,0,0
647641694,-0.042679287,0.16019864,1.8606133,1e-45,0.59416753,-0.0768511,0.030750306,0.80007076,0.0,0.0,-0.9333482,0,0
647651823,-0.041628674,0.158493,1.8607808,1e-45,0.5941956,-0.07586089,0.03065519,0.8001481,0.0,0.0,-0.92858106,0,0
647661662,-0.04257114,0.16382077,1.8607808,1e-45,0.5939864,-0.0782668,0.031867996,0.80002433,0.0,0.0,-0.93197155,0,0
647671702,-0.050418124,0.17077349,1.8609139,1e-45,0.59337795,-0.08337127,0.03079847,0.80000216,0.0,0.0,-0.93319505,0,0
647681669,-0.04522461,0.1641404,1.8609139,1e-45,0.59381807,-0.07918435,0.03089666,0.80009705,0.0,0.0,-0.93219936,0,0
647691723,-0.042631324,0.15919805,1.8610471,1e-45,0.59402823,-0.07644419,0.030454276,0.8002245,0.0,0.0,-0.9289206,0,0
647701712,-0.043057464,0.15681072,1.8610471,1e-45,0.59408873,-0.07561793,0.02957142,0.8002912,0.0,0.0,-0.931093,0,0
647711693,-0.04731548,0.1636208,1.8611668,1e-45,0.59365135,-0.07960163,0.029895063,0.80021745,0.0,0.0,-0.9362836,0,0
647721662,-0.048625104,0.16423492,1.8611668,1e-45,0.5935781,-0.080235325,0.02955432,0.80022115,0.0,0.0,-0.9392851,0,0
647731714,-0.044353098,0.16098297,1.861218,1e-45,0.59383535,-0.077670425,0.03029133,0.8002557,0.0,0.0,-0.94412273,0,0
647741673,-0.04411867,0.15537834,1.861218,1e-45,0.5940261,-0.075363904,0.028712902,0.80039287,0.0,0.0,-0.9457162,0,0
647751819,-0.04601948,0.16156429,1.8612158,1e-45,0.59375197,-0.07839712,0.029798089,0.80026543,0.0,0.0,-0.9573674,0,0
647761721,-0.046062075,0.1660341,1.8612158,1e-45,0.5936,-0.080193125,0.031114604,0.8001501,0.0,0.0,-0.9617375,0,0
647771680,-0.041533995,0.16617171,1.861101,1e-45,0.5938214,-0.07890199,0.03297167,0.8000397,0.0,0.0,-0.9692376,0,0
647781660,-0.03859135,0.1622507,1.861101,1e-45,0.5940631,-0.07646342,0.03297923,0.80009675,0.0,0.0,-0.9684837,0,0
647791719,-0.038427956,0.16272715,1.8609661,1e-45,0.5941081,-0.07660281,0.033191882,0.80004126,0.0,0.0,-0.9770802,0,0
647801657,-0.044410616,0.17245102,1.8609661,1e-45,0.59354705,-0.082258426,0.03369963,0.79987484,0.0,0.0,-0.981223,0,0
647811691,-0.040459655,0.17460878,1.8608252,1e-45,0.5936914,-0.081943795,0.035929013,0.7997029,0.0,0.0,-0.99001694,0,0
647821714,-0.04166011,0.16969666,1.8608252,1e-45,0.5938091,-0.08034104,0.03398372,0.7998632,0.0,0.0,-0.98876566,0,0
647831718,-0.040358838,0.1686814,1.8606856,1e-45,0.59395087,-0.079547286,0.03420683,0.7998278,0.0,0.0,-0.9962573,0,0
647841675,-0.051028084,0.17596096,1.8606856,1e-45,0.59325683,-0.085616566,0.032112196,0.7998031,0.0,0.0,-0.99999994,0,0
647851853,-0.05182148,0.18181568,1.8605317,1e-45,0.5930676,-0.08818233,0.03354882,0.7996057,0.0,0.0,-0.99999994,0,0
647861670,-0.052479997,0.1742047,1.8605317,1e-45,0.5933203,-0.085344866,0.031013984,0.7998284,0.0,0.0,-1.0,0,0
647871682,-0.052853666,0.16874604,1.860313,1e-45,0.593589,-0.08327671,0.029244136,0.7999137,0.0,0.0,-0.99999994,0,0
647881682,-0.056249883,0.17143932,1.860313,1e-45,0.59334815,-0.08535792,0.028690007,0.79989296,0.0,0.0,-1.0,0,0
647891731,-0.054534487,0.17529857,1.860016,1e-45,0.59339815,-0.08638235,0.03054115,0.7996775,0.0,0.0,-0.99999994,0,0
647901659,-0.05191752,0.17035367,1.860016,1e-45,0.59368944,-0.08363521,0.030110959,0.7997695,0.0,0.0,-1.0,0,0
647911708,-0.045241468,0.17058977,1.8598393,1e-45,0.5940278,-0.081744224,0.03285814,0.79960555,0.0,0.0,-1.0,0,0
647921659,-0.043501023,0.17130423,1.8598393,1e-45,0.5940743,-0.08151209,0.033767246,0.799557,0.0,0.0,-0.99999994,0,0
647931688,-0.042373873,0.17474814,1.8597153,1e-45,0.5940516,-0.082548015,0.035250973,0.79940355,0.0,0.0,-0.99999994,0,0
647941689,-0.03860346,0.17344338,1.8597153,1e-45,0.59425014,-0.08090778,0.036368534,0.79937357,0.0,0.0,-1.0,0,0
647951847,-0.04105607,0.17518067,1.8595988,1e-45,0.59413767,-0.08232689,0.035911594,0.79933286,0.0,0.0,-0.99999994,0,0
647961683,-0.04004699,0.1754779,1.8595988,1e-45,0.5941689,-0.082145594,0.03640361,0.79930604,0.0,0.0,-1.0,0,0
647971714,-0.04152999,0.17605892,1.8594072,1e-45,0.5941644,-0.08281427,0.035992283,0.79925907,0.0,0.0,-1.0,0,0
647981662,-0.04103722,0.17646475,1.8594072,1e-45,0.59417075,-0.08282962,0.036310364,0.7992383,0.0,0.0,-1.0,0,0
647991691,-0.047785863,0.1794883,1.8592426,1e-45,0.5938445,-0.086035766,0.03452325,0.79922134,0.0,0.0,-1.0,0,0
648001680,-0.05167862,0.1832008,1.8592426,1e-45,0.5935371,-0.08866984,0.034076437,0.799181,0.0,0.0,-1.0,0,0
648011693,-0.052192584,0.18121813,1.8591213,1e-45,0.59363735,-0.08803087,0.033284217,0.79921055,0.0,0.0,-0.99999994,0,0
648021697,-0.055016406,0.18267603,1.8591213,1e-45,0.59345686,-0.08944936,0.03259131,0.7992157,0.0,0.0,-0.99999994,0,0
648031709,-0.05921073,0.18292114,1.8589975,1e-45,0.5933079,-0.09078937,0.030994015,0.7992386,0.0,0.0,-1.0,0,0
648041666,-0.060525827,0.18139926,1.8589975,1e-45,0.5933078,-0.09057379,0.030013666,0.7993006,0.0,0.0,-0.99773127,0,0
648051816,-0.060060658,0.17733113,1.8588476,1e-45,0.59354645,-0.088814236,0.028990433,0.79935855,0.0,0.0,-0.997667,0,0
648061688,-0.060888257,0.17387645,1.8588476,1e-45,0.5936422,-0.08768449,0.027626954,0.79946053,0.0,0.0,-0.9948772,0,0
648071699,-0.062589824,0.17065765,1.8586428,1e-45,0.59377223,-0.08690529,0.025993349,0.7995038,0.0,0.0,-0.9994418,0,0
648081692,-0.06095785,0.16715209,1.8586427,1e-45,0.593974,-0.08502476,0.025597518,0.7995689,0.0,0.0,-1.0,0,0
648091734,-0.060102005,0.16568047,1.8584539,1e-45,0.5941401,-0.08418202,0.025507575,0.79953754,0.0,0.0,-1.0,0,0
648101669,-0.05801971,0.16510952,1.8584539,1e-45,0.5942482,-0.08333597,0.026169254,0.7995245,0.0,0.0,-0.99999994,0,0
648111697,-0.054556094,0.16671039,1.8582252,1e-45,0.5944258,-0.08294128,0.028041972,0.79937,0.0,0.0,-1.0,0,0
648121691,-0.05076779,0.1685782,1.8582252,1e-45,0.59451616,-0.08255927,0.030114472,0.7992669,0.0,0.0,-1.0,0,0
648131688,-0.04673371,0.17276846,1.8579248,1e-45,0.5946556,-0.0830243,0.03299151,0.79900146,0.0,0.0,-1.0,0,0
648141671,-0.042594876,0.17704032,1.8579248,1e-45,0.59467816,-0.083495125,0.03592161,0.7988091,0.0,0.0,-1.0,0,0
648151869,-0.03672457,0.17999151,1.857571,1e-45,0.59496164,-0.08291796,0.039162416,0.7985058,0.0,0.0,-1.0,0,0
648161669,-0.03162386,0.18348089,1.857571,1e-45,0.5950543,-0.0827902,0.04224106,0.79829305,0.0,0.0,-1.0,0,0
648171689,-0.027707804,0.18744597,1.8572469,1e-45,0.5952128,-0.08319692,0.045001518,0.79798174,0.0,0.0,-1.0,0,0
648181695,-0.024802327,0.19086057,1.857247,1e-45,0.5952196,-0.08369193,0.047180247,0.797799,0.0,0.0,-1.0,0,0
648191696,-0.02336726,0.19341363,1.8570199,1e-45,0.5952848,-0.084275916,0.04852438,0.79760826,0.0,0.0,-1.0,0,0
648201652,-0.0235059,0.19505881,1.8570199,1e-45,0.59522355,-0.08497215,0.04896023,0.7975535,0.0,0.0,-0.99999994,0,0
648211736,-0.025045827,0.19585067,1.8568496,1e-45,0.59519875,-0.08574148,0.04858985,0.7975123,0.0,0.0,-1.0,0,0
648221704,-0.027838597,0.1950541,1.8568496,1e-45,0.5951062,-0.08625551,0.047238275,0.7976071,0.0,0.0,-0.99999994,0,0
648231687,-0.031568646,0.19280386,1.8566874,1e-45,0.59508824,-0.08646611,0.045085475,0.7977224,0.0,0.0,-1.0,0,0
648241690,-0.036300424,0.18993218,1.8566874,1e-45,0.594985,-0.08673113,0.04233981,0.797921,0.0,0.0,-1.0,0,0
648251815,-0.03991615,0.18466115,1.8565266,1e-45,0.595081,-0.085706025,0.0393283,0.79811424,0.0,0.0,-1.0,0,0
648261662,-0.043472182,0.179129,1.8565266,1e-45,0.5951261,-0.08456245,0.036254548,0.79834807,0.0,0.0,-1.0,0,0
648271711,-0.04719307,0.17396553,1.8563591,1e-45,0.59521955,-0.083611645,0.033231318,0.7985101,0.0,0.0,-1.0,0,0
648281698,-0.05015772,0.16986008,1.8563591,1e-45,0.5952416,-0.08285984,0.030818837,0.7986688,0.0,0.0,-0.99999994,0,0
648291691,-0.052367106,0.1667849,1.8561999,1e-45,0.59532285,-0.08229095,0.029022487,0.79873437,0.0,0.0,-1.0,0,0
648301674,-0.052753255,0.16503578,1.8561999,1e-45,0.59536874,-0.081709616,0.028344557,0.7987842,0.0,0.0,-1.0,0,0
648311688,-0.052395884,0.16494834,1.85604,1e-45,0.5954503,-0.081566155,0.02846762,0.79873365,0.0,0.0,-0.99999994,0,0
648321672,-0.050859474,0.16687745,1.85604,1e-45,0.5954453,-0.08187665,0.029658826,0.7986623,0.0,0.0,-0.99999994,0,0
648331710,-0.048466507,0.16993973,1.8558983,1e-45,0.59549266,-0.08238092,0.031537004,0.7985032,0.0,0.0,-0.99999994,0,0
648341697,-0.045342885,0.17422464,1.8558983,1e-45,0.5954715,-0.08315628,0.034066696,0.79833466,0.0,0.0,-1.0,0,0
648351844,-0.0401786,0.17779478,1.8557941,1e-45,0.5956032,-0.083037525,0.037200592,0.79810876,0.0,0.0,-1.0,0,0
648361682,-0.03495439,0.18127292,1.8557941,1e-45,0.5957004,-0.0828659,0.040325638,0.79790235,0.0,0.0,-1.0,0,0
648371697,-0.02950469,0.18430248,1.855699,1e-45,0.5958612,-0.0824463,0.04340945,0.79766387,0.0,0.0,-1.0,0,0
648381660,-0.024363266,0.18670449,1.855699,1e-45,0.59599286,-0.08187042,0.04617787,0.7974693,0.0,0.0,-1.0,0,0
648391718,-0.019757854,0.18833463,1.8555793,1e-45,0.5961754,-0.08114389,0.048506048,0.7972689,0.0,0.0,-0.99999994,0,0
648401659,-0.0155695,0.18836625,1.8555793,1e-45,0.596343,-0.07990781,0.050185017,0.79716456,0.0,0.0,-0.99999994,0,0
648411712,-0.01276546,0.18740197,1.8554317,1e-45,0.59654284,-0.078683905,0.051020373,0.7970838,0.0,0.0,-0.99999994,0,0
648421685,-0.010507188,0.18526956,1.8554317,1e-45,0.59669524,-0.077161066,0.05128336,0.79710156,0.0,0.0,-1.0,0,0
648431679,-0.009221803,0.1824376,1.8552978,1e-45,0.5968812,-0.07564616,0.050954703,0.79712874,0.0,0.0,-1.0,0,0
648441667,-0.00867123,0.17871274,1.8552978,1e-45,0.5970091,-0.07399803,0.05006119,0.79724425,0.0,0.0,-1.0,0,0
648451852,-0.00828073,0.1737437,1.8552114,1e-45,0.59719735,-0.07189949,0.048735015,0.7973774,0.0,0.0,-1.0,0,0
648461665,-0.008459572,0.16967835,1.8552114,1e-45,0.5973023,-0.07033281,0.047448527,0.79751617,0.0,0.0,-1.0,0,0
648471719,-0.008754312,0.16605212,1.855171,1e-45,0.59740555,-0.06897461,0.046248276,0.797628,0.0,0.0,-0.99999994,0,0
648481702,-0.00980709,0.16364045,1.855171,1e-45,0.59743345,-0.068327755,0.04510726,0.797728,0.0,0.0,-1.0,0,0
648491692,-0.011525947,0.16261916,1.8551325,1e-45,0.5974172,-0.06843324,0.044117533,0.7977865,0.0,0.0,-1.0,0,0
648501653,-0.012840632,0.16244687,1.8551325,1e-45,0.5973767,-0.06875725,0.04354157,0.7978206,0.0,0.0,-0.99999994,0,0
648511711,-0.013839521,0.16296868,1.8550826,1e-45,0.597348,-0.0692625,0.043300908,0.7978115,0.0,0.0,-1.0,0,0
648521660,-0.014695868,0.16410278,1.8550826,1e-45,0.5972872,-0.069970265,0.043298546,0.7977954,0.0,0.0,-0.99999994,0,0
648531681,-0.015220088,0.16590917,1.8550309,1e-45,0.5972393,-0.07084555,0.043631606,0.79773575,0.0,0.0,-1.0,0,0
648541715,-0.015335139,0.1678357,1.8550309,1e-45,0.5971812,-0.07164756,0.044161975,0.7976786,0.0,0.0,-1.0,0,0
648551809,-0.013945671,0.16768943,1.8549832,1e-45,0.5972539,-0.07117333,0.04467408,0.79763794,0.0,0.0,-1.0,0,0
648561677,-0.012148462,0.1675762,1.8549832,1e-45,0.59732074,-0.07059148,0.045356963,0.7976012,0.0,0.0,-1.0,0,0
648571722,-0.01005364,0.16681167,1.8549654,1e-45,0.5974221,-0.0696607,0.04596435,0.79757226,0.0,0.0,-1.0,0,0
648581649,-0.0075062993,0.16501199,1.8549653,1e-45,0.5975578,-0.06818241,0.046442024,0.7975708,0.0,0.0,-0.99999994,0,0
648591699,-0.005215511,0.16291466,1.8549695,1e-45,0.59768754,-0.06666193,0.046728287,0.79758537,0.0,0.0,-1.0,0,0
648601711,-0.002639395,0.16060497,1.8549695,1e-45,0.5978301,-0.0649711,0.047065016,0.7975982,0.0,0.0,-0.99999994,0,0
648611701,0.00029666026,0.15800051,1.8550081,1e-45,0.59797144,-0.06305568,0.047455993,0.79762286,0.0,0.0,-1.0,0,0
648621666,0.003268958,0.155608,1.8550081,1e-45,0.5981192,-0.061212625,0.047926094,0.79762745,0.0,0.0,-0.99999994,0,0
648631708,0.0060553043,0.15394352,1.8550612,1e-45,0.5982193,-0.05971656,0.04853815,0.7976288,0.0,0.0,-1.0,0,0
648641663,0.009331591,0.15260248,1.8550612,1e-45,0.59834456,-0.05820144,0.049443904,0.7975912,0.0,0.0,-1.0,0,0
648651815,0.013261915,0.15022767,1.8550886,1e-45,0.59849447,-0.056078456,0.050300743,0.7975772,0.0,0.0,-1.0,0,0
648661681,0.016723612,0.14908941,1.8550886,1e-45,0.59861237,-0.054588158,0.051341042,0.7975258,0.0,0.0,-1.0,0,0
648671721,0.020217968,0.14861114,1.855118,1e-45,0.5987038,-0.053352058,0.052590717,0.7974594,0.0,0.0,-1.0,0,0
648681659,0.023295619,0.14866456,1.855118,1e-45,0.59878427,-0.05245202,0.053833757,0.7973758,0.0,0.0,-0.99999994,0,0
648691713,0.026117753,0.1490907,1.8551376,1e-45,0.59884256,-0.05177772,0.05508562,0.7972906,0.0,0.0,-0.99999994,0,0
648701652,0.028313214,0.1500001,1.8551376,1e-45,0.5988838,-0.051483385,0.05623234,0.7971986,0.0,0.0,-1.0,0,0
648711690,0.029672142,0.15083888,1.8551811,1e-45,0.5988874,-0.05141257,0.0570233,0.79714423,0.0,0.0,-0.99999994,0,0
648721691,0.030596763,0.15115267,1.8551811,1e-45,0.5989059,-0.051260963,0.057485502,0.7971069,0.0,0.0,-1.0,0,0
648731705,0.03072205,0.15167741,1.8552493,1e-45,0.59887326,-0.05143493,0.057690337,0.7971055,0.0,0.0,-1.0,0,0
648741680,0.030022837,0.15174766,1.8552493,1e-45,0.59885406,-0.05167233,0.05743262,0.79712313,0.0,0.0,-1.0,0,0
648751833,0.029366422,0.1493355,1.8553228,1e-45,0.59884804,-0.05090788,0.056448985,0.79724705,0.0,0.0,-1.0,0,0
648761656,0.028012276,0.14658062,1.8553228,1e-45,0.5988591,-0.050213356,0.0550866,0.7973782,0.0,0.0,-0.99999994,0,0
648771692,0.026365615,0.14369114,1.8554469,1e-45,0.5988156,-0.049555924,0.05356404,0.79755574,0.0,0.0,-1.0,0,0
648781684,0.025138523,0.13990949,1.8554469,1e-45,0.5988465,-0.048413094,0.051945128,0.7977097,0.0,0.0,-0.99999994,0,0
648791687,0.024334652,0.13598703,1.855563,1e-45,0.5988427,-0.047090072,0.050449897,0.7978878,0.0,0.0,-0.99999994,0,0
648801697,0.023458533,0.13254453,1.855563,1e-45,0.5988751,-0.045977294,0.04907177,0.7980143,0.0,0.0,-0.99999994,0,0
648811717,-0.035847757,0.12659393,1.3988593,1e-45,0.76282454,-0.05440298,0.036879994,0.6432565,0.0,0.0,-1.0,0,0
648821671,-0.033803668,0.124565996,1.3988593,1e-45,0.7629395,-0.05297274,0.036762457,0.64324623,0.0,0.0,-0.99999994,0,0
648831682,-0.0317341,0.12399409,1.3988593,1e-45,0.7630104,-0.05199974,0.037209515,0.64321584,0.0,0.0,-1.0,0,0
648841695,-0.029561305,0.12472841,1.3988593,1e-45,0.7630455,-0.051406402,0.03818888,0.6431645,0.0,0.0,-1.0,0,0
648851785,-0.026891412,0.12572154,1.3988593,1e-45,0.76308537,-0.050706442,0.039426908,0.6430981,0.0,0.0,-0.9998344,0,0
648861698,-0.024304673,0.1280911,1.3988593,1e-45,0.7630836,-0.05047989,0.041163933,0.6430092,0.0,0.0,-0.9979354,0,0
648871730,-0.02189612,0.13130301,1.3988593,1e-45,0.7630529,-0.050591674,0.043165233,0.6429056,0.0,0.0,-0.99714303,0,0
648881650,-0.019600917,0.1348259,1.3988593,1e-45,0.7630097,-0.050846506,0.04524857,0.6427934,0.0,0.0,-0.9973494,0,0
648891690,-0.017024377,0.13814147,1.3988593,1e-45,0.7629791,-0.050927483,0.047342792,0.64267254,0.0,0.0,-0.9982978,0,0
648901687,-0.014425955,0.14115213,1.3988593,1e-45,0.7629573,-0.050902314,0.049327265,0.6425512,0.0,0.0,-0.9999799,0,0
648911689,-0.01263867,0.14352441,1.3988593,1e-45,0.7629331,-0.050981734,0.050807133,0.6424583,0.0,0.0,-1.0,0,0
648921671,-0.010315439,0.14518347,1.3988593,1e-45,0.76294327,-0.05062787,0.05218669,0.6423636,0.0,0.0,-1.0,0,0
648931740,-0.008542302,0.14546958,1.3988593,1e-45,0.7629795,-0.05004327,0.052865375,0.6423109,0.0,0.0,-0.99999994,0,0
648941663,-0.007605399,0.14497739,1.3988593,1e-45,0.7630171,-0.049527884,0.0529784,0.6422968,0.0,0.0,-1.0,0,0
648951789,-0.006363979,0.14230832,1.3988593,1e-45,0.76312375,-0.048197567,0.05235831,0.6423222,0.0,0.0,-1.0,0,0
648961689,-0.0056028827,0.13852715,1.3988593,1e-45,0.7632469,-0.04669332,0.051159382,0.6423836,0.0,0.0,-1.0,0,0
648971682,-0.0051831244,0.13463917,1.3988593,1e-45,0.76336145,-0.045284815,0.049809895,0.6424544,0.0,0.0,-0.99992603,0,0
648981659,-0.0050516324,0.13104455,1.3988593,1e-45,0.7634586,-0.04408033,0.04847966,0.6425244,0.0,0.0,-0.9982408,0,0
648991739,-0.004899685,0.12752888,1.3988593,1e-45,0.7635516,-0.04289325,0.047185995,0.6425905,0.0,0.0,-0.9971636,0,0
649001652,-0.0051581473,0.124772295,1.3988593,1e-45,0.76361483,-0.042106546,0.04605023,0.6426499,0.0,0.0,-0.9969844,0,0
649011688,-0.0062391576,0.12302748,1.3988593,1e-45,0.76363504,-0.04195885,0.045036465,0.6427074,0.0,0.0,-0.9980943,0,0
649021696,-0.0065024165,0.12171153,1.3988593,1e-45,0.7636616,-0.04163667,0.04444924,0.64273757,0.0,0.0,-1.0,0,0
649031675,-0.0067326087,0.12086775,1.3988593,1e-45,0.76367736,-0.041453525,0.044052962,0.6427581,0.0,0.0,-0.99999994,0,0
649041666,-0.0069855438,0.121586986,1.3988593,1e-45,0.76365465,-0.04178113,0.044246398,0.6427506,0.0,0.0,-0.99999994,0,0
649051812,-0.007411236,0.12245876,1.3988593,1e-45,0.76362437,-0.042223684,0.044442575,0.642744,0.0,0.0,-1.0,0,0
649061694,-0.006823275,0.12359085,1.3988593,1e-45,0.7636089,-0.04236282,0.045063924,0.64271003,0.0,0.0,-1.0,0,0
649071689,-0.005416351,0.12411013,1.3988593,1e-45,0.7636257,-0.04199244,0.04571437,0.6426684,0.0,0.0,-1.0,0,0
649081687,-0.0044243056,0.12566788,1.3988593,1e-45,0.76360816,-0.042114023,0.04662805,0.6426157,0.0,0.0,-1.0,0,0
649091684,-0.0031336914,0.12728572,1.3988593,1e-45,0.7635953,-0.04214092,0.047660526,0.64255345,0.0,0.0,-0.99999994,0,0
649101679,-0.00077997387,0.1277572,1.3988593,1e-45,0.7636327,-0.041393705,0.048596717,0.64248735,0.0,0.0,-1.0,0,0
649111715,0.0015262802,0.12800008,1.3988593,1e-45,0.7636741,-0.040591132,0.04943029,0.6424258,0.0,0.0,-1.0,0,0
649121685,0.0034825024,0.128005,1.3988593,1e-45,0.7637133,-0.03984573,0.050060503,0.6423771,0.0,0.0,-1.0,0,0
649131684,0.0063108588,0.12762366,1.3988593,1e-45,0.7637778,-0.038643148,0.05082332,0.6423139,0.0,0.0,-1.0,0,0
649141687,0.008664585,0.12707941,1.3988593,1e-45,0.7638353,-0.037569366,0.051371433,0.6422658,0.0,0.0,-0.99999994,0,0
649151795,0.010508798,0.12574337,1.3988593,1e-45,0.7638996,-0.03643564,0.051453643,0.6422479,0.0,0.0,-1.0,0,0
649161670,0.012656584,0.12461845,1.3988593,1e-45,0.7639629,-0.035253722,0.051713917,0.6422176,0.0,0.0,-1.0,0,0
649171711,0.014621732,0.12331189,1.3988593,1e-45,0.76402515,-0.03408308,0.05184618,0.6421962,0.0,0.0,-1.0,0,0
649181650,0.015620185,0.122648865,1.3988593,1e-45,0.76405597,-0.03348852,0.05191369,0.6421853,0.0,0.0,-1.0,0,0
649191725,0.01662428,0.12208888,1.3988593,1e-45,0.7640843,-0.0329249,0.052022338,0.642172,0.0,0.0,-1.0,0,0
649201687,0.017182354,0.12192779,1.3988593,1e-45,0.76409674,-0.032659903,0.052140035,0.64216113,0.0,0.0,-1.0,0,0
649211684,0.017604528,0.12185193,1.3988593,1e-45,0.7641052,-0.032474227,0.05224663,0.6421519,0.0,0.0,-0.99999994,0,0
649221663,0.01725432,0.12210281,1.3988593,1e-45,0.7640943,-0.032688677,0.052229952,0.64215523,0.0,0.0,-1.0,0,0
649231713,0.016695159,0.122115076,1.3988593,1e-45,0.7640849,-0.032906245,0.052055098,0.6421696,0.0,0.0,-1.0,0,0
649241666,0.016463948,0.121863194,1.3988593,1e-45,0.7640863,-0.032913603,0.05188471,0.6421813,0.0,0.0,-1.0,0,0
649251829,0.01574247,0.120843455,1.3988593,1e-45,0.7640955,-0.032861423,0.051263772,0.6422229,0.0,0.0,-0.99999994,0,0
649261687,0.014929865,0.119494796,1.3988593,1e-45,0.7641098,-0.032738317,0.050487973,0.6422736,0.0,0.0,-1.0,0,0
649271690,0.014711678,0.11763857,1.3988593,1e-45,0.76414394,-0.03222493,0.049709227,0.6423198,0.0,0.0,-0.99999994,0,0
649281655,0.014691337,0.11586449,1.3988593,1e-45,0.764179,-0.031662337,0.049025346,0.6423586,0.0,0.0,-1.0,0,0
649291714,0.014451524,0.11407706,1.3988593,1e-45,0.7642103,-0.0311793,0.048265833,0.64240247,0.0,0.0,-1.0,0,0
649301659,0.0149266,0.11207179,1.3988593,1e-45,0.76425624,-0.030353017,0.04765272,0.64243317,0.0,0.0,-0.99999994,0,0
649311692,0.016290259,0.110076636,1.3988593,1e-45,0.76431394,-0.029190361,0.04732888,0.64244235,0.0,0.0,-0.99999994,0,0
649321722,0.017181246,0.10835968,1.3988593,1e-45,0.7643579,-0.028297719,0.046959423,0.642457,0.0,0.0,-1.0,0,0
649331680,0.018710433,0.10711415,1.3988593,1e-45,0.7644013,-0.027312726,0.046974987,0.64244694,0.0,0.0,-1.0,0,0
649341664,0.020799303,0.10627592,1.3988593,1e-45,0.7644437,-0.026244745,0.047325876,0.6424153,0.0,0.0,-1.0,0,0
649351821,0.022647103,0.10526077,1.3988593,1e-45,0.76448447,-0.025211936,0.047531735,0.6423928,0.0,0.0,-1.0,0,0
649361649,0.024361549,0.105209924,1.3988593,1e-45,0.76450664,-0.024540246,0.04806298,0.642353,0.0,0.0,-0.99999994,0,0
649371693,0.026503671,0.105777,1.3988593,1e-45,0.76452345,-0.023903815,0.048967473,0.64228874,0.0,0.0,-1.0,0,0
649381715,0.028423723,0.10688536,1.3988593,1e-45,0.7645285,-0.023526397,0.05000722,0.6422164,0.0,0.0,-0.99999994,0,0
649391687,0.029693145,0.108629875,1.3988593,1e-45,0.7645157,-0.023602333,0.051080793,0.6421445,0.0,0.0,-1.0,0,0
649401663,0.031129338,0.11061918,1.3988593,1e-45,0.7645007,-0.023693284,0.052301247,0.64206064,0.0,0.0,-1.0,0,0
649411711,0.03251966,0.11238109,1.3988593,1e-45,0.76448864,-0.023728618,0.053420033,0.64198154,0.0,0.0,-1.0,0,0
649421669,0.033287916,0.11395363,1.3988593,1e-45,0.76447207,-0.023940828,0.054266766,0.6419224,0.0,0.0,-1.0,0,0
649431683,0.03380224,0.114984065,1.3988593,1e-45,0.7644613,-0.024075711,0.054825068,0.64188284,0.0,0.0,-1.0,0,0
649441700,0.03426607,0.11513572,1.3988593,1e-45,0.7644643,-0.02394721,0.055031803,0.6418662,0.0,0.0,-1.0,0,0
649451822,0.034417324,0.113433614,1.3988593,1e-45,0.76449394,-0.023341835,0.054430805,0.64190453,0.0,0.0,-1.0,0,0
649461661,0.03430585,0.11109295,1.3988593,1e-45,0.76453,-0.022631448,0.053501744,0.6419652,0.0,0.0,-0.99999994,0,0
649471712,0.034076117,0.10821846,1.3988593,1e-45,0.7645719,-0.021794489,0.05233089,0.6420407,0.0,0.0,-1.0,0,0
649481659,0.034018915,0.10469718,1.3988593,1e-45,0.7646237,-0.020683441,0.050968397,0.6421254,0.0,0.0,-0.99999994,0,0
649491691,0.033860527,0.10109062,1.3988593,1e-45,0.76467335,-0.019583581,0.049540695,0.64221245,0.0,0.0,-0.99999994,0,0
649501685,0.033293232,0.097809315,1.3988593,1e-45,0.7647126,-0.018744668,0.04810569,0.6422999,0.0,0.0,-1.0,0,0
649511703,0.03301043,0.0948539,1.3988593,1e-45,0.7647487,-0.017901808,0.04688633,0.6423711,0.0,0.0,-1.0,0,0
649521674,0.032919854,0.09229621,1.3988593,1e-45,0.7647801,-0.01711341,0.045880493,0.6424278,0.0,0.0,-1.0,0,0
649531705,0.03256084,0.09091253,1.3988593,1e-45,0.76479405,-0.016805425,0.045236718,0.64246505,0.0,0.0,-1.0,0,0
649541662,0.032355465,0.09030634,1.3988593,1e-45,0.76479965,-0.01668889,0.044939227,0.6424822,0.0,0.0,-1.0,0,0
649551800,0.03274167,0.089424506,1.3988593,1e-45,0.76481336,-0.01625743,0.044726495,0.6424918,0.0,0.0,-1.0,0,0
649561687,0.03297034,0.08969348,1.3988593,1e-45,0.76481205,-0.016256545,0.04490268,0.642481,0.0,0.0,-1.0,0,0
649571685,0.03339253,0.09069012,1.3988593,1e-45,0.76480365,-0.016415818,0.04541894,0.6424508,0.0,0.0,-1.0,0,0
649581690,0.034565676,0.09199829,1.3988593,1e-45,0.76479757,-0.016388183,0.04629536,0.6423962,0.0,0.0,-0.99999994,0,0
649591724,0.035851005,0.093426205,1.3988593,1e-45,0.76479083,-0.01635619,0.047253467,0.6423353,0.0,0.0,-1.0,0,0
649601667,0.037036408,0.09480844,1.3988593,1e-45,0.76478374,-0.016347717,0.048161957,0.64227647,0.0,0.0,-0.99999994,0,0
649613161,-0.02644927,0.091902375,1.4309876,1e-45,0.75350827,-0.04010101,0.026001494,0.65569896,0.0,0.0,-0.7766014,0,0
649623203,-0.07088826,0.075776964,1.4311931,1e-45,0.752806,-0.05156081,0.005337522,0.65619814,0.0,0.0,-0.7711296,0,0
649633174,-0.057650905,0.08229931,1.4311931,1e-45,0.752972,-0.048711333,0.01214124,0.6561349,0.0,0.0,-0.76910204,0,0
649643243,-0.047931682,0.10462639,1.4314017,1e-45,0.7525626,-0.052358575,0.023745872,0.6560063,0.0,0.0,-0.76057464,0,0
649653326,-0.040029887,0.10739878,1.4314017,1e-45,0.75269,-0.05029185,0.027382847,0.65588003,0.0,0.0,-0.75949484,0,0
649663272,-0.033833724,0.109690174,1.431637,1e-45,0.75270545,-0.048713014,0.03027283,0.6558545,0.0,0.0,-0.74932456,0,0
649673187,-0.029103665,0.11021829,1.431637,1e-45,0.75280505,-0.047105554,0.032022923,0.65577453,0.0,0.0,-0.74910784,0,0
649683195,-0.025877891,0.107958406,1.4318849,1e-45,0.7528549,-0.04515556,0.032223184,0.6558446,0.0,0.0,-0.7533946,0,0
649693197,-0.023782726,0.10780649,1.4318849,1e-45,0.7529055,-0.044317115,0.032852963,0.65581244,0.0,0.0,-0.75396466,0,0
649703195,-0.022142122,0.10476232,1.4321097,1e-45,0.7529399,-0.042706273,0.032238845,0.6559103,0.0,0.0,-0.7681465,0,0
649713195,-0.02158059,0.10430624,1.4321097,1e-45,0.7529624,-0.042345494,0.03225113,0.6559072,0.0,0.0,-0.7684629,0,0
649723198,-0.02172235,0.10138101,1.4323173,1e-45,0.7529585,-0.04144395,0.031097924,0.65602493,0.0,0.0,-0.7683691,0,0
649733241,-0.021948464,0.10091554,1.4323173,1e-45,0.7529644,-0.041376587,0.030848345,0.65603435,0.0,0.0,-0.76804465,0,0
649743198,-0.022213327,0.097707145,1.4325173,1e-45,0.752965,-0.04042815,0.02954831,0.6561526,0.0,0.0,-0.76717174,0,0
649753316,-0.0230201,0.097389646,1.4325173,1e-45,0.7529557,-0.040627845,0.029163975,0.65616816,0.0,0.0,-0.76632917,0,0
649763197,-0.023378141,0.09394318,1.4327459,1e-45,0.7529487,-0.03963649,0.027743144,0.65629834,0.0,0.0,-0.76524127,0,0
649773231,-0.023453183,0.09338581,1.4327459,1e-45,0.7529592,-0.03948208,0.027508477,0.6563055,0.0,0.0,-0.7644726,0,0
649783203,-0.023611767,0.08983966,1.4330008,1e-45,0.75294733,-0.03838284,0.026115177,0.6564412,0.0,0.0,-0.7637702,0,0
649793168,-0.023603905,0.08950151,1.4330008,1e-45,0.75295454,-0.038269017,0.025990332,0.6564446,0.0,0.0,-0.763739,0,0
649803263,-0.022747695,0.085357346,1.4332488,1e-45,0.7529732,-0.036591064,0.02470516,0.65656847,0.0,0.0,-0.7637194,0,0
649813171,-0.021931704,0.08487604,1.4332488,1e-45,0.7529975,-0.036126018,0.02479168,0.65656304,0.0,0.0,-0.7640362,0,0
649823235,-0.02108757,0.08076497,1.4334815,1e-45,0.7530147,-0.034462683,0.02351568,0.65667963,0.0,0.0,-0.76427096,0,0
649833175,-0.019677194,0.080401845,1.4334815,1e-45,0.7530455,-0.03381254,0.023841936,0.6566664,0.0,0.0,-0.76465195,0,0
649843246,-0.017906355,0.07034822,1.4336922,1e-45,0.75317824,-0.029849434,0.020631969,0.65681493,0.0,0.0,-0.76402545,0,0
649853321,-0.016151566,0.06953365,1.4336922,1e-45,0.7532171,-0.028921252,0.020901328,0.6568035,0.0,0.0,-0.76349175,0,0
649863190,-0.0143726915,0.06925111,1.4339125,1e-45,0.7531745,-0.028160926,0.021375947,0.65687,0.0,0.0,-0.76261914,0,0
649873264,-0.012696217,0.06917333,1.4339125,1e-45,0.753199,-0.027504044,0.021897249,0.6568526,0.0,0.0,-0.7612134,0,0
649883194,-0.011121443,0.06935752,1.4341501,1e-45,0.7531396,-0.026974116,0.022480626,0.656923,0.0,0.0,-0.75956976,0,0
649893167,-0.010092994,0.06988671,1.4341501,1e-45,0.75314564,-0.026760569,0.023017764,0.6569062,0.0,0.0,-0.75803536,0,0
649903248,-0.009102135,0.070495375,1.4343859,1e-45,0.7530724,-0.02659006,0.023569353,0.65697753,0.0,0.0,-0.7566833,0,0
649913165,-0.008220518,0.07093555,1.4343859,1e-45,0.75307757,-0.026402632,0.024024736,0.6569627,0.0,0.0,-0.75558263,0,0
649923199,-0.0081109125,0.07148345,1.4346148,1e-45,0.7529957,-0.026544057,0.024264062,0.657042,0.0,0.0,-0.7550208,0,0
649933181,-0.008254223,0.07172537,1.4346148,1e-45,0.75299025,-0.026677461,0.024308087,0.6570412,0.0,0.0,-0.7549136,0,0
649943265,-0.008198867,0.07124269,1.434828,1e-45,0.7529281,-0.026500674,0.024141673,0.6571258,0.0,0.0,-0.7551128,0,0
649953345,-0.0081176935,0.069901235,1.434828,1e-45,0.75294876,-0.026029505,0.023663202,0.65713835,0.0,0.0,-0.7554773,0,0
649963194,-0.008752205,0.06830804,1.4350475,1e-45,0.75289136,-0.025747586,0.022851935,0.65724385,0.0,0.0,-0.75589156,0,0
649973240,-0.009178947,0.06594961,1.4350475,1e-45,0.75291926,-0.025133451,0.021823622,0.6572706,0.0,0.0,-0.7562027,0,0
649983188,-0.009469205,0.06314276,1.4352732,1e-45,0.7528799,-0.024322927,0.020668523,0.65738356,0.0,0.0,-0.75613755,0,0
649993172,-0.010058002,0.060471304,1.4352732,1e-45,0.75290823,-0.023666779,0.019469058,0.65741175,0.0,0.0,-0.7557868,0,0
650003194,-0.010464049,0.057797752,1.4354879,1e-45,0.75286716,-0.022943081,0.018326366,0.65751714,0.0,0.0,-0.75518596,0,0
650013241,-0.010391375,0.055092555,1.4354879,1e-45,0.7529014,-0.022026656,0.017331647,0.6575364,0.0,0.0,-0.75429606,0,0
650023195,-0.010396969,0.052906998,1.4356968,1e-45,0.7528586,-0.021312162,0.01650461,0.6576301,0.0,0.0,-0.7532836,0,0
650033203,-0.010286683,0.051496252,1.4356968,1e-45,0.752876,-0.020806918,0.016009698,0.6576386,0.0,0.0,-0.75252676,0,0
650043197,-0.009763136,0.05048103,1.4359033,1e-45,0.75282484,-0.020277735,0.0157975,0.65771884,0.0,0.0,-0.7519903,0,0
650053326,-0.008843388,0.0497281,1.4359033,1e-45,0.7528423,-0.019683985,0.015816491,0.65771633,0.0,0.0,-0.75160813,0,0
650063197,-0.008012616,0.04981835,1.4361279,1e-45,0.7527756,-0.019402742,0.016121496,0.6577937,0.0,0.0,-0.7515796,0,0
650073188,-0.006952999,0.050532427,1.4361279,1e-45,0.75277823,-0.019238723,0.016738813,0.65778005,0.0,0.0,-0.7518293,0,0
650083308,-0.005590676,0.051562946,1.4363587,1e-45,0.7527044,-0.019066844,0.017572591,0.6578479,0.0,0.0,-0.7519831,0,0
650093171,-0.0043577524,0.052923266,1.4363587,1e-45,0.75270164,-0.019050201,0.01849014,0.65782636,0.0,0.0,-0.752048,0,0
650103243,-0.0031166368,0.05432195,1.4365656,1e-45,0.7526304,-0.019045101,0.01942282,0.6578811,0.0,0.0,-0.75201535,0,0
650113165,-0.0018399121,0.05529899,1.4365656,1e-45,0.7526321,-0.01888601,0.020210478,0.65786,0.0,0.0,-0.7515191,0,0
650123189,-0.0004263257,0.055980492,1.4367521,1e-45,0.7525767,-0.01858016,0.020930178,0.6579097,0.0,0.0,-0.75054556,0,0
650133170,0.0003831101,0.05636617,1.4367521,1e-45,0.7525801,-0.018402442,0.021341572,0.65789753,0.0,0.0,-0.74933535,0,0
650143205,0.0009555696,0.05608997,1.4369316,1e-45,0.75252914,-0.018098101,0.021424327,0.6579615,0.0,0.0,-0.7479179,0,0
650153654,0.0019448232,0.05480686,1.4369316,1e-45,0.752551,-0.017303731,0.02126699,0.65796304,0.0,0.0,-0.7463942,0,0
650163243,0.002543436,0.05321976,1.4371343,1e-45,0.75250494,-0.016558437,0.020865086,0.6580478,0.0,0.0,-0.745095,0,0
650173198,0.002488513,0.051496938,1.4371343,1e-45,0.7525208,-0.016012201,0.020198828,0.65806395,0.0,0.0,-0.74420196,0,0
650183199,0.0026498965,0.049378403,1.4373556,1e-45,0.7524684,-0.015256503,0.019453153,0.6581642,0.0,0.0,-0.74363065,0,0
650193165,0.0026738055,0.047081217,1.4373556,1e-45,0.7524884,-0.014491479,0.01859678,0.6581834,0.0,0.0,-0.74346566,0,0
650203205,0.0021180084,0.045005754,1.4375627,1e-45,0.7524334,-0.0140193505,0.017631566,0.65828305,0.0,0.0,-0.7436832,0,0
650213191,0.0016036971,0.043053076,1.4375627,1e-45,0.75244546,-0.013570097,0.016727673,0.6583023,0.0,0.0,-0.74415,0,0
650223257,0.0013708366,0.041163955,1.437752,1e-45,0.7523961,-0.01303738,0.015939075,0.6583891,0.0,0.0,-0.7445813,0,0
650233204,0.0006701219,0.039798655,1.437752,1e-45,0.7524017,-0.012851521,0.015194785,0.6584039,0.0,0.0,-0.744818,0,0
650243194,-0.00014692286,0.0388658,1.437926,1e-45,0.75234604,-0.012853065,0.014573753,0.65848154,0.0,0.0,-0.7449152,0,0
650253317,-0.00032021073,0.037925325,1.437926,1e-45,0.7523518,-0.0126086045,0.014162914,0.6584886,0.0,0.0,-0.7446287,0,0
650263196,-0.00039893278,0.03727447,1.438113,1e-45,0.7522944,-0.012425226,0.013890994,0.6585634,0.0,0.0,-0.74392307,0,0
650273194,-0.00054509984,0.037078574,1.438113,1e-45,0.7522949,-0.012415704,0.01376918,0.65856564,0.0,0.0,-0.7431104,0,0
650283197,-0.0002776493,0.036901034,1.4383193,1e-45,0.7522298,-0.012258064,0.0137892,0.65864253,0.0,0.0,-0.7422028,0,0
650293276,0.00030007501,0.03681837,1.4383193,1e-45,0.75223386,-0.012013552,0.013948366,0.658639,0.0,0.0,-0.74124295,0,0
650303200,0.0009873278,0.03674475,1.4385238,1e-45,0.75217116,-0.0117322635,0.014145802,0.6587115,0.0,0.0,-0.74048835,0,0
650313165,0.0018476291,0.036739163,1.4385238,1e-45,0.75217617,-0.011406875,0.0144270435,0.6587054,0.0,0.0,-0.7401018,0,0
650323198,0.0031383168,0.03651952,1.438722,1e-45,0.7521195,-0.010850583,0.014768454,0.658772,0.0,0.0,-0.7398481,0,0
650333169,0.004709319,0.036105208,1.438722,1e-45,0.75213027,-0.010123306,0.015130119,0.658763,0.0,0.0,-0.7397016,0,0
650343241,0.0060190847,0.035842028,1.4389027,1e-45,0.7520788,-0.009545449,0.015461701,0.6588227,0.0,0.0,-0.73971707,0,0
650353324,0.007286443,0.03534226,1.4389027,1e-45,0.7520874,-0.00890422,0.015691267,0.65881646,0.0,0.0,-0.73956794,0,0
650363319,0.008992371,0.03462512,1.4390813,1e-45,0.7520395,-0.00802787,0.015982851,0.65887535,0.0,0.0,-0.73920083,0,0
650373187,0.0101381885,0.034045566,1.4390813,1e-45,0.75204676,-0.007406057,0.016142432,0.6588705,0.0,0.0,-0.7385757,0,0
650383202,0.01078367,0.033627592,1.4392636,1e-45,0.751991,-0.0070270924,0.016197292,0.658937,0.0,0.0,-0.7376524,0,0
650393176,0.011649707,0.033062816,1.4392636,1e-45,0.75199646,-0.006515349,0.0162703,0.6589341,0.0,0.0,-0.7364219,0,0
650403198,0.012233173,0.032631144,1.4394383,1e-45,0.7519425,-0.006155137,0.016299717,0.6589984,0.0,0.0,-0.7351131,0,0
650413170,0.01210953,0.03245937,1.4394383,1e-45,0.7519428,-0.0061450126,0.016194407,0.65900075,0.0,0.0,-0.7338755,0,0
650423244,0.012060306,0.032006167,1.4396131,1e-45,0.75188696,-0.0060155513,0.016007297,0.6590703,0.0,0.0,-0.7329187,0,0
650433233,0.012151037,0.031378947,1.4396131,1e-45,0.75188965,-0.005774708,0.015801439,0.6590743,0.0,0.0,-0.73220605,0,0
650443201,0.011624092,0.030714609,1.4397833,1e-45,0.75183463,-0.005755146,0.015377584,0.6591473,0.0,0.0,-0.7318556,0,0
650453353,0.01048107,0.029911896,1.4397833,1e-45,0.7518344,-0.0059202216,0.014699162,0.65916157,0.0,0.0,-0.74331677,0,0
650463192,0.009801466,0.028617453,1.4399388,1e-45,0.7517862,-0.0057500843,0.013988187,0.65923357,0.0,0.0,-0.7547524,0,0
650473230,0.008916349,0.027172595,1.4399388,1e-45,0.751789,-0.0056064674,0.0131533835,0.65924877,0.0,0.0,-0.7658943,0,0
650483198,0.007995599,0.025696782,1.4400746,1e-45,0.75174695,-0.0054668766,0.01229481,0.6593145,0.0,0.0,-0.77684736,0,0
650493230,0.0076300395,0.02399298,1.4400746,1e-45,0.7517518,-0.005042543,0.011533937,0.6593261,0.0,0.0,-0.78733915,0,0
650503270,0.007490487,0.02218223,1.4401935,1e-45,0.7517178,-0.0044986396,0.010807097,0.65938103,0.0,0.0,-0.79710555,0,0
650513167,0.0073542986,0.02054997,1.4401935,1e-45,0.75172204,-0.0040116343,0.0101487385,0.6593898,0.0,0.0,-0.80631566,0,0
650523191,0.0074769002,0.019304806,1.4403055,1e-45,0.75168854,-0.0035555377,0.009720982,0.659437,0.0,0.0,-0.81511384,0,0
650533181,0.00806766,0.018053785,1.4403055,1e-45,0.7516923,-0.0029209831,0.009445606,0.65943986,0.0,0.0,-0.82335395,0,0
650543192,0.008806679,0.017216887,1.4404147,1e-45,0.75165886,-0.0023677717,0.009374621,0.6594812,0.0,0.0,-0.831273,0,0
650553693,0.009599758,0.01685142,1.4404147,1e-45,0.75166035,-0.0019491891,0.009498787,0.6594791,0.0,0.0,-0.8396601,0,0
650563198,0.010526527,0.016899318,1.4405421,1e-45,0.75161904,-0.0016173018,0.0098222755,0.6595224,0.0,0.0,-0.84787434,0,0
650573260,0.01190711,0.01719388,1.4405421,1e-45,0.75161964,-0.0011956105,0.010388225,0.65951395,0.0,0.0,-0.856085,0,0
650583193,0.012977565,0.017965619,1.4406796,1e-45,0.7515739,-0.0010485974,0.01103114,0.65955585,0.0,0.0,-0.8644325,0,0
650593173,0.013910611,0.018987082,1.4406796,1e-45,0.75157315,-0.0010348721,0.011722646,0.65954477,0.0,0.0,-0.87272465,0,0
650603247,0.01515665,0.019802375,1.4407982,1e-45,0.7515336,-0.00083626667,0.012439838,0.6595769,0.0,0.0,-0.8807575,0,0
650613175,0.016108112,0.020487525,1.4407982,1e-45,0.75153315,-0.00070473284,0.013011039,0.65956664,0.0,0.0,-0.8885466,0,0
650623245,0.016479913,0.021059735,1.4408963,1e-45,0.7515002,-0.0007544182,0.013348602,0.6595974,0.0,0.0,-0.8960229,0,0
650633170,0.017137963,0.021058252,1.4408963,1e-45,0.7515004,-0.00050666643,0.013565066,0.65959287,0.0,0.0,-0.9030982,0,0
650643259,0.017746722,0.020556562,1.4409816,1e-45,0.7514729,-0.00011301446,0.013577349,0.6596242,0.0,0.0,-0.9097025,0,0
650653642,0.017815372,0.01962942,1.4409816,1e-45,0.75147367,0.00021862557,0.013251684,0.65963,0.0,0.0,-0.9158995,0,0
650663232,0.017821675,0.018322825,1.4410853,1e-45,0.7514403,0.00065135176,0.012762935,0.6596773,0.0,0.0,-0.9219289,0,0
650673198,0.018078368,0.016424213,1.4410853,1e-45,0.7514407,0.0013741489,0.012134353,0.6596876,0.0,0.0,-0.9278494,0,0
650683245,0.017928237,0.014386086,1.4412091,1e-45,0.7513999,0.0019894172,0.011319281,0.659747,0.0,0.0,-0.93379515,0,0
650693172,0.017521242,0.012468063,1.4412091,1e-45,0.7513996,0.0024693066,0.010464499,0.6597599,0.0,0.0,-0.9400127,0,0
650703202,0.017473288,0.010363971,1.4413304,1e-45,0.7513581,0.0031448873,0.009658433,0.65981656,0.0,0.0,-0.9463803,0,0
650713241,0.017344804,0.008390116,1.4413304,1e-45,0.75135607,0.0037478753,0.008874563,0.65982664,0.0,0.0,-0.9527901,0,0
650723193,0.016892163,0.0069266,1.4414434,1e-45,0.7513176,0.0040602386,0.0081756795,0.65987766,0.0,0.0,-0.95933884,0,0
650733188,0.016683828,0.0056745973,1.4414434,1e-45,0.75131613,0.004395087,0.007636639,0.6598836,0.0,0.0,-0.9659035,0,0
650743201,0.016784132,0.0047082067,1.441545,1e-45,0.75128067,0.004751264,0.007306956,0.65992534,0.0,0.0,-0.97209424,0,0
650753661,0.01707196,0.0041173077,1.441545,1e-45,0.75127876,0.0050543686,0.0071799713,0.65992665,0.0,0.0,-0.9776985,0,0
650763196,0.017227994,0.004060553,1.4416571,1e-45,0.75124127,0.0051313033,0.007210425,0.6599683,0.0,0.0,-0.982977,0,0
650773192,0.017757833,0.0041978573,1.4416571,1e-45,0.7512402,0.0052850125,0.0074368357,0.6599659,0.0,0.0,-0.98776,0,0
650783259,0.01856346,0.0043313755,1.4417844,1e-45,0.75119627,0.005543068,0.007753182,0.66001004,0.0,0.0,-0.9921277,0,0
650793178,0.019417001,0.0047774687,1.4417844,1e-45,0.7511949,0.0057164356,0.008202399,0.6600047,0.0,0.0,-0.9964271,0,0
650803205,0.0202409,0.005308629,1.441914,1e-45,0.751151,0.0058500348,0.008674158,0.66004753,0.0,0.0,-1.0,0,0
650813196,0.021675928,0.005520027,1.441914,1e-45,0.75114715,0.0063192244,0.009227142,0.66004,0.0,0.0,-0.99999994,0,0
650823196,0.022971097,0.0056400006,1.4420431,1e-45,0.7511006,0.006765432,0.009700064,0.66008186,0.0,0.0,-1.0,0,0
650833178,0.023913998,0.0057674944,1.4420431,1e-45,0.7510977,0.0070774574,0.010059137,0.6600765,0.0,0.0,-1.0,0,0
650843198,0.025308544,0.005417494,1.4421664,1e-45,0.7510508,0.0077160555,0.010388429,0.6601177,0.0,0.0,-1.0,0,0
650853706,0.026864294,0.0048516854,1.4421664,1e-45,0.7510426,0.00848704,0.010689455,0.6601127,0.0,0.0,-1.0,0,0
650863228,0.027694818,0.0041621826,1.4422977,1e-45,0.7509931,0.009025807,0.01070526,0.66016155,0.0,0.0,-1.0,0,0
650873250,0.028571865,0.0033696722,1.4422977,1e-45,0.75098586,0.009616741,0.010697185,0.66016155,0.0,0.0,-1.0,0,0
650883198,0.02960269,0.0022497068,1.4424332,1e-45,0.7509312,0.010372783,0.010617624,0.6602136,0.0,0.0,-1.0,0,0
650893172,0.029977096,0.0011960833,1.4424332,1e-45,0.7509244,0.010861179,0.010345629,0.6602179,0.0,0.0,-0.99999994,0,0
650903229,0.029977353,0.00030870558,1.4425628,1e-45,0.7508773,0.011153564,0.010013265,0.66027164,0.0,0.0,-0.99999994,0,0
650913168,0.03022297,-0.0007872172,1.4425628,1e-45,0.75087047,0.011607578,0.009682898,0.6602765,0.0,0.0,-1.0,0,0
650923268,0.03011298,-0.0018869404,1.4426913,1e-45,0.7508229,0.0119287465,0.009234474,0.66033125,0.0,0.0,-1.0,0,0
650933175,0.029651085,-0.002659103,1.4426913,1e-45,0.75082153,0.012010279,0.008792085,0.66033745,0.0,0.0,-1.0,0,0
650943241,0.029334862,-0.0035261733,1.4428225,1e-45,0.75077546,0.012177283,0.008362955,0.6603924,0.0,0.0,-0.99999994,0,0
650953655,0.029488942,-0.0045081405,1.4428225,1e-45,0.75076896,0.012559345,0.008045197,0.6603965,0.0,0.0,-0.99999994,0,0
650963196,0.029550876,-0.0054496755,1.442972,1e-45,0.7507137,0.012892885,0.007713152,0.6604568,0.0,0.0,-1.0,0,0
650973191,0.029555662,-0.006260916,1.442972,1e-45,0.7507089,0.013162549,0.0074102036,0.6604605,0.0,0.0,-1.0,0,0
650983197,0.029829059,-0.0073226104,1.4431338,1e-45,0.750647,0.013615159,0.0071030464,0.660525,0.0,0.0,-1.0,0,0
650993243,0.030350914,-0.008388568,1.4431338,1e-45,0.7506365,0.014163021,0.006875277,0.66052777,0.0,0.0,-1.0,0,0
651003251,0.030890493,-0.009247637,1.4432844,1e-45,0.75057715,0.014648703,0.0067321234,0.6605862,0.0,0.0,-1.0,0,0
651013171,0.031666115,-0.01016259,1.4432844,1e-45,0.75056493,0.015241934,0.006644891,0.66058743,0.0,0.0,-1.0,0,0
651023198,0.032906752,-0.011237902,1.4434246,1e-45,0.7505011,0.016062152,0.0066521913,0.6606406,0.0,0.0,-0.99999994,0,0
651033172,0.034010194,-0.011928418,1.4434246,1e-45,0.7504867,0.016704256,0.0067575225,0.66063994,0.0,0.0,-1.0,0,0
651043199,0.03496175,-0.0122276675,1.443561,1e-45,0.7504312,0.017159667,0.0069606965,0.6606892,0.0,0.0,-1.0,0,0
651053349,0.03647287,-0.012519434,1.443561,1e-45,0.75041556,0.017823018,0.007350391,0.6606851,0.0,0.0,-1.0,0,0
651063264,0.038170982,-0.012728552,1.4437163,1e-45,0.7503471,0.018528607,0.007834308,0.66073793,0.0,0.0,-1.0,0,0
651073245,0.03920247,-0.012485579,1.4437163,1e-45,0.7503395,0.018835345,0.008266256,0.66073257,0.0,0.0,-1.0,0,0
651083191,0.04048088,-0.012178303,1.4438891,1e-45,0.750273,0.019212719,0.008805563,0.6607903,0.0,0.0,-0.99999994,0,0
651093171,0.04198965,-0.011908627,1.4438891,1e-45,0.7502608,0.019689634,0.009405236,0.66078186,0.0,0.0,-0.99999994,0,0
651103202,0.042799994,-0.011584774,1.4440513,1e-45,0.7502022,0.019885853,0.009796088,0.6608369,0.0,0.0,-1.0,0,0
651113175,0.043529887,-0.011369634,1.4440513,1e-45,0.7501969,0.020088572,0.010117975,0.66083175,0.0,0.0,-1.0,0,0
651123200,0.044338163,-0.011526867,1.4441991,1e-45,0.7501384,0.020442927,0.010327562,0.6608842,0.0,0.0,-0.99999994,0,0
651133274,0.04476487,-0.011860925,1.4441991,1e-45,0.7501308,0.020713326,0.010343242,0.6608841,0.0,0.0,-1.0,0,0
651143197,0.04484647,-0.012172169,1.444335,1e-45,0.750082,0.020846052,0.01025486,0.6609366,0.0,0.0,-1.0,0,0
651153356,0.045105804,-0.01317087,1.444335,1e-45,0.75006956,0.021273244,0.009965914,0.6609416,0.0,0.0,-0.99999994,0,0
651163201,0.046032503,-0.01295199,1.4060885,1e-45,0.76256305,0.021742532,0.009940325,0.6464719,0.0,0.0,-1.0,0,0
651173191,0.045957357,-0.014622538,1.4060885,1e-45,0.76254714,0.022253664,0.0092789205,0.6464832,0.0,0.0,-1.0,0,0
651183201,0.045904115,-0.016323278,1.4060885,1e-45,0.7625301,0.022782888,0.008613073,0.6464941,0.0,0.0,-1.0,0,0
651193186,0.04610226,-0.018259544,1.4060885,1e-45,0.76250696,0.02348404,0.007938658,0.6465049,0.0,0.0,-1.0,0,0
651203318,0.046311043,-0.020176252,1.4060885,1e-45,0.7624832,0.024182895,0.0072751297,0.6465151,0.0,0.0,-1.0,0,0
651213169,0.0464505,-0.021680413,1.4060885,1e-45,0.76246417,0.024722021,0.006746536,0.64652276,0.0,0.0,-1.0,0,0
651223205,0.04682176,-0.023015743,1.4060885,1e-45,0.7624438,0.025294954,0.006357261,0.6465286,0.0,0.0,-0.99999994,0,0
651233175,0.04755603,-0.024111126,1.4060885,1e-45,0.76242113,0.025928734,0.006176849,0.64653194,0.0,0.0,-1.0,0,0
651243192,0.048146173,-0.024692185,1.4060885,1e-45,0.7624062,0.02634141,0.0061460114,0.6465332,0.0,0.0,-1.0,0,0
651253356,0.048642486,-0.024729364,1.4060885,1e-45,0.7623992,0.026542615,0.0062922714,0.6465318,0.0,0.0,-1.0,0,0
651263240,0.049766876,-0.02460719,1.4060885,1e-45,0.7623857,0.026931759,0.006702341,0.64652747,0.0,0.0,-1.0,0,0
651273252,0.051090974,-0.024231676,1.4060885,1e-45,0.76237255,0.02731519,0.007273591,0.6465207,0.0,0.0,-1.0,0,0
651283195,0.051963624,-0.02349858,1.4060885,1e-45,0.76237005,0.027411029,0.007835275,0.6465131,0.0,0.0,-0.99999994,0,0
651293170,0.053030085,-0.02288561,1.4060885,1e-45,0.76236326,0.027619539,0.008413786,0.64650494,0.0,0.0,-1.0,0,0
651303203,0.054396328,-0.022519331,1.4060885,1e-45,0.762349,0.028022006,0.008995115,0.6464966,0.0,0.0,-1.0,0,0
651313167,0.05521778,-0.021908173,1.4060885,1e-45,0.7623455,0.028137714,0.009493725,0.6464886,0.0,0.0,-0.99999994,0,0
651323198,0.056270983,-0.021631459,1.4060885,1e-45,0.7623342,0.02844978,0.009939694,0.6464815,0.0,0.0,-0.99999994,0,0
651333199,0.057676982,-0.021840565,1.4060885,1e-45,0.7623113,0.029053234,0.0103144245,0.6464759,0.0,0.0,-0.99999994,0,0
651343270,0.05868493,-0.022278316,1.4060885,1e-45,0.76229054,0.029578805,0.01047329,0.64647394,0.0,0.0,-0.99999994,0,0
651353357,0.059246484,-0.022780297,1.4060885,1e-45,0.7622752,0.029954966,0.01046337,0.6464748,0.0,0.0,-1.0,0,0
651363189,0.060193896,-0.023637315,1.4060885,1e-45,0.7622488,0.03059285,0.010442783,0.64647645,0.0,0.0,-0.99999994,0,0
651373200,0.06099545,-0.02480684,1.4060885,1e-45,0.76221955,0.031276044,0.010255871,0.6464812,0.0,0.0,-1.0,0,0
651383190,0.061143983,-0.025912894,1.4060885,1e-45,0.762201,0.03168985,0.009882086,0.6464889,0.0,0.0,-0.99999994,0,0
651393225,0.061542857,-0.027155796,1.4060885,1e-45,0.762176,0.032243233,0.00953703,0.6464961,0.0,0.0,-1.0,0,0
651403202,0.06176519,-0.028499136,1.4060885,1e-45,0.7621519,0.032761756,0.009096603,0.6465048,0.0,0.0,-0.99999994,0,0
651413248,0.06178036,-0.02971045,1.4060885,1e-45,0.7621328,0.033158686,0.008639559,0.64651334,0.0,0.0,-0.99999994,0,0
651423195,0.061651837,-0.030659964,1.4060885,1e-45,0.76212,0.03341631,0.008235903,0.6465204,0.0,0.0,-0.99999994,0,0
651433174,0.061691247,-0.031578783,1.4060885,1e-45,0.76210475,0.03372801,0.007898235,0.6465264,0.0,0.0,-1.0,0,0
651443191,0.06186266,-0.032522745,1.4060885,1e-45,0.76208663,0.034098122,0.007593651,0.646532,0.0,0.0,-1.0,0,0
651453350,0.061836448,-0.03286655,1.4060885,1e-45,0.7620815,0.034199137,0.007454059,0.6465344,0.0,0.0,-1.0,0,0
651463246,0.061822932,-0.03316065,1.4060885,1e-45,0.762077,0.034288947,0.0073375297,0.6465363,0.0,0.0,-0.99999994,0,0
651473196,0.062482003,-0.03357204,1.4060885,1e-45,0.76205885,0.0346729,0.007393694,0.6465366,0.0,0.0,-1.0,0,0
651483270,0.063201174,-0.033874765,1.4060885,1e-45,0.76204133,0.035044663,0.0075107315,0.6465358,0.0,0.0,-1.0,0,0
651493173,0.06380274,-0.03391159,1.4060885,1e-45,0.76203007,0.035285763,0.007691156,0.6465338,0.0,0.0,-1.0,0,0
651503193,0.06472575,-0.034104988,1.4060885,1e-45,0.76201046,0.035699878,0.007915778,0.64653146,0.0,0.0,-1.0,0,0
651513170,0.06589376,-0.034415156,1.4060885,1e-45,0.7619841,0.03624502,0.008175067,0.6465289,0.0,0.0,-1.0,0,0
651523244,0.066796266,-0.034575254,1.4060885,1e-45,0.761965,0.036640543,0.00840576,0.64652634,0.0,0.0,-0.99999994,0,0
651533177,0.0679123,-0.034694105,1.4060885,1e-45,0.76194227,0.0371041,0.008721208,0.6465224,0.0,0.0,-1.0,0,0
651543196,0.069485255,-0.035092123,1.4060885,1e-45,0.7619057,0.037831817,0.009077896,0.64651835,0.0,0.0,-1.0,0,0
651553704,0.07053486,-0.03511444,1.4060885,1e-45,0.76188534,0.038238868,0.009408681,0.64651376,0.0,0.0,-1.0,0,0
651563197,0.07121427,-0.034990508,1.4060885,1e-45,0.7618746,0.038457673,0.009675562,0.6465095,0.0,0.0,-1.0,0,0
651573194,0.07236119,-0.035072785,1.4060885,1e-45,0.76185095,0.038921133,0.010014937,0.6465045,0.0,0.0,-0.99999994,0,0
651583229,0.07318636,-0.035185456,1.4060885,1e-45,0.7618327,0.03927182,0.010238709,0.64650124,0.0,0.0,-0.99999994,0,0
651593199,0.073619016,-0.035019,1.4060885,1e-45,0.7618273,0.0393829,0.010442038,0.64649767,0.0,0.0,-1.0,0,0
651603200,0.07415404,-0.035084598,1.4060885,1e-45,0.7618155,0.03960787,0.010589971,0.6464954,0.0,0.0,-0.99999994,0,0
651613178,0.07473036,-0.035423156,1.4060885,1e-45,0.7617977,0.039936658,0.01064716,0.6464951,0.0,0.0,-1.0,0,0
651623266,0.074862964,-0.035712045,1.4060885,1e-45,0.76178956,0.040080402,0.010579865,0.6464969,0.0,0.0,-1.0,0,0
651633169,0.07494566,-0.03615479,1.4060885,1e-45,0.76177955,0.040254794,0.010437766,0.64650023,0.0,0.0,-1.0,0,0
651643195,0.07537409,-0.03698965,1.4060885,1e-45,0.76175493,0.04068741,0.010257899,0.646505,0.0,0.0,-1.0,0,0
651653713,0.075505026,-0.037903912,1.4060885,1e-45,0.76173455,0.04103232,0.009951588,0.64651203,0.0,0.0,-0.9994706,0,0
651663195,0.07548212,-0.038747836,1.4060885,1e-45,0.7617186,0.041295934,0.009622373,0.6465191,0.0,0.0,-0.99832934,0,0
651673193,0.07562238,-0.03986963,1.4060885,1e-45,0.76169354,0.041711356,0.009239939,0.6465274,0.0,0.0,-0.9971121,0,0
651683197,0.07600065,-0.041148935,1.4060885,1e-45,0.7616601,0.042268224,0.008874376,0.6465359,0.0,0.0,-0.99572825,0,0
651693240,0.07634321,-0.04239862,1.4060885,1e-45,0.7616275,0.042801898,0.008508563,0.64654404,0.0,0.0,-0.9943927,0,0
651703201,0.076713726,-0.043403823,1.4060885,1e-45,0.7615989,0.043267325,0.008245021,0.6465501,0.0,0.0,-0.99315155,0,0
651713171,0.077359594,-0.044455934,1.4060885,1e-45,0.7615629,0.04385271,0.008052604,0.6465556,0.0,0.0,-0.9917888,0,0
651723242,0.07821568,-0.045358896,1.4060885,1e-45,0.7615249,0.04446999,0.007985028,0.646559,0.0,0.0,-0.9906168,0,0
651733171,0.07879662,-0.04583687,1.4060885,1e-45,0.7615017,0.044845376,0.007990564,0.64656025,0.0,0.0,-0.98963517,0,0
651743193,0.07975714,-0.04611939,1.4060885,1e-45,0.76147395,0.045302223,0.008193347,0.6465586,0.0,0.0,-0.9887599,0,0
651753346,0.08102523,-0.046047103,1.4060885,1e-45,0.7614467,0.045761704,0.008630858,0.6465527,0.0,0.0,-0.9871752,0,0
651763276,0.08206072,-0.045632657,1.4060885,1e-45,0.761432,0.046022262,0.009123645,0.64654464,0.0,0.0,-0.98566544,0,0
651773189,0.0829098,-0.044897128,1.4060885,1e-45,0.7614286,0.046108264,0.009678598,0.64653444,0.0,0.0,-0.9840773,0,0
651783253,0.08418958,-0.04438781,1.4060885,1e-45,0.7614102,0.046431206,0.01028651,0.6465238,0.0,0.0,-0.982387,0,0
651793175,0.08541448,-0.044003364,1.4060885,1e-45,0.7613902,0.04677352,0.010829064,0.64651376,0.0,0.0,-0.98060757,0,0
651803194,0.08613584,-0.043424524,1.4060885,1e-45,0.7613861,0.046861444,0.011282961,0.6465044,0.0,0.0,-0.97873074,0,0
651813177,0.08710584,-0.043176286,1.4060885,1e-45,0.7613688,0.047150645,0.011691164,0.6464965,0.0,0.0,-0.9767845,0,0
651823204,0.088203564,-0.04333856,1.4060885,1e-45,0.7613392,0.047620863,0.011984128,0.6464915,0.0,0.0,-0.9747881,0,0
651833233,0.08866637,-0.04355468,1.4060885,1e-45,0.7613233,0.047866736,0.012051324,0.6464908,0.0,0.0,-0.9727858,0,0
651843201,0.08913159,-0.043961946,1.4060885,1e-45,0.7613028,0.048175167,0.01204642,0.64649206,0.0,0.0,-0.97105813,0,0
651853710,0.08998772,-0.044879153,1.4060885,1e-45,0.7612611,0.048796836,0.011973446,0.646496,0.0,0.0,-0.9687013,0,0
651863196,0.09042455,-0.0458759,1.4060885,1e-45,0.7612272,0.049284525,0.011734606,0.64650327,0.0,0.0,-0.96648157,0,0
651873195,0.0906604,-0.046763405,1.4060885,1e-45,0.76120055,0.049660474,0.011472456,0.6465106,0.0,0.0,-0.96456176,0,0
651883199,0.091093674,-0.047958132,1.4060885,1e-45,0.76116145,0.0502106,0.011156981,0.64651966,0.0,0.0,-0.9628718,0,0
651893177,0.091468304,-0.04932666,1.4060885,1e-45,0.7611191,0.050794397,0.01075628,0.6465307,0.0,0.0,-0.9611717,0,0
651903268,0.09160016,-0.05040746,1.4060885,1e-45,0.7610895,0.05119303,0.010386807,0.6465402,0.0,0.0,-0.9595506,0,0
651913198,0.09182519,-0.05133348,1.4060885,1e-45,0.7610611,0.051577188,0.01010647,0.64654756,0.0,0.0,-0.957985,0,0
651923193,0.092240214,-0.05229955,1.4060885,1e-45,0.7610264,0.052046552,0.009872283,0.64655435,0.0,0.0,-0.95618343,0,0
651933173,0.09257187,-0.05299603,1.4060885,1e-45,0.76100034,0.052397255,0.009713938,0.6465591,0.0,0.0,-0.95423573,0,0
651943196,0.09282001,-0.053319637,1.4060885,1e-45,0.7609857,0.052595988,0.009670767,0.64656085,0.0,0.0,-0.9523323,0,0
651953352,0.09341254,-0.053430688,1.4060885,1e-45,0.76096725,0.05285723,0.009819974,0.64655894,0.0,0.0,-0.9495428,0,0
651963194,0.09430564,-0.053444915,1.4060885,1e-45,0.76094323,0.053201616,0.010103272,0.6465546,0.0,0.0,-0.94674116,0,0
651973260,0.09501133,-0.05334344,1.4060885,1e-45,0.760927,0.053437408,0.010370099,0.64655,0.0,0.0,-0.9441049,0,0
651983245,0.09569217,-0.053103726,1.4060885,1e-45,0.76091486,0.053619176,0.010681592,0.6465442,0.0,0.0,-0.94156265,0,0
651993188,0.09693452,-0.05305687,1.4060885,1e-45,0.7608827,0.054076727,0.01110107,0.64653695,0.0,0.0,-0.93910384,0,0
652003203,0.09812521,-0.052961387,1.4060885,1e-45,0.7608528,0.054498937,0.011522386,0.6465293,0.0,0.0,-0.9368389,0,0
652013171,0.099004306,-0.05279666,1.4060885,1e-45,0.7608331,0.05478028,0.011869372,0.64652246,0.0,0.0,-0.93469375,0,0
652023204,0.10034175,-0.05289341,1.4060885,1e-45,0.76079375,0.055320222,0.0122648245,0.64651537,0.0,0.0,-0.93254125,0,0
652033175,0.10174345,-0.053170513,1.4060885,1e-45,0.7607474,0.05594271,0.012612289,0.6465097,0.0,0.0,-0.93036,0,0
652043325,0.10257852,-0.05325637,1.4060885,1e-45,0.76072174,0.056288004,0.012849496,0.6465053,0.0,0.0,-0.9280864,0,0
652053349,0.10356613,-0.053275026,1.4060885,1e-45,0.7606933,0.05666966,0.013161634,0.64649904,0.0,0.0,-0.9250418,0,0
652063194,0.10494768,-0.05365556,1.4060885,1e-45,0.7606437,0.057317708,0.0134631395,0.6464941,0.0,0.0,-0.92192113,0,0
652073196,0.10580831,-0.054017004,1.4060885,1e-45,0.76060903,0.057761464,0.013603541,0.6464924,0.0,0.0,-0.918716,0,0
652083193,0.10626039,-0.054332964,1.4060885,1e-45,0.7605873,0.058035176,0.013629226,0.64649296,0.0,0.0,-0.91555583,0,0
652093180,0.10707467,-0.05480417,1.4060885,1e-45,0.76055056,0.05849662,0.013712799,0.6464929,0.0,0.0,-0.912501,0,0
652103200,0.10778552,-0.055370554,1.4060885,1e-45,0.7605139,0.05894939,0.013726663,0.64649457,0.0,0.0,-0.9095822,0,0
652113262,0.10800651,-0.055778936,1.4060885,1e-45,0.76049596,0.059164952,0.013642413,0.6464978,0.0,0.0,-0.90686,0,0
652123201,0.10845708,-0.056257285,1.4060885,1e-45,0.7604691,0.059490353,0.013605703,0.6465002,0.0,0.0,-0.9044288,0,0
652133172,0.10901306,-0.05700453,1.4060885,1e-45,0.7604313,0.05994242,0.013500559,0.64650506,0.0,0.0,-0.9021314,0,0
652143203,0.109034106,-0.057608213,1.4060885,1e-45,0.7604135,0.060144853,0.013277229,0.6465119,0.0,0.0,-0.89987797,0,0
652153309,0.10937477,-0.05782249,1.4060885,1e-45,0.7603971,0.060343374,0.013305662,0.6465121,0.0,0.0,-0.8971037,0,0
652163199,0.11011396,-0.058439724,1.4060885,1e-45,0.7603569,0.06082319,0.013309309,0.6465143,0.0,0.0,-0.894298,0,0
652173240,0.11092947,-0.059115056,1.4060885,1e-45,0.7603124,0.061350685,0.013315478,0.6465167,0.0,0.0,-0.89137137,0,0
652183270,0.11153464,-0.059590228,1.4060885,1e-45,0.7602799,0.061733752,0.01332997,0.6465182,0.0,0.0,-0.8884281,0,0
652193171,0.11227373,-0.060097404,1.4060885,1e-45,0.76024204,0.062177997,0.01337554,0.6465192,0.0,0.0,-0.88540816,0,0
652203221,0.11338176,-0.060740016,1.4060885,1e-45,0.76018834,0.06280606,0.013488754,0.64651924,0.0,0.0,-0.88221,0,0
652213170,0.114414535,-0.061136417,1.4060885,1e-45,0.7601439,0.06332622,0.013671496,0.646517,0.0,0.0,-0.87907845,0,0
652223197,0.11534745,-0.061376754,1.4060885,1e-45,0.760107,0.06375816,0.013881454,0.64651334,0.0,0.0,-0.8760396,0,0
652233180,0.116713,-0.06166635,1.4060885,1e-45,0.7600544,0.06437034,0.014212487,0.6465073,0.0,0.0,-0.8729867,0,0
652243262,0.11804889,-0.061739586,1.4060885,1e-45,0.760009,0.06490157,0.014616395,0.6464986,0.0,0.0,-0.87003773,0,0
652253354,0.11926121,-0.061067402,1.4060885,1e-45,0.75999033,0.0651459,0.015264493,0.646481,0.0,0.0,-0.86658716,0,0
652263195,0.120582454,-0.06048424,1.4060885,1e-45,0.75996524,0.06546028,0.015913848,0.6464631,0.0,0.0,-0.86326176,0,0
652273200,0.122218885,-0.06006077,1.4060885,1e-45,0.75992465,0.06594578,0.016604189,0.6464442,0.0,0.0,-0.85999084,0,0
652283194,0.12350049,-0.059529703,1.4060885,1e-45,0.75989884,0.06626183,0.017220845,0.64642596,0.0,0.0,-0.85675806,0,0
652293168,0.12438249,-0.058942217,1.4060885,1e-45,0.75988793,0.06640789,0.01772982,0.6464101,0.0,0.0,-0.8534672,0,0
652303246,0.12561694,-0.058715753,1.4060885,1e-45,0.75985396,0.066804014,0.018215109,0.6463956,0.0,0.0,-0.8500917,0,0
652313172,0.1266899,-0.05872604,1.4060885,1e-45,0.75981766,0.06721497,0.018557966,0.6463861,0.0,0.0,-0.8467323,0,0
652323268,0.12724026,-0.058639757,1.4060885,1e-45,0.7598019,0.0673963,0.018768722,0.6463796,0.0,0.0,-0.8433303,0,0
652333191,0.12805109,-0.05906307,1.4060885,1e-45,0.759761,0.06784053,0.018869445,0.6463783,0.0,0.0,-0.8400127,0,0
652343200,0.12896402,-0.059852522,1.4060885,1e-45,0.7597046,0.06844132,0.018863637,0.6463814,0.0,0.0,-0.8367305,0,0
652353310,0.12966098,-0.060202118,1.4060885,1e-45,0.75966936,0.06881851,0.018955652,0.64638,0.0,0.0,-0.83289784,0,0
652363194,0.1302657,-0.060648628,1.4060885,1e-45,0.7596341,0.069191836,0.018980931,0.64638096,0.0,0.0,-0.8292919,0,0
652373243,0.13131696,-0.061547607,1.4060885,1e-45,0.75956804,0.06988028,0.018978093,0.64638454,0.0,0.0,-0.82593566,0,0
652383194,0.13214833,-0.062429287,1.4060885,1e-45,0.7595097,0.07047959,0.01891079,0.64638996,0.0,0.0,-0.82264996,0,0
652393234,0.13265036,-0.06303947,1.4060885,1e-45,0.7594716,0.07086648,0.018840523,0.6463945,0.0,0.0,-0.81954056,0,0
652403202,0.13360459,-0.063764945,1.4060885,1e-45,0.75941336,0.071462125,0.018872451,0.64639646,0.0,0.0,-0.81659806,0,0
652413175,0.13448365,-0.06446807,1.4060885,1e-45,0.75935805,0.07202199,0.018888613,0.6463988,0.0,0.0,-0.8135369,0,0
652423202,0.13518544,-0.06480106,1.4060885,1e-45,0.75932133,0.07239551,0.018988539,0.64639723,0.0,0.0,-0.81048405,0,0
652433196,0.13610192,-0.064920895,1.4060885,1e-45,0.75928396,0.07278198,0.019239075,0.6463903,0.0,0.0,-0.8074702,0,0
652443202,0.13715337,-0.0649741,1.4060885,1e-45,0.7592438,0.073198244,0.01955862,0.646381,0.0,0.0,-0.8041841,0,0
652453316,0.1387347,-0.06431219,1.4060885,1e-45,0.7592086,0.07358575,0.020321902,0.6463547,0.0,0.0,-0.8003379,0,0
652463275,0.1401128,-0.06353911,1.4060885,1e-45,0.7591846,0.073860355,0.021061841,0.6463279,0.0,0.0,-0.79653084,0,0
652473194,0.14156166,-0.06279205,1.4060885,1e-45,0.75915694,0.07417017,0.021814695,0.64629996,0.0,0.0,-0.79264987,0,0
652483200,0.14328238,-0.062144145,1.4060885,1e-45,0.7591155,0.07461505,0.022617595,0.6462698,0.0,0.0,-0.7888036,0,0
652493175,0.14484091,-0.061461806,1.4060885,1e-45,0.7590811,0.07498725,0.023381157,0.6462399,0.0,0.0,-0.7851518,0,0
652503239,0.14630122,-0.060881197,1.4060885,1e-45,0.7590467,0.07535487,0.024074195,0.6462122,0.0,0.0,-0.78161985,0,0
652513178,0.14792927,-0.060634617,1.4060885,1e-45,0.7589938,0.07589348,0.024694156,0.64618796,0.0,0.0,-0.7781113,0,0
652523198,0.14951512,-0.060495064,1.4060885,1e-45,0.7589383,0.07645043,0.025259688,0.6461655,0.0,0.0,-0.77475154,0,0
652533233,0.15067331,-0.060419917,1.4060885,1e-45,0.75889665,0.07686577,0.025662497,0.64614934,0.0,0.0,-0.7715163,0,0
652543201,0.15197599,-0.060593843,1.4060885,1e-45,0.75884014,0.07741594,0.026017107,0.64613587,0.0,0.0,-0.76829726,0,0
652553280,0.15395379,-0.060510527,1.4060885,1e-45,0.7587663,0.07813954,0.02668779,0.6461081,0.0,0.0,-0.7647487,0,0
652563239,0.1552733,-0.060388755,1.4060885,1e-45,0.75871897,0.078601,0.027160432,0.64608794,0.0,0.0,-0.761163,0,0
652573193,0.15639165,-0.060387027,1.4060885,1e-45,0.758675,0.079024695,0.027522366,0.64607257,0.0,0.0,-0.7574885,0,0
652583199,0.15776558,-0.060694885,1.4060885,1e-45,0.7586092,0.07964474,0.027848935,0.64605975,0.0,0.0,-0.7538275,0,0
652593184,0.15888897,-0.060991626,1.4060885,1e-45,0.75855327,0.080166146,0.028098814,0.64605004,0.0,0.0,-0.75020456,0,0
652603273,0.15953575,-0.061045915,1.4060885,1e-45,0.75852525,0.08042889,0.028287062,0.64604217,0.0,0.0,-0.74511385,0,0
652613174,0.16059424,-0.061345905,1.4060885,1e-45,0.7584713,0.080926664,0.028514735,0.6460333,0.0,0.0,-0.7401754,0,0
652623202,0.16168341,-0.061662983,1.4060885,1e-45,0.75841516,0.08144152,0.028745797,0.6460242,0.0,0.0,-0.73532844,0,0
652633201,0.16230342,-0.06172815,1.4060885,1e-45,0.7583874,0.08169755,0.028921248,0.6460167,0.0,0.0,-0.7306513,0,0
652643194,0.16330618,-0.06173828,1.4060885,1e-45,0.75834596,0.082081035,0.029241288,0.64600235,0.0,0.0,-0.72633874,0,0
652653313,0.1653042,-0.06141961,1.4060885,1e-45,0.7582758,0.08273629,0.030007983,0.645966,0.0,0.0,-0.7217349,0,0
652663203,0.16688101,-0.06098136,1.4060885,1e-45,0.7582272,0.0831934,0.03068412,0.64593256,0.0,0.0,-0.71706843,0,0
652673259,0.16844533,-0.060565684,1.4060885,1e-45,0.75817806,0.083652996,0.031347595,0.645899,0.0,0.0,-0.71251446,0,0
652683193,0.17038134,-0.060300995,1.4060885,1e-45,0.758107,0.08430192,0.032073583,0.64586234,0.0,0.0,-0.70786214,0,0
652693201,0.17223345,-0.060158838,1.4060885,1e-45,0.75803417,0.0849583,0.032725792,0.6458291,0.0,0.0,-0.7029519,0,0
652703201,0.17391962,-0.05980237,1.4060885,1e-45,0.75797635,0.08548297,0.03340597,0.6457929,0.0,0.0,-0.6980508,0,0
652713167,0.1757062,-0.059486847,1.4060885,1e-45,0.7579122,0.08605879,0.03410293,0.64575535,0.0,0.0,-0.69306767,0,0
652723237,0.17771293,-0.059239775,1.4060885,1e-45,0.7578354,0.08673993,0.034844887,0.6457148,0.0,0.0,-0.6878261,0,0
652733171,0.17946495,-0.058862675,1.4060885,1e-45,0.75777423,0.087282784,0.035554044,0.64567465,0.0,0.0,-0.68259794,0,0
652743275,0.18105523,-0.05835555,1.4060885,1e-45,0.75772506,0.08772261,0.036260433,0.6456336,0.0,0.0,-0.67762774,0,0
652753310,0.1836569,-0.057550605,1.4060885,1e-45,0.75764304,0.08845001,0.037406575,0.6455651,0.0,0.0,-0.6724217,0,0
652763240,0.1861579,-0.056829393,1.4060885,1e-45,0.7575613,0.08916607,0.038488235,0.64549905,0.0,0.0,-0.6673791,0,0
652773193,0.18819734,-0.05598769,1.4060885,1e-45,0.7575045,0.089668594,0.039466687,0.6454369,0.0,0.0,-0.6626138,0,0
652783196,0.18999253,-0.055360064,1.4060885,1e-45,0.7574497,0.090147205,0.040284764,0.64538413,0.0,0.0,-0.6578514,0,0
652793167,0.19191886,-0.055033818,1.4060885,1e-45,0.757376,0.0907721,0.041030455,0.64533603,0.0,0.0,-0.6530997,0,0
652803198,0.19350615,-0.054565143,1.4060885,1e-45,0.7573232,0.09122289,0.041720882,0.6452901,0.0,0.0,-0.64846563,0,0
652813243,0.19471721,-0.05420803,1.4060885,1e-45,0.75728273,0.09156696,0.042247448,0.6452546,0.0,0.0,-0.6438155,0,0
652823246,0.1961878,-0.054125454,1.4060885,1e-45,0.75721866,0.09209728,0.042753294,0.64522094,0.0,0.0,-0.6389991,0,0
652833170,0.19768874,-0.054330684,1.4060885,1e-45,0.75714064,0.09273133,0.043159455,0.64519465,0.0,0.0,-0.63415694,0,0
652843203,0.19860284,-0.054435264,1.4060885,1e-45,0.7570938,0.09311089,0.04341457,0.64517784,0.0,0.0,-0.62929326,0,0
652853342,0.20053786,-0.05422197,1.4060885,1e-45,0.7570124,0.09377499,0.044119872,0.6451293,0.0,0.0,-0.624335,0,0
652863227,0.20271583,-0.054293826,1.4060885,1e-45,0.7569068,0.09462233,0.04479506,0.645083,0.0,0.0,-0.61944604,0,0
652873330,0.0,0.0,1.4138714,0.0,0.7603558,0.0,0.0,0.6495069,0.0,0.0,-0.001,0,0
652883314,0.0,0.0,1.4137344,0.0,0.7604002,0.0,0.0,0.6494548,0.0,0.0,-0.001,0,0
652893206,0.0,0.0,1.4135098,0.0,0.76047313,0.0,0.0,0.6493695,0.0,0.0,-0.001,0,0
652903245,0.0,0.0,1.4132007,0.0,0.7605735,0.0,0.0,0.6492518,0.0,0.0,-0.001,0,0
652913180,0.0,0.0,1.412832,0.0,0.7606932,0.0,0.0,0.6491116,0.0,0.0,-0.001,0,0
652923230,0.0,0.0,1.4124218,0.0,0.7608263,0.0,0.0,0.6489556,0.0,0.0,-0.001,0,0
652933191,0.0,0.0,1.4119943,0.0,0.760965,0.0,0.0,0.648793,0.0,0.0,-0.001,0,0
652943206,0.0,0.0,1.4115951,0.0,0.76109445,0.0,0.0,0.64864105,0.0,0.0,-0.001,0,0
652953705,0.0,0.0,1.4112428,0.0,0.7612087,0.0,0.0,0.648507,0.0,0.0,-0.001,0,0
652963230,0.0,0.0,1.4109457,0.0,0.7613051,0.0,0.0,0.64839387,0.0,0.0,-0.001,0,0
652973203,0.0,0.0,1.410726,0.0,0.76137626,0.0,0.0,0.6483102,0.0,0.0,-0.001,0,0
652983237,0.0,0.0,1.4106021,0.0,0.76141644,0.0,0.0,0.6482631,0.0,0.0,-0.001,0,0
652993189,0.0,0.0,1.4105712,0.0,0.76142645,0.0,0.0,0.64825135,0.0,0.0,-0.001,0,0
653003235,0.0,0.0,1.4106423,0.0,0.76140344,0.0,0.0,0.6482783,0.0,0.0,-0.001,0,0
653013188,0.0,0.0,1.4108068,0.0,0.7613501,0.0,0.0,0.64834106,0.0,0.0,-0.001,0,0
653023346,0.0,0.0,1.4110551,0.0,0.76126957,0.0,0.0,0.6484356,0.0,0.0,-0.001,0,0
653033180,0.0,0.0,1.4113574,0.0,0.7611716,0.0,0.0,0.6485506,0.0,0.0,-0.001,0,0
653043233,0.0,0.0,1.4116992,0.0,0.7610607,0.0,0.0,0.6486807,0.0,0.0,-0.001,0,0
653053329,0.0,-0.0,-1.929187,0.0,0.56975096,0.0,0.0,-0.8218174,0.0,0.0,-0.001,0,0
653063237,0.0,-0.0,-1.9288342,0.0,0.5698959,0.0,0.0,-0.821717,0.0,0.0,-0.001,0,0
653073231,0.0,-0.0,-1.9285033,0.0,0.57003194,0.0,0.0,-0.82162255,0.0,0.0,-0.001,0,0
653083264,0.0,-0.0,-1.9282404,0.0,0.5701399,0.0,0.0,-0.8215476,0.0,0.0,-0.001,0,0
653093253,0.0,-0.0,-1.9280459,0.0,0.5702198,0.0,0.0,-0.82149225,0.0,0.0,-0.001,0,0
653103229,0.0,-0.0,-1.9279479,0.0,0.57026005,0.0,0.0,-0.82146424,0.0,0.0,-0.001,0,0
653113183,0.0,-0.0,-1.9279548,0.0,0.5702572,0.0,0.0,-0.82146627,0.0,0.0,-0.001,0,0
653123242,0.0,-0.0,-1.9280598,0.0,0.5702141,0.0,0.0,-0.8214961,0.0,0.0,-0.001,0,0
653133176,0.0,-0.0,-1.9282626,0.0,0.57013077,0.0,0.0,-0.821554,0.0,0.0,-0.001,0,0
653143231,0.0,-0.0,-1.9285539,0.0,0.57001114,0.0,0.0,-0.821637,0.0,0.0,-0.001,0,0
653153675,0.0,-0.0,-1.9289126,0.0,0.5698637,0.0,0.0,-0.82173926,0.0,0.0,-0.001,0,0
653163320,0.0,-0.0,-1.9294578,0.0,0.56963974,0.0,0.0,-0.8218945,0.0,0.0,-0.001,0,0
653173201,0.0,-0.0,-1.9300226,0.0,0.5694075,0.0,0.0,-0.8220554,0.0,0.0,-0.001,0,0
653183204,0.0,-0.0,-1.9305671,0.0,0.56918377,0.0,0.0,-0.8222103,0.0,0.0,-0.001,0,0
653193176,0.0,-0.0,-1.9310702,0.0,0.56897694,0.0,0.0,-0.8223535,0.0,0.0,-0.001,0,0
653203232,0.0,-0.0,-1.9314996,0.0,0.56880033,0.0,0.0,-0.8224757,0.0,0.0,-0.001,0,0
653213232,0.0,-0.0,-1.9318444,0.0,0.56865853,0.0,0.0,-0.8225737,0.0,0.0,-0.001,0,0
653223237,0.0,-0.0,-1.9320768,0.0,0.5685629,0.0,0.0,-0.82263976,0.0,0.0,-0.001,0,0
653233263,0.0,-0.0,-1.9322138,0.0,0.5685066,0.0,0.0,-0.82267874,0.0,0.0,-0.001,0,0
653243231,0.0,-0.0,-1.9322351,0.0,0.56849784,0.0,0.0,-0.8226848,0.0,0.0,-0.001,0,0
653253662,0.0,-0.0,-1.932145,0.0,0.5685349,0.0,0.0,-0.82265913,0.0,0.0,-0.001,0,0
653263239,0.0,-0.0,-1.9322703,0.0,0.56848335,0.0,0.0,-0.8226948,0.0,0.0,-0.001,0,0
653273196,0.0,-0.0,-1.9323381,0.0,0.56845546,0.0,0.0,-0.82271403,0.0,0.0,-0.001,0,0
653283268,0.0,-0.0,-1.9323745,0.0,0.5684405,0.0,0.0,-0.82272434,0.0,0.0,-0.001,0,0
653293183,0.0,-0.0,-1.9324038,0.0,0.56842846,0.0,0.0,-0.82273275,0.0,0.0,-0.001,0,0
653303311,0.0,-0.0,-1.9324657,0.0,0.568403,0.0,0.0,-0.8227503,0.0,0.0,-0.001,0,0
653313178,0.0,-0.0,-1.9325974,0.0,0.56834877,0.0,0.0,-0.82278776,0.0,0.0,-0.001,0,0
653323232,0.0,-0.0,-1.932794,0.0,0.56826794,0.0,0.0,-0.8228437,0.0,0.0,-0.001,0,0
653333186,0.0,-0.0,-1.9330833,0.0,0.5681489,0.0,0.0,-0.82292575,0.0,0.0,-0.001,0,0
653343258,0.0,-0.0,-1.9334859,0.0,0.5679832,0.0,0.0,-0.8230402,0.0,0.0,-0.001,0,0
653353655,0.0,-0.0,-1.9339825,0.0,0.5677788,0.0,0.0,-0.82318115,0.0,0.0,-0.001,0,0
653363234,0.0,-0.0,-1.9345345,0.0,0.5675516,0.0,0.0,-0.82333785,0.0,0.0,-0.001,0,0
653373350,0.0,-0.0,-1.9351712,0.0,0.5672895,0.0,0.0,-0.8235186,0.0,0.0,-0.001,0,0
653383241,0.0,-0.0,-1.9358625,0.0,0.5670048,0.0,0.0,-0.8237145,0.0,0.0,-0.001,0,0
653393198,0.0,-0.0,-1.936589,0.0,0.5667056,0.0,0.0,-0.8239203,0.0,0.0,-0.001,0,0
653403235,0.0,-0.0,-1.9373188,0.0,0.5664049,0.0,0.0,-0.8241272,0.0,0.0,-0.001,0,0
653413206,0.0,-0.0,-1.9380442,0.0,0.5661059,0.0,0.0,-0.82433254,0.0,0.0,-0.001,0,0
653423206,0.0,-0.0,-1.9387243,0.0,0.5658256,0.0,0.0,-0.824525,0.0,0.0,-0.001,0,0
653433181,0.0,-0.0,-1.9393493,0.0,0.56556785,0.0,0.0,-0.8247018,0.0,0.0,-0.001,0,0
653443310,0.0,-0.0,-1.9399091,0.0,0.565337,0.0,0.0,-0.82486004,0.0,0.0,-0.001,0,0
653453669,0.0,-0.0,-1.9403784,0.0,0.5651434,0.0,0.0,-0.8249928,0.0,0.0,-0.001,0,0
653463206,0.0,-0.0,-1.9407943,0.0,0.5649718,0.0,0.0,-0.82511026,0.0,0.0,-0.001,0,0
653473247,0.0,-0.0,-1.9411072,0.0,0.5648428,0.0,0.0,-0.8251985,0.0,0.0,-0.001,0,0
653483231,0.0,-0.0,-1.9413271,0.0,0.56475204,0.0,0.0,-0.8252607,0.0,0.0,-0.001,0,0
653493205,0.0,-0.0,-1.9414631,0.0,0.5646959,0.0,0.0,-0.82529914,0.0,0.0,-0.001,0,0
653503309,0.0,-0.0,-1.9415241,0.0,0.56467074,0.0,0.0,-0.82531637,0.0,0.0,-0.001,0,0
653513256,0.0,-0.0,-1.9415447,0.0,0.5646623,0.0,0.0,-0.8253221,0.0,0.0,-0.001,0,0
653523234,0.0,-0.0,-1.9415472,0.0,0.56466126,0.0,0.0,-0.82532275,0.0,0.0,-0.001,0,0
653533189,0.0,-0.0,-1.9415364,0.0,0.5646657,0.0,0.0,-0.8253197,0.0,0.0,-0.001,0,0
653543262,0.0,-0.0,-1.9415354,0.0,0.5646661,0.0,0.0,-0.8253195,0.0,0.0,-0.001,0,0
653553359,0.0,-0.0,-1.9415787,0.0,0.5646482,0.0,0.0,-0.8253317,0.0,0.0,-0.001,0,0
653563238,0.0,-0.0,-1.9417847,0.0,0.5645632,0.0,0.0,-0.82538986,0.0,0.0,-0.001,0,0
653573196,0.0,-0.0,-1.9420534,0.0,0.5644523,0.0,0.0,-0.82546574,0.0,0.0,-0.001,0,0
653583315,0.0,-0.0,-1.9423922,0.0,0.56431246,0.0,0.0,-0.8255613,0.0,0.0,-0.001,0,0
653593192,0.0,-0.0,-1.9428054,0.0,0.56414187,0.0,0.0,-0.8256779,0.0,0.0,-0.001,0,0
653603260,0.0,-0.0,-1.9432875,0.0,0.5639428,0.0,0.0,-0.82581395,0.0,0.0,-0.001,0,0
653613185,0.0,-0.0,-1.9438329,0.0,0.56371766,0.0,0.0,-0.82596755,0.0,0.0,-0.001,0,0
653623237,0.0,-0.0,-1.9444208,0.0,0.56347483,0.0,0.0,-0.82613325,0.0,0.0,-0.001,0,0
653633257,0.0,-0.0,-1.9450433,0.0,0.56321764,0.0,0.0,-0.8263086,0.0,0.0,-0.001,0,0
653643230,0.0,-0.0,-1.945661,0.0,0.5629624,0.0,0.0,-0.82648253,0.0,0.0,-0.001,0,0
653653611,0.0,-0.0,-1.9462812,0.0,0.5627061,0.0,0.0,-0.826657,0.0,0.0,-0.001,0,0
653663234,0.0,-0.0,-1.9469457,0.0,0.56243145,0.0,0.0,-0.826844,0.0,0.0,-0.001,0,0
653673243,0.0,-0.0,-1.9475518,0.0,0.5621808,0.0,0.0,-0.8270144,0.0,0.0,-0.001,0,0
653683242,0.0,-0.0,-1.9480978,0.0,0.56195503,0.0,0.0,-0.82716775,0.0,0.0,-0.001,0,0
653693180,0.0,-0.0,-1.9485561,0.0,0.5617655,0.0,0.0,-0.8272965,0.0,0.0,-0.001,0,0
653703203,0.0,-0.0,-1.948918,0.0,0.5616157,0.0,0.0,-0.8273982,0.0,0.0,-0.001,0,0
653713184,0.0,-0.0,-1.9491868,0.0,0.56150454,0.0,0.0,-0.82747364,0.0,0.0,-0.001,0,0
653723322,0.0,-0.0,-1.9493729,0.0,0.56142753,0.0,0.0,-0.82752603,0.0,0.0,-0.001,0,0
653733231,0.0,-0.0,-1.9494636,0.0,0.56139004,0.0,0.0,-0.8275513,0.0,0.0,-0.001,0,0
653743233,0.0,-0.0,-1.9494816,0.0,0.56138253,0.0,0.0,-0.82755655,0.0,0.0,-0.001,0,0
653753315,0.0,-0.0,-1.9494411,0.0,0.56139934,0.0,0.0,-0.82754505,0.0,0.0,-0.001,0,0
653763313,0.0,-0.0,-1.949349,0.0,0.56143737,0.0,0.0,-0.82751936,0.0,0.0,-0.001,0,0
653773201,0.0,-0.0,-1.9492558,0.0,0.561476,0.0,0.0,-0.82749313,0.0,0.0,-0.001,0,0
653783234,0.0,-0.0,-1.9491783,0.0,0.56150806,0.0,0.0,-0.8274713,0.0,0.0,-0.001,0,0
653793260,0.0,-0.0,-1.9491558,0.0,0.56151736,0.0,0.0,-0.82746506,0.0,0.0,-0.001,0,0
653803306,0.0,-0.0,-1.9491918,0.0,0.56150246,0.0,0.0,-0.8274751,0.0,0.0,-0.001,0,0
653813177,0.0,-0.0,-1.9492961,0.0,0.5614593,0.0,0.0,-0.82750434,0.0,0.0,-0.001,0,0
653823207,0.0,-0.0,-1.9494888,0.0,0.5613796,0.0,0.0,-0.8275584,0.0,0.0,-0.001,0,0
653833188,0.0,-0.0,-1.949766,0.0,0.5612649,0.0,0.0,-0.82763624,0.0,0.0,-0.001,0,0
653843234,0.0,-0.0,-1.9501185,0.0,0.56111896,0.0,0.0,-0.82773525,0.0,0.0,-0.001,0,0
653853318,0.0,-0.0,-1.9505264,0.0,0.5609502,0.0,0.0,-0.8278495,0.0,0.0,-0.001,0,0
653863347,0.0,-0.0,-1.9509844,0.0,0.56076056,0.0,0.0,-0.827978,0.0,0.0,-0.001,0,0
653873201,0.0,-0.0,-1.9514575,0.0,0.5605647,0.0,0.0,-0.82811075,0.0,0.0,-0.001,0,0
