timestamp,timestamp_sample,xyz[0],xyz[1],xyz[2]
630568794,630568690,-0.0030156898,0.006868079,0.009020006
630570085,630569981,-0.0042721764,0.006177955,0.0071995
630573795,630573688,-0.0048153345,0.008770659,0.0048902226
630576284,630576187,-0.0050202818,0.009152227,0.0011958767
630580088,630579982,-0.0053424425,0.0074597746,-0.003540105
630583790,630583688,-0.005588391,0.0055728694,-0.0029228602
630587540,630587437,-0.0033967136,0.0072812447,-0.01681245
630591283,630591188,-0.005759625,0.007945103,-0.01126205
630593790,630593688,-0.0056048227,0.0060679265,-0.011628722
630597539,630597437,-0.004623651,0.008547633,-0.01694646
630601322,630601215,-0.0042343047,0.0064320685,-0.018620696
630605090,630604982,-0.0035997347,0.008694781,-0.016258536
630608791,630608688,-0.0052231443,0.0068197893,0.0025613476
630611299,630611194,-0.0045208936,0.0072491434,0.0058134296
630615085,630614982,-0.0049881544,0.009237802,0.015929619
630618789,630618687,-0.006340432,0.0075658076,0.004122918
630622532,630622438,-0.0052601397,0.01055051,0.009940336
630626284,630626188,-0.005008037,0.0063058054,0.013967312
630628789,630628687,-0.003464127,0.007730134,0.021157557
630632541,630632438,-0.004365269,0.0061386395,0.024436744
630636291,630636189,-0.0058537903,0.007186515,0.025191758
630640088,630639979,-0.004820816,0.007082282,0.02405928
630643792,630643688,-0.0058562034,0.009764407,0.017768614
630646313,630646211,-0.004746052,0.0088968715,0.012861288
630650085,630649981,-0.005133252,0.008007783,0.0058351923
630653797,630653690,-0.0053687324,0.007273973,-0.006098537
630657542,630657439,-0.004683841,0.0077501438,-0.010576038
630661317,630661213,-0.00667192,0.006102838,-0.007973703
630663791,630663689,-0.004629954,0.00590792,-0.0101969885
630667541,630667437,-0.005483975,0.0065503377,-0.010643974
630671290,630671188,-0.0065720244,0.0057765907,-0.013780729
630675093,630674982,-0.0034691093,0.008574534,-0.015453717
630678791,630678687,-0.0047933646,0.009480909,-0.014821176
630681294,630681189,-0.004883427,0.007283261,-0.014964693
630685081,630684978,-0.005452148,0.0069725523,-0.013990942
630688787,630688691,-0.005162564,0.008667654,-0.016691882
630692541,630692438,-0.0035901198,0.006824014,-0.012890271
630696298,630696190,-0.0048220884,0.006958848,-0.007766048
630698788,630698687,-0.004192269,0.00722068,-0.005031206
630702542,630702439,-0.004736333,0.008427724,0.0012639032
630706316,630706212,-0.005611578,0.0062298654,0.006638205
630710080,630709979,-0.0045516654,0.0077756178,0.00925901
630713805,630713702,-0.005729122,0.008723893,0.010412906
630716286,630716187,-0.00462183,0.01089616,0.010840425
630720087,630719982,-0.0052913628,0.0073123947,0.009238787
630723790,630723688,-0.006133677,0.007055109,0.011784582
630727540,630727437,-0.0049895197,0.006800507,0.007521795
630731291,630731188,-0.0057238787,0.0063699195,0.0098975925
630733789,630733688,-0.005447912,0.0068987533,0.007312694
630737539,630737437,-0.0053099026,0.0077491594,0.0062322496
630741288,630741190,-0.0064476947,0.008095802,0.0010925812
630745084,630744982,-0.0046005654,0.009591749,0.00026902757
630748791,630748687,-0.005386554,0.0079122875,-0.0014053029
630751315,630751213,-0.004552149,0.007736773,-0.0019882587
630755081,630754978,-0.0047961725,0.007255118,-0.0014100721
630758788,630758687,-0.005745585,0.0067476532,-0.0033130797
630762541,630762439,-0.0036507214,0.006534103,-0.0050485423
630766317,630766212,-0.005093693,0.0064401333,-0.0077029862
630768790,630768688,-0.0033564083,0.0069730026,-0.006241588
630772542,630772437,-0.004902332,0.00810096,-0.008133217
630776280,630776187,-0.0051344656,0.00834995,-0.0050912267
630780086,630779982,-0.0038351633,0.009378382,-0.006711883
630783792,630783688,-0.005150647,0.006476092,-0.003474284
630786290,630786188,-0.0035812226,0.00729165,-0.0039780047
630790093,630789981,-0.0051061655,0.006225885,-0.0033275872
630793791,630793688,-0.005963755,0.0060517727,-0.002081065
630797542,630797438,-0.004276066,0.0069310637,-0.0011289729
630801297,630801191,-0.0060829762,0.008520663,0.0017665882
630803790,630803688,-0.004652231,0.0071357284,0.0026403286
630807539,630807437,-0.0059249415,0.009379674,0.0063449484
630811323,630811217,-0.00630883,0.008771057,0.006885901
630815086,630814982,-0.0047733802,0.0076297955,0.0061792424
630818792,630818688,-0.006500048,0.00650127,0.0075715645
630821284,630821188,-0.005124952,0.0073606516,0.0041939793
630825086,630824978,-0.005340417,0.0070370557,0.007455589
630828787,630828687,-0.0056995973,0.006139344,0.006979827
630832542,630832438,-0.0048673954,0.007892157,0.006532614
630836292,630836188,-0.005668584,0.010165868,0.0031566804
630838789,630838688,-0.0045341174,0.007705907,0.00039545607
630842541,630842438,-0.0056054094,0.007877385,-0.0023437932
630846288,630846188,-0.0056139673,0.0070107146,-0.0048769615
630850086,630849982,-0.003424408,0.0067829806,-0.005248679
630853792,630853688,-0.0043832147,0.0070905904,-0.0057354732
630856319,630856213,-0.0040228427,0.0065940567,-0.006717031
630860087,630859984,-0.0055434452,0.008607079,-0.007576605
630863790,630863688,-0.005207882,0.008243836,-0.0062562223
630867538,630867438,-0.0038179564,0.007820802,-0.008498565
630871324,630871220,-0.004661777,0.008532217,-0.00676556
630873791,630873688,-0.0039060484,0.007790994,-0.005851859
630877540,630877438,-0.0055181957,0.00848305,-0.0028217372
630881290,630881188,-0.0054909876,0.006036534,-0.0009189118
630885080,630884979,-0.0044493596,0.00683324,4.4449794e-06
630888790,630888687,-0.005448432,0.006760494,0.0029487985
630891282,630891188,-0.004173521,0.007546072,0.0027666953
630895087,630894982,-0.0054649385,0.008189641,0.0053139436
630898789,630898688,-0.0064207437,0.0079561295,0.007277142
630902540,630902438,-0.005161618,0.0076587214,0.008866202
630906287,630906188,-0.0066034403,0.008815408,0.010911721
630908789,630908688,-0.0050844303,0.006389637,0.008027863
630912540,630912438,-0.0049218778,0.0077032717,0.007752208
630916312,630916211,-0.005767404,0.0065875207,0.004918803
630920086,630919982,-0.0048038447,0.007355131,0.002805071
630923793,630923688,-0.0059406334,0.008284089,0.0036278297
630926290,630926188,-0.0046729683,0.0070765805,0.0004345387
630930084,630929982,-0.0050653694,0.008717627,-0.0025776096
630933791,630933688,-0.0054267915,0.0077847214,-0.005966581
630937531,630937438,-0.004154479,0.007830837,-0.009393279
630941287,630941190,-0.005288605,0.008173568,-0.0105272345
630943790,630943688,-0.0037503773,0.0066156904,-0.0118090315
630947540,630947438,-0.0052014436,0.0068448284,-0.009232
630951291,630951188,-0.0054082037,0.006835012,-0.008507626
630955091,630954981,-0.004206197,0.007941063,-0.0059844605
630958790,630958687,-0.00472915,0.009133177,-0.0040413556
630961314,630961213,-0.003817249,0.0069345157,-0.0031676085
630965086,630964982,-0.0053570666,0.00881458,5.05304e-05
630968789,630968688,-0.0052231527,0.00717486,0.0012632869
630972540,630972437,-0.0042109494,0.0070350133,0.0047735847
630976314,630976212,-0.0058589876,0.0077565643,0.007398436
630978790,630978687,-0.004593123,0.0062304353,0.009112019
630982539,630982438,-0.005549271,0.008312397,0.009725987
630986290,630986188,-0.0050808215,0.007568414,0.008744259
630990091,630989982,-0.004723991,0.009108912,0.006377921
630993796,630993688,-0.0065658935,0.008401314,0.0069941967
630996290,630996189,-0.004572221,0.007158034,0.004107007
631000080,630999979,-0.0061034816,0.007963162,0.0050996025
631003784,631003688,-0.0058449837,0.0070814667,0.0020125038
631007541,631007438,-0.004997098,0.0072861253,-0.0013579917
631011292,631011188,-0.0060301293,0.007947349,-0.002993384
631013802,631013699,-0.004333554,0.0066475016,-0.0048783203
631017539,631017437,-0.0060384464,0.009670273,-0.004607095
631021315,631021212,-0.0059124203,0.007534234,-0.006189193
631025098,631024985,-0.004721893,0.008048861,-0.0057458878
631028790,631028687,-0.0055882987,0.007909449,-0.0058139516
631031293,631031188,-0.0038583505,0.0076277023,-0.007806709
631035085,631034982,-0.0049001426,0.008329065,-0.006358202
631038789,631038688,-0.004840979,0.006228015,-0.006778416
631042539,631042438,-0.004582388,0.0068338243,-0.004714998
631046292,631046188,-0.005641769,0.00680505,8.1995335e-05
631048788,631048687,-0.005042085,0.00838234,0.0007731896
631052542,631052438,-0.004917101,0.010792396,0.0035265496
631056283,631056188,-0.0042292597,0.008307159,0.0037473731
631060080,631059979,-0.003466515,0.009326845,0.0046360954
631063791,631063688,-0.0051321723,0.007788969,0.0038441308
631066312,631066211,-0.0044868244,0.006002152,0.004648392
631070086,631069982,-0.006486218,0.0066480413,0.0057464154
631073794,631073688,-0.005682824,0.0045234547,0.0048682545
631077539,631077438,-0.0045513413,0.0069331494,0.0070395707
631081316,631081213,-0.0056691184,0.008962954,0.0061151367
631083790,631083688,-0.0037971435,0.008660532,0.0028949731
631087532,631087438,-0.005324563,0.010831057,0.0025417027
631091290,631091190,-0.0054298216,0.009957778,-0.00086577405
631095084,631094982,-0.005580654,0.00727806,-0.0012661822
631098792,631098688,-0.007061103,0.005441573,-1.7165648e-05
631101290,631101188,-0.004132969,0.005747066,-0.0027131096
631105086,631104978,-0.0051743197,0.004914365,-0.0013779446
631108789,631108687,-0.0053361035,0.005889892,-0.004097992
631112541,631112439,-0.004223921,0.008613532,-0.0057758046
631116290,631116187,-0.00575392,0.010686913,-0.005568024
631118789,631118688,-0.004671361,0.012213065,-0.0060293837
631122539,631122438,-0.0056301286,0.009732436,-0.004803114
631126314,631126211,-0.0057755806,0.0061564352,-0.0031790747
631130086,631129982,-0.0039883954,0.005383414,-0.002350364
631133792,631133688,-0.005086971,0.0037664166,-0.0018855283
631136291,631136188,-0.004290069,0.0032693224,0.000454152
631140093,631139982,-0.0047475565,0.008172274,0.00026216547
631143791,631143688,-0.0050399,0.00906688,0.00023893695
631147541,631147438,-0.0044187303,0.012728455,0.0011220054
631151292,631151189,-0.0052579376,0.011082616,0.0017645491
631153784,631153688,-0.0050692293,0.0095534315,0.003599656
631157540,631157438,-0.005611225,0.005058965,0.005649556
631161291,631161188,-0.005866984,0.0026919083,0.0042338464
631165082,631164980,-0.0044535254,0.004150068,0.0073221787
631168791,631168688,-0.005052091,0.006885881,0.0052845366
631171314,631171212,-0.0040669874,0.0072843595,0.0038883837
631175085,631174980,-0.0051358053,0.011165411,0.0041404483
631178789,631178688,-0.005314189,0.012746492,0.0019956937
631182541,631182438,-0.0049361377,0.010855176,0.00094880397
631186315,631186212,-0.0067012147,0.005592863,0.00025434856
631188789,631188688,-0.005798466,0.006151051,5.981227e-05
631192540,631192438,-0.005257797,0.004556494,-0.000990282
631196289,631196187,-0.0043856837,0.0037868898,-0.0029461358
631200087,631199982,-0.0024570776,0.006817353,-0.007860119
631203786,631203688,-0.0054765875,0.009490926,-0.0057335026
631206284,631206187,-0.0053966697,0.011948397,-0.006913393
631210088,631209982,-0.006434308,0.01049536,-0.008990562
631213807,631213701,-0.006417754,0.007339709,-0.0068139527
631217539,631217437,-0.004011376,0.0061584595,-0.0055675386
631221284,631221188,-0.0053606643,0.005130212,0.00026825164
631223790,631223688,-0.0027404588,0.0050143297,-0.002991875
631227537,631227437,-0.0037078962,0.006240017,-0.002924467
631231322,631231219,-0.00591472,0.0076538674,0.00029561433
631235088,631234982,-0.006375877,0.009396702,0.0013348386
631238791,631238687,-0.007568681,0.010146205,0.0058259903
631241286,631241190,-0.0049674767,0.010011409,0.0048469896
631245079,631244978,-0.004815113,0.008340324,0.007749071
631248789,631248687,-0.0037024987,0.0073253466,0.009118329
631252542,631252439,-0.0036310432,0.005614391,0.006350553
631256283,631256188,-0.005905939,0.006110917,0.003995919
631258789,631258688,-0.0061579854,0.006953039,0.004622138
631263794,631263690,-0.006242682,0.007959499,0.00394078
631266288,631266187,-0.006855413,0.008967251,0.0043105716
631270077,631269978,-0.0037756606,0.00905884,0.00029363995
631273792,631273688,-0.0035785984,0.009414509,0.0004755421
631276320,631276214,-0.0025066475,0.009494046,-0.001598166
631280086,631279982,-0.0052395067,0.006224987,-0.003206286
631283800,631283691,-0.0069895317,0.004253162,-0.0062043574
631287540,631287438,-0.00726332,0.005584676,-0.006918341
631291307,631291212,-0.007845083,0.008035113,-0.0054025506
631293791,631293688,-0.0038700716,0.008438233,-0.006302942
631297541,631297437,-0.0034463275,0.009180181,-0.0043306276
631301297,631301190,-0.002614343,0.008833267,-0.0042106044
631305093,631304982,-0.0037936426,0.008517967,-0.0043124286
631308791,631308687,-0.008233669,0.006904571,-0.0026860263
631311298,631311193,-0.007011445,0.0060051503,-0.0038397987
631315085,631314982,-0.007786198,0.005909062,0.0014910543
631318790,631318688,-0.0052294475,0.007819955,0.0022865864
631322531,631322437,-0.0021581666,0.008601133,0.004628481
631326291,631326188,-0.0031360066,0.010223934,0.0067527657
631328787,631328687,-0.0027051293,0.008826492,0.004363682
631332541,631332438,-0.007644677,0.009085028,0.0055738403
631336314,631336212,-0.008666077,0.005313014,0.0039437865
631340092,631339981,-0.005983013,0.0064186966,0.0028891389
631343794,631343689,-0.005394865,0.007208458,0.0056042857
631346288,631346188,-0.0030828682,0.007760915,0.0032652458
631350078,631349978,-0.0037711256,0.010304429,0.0042885426
631353782,631353688,-0.0029391067,0.009178048,0.0017662955
631357539,631357438,-0.0044303522,0.008636751,-0.00024363869
631361296,631361190,-0.00857171,0.0072174207,-0.0003863303
631363793,631363688,-0.0079877945,0.0056237723,-0.0034319835
631367542,631367437,-0.0064957985,0.007113508,-0.0023802465
631371287,631371190,-0.002820565,0.005132561,-0.005818462
631375092,631374988,-0.0012799288,0.0101371,-0.004172003
631378791,631378688,-0.004073427,0.010092617,-0.003873004
631381314,631381212,-0.004257658,0.008630068,-0.0046163895
631385082,631384980,-0.007919543,0.00831401,-0.0027283342
631388788,631388687,-0.007966473,0.0053221392,-0.0040307054
631392542,631392439,-0.0060154726,0.0061918716,-0.0028888418
631396316,631396212,-0.0046279365,0.007069769,-0.0022154385
631398789,631398687,-0.0007741215,0.0078865355,-0.0028783544
631403795,631403689,-0.0028057524,0.011168907,-1.8281962e-05
631406289,631406188,-0.004498649,0.008335345,0.0002781941
631410077,631409978,-0.0071733277,0.007832414,0.003621904
631413798,631413695,-0.009317633,0.0065499344,0.0038214119
631416287,631416187,-0.006708088,0.0059722047,0.0022300265
631420086,631419982,-0.0052996227,0.007887101,0.0027849488
631423793,631423690,-0.0016315093,0.006438133,0.0016751522
631427540,631427438,-0.0018018937,0.009695178,0.0043385127
631431291,631431188,-0.0053081936,0.008578042,0.0046528513
631433791,631433688,-0.0061920974,0.009936327,0.0037322417
631437538,631437437,-0.008935766,0.009199782,0.0058255782
631441322,631441217,-0.0066409474,0.0059233117,0.0024751285
631445085,631444982,-0.004013683,0.005115322,0.002699334
631448790,631448687,-0.0022004077,0.006223239,0.00019559616
631451295,631451192,-0.0015764831,0.008898606,-0.00090467563
631455087,631454978,-0.0033507727,0.009555629,-0.0011333395
631458788,631458687,-0.0057184375,0.0070636286,-0.0023994434
631462542,631462438,-0.007849592,0.008894199,-0.00074859447
631466292,631466188,-0.0074647386,0.006019058,-0.0018541085
631468789,631468688,-0.005437608,0.0075951624,-0.0020388404
631473795,631473689,-0.0017419024,0.00679384,-0.0054553254
631476287,631476187,-0.0019651193,0.0067132884,-0.0066875066
631480086,631479982,-0.0031999548,0.008673868,-0.0044809137
631483795,631483690,-0.006167321,0.008611079,-0.004465314
631486313,631486212,-0.0072391736,0.008857645,-0.0005638066
631490095,631489982,-0.007943461,0.0077901776,-0.0007314266
631493796,631493690,-0.006419724,0.0072337356,-8.498338e-05
631497540,631497438,-0.0037049542,0.0076061846,0.0012675257
631501316,631501213,-0.0031781693,0.0059981076,-0.00045305982
631503791,631503688,-0.0025933275,0.009645055,0.0010023528
631510088,631509984,-0.0055843075,0.0081088925,0.0021311028
631511289,631511188,-0.007531079,0.008722715,0.0030721638
631515079,631514979,-0.007449116,0.0073129144,0.004672206
631518778,631518687,-0.007719299,0.0067234375,0.004705633
631521281,631521188,-0.0051085344,0.009477156,0.0047181146
631525079,631524979,-0.0032072645,0.0071913195,0.0019115513
631528787,631528687,-0.002946602,0.00829812,0.00095785444
631532539,631532438,-0.003166392,0.006669056,8.913828e-05
631536277,631536186,-0.00645644,0.006856955,-0.00010561446
631538788,631538687,-0.007400232,0.010422976,-0.00035762996
631542536,631542437,-0.007422895,0.00760399,0.00043431294
631546311,631546211,-0.0054656877,0.0073244255,-0.00075631164
631550081,631549980,-0.0020395578,0.007049009,-0.0016228012
631553789,631553688,-0.003010594,0.006886504,-0.002969003
631556281,631556188,-0.003463662,0.009468141,-0.007174045
631560083,631559982,-0.0053261444,0.0054088705,-0.0048129293
631563788,631563687,-0.0062573026,0.0061164033,-0.0046029147
631567537,631567437,-0.005960058,0.0067359908,0.00011538381
631571286,631571188,-0.006246689,0.008423509,0.0009961457
631573790,631573688,-0.0042572254,0.009400712,-0.00065844005
631577536,631577437,-0.0033423936,0.0072282357,0.00091884803
631581290,631581188,-0.0030029223,0.0069362656,-0.0020891472
631585086,631584980,-0.004331878,0.00712631,-0.00024310059
631588790,631588687,-0.007993177,0.0073314523,0.00053644815
631591312,631591210,-0.0058260793,0.0067412145,6.418054e-05
631595078,631594979,-0.00694769,0.006810876,0.0063411314
631598785,631598687,-0.0045629162,0.007776511,0.0021472091
631602529,631602437,-0.0040131724,0.010921867,0.005353093
631606307,631606211,-0.0054395823,0.008509348,0.0013442923
631608786,631608687,-0.0034753527,0.0058667595,-0.0014631004
631612540,631612438,-0.006522302,0.006276438,-0.00018576888
631616286,631616187,-0.006734583,0.007336667,-0.002278335
631620082,631619977,-0.0064246957,0.008177804,0.0027856808
631623788,631623687,-0.0061910665,0.008472934,-0.0007233918
631626287,631626187,-0.003056027,0.008438035,-0.0004129827
631630080,631629980,-0.0046666977,0.010248663,0.00023720205
631633796,631633691,-0.004470498,0.008171562,-0.0020325067
631637532,631637438,-0.00547228,0.007954148,-0.0034033651
631641288,631641187,-0.0067302375,0.0041918755,-0.0023522237
631643788,631643687,-0.0053250887,0.006205776,-0.001911915
631647536,631647436,-0.0062090484,0.009321643,0.0019329437
631651314,631651213,-0.0041420013,0.008879365,0.0009178981
631655088,631654980,-0.0035902564,0.010779296,0.0013022646
631658788,631658687,-0.004513695,0.0065588425,-7.010192e-06
631661288,631661188,-0.004710539,0.007374093,6.734627e-05
631665076,631664978,-0.007040325,0.0070853215,-0.00017328364
631668778,631668687,-0.0063352976,0.0039542215,0.00036301688
631672539,631672437,-0.004903471,0.007856437,0.002122894
631676287,631676187,-0.0041395295,0.007969101,0.0022702606
631678787,631678687,-0.0043952074,0.010886844,0.0018202157
631682538,631682437,-0.0049301023,0.010084506,0.001488856
631686276,631686186,-0.005088945,0.0058247033,-0.0007812265
631690081,631689980,-0.0064369994,0.0056346897,-0.00050720037
631693789,631693687,-0.006561706,0.004686458,-0.0020156684
631696314,631696214,-0.00617437,0.0064592017,0.001213874
631700081,631699980,-0.004826517,0.0065573594,-0.0007925107
631703788,631703687,-0.0028055354,0.008556794,-0.00012502143
631707536,631707437,-0.0042658183,0.011475619,0.00054025196
631711313,631711211,-0.006280387,0.00942657,-0.00025797376
631713791,631713692,-0.0066087767,0.0065206722,-0.00039815475
631717538,631717437,-0.0066584894,0.003317424,-0.0011653865
631721281,631721188,-0.005067136,0.0043995893,-0.0020175558
631725080,631724980,-0.0040966324,0.008923962,-0.00038219095
631728786,631728687,-0.0038712877,0.009998284,-0.00020135469
631731287,631731187,-0.002088964,0.010795711,0.0014432898
631735080,631734980,-0.005341637,0.008027145,0.0002432909
631738786,631738687,-0.0071941866,0.007439148,0.00026511488
631742542,631742437,-0.0076934947,0.0066557485,-0.0011449512
631746285,631746186,-0.006052077,0.0058541647,-0.0018284118
631748786,631748687,-0.0022549157,0.0056005935,-0.00056971755
631752536,631752437,-0.002526798,0.007212936,0.0006112644
631756305,631756211,-0.0039995797,0.011718398,0.0011162118
631760081,631759980,-0.006384143,0.010232185,0.0012967606
631763788,631763687,-0.008005717,0.008427083,0.0020897444
631766288,631766188,-0.007629966,0.0075504943,0.0011254491
631770084,631769978,-0.0070533813,0.005052828,0.0014351164
631773787,631773687,-0.0039260485,0.006364946,-0.00032215597
631777538,631777437,-0.0022715477,0.0071886247,0.0025116117
631781288,631781188,-0.003473255,0.008946458,0.0019708807
631783788,631783687,-0.0054442124,0.011427683,0.0028237135
631787531,631787437,-0.008291855,0.009562315,0.0019670725
631791289,631791188,-0.007606376,0.008926119,-2.9526556e-05
631795080,631794979,-0.006569536,0.0047660656,0.0005421101
631798787,631798687,-0.0035583442,0.0050773923,-0.001968299
631801313,631801212,-0.0024085082,0.007325499,-0.0017884324
631805087,631804980,-0.0033158537,0.00895487,-0.0016965095
631808790,631808687,-0.0038631884,0.008768697,-0.004466504
631812537,631812437,-0.0071241623,0.010708118,-0.00088084716
631816312,631816211,-0.008095541,0.007288443,-0.0020207996
631818778,631818687,-0.007724956,0.008368148,-0.0015562194
631822538,631822437,-0.0060931807,0.0055903695,-0.0026803897
631826288,631826188,-0.001113739,0.0041358857,-0.0065053888
631830077,631829979,-0.0013896717,0.00736983,-0.0008585266
631833788,631833687,-0.0040936423,0.008033071,-0.0006165212
631836277,631836187,-0.006067454,0.009799988,0.001440621
631840086,631839980,-0.008821864,0.009155053,0.002999688
631843789,631843688,-0.006533938,0.0051609515,8.402764e-05
631847536,631847437,-0.0047907773,0.0076645375,0.0032264597
631851281,631851187,-0.0025517861,0.006311761,0.0009706646
631853790,631853687,-0.001392245,0.004112882,0.0020228217
631857536,631857437,-0.003047896,0.005962116,0.0027581218
631861313,631861211,-0.004804452,0.0073533985,0.0019004536
631865080,631864980,-0.009093901,0.013254041,0.0047157626
631868781,631868687,-0.008426349,0.00827888,0.0014640071
631871281,631871188,-0.005383716,0.0063978354,0.0013313259
631875078,631874979,-0.0037581762,0.007313083,0.00012792472
631878784,631878687,-0.0011796174,0.0070004477,-0.00092165574
631882538,631882437,-0.0040926896,0.010064186,0.0002528381
631886280,631886188,-0.00598023,0.005199399,-0.0021342046
631888786,631888687,-0.006678614,0.00893384,-0.0029218073
631892537,631892437,-0.008993116,0.010551842,-0.00015287715
631896286,631896187,-0.0069422144,0.00883302,-0.0025730503
631900082,631899980,-0.005323041,0.010205914,-0.000894977
631903789,631903687,-0.0017042557,0.004878784,-0.0051159724
631906310,631906210,-0.002349921,0.008016845,-0.0007129181
631910080,631909980,-0.0052067763,0.008423609,-0.0003994473
631913790,631913690,-0.0069252905,0.006162416,-0.0030223597
631917533,631917437,-0.008094434,0.009425406,-0.00038531335
631921304,631921211,-0.0058622328,0.0066398317,-0.00069497264
631923787,631923687,-0.006333078,0.010322582,0.0040586414
631927537,631927437,-0.004378777,0.008784903,0.0002636746
631931287,631931188,-0.0020364013,0.0069208145,-0.001949568
631935078,631934979,-0.0029077576,0.0062786774,-0.00049393036
631938786,631938687,-0.005235613,0.0052180276,0.0017151646
631941287,631941187,-0.008155847,0.007981881,0.0029246411
631945081,631944980,-0.008013973,0.007978154,0.00032863245
631948787,631948687,-0.005628361,0.007454029,-5.4013228e-05
631952530,631952437,-0.003226142,0.007295644,0.00051958516
631956279,631956187,-0.002395368,0.007527842,0.0029562488
631958787,631958687,-0.0029229727,0.009637804,0.0024830701
631962538,631962437,-0.004538578,0.004863785,-0.0009747339
631966311,631966211,-0.0063669397,0.0052723545,-0.00045858187
631970089,631969980,-0.007165711,0.0067846905,-0.0011957326
631973788,631973687,-0.006274582,0.0072992607,0.0017287439
631976288,631976188,-0.005358953,0.009858457,0.0010072702
631980079,631979979,-0.0023341677,0.0068969927,-0.00056625955
631983787,631983687,-0.0023303342,0.008453706,-0.00089416176
631987537,631987437,-0.004095584,0.006940645,-0.0012448792
631991290,631991188,-0.0065998305,0.0063572787,-0.002498014
631993788,631993687,-0.0075667277,0.0066565676,-0.0012082577
631997539,631997438,-0.0069836527,0.0064288517,-0.002428062
632001280,632001188,-0.0052114474,0.008540219,-0.0008240054
632005081,632004980,-0.0036077753,0.010291447,-0.00011184323
632008787,632008687,-0.0034376078,0.009814157,-0.0015063589
632011315,632011211,-0.0034942033,0.008351744,-0.00097473816
632015084,632014982,-0.0061092386,0.004149738,-0.0013742581
632018786,632018687,-0.006677065,0.0056222146,-0.0016347372
632022538,632022437,-0.007481212,0.007203189,0.00029544436
632026313,632026212,-0.0058459495,0.009675404,-8.086338e-05
632028785,632028687,-0.003809002,0.008660606,0.0028418235
632032538,632032437,-0.00410073,0.009418911,0.0028844422
632036279,632036188,-0.0029109127,0.008809892,0.00059103477
632040077,632039978,-0.0053651994,0.0071021756,0.0010437665
632043788,632043687,-0.007314873,0.0049506254,0.0003990452
632046285,632046187,-0.006400117,0.0048246738,0.002416319
632050081,632049980,-0.0068230713,0.007095052,0.002336109
632053790,632053688,-0.0033120029,0.008737674,0.0006854601
632057536,632057437,-0.0036831938,0.011086201,0.0022020417
632061288,632061188,-0.0039874995,0.008764331,0.0018248465
632063788,632063687,-0.003532759,0.007125839,-9.416784e-06
632067529,632067437,-0.0070901467,0.0061002416,-0.00042213374
632071306,632071212,-0.0062010633,0.004434401,-0.0019487184
632075080,632074980,-0.0070774835,0.0075066984,-0.0004696905
632078788,632078687,-0.0045139627,0.0074659484,-9.139245e-05
632081288,632081188,-0.0023512198,0.010057857,-0.0024728414
632085083,632084978,-0.004550978,0.010775554,-0.00022237893
632088786,632088687,-0.0038008401,0.00818568,-0.0023561588
632092540,632092438,-0.007206172,0.008418974,0.0006432749
632096288,632096187,-0.007254785,0.0038555309,-0.0024436344
632098786,632098687,-0.0061545186,0.005712454,-0.0029251396
632102530,632102437,-0.0064712698,0.007560166,0.000643295
632106290,632106187,-0.0016773432,0.008085408,-0.0010246786
632110080,632109979,-0.003885463,0.011815397,0.003052212
632113792,632113688,-0.004731486,0.008473152,-0.0012756615
632116310,632116211,-0.005629582,0.008949414,0.0010281692
632120088,632119980,-0.008339213,0.0061684893,0.0029979548
632123789,632123687,-0.0052064713,0.0047171605,-0.0005515755
632127535,632127436,-0.0048746634,0.0073636,0.001598922
632131312,632131211,-0.0027349468,0.007847188,-0.0005342209
632133780,632133687,-0.002743519,0.008692514,0.0022122355
632137538,632137437,-0.0052616815,0.010020448,0.0018709478
632141288,632141188,-0.004924641,0.008452934,0.00069638534
632145078,632144979,-0.0071131987,0.0067125866,0.00014334334
632148786,632148687,-0.006259923,0.0040604286,0.00057191076
632151280,632151187,-0.0050077187,0.0058683255,-0.000166007
632155083,632154980,-0.0035175746,0.006317915,9.223098e-05
632158787,632158687,-0.0015117015,0.0084336735,-0.0009875186
632162537,632162437,-0.004463201,0.009965408,0.00023194855
632166285,632166187,-0.007060388,0.008123632,0.00085017894
632168786,632168687,-0.0073277866,0.008228975,-0.0008901685
632172537,632172437,-0.006926264,0.0055039707,6.566445e-05
632176312,632176211,-0.0038624462,0.0059272624,-0.0010118838
632180083,632179982,-0.0033977882,0.007413183,0.00020765902
632183782,632183687,-0.0031841106,0.0084291445,-0.0011517085
632186280,632186188,-0.0041173557,0.009803825,-0.002414475
632190077,632189978,-0.006434668,0.010077898,-0.00038424082
632193787,632193687,-0.0067376867,0.008719014,-0.0015709428
632197541,632197437,-0.007255313,0.0076836245,0.00055997324
632201281,632201187,-0.0050719087,0.0052753114,-0.00012233306
632203788,632203687,-0.0036119337,0.007401452,-0.001550225
632207537,632207437,-0.0027381375,0.008342681,-0.0010927396
632211288,632211188,-0.003228185,0.008649,-0.00023219116
632215082,632214980,-0.0065830564,0.008532578,0.0009553208
632218787,632218687,-0.008110425,0.008137977,-7.2145165e-05
632221305,632221211,-0.0076263216,0.00972398,-0.0003863764
632225080,632224980,-0.005911501,0.007891246,0.0009496828
632228786,632228687,-0.0026494297,0.0046083382,0.0021404594
632232537,632232437,-0.0025012742,0.0042086844,0.0012683424
632236304,632236211,-0.003961965,0.0070736967,-0.0004993103
632238785,632238687,-0.0051775407,0.00949194,0.001905817
632242543,632242438,-0.008268982,0.007909502,0.0004002761
632246287,632246187,-0.006598209,0.00546522,0.0006873016
632250077,632249978,-0.005727601,0.0055369227,0.00071107206
632253788,632253687,-0.0038135524,0.0071985936,0.0024519511
632256285,632256187,-0.001917294,0.005734936,0.0012853721
632260082,632259980,-0.0033889662,0.0058386307,-0.0006511923
632263788,632263687,-0.0037889592,0.0067239227,-0.0017165631
632267530,632267437,-0.007835024,0.00930329,-0.0018073957
632271280,632271188,-0.008174101,0.00809953,-0.00037561555
632273789,632273687,-0.0061082565,0.007107266,-0.0014853528
632277536,632277437,-0.004364504,0.0073226276,-0.00011285422
632281312,632281211,-0.0015919637,0.007335985,-0.0004638542
632285088,632284980,-0.00456202,0.00847865,0.00035701747
632288787,632288687,-0.0056236736,0.0075808675,-0.00200265
632291288,632291188,-0.0057831956,0.0070166565,-0.0009386101
632295078,632294979,-0.00853647,0.0077010244,-0.0009995832
632298785,632298687,-0.0063252104,0.008796036,0.00017730884
632302538,632302437,-0.006231517,0.008540192,0.0023613242
632306292,632306188,-0.0027073773,0.00788075,0.00039718428
632308790,632308688,-0.0025215275,0.009024009,0.0012938826
632312537,632312437,-0.005294992,0.007368124,0.0022511685
632316277,632316187,-0.005849804,0.0080405995,-0.001783032
632320088,632319980,-0.008996223,0.0076303403,0.00018552573
632323788,632323687,-0.006246147,0.0066600884,-0.002439412
632326312,632326211,-0.0058163623,0.009144517,0.0019328732
632330083,632329980,-0.004130856,0.007831261,0.0008145084
632333781,632333688,-0.0015473545,0.009085268,1.2610354e-05
632337535,632337437,-0.0041718152,0.0069577913,0.001282727
632341315,632341211,-0.005385275,0.00502469,-0.0029629986
632343788,632343688,-0.007972045,0.0075659845,-0.0005938595
632347537,632347437,-0.008442503,0.0062098885,-8.457062e-05
632351281,632351187,-0.00458194,0.006395698,-0.00052473444
632355076,632354978,-0.0028775856,0.008087684,0.0001360341
632358785,632358687,-0.0022571874,0.0075865993,0.0017033416
632361287,632361188,-0.0036666214,0.009379824,0.0026702825
632365081,632364980,-0.0056209955,0.0058903755,0.00037513152
632368786,632368687,-0.006468127,0.005166493,-0.002225963
632372537,632372437,-0.007828306,0.005620571,-0.0007166165
632376285,632376187,-0.0063818227,0.0074818702,-0.00079400704
632378786,632378687,-0.0043108705,0.008470719,-0.00072198454
632382536,632382437,-0.0021030726,0.006706144,0.00046767088
632386305,632386211,-0.0023716802,0.009677665,0.0016120826
632390080,632389980,-0.006485774,0.009764379,0.0021408536
632393788,632393687,-0.007986375,0.007574404,-0.0013830301
632396288,632396187,-0.0074736853,0.006276011,-0.004075227
632400076,632399978,-0.00624238,0.00479429,-0.0021728654
632403787,632403687,-0.004024363,0.00823167,-0.0019253424
632407539,632407437,-0.0038003565,0.009295015,0.0031920713
632411288,632411188,-0.0036692903,0.010341819,0.0009029012
632413787,632413687,-0.0041127284,0.009707081,0.000424188
632417530,632417437,-0.0066071795,0.0073044533,0.00017788672
632421280,632421188,-0.0070763053,0.0066114394,-0.0012660231
632425081,632424979,-0.007253587,0.005914766,-0.00053047086
632428787,632428687,-0.005318211,0.006355877,-0.0013392753
632431314,632431212,-0.0027422889,0.0074873306,0.0006883647
632435088,632434980,-0.002592486,0.008317721,0.0041059875
632438788,632438687,-0.0030765405,0.00996791,0.002610474
632442537,632442437,-0.00656177,0.008699213,0.0023237804
632446311,632446211,-0.008428189,0.006099367,3.7830567e-05
632448785,632448687,-0.007106669,0.0057905754,0.0010163968
632452538,632452437,-0.0058241202,0.0053779595,0.00021534113
632456287,632456188,-0.0034152,0.0069262474,-2.3612087e-05
632460080,632459979,-0.00272152,0.008770141,0.0006063309
632463788,632463687,-0.0040625175,0.008037549,4.538054e-06
632466276,632466186,-0.005137743,0.009956982,0.0022822951
632470087,632469979,-0.008432694,0.008145461,0.0022685477
632473788,632473688,-0.008023089,0.006831732,-0.0010180062
632477537,632477437,-0.006758898,0.0045915693,-0.003039331
632481287,632481187,-0.0033740818,0.005268409,-0.003684222
632483788,632483687,-0.0024415313,0.009050591,-0.00060903956
632487535,632487437,-0.0029199617,0.008947066,0.00068369694
632491313,632491211,-0.0045626005,0.008006583,-0.0019874026
632495081,632494980,-0.0074862298,0.007188276,-5.38547e-05
632498788,632498687,-0.008464593,0.0059381146,-0.0024545346
632501281,632501188,-0.0072971066,0.0068332395,-0.0013093546
632505092,632504991,-0.004420573,0.0052858074,-0.0032317464
632508786,632508687,-0.0011812109,0.006007861,-0.00087810523
632512539,632512437,-0.0028576204,0.009644063,-0.0009819394
632516281,632516188,-0.004726272,0.010411533,0.0025039276
632518787,632518687,-0.006382014,0.008024466,0.0017696146
632522537,632522437,-0.0078317905,0.0057073985,-0.0006473755
632526285,632526187,-0.0065039974,0.006139119,0.00051662186
632530080,632529980,-0.005398103,0.00823862,0.0017014956
632533788,632533688,-0.002902041,0.0072307996,0.0016401892
632536304,632536211,-0.001821009,0.00599555,0.00083972694
632540081,632539980,-0.0031872904,0.007614606,-0.0003311648
632543788,632543687,-0.005895102,0.009356804,0.0016833702
632547541,632547437,-0.008811992,0.009864777,0.0014504141
632551312,632551212,-0.007870081,0.0066564498,0.0020097434
632553787,632553687,-0.0061261193,0.0046121525,0.0009402834
632557537,632557437,-0.004026101,0.005479584,-0.0014020277
632561291,632561190,-0.0019838812,0.009242763,-0.0006109519
632565077,632564978,-0.004175815,0.0092317965,-0.00077879144
632568786,632568687,-0.0056464695,0.0070005646,-0.00063420174
632571289,632571188,-0.007336115,0.008274059,0.0013463447
632575079,632574979,-0.008544917,0.0076145693,0.000815418
632578787,632578687,-0.006834273,0.00868308,0.0017996635
632582531,632582437,-0.005104086,0.0070587955,-0.0002917368
632586277,632586186,-0.0014800623,0.0063297763,-0.002224118
632588788,632588687,-0.003227078,0.008724687,0.0005589948
632592542,632592440,-0.0058407686,0.0070987977,-0.00064129016
632596316,632596214,-0.0075745266,0.010329058,0.0014824417
632600082,632599979,-0.008890103,0.008139399,0.0008465569
632603788,632603687,-0.005061873,0.007190336,-0.0016951083
632606293,632606188,-0.006121671,0.009414464,0.0025001983
632610078,632609979,-0.003750897,0.008258578,-0.00044534725
632613786,632613687,-0.0023038806,0.009013302,-0.0013142907
632617537,632617437,-0.0045093917,0.006259606,-0.0017464145
632621292,632621192,-0.006046005,0.006276865,-0.0020228128
632623788,632623687,-0.008835789,0.01007945,0.001791967
632627538,632627438,-0.0075511285,0.0059233936,0.0016260219
632631287,632631188,-0.0037174628,0.008220579,0.0015483443
632635089,632634980,-0.0024211213,0.0065642325,0.0032004823
632638788,632638687,-0.0028343005,0.007706322,-0.0015644532
632641313,632641211,-0.0045380234,0.007708045,-0.0007854009
632645081,632644980,-0.005999406,0.0063731354,-0.0021289636
632648779,632648687,-0.00619171,0.0062350943,0.00090219785
632652536,632652437,-0.007126196,0.0055165677,0.0031755941
632656310,632656210,-0.0057237707,0.0067436974,0.0017049283
632658785,632658687,-0.0038315174,0.008822365,0.002139946
632662537,632662437,-0.0016998319,0.0051994193,0.0009042188
632666282,632666188,-0.0032058053,0.0059347935,-0.0026399407
632670078,632669979,-0.0062396345,0.0072931843,-0.003117592
632673788,632673687,-0.008141854,0.0082281,-0.0027734272
632676286,632676187,-0.007367614,0.004888241,0.00027916158
632680075,632679977,-0.0055059763,0.0056032515,0.00087553746
632683788,632683687,-0.0035432077,0.009105842,0.0005935896
632687539,632687438,-0.0032354235,0.011238676,0.00045448498
632691288,632691188,-0.004213205,0.008748701,-0.0025554828
632693789,632693688,-0.0049983864,0.0054468974,-0.0022219985
632697536,632697437,-0.0067425924,0.006724371,-0.002559143
632701303,632701211,-0.007038313,0.008742787,-0.0020595368
632705081,632704980,-0.0068697995,0.00986753,0.0023917942
632708788,632708687,-0.003950228,0.008952243,0.0013338176
632711290,632711188,-0.0026497932,0.008230171,0.002920024
632715081,632714979,-0.0038879425,0.009511262,0.00033388805
632718786,632718687,-0.0048152544,0.008531251,-0.0014695372
632722537,632722437,-0.008635421,0.00806164,-0.0012603593
632726289,632726188,-0.006562086,0.004410576,0.0008437315
632728787,632728687,-0.0062611317,0.007829787,0.0022834742
632732532,632732438,-0.005301941,0.009291193,0.004187117
632736278,632736187,-0.0030252386,0.010782301,0.002203252
632740075,632739977,-0.004407885,0.009638892,0.0010803147
632743788,632743687,-0.0043778014,0.005741595,-0.0012828364
632746309,632746210,-0.007373496,0.0069610793,-0.00060821744
632750088,632749979,-0.007623344,0.005369201,-0.0020781802
632753791,632753688,-0.00529666,0.004997732,-0.0016860659
632757538,632757437,-0.0042516645,0.0073124287,0.0005709663
632761310,632761210,-0.0025235182,0.0074808784,-0.0011793397
632763787,632763687,-0.004630994,0.011580133,-0.000118758915
632767537,632767437,-0.004586461,0.009270616,-0.0023773585
632771291,632771189,-0.0062353606,0.0060558855,-0.0028106286
632775081,632774980,-0.007313294,0.003745792,-0.0025637532
632778786,632778687,-0.0053146663,0.0030853448,-0.00089907274
632781289,632781188,-0.0061704777,0.0072269384,0.0024249412
632785084,632784978,-0.0029060314,0.008574299,0.0009686442
632788786,632788687,-0.0031413715,0.008874608,0.0030180656
632792539,632792438,-0.004789214,0.009841541,0.0012289505
632796288,632796188,-0.006202244,0.0076780794,0.0003440322
632798779,632798687,-0.008487663,0.007556768,0.0018575323
632802537,632802437,-0.0050134487,0.0029096704,-0.0013746026
632806310,632806209,-0.003933964,0.0055233897,0.001246427
632810080,632809980,-0.003511154,0.006919268,0.00083311286
632813788,632813687,-0.0037316445,0.009456246,0.0023233616
632816281,632816187,-0.004840304,0.010564191,0.0019890196
632820081,632819980,-0.0041431626,0.008155137,-0.0017964694
632823787,632823687,-0.0067478884,0.007551782,-0.00074443745
632827537,632827437,-0.007143149,0.0054496815,-0.0023995184
632831288,632831188,-0.0056142583,0.005274749,-0.0015270038
632833787,632833687,-0.003527571,0.006387236,0.0005792918
632837539,632837438,-0.0020605251,0.0064492254,-0.003760628
632841288,632841188,-0.0043797474,0.0102602085,0.002442533
632845076,632844978,-0.006758677,0.009875431,-0.00025523733
632848780,632848687,-0.007297795,0.009127902,0.00052636117
632851303,632851210,-0.007834848,0.0056804647,0.0001520584
632855081,632854980,-0.005370822,0.004007415,-0.0024212745
632858787,632858687,-0.0042117783,0.006271934,-0.00044927362
632862538,632862437,-0.0029816714,0.008499637,0.00094643724
632866310,632866210,-0.0034577518,0.009193403,0.0002046763
632868787,632868687,-0.00661175,0.010727769,0.0031572655
632872537,632872437,-0.0072693066,0.008049879,0.00056257326
632876288,632876187,-0.0076702335,0.008841837,0.0010337927
632880081,632879980,-0.0058968863,0.0039734277,0.0009721825
632883789,632883687,-0.0029788848,0.0050672684,-0.00276986
632886279,632886188,-0.0036238884,0.0064462754,0.0007435622
632890076,632889978,-0.002935108,0.008833137,-0.0007949607
632893787,632893687,-0.005156374,0.010019107,0.0011043088
632897541,632897438,-0.007900606,0.009150937,0.0011612729
632901283,632901188,-0.0072440924,0.0072743013,-0.0017840712
632903788,632903687,-0.00741963,0.00926735,0.00024041893
632907538,632907437,-0.0043548676,0.004407215,-0.002492136
632911311,632911211,-0.0020806824,0.0052532516,-0.00044980895
632915082,632914980,-0.003166351,0.006542496,2.9917523e-05
632918788,632918687,-0.004555576,0.009408791,-0.0013223329
632921288,632921188,-0.0070287464,0.010075399,0.002069215
632925081,632924980,-0.0074356133,0.008113448,-0.0005462287
632928787,632928687,-0.006272175,0.007430582,0.0007873873
632932538,632932437,-0.0052134185,0.0070610614,0.0011992798
632936281,632936187,-0.0020974774,0.0051704505,-0.0012732389
632938786,632938687,-0.0024611198,0.0070926095,0.0014187617
632942539,632942438,-0.0030402958,0.005893082,-0.0008316787
632946288,632946188,-0.0063334075,0.010286601,-0.00063605973
632950084,632949978,-0.009094609,0.009554425,0.0019206667
632953788,632953687,-0.0066863587,0.007579723,-0.0007398279
632956309,632956210,-0.006351313,0.006566012,0.00046738965
632960082,632959980,-0.0028207146,0.005614489,-0.00055103505
632963789,632963688,-0.0021520173,0.007526489,-0.0017470901
632967537,632967437,-0.0041206405,0.007961597,0.00071701204
632971317,632971211,-0.0058028763,0.0067457776,-0.0031370486
632973788,632973687,-0.008494563,0.009050675,0.0017127472
632977537,632977437,-0.008102025,0.0067270426,0.0016044099
632981281,632981188,-0.006221197,0.008367584,0.0018427819
632985089,632984980,-0.003726933,0.00743029,0.0018606532
632988787,632988687,-0.0013651483,0.0069638263,-0.0017166164
632991288,632991188,-0.0037157687,0.007245836,0.00078189885
632995076,632994978,-0.005186269,0.0064827767,-0.001523537
632998786,632998687,-0.007952339,0.0077855075,0.001378581
633002539,633002438,-0.007889387,0.009053138,0.00027304067
633006292,633006188,-0.0052846754,0.006609269,-9.273468e-05
633008787,633008687,-0.005351014,0.00968263,-9.842116e-05
633012538,633012437,-0.0014909531,0.007260388,-0.00022436956
633016309,633016210,-0.0026601003,0.008442988,-0.0028097183
633020083,633019980,-0.005001716,0.0059676776,-0.0013242812
633023788,633023687,-0.007360182,0.00546226,-0.0021685644
633026287,633026188,-0.009236286,0.008758581,-0.0016724148
633030080,633029980,-0.006330939,0.0077232923,-0.00151009
633033787,633033687,-0.003849843,0.008742096,0.0003359241
633037536,633037437,-0.0024751606,0.007868414,0.0015380885
633041289,633041188,-0.0026247571,0.0068979417,-0.000907319
633043787,633043687,-0.0044652233,0.007363987,-0.002098881
633047532,633047438,-0.0061943205,0.005095258,-0.002307305
633051281,633051188,-0.0076654665,0.006814113,0.00014102981
633055076,633054978,-0.0077071157,0.0074606,0.002089822
633058787,633058687,-0.0045814808,0.009352707,0.002746894
633061311,633061211,-0.0032721674,0.008110414,0.00041891375
633065083,633064980,-0.0022903061,0.007635279,0.0009510526
633068786,633068687,-0.0032885722,0.007390701,-0.00046487455
633072537,633072437,-0.0067879464,0.006235178,0.0013433236
633076310,633076211,-0.007647948,0.005817807,0.0005448777
633078787,633078687,-0.007987042,0.0056055044,-0.00031211486
633082537,633082437,-0.0058910707,0.0074424953,0.0007240653
633086287,633086188,-0.003398371,0.010994609,0.0009811402
633090081,633089980,-0.0033728958,0.009714273,0.0007610156
633093789,633093687,-0.0028218697,0.00749094,-0.0018270138
633096288,633096188,-0.004966888,0.0062421877,-0.0029223855
633100087,633099980,-0.0070500094,0.0051921927,-0.0015649128
633103788,633103687,-0.007682714,0.00725927,-0.0013091275
633107539,633107437,-0.0075940886,0.008425298,-0.00064571225
633111289,633111188,-0.002563363,0.008042624,-0.0023362592
633113781,633113687,-0.0027455264,0.010019609,-0.0008897831
633117536,633117437,-0.0025412,0.009695232,0.00094259647
633121310,633121210,-0.0042872378,0.008830659,0.0017518663
633125083,633124979,-0.008192875,0.0070845294,0.001124584
633128788,633128687,-0.006900303,0.0032550404,-0.002177012
633131284,633131191,-0.0077472082,0.005943133,0.0019983777
633135081,633134980,-0.0054409807,0.008460395,0.0021044998
633138787,633138687,-0.0025338463,0.010851419,0.0036681276
633142538,633142437,-0.004035628,0.011278399,0.002952299
633146287,633146188,-0.0033176034,0.0062582297,-0.00086052314
633148785,633148687,-0.0074120965,0.0065360866,0.0044628046
633152541,633152437,-0.008470107,0.0046378407,-0.00032179873
633156289,633156188,-0.0067767273,0.004749757,0.0020025356
633160076,633159978,-0.0056562754,0.0067318585,-0.0011904826
633163781,633163687,-0.0016479715,0.009051129,-0.002006479
633166304,633166210,-0.004147295,0.009884736,0.0018096799
633170083,633169982,-0.0037117263,0.0076091136,-0.0011985915
633173788,633173688,-0.0058617303,0.0058383443,0.0005552768
633177538,633177438,-0.008004203,0.0059342715,-0.0020729864
633181312,633181211,-0.006216109,0.005562992,-0.0027582457
633183788,633183687,-0.0069633513,0.0048886966,-0.0008683098
633187541,633187437,-0.0030078823,0.0059472853,-0.0010948853
633191289,633191188,-0.0020797076,0.010899869,0.00085352786
633195082,633194980,-0.0039684833,0.010184809,0.0016944424
633198786,633198687,-0.0052486127,0.0072508706,-0.000586713
633201281,633201188,-0.0073973467,0.007105328,0.0019439058
633205076,633204978,-0.005592361,0.005141871,-0.00074145786
633208791,633208687,-0.0057414863,0.005274151,0.0017424339
633212539,633212438,-0.004472323,0.007556082,0.0001884574
633216280,633216188,-0.0029817622,0.009389647,0.0011511266
633218786,633218687,-0.0036887361,0.010895587,0.0008489841
633222537,633222437,-0.0040829936,0.008500873,-0.0006456046
633226308,633226210,-0.006826487,0.00845765,0.0015609533
633230086,633229984,-0.0077418424,0.0054930854,0.00043823943
633233788,633233688,-0.0054359892,0.0066034775,-0.00090533873
633236287,633236187,-0.00543947,0.005769305,-0.0017828634
633240081,633239979,-0.003139627,0.008179402,-0.0026329933
633243788,633243687,-0.00350785,0.010548022,-0.00079554255
633247529,633247437,-0.0060079833,0.00936202,0.0015310141
633251282,633251188,-0.0057400307,0.007394801,-0.0008129561
633253788,633253687,-0.00755782,0.0067190286,0.00017763587
633257534,633257436,-0.0059362142,0.005276949,-0.0005552289
633261291,633261188,-0.003813409,0.006847442,-0.00026376353
633265087,633264979,-0.004563444,0.0074392366,0.000423548
633268787,633268687,-0.003026154,0.00701083,-0.0012781232
633271311,633271211,-0.0056075705,0.009434994,0.0019914468
633275079,633274979,-0.006030031,0.009668477,-0.00060203124
633278786,633278687,-0.005920934,0.0077502565,0.00044512504
633282539,633282438,-0.006284379,0.0047206036,0.00145118
633286310,633286210,-0.0028659124,0.0043466855,-0.0015743594
633288786,633288687,-0.0042115687,0.007166644,-0.0010093382
633292537,633292437,-0.003609507,0.009157921,-0.00094678917
633296289,633296190,-0.005034755,0.008006316,-0.00093152036
633300092,633299980,-0.0070640394,0.008389527,-0.000117546515
633303789,633303688,-0.0050594206,0.0071383496,-0.00020422805
633306292,633306188,-0.006877224,0.0073404135,0.0012329926
633310079,633309979,-0.0034874892,0.00557778,0.0012470277
633313780,633313686,-0.0033056112,0.006310178,-0.0013463164
633317537,633317437,-0.0050574476,0.007568224,0.0008235655
633321290,633321188,-0.004513826,0.009851838,-0.0022511194
633323787,633323687,-0.0076279934,0.008607942,0.0026137717
633327539,633327438,-0.006389537,0.0067354995,-0.00022551398
633331312,633331211,-0.00559871,0.006287249,0.00063899177
633335079,633334980,-0.0046632127,0.0077775666,0.0009185379
633338787,633338687,-0.0017766013,0.0073178383,-0.00064148783
633341288,633341187,-0.004481114,0.006536179,0.0025430836
633345081,633344980,-0.004664245,0.0071103135,-0.0038045621
633348786,633348687,-0.006711185,0.008616416,-0.001674038
633352537,633352437,-0.008429388,0.008631016,-0.0024741914
633356285,633356187,-0.0052249096,0.0074590873,-0.00025262695
633358787,633358687,-0.0046733315,0.0063247597,0.00042888423
633362538,633362437,-0.0017173901,0.0059869564,-0.0011045642
633366280,633366188,-0.0029912973,0.0075989403,-0.00045401198
633370080,633369979,-0.006251339,0.00833647,-0.0010742123
633373789,633373687,-0.0068021123,0.0072831707,-0.001583702
633376311,633376211,-0.008558476,0.0069478317,-0.0017390427
633380078,633379979,-0.00605261,0.00700283,-0.0014274332
633383788,633383687,-0.0044769356,0.009093348,0.00093287026
633387538,633387438,-0.0025690205,0.007908174,0.002526149
633391312,633391211,-0.0016000293,0.0068355286,0.0028753083
633393788,633393688,-0.00507832,0.007829217,0.0003932585
633397530,633397437,-0.0068850787,0.008542511,-0.0001772895
633401280,633401187,-0.008592603,0.009395906,0.0008940063
633405081,633404980,-0.0074828225,0.006558066,0.0017977618
633408790,633408687,-0.0026709205,0.0070145703,0.0002829339
633411293,633411188,-0.0038550769,0.009302942,0.0026497443
633415087,633414980,-0.0019803385,0.00974575,0.0027417918
633418786,633418687,-0.00433064,0.0088510625,0.0021962055
633422536,633422437,-0.0065434207,0.0054604253,-0.002200957
633426289,633426189,-0.0070734615,0.004963832,-0.0034084683
633428785,633428687,-0.009650809,0.007829488,-0.0015924901
633432539,633432438,-0.005504828,0.006831087,0.0006138861
633436312,633436211,-0.0028616579,0.007948731,-0.0008733056
633440076,633439978,-0.0012811619,0.0074947425,-0.00026529096
633443788,633443687,-0.0023412392,0.008367834,-0.002279777
633446277,633446187,-0.006674465,0.007302569,0.00060303754
633450088,633449980,-0.008205172,0.006507912,-0.0025769586
633453789,633453688,-0.00809779,0.0054328884,-0.00036638224
633457538,633457437,-0.0057174563,0.0067748697,-0.0022247534
633461288,633461188,-0.0023840093,0.0076985406,-0.00016853191
633463781,633463688,-0.0025903077,0.008811112,0.0015919547
633467535,633467437,-0.001633645,0.00832327,0.0013899565
633471288,633471188,-0.004281678,0.008537341,0.002300511
633475081,633474980,-0.007884403,0.0070289876,0.00027622454
633478787,633478687,-0.008025417,0.0053786347,0.00025397172
633481311,633481211,-0.007829286,0.0049797795,-0.0011352134
633485085,633484983,-0.0035356649,0.007244309,-0.00220395
633488786,633488687,-0.0016713599,0.008950713,-2.684037e-07
633492539,633492438,-0.0024485264,0.008685549,0.0025484662
633496313,633496211,-0.004516303,0.008903074,0.0032375834
633498787,633498687,-0.0061180643,0.0076393606,-9.9600344e-05
633502537,633502437,-0.0076281438,0.0062933867,-0.002428009
633506289,633506187,-0.007763796,0.006125173,-0.0020000327
633510080,633509980,-0.006061762,0.0067037786,-0.0010699087
633513788,633513687,-0.0018400066,0.0087286085,0.0002955331
633516280,633516188,-0.0019080624,0.00893099,-0.0010563782
633520080,633519980,-0.002865915,0.008512021,0.0019451707
633523789,633523687,-0.0063514463,0.009404932,0.0021552844
633527535,633527437,-0.008539431,0.0070520067,0.00077941286
633531283,633531188,-0.0067862077,0.006351835,-0.003316347
633533787,633533687,-0.007390598,0.0049630837,-0.00294326
633537538,633537438,-0.0033364953,0.006432321,-0.0025464557
633541312,633541211,-0.002410496,0.009259375,0.00035720188
633545077,633544978,-0.003459009,0.009400171,0.0011166049
633548786,633548687,-0.0046867016,0.008167728,-1.869934e-06
633551282,633551188,-0.0075084493,0.0070378,0.0009839194
633555081,633554980,-0.007592203,0.006519633,-0.0014417826
633558787,633558687,-0.0071266317,0.006083546,-0.0009483147
633562530,633562437,-0.0049133035,0.005191837,-0.002527128
633566277,633566186,-0.001950917,0.0069127292,-0.002063616
633568787,633568687,-0.0025716892,0.00913017,0.0008784387
633572537,633572437,-0.003516178,0.009814303,0.002422003
633576287,633576188,-0.006506454,0.0077243,0.0031292066
633580081,633579980,-0.0077366643,0.005171814,0.00018998144
633583788,633583687,-0.0064078146,0.0061916593,-0.00043736445
633586312,633586211,-0.005817607,0.005973085,-0.0017142022
633590077,633589978,-0.0026403705,0.007164816,-0.00036659412
633593787,633593687,-0.0020511763,0.008971625,0.0015029715
633597538,633597438,-0.004330645,0.0086824745,0.0006625314
633601305,633601211,-0.0058841356,0.009700636,0.0019561013
633603789,633603687,-0.0072543197,0.0071451934,4.6565252e-05
633607540,633607437,-0.00603381,0.0056929025,0.00034934765
633611287,633611188,-0.0056341123,0.007013329,-0.0013571598
633615087,633614980,-0.004644646,0.006766067,0.00018667581
633618787,633618687,-0.008178932,0.0046382397,-0.0020635738
633621287,633621188,-0.008682292,0.0035611757,-0.000911943
633625080,633624980,-0.010750669,0.0026242484,-0.000667453
633628788,633628687,-0.012855529,0.0027248503,0.0029378284
633632528,633632437,-0.014770662,0.00089201395,-0.00024338665
633636287,633636188,-0.010713509,0.0034277383,-0.0021456524
633638785,633638687,-0.010712192,0.0024213742,-0.0023344504
633642539,633642438,-0.009294165,0.00367198,-0.0014425679
633646311,633646211,-0.009760318,0.0038082583,-0.0011192203
633650080,633649979,-0.013016238,0.0025758278,0.0010819987
633653789,633653687,-0.01253695,0.0033524816,0.0013038171
633656286,633656187,-0.013764063,0.0026413023,0.0012676412
633660080,633659980,-0.0063294647,0.005945975,-0.0014355716
633663788,633663688,-0.0038977286,0.007841558,-0.002129197
633667538,633667437,-0.0039247824,0.0070412476,-0.000774133
633671289,633671188,-0.0031802782,0.0073758815,-0.002074887
633673788,633673687,-0.0063316096,0.005304941,0.00031841372
633677535,633677437,-0.0071032764,0.006054283,0.00065165473
633681282,633681188,-0.006514405,0.006510302,0.0026915206
633685080,633684980,-0.004969051,0.0071452213,-6.1717933e-06
633688786,633688687,-0.001767442,0.0067429375,0.00017517719
633691311,633691211,-0.003521152,0.007877984,-0.0008492667
633695079,633694979,-0.0035789667,0.008436516,-0.0013889298
633698785,633698687,-0.0056625186,0.008023667,0.0013118032
633702538,633702438,-0.007292817,0.006054835,0.0022652126
633706314,633706211,-0.0062403954,0.006716322,0.0032372873
633708789,633708687,-0.0065477104,0.008990991,-0.0012009608
633712531,633712437,-0.0033591324,0.010952852,-0.00049944915
633716280,633716187,-0.0025776327,0.00844733,-0.0017762664
633720080,633719980,-0.0032733337,0.006653643,-0.0010980264
633723788,633723687,-0.005273339,0.005513777,-0.00083116797
633726287,633726188,-0.008297485,0.0064575644,7.620933e-05
633730087,633729980,-0.0076569784,0.00667331,-1.8847502e-05
633733789,633733687,-0.0047533894,0.0067574126,-0.00075268146
633737535,633737437,-0.0026936268,0.00808544,-0.0019129631
633741290,633741189,-0.0012462824,0.008127546,-0.0021794678
633743787,633743687,-0.004285774,0.0069365376,-0.00010558656
633747538,633747438,-0.006375727,0.0042401953,-0.00092315086
633751312,633751211,-0.008546662,0.0027746414,0.0019807215
633755077,633754978,-0.008517431,0.0051544793,8.367275e-05
633758786,633758687,-0.0043236855,0.009821592,-0.0012589275
633761287,633761187,-0.002722947,0.008013147,-0.0029415132
633765082,633764978,-0.0004172699,0.009363012,-0.002319454
633768785,633768687,-0.0035886604,0.005541127,1.8335313e-05
633772538,633772437,-0.008006877,0.0040657106,0.0030339786
633776286,633776187,-0.009233367,0.004499219,0.0009948167
633778780,633778687,-0.008545034,0.005234804,0.00014258639
633782537,633782437,-0.0042148368,0.006517152,-0.003069342
633786283,633786187,-0.0013987696,0.009705964,-0.004335694
633790080,633789980,-0.001551573,0.00796459,0.00040321104
633793790,633793688,-0.0052521615,0.009300033,0.0012955532
633796317,633796211,-0.007893643,0.0043297354,0.008116935
633800077,633799978,-0.009290406,0.006273354,0.0007541188
633803788,633803687,-0.007095272,0.0071457555,0.00028148966
633807537,633807437,-0.0024267873,0.009716464,-0.0082774535
633811316,633811215,0.0004927421,0.009706341,-0.0013475632
633813786,633813687,-0.0009285956,0.009427419,0.003335843
633817539,633817438,-0.005815307,0.0064695515,0.0043631713
633821287,633821188,-0.009012978,0.0063080993,0.00677366
633825076,633824978,-0.008928173,0.0062266444,-0.0030411077
633828778,633828687,-0.0038642923,0.009789165,-0.0057115885
633831280,633831187,-0.0023844463,0.0067623006,-0.005433092
633835080,633834980,-3.5446887e-05,0.010838289,-0.0003393954
633838787,633838687,-0.004518931,0.0045519327,0.004200226
633842537,633842437,-0.008426405,0.0067196526,0.0044705197
633846278,633846186,-0.008301932,0.0056261513,0.0018509069
633848788,633848687,-0.0075787515,0.008952507,-0.0026953116
633852536,633852437,-0.0036991928,0.005531729,-0.0043713157
633856309,633856210,-0.003013547,0.010212624,-0.00368004
633860081,633859980,-0.0045492067,0.0037557543,0.0017412062
633863789,633863688,-0.0052179685,0.008153855,0.0010473423
633866282,633866188,-0.00654327,0.00366419,0.002775767
633870080,633869979,-0.005994495,0.008026439,-0.0008278662
633873787,633873687,-0.0058451234,0.005391771,-0.000541029
633877536,633877437,-0.005324846,0.008123643,-0.0026920913
633881282,633881188,-0.0033562302,0.007036115,-0.00021046962
633883789,633883687,-0.0044390983,0.008243132,-0.0007238023
633887538,633887437,-0.0034797562,0.006801532,0.0005073279
633891288,633891188,-0.0048834337,0.008869252,-0.0006368087
633895074,633894977,-0.004077102,0.005603375,0.004652979
633898786,633898687,-0.006402355,0.0092066005,0.0006691313
633901311,633901211,-0.006790798,0.007949018,0.0016993611
633905083,633904980,-0.005446553,0.009658063,-0.0018003855
633908787,633908687,-0.004692418,0.009679781,-0.003999547
633912530,633912437,-0.002257719,0.009392547,-0.0025209563
633916303,633916210,-0.0034274398,0.008223787,0.0045494265
633918785,633918687,-0.004660022,0.0070946193,0.010529342
633922538,633922437,-0.007783398,0.007645743,0.00041009713
633926289,633926188,-0.007020324,0.009495704,0.00037783125
633930084,633929978,-0.0047051725,0.0076941177,-0.012647878
633933788,633933687,-0.00031548034,0.008748992,-0.0017251337
633936288,633936187,-0.00258932,0.0063990555,-0.0024351263
633940077,633939979,-0.0032596898,0.0073386584,0.012062033
633943788,633943687,-0.009022718,0.007010303,0.00345385
633947532,633947438,-0.007033036,0.008493554,-0.0004376323
633951287,633951187,-0.0052119023,0.0063851373,-0.012953198
633953790,633953688,-0.0034565688,0.0073928107,-0.008527212
633957537,633957437,-0.0017137585,0.0045095147,-0.0020360157
633961312,633961211,-0.004463667,0.008941732,0.00873211
633965089,633964980,-0.00638638,0.004647659,0.0059186807
633968787,633968687,-0.0077129398,0.007725957,-0.003543001
633971290,633971188,-0.0066873985,0.0038269237,-0.0034728828
633975081,633974980,-0.005420525,0.006832231,-0.0055975555
633978779,633978687,-0.0037522537,0.007888268,0.0043865447
633982538,633982437,-0.004095509,0.01121817,-0.00088933914
633986288,633986187,-0.0046640486,0.008810227,0.0055382834
633988786,633988687,-0.0066087907,0.006871944,0.000271322
633992540,633992438,-0.007634588,0.004166109,0.0009896874
633996280,633996188,-0.0075926427,0.0072683673,0.0015333255
634000078,633999980,-0.0045326315,0.009762193,0.0011786658
634003788,634003687,-0.002904899,0.0110691395,-0.0046142815
634006312,634006210,-0.0029504956,0.011117962,-0.0050676716
634010081,634009979,-0.005593723,0.004786708,-0.0012415072
634013787,634013687,-0.0074757636,0.008133022,0.0022780749
634017551,634017451,-0.006548435,0.009092143,-0.00035645813
634021313,634021213,-0.0027647712,0.011512362,0.0025588882
634023788,634023687,-0.002827112,0.009287065,-0.0034714772
634027537,634027437,-0.001957607,0.0062744985,-0.0036178879
634031282,634031188,-0.005042668,0.00624078,-0.0020683338
634035082,634034980,-0.005799702,0.0076268865,0.0010812822
634038787,634038687,-0.004611746,0.009365682,0.0023413906
634041287,634041187,-0.0046477984,0.010765895,0.0041047
634045077,634044978,-0.0025516034,0.007500827,0.00082972297
634048786,634048687,-0.0054116477,0.0076628695,0.0008727442
634052538,634052438,-0.004407434,0.004435976,-0.0074486956
634056288,634056188,-0.0037202789,0.0083112,0.0008255394
634058786,634058687,-0.0032101576,0.007028959,-0.0023066285
634062541,634062437,-0.004142821,0.0059648836,0.0112816505
634066302,634066210,-0.0061133364,0.0070759375,0.0034601241
634070076,634069978,-0.0064773955,0.0053423345,-0.004326555
634073788,634073687,-0.0036339716,0.010995589,-0.0068234755
634076285,634076186,-0.004187058,0.008056531,-0.0059283026
634080088,634079980,-0.0052184653,0.0075406446,0.004649181
634083788,634083688,-0.006318042,0.0060396665,0.006513329
634087538,634087437,-0.008453481,0.0051997,0.0019102687
634091288,634091188,-0.004579231,0.008136678,-0.0064130016
634093788,634093687,-0.005035265,0.008054819,-0.003987018
634097528,634097437,-0.0029123647,0.008212565,-0.00144484
634101292,634101188,-0.0051581487,0.009413384,0.006084896
634105088,634104981,-0.006883801,0.00894749,-0.002862321
634108788,634108687,-0.0057046763,0.008160382,-0.003917723
634111315,634111213,-0.005410711,0.006786432,0.0008748834
634115076,634114978,-0.003865448,0.007547951,0.002731479
634118785,634118687,-0.004529321,0.01147515,0.007379397
634122535,634122437,-0.002283565,0.0054348353,-0.0056955637
634126312,634126211,-0.0050411746,0.011533308,-0.0069502224
634128785,634128687,-0.0023648771,0.0017133985,-0.002071475
634132539,634132438,-0.0063495375,0.008992376,0.002743859
634136285,634136187,-0.0075383307,0.009205706,0.0032809635
634140075,634139978,-0.0029870374,0.005302999,-0.00057252333
634143787,634143687,-0.0031154766,0.0063072755,-0.002781101
634146278,634146187,-0.0017843604,0.0016148213,-0.0024872043
634150082,634149980,-0.0046551367,0.008303716,0.00068816065
634153792,634153688,-0.0069441195,0.01042033,-0.0032179668
634157537,634157437,-0.0065080067,0.0038530435,-0.0015563377
634161280,634161188,-0.003723787,0.003832251,0.003159571
634163789,634163687,-0.005507631,0.0035898706,0.001353742
634167536,634167437,-0.0048662587,0.010356645,0.004573459
634171312,634171211,-0.0033832602,0.010834843,-0.0017390873
634175081,634174980,-0.0072322893,0.0037437438,-0.0035606558
634178787,634178687,-0.0066950084,0.0056323134,0.0030989551
634181281,634181188,-0.008220632,0.0012867328,0.0016620812
634185076,634184978,-0.008035146,0.012977033,0.004601458
634188785,634188687,-0.0027811357,0.011173326,-0.0018123405
634192542,634192440,-0.003997213,0.00430667,0.002236996
634196280,634196187,-0.0049265474,0.0083590485,0.002245476
634198786,634198687,-0.0045363354,0.004074038,-0.0049676145
634202537,634202437,-0.007979073,0.008650715,0.00010003384
634206288,634206187,-0.006323455,0.008492021,-0.0014665922
634210082,634209979,-0.0061445585,0.0064885686,0.0007137642
634213788,634213687,-0.005322383,0.0060854917,0.0031870923
634216311,634216211,-0.003593395,0.0077126455,-0.006697515
634220080,634219980,-0.0034266247,0.014024614,-0.0036198823
634223788,634223687,-0.0030845325,0.007288705,0.001708474
634227528,634227436,-0.004727626,0.0020859826,-0.0027743762
634231305,634231211,-0.007083142,0.00852796,-0.00091911346
634233787,634233687,-0.0019824556,0.0066744904,-0.004613279
634237538,634237437,-0.0028201134,0.005076088,0.00191768
634241289,634241188,-0.004417776,0.007408828,0.008091614
634245086,634244979,-0.0013506808,0.0072437585,-0.00040245787
634248786,634248687,-0.0037215007,0.0084283035,-0.0063231746
634251287,634251188,-0.0042364243,0.007922465,-0.00022288722
634255084,634254982,-0.005442246,0.010308397,0.0042351754
634258786,634258687,-0.009278945,0.004852899,0.004549911
634262530,634262437,-0.0054261656,0.0056436798,0.0013080768
634266287,634266187,-0.0024140272,0.007378865,-0.00033025665
634268787,634268687,-0.0056488467,0.0055559026,0.00029147716
634272536,634272437,-0.0034348117,0.006815419,-0.0008593416
634276311,634276211,-0.007889002,0.00649182,0.002346626
634280089,634279980,-0.0073687155,0.008436519,-0.0017237635
634283787,634283687,-0.0036546532,0.0097564375,-0.0022901278
634286288,634286188,-0.008575578,0.0053607593,0.004996321
634290076,634289978,-0.0043226047,0.011775117,-0.003793985
634293780,634293687,-0.002680728,0.0108489515,-0.0067112236
634297539,634297438,-0.0046679955,0.0038722362,-0.004072962
634301288,634301188,-0.008994122,0.0044952063,-0.000555202
634303788,634303687,-0.0065426873,0.012132307,-0.0004990727
634307537,634307437,-0.0026328084,0.009877488,0.00057874114
634311280,634311188,-0.005478231,0.003622472,-0.0034375677
634315082,634314980,-0.004821306,0.004558067,-0.00089890684
634318787,634318687,-0.0038675081,0.015073431,0.00013745674
634321312,634321212,-0.004991173,0.0019422615,-0.0016472411
634325083,634324982,-0.005180244,0.0028209044,0.00044235936
634328787,634328687,-0.006556566,0.010112605,0.002181835
634332536,634332437,-0.00595491,0.013571233,0.0014069829
634336311,634336211,-0.0057756472,0.006681689,0.006087356
634338786,634338687,-0.002560882,0.006618077,-0.00013438845
634342538,634342437,-0.0035947212,0.01285387,0.00016842742
634346281,634346188,-0.008168298,0.010850186,0.0045483573
634350076,634349978,-0.006525341,0.00293405,0.0032323848
634353788,634353687,-0.0035708686,0.003951043,0.003544981
634356286,634356187,-0.0055220965,0.0082288785,-0.0006417882
634360080,634359979,-0.0066882195,0.004717472,0.0053364346
634363788,634363687,-0.0062463554,0.004292307,0.0032499144
634367537,634367437,-0.0042468538,0.009647971,-0.00045314673
634371289,634371188,-0.0029368256,0.010335639,-0.008539858
634373788,634373687,-0.007135895,0.0027534943,-0.002621
634377528,634377437,-0.0073926845,0.012587409,0.003082396
634381304,634381211,-0.0048621367,0.0118469605,0.0038826626
634385080,634384980,-0.0040134466,0.0030703498,-0.007929788
634388788,634388687,-0.005938638,-0.0030868186,-0.009646651
634391287,634391187,-0.006143419,0.013164912,3.4843117e-05
634395083,634394978,-0.004216729,0.0114381155,0.005422073
634398786,634398687,-0.0040786304,0.002606522,-0.005189481
634402538,634402437,-0.005861873,0.0009115928,0.0011313563
634406292,634406188,-0.00691704,0.0065150014,0.00016155893
634408788,634408687,-0.0059500393,0.005257637,0.0013957296
634412532,634412437,-0.005110997,0.006316488,-0.0038718923
634416284,634416187,-0.0062249037,0.009180878,0.0035017976
634420079,634419979,-0.0051335883,0.008862978,0.006200684
634423789,634423687,-0.0044822195,0.0065496108,0.003977981
634426312,634426211,-0.006764933,0.008285154,-0.0055148923
634430088,634429980,-0.007675857,0.01128018,0.002683706
634433789,634433687,-0.0059513096,0.0072685173,0.011780438
634437535,634437436,-0.003521016,0.005492836,0.0060887216
634441313,634441211,-0.0022123135,0.004522315,0.0029376927
634443781,634443687,-0.008474285,0.012272247,-0.004582189
634447538,634447437,-0.0072838548,0.013240901,0.005778167
634451289,634451187,-0.006984524,0.011558268,0.006094932
634455078,634454978,-0.005073552,0.007344828,0.006970445
634458786,634458687,-0.0026255592,0.00548867,0.0043386277
634461280,634461188,-0.006492956,0.0071758437,-0.007579523
634465077,634464978,-0.004144069,0.00871649,-0.0045531983
634468786,634468687,-0.004131424,0.008479716,0.0009398348
634472538,634472437,-0.0023987924,0.00789966,0.0024634805
634476278,634476187,-0.004770668,0.0120450165,-0.0003916707
634478788,634478687,-0.009799503,0.004683569,-0.009329141
634482536,634482437,-0.008161962,0.0036113097,-0.0027972658
634486311,634486211,-0.004665888,0.005963508,0.0029038058
634490084,634489982,-0.0040091765,0.011332783,0.0024564033
634493785,634493688,-0.0031563712,0.015696382,0.0073630805
634496285,634496188,-0.0060716323,0.003731903,-0.0029989681
634500079,634499979,-0.0083214585,0.0051379064,0.0013837757
634503789,634503687,-0.011130953,0.008519798,0.0082943775
634507538,634507437,-0.01056212,0.008926482,0.010620493
634511282,634511188,-0.0026190486,0.007756231,0.009232586
634513787,634513687,-0.0042839386,0.005957325,-0.011810895
634517540,634517438,-0.009493957,0.011192013,-0.008323255
634521289,634521187,-0.013843315,0.009387321,-0.004719837
634525077,634524979,-0.01315002,0.007845308,-0.0012845306
634528787,634528687,-0.008385765,0.012392203,0.011716539
634531304,634531211,-0.0011255402,0.0068201316,-0.008895904
634535084,634534980,-0.00041287826,0.0029179067,-0.011900599
634538788,634538687,-0.006894345,0.0026500013,-0.017012939
634542542,634542437,-0.00979921,0.0066398317,-0.013144708
634546302,634546210,-0.011721978,0.009125952,-0.0013620537
634548786,634548687,-0.002826318,0.007902875,0.013739674
634552539,634552437,-0.0024236673,0.011246512,0.007902892
634556285,634556186,-0.0039855456,0.008862737,-0.0035738214
634560084,634559980,-0.0061212447,0.006896933,-0.0044968184
634563790,634563688,-0.008076457,0.01004081,-0.005950714
634566289,634566188,-0.0037271038,0.01111894,0.00800037
634570081,634569980,-0.0038655773,0.008502114,0.008808663
634573790,634573687,-0.004597209,0.008095435,0.010720174
634577529,634577437,-0.0008022274,0.009114653,0.0028816122
634581286,634581188,-0.00037574244,0.005154723,-0.005028111
634583788,634583687,-0.0053348513,0.0081102615,-0.0037512342
634587539,634587438,-0.00625247,0.013734769,-0.0024625794
634591311,634591211,-0.005232545,0.010473525,-0.0028900548
634595084,634594978,-0.0041476823,0.0064683743,0.0028897095
634598787,634598687,-0.0041634957,0.010960404,0.00015429803
634601288,634601188,-0.008053297,0.0128764445,-0.009610967
634605081,634604980,-0.007704223,0.01018671,-0.008068761
634608790,634608687,-0.010295535,0.012120959,0.003236571
634612539,634612437,-0.0074777864,0.012120746,-0.0012476579
634616287,634616187,-0.008032346,0.0094706025,0.0061526527
634618788,634618687,-0.0034452805,0.006208418,0.0043237577
634622536,634622437,-0.0030555315,0.009778175,0.0016043865
634626280,634626188,-0.0059854123,0.010785369,-0.0056990315
634630088,634629980,-0.0073507745,0.010758917,0.0043205377
634633789,634633687,-0.009106646,0.012604212,0.0028570064
634636311,634636211,-0.010424281,0.00877067,-0.002126825
634640081,634639979,-0.009213053,0.013741777,-0.0018152825
634643789,634643687,-0.007742972,0.012840281,0.0021317601
634647538,634647437,-0.008056516,0.0088722985,-0.0047759525
634651313,634651211,-0.009125433,0.010148319,7.0735834e-05
634653791,634653689,-0.003957764,0.009646314,0.0041534957
634657537,634657437,0.002411589,0.0038134067,0.0010729756
634661282,634661188,-0.0015754368,0.010093128,0.00058702886
634665081,634664980,-0.0012170098,0.018216746,0.0035647363
634668787,634668687,-0.0031862797,0.015326345,-0.0019856694
634671291,634671188,-0.0095262695,0.013307855,-0.0013721285
634675078,634674979,-0.008240436,0.017432753,0.00468947
634678786,634678687,-0.0015707078,0.0037546232,0.0028175032
634682537,634682437,-0.0018637445,0.0058593308,0.0074194088
634686288,634686188,8.802685e-05,0.013295823,0.0086154835
634688788,634688687,-0.0019828337,0.0048259893,-0.0042017847
634692533,634692438,-0.0069417194,0.007316716,0.00078090467
634696302,634696210,-0.0065315757,0.014602047,-5.5186345e-05
634700080,634699979,-0.0010187083,0.013599491,0.006019352
634703789,634703687,-0.0020401303,0.014044153,0.0019400801
634706293,634706188,-0.012213975,0.02056075,-0.009308827
634710081,634709980,-0.0084468955,0.010479287,-0.011585999
634713788,634713687,-0.00926385,0.0075574643,-0.006787884
634717538,634717437,-0.011542259,0.013720682,-0.0046352632
634721289,634721188,-0.009873355,0.009511006,-0.0039275023
634723792,634723687,-0.0059246444,0.0109203,-0.010132688
634727530,634727437,-0.007624624,0.014000027,-0.016007416
634731289,634731188,-0.007932071,0.006683149,-0.016058562
634735085,634734978,-0.009928349,0.012728474,-0.022202741
634738786,634738687,-0.010183048,0.005013369,-0.011854575
634741310,634741210,-0.004806054,-0.004354835,0.009348609
634745088,634744980,-0.0055246637,0.0027569928,-0.0008128493
634748788,634748687,-0.0051281843,-0.00042734054,-0.0035422458
634752540,634752438,-0.0059651663,0.0016779598,-0.008189202
634756310,634756210,-0.0067549055,0.013273721,-0.0011623134
634758780,634758687,-0.0070434236,0.01444627,0.0077440403
634762538,634762437,-0.00823167,0.012389199,0.002762484
634766287,634766188,-0.005964387,0.01553716,-0.00076499855
634770082,634769980,-0.0004781512,0.007384445,-0.006128881
634773789,634773687,-0.0024931761,0.010770211,-0.0032335364
634776281,634776188,-0.007931032,0.013382124,0.0071787587
634780077,634779978,-0.003592477,0.0041734856,0.014468954
634783788,634783688,-0.002464034,0.0088433875,0.009166491
634787538,634787437,0.0031831001,0.009756949,-0.0010211471
634791291,634791188,0.00050987175,0.012292318,-0.006709692
634793789,634793688,0.001935837,0.008897091,-0.00014189887
634797542,634797438,0.006322795,0.00417941,0.006598927
634801312,634801211,-0.0031550631,0.00920461,0.007606246
634805083,634804980,-0.005762948,0.018705089,0.0039949734
634808780,634808687,-0.005064357,0.01176387,-0.0048393225
634811282,634811188,-0.0007712571,0.009070506,0.005384805
634815082,634814980,0.00092725654,0.012540691,0.0022455093
634818787,634818687,-0.00083175895,0.009269689,-0.008182824
634822537,634822437,-0.00022888902,0.015248107,-0.024009958
634826280,634826187,-0.004440716,0.020421328,-0.011665474
634828788,634828687,-0.0040237606,0.011243334,-0.0061883414
634832538,634832437,-0.009090646,0.018172093,-0.030317428
634836288,634836188,-0.01404192,0.020828884,-0.008539661
634840053,634839953,-0.012108169,0.021392573,-0.0035927529
634843790,634843688,-0.0078363335,0.019746702,0.008502739
634846303,634846210,-0.0062118685,0.020231953,-0.003730053
634850081,634849980,-0.0029629085,0.015798263,-0.008012844
634853788,634853687,-0.008071075,0.010990931,0.0017428218
634857538,634857437,-0.016513512,0.017908074,0.014779239
634861305,634861211,-0.016080827,0.01246186,0.00986606
634863789,634863688,-0.015176731,0.021385938,0.004283279
634867537,634867437,-0.017463004,0.021971166,0.00834412
634871289,634871188,-0.011932196,0.005413721,-0.0037420536
634875081,634874980,-0.009246896,0.015388589,-0.0008082921
634878788,634878687,-0.009758101,0.017721439,-0.00060967956
634881289,634881188,-0.0124442,-1.5983813e-05,0.011201953
634885079,634884978,-0.010550344,0.024583759,0.0071801674
634888786,634888687,-0.008867196,0.014949957,-0.011519841
634892532,634892438,-0.01110183,0.014563502,-0.021138787
634896284,634896188,-0.013639661,0.016975062,-0.0020323673
634898787,634898687,-0.0069319685,0.016109789,0.0009796375
634902540,634902438,-0.010513713,0.019201497,0.00042972906
634906312,634906210,-0.002003055,0.010542522,0.008406967
634910088,634909980,-0.0026711517,0.007583429,0.0074251425
634913789,634913687,-0.0067825997,0.017224796,-0.0066662775
634916288,634916188,-0.004835969,0.009204415,-0.0007350367
634920083,634919980,-0.017345484,0.020865284,0.0125297895
634923788,634923687,-0.017042134,0.009745298,0.010704102
634927537,634927437,-0.02021574,0.00597233,0.019003315
634931289,634931188,-0.015731744,0.022769267,0.03601013
634933788,634933687,-0.0107557215,0.016884377,0.036974736
634937539,634937438,-0.015761854,0.027366672,0.018057242
634941292,634941188,-0.012604602,0.01697163,0.039881803
634945084,634944978,-0.018964943,0.017169794,0.031030681
634948788,634948687,-0.013983389,0.01406039,0.0066799303
634951311,634951211,-0.0208273,0.008494587,-0.01336818
634955082,634954980,-0.012001192,0.015213311,-0.011609328
634958781,634958687,-0.009745749,0.00783381,-0.040349577
634962541,634962437,-0.007917675,0.031012809,-0.025090393
634966309,634966210,-0.0066050817,0.015093152,-0.026328182
634968787,634968687,-0.004345529,0.009458679,-0.04887584
634972538,634972437,-0.009658553,0.01256232,-0.059209794
634976280,634976187,-0.01239644,-0.0043665585,-0.028162876
634980081,634979980,-0.010255882,0.013318142,-0.027096294
634983789,634983687,-0.017828474,0.013100551,0.0028656512
634986289,634986188,-0.0127046285,0.010821621,0.0018317545
634990077,634989978,-0.01677439,0.03728343,-0.0024400316
634993788,634993687,-0.013032502,0.010961354,0.014547411
634997538,634997437,-0.0041178316,0.027845846,0.01180434
635001292,635001188,-0.0043314686,-0.0029402832,0.028579123
635003790,635003688,-0.00888512,0.010168349,0.010186526
635007540,635007437,-0.013142636,0.0138150845,0.011063536
635011304,635011211,-0.018067347,0.013283415,-0.030311389
635015083,635014980,-0.022092462,0.032970093,-0.012926928
635018787,635018687,-0.019649146,-0.005777156,-0.009623563
635021289,635021188,-0.01776074,0.014298841,-0.0005261735
635025083,635024980,-0.013104311,0.004966223,0.011492036
635028788,635028687,-0.0073415074,0.017967781,-0.00267199
635032538,635032437,-0.014865056,0.02154768,0.0049821744
635036289,635036188,-0.018885633,0.010283032,0.01586468
635038786,635038687,-0.021252176,0.021678397,0.027407011
635042531,635042437,-0.023214225,0.0019280369,0.033455215
635046281,635046188,-0.019977044,0.01319899,-0.0015662805
635050078,635049979,-0.01795759,0.007007561,0.017684367
635053789,635053687,-0.0087844515,0.014465078,0.010239117
635056310,635056210,-0.009485468,0.024652554,0.024528569
635060088,635059980,-0.006534795,0.008681305,-0.0038001074
635063788,635063687,-0.010100248,0.021478305,-0.01003855
635067539,635067438,-0.018704781,0.0035720582,-0.01807446
635071313,635071210,-0.018336497,0.03082009,0.005869314
635073788,635073687,-0.018883158,0.020705426,0.022819009
635077539,635077437,-0.012692676,0.015654827,0.007736829
635081289,635081188,-0.012243131,0.032423746,0.011985724
635085081,635084980,-0.010171457,0.018313196,-0.014442291
635088787,635088687,-0.0055515505,0.026294736,0.016771266
635091295,635091191,-0.009301693,0.016277669,0.016531453
635095088,635094979,-0.014960054,0.018031769,-0.003955455
635098788,635098687,-0.018208394,0.02218547,-0.007786955
635102539,635102438,-0.01663919,0.01580946,-0.015563444
635106292,635106188,-0.013754134,0.019109618,-0.020175213
635108779,635108687,-0.019190252,0.020728866,-0.025221415
635112539,635112438,-0.014625288,0.031949516,0.011832273
635116309,635116210,-0.017328966,0.02894991,-0.017453667
635120080,635119979,-0.019810718,0.007909492,0.017269
635123789,635123687,-0.023432778,0.024121732,-0.02176652
635126281,635126188,-0.02756094,0.013926986,-0.002229426
635130081,635129980,-0.015417776,0.013286888,0.019831192
635133789,635133687,-0.02301316,0.009982566,0.017283587
635137538,635137437,-0.017492611,0.005960894,0.0070659467
635141282,635141188,-0.024386166,0.011747176,-0.028907863
635143788,635143687,-0.02077602,-0.008579657,-0.006296908
635147537,635147437,-0.018166559,0.034407265,-0.018911276
635151289,635151188,-0.016800445,-0.0028667487,0.023270516
635155077,635154977,-0.018020151,0.04343401,-0.02026516
635158782,635158687,-0.01943648,0.009452747,-0.019539367
635161304,635161211,-0.019462576,0.01846491,-0.019398453
635165079,635164978,-0.023955327,0.04756807,-0.04685807
635168787,635168687,-0.01777223,0.0062161917,-0.003919121
635172538,635172437,-0.023145093,0.03463365,-0.0013531112
635176309,635176210,-0.013619389,0.0014550196,0.018949335
635178788,635178687,-0.018387746,0.014687791,0.011961648
635182538,635182437,-0.013033152,0.004822347,-0.01844712
635186289,635186188,-0.024348935,-0.00065924996,0.0065328735
635190084,635189980,-0.013173505,0.007247229,-0.01888117
635193789,635193687,-0.020435574,0.010150656,0.030125277
635196284,635196188,-0.023452131,0.012714236,0.013941219
635200077,635199978,-0.0063676406,0.018376758,0.069884256
635203788,635203687,-0.012461361,0.01139541,-0.0011261035
635207531,635207437,-0.0048207487,0.016134644,-0.023388479
635211283,635211189,-0.012938684,0.009077466,-0.01544833
635213788,635213687,-0.013340502,0.008219109,-0.020332333
635217571,635217471,-0.0007622066,0.02791741,0.07336579
635221310,635221210,-0.0033265078,0.025583303,0.050587192
635225086,635224979,0.0070771505,0.037603788,0.08543817
635228787,635228687,0.0017785111,0.022189584,-0.014802449
635231289,635231188,-0.0005618477,0.021735756,-0.052388348
635235081,635234980,-0.00022131517,0.023435516,-0.03915235
635238787,635238687,-0.004102267,-0.0041130637,-0.0035708493
635242538,635242437,-0.0020204617,0.01787797,0.032442257
635246282,635246188,-0.0057584243,0.011382529,0.039776634
635248786,635248687,0.010285474,0.010038558,0.037592396
635252538,635252437,0.018381549,0.018323869,-0.011618506
635256289,635256188,0.015039537,0.01775543,-0.058102887
635260086,635259979,0.031020427,0.018471327,-0.00350846
635263790,635263687,0.020901386,-0.011914099,-0.003858007
635266309,635266210,0.025482293,-0.0029919893,0.031882122
635270080,635269979,0.024407038,0.010803623,0.026111733
635273788,635273687,0.024459725,0.004671832,0.028148107
635277539,635277438,0.019681124,0.01992174,-0.015727175
635281313,635281211,0.02239797,-0.0056729037,-0.0037594582
635283789,635283688,0.027709994,0.008397865,0.008126064
635287537,635287437,0.019048158,0.006403159,0.006316067
635291281,635291188,0.02357181,0.017279806,0.028728755
635295098,635294984,0.018454274,-0.0031632024,-0.0035779518
635298787,635298687,0.020522563,0.023593683,-0.015097306
635301293,635301188,0.020156655,0.017138334,-0.040451147
635305078,635304978,0.024360327,0.008113042,-0.013023628
635308786,635308687,0.016385566,0.032642547,-0.01120197
635312539,635312437,0.022967901,0.003452971,0.03617648
635316289,635316188,0.015417531,0.039070282,0.013078579
635318787,635318687,0.014942959,0.021431306,-0.010696
635322540,635322438,0.010546308,0.033882212,0.0022815254
635326302,635326210,0.01187226,-0.0012189209,-0.018557874
635330082,635329980,0.0054262746,0.030809602,0.0015295449
635333789,635333687,0.008025593,-0.004355007,0.0007952911
635336289,635336188,0.0094055515,-0.001103974,0.002135853
635340081,635339980,0.0070425025,0.01301902,-0.01776803
635343789,635343688,0.008866835,-0.013591844,-0.044687428
635347538,635347437,0.0053931177,0.010900108,-0.03969406
635351289,635351188,0.0035249966,-0.0035217083,-0.046995234
635353789,635353687,0.0055989716,0.011708539,-0.028682623
635357531,635357437,0.0048129633,-0.01936736,-0.025165888
635361289,635361188,0.0041947193,0.012791433,-0.011745429
635365085,635364984,0.008017205,-0.010114624,-0.027028508
635368787,635368687,0.002971609,0.011053502,-0.029716915
635371311,635371211,0.009305079,0.0024862837,-0.027165182
635375088,635374980,0.0039436226,-0.00023597151,-0.041567627
635378787,635378687,0.009991281,0.0063452916,-0.018584274
635382539,635382438,0.0034554412,-0.005405031,-0.006407152
635386309,635386210,3.4902039e-06,0.015767274,-0.013143047
635388788,635388688,-0.009588769,-0.017012646,-0.02306241
635392538,635392437,-0.006135986,0.0061352653,-0.037950754
635396288,635396188,-0.014555666,-0.008999044,-0.039765857
635400082,635399980,-0.016626064,7.6922486e-05,-0.047610056
635403792,635403688,-0.019178271,-0.007893076,-0.024767421
635406292,635406188,-0.024467574,-0.0036501314,-0.023570212
635410088,635409979,-0.011354672,-0.0055998876,-0.017425233
635413788,635413687,-0.023066817,-0.019074857,-0.04013681
635417537,635417437,-0.014720384,0.0030956953,-0.037221313
635421292,635421188,-0.02803814,-0.012388523,-0.03174612
635423781,635423687,-0.025726514,-0.002609658,-0.043865595
635427538,635427438,-0.010697422,0.011615925,-0.017797654
635431311,635431211,-0.01688495,0.008637347,-0.035509013
635435079,635434979,0.0015141062,0.01347459,0.014478653
635438788,635438687,-0.010745708,0.022432048,-0.023469355
635441286,635441188,-0.0063850717,0.02577423,-0.027714858
635445082,635444980,-0.011824583,0.0076196603,-0.0035169541
635448787,635448687,-0.011084677,0.004175422,-0.023773232
635452537,635452437,-0.016980393,0.008281256,0.008478699
635456289,635456187,-0.012234069,0.015202885,-0.01817263
635458787,635458687,-0.008742022,0.015039383,-0.0078350045
635462538,635462437,-0.018871393,0.005812547,-0.0067103053
635466288,635466188,-0.007632454,-0.0010921325,0.019323094
635470077,635469978,-0.019455291,-0.012296818,0.0027830969
635473781,635473687,-0.025898581,0.0062609366,-0.02014486
635476303,635476210,-0.0145936925,-0.01624757,0.006814383
635480082,635479982,-0.027198076,-0.0037480218,-0.026044993
635483789,635483687,-0.02327194,-0.0035919822,0.007576802
635487539,635487438,-0.011800301,0.0004372701,0.017812226
635491311,635491210,-0.0045369235,0.017728115,0.020299712
635493788,635493687,-0.00052932336,0.0031166358,0.0066321325
635497539,635497437,-0.0043928707,0.03045348,-0.014149538
635501288,635501188,7.306808e-05,-0.00039072186,-0.014860434
635505084,635504980,-0.006965207,0.021142274,-0.00298368
635508790,635508687,0.001619126,-0.0005535056,0.005392667
635511284,635511190,-0.0002680226,0.004325261,-0.0033358585
635515076,635514978,-0.0052299714,0.0077626184,-0.015398573
635518787,635518687,-0.0072781085,-0.004320147,-0.027078195
635522537,635522437,-0.0070498497,0.0015494573,-0.033818986
635526282,635526188,-0.014193588,0.0038434884,-0.031489663
635528787,635528687,-0.008938766,-0.003727268,-0.007706066
635532540,635532438,-0.0027542333,-0.0049952823,0.012182542
635536309,635536210,-0.0075335177,0.0108968485,0.026602123
635540083,635539982,-0.0021617278,0.0016791389,0.04165519
635543790,635543687,0.00016118327,0.01943316,0.02977525
635546287,635546187,0.00011712344,0.016252281,0.036092155
635550082,635549980,0.0008527796,0.035745833,-0.0030364215
635553797,635553690,-0.0009290377,0.0012779903,-0.0046625943
635557538,635557437,0.00025839172,0.0069396603,-0.009335913
635561282,635561188,-0.0035125937,-0.01964568,0.019494066
635563788,635563688,-0.0036175733,-0.005039463,0.0068159513
635567538,635567437,-0.0071475594,0.008601915,-0.016956214
635571287,635571187,0.0021669888,0.004026454,-0.030317994
635575089,635574979,-0.004769286,-0.005244794,-0.077590995
635578788,635578687,0.0013100979,-0.0092114685,-0.022304883
635581312,635581211,0.0069775493,0.007686367,-0.03307214
635585081,635584980,0.0035586932,-0.012193096,-0.008863076
635588787,635588687,0.0043892288,0.003389807,-0.042818878
635592537,635592437,0.011148681,0.0044978643,-0.008041778
635596314,635596211,0.009963418,0.022272222,-0.022552203
635598786,635598687,0.007160869,0.023705784,-0.014919737
635602538,635602437,0.007414636,0.020062862,0.031093307
635606285,635606188,0.0019754064,0.015557922,-0.0024444652
635610085,635609978,0.006888106,0.010459951,0.011007515
635613788,635613686,-0.0025409078,0.023944775,-0.054387715
635616285,635616187,0.00030159508,0.0086560855,-0.04231337
635620081,635619980,-0.0037158355,0.0044937585,-0.023570748
635623781,635623687,-0.006812814,0.0050786603,-0.03641062
635627537,635627437,-0.009219168,-0.015187611,-0.0042179157
635631289,635631188,-0.011413198,-0.019111777,-0.03827856
635633789,635633687,-0.007143327,-0.025063293,-0.013568619
635637537,635637437,-0.01606963,-0.0021769316,-0.04901288
635641317,635641212,-0.011969399,-0.023513326,-0.022877276
635645084,635644982,-0.01565041,-0.0046395585,-0.018204387
635648787,635648687,-0.00837712,-0.01738342,0.010024831
635651288,635651188,-0.0016626724,-0.007034162,0.035835188
635655077,635654978,-0.0034433284,0.015833003,0.014132651
635658786,635658687,-0.0022355241,-0.0046045133,0.042106796
635662540,635662439,-0.01039648,0.010465819,-0.032275327
635666289,635666188,0.000732619,0.006879819,0.0047070426
635668787,635668687,-0.0033037364,0.03358396,-0.005003443
635672530,635672437,0.0038425585,0.019044332,0.042625524
635676277,635676187,0.009961142,0.03203459,0.0311535
635680082,635679978,0.012857431,0.023126995,0.0021678684
635683789,635683687,0.016820708,0.020917188,-0.05382846
635686312,635686211,0.0068567004,0.013074347,-0.1078269
635690080,635689980,0.017171968,0.0087997485,-0.10505572
635693789,635693687,0.020762444,0.019816406,-0.07183191
635697536,635697437,0.023671737,0.0027391776,-0.024940994
635701314,635701212,0.035064157,0.021593945,-0.04372953
635703788,635703687,0.033150148,0.010614947,-0.06166169
635707542,635707437,0.04052544,0.014208369,-0.11496004
635711281,635711188,0.03883372,0.007393828,-0.107505694
635715077,635714978,0.04051404,0.019052217,-0.066026546
635718787,635718687,0.043314945,0.03832599,0.009904958
635721288,635721187,0.042991765,0.031954277,0.011388717
635725087,635724980,0.044244647,0.052560847,-0.020497188
635728787,635728687,0.04069516,0.03550607,-0.015859243
635732539,635732437,0.039265696,0.04097392,-0.046637148
635736286,635736187,0.03457534,0.04027647,-0.0319407
635738787,635738687,0.035040777,0.031719957,-0.027011028
635742537,635742437,0.024608698,0.042673826,-0.015579261
635746312,635746211,0.026343131,0.020204637,-0.0052662687
635750081,635749980,0.017286591,0.034059186,-0.07557631
635753789,635753687,0.018319465,0.012946442,-0.06744504
635756282,635756188,0.015509303,0.009203422,-0.06752266
635760077,635759978,0.007892779,0.02262941,-0.04701134
635763788,635763687,0.017739391,0.023633678,-0.027207233
635767540,635767437,0.014357935,0.035269152,-0.037042525
635771288,635771188,0.019095333,0.031662554,-0.017444277
635773789,635773688,0.020110935,0.028257485,-0.055292524
635777537,635777437,0.02261032,0.034048423,-0.032116726
635781288,635781188,0.01766148,0.028032215,-0.045277108
635785082,635784980,0.020747636,0.040570635,-0.020643603
635788787,635788687,0.018063396,0.011204008,-0.030866157
635791315,635791212,0.021784605,0.01775992,-0.034157574
635795082,635794979,0.024967184,0.021750277,-0.060308833
635798788,635798687,0.017540235,0.017786475,-0.08902421
635802545,635802437,0.014384448,0.018348552,-0.0848455
635806315,635806211,0.015914058,-0.0060175094,-0.04328655
635808789,635808687,0.01177858,0.0038885893,-0.04256211
635812539,635812437,0.015760874,-0.0050996426,-0.06538844
635816289,635816188,0.017282728,-0.0050104205,-0.07739607
635820077,635819978,0.01693382,0.0027098998,-0.09545736
635823788,635823687,0.020151446,-0.005624701,-0.0598291
635826278,635826187,0.018072505,0.0048724758,-0.06897978
635830080,635829979,0.011875457,-0.011549989,-0.035124328
635833788,635833687,0.010912727,-0.01151843,-0.069835186
635837539,635837437,0.006687732,-0.024613544,-0.06435311
635841282,635841188,0.0035922294,-0.019389406,-0.06858919
635843789,635843688,-0.004331618,-0.0044206963,-0.087869495
635847537,635847437,0.013124447,-0.038881287,-0.020406155
635851313,635851212,0.0043767327,0.0017902218,-0.06771697
635855082,635854980,0.012958488,-0.013716661,-0.05702199
635858789,635858687,-0.0054764245,-0.015807377,-0.07014229
635861289,635861188,0.00028699718,-0.022497948,-0.08622828
635865076,635864978,0.007285941,-0.018687496,-0.0550105
635868785,635868687,0.005104448,-0.0033427502,-0.05631397
635872532,635872437,-0.003865414,-0.0027186845,-0.06659647
635876280,635876187,0.0016133589,-0.012136114,-0.05987862
635878787,635878687,0.0011062754,-0.004983907,-0.07944703
635882538,635882437,2.444269e-07,0.0027682802,-0.07828678
635886285,635886187,-0.0034996285,0.009328064,-0.084203035
635890087,635889980,-0.005121231,-0.0061953673,-0.0547225
635893789,635893687,-0.00645822,0.002584094,-0.051753554
635896313,635896211,-0.00600761,0.008500452,-0.07059156
635900081,635899980,-0.016806541,-0.0050329645,-0.06620187
635903789,635903687,-0.012399663,0.0052527906,-0.07974815
635907538,635907437,-0.0119086625,-0.004313935,-0.07034806
635911313,635911211,-0.009884083,-0.0014343787,-0.04306182
635913787,635913687,-0.014286788,-0.0046621296,-0.06384002
635917539,635917437,-0.013590702,-0.02121771,-0.08169021
635921289,635921188,-0.0118554095,-0.015776003,-0.12805411
635925084,635924978,0.0010516095,-0.02387407,-0.09365825
635928787,635928687,-0.012863129,-0.023528144,-0.07454564
635931287,635931187,-0.008957757,-0.022631578,-0.09257578
635935082,635934980,-0.004741147,-0.022611825,-0.10768661
635938781,635938687,1.8750306e-05,-0.016339775,-0.09157414
635942538,635942437,-0.0028040318,-0.01960665,-0.10594143
635946285,635946187,-0.0014801888,-0.0022926205,-0.09456147
635948788,635948687,0.005000806,0.0028948132,-0.104501985
635952537,635952437,-0.0033199983,0.00343134,-0.073785886
635956310,635956210,0.0030354816,0.008504601,-0.06393068
635960081,635959979,0.0024574145,0.0043603103,-0.06801616
635963790,635963688,0.005498873,0.011128595,-0.08551168
635966290,635966188,-0.0014929231,0.023090517,-0.10227612
635970080,635969979,-0.005196068,0.001109503,-0.09910849
635973789,635973687,-0.019894429,0.009479602,-0.08270328
635977537,635977437,-0.007041146,0.01336355,-0.067308955
635981290,635981188,-0.013513674,-0.0019460334,-0.08515815
635983789,635983687,-0.011615859,-0.0030121503,-0.088649474
635987539,635987438,-0.017255662,-0.0047100736,-0.11062551
635991281,635991188,-0.013573556,-8.265366e-05,-0.11876137
635995076,635994978,-0.018605554,-0.0033534772,-0.08015583
635998787,635998687,-0.017749922,-0.008302205,-0.078351535
636001311,636001211,-0.019306421,0.0027664793,-0.074780986
636005083,636004980,-0.013173169,-0.00822179,-0.074237965
636008787,636008687,-0.011027278,-0.008550161,-0.08035612
636012537,636012437,-0.0045674304,0.0008366637,-0.10129153
636016311,636016210,-0.0067493604,-0.013355814,-0.09401674
636018787,636018687,-0.005689372,-0.0059861448,-0.08315064
636022531,636022437,-0.007477119,-0.0027296357,-0.08694528
636026282,636026188,0.00013205201,-0.008395999,-0.06495515
636030077,636029978,-0.011850739,0.0015533523,-0.07548729
636033789,636033687,-0.0057259165,7.086178e-05,-0.09305978
636036287,636036187,-0.011612078,-0.0035262262,-0.09477507
636040084,636039978,-0.010081043,-0.0105261635,-0.084710516
636043788,636043687,-0.010629924,-0.011170172,-0.05393062
636047539,636047438,-0.020581622,0.010065233,-0.055270743
636051288,636051187,-0.020143913,0.00013022491,-0.04340413
636053792,636053687,-0.02204965,0.0029305408,-0.07435839
636057541,636057437,-0.021967128,0.012596126,-0.07859473
636061312,636061211,-0.01559958,-0.009609053,-0.08284144
636065083,636064980,-0.022600956,0.016344463,-0.047743496
636068788,636068687,-0.015098632,-0.0005120649,-0.049161527
636071294,636071190,-0.013405871,0.0066165784,-0.050615676
636075088,636074980,-0.016890494,0.0019905714,-0.07922822
636078788,636078687,-0.015652249,0.010954588,-0.090217054
636082538,636082437,-0.016072042,0.009648107,-0.08474899
636086289,636086188,-0.020151775,0.0045565884,-0.05215717
636088779,636088687,-0.020616159,0.008781276,-0.048096746
636092541,636092438,-0.021960855,0.01278084,-0.055343516
636096288,636096187,-0.024336124,0.0017044622,-0.07403111
636100077,636099978,-0.019853115,0.011124612,-0.08829095
636103789,636103687,-0.023789981,-0.009913993,-0.09399948
636106312,636106210,-0.025275826,0.0071743196,-0.07277992
636110082,636109980,-0.022986354,0.004224261,-0.054689195
636113787,636113687,-0.018548673,0.009969859,-0.068303175
636117586,636117486,-0.020645713,0.018494133,-0.09109946
636121312,636121211,-0.010625859,0.011104898,-0.09975289
636123788,636123687,-0.013392022,0.022963239,-0.117260695
636127537,636127437,-0.015244822,0.0046180994,-0.053121578
636131292,636131190,-0.018191036,0.018364593,-0.081942976
636135080,636134980,-0.01806469,0.010692657,-0.056675155
636138780,636138687,-0.02281073,0.010268592,-0.05938705
636141281,636141188,-0.026181668,0.0141543485,-0.07669559
636145082,636144979,-0.019654607,0.0030297444,-0.07870578
636148786,636148687,-0.025159772,0.01958912,-0.0701579
636152539,636152438,-0.02144124,0.014373364,-0.056152202
636156280,636156187,-0.025893953,0.009195323,-0.07724879
636158788,636158687,-0.019265888,0.01783452,-0.06157437
636162538,636162437,-0.02921604,0.0020383676,-0.076890364
636166310,636166210,-0.021358615,0.029425886,-0.089532815
636170083,636169981,-0.027180344,0.0049495343,-0.09274913
636173789,636173687,-0.022479959,0.022575032,-0.1029186
636176281,636176188,-0.023045523,0.007869858,-0.08411888
636180081,636179979,-0.022553988,0.007267962,-0.055160016
636183788,636183687,-0.020136569,0.002276799,-0.06215458
636187541,636187437,-0.018801063,0.0053264927,-0.08168841
636191284,636191188,-0.027782802,0.009779519,-0.09616382
636193788,636193687,-0.026632246,0.0025725008,-0.093251005
636197539,636197438,-0.026078483,0.006368225,-0.083788686
636201290,636201188,-0.024066258,0.014453587,-0.05657914
636205077,636204978,-0.0327695,0.0011439353,-0.054147743
636208786,636208687,-0.025712281,0.020547902,-0.08268273
636211312,636211211,-0.02517396,-0.00032777994,-0.07916301
636215081,636214980,-0.022857271,0.019108316,-0.08718374
636218787,636218687,-0.01963338,0.0183882,-0.08066778
636222537,636222437,-0.019455269,0.030234281,-0.077628195
636226302,636226210,-0.020927625,0.013958342,-0.04126322
636228787,636228687,-0.020487204,0.0076151537,-0.05328204
636232538,636232437,-0.017849235,0.027813558,-0.08434776
636236289,636236188,-0.014805922,0.00876753,-0.08020767
636240089,636239980,-0.013598964,0.018316595,-0.076759286
636243790,636243687,-0.013461829,0.01408112,-0.0607757
636246289,636246188,-0.010930994,0.002562045,-0.049473796
636250076,636249977,-0.027006473,0.015846623,-0.060450573
636253790,636253687,-0.022727262,-0.0029806593,-0.07401175
636257532,636257438,-0.022237426,0.0061004474,-0.08795851
636261288,636261188,-0.027085578,-0.011787601,-0.069988996
636263789,636263688,-0.026394106,0.0023617668,-0.05455411
636267537,636267437,-0.010117237,-0.0054501262,-0.04751517
636271312,636271211,-0.013777011,-0.00056764955,-0.056165017
636275090,636274980,-0.014191948,0.01638508,-0.0854119
636278788,636278687,-0.009388983,-0.003316474,-0.087171264
636281290,636281188,-0.012798419,0.017919673,-0.095213726
636285080,636284980,-0.011020751,0.0032086242,-0.045925878
636288787,636288687,-0.014759704,0.010867101,-0.055278473
636292538,636292437,-0.015372935,0.013237365,-0.050253022
636296294,636296188,-0.012185358,0.008718338,-0.06007095
636298787,636298687,-0.012042938,0.024557598,-0.081104636
636302540,636302438,-0.0074410997,-0.0062921,-0.077802256
636306285,636306188,-0.01329784,0.006581087,-0.06949613
636310076,636309978,-0.00920862,0.0038440216,-0.043229874
636313788,636313687,-0.013285328,-0.002289275,-0.038824815
636316309,636316210,-0.010992648,0.0034750707,-0.05604229
636320081,636319980,-0.020327153,-0.0052668974,-0.080493785
636323788,636323687,-0.0082673505,0.006307967,-0.08230213
636327537,636327437,-0.014627283,-0.011182296,-0.060394876
636331312,636331210,-0.0096308105,0.010903228,-0.07982901
636333788,636333687,-0.012750081,0.009564352,-0.059364263
636337530,636337437,-0.0040735733,-0.0008297995,-0.04798967
636341286,636341188,-0.012141422,0.018382667,-0.06480347
636345082,636344980,-0.002206625,0.010284295,-0.073203444
636348788,636348687,-0.017256917,0.027776124,-0.0667828
636351288,636351188,-0.011765144,0.007957261,-0.050638482
636355077,636354978,-0.010581516,0.018416584,-0.054014176
636358787,636358687,-0.013745867,0.014178104,-0.051659442
636362540,636362438,-0.01332483,0.016933663,-0.05096658
636366289,636366188,-0.0061085564,0.012734804,-0.09992297
636368787,636368687,-0.0025316474,-5.53903e-05,-0.08086196
636372540,636372437,-0.011100005,0.01279902,-0.07180906
636376302,636376210,-0.005859088,0.011098436,-0.05057573
636380082,636379980,-0.006939634,0.006437944,-0.056750417
636383791,636383687,-0.011014637,-0.0029799712,-0.06284156
636386288,636386187,-0.0067648985,-0.008406424,-0.06957177
636390088,636389980,-0.0022739368,0.020740014,-0.07342705
636393788,636393687,-0.0049251085,-0.0038716833,-0.05663362
636397537,636397437,-0.0035407823,0.022953505,-0.04820609
636401298,636401188,0.0045552053,-0.0006046865,-0.057287738
636403781,636403687,0.0020565782,0.012615544,-0.04369813
636407538,636407437,-0.005713649,0.009565231,-0.06913012
636411289,636411188,0.00015337393,0.013040036,-0.07302921
636415077,636414978,-1.0446674e-05,0.013665552,-0.06363536
636418786,636418687,0.0047271303,0.009497846,-0.06417572
636421312,636421211,0.0013373153,0.017022796,-0.06325324
636425082,636424980,0.010760712,0.013296269,-0.047600098
636428787,636428687,0.004074448,0.0031643806,-0.053304654
636432539,636432437,0.0034030285,0.008342373,-0.0640347
636436309,636436210,0.013577571,0.0039852564,-0.06788418
636438787,636438687,0.018734885,0.016493352,-0.03783776
636442539,636442437,0.008002604,-0.013653453,-0.049873453
636446289,636446188,0.008373541,0.021790978,-0.042696156
636450081,636449979,0.008005824,-0.0015627802,-0.049244534
636453782,636453688,0.0012452118,0.010129594,-0.07501235
636456282,636456188,0.0004383511,0.00027467232,-0.07745029
636460076,636459978,0.007883058,0.008238068,-0.03948647
636463788,636463687,0.0053064236,0.016701628,-0.028511295
636467539,636467438,0.004396799,0.010087554,-0.05106332
636471281,636471188,0.0071266615,0.024792492,-0.087672606
636473789,636473687,0.00485745,0.018895846,-0.079760626
636477539,636477438,0.00061897264,0.008307378,-0.06925133
636481310,636481210,0.0007858512,0.02534855,-0.020020783
636485084,636484980,0.010417031,0.032227475,-0.009083674
636488788,636488687,0.007481061,0.0415569,0.0037916545
636491283,636491188,0.012060358,0.01907645,-0.06503917
636495082,636494980,0.014377089,0.03209503,-0.09724555
636498787,636498687,0.023291703,0.028927075,-0.084996305
636502538,636502437,0.014992741,0.037981004,-0.029806202
636506285,636506188,0.013665879,0.025289427,-0.0056956434
636508787,636508687,0.008934486,0.02005251,-0.011433097
636512540,636512438,0.014212339,0.018814687,-0.07040196
636516288,636516188,0.011866368,0.010638836,-0.12691899
636520077,636519979,0.01726878,0.018826216,-0.11137605
636523789,636523687,0.018300392,0.0024259689,-0.037636872
636526309,636526210,0.021603566,0.012434219,-0.013801233
636530084,636529979,0.014937713,0.013802275,-0.014333502
636533788,636533687,0.016383257,0.011176579,-0.07070555
636537531,636537437,0.0153026115,0.0052787834,-0.08932788
636541305,636541211,0.014430449,0.013007901,-0.09605553
636543788,636543687,0.010735383,0.032727208,-0.05536565
636547538,636547437,0.019218042,0.0053138947,-0.0015466216
636551289,636551188,0.017254533,0.033365883,-0.0054409313
636555089,636554980,0.014355808,0.023364931,-0.057400525
636558788,636558687,0.009266901,0.037501235,-0.10102894
636561288,636561188,0.012501046,0.03332196,-0.09375298
636565082,636564981,0.013284711,0.019383091,-0.050313953
636568786,636568687,0.013326632,0.03591787,-0.017983591
636572534,636572437,0.007571476,0.026889699,-0.017069517
636576290,636576188,0.00333397,0.043515794,-0.060540766
636578787,636578687,0.006321076,0.024907807,-0.0784251
636582538,636582437,0.008490027,0.034106847,-0.06393953
636586310,636586210,0.0013946007,0.016841643,-0.029296936
636590088,636589980,0.0020475772,0.044340573,-0.016342314
636593789,636593687,0.0074665155,0.027078109,-0.007086204
636596293,636596190,0.0071866927,0.018762112,-0.016884848
636600081,636599980,-0.0016239523,0.026400113,-0.053735178
636603781,636603687,0.007613909,0.028284566,-0.06356473
636607539,636607437,0.007945344,0.050545044,-0.04797803
636611292,636611189,0.017365748,0.028641103,-0.0013190974
636613787,636613687,0.011514174,0.04062168,0.0039598932
636617538,636617437,0.012835072,0.029345065,-0.04878599
636621281,636621188,0.013930819,0.042484958,-0.062230606
636625079,636624979,0.019495307,0.03330343,-0.055003416
636628787,636628687,0.010235728,0.04388701,-0.04669341
636631313,636631211,0.0033388804,0.048679262,-0.03673561
636635084,636634982,0.011699535,0.020800283,0.013366732
636638786,636638687,0.01025286,0.03285252,0.0008554672
636642539,636642438,0.013891446,0.028718552,-0.018606527
636646314,636646213,0.0130975135,0.055769224,0.008516098
636648791,636648687,0.012501696,0.056508984,-0.004787546
636652539,636652437,0.01653656,0.040287465,-0.006595204
636656279,636656187,0.013344441,0.04885373,-0.03892364
636660086,636659983,0.009377732,0.041767832,-0.019473186
636663790,636663688,0.01746876,0.0626843,0.0035234133
636666289,636666188,0.016176708,0.05852768,-0.0048097055
636670078,636669978,0.030250771,0.06366523,-0.0071176845
636673788,636673687,0.017925454,0.05557242,-0.06599855
636677536,636677437,0.022314662,0.06630899,-0.034607034
636681290,636681189,0.02139627,0.06096844,-0.055546362
636683788,636683687,0.030542668,0.060468562,-0.021604564
636687540,636687438,0.028807865,0.056403853,-0.027091933
636691304,636691211,0.03466713,0.04100697,0.0011884304
636695079,636694979,0.022972064,0.06985898,-0.044878773
636698787,636698687,0.03099489,0.046625894,-0.016939962
636701288,636701188,0.030058432,0.048669975,-0.007375146
636705087,636704979,0.026809316,0.039795592,-0.016710067
636708789,636708687,0.024666874,0.04617421,-0.015656441
636712539,636712437,0.018194107,0.03654119,-0.039060257
636716285,636716186,0.012540976,0.053222857,-0.024759106
636718790,636718687,0.022220654,0.043736093,-0.020259975
636722529,636722437,0.030503945,0.03739674,-0.01835869
636726288,636726188,0.023273211,0.03962634,-0.026209658
636730080,636729979,0.022937171,0.042989932,-0.012475501
636733789,636733687,0.01654034,0.054717675,-0.019864522
636736311,636736210,0.016013963,0.06393593,-0.04453052
636740085,636739978,0.023957368,0.041723736,0.025929589
636743788,636743687,0.023102695,0.01875469,0.0021655904
636747540,636747438,0.009633989,0.03921932,0.007934496
636751312,636751211,0.01455983,0.04804006,-0.012891107
636753791,636753688,0.009599911,0.057258297,0.023057012
636757537,636757437,0.018420566,0.056841098,0.03971461
636761294,636761193,0.011537031,0.060302112,0.04356192
636765080,636764979,0.013420561,0.057097454,-0.035505816
636768788,636768687,0.0026832984,0.0707274,-0.05617647
636771284,636771189,0.010620538,0.069423884,-0.04849093
636775079,636774979,0.023524143,0.058206294,0.0035350434
636778787,636778687,0.02377406,0.06686069,0.023982968
636782536,636782437,0.020591144,0.073635794,0.008238051
636786281,636786188,0.022185331,0.069531046,-0.06268042
636788786,636788687,0.02732679,0.07346343,-0.05820961
636792541,636792438,0.025448257,0.08119317,-0.043072224
636796311,636796210,0.025076536,0.066280976,0.00073184614
636800078,636799980,0.021167612,0.071269356,0.031269286
636803788,636803687,0.02002569,0.04741361,0.0071973167
636806283,636806187,0.021718891,0.04855134,-0.021241784
636810079,636809979,0.017595418,0.06190758,-0.007921036
636813788,636813687,0.016664363,0.053589746,0.005212984
636817537,636817437,0.012919956,0.050107356,0.03328029
636821280,636821187,0.014897943,0.048499376,0.021543372
636823788,636823687,0.013242856,0.04513831,0.030008439
636827537,636827437,0.018761696,0.062455535,-0.033117667
636831290,636831188,0.016834924,0.04475809,-0.029205259
636835078,636834978,0.020481657,0.039620444,-0.013932045
636838787,636838687,0.009726861,0.04550158,0.014868753
636841304,636841210,0.012909773,0.06519285,-0.016238164
636845079,636844979,0.015788049,0.05008513,-0.005121043
636848787,636848687,0.021779666,0.044325307,-0.028298754
636852533,636852438,0.014725739,0.046757102,-0.0041293297
636856303,636856210,0.0105413925,0.047760572,-0.013789674
636858787,636858687,0.0008276816,0.059492573,-0.016791092
636862538,636862437,0.010737572,0.048321567,0.06123643
636866284,636866186,0.0097853895,0.038830116,-0.013456981
636870087,636869979,-0.003748385,0.052392665,0.0031373862
636873790,636873688,-0.004374278,0.05322362,-0.016637245
636876289,636876188,-0.004814667,0.04205347,0.025105381
636880078,636879979,0.0027235502,0.03143794,0.011223661
636883788,636883687,7.113095e-05,0.033298943,-0.001457559
636887528,636887436,-0.010611613,0.043272495,-0.04135268
636891290,636891189,-0.0038135522,0.0371471,-0.018476475
636893788,636893687,-0.0018403267,0.030772407,-0.018794635
636897542,636897438,-0.008528334,0.025481371,-0.012698968
636901312,636901211,-0.0027074646,0.029714312,0.0036694536
636905085,636904978,-0.012764045,0.03437923,-0.012698631
636908787,636908687,-0.004017619,0.021029579,-0.018135503
636911289,636911188,-0.007017663,0.012229643,-0.0023046245
636915082,636914980,-0.015587179,0.024454603,-0.0010243746
636918781,636918688,0.0018933191,0.023946634,0.0191159
636922538,636922437,0.0032187835,0.02079892,0.011602983
636926287,636926187,0.0015712298,0.025700329,0.032826487
636928787,636928687,0.0057773897,0.02884755,0.028325088
636932537,636932437,0.005459616,0.032481194,0.025676578
636936282,636936188,0.019899573,0.04364694,0.006419952
636940078,636939978,0.015766364,0.020293716,-0.013169201
636943789,636943687,0.018002177,0.0312856,-0.020634279
636946310,636946210,0.018376028,0.0340407,-0.0036082065
636950082,636949980,0.027670177,0.04345447,0.0012832236
636953788,636953687,0.028511576,0.04273009,0.016241034
636957543,636957437,0.020115925,0.029728891,-0.019735048
636961313,636961211,0.025115613,0.03557991,-0.013001782
636963792,636963691,0.025935408,0.029217716,-0.017706878
636967536,636967437,0.024131196,0.041516826,0.005922867
636971281,636971187,0.023847545,0.023578607,0.015439182
636975081,636974980,0.028114269,0.04090825,0.0535092
636978787,636978687,0.025312778,0.028982285,0.033444557
636981290,636981188,0.024229772,0.045817282,0.042318013
636985078,636984979,0.031940944,0.03823461,-0.0051407623
636988787,636988687,0.026673377,0.036973964,-0.011044879
636992539,636992437,0.03584729,0.040873073,0.014373412
636996292,636996188,0.032432362,0.047983143,0.044346295
636998786,636998687,0.03589732,0.039143078,0.026108313
637002532,637002438,0.034548793,0.033486754,0.00953751
637006313,637006210,0.04215157,0.043266978,-0.041731045
637010076,637009977,0.035847887,0.052643552,-0.032949023
637013787,637013686,0.030839669,0.040054955,-0.020782929
637016288,637016187,0.03185425,0.033646997,0.009265129
637020088,637019980,0.029672224,0.032711674,0.008421602
637023789,637023688,0.038891602,0.03628345,0.011431933
637027538,637027437,0.0321907,0.033227015,-0.02842586
637031287,637031187,0.035022847,0.035153132,-0.015767207
637033789,637033687,0.029671462,0.025614,0.014040998
637037528,637037436,0.03238877,0.027990745,0.024766786
637041291,637041188,0.032775532,0.029065752,0.03749601
637045079,637044979,0.02607331,0.02455787,-0.013914369
637048788,637048687,0.024634125,0.023649493,-0.013707042
637051312,637051211,0.025114505,0.027672084,-0.021739764
637055086,637054979,0.021689266,0.019591194,-0.014203898
637058786,637058687,0.023499703,0.022931248,0.00023185578
637062540,637062438,0.012625359,0.016800921,0.0006994876
637066312,637066210,0.015920846,0.022444861,-0.0068473327
637068780,637068687,0.013496352,0.02602195,-0.016124595
637072541,637072437,0.016846966,0.018656226,-0.025171686
637076285,637076187,0.010092654,0.01766827,-0.0038284045
637080082,637079980,0.0154326875,0.016533675,0.0068168095
637083789,637083687,0.011864986,0.014859826,0.028140932
637086282,637086188,0.008535483,0.014829186,0.014785592
637090081,637089980,-0.00019917727,0.021249088,0.0057077804
637093788,637093687,0.007019174,0.014398333,-0.034750257
637097536,637097437,0.010974261,0.020294406,0.0046871766
637101292,637101188,0.0020614604,0.026360651,-0.012210744
637103788,637103687,0.0011341778,0.019555679,0.020720018
637107539,637107437,0.004462581,0.016747814,-0.0072282804
637111312,637111211,0.0022960848,0.012982554,0.0051683923
637115080,637114979,0.004066524,0.021710455,-0.026634071
637118779,637118687,-0.0041486328,0.023681598,-0.010630837
637121282,637121188,-0.0018053394,0.01793951,-0.021145245
637125083,637124980,-0.0014939191,0.017290713,0.037135076
637128787,637128687,-0.0073094745,0.017058345,0.009155651
637132538,637132437,-0.011195125,0.010243809,0.009541034
637136279,637136186,-0.007072527,0.012971862,-0.01599903
637138788,637138687,-0.0053228126,0.009244793,0.012713832
637142537,637142437,-0.010944489,-4.4133114e-05,-0.030576074
637146289,637146188,-0.0039746794,0.016869083,0.01220346
637150081,637149980,-0.0017854117,0.010175476,-0.028547188
637153790,637153688,-0.0028166105,0.006476363,-0.0013065757
637156306,637156211,-0.0019368847,0.0074199163,-0.028678572
637160077,637159978,-0.009080104,0.008843983,-0.0011007659
637163788,637163687,-0.0057959035,0.012316335,-0.016128156
637167538,637167438,-0.006259607,0.013655455,0.018241752
637171305,637171211,-0.00080499303,0.0013900641,-0.0022810812
637173791,637173688,-0.0039003987,0.007491029,0.0071239467
637177538,637177437,-0.0044071767,0.005615274,-0.013697995
637181288,637181188,-0.0049333004,0.009035765,-0.0042677172
637185084,637184980,-0.001330618,-0.0017138497,0.0032852935
637188788,637188687,-0.003821524,0.013848678,0.015726952
637191291,637191188,-0.0031399245,0.016175022,0.0091171935
637195081,637194980,-0.0019742905,0.012624119,6.652926e-05
637198787,637198687,0.0015622958,-0.0091548115,-0.027658945
637202529,637202437,-0.0018036906,0.00024268015,-0.036398273
637206286,637206188,0.003843869,0.0011630553,-0.008754465
637208786,637208687,0.0036119667,0.0053034546,0.0028415136
637212540,637212438,-0.0007816251,-0.00032168778,-0.0044461726
637216313,637216211,6.680304e-05,0.0040638195,-0.0097897565
637220084,637219978,0.0014602188,0.0088171465,-0.0077374047
637223788,637223687,-0.0013518159,0.014222961,-0.021561254
637226286,637226187,-0.0012885949,0.008154344,-0.010835514
637230081,637229980,0.0005193431,9.495333e-06,0.013394343
637233789,637233688,-0.0011928448,0.007199508,0.012922515
637237538,637237437,-0.00030712187,0.011741656,-0.0103723975
637241289,637241187,-0.0024607284,0.0073614456,-0.015604174
637243788,637243687,-0.0013981045,0.008381727,-0.014044713
637247537,637247437,0.0013446917,0.0010071998,-0.006228541
637251282,637251188,0.0047766003,0.011326684,-0.0012438886
637255088,637254980,-0.0018405489,0.0076706815,-0.0041342042
637258789,637258687,0.006908339,0.008812428,-0.024066223
637261307,637261205,0.0023504156,0.006573574,-0.025927285
637265077,637264978,0.0043153726,0.009429368,-0.020439243
637268779,637268687,0.0004963276,0.01020454,-0.0014597939
637272541,637272437,0.005649185,0.011393994,0.002862092
637276312,637276211,0.0038160852,0.003640826,0.00941733
637278787,637278687,0.0028392388,0.013471092,-0.012845014
637282538,637282437,-0.00055794156,0.011300307,-0.011039137
637286279,637286186,0.0031132612,0.01720047,-0.012284101
637290081,637289980,0.00049554824,0.013788013,0.008871952
637293788,637293687,0.0041308715,0.00903829,-0.017433649
637296291,637296189,9.366427e-05,0.013840882,0.003863718
637300090,637299979,0.0059623877,0.020593459,-0.023384621
637303789,637303687,0.0049565258,0.011725311,-0.017014585
637307537,637307437,0.008283612,0.0024162992,-0.017559517
637311291,637311189,0.0050340286,0.018253397,0.004230729
637313787,637313687,0.008186043,0.01685461,-0.009656028
637317534,637317438,0.010426275,0.016002752,-0.0035933072
637321305,637321211,0.01416976,-0.0019635283,-0.015662093
637325077,637324978,0.008365727,0.016674155,-0.014872857
637328787,637328687,0.012450986,0.012987647,-0.015324265
637331288,637331187,0.011068303,0.012175389,-0.0063123642
637335081,637334979,0.015877865,-0.004217322,0.00038129606
637338787,637338687,0.011682829,0.005713365,-0.008900028
637342538,637342437,0.01578092,0.007885453,-0.016721372
637346289,637346187,0.01706097,0.0146455895,-0.014629956
637348788,637348687,0.019529961,0.006562508,-0.011868175
637352533,637352437,0.0164715,0.005944614,-0.021970749
637356279,637356187,0.015804755,0.013513573,-0.013835423
637360083,637359980,0.01250817,0.01657343,-0.010164725
637363790,637363688,0.01278492,0.0042558024,-0.010309137
637366312,637366211,0.010942705,0.009334838,-0.023888638
637370087,637369979,0.014441106,0.002887274,-0.007669088
637373790,637373687,0.013521124,0.02208719,-0.011086157
637377538,637377437,0.005119117,0.008385646,-0.002524892
637381314,637381213,0.0064042592,0.009169017,-0.008792774
637383788,637383687,0.0042841253,0.0051951758,0.0021208515
637387540,637387437,0.0057266476,0.016786816,-0.0102464305
637391289,637391188,0.004211187,0.0015863203,-0.020868752
637395077,637394977,0.0033696587,0.0048492327,-0.02318244
637398786,637398687,0.0031141953,0.0049887924,-0.007617055
637401282,637401188,0.0038251115,0.016074141,-0.009381874
637405081,637404980,0.0043355534,0.0052792854,-0.011156044
637408787,637408687,0.0063258284,0.0073479405,-0.009888514
637412538,637412437,-0.0011765193,0.0040545464,-0.018772446
637416286,637416187,0.00414284,0.016129073,-0.02571558
637418787,637418687,-0.0025594449,0.012106138,-0.02710643
637422536,637422437,0.0040129595,0.0020130875,-0.008631954
637426312,637426211,-0.0031818864,0.0022742902,-0.004400077
637430078,637429979,0.00047875175,0.0032830774,-0.012358923
637433781,637433687,-0.0011049344,0.014646392,-0.010622588
637436279,637436187,0.0016609158,0.010171723,-0.012788675
637440077,637439978,0.0022551941,0.0042824694,-0.019050341
637443788,637443687,0.0026379547,0.0074277194,-0.020920625
637447539,637447437,0.0035944832,0.018984165,-0.012779961
637451282,637451187,0.00056882924,0.011277642,-0.0044984575
637453790,637453688,0.000382021,0.020895092,-0.022714134
637457538,637457437,0.0019750372,0.004937222,-0.022191886
637461287,637461188,0.0096027,0.01681089,-0.02563261
637465080,637464979,0.00046530843,0.017468808,-0.019364359
637468787,637468687,0.011332584,0.014329063,-0.010280683
637471306,637471212,0.0013603189,0.012987981,-0.018170211
637475082,637474980,0.014022714,0.016884156,-0.024460116
637478788,637478687,0.003956575,0.022759477,-0.0312624
637482538,637482437,0.008796793,0.02326298,-0.032040797
637486304,637486211,0.006213178,0.020893114,-0.0072673587
637488785,637488687,0.0063469866,0.011153908,-0.008389722
637492540,637492437,-0.0007669425,0.02231046,-0.017124342
637496288,637496188,0.005100501,0.010111857,-0.030977756
637500080,637499979,0.009501273,0.014922707,-0.035397235
637503788,637503687,0.0022203894,0.008806943,-0.027264105
637506290,637506187,0.0022777729,0.018145073,-0.029356062
637510083,637509980,0.004326247,0.008625225,-0.0047388542
637513788,637513687,0.007838893,0.017625654,-0.020832786
637517530,637517437,-0.003205978,0.01349121,-0.016766628
637521281,637521187,0.002961803,0.009097854,-0.03781705
637523788,637523687,-0.003324146,0.019125914,-0.021424305
637527536,637527437,0.0011049978,0.009599644,-0.030997466
637531313,637531212,-0.0036079022,0.009135289,-0.01733542
637535088,637534980,0.0011889795,0.0024772065,-0.016382484
637538788,637538687,-0.0033728834,0.019541088,-0.026686028
637541288,637541188,0.0012914564,0.013109526,-0.012868313
637545077,637544978,-0.0020685152,0.013137268,-0.037787568
637548786,637548687,0.002602124,0.01097423,-0.00147455
637552538,637552437,0.0007096218,0.011544569,-0.019447668
637556288,637556187,0.0040234835,0.024984004,-0.0024960157
637558787,637558687,0.008467898,0.010949665,-0.030191418
637562538,637562437,0.003768867,0.02010722,-0.02461819
637566288,637566187,0.009042463,0.01084164,-0.030289944
637570087,637569979,0.00415999,0.026704133,-0.00779953
637573790,637573687,0.011229803,0.016460154,-0.01585787
637576311,637576211,0.0031496922,0.023180656,-0.011893309
637580081,637579980,0.0217749,0.00863885,-0.025192814
637583781,637583687,0.0145494165,0.027366094,-0.042205367
637587541,637587437,0.011103975,0.020477632,-0.022710674
637591315,637591211,0.016671108,0.0060595605,-0.018164894
637593788,637593687,0.009639165,0.011891394,-0.010754944
637597540,637597438,0.00925678,0.009868503,-0.035465356
637601282,637601188,0.005798962,0.017541315,-0.020679694
637605078,637604978,0.007794662,-0.002496501,-0.03748979
637608789,637608687,0.011068507,0.018763963,-0.017597439
637611287,637611187,0.011881237,0.013889586,-0.04114638
637615082,637614979,0.01253989,0.02338712,-0.005984736
637618787,637618687,0.0052381163,0.00978655,-0.01947312
637622538,637622437,0.00450463,0.005986349,-0.027135696
637626285,637626186,0.0052713812,0.016293263,-0.033967298
637628787,637628687,0.007979051,0.014675365,-0.03231953
637632538,637632437,0.0072059836,0.01720376,-0.028001495
637636304,637636211,0.0044401474,0.0013610077,-0.012963318
637640081,637639980,0.0062011112,0.022338929,-0.0060107517
637643789,637643687,0.0025085993,0.0149007095,-0.016843831
637646288,637646188,0.005274797,0.02339206,-0.034365963
637650077,637649978,0.0043192995,0.0005710325,-0.03816727
637653791,637653687,0.009620042,0.017388714,-0.01409129
637657539,637657437,0.0036620982,0.02191332,0.0061359177
637661290,637661188,0.01076293,0.021396529,-0.009117239
637663789,637663688,0.0070888125,0.014720956,-0.021591417
637667530,637667437,0.0059193834,0.013179976,-0.04227268
637671281,637671188,0.004570566,0.010785035,-0.023674577
637675082,637674980,0.0057420023,0.014104239,-0.03309321
637678789,637678687,0.0066223177,0.009400361,-0.0045791348
637681312,637681211,0.0059161102,0.0078158695,-0.011789792
637685089,637684980,0.0045478996,0.013502259,-0.01091611
637688787,637688687,0.010062907,0.01434384,-0.04899893
637692540,637692438,0.0070456765,0.0059249313,-0.0360784
637696315,637696212,0.010365801,0.009370202,-0.003873997
637698788,637698687,0.005457056,0.011721247,0.003068304
637702539,637702437,0.0069281333,0.021078398,-0.01124318
637706292,637706188,0.004946093,0.011822509,-0.02041043
637710078,637709978,0.00758066,0.005766285,-0.034334894
637713787,637713686,0.0044525964,0.013095356,-0.04765493
637716277,637716187,0.008406295,0.016388038,-0.024726268
637720090,637719980,0.008657688,0.014809441,-0.00909094
637723788,637723688,0.008800616,0.011580816,-0.0014818026
637727538,637727437,0.001806961,0.01933838,-0.034517158
637731289,637731188,0.003799057,0.009611477,-0.045336377
637733782,637733688,0.0049112774,0.0146440035,-0.05111555
637737535,637737436,0.0057427734,0.0053255204,-0.018390499
637741315,637741212,0.007219372,0.014634747,-0.0006108242
637745082,637744980,0.00062754785,0.012408355,0.006852414
637748788,637748687,0.007980759,0.015170358,-0.032912403
637751282,637751188,0.00031462827,0.012559442,-0.039026864
637755078,637754978,0.007386798,0.015997753,-0.046540387
637758786,637758687,0.0014009969,0.011105772,-0.007946718
637762537,637762437,0.005698465,0.01453336,0.0038366318
637766281,637766188,0.0020457914,0.016798027,-0.0049022655
637768787,637768687,0.0058004875,0.013274726,-0.024649799
637772542,637772439,-0.0015922193,0.01902795,-0.051220484
637776286,637776187,0.00045022086,0.018098323,-0.028123673
637780076,637779978,0.006090112,0.015114281,-0.022431258
637783788,637783687,0.0015240446,0.022340553,0.007810085
637786303,637786210,0.0069666915,0.021981968,-0.0068124924
637790084,637789982,0.0016725258,0.011764296,-0.009320551
637793789,637793688,0.007521553,0.010932368,-0.04370536
637797538,637797437,0.0011267567,0.018662162,-0.02077422
637801312,637801211,0.011890088,0.012557591,-0.019413847
637803788,637803687,0.005010309,0.018114343,0.009708232
637807538,637807437,0.0068631787,0.018987963,-0.014908355
637811291,637811188,0.0005656533,0.019360509,-0.007972232
637815079,637814979,0.006426693,0.013550545,-0.03639488
637818786,637818687,0.013188043,0.025726939,-0.037783556
637821280,637821188,0.015819237,0.024439156,-0.032808453
637825076,637824977,0.0126303965,0.023696706,-0.003681799
637828787,637828687,0.00872165,0.027891798,0.0041902433
637832540,637832438,0.009643779,0.025532374,-0.030963203
637836279,637836187,0.009154649,0.027926534,-0.02425104
637838787,637838687,0.014723847,0.021795282,-0.027809203
637842538,637842437,0.012069462,0.03288504,-0.005869991
637846309,637846210,0.011243629,0.019525185,-0.016078973
637850081,637849980,0.009025678,0.018307667,0.008663893
637853791,637853688,0.007399523,0.017606674,-0.014366205
637856288,637856187,0.008581937,0.01975105,-0.011578877
637860081,637859980,0.0057874727,0.014839955,-0.034529097
637863789,637863687,0.00839878,0.011584703,-0.00929439
637867537,637867437,0.0015260105,0.013680024,-0.010264648
637871283,637871188,0.0040189507,0.0028939254,-0.025927925
637873788,637873687,0.0018319049,0.0071731666,-0.01529038
637877538,637877437,0.0043854,0.004366876,-0.02398191
637881288,637881188,0.0020722295,0.013363805,-0.009945356
637885088,637884979,0.003600765,0.0008424542,-0.03471811
637888787,637888687,0.0021367634,0.014566329,-0.007468465
637891312,637891211,0.0020250243,0.0066911387,-0.0150504485
637895081,637894980,0.0025970438,0.012266298,-0.0044268905
637898787,637898687,0.004661758,0.008334739,-0.015344029
637902538,637902437,0.0037056403,0.013466476,-0.00312179
637906313,637906210,0.005885367,0.015798992,-0.03215855
637908789,637908687,0.003419757,0.018876389,-0.010822261
637912538,637912437,0.006055202,0.017587064,-0.019860225
637916282,637916188,0.0021472948,0.0198535,0.013088404
637920080,637919980,0.009458676,0.021729536,-0.0077296654
637923789,637923687,0.002680872,0.019529102,-0.027842712
637926287,637926187,0.009915975,0.02079499,-0.035094347
637930078,637929979,0.0006912497,0.019666407,-0.019010177
637933788,637933687,0.009148305,0.021974703,0.0035744607
637937538,637937438,0.006981931,0.022280801,0.003319514
637941290,637941188,0.0077302014,0.019972874,0.004744926
637943788,637943687,0.0045842314,0.020810023,-0.018069467
637947538,637947437,0.008022595,0.02188261,-0.02384486
637951312,637951211,0.0070676063,0.023304038,-0.016225804
637955084,637954983,0.0025210741,0.016566347,0.0144227855
637958789,637958687,0.009039962,0.023408867,-0.0013632053
637961292,637961188,0.0034199003,0.02024048,0.0017378589
637965085,637964980,0.00981463,0.020938063,-0.020380704
637968787,637968687,0.0003089139,0.01781029,-0.015468204
637972538,637972437,0.005723356,0.017337572,-0.021494864
637976289,637976188,0.0011306709,0.016944645,-0.0024379678
637978786,637978686,0.008273849,0.010473676,0.0074120397
637982532,637982438,-0.00031067486,0.01737393,0.008867987
637986282,637986187,0.006144171,0.0074641667,-0.009394198
637990076,637989978,0.0047911135,0.02007143,-0.03051901
637993789,637993687,0.0035623861,0.01732614,-0.005471387
637996310,637996210,0.0074649,0.021266075,0.0033145666
638000093,637999979,0.001420786,0.015894823,0.016370272
638003789,638003687,0.0067516738,0.020906731,0.0014653752
638007542,638007437,0.0041085337,0.016908726,-0.0029063981
638011312,638011211,0.009056209,0.014810092,-0.025925547
638013788,638013687,0.0043976665,0.019713048,-0.011760168
638017538,638017437,0.007912112,0.0102340495,-0.008718774
638021290,638021188,0.0037611811,0.017378248,0.01665728
638025081,638024980,0.0030287353,0.006064495,0.0064352737
638028789,638028687,0.0057110256,0.018322648,-0.01912065
638031289,638031188,0.002536944,0.00794666,-0.018604152
638035085,638034978,0.003991941,0.013552748,-0.019540824
638038786,638038687,0.0016675431,0.0050001703,0.009732183
638042539,638042437,0.0063442956,0.003742093,0.012296761
638046289,638046188,2.6825033e-05,0.008585575,0.011173229
638048779,638048687,0.006826271,0.0077910763,-0.009725301
638052538,638052437,0.0010587141,0.0069140657,-0.01302427
638056310,638056210,0.007111542,0.0044187354,-0.0073468913
638060081,638059980,0.0018142449,0.017556248,0.012535695
638063789,638063688,0.003528425,0.0046531325,0.010346748
638066281,638066188,0.0017349488,0.016231576,0.0045836954
638070082,638069980,0.007918056,0.004271266,-0.013180421
638073791,638073687,0.0077542523,0.020274606,-0.009092789
638077538,638077437,0.0022838654,0.0104831215,-0.0020103795
638081290,638081188,0.007136005,0.019651221,0.008272715
638083789,638083687,0.0019908424,0.011590343,0.013051567
638087553,638087453,0.0054609315,0.023660345,0.0002898917
638091288,638091188,-0.00039579946,0.017342238,-0.0038263814
638095080,638094979,0.004729736,0.012654264,-0.010327471
638098779,638098687,0.0030423133,0.028609607,0.0067969672
638101305,638101211,0.0067316513,0.025891395,0.010293837
638105085,638104982,0.003309699,0.032636188,0.0142323915
638108787,638108687,0.0038732672,0.018892862,0.009657402
638112539,638112438,0.004195003,0.033345595,-0.0062346817
638116315,638116210,0.002118149,0.027085923,-0.013971937
638118787,638118687,0.0025157735,0.033953853,-0.00014641663
638122538,638122437,0.0012253883,0.01955382,0.008833921
638126289,638126188,0.0054295408,0.030439975,0.0141520845
638130081,638129980,0.0043818164,0.026963754,-0.0029633793
638133789,638133687,0.008273596,0.024387626,0.0082138395
638136282,638136188,0.0049856976,0.017641626,-0.009049635
638140077,638139978,0.005225258,0.021327902,0.0014130936
638143788,638143687,0.0022345735,0.029194914,0.0041759606
638147540,638147438,0.008134944,0.019302018,0.021359373
638151281,638151188,0.011110929,0.0227455,0.017996706
638153792,638153688,0.008072803,0.0138212675,0.007011652
638157537,638157437,0.0067443,0.021033084,-0.0008133143
638161312,638161211,0.000585791,0.018426174,-0.005968336
638165082,638164980,0.0075689116,0.00909414,0.027705615
638168787,638168687,0.009882745,0.018787067,0.010562316
638171293,638171190,0.010644527,0.014530274,0.023041394
638175080,638174979,0.005839097,0.026402557,-0.012322179
638178787,638178687,0.0035592376,0.005166746,0.002346608
638182533,638182438,0.00940758,0.008357463,0.0032509458
638186281,638186187,0.001884084,0.0092883445,0.014555987
638188786,638188687,0.007992853,0.022438763,0.014402756
638192540,638192438,0.0022066091,0.012725341,0.0054894723
638196288,638196188,0.009814408,0.009768082,0.0082937945
638200084,638199978,0.001363367,0.009682416,-0.0071130064
638203792,638203687,0.0073704123,0.005457456,0.012324298
638206313,638206210,0.0027861595,0.013559235,0.0123332245
638210082,638209979,0.0077282176,0.005154345,0.028567629
638213787,638213687,0.00417353,0.019428961,0.008126302
638217537,638217437,0.0014089568,0.00608886,-0.004643169
638221312,638221211,0.009454265,0.016570402,0.008462714
638223788,638223687,0.0046471274,0.003054732,0.011831686
638227537,638227437,0.004379198,0.01868801,0.023660516
638231289,638231188,-0.0015300602,0.017835516,0.0114108175
638235090,638234980,0.0053413883,0.014598998,0.01845118
638238788,638238687,0.004371022,0.01278819,0.0008615804
638241289,638241188,0.007250525,0.010831962,0.0067189196
638245077,638244979,0.0017180187,0.014825764,-0.00070632773
638248780,638248687,0.0023306415,0.015473177,0.02455275
638252540,638252438,0.0029469326,0.01105416,0.025609955
638256289,638256188,0.0014430858,0.010602553,0.012587222
638258787,638258687,0.0046029473,0.0072649196,0.0008064032
638262538,638262437,0.0042089354,0.013017174,-0.0021060328
638266309,638266210,0.003723263,0.0039818576,0.019093296
638270083,638269980,0.0023358671,0.00068502297,0.020431299
638273791,638273688,0.004139799,0.0043356116,0.028499093
638276288,638276187,0.0050374,0.01190594,0.012921114
638280081,638279980,0.0045157867,0.010771764,0.0077544414
638283788,638283687,0.003388674,0.0072436,0.004514393
638287537,638287437,0.002341916,0.006068318,0.018505504
638291293,638291188,0.003427479,0.0056735314,0.023469968
638293788,638293687,0.003351723,0.015298588,0.026621034
638297540,638297438,0.0032138978,0.007302518,0.009021667
638301281,638301188,0.003465028,0.016951302,0.0110133635
638305080,638304978,0.0022449624,0.006959471,0.00020830208
638308788,638308687,0.008822651,0.018315488,0.02678165
638311311,638311211,0.0065542306,0.0069902805,0.014565259
638315082,638314980,0.0071705575,0.013975443,0.039275415
638318787,638318687,0.0027442882,0.015452417,0.0065653687
638322537,638322437,0.0050543505,0.01570385,0.012992858
638326310,638326210,0.008040303,0.02324177,0.014414097
638328787,638328687,0.005299346,0.012601229,0.030447908
638332538,638332437,0.0026891336,0.024416694,0.020881442
638336283,638336188,-0.0009076594,0.020853069,0.017345408
638340082,638339980,0.004934063,0.016749118,0.032433145
638343790,638343688,0.0038619807,0.014964308,-0.0018433834
638346288,638346188,0.005678177,0.01895007,0.028777571
638350086,638349979,0.0029017653,0.024699967,-0.0011198466
638353789,638353687,0.0010458591,0.021707889,0.037270214
638357539,638357438,0.0021599184,0.024939641,0.006713626
638361289,638361188,-0.00093143724,0.018507954,0.025811167
638363788,638363687,0.004075778,0.028596487,0.0086042425
638367538,638367437,0.0019867404,0.022992456,0.03046464
638371311,638371211,0.0035662614,0.023906786,0.018359754
638375083,638374979,0.00034627746,0.019496156,0.019388346
638378788,638378687,0.005490664,0.017159563,0.02605743
638381282,638381188,0.0030937167,0.027701478,0.023309063
638385088,638384980,0.005901721,0.015657458,0.026717361
638388786,638388687,0.0074227783,0.028581975,0.0214153
638392542,638392437,0.006053855,0.017368602,0.013268639
638396292,638396190,0.012260046,0.023771133,0.02860211
638398787,638398687,0.007074313,0.0146491965,0.01519701
638402540,638402438,0.011169077,0.019983001,0.03372138
638406292,638406188,0.005349313,0.01865934,0.023387417
638410076,638409978,0.0044421307,0.01175638,0.02096492
638413788,638413687,0.006702946,0.013783688,0.02971013
638416309,638416210,0.0048490427,0.012809658,0.017367141
638420081,638419979,0.005739252,0.014947189,0.03503322
638423788,638423687,0.002779918,0.018385824,0.02322748
638427538,638427437,0.008570607,0.0076734815,0.03220257
638431311,638431211,0.008299693,0.017254323,0.020348804
638433788,638433687,0.00817738,0.010120031,0.021671027
638437537,638437437,0.004814396,0.020339698,0.023405993
638441291,638441188,0.005552253,0.00979833,0.028810987
638445082,638444980,0.00700807,0.007420995,0.035564553
638448787,638448687,0.004737133,0.013327779,0.018534496
638451280,638451188,0.0046432884,0.009787996,0.030581867
638455078,638454978,0.0051285615,0.013813407,0.013989783
638458786,638458687,0.0041075037,0.0054233246,0.02900886
638462540,638462438,0.004371958,0.012901601,0.025512435
638466281,638466188,0.0035146168,0.008491057,0.031134333
638468788,638468687,0.0071809203,0.0131777255,0.02795042
638472538,638472437,0.007626012,0.011641698,0.016195778
638476310,638476210,0.008409144,0.01031329,0.026426138
638480083,638479980,0.006969528,0.009977273,0.014569491
638483789,638483687,0.0060949773,0.0023178563,0.039025865
638486288,638486187,0.0067370227,0.010880408,0.023060095
638490082,638489980,0.008703117,0.01251679,0.033724222
638493789,638493687,0.010561587,0.019878956,0.017045364
638497530,638497437,0.0021557342,0.0035232194,0.020620424
638501291,638501191,0.010653781,0.011854579,0.032578975
638503788,638503687,0.0010874766,0.0050578583,0.03482882
638507542,638507437,0.009812958,0.019628761,0.03801638
638511293,638511191,0.0017369379,0.012943996,0.021586943
638515086,638514979,0.010410021,0.011241798,0.036195192
638518787,638518687,0.008303329,0.0144767435,0.015158211
638521312,638521211,0.011378966,0.01366337,0.030239725
638525078,638524979,0.0075663375,0.011504518,0.018605718
638528786,638528687,0.005918961,0.009129114,0.045641154
638532539,638532438,0.010180816,0.01278233,0.020715801
638536311,638536210,0.003799916,0.011232049,0.02954887
638538787,638538687,0.0135689555,0.010711789,0.012813955
638542538,638542437,0.0074123587,0.01186005,0.032091875
638546285,638546186,0.013282849,0.011590917,0.025341805
638550088,638549980,0.002521686,0.014026445,0.041906286
638553791,638553688,0.0037490989,0.011531766,0.0234135
638556289,638556188,0.0043641054,0.01450869,0.03543145
638560080,638559980,0.007727744,0.012049299,0.016361536
638563783,638563687,0.006809048,0.016357169,0.031743187
638567537,638567437,0.0052407216,0.009004159,0.015013372
638571289,638571188,0.0030403172,0.015681798,0.04543057
638573789,638573687,0.0024636993,0.012722065,0.025130719
638577539,638577438,0.0073312935,0.01712726,0.04500927
638581312,638581211,0.0073241754,0.008616697,0.016887793
638585077,638584978,0.0074857706,0.0064104907,0.039722074
638588787,638588687,0.009737456,0.013860447,0.017317235
638591288,638591187,0.007331756,0.016491449,0.038648535
638595082,638594980,0.008842956,0.015978998,0.026888378
638598787,638598687,0.006423491,0.0113778785,0.036088612
638602538,638602437,0.008326577,0.007060791,0.01809341
638606291,638606187,0.0067948117,0.018753838,0.036199182
638608791,638608687,0.0062633697,0.008350961,0.029470624
638612538,638612437,0.0069230916,0.014761708,0.02184352
638616284,638616187,0.007108469,0.0058661425,0.034601588
638620080,638619979,0.010163633,0.01492854,0.029421877
638623789,638623687,0.009961977,0.007323404,0.030115217
638626314,638626213,0.009816371,0.010739418,0.016499989
638630078,638629978,0.0064560557,0.006231354,0.039522886
638633788,638633687,0.008314333,0.009788333,0.022173597
638637539,638637437,0.006991573,0.007963377,0.03262638
638641312,638641211,0.012007155,0.010056788,0.027199807
638643789,638643688,0.009164675,0.011392119,0.048043825
638647530,638647437,0.006038633,0.009486668,0.021834841
638651283,638651187,0.0055641206,0.0168438,0.038149547
638655083,638654980,0.007416507,0.0037244856,0.021513013
638658787,638658687,0.006844825,0.017630182,0.04340704
638661293,638661188,0.008159777,0.009464358,0.021800524
638665091,638664980,0.0069286223,0.0209737,0.032669205
638668787,638668687,0.002052881,0.0051588747,0.027892383
638672537,638672437,0.0014028705,0.012757479,0.039077204
638676288,638676188,0.0013252778,0.009284647,0.02465896
638678786,638678687,0.0029993942,0.012260562,0.020860152
638682539,638682437,0.009209908,0.006619118,0.030826153
638686315,638686210,0.0038508452,0.010957811,0.030581499
638690077,638689978,0.0072696726,0.008975798,0.033586923
638693788,638693687,0.005266244,0.013734665,0.030623833
638696284,638696186,0.0058979364,0.0115860775,0.03573741
638700091,638699980,0.0013015002,0.0090256315,0.015635114
638703789,638703687,0.0037420448,0.008858117,0.034657214
638707538,638707437,0.003893909,0.008935657,0.024828382
638711292,638711187,0.005510191,0.005798451,0.0434831
638713781,638713687,0.0039089415,0.0061449474,0.023803782
638717536,638717437,0.0058671273,0.01294674,0.03112929
638721291,638721188,0.0044814567,0.012616428,0.021040697
638725081,638724980,0.0048017395,0.0076821074,0.036431752
638728788,638728687,0.0042939535,0.0074303974,0.025198663
638731312,638731211,0.004800524,0.0044849915,0.034135357
638735077,638734978,0.0048464024,0.010964997,0.025902862
638738788,638738687,0.0046047075,0.004936502,0.02468799
638742540,638742438,0.007543335,0.012972973,0.024194187
638746312,638746211,0.004888039,0.011964867,0.02952484
638748787,638748687,0.0024139704,0.01609717,0.032431457
638752538,638752437,0.0021313753,0.0043636113,0.025925828
638756287,638756187,0.004479372,0.013975876,0.030585906
638760081,638759980,0.004183803,0.003174958,0.022204205
638763781,638763687,0.0043137567,0.014495382,0.034501698
638766281,638766187,0.003973959,0.007229018,0.024578156
638770081,638769980,0.0054059555,0.01384416,0.03607446
638773789,638773688,0.0025606202,0.004877129,0.020982822
638777538,638777437,0.0030659167,0.013459957,0.03706959
638781282,638781187,0.003979462,0.007708402,0.022947587
638783788,638783687,0.0028843095,0.010535524,0.03411735
638787539,638787438,0.006096098,0.008813884,0.018012613
638791312,638791211,0.00067340385,0.009838393,0.031905983
638795078,638794978,0.006212134,0.0124438675,0.01866437
638798792,638798687,0.0036729693,0.010308105,0.027859353
638801281,638801188,0.008079623,0.009330855,0.029102588
638805081,638804979,0.002034817,0.0091132345,0.026302906
638808791,638808687,0.0036020253,0.01605807,0.022303617
638812539,638812437,0.00043059472,0.011129175,0.015406285
638816278,638816186,0.0023473445,0.012818669,0.034260612
638818789,638818687,0.00050263415,0.005534922,0.028204631
638822537,638822437,0.0007944505,0.017799592,0.030848695
638826288,638826188,0.00134494,0.010081871,0.015672516
638830081,638829980,-0.0026326305,0.0088755265,0.037471063
638833789,638833687,0.00017694545,0.008257946,0.018470181
638836312,638836211,-0.001750082,0.013995336,0.025897184
638840080,638839979,0.0018964227,0.008265755,0.016646966
638843790,638843688,-0.0010675602,0.014458244,0.037159175
638847538,638847437,0.00064281264,0.007973389,0.020582234
638851305,638851211,-0.0016592069,0.018969625,0.024026748
638853793,638853688,0.006032259,0.016424613,0.022412062
638857538,638857437,-0.0003007992,0.008134916,0.023616849
638861288,638861188,0.007071533,0.008420735,0.027222758
638865090,638864981,0.0014693581,0.014422345,0.011156539
638868788,638868687,0.004451265,0.010957792,0.033109073
638871289,638871188,-0.001652366,0.009081406,0.027495023
638875082,638874980,0.0042027123,0.015385237,0.026641103
638878788,638878687,0.0008650647,0.015259676,0.01138729
638882528,638882437,0.005861746,0.015598509,0.030479418
638886290,638886188,0.0018393921,0.014645279,0.02358829
638888787,638888687,0.0021323913,0.009970968,0.02467585
638892544,638892438,0.0054587503,0.008574357,0.025603356
638896313,638896211,0.0022320973,0.011507965,0.027016548
638900077,638899978,0.006067218,0.014746621,0.023659758
638903788,638903687,0.0058524907,0.018960994,0.013899304
638906290,638906187,0.009897279,0.017295023,0.025487809
638910082,638909980,0.0024959708,0.019081516,0.022465533
638913787,638913687,0.005632659,0.0142536145,0.035986193
638917538,638917437,0.001074711,0.009736406,0.011194614
638921288,638921187,0.004553197,0.011147238,0.023603141
638923789,638923687,0.0006275071,0.012746713,0.0043782755
638927535,638927437,0.006759003,0.016511828,0.028446056
638931283,638931188,0.0037031248,0.012639448,0.025779815
638935081,638934980,0.005338087,0.016015174,0.03500172
638938787,638938687,0.0019495862,0.01705394,0.007152691
638941314,638941212,0.0026440735,0.014042502,0.018527577
638945079,638944980,0.0016154326,0.016935285,0.010447597
638948785,638948687,0.0014973071,0.011662983,0.028867373
638952540,638952438,-0.00021088724,0.012469974,0.017986692
638956312,638956211,0.00308599,0.016003925,0.026133116
638958787,638958687,0.0020892993,0.009400781,0.022835579
638962531,638962437,-0.0030980317,0.00986865,0.015346746
638966278,638966187,-0.00050011853,0.010923958,0.017717283
638970083,638969980,0.0057301153,0.008616045,0.01360504
638973790,638973688,0.0014564272,0.010323502,0.030046972
638976288,638976188,0.0025032184,0.010438235,0.022215052
638980089,638979980,0.0015687649,0.015177605,0.026002962
638983789,638983687,0.00016882824,0.01902309,0.010843733
638987535,638987437,0.002107053,0.01299446,0.014841968
638991293,638991188,0.0038350322,0.016508956,0.017948732
638993788,638993687,0.0009906236,0.015015279,0.02203375
638997542,638997438,0.0013802225,0.017178712,0.02334013
639001312,639001211,-0.0021285266,0.0158181,0.028664576
639005078,639004978,0.0016284853,0.009194851,0.022168895
639008787,639008687,0.0013427406,0.020632977,0.0031123182
639011288,639011187,0.0018255988,0.01204962,0.0088003175
639015089,639014980,0.00038801084,0.023582945,0.013163303
639018788,639018687,-0.0006027966,0.0063773193,0.035573516
639022539,639022437,-0.0011637252,0.014918592,0.024848664
639026285,639026186,-0.003941691,0.012648801,0.014267623
639028781,639028687,0.0011158005,0.018816708,0.0024252122
639032537,639032437,-0.0007892275,0.013215639,0.004377693
639036288,639036188,0.002048567,0.011659741,0.024534939
639040082,639039980,-0.0026750534,0.015994761,0.025600934
639043789,639043687,-0.0008581186,0.0077286386,0.029427294
639046313,639046211,-0.0024946877,0.013526057,0.013192997
639050079,639049979,0.0025797384,0.0105967885,0.0034866792
639053788,639053687,0.0020413448,0.024363745,0.007846461
639057538,639057438,-0.0011771068,0.006384889,0.011144528
639061313,639061211,0.0030970944,0.013377722,0.046211787
639063789,639063687,-0.0003720486,0.006574338,0.029153984
639067538,639067437,-0.0016057697,0.014945114,0.023974657
639071289,639071188,-0.0053527798,0.011406747,-0.0100356825
639075081,639074980,0.00016897093,0.009135058,0.014319161
639078780,639078687,-0.0036446424,0.0146713685,0.024141181
639081282,639081188,-0.0007129404,0.008036442,0.03187998
639085083,639084980,-0.0054049348,0.013946238,0.023913136
639088787,639088687,-0.002641917,0.01368647,0.0060338476
639092538,639092437,-0.00065869594,0.0025867585,0.019042326
639096283,639096188,-0.00013689317,0.020926094,0.0046437746
639098786,639098687,-0.0032132857,0.0047496213,0.020637777
639102539,639102437,-0.0018524991,0.023988381,0.013408139
639106315,639106211,-0.006866873,0.002980199,0.023121143
639110080,639109980,0.0015485131,0.016479664,0.020513037
639113788,639113687,-0.00221654,0.021565832,-0.0016030842
639116280,639116187,0.0037397367,0.01843759,0.01114711
639120082,639119980,-0.00078755326,0.023261664,-0.0011218357
639123789,639123687,-0.0016557801,0.008257298,0.021398354
639127542,639127437,0.0007560502,0.026385386,0.025801262
639131280,639131187,-0.0066750543,0.011579334,0.0038509031
639133788,639133687,0.0015716628,0.025749994,0.011026542
639137536,639137436,-0.0013152674,0.0127244145,-0.013211368
639141292,639141188,0.005800581,0.018670958,0.023990376
639145081,639144980,0.0012554498,0.019127566,0.012420105
639148788,639148687,0.0002766653,0.015528996,0.015795585
639151313,639151211,0.0025319816,0.017637026,0.005651316
639155077,639154978,0.0013545201,0.01717118,0.0002452277
639158786,639158687,0.004198472,0.013082302,0.01723783
639162534,639162438,-0.0003923812,0.0187847,-0.012665302
639166304,639166211,0.0020746293,0.015521387,0.030284854
639168788,639168687,0.0009809721,0.02038803,0.0060311584
639172538,639172437,0.0012366717,0.016859794,0.025063345
639176285,639176186,0.0015337225,0.012801399,0.0035604197
639180089,639179980,-0.0021630756,0.01950738,0.0050151707
639183789,639183688,0.0021823496,0.004913301,0.007218753
639186288,639186188,-0.001723273,0.018462941,0.009286021
639190081,639189980,0.0015583092,0.000664066,0.020317217
639193788,639193687,-0.004091517,0.019714532,0.020490441
639197529,639197437,-0.005712005,0.010725423,0.0035874045
639201291,639201188,-0.003900795,0.011097323,0.008426562
639203788,639203687,-0.0019775243,0.011448281,-0.008100591
639207540,639207437,0.001547422,0.008537025,0.018853022
639211312,639211211,4.2862153e-05,0.024372006,0.015277095
639215088,639214979,-0.0010926647,-0.0034248447,0.0032151206
639218786,639218687,0.000110671805,0.024990983,0.027678842
639221288,639221188,-3.0244864e-05,0.0019943926,-0.008362375
639225082,639224980,0.0043633147,0.028216282,0.02392579
639228780,639228687,0.0024008038,0.0151701905,-0.014026163
639232539,639232437,0.0019635982,0.01376223,0.03027411
639236286,639236186,0.0051136552,0.028051004,0.014633044
639238787,639238687,-0.0006438633,0.0077184006,0.03211898
639242537,639242437,0.0027854904,0.016065551,-0.0007645642
639246280,639246188,-0.0025878747,0.0050657787,-0.0053986628
639250081,639249980,0.0061952,0.016538301,0.0133961085
639253790,639253688,0.0017807005,0.01575488,0.0021941073
639256312,639256211,0.0052720043,0.01586492,0.030754957
639260081,639259979,-0.00029286637,0.014362114,-0.0069682025
639263788,639263687,0.004662935,0.010742718,0.012026538
639267539,639267437,-2.0535086e-05,0.013332094,-0.008173077
639271314,639271211,-0.0012371796,0.0191608,0.00065260904
639273790,639273688,0.0022976138,0.014157918,-0.0036770722
639277538,639277437,0.0011532573,0.026365252,0.009839725
639281281,639281187,0.002345057,0.017313605,0.016790435
639285083,639284980,-0.0022423412,0.025073212,-0.0029403395
639288787,639288687,0.004408565,0.020667557,-0.0070234267
639291290,639291188,0.0034647386,0.023010125,0.0011704316
639295080,639294980,0.0067071677,0.028908027,0.010856033
639298789,639298687,0.005241327,0.015354223,0.015749523
639302536,639302437,0.0070854453,0.021488337,0.012547362
639306293,639306188,0.006070292,0.007743371,-0.0030293297
639308786,639308687,0.003280038,0.026371231,-0.005084572
639312540,639312438,0.0029089078,0.012546688,-0.008605945
639316305,639316211,0.0017596326,0.028184311,0.027424999
639320079,639319979,0.005173157,0.015570265,0.0076486818
639323788,639323687,0.0016469375,0.017821006,0.014392194
639326288,639326187,0.0041820817,0.016558606,-0.020342039
639330099,639329980,0.004500237,0.01577348,0.014342859
639333788,639333687,0.0009126064,0.02244389,0.001904319
639337539,639337437,0.0040609026,0.008466993,0.018921401
639341292,639341187,0.01068572,0.019097079,0.020468222
639343789,639343688,0.005722201,0.004296171,0.018212765
639347529,639347437,0.0035437187,0.016072623,-0.0010428738
639351289,639351188,-0.0005931442,0.011817783,-0.014089996
639355081,639354980,0.008741035,0.012175321,0.026945101
639358788,639358687,-0.0004891118,0.013745937,0.006473292
639361312,639361211,0.0056452737,0.009821983,0.02564689
639365086,639364978,-0.0038532382,0.015005106,-0.013547079
639368786,639368687,-0.00072537886,0.007396858,0.011976649
639372539,639372437,0.0019094232,0.017487071,-0.014421141
639376313,639376211,-0.0061831614,0.007974171,0.0047149803
639378780,639378687,0.0026019,0.01914981,0.0019433188
639382538,639382437,-0.0041088047,0.01941903,0.026673065
639386286,639386187,0.0060610627,0.025143005,0.0105876615
639390083,639389980,-0.006355045,0.015310494,-0.013600441
639393789,639393687,0.005922369,0.010716136,-0.0023671552
639396288,639396188,-0.0019998124,0.014698581,0.00791854
639400081,639399979,0.0091796825,0.019311694,0.011985154
639403789,639403687,0.0015061814,0.021762015,0.009483334
639407537,639407437,0.005185364,0.01203668,0.017528169
639411284,639411188,0.006696909,0.018774308,-0.0069049057
639413787,639413687,0.006439069,0.014847598,-0.00648526
639417538,639417438,0.0056678723,0.018184565,-0.003831752
639421312,639421211,0.0019646054,0.023003018,0.02022666
639425081,639424979,0.0076464065,0.019077774,0.008496647
639428788,639428687,0.0016240127,0.022511914,-0.00038432915
639431280,639431187,0.0070201475,0.021142699,-0.01148599
639435084,639434980,0.0012538034,0.020965554,0.0027489678
639438787,639438687,0.005039601,0.024743572,0.004204069
639442539,639442437,0.0041180123,0.023580544,0.012645521
639446278,639446186,0.0048943562,0.021400189,-0.0044137402
639448787,639448687,-0.0035132393,0.026959462,0.009496979
639452537,639452437,-0.00058888656,0.03248013,-0.018551122
639456288,639456188,-0.005025463,0.022005891,0.011949746
639460081,639459980,0.0042087305,0.02424839,0.0032873307
639463789,639463687,-0.0026301285,0.019006277,0.009445697
639466304,639466211,0.006125162,0.021951107,-0.0072252587
639470080,639469979,-0.008386939,0.02750971,0.0056050643
639473790,639473688,-0.0005956739,0.02041703,0.0066005816
639477531,639477438,-0.0017845283,0.024992198,-0.0019026616
639481305,639481211,0.00018703075,0.012520101,0.027565597
639483789,639483688,0.000579468,0.023852117,0.012875368
639487539,639487437,-0.004075912,0.017109428,0.01330516
639491289,639491188,-0.0017853251,0.021767288,-0.016797578
639495082,639494980,-0.0065437392,0.00685467,0.0077016093
639498788,639498687,0.0032058724,0.015189234,0.0050402656
639501293,639501190,-0.0052627195,0.004123144,0.010875567
639505081,639504980,0.0027979175,0.011933078,0.002660423
639508788,639508687,-0.008543005,0.009335866,-0.0039835228
639512530,639512437,0.0005714464,0.007553538,-0.004382459
639516289,639516188,-0.005322469,0.016859947,-0.006169746
639518786,639518687,0.003002651,0.0048335134,-0.007566866
639522539,639522438,-0.0034891393,0.012424065,0.015177329
639526312,639526211,-0.0008287233,0.00040923152,0.011250809
639530084,639529978,0.0011140547,0.020390116,0.011064456
639533788,639533687,-0.0011452924,0.007919236,-0.01754859
639536286,639536186,-0.0010220581,0.014511258,-0.006873765
639540082,639539980,0.0008360446,0.0017935487,-0.0055458364
639543782,639543688,0.0025383069,0.009802371,0.01782482
639547538,639547437,0.0023648331,0.014303694,0.015140896
639551288,639551187,0.0053830217,0.014512979,0.0076985047
639553790,639553688,0.0016986678,0.015196358,-0.01787508
639557537,639557437,0.007842581,0.016499348,-0.01462263
639561292,639561192,0.0038053426,0.015419216,-0.011542477
639565081,639564980,0.0048858435,0.015297794,0.010609485
639568788,639568687,0.006589775,0.012227109,0.02910225
639571313,639571211,0.0056174723,0.010273363,0.0110569075
639575079,639574979,0.0064268424,0.016103063,-9.170213e-05
639578786,639578687,0.005007372,0.014274952,-0.028178211
639582539,639582438,0.006440225,0.014505924,0.010262639
639586312,639586211,0.009646259,0.017174076,0.0063989414
639588787,639588687,0.004016368,0.011478527,0.032616023
639592540,639592438,0.0013730566,0.014913529,-0.0046655126
639596278,639596186,-0.0010359407,0.008888762,-0.0060952413
639600083,639599980,0.007510969,0.0135526005,-0.027670238
639603788,639603687,0.006453326,0.012627724,0.016609395
639606292,639606188,0.007946249,0.018218607,0.0017444688
639610080,639609980,-0.00062968774,0.015383084,0.023950566
639613788,639613687,0.0007745844,0.015567129,-0.014260063
639617536,639617436,-0.00035773724,0.022341413,-0.012931888
639621288,639621188,0.0009746065,0.016387923,-0.0037104345
639623788,639623688,-0.0018681099,0.0251861,-0.0009226008
639627531,639627438,0.0006873028,0.008608418,0.013364423
639631305,639631211,-0.0047130478,0.022400515,0.011400508
639635078,639634978,0.00093154085,0.008518938,0.003412045
639638786,639638687,0.004778804,0.018441062,-0.018104512
639641289,639641187,0.0027856205,0.0067049772,-7.225398e-05
639645088,639644979,0.0021094773,0.01602673,-0.006942998
639648787,639648687,-0.0012255798,0.012222267,0.01133609
639652539,639652437,0.0036630228,0.018683296,-0.0018610535
639656288,639656187,-0.0009684205,0.015960656,0.011740122
639658788,639658687,0.006098111,0.013839031,-0.012764235
639662530,639662437,0.0037666776,0.013646223,0.0028884234
639666289,639666188,0.008544337,0.014874522,0.0032491433
639670080,639669980,0.0064570913,0.023497298,0.016418573
639673790,639673687,0.004719263,0.0110986335,-0.009136907
639676312,639676211,0.0068555307,0.021202661,-0.004061147
639680085,639679978,0.003244696,0.01823013,0.0032639098
639683788,639683687,0.0026539564,0.020494895,0.01159762
639687539,639687438,0.002716601,0.012909246,-0.0004255534
639691313,639691211,0.0047848034,0.018669942,0.010647815
639693781,639693688,0.00058416824,0.018221807,0.005167856
639697539,639697437,0.0033269825,0.020561786,-0.00025579924
639701288,639701188,0.002074766,0.00846199,-0.01865687
639705084,639704980,0.0045845862,0.010381453,0.008009666
639708790,639708687,0.007332623,0.020173723,0.008593876
639711288,639711188,0.0072746356,0.019682381,0.008386006
639715087,639714980,0.0059391716,0.016072147,-0.0142825935
639718788,639718687,0.00581837,0.009205649,0.007346917
639722537,639722437,0.009423819,0.01772216,-0.00015753126
639726288,639726188,0.002250245,0.021766145,-0.011908838
639728786,639728687,0.006775549,0.019330598,-0.0072830105
639732539,639732438,-0.00076873414,0.009379675,0.012450851
639736312,639736211,0.006229381,0.019620797,0.013059001
639740080,639739979,0.0037897837,0.012394383,-0.014739964
639743781,639743687,0.0059586014,0.007069956,0.003169733
639746279,639746187,0.001645123,0.0009278464,-0.004622249
639750082,639749980,0.0055056745,0.009496578,0.012192759
639753791,639753689,0.004804238,0.010632217,-0.0072455853
639757538,639757437,0.0048368126,0.0064261854,0.01778042
639761281,639761187,0.0020881244,0.010224948,-0.015279422
639763788,639763687,0.00053989113,0.0041087726,-0.0073633627
639767535,639767437,0.0056164316,0.012442133,-0.019238958
639771290,639771188,0.0048631434,0.0085015595,0.018064821
639775081,639774980,0.009250852,0.0054999692,0.0035578304
639778788,639778687,0.001924825,0.009073393,0.011242538
639781304,639781211,0.0074290317,0.015854482,-0.010079747
639785082,639784978,0.0017460554,0.014050798,-0.01334318
639788787,639788687,0.007294298,0.0063365274,-0.014575424
639792539,639792438,0.0036137311,0.011642856,0.0077665867
639796305,639796211,0.005256876,0.01998372,0.022750067
639798787,639798687,-0.0011397256,0.023705298,0.008067843
639802539,639802437,0.0028534979,0.018080369,-0.014144676
639806291,639806187,-0.0016244212,0.011368652,-0.019392584
639810081,639809979,0.0009805841,0.01738913,0.0009850689
639813788,639813687,-0.0013543828,0.022763714,-0.0019310573
639816288,639816188,0.0015321214,0.016765023,0.010106944
639820082,639819980,-0.0012765698,0.0077401483,0.0057348697
639823789,639823687,-0.0024524122,0.0090378495,0.0006441186
639827529,639827437,0.005153724,0.019771298,-0.023776326
639831282,639831188,0.0006563356,0.014302735,0.0057278457
639833788,639833687,0.0037581983,0.0099771395,0.0100927465
639837538,639837438,-0.0008076549,0.010353971,0.022224182
639841312,639841211,0.004405715,0.017143656,0.0048584635
639845084,639844978,0.001138257,0.018075118,-0.008373452
639848786,639848687,0.0010134866,0.0145413,-0.0069140294
639851288,639851188,-0.0032832967,0.016381605,-0.013565431
639855081,639854979,0.0033400992,0.016984968,0.010823098
639858787,639858687,0.00044030268,0.016319009,0.015199341
639862538,639862437,0.0040369094,0.01674051,0.0037350238
639866287,639866187,0.0028344207,0.010155337,-0.008310989
639868788,639868687,0.0056183473,0.010907462,-0.008515337
639872537,639872437,0.0025005024,0.020015135,0.006124744
639876282,639876188,0.0022014927,0.014017533,0.0028519563
639880087,639879980,0.004318555,0.0149961,0.01439464
639883789,639883687,0.0019545492,0.019436352,0.004881867
639886312,639886211,0.0056598894,0.022299126,0.014697301
639890077,639889978,-0.0026880985,0.021301014,-0.0059738555
639893782,639893687,-0.0012756439,0.012011686,0.003602527
639897540,639897438,-0.002228045,0.01326223,0.002678235
639901313,639901211,-0.0019678958,0.020955952,0.011607464
639903788,639903687,-0.00041136265,0.021117887,0.0030297567
639907539,639907437,0.0005539063,0.010257096,0.014690538
639911281,639911188,-0.0009718844,0.013052201,0.002969787
639915083,639914980,-0.00031473936,0.019245513,-0.005378132
639918788,639918687,-0.0050337706,0.019958358,0.0046739187
639921289,639921188,-0.000183543,0.015187826,0.00486691
639925081,639924980,-0.00040293045,0.011607471,0.014042151
639928788,639928687,0.005085321,0.019300746,-0.0031274066
639932536,639932437,0.0045645116,0.014037237,0.016008658
639936291,639936188,0.0067031253,0.0149484305,4.1059535e-05
639938786,639938687,0.006098773,0.008742514,0.009542138
639942540,639942438,0.0070204907,0.018395556,-0.011025997
639946305,639946211,0.0033427859,0.01439226,-0.002403848
639950077,639949978,0.006873516,0.015033166,-0.0024735825
639953789,639953687,0.0041058594,0.012566348,0.013043444
639956286,639956187,0.006958523,0.017685622,0.007105554
639960082,639959980,-0.0015507038,0.018686082,0.00455266
639963789,639963688,0.005439076,0.0045498475,0.002315712
639967538,639967437,0.0055791917,0.008722148,-0.0065722954
639971289,639971187,0.003760698,0.0057047443,0.0045435736
639973790,639973688,0.0037006447,0.016516455,0.0022305562
639977528,639977437,0.008619061,0.007643201,0.010695278
639981283,639981188,0.010158443,0.009689001,0.0135293715
639985081,639984980,0.004885492,0.0030337833,-0.0074120313
639988787,639988687,0.0085777985,0.016515221,-0.010050883
639991312,639991211,0.007845039,0.009491217,-0.012544443
639995084,639994978,0.012168776,0.014830812,0.01026547
639998787,639998687,0.0043295077,0.0049349074,0.009509657
640002539,640002437,0.011790884,0.011228582,0.012461442
640006314,640006211,0.007751507,0.013947144,-0.0060355407
640008791,640008687,0.01377621,0.009678687,-0.009508922
640012542,640012441,0.004895942,2.6353924e-05,-0.012763998
640016286,640016187,0.008622455,0.0100725,0.0076320134
640020081,640019980,0.008032237,0.016061774,0.015570923
640023792,640023687,0.007723008,0.00808318,0.014296615
640026281,640026188,0.005983675,0.00802136,-0.005369409
640030082,640029980,0.006495897,0.010579478,-0.008043936
640033788,640033687,0.008103654,0.017166937,-0.008793433
640037540,640037437,0.0076903193,0.013124074,0.00943606
640041290,640041188,0.010542358,0.014337488,0.019969976
640043789,640043687,0.007661111,0.012658774,0.015722387
640047538,640047437,0.0047014747,0.017416533,-0.005490225
640051316,640051211,0.0038482142,0.018613737,-0.018383665
640055077,640054978,0.008283717,0.020542268,0.0047874805
640058780,640058687,0.0032186015,0.005369607,0.0011000283
640061280,640061187,0.0077182436,0.017696334,0.015328813
640065080,640064980,0.0025780734,0.016903065,0.005582289
640068786,640068687,0.0041261413,0.01838555,0.013402786
640072538,640072437,0.0028589815,0.0067656436,-0.020717572
640076277,640076186,0.003731445,0.013399332,-0.0038313714
640078787,640078687,0.0043149423,0.013309759,-0.004368676
640082536,640082437,0.004468803,0.022347199,0.024910314
640086288,640086188,0.0045273546,0.016410368,0.008936187
640090082,640089980,0.002307386,0.01266275,0.012824968
640093789,640093687,0.0035439527,0.019899769,-0.013085227
640096305,640096211,0.0032179537,0.019124908,-0.0029730669
640100080,640099980,0.0024828846,0.018656105,-0.014121724
640103790,640103688,0.0013602215,0.009280378,0.01624274
640107541,640107438,0.0056208028,0.01820336,0.018603642
640111305,640111211,0.0042534587,0.01475968,0.0023547192
640113788,640113687,0.0084038805,0.011567336,-0.014843918
640117538,640117437,0.0051523317,0.01376436,-0.017047064
640121288,640121188,0.008182213,0.013351232,0.007956079
640125081,640124979,0.008356326,0.017801113,0.0067472304
640128788,640128687,0.008616421,0.015910983,0.01698011
640131290,640131189,0.0082728015,0.020023452,-0.00065169885
640135080,640134980,0.008679798,0.013139949,-0.006634826
640138788,640138687,0.002773544,0.01590136,-0.018965807
640142529,640142437,0.0037106543,0.014580109,0.0039673317
640146281,640146188,0.005686645,0.013397719,0.017851211
640148786,640148687,0.0056427475,0.013618277,0.022478612
640152539,640152438,0.0056003937,0.008079024,-0.0011177307
640156312,640156211,0.0026409351,0.01501157,-0.016211778
640160084,640159978,0.009182851,0.012984506,-0.00532992
640163788,640163687,0.002580513,0.011753909,0.008914979
640166286,640166186,0.008316969,0.0071452986,0.01157369
640170084,640169980,0.00039167033,0.01815215,0.0166077
640173790,640173688,0.004697362,0.010737669,-0.002969307
640177539,640177437,0.0009423772,0.007910103,-0.01131684
640181288,640181187,0.0069985404,0.010444228,-0.005293778
640183789,640183687,0.0023394038,0.008512149,0.0046110773
640187536,640187437,0.0072187306,0.013583162,0.018936941
640191292,640191188,0.003228884,0.011542728,0.016528502
640195089,640194979,0.0064226394,0.009035657,0.002348262
640198789,640198687,0.002741354,0.0016194057,-0.014625509
640201313,640201211,0.004394233,0.006232354,-0.014029338
640205077,640204978,0.0022982094,0.004595961,-0.0055881715
640208780,640208687,0.0032131837,0.0058070887,0.024595736
640212540,640212438,0.0052032666,0.00918684,0.02488503
640216312,640216211,0.0052993763,0.0043819393,0.0017299107
640218787,640218687,0.0024875398,0.010916719,-0.018841894
640222538,640222437,0.0055034785,0.004997929,-0.0045571504
640226278,640226187,0.0026312328,0.01147981,-7.121454e-05
640230081,640229980,0.010248593,0.005409415,0.02540369
640233789,640233687,0.007950321,0.018892419,0.021015568
640236288,640236188,0.010765582,0.01256967,0.011205594
640240082,640239980,0.006519111,0.015681671,-0.014836449
640243788,640243687,0.009584678,0.015870914,-0.015515177
640247536,640247436,0.010024347,0.023429703,0.008462546
640251292,640251188,0.011054753,0.017099379,0.0236741
640253789,640253687,0.010453412,0.017263686,0.0148669295
640257539,640257438,0.00827687,0.017853107,0.0070257806
640261305,640261211,0.010009606,0.015364362,-0.0037207464
640265081,640264980,0.008587408,0.024981512,0.0024340954
640268787,640268687,0.008998608,0.017120354,0.022135578
640271288,640271188,0.009272669,0.016161228,0.023312068
640275081,640274980,0.008101476,0.0242688,0.008858034
640278786,640278687,0.014063729,0.015387169,-0.0056859283
640282539,640282437,0.010837626,0.023212573,0.008090177
640286288,640286187,0.014137686,0.008936661,0.023704795
640288787,640288687,0.014780374,0.024072755,0.017872093
640292529,640292437,0.017749853,0.017439397,0.009990519
640296285,640296190,0.017470641,0.023347117,-0.008985335
640300081,640299980,0.01449505,0.011275583,-0.009793542
640303789,640303687,0.01847276,0.01897199,0.012230042
640306315,640306213,0.01403634,0.014091495,0.017229494
640310084,640309978,0.023907823,0.022844605,0.036455534
640313787,640313687,0.0145605365,0.008002246,-0.011037086
640317539,640317438,0.013216395,0.016795438,-0.0022866237
640321312,640321211,0.011448333,0.023310253,0.0028991452
640323788,640323688,0.013374983,0.023081351,0.026243314
640327538,640327437,0.009968823,0.018426044,0.022755241
640331287,640331187,0.010410976,0.015426196,0.013129894
640335080,640334979,0.010104737,0.03136609,0.0029157577
640338789,640338687,0.009533716,0.016229387,-0.0135281235
640341292,640341188,0.015395954,0.03143585,0.0012234852
640345090,640344980,0.008825328,0.014658966,-0.0047116857
640348787,640348687,0.011244364,0.026427204,0.03309557
640352537,640352437,0.0063734674,0.025638636,-0.01290874
640356289,640356188,0.007251616,0.015116926,0.005259158
640358779,640358687,0.009665887,0.015964082,-0.01850614
640362540,640362438,0.009522147,0.015003942,0.016217105
640366312,640366211,0.013610264,0.023749473,0.004584404
640370078,640369978,0.005488766,0.005197034,0.013615377
640373790,640373687,0.011805097,0.0068754475,0.030165743
640376279,640376187,0.0019365025,-0.00038050077,0.0028952153
640380081,640379980,0.01573597,0.016664555,0.014866944
640383789,640383687,0.005036404,0.019523228,-0.015732044
640387538,640387437,0.003836007,0.016936444,0.013407417
640391280,640391187,0.009667603,0.019372249,0.024040198
640393789,640393687,0.008599496,0.01781368,0.028738253
640397536,640397436,0.0118156755,0.017463423,0.008879029
640401295,640401188,0.0031733722,0.01575767,-0.018215772
640405082,640404980,0.011058225,0.01291883,-0.012304596
640408780,640408687,0.0066682096,0.016773568,0.012066602
640411305,640411211,0.01148533,0.019022424,0.031279672
640415082,640414980,0.003186429,0.021704057,0.026657974
640418785,640418687,0.0074207247,0.011536233,-0.010909175
640422539,640422438,0.008635742,0.01207865,-0.009552442
640426313,640426211,0.0036498883,0.022071302,-0.016272396
640428788,640428687,0.0095349755,0.011295883,0.0033324172
640432538,640432437,0.0033269967,0.01887464,0.016440269
640436287,640436187,0.0056830673,0.012932155,0.010783297
640440082,640439980,-0.0032329918,0.01688884,0.011441934
640443789,640443687,0.0018552305,0.015879171,-0.03585557
640446282,640446188,-0.0026821918,0.015868675,-0.013534535
640450081,640449980,0.008265675,0.015082181,-0.0050828937
640453789,640453688,0.0049679154,0.017476156,0.019204898
640457529,640457437,0.0044627213,0.027568989,0.043574594
640461284,640461188,0.005451745,0.02211172,-0.01437518
640463788,640463687,0.003028317,0.019091412,0.0039656963
640467538,640467438,0.0015069566,0.018282149,-0.049123064
640471312,640471211,-0.005390719,0.009769903,-0.007024652
640475077,640474978,0.0032736699,0.022633255,0.030467648
640478787,640478687,0.0074445293,0.014716334,0.012485931
640481290,640481188,0.007457408,0.016284514,0.032297608
640485082,640484979,0.008007868,0.013607706,-0.02124372
640488787,640488687,-0.0033312447,0.010641471,-0.011336494
640492540,640492437,0.009040281,0.02711671,-0.034702834
640496278,640496186,-0.002486476,0.012231226,-0.011327625
640498787,640498687,0.019434903,0.02110276,0.03265344
640502538,640502437,0.006590459,0.019034112,0.008445072
640506292,640506188,0.0063258,0.017145595,0.012637037
640510090,640509980,0.014908503,0.02391831,-0.04381054
640513788,640513687,0.00047775483,0.01578488,-0.026932508
640516311,640516211,0.018721532,0.023380645,-0.020967083
640520076,640519978,-0.0038144568,0.01800349,0.012099629
640523788,640523687,0.011572023,0.015502071,0.040620305
640527538,640527438,0.012041633,0.03204161,-0.011595489
640531312,640531211,0.004735055,0.011630901,-0.019758223
640533789,640533687,0.016469171,0.030602291,-0.05080895
640537538,640537437,0.006509234,0.019991862,0.0011903929
640541281,640541187,0.018399531,0.02252551,0.014560772
640545080,640544979,0.0031990123,0.032780092,0.016755536
640548787,640548687,0.006726379,0.0039668805,0.012008507
640551288,640551188,0.0020733797,0.020304466,-0.008450103
640555081,640554980,0.00859479,0.0050144815,-0.005898766
640558788,640558687,0.0108158775,0.024067417,-0.027485017
640562537,640562437,0.0013288188,0.021922246,0.010303293
640566307,640566206,0.010092411,0.011000168,0.022639094
640568787,640568687,0.0018269366,0.028768826,0.01587845
640572538,640572437,0.010204797,0.002029116,-0.017257331
640576314,640576211,0.005567277,0.0222061,-0.017619817
640580080,640579980,0.013529941,0.011822957,-0.003949154
640583788,640583687,0.014527973,0.017037857,-0.004324352
640586285,640586187,0.0146845095,0.012936682,0.01195215
640590081,640589980,0.0071755718,0.0051785964,0.012298474
640593789,640593687,0.002298648,0.02445301,-0.00069656654
640597538,640597437,0.00866153,0.010942109,-0.03124108
640601289,640601188,0.005953541,0.02201187,-0.0050915782
640603788,640603687,0.008239497,0.0024755078,-0.0004335045
640607530,640607437,0.006202134,0.011207478,0.022728778
640611289,640611188,0.009995991,0.018354023,-0.0066314563
640615081,640614980,0.0056015407,-6.650643e-05,-0.0035871395
640618788,640618687,0.005432112,0.017330559,-0.004590691
640621311,640621211,0.0030383666,-0.00055292767,-0.014352962
640625085,640624978,0.0057306974,0.022050448,0.00827732
640628786,640628687,0.00804851,0.00025891847,-0.00079616345
640632540,640632437,0.0059634293,0.004486766,0.024493752
640636312,640636211,0.009542876,0.010548999,-0.021278607
640638787,640638687,0.0053494833,0.0018148491,-0.000420587
640642539,640642437,0.0042489786,0.021758163,-0.015677994
640646288,640646187,-0.0024299447,0.0045598857,0.0010838939
640650083,640649980,0.008047749,0.020576311,0.013909334
640653790,640653688,0.0027156556,0.020367624,-0.010802557
640656286,640656187,0.009590173,0.022958776,0.0060497858
640660088,640659980,0.005058121,0.015157241,-0.03165408
640663790,640663688,0.0057574087,0.011795661,0.0018711182
640667535,640667437,0.0038760963,0.021604195,-0.0021821964
640671288,640671188,-0.004845988,0.018396756,0.0013349256
640673781,640673687,0.0054407646,0.025897408,-0.012354103
640677540,640677437,0.00010529541,0.020759827,-0.0053531798
640681316,640681214,0.011473722,0.02383211,0.006468736
640685078,640684978,-0.00054840907,0.029452398,-0.01688355
640688788,640688687,0.0024094945,0.019708939,0.0033872526
640691280,640691187,-0.0007137424,0.02513331,-0.00796001
640695076,640694978,0.004767524,0.015981806,0.023596216
640698787,640698687,0.007109061,0.022801733,-0.012481448
640702540,640702438,0.0023373906,0.02093106,-0.0027301821
640706291,640706187,0.013022213,0.012864499,-0.0013997094
640708787,640708687,0.003885531,0.018730802,0.004188475
640712537,640712437,0.014377061,0.02130082,-0.008150275
640716284,640716186,0.003952864,0.017216539,-0.005823174
640720084,640719980,0.012033305,0.015205463,0.0088200085
640723782,640723688,0.0050512897,0.017614659,-0.0047751237
640726305,640726211,0.013854112,0.016402917,-0.013452758
640730083,640729979,0.0022749978,0.023573441,-0.007951823
640733788,640733687,0.0049380045,0.01809934,0.00096358
640737536,640737436,0.008265097,0.018295556,-0.00717226
640741313,640741211,0.0036362007,0.012137816,0.0035652444
640743788,640743688,0.010625276,0.019458745,0.0096258735
640747540,640747437,0.0016743034,0.014647994,-0.0017754539
640751289,640751188,0.0089042485,0.018847939,-0.02051757
640755077,640754978,0.0024847335,0.020410612,-0.00203936
640758787,640758687,0.005537415,0.011075211,0.00828165
640761280,640761187,0.001444775,0.014662245,0.009250204
640765083,640764979,0.0049450686,0.010208482,-0.008868683
640768787,640768687,0.004750375,0.015148617,-0.009037125
640772539,640772437,0.0017829494,0.006891486,-0.0079112025
640776278,640776186,0.0070884856,0.015241819,0.001870249
640778787,640778687,0.0027313444,0.008231164,-0.004530399
640782538,640782437,0.008682342,0.009336242,0.016534813
640786311,640786211,0.00092857843,0.007503965,-0.0072600828
640790081,640789980,0.0060380446,0.0102328295,-0.005167044
640793789,640793687,0.0060366336,0.0053907633,-0.0165534
640796289,640796188,0.009600301,0.010168553,0.009594928
640800081,640799979,0.0069244117,0.012640827,-0.004811824
640803788,640803687,0.0104983365,0.013437074,0.0038487874
640807532,640807437,0.005727954,0.011817437,-0.014615015
640811283,640811188,0.005017605,0.014354764,-0.008938533
640813787,640813687,0.006682776,0.014237231,-0.018741472
640817538,640817437,0.009393261,0.012293246,0.008523512
640821288,640821188,0.011121626,0.014073133,0.0075602685
640825088,640824980,0.008478668,0.013255784,-9.697896e-05
640828788,640828687,0.009723862,0.0136697255,-0.014335334
640831312,640831211,0.010362716,0.014464151,-0.011417326
640835084,640834980,0.011507682,0.013384157,-0.004054764
640838788,640838687,0.009320669,0.015144342,0.006272274
640842536,640842437,0.013726929,0.016875375,0.012498098
640846313,640846211,0.0072749048,0.014508312,-0.008079288
640848785,640848687,0.01091839,0.018360773,-0.012952777
640852539,640852437,0.006325778,0.013305178,-0.02303897
640856282,640856187,0.012366089,0.018502433,0.0066852816
640860087,640859979,0.011791448,0.010793197,5.4959655e-05
640863788,640863687,0.009396363,0.016863251,0.00870273
640866287,640866187,0.009296347,0.013684446,-0.017794648
640870082,640869979,0.012545248,0.017867077,0.0029955653
640873782,640873688,0.013307759,0.011967009,-0.014230781
640877539,640877438,0.01085435,0.01875538,0.0036368999
640881288,640881187,0.013658857,0.015751824,0.0005844838
640883789,640883687,0.011750104,0.017808158,0.014324719
640887536,640887437,0.009625689,0.021247523,-0.0061884047
640891315,640891212,0.00804784,0.01417565,-0.014111291
640895082,640894980,0.009810959,0.018763084,-0.006328101
640898788,640898687,0.007544715,0.019329552,0.0070332903
640901291,640901188,0.009919371,0.024515975,-0.0006493027
640905077,640904978,0.006149128,0.018975848,0.0014073623
640908788,640908687,0.009192656,0.014540307,-0.0032778906
640912539,640912437,0.0041127694,0.01695205,-0.0099058
640916288,640916188,0.006661616,0.015510926,-0.0049669
640918788,640918687,0.0057019587,0.017493945,-0.0026099882
640922537,640922437,0.006327715,0.011774642,0.011416874
640926278,640926186,0.0054420508,0.019358084,-0.0023969477
640930080,640929980,0.00523527,0.011646627,-0.0024845419
640933788,640933687,0.008643674,0.014411559,-0.008536531
640936312,640936211,0.0046833013,0.010906963,0.00034308527
640940081,640939980,0.0066426382,0.020909524,-0.008156515
640943789,640943687,0.0049683196,0.0136995455,0.0008553097
640947537,640947437,0.012482875,0.013714772,0.004592003
640951314,640951212,0.006174521,0.015891485,-0.0023096793
640953788,640953687,0.011780572,0.018614288,-0.0084978985
640957538,640957437,0.00849185,0.017488798,-0.013720479
640961282,640961188,0.012762875,0.01354756,-0.0019467099
640965080,640964979,0.008819121,0.017678753,0.0050297217
640968787,640968687,0.0099925315,0.015338522,-0.00402848
640971288,640971188,0.010194361,0.022425076,-0.0007771977
640975088,640974980,0.011519741,0.01337558,-0.0077915206
640978788,640978687,0.007276368,0.022068352,-0.005245476
640982537,640982437,0.0045994855,0.018444413,-0.007761607
640986285,640986186,0.010478969,0.018797038,0.010895826
640988798,640988692,0.004256379,0.016549326,0.0018249727
640992538,640992437,0.008684072,0.020692073,0.0029526968
640996316,640996213,0.0033522886,0.017387688,-0.017276932
641000081,640999980,0.008410748,0.013197592,0.0092370575
641003790,641003688,0.005293022,0.012571006,0.0006654589
641006285,641006188,0.008003969,0.015813336,0.004070556
641010078,641009978,0.006257629,0.013819472,-0.013157467
641013787,641013686,0.008768249,0.011233605,0.0044029853
641017538,641017437,0.0045318347,0.014231162,0.0033102878
641021289,641021188,0.005519738,0.008286885,-0.0141788
641023789,641023687,0.0054579945,0.011992497,-0.014277158
641027538,641027437,0.0053356746,0.013288915,-0.0011260929
641031289,641031188,0.0056540244,0.02075755,0.008004778
641035080,641034980,0.0035577521,0.013871271,-0.0037548414
641038788,641038687,0.004779598,0.014352573,0.004510029
641041316,641041213,0.0026730022,0.011980786,-0.0043821745
641045083,641044980,0.003190506,0.018007664,-0.0037598289
641048788,641048687,0.008639573,0.013506105,-0.0054681543
641052537,641052437,0.008602607,0.0182285,0.017283393
641056313,641056211,0.0062723723,0.010241266,-0.010641694
641058786,641058687,0.0017800877,0.021007309,0.004010329
641062545,641062438,0.0024347056,0.014616409,-0.0126011
641066289,641066188,0.0013787271,0.022799844,0.008044765
641070078,641069979,0.0070086657,0.0076191397,-0.013702945
641073789,641073687,0.0047698696,0.017376171,0.010825656
641076279,641076187,0.0066119977,0.0135539835,-0.0076186927
641080083,641079980,0.0056176623,0.021054888,0.01274924
641083789,641083687,0.008512797,0.0117615685,-0.010242591
641087538,641087437,0.0023886012,0.018187294,0.012338223
641091281,641091187,0.007877751,0.010532067,-0.008235864
641093789,641093687,0.0022005613,0.020586768,0.0076289116
641097542,641097437,0.009347325,0.012297363,-0.012600385
641101316,641101211,0.0053464756,0.025363432,0.012035197
641105082,641104980,0.008956023,0.014515098,-0.004513321
641108789,641108687,0.003646313,0.01955987,0.011075901
641111289,641111188,0.008812808,0.012919751,-0.012233781
641115079,641114979,0.0023598194,0.022375563,0.007153424
641118786,641118687,0.007602891,0.017353967,-0.008041731
641122531,641122437,0.0024971678,0.023666395,0.014147591
641126282,641126187,0.0071171494,0.020684337,-0.0057269684
641128787,641128687,0.0015770457,0.03154436,0.01057801
641132538,641132437,0.0078031463,0.021777384,-0.012001607
641136285,641136187,0.0028927221,0.029443078,0.0058509945
641140088,641139979,0.007913107,0.020483647,-0.0046147755
641143789,641143687,0.0021111213,0.026012588,0.0071955347
641146312,641146211,0.007000926,0.025967376,-0.0027156144
641150082,641149980,0.0025987898,0.031084016,0.0073650316
641153788,641153687,0.008825831,0.0284706,-0.0040295436
641157535,641157437,0.0019451109,0.031860735,0.00042390975
641161318,641161214,0.010011165,0.02497022,0.0039778035
641163788,641163687,0.0037423254,0.025199985,0.0063215974
641167538,641167437,0.0065527596,0.030387577,0.001373504
641171288,641171188,0.0064402055,0.022539705,-0.0039967354
641175085,641174978,0.007039617,0.02752519,0.005228808
641178787,641178687,0.0059208376,0.020895725,-0.004740505
641181289,641181188,0.006458408,0.030793881,-0.00060476176
641185081,641184979,0.006137011,0.017027272,0.0006744599
641188780,641188687,0.005074252,0.027927782,0.0037159843
641192539,641192437,0.00606604,0.01418846,-0.0023486046
641196288,641196187,0.005009133,0.024864053,0.0026272766
641198787,641198687,0.006639838,0.019201128,0.0033984906
641202537,641202437,0.00589616,0.027125565,-0.006197128
641206317,641206215,0.008906138,0.016615812,0.0012721581
641210081,641209980,0.0029827256,0.01963609,0.000402422
641213788,641213687,0.009580464,0.010882974,0.004505439
641216288,641216188,0.0064475294,0.015863756,-0.008522223
641220077,641219978,0.003886884,0.017818589,0.0118337525
641223788,641223687,0.005385759,0.012726193,-0.014785707
641227538,641227437,0.0059794933,0.020952009,0.015064781
641231289,641231188,0.005179019,0.015861329,-0.0057154293
641233788,641233687,0.005133748,0.021648925,0.013428262
641237537,641237437,0.0009370313,0.008346069,-0.017136622
641241282,641241187,0.001370234,0.01879751,0.00895753
641245082,641244980,0.0015114605,0.007509806,-0.01666681
641248789,641248688,-0.0005972044,0.016069544,0.008894884
641251316,641251214,0.0006735939,0.0130617535,0.0012467857
641255084,641254982,0.004815386,0.009552487,-0.00036002698
641258788,641258687,0.0027904124,0.016689667,0.00345483
641262536,641262437,0.0034171834,0.01166626,-0.0037477799
641266311,641266211,0.0057312977,0.011329289,-0.001972689
641268786,641268687,3.065548e-05,0.004826793,-0.012736049
641272532,641272437,0.0035694495,0.014113118,0.0133449985
641276281,641276188,0.0019709272,0.00479454,-0.0066310596
641280077,641279978,0.002865274,0.014340236,0.009669011
641283788,641283687,0.0033867883,-0.0015168027,-0.009234776
641286284,641286187,0.0019742656,0.008195934,0.004290373
641290089,641289980,0.0068628797,0.006071829,-0.010666469
641293792,641293687,0.0033669146,0.01459295,0.009447567
641297537,641297437,0.0033564467,-0.00078892004,-0.0059658256
641301289,641301188,0.000886309,0.010251613,0.003860664
641303788,641303687,0.0055210465,0.0094501525,-0.006678233
641307537,641307437,0.0033122501,0.008031246,-0.00043641566
641311313,641311211,0.006108942,0.009204382,0.000121880366
641315082,641314980,0.00032622003,0.0075360136,0.0057667536
641318787,641318687,0.0068034083,0.013371998,0.002737902
641321289,641321188,0.002249449,0.0114535745,-0.010912535
641325084,641324978,0.005562134,0.020109586,0.005488247
641328787,641328687,0.0020764524,0.009863363,-0.008418331
641332539,641332437,0.0044251736,0.022018641,0.01192995
641336288,641336187,0.0010534944,0.016258666,-0.010266103
641338780,641338687,0.0005083609,0.023279035,0.008127001
641342538,641342437,0.0019032703,0.0032491295,-0.016655201
641346284,641346187,0.0036023268,0.020267684,0.009577857
641350082,641349981,0.0015546482,0.015454478,-0.019210918
641353789,641353688,0.002913577,0.022115406,0.00884426
641356310,641356210,0.0056420662,0.010650643,-0.0059325215
641360084,641359980,0.0056229564,0.019396419,0.0061848243
641363789,641363688,0.009379325,0.01581929,-0.010328534
641367537,641367437,0.00045692685,0.018404556,0.0047875424
641371312,641371211,0.008166748,0.009034477,-0.006089101
641373788,641373687,0.0019678972,0.015870396,-0.000970949
641377538,641377437,0.009161666,0.020241648,-0.005267936
641381290,641381188,5.7265373e-05,0.026104618,0.003379526
641385077,641384978,0.009632869,0.018768061,-0.008272186
641388780,641388687,-0.00035180058,0.013718642,-0.0033940268
641391281,641391188,0.005397277,0.017326726,-0.0039387327
641395077,641394977,-0.0007054401,0.02131755,0.0033116718
641398786,641398687,0.0099899825,0.020310799,-0.0065694293
641402542,641402438,0.0043948903,0.015685163,-0.0025166809
641406283,641406187,0.0075044218,0.01916386,-0.006882819
641408787,641408687,-0.00012280454,0.028952338,0.0008370352
641412538,641412437,0.007058256,0.02240052,-0.009368123
641416311,641416210,0.0035483937,0.024505585,0.005566095
641420085,641419982,0.0037803052,0.013997968,0.008367558
641423789,641423687,0.004064069,0.02148168,-0.008845261
641426281,641426188,0.004827467,0.015625654,-0.016154008
641430077,641429978,0.005779307,0.020026382,-0.007460641
641433789,641433687,0.004320032,0.01104485,0.004251947
641437537,641437437,0.006157576,0.030474683,-0.005568541
641441284,641441190,0.0010901644,0.016914293,-0.0010987489
641443788,641443687,0.004492491,0.029910335,-0.00055061886
641447540,641447438,-0.002324156,0.015382943,-0.0051089814
641451288,641451188,0.0025605923,0.024937112,-0.018452529
641455076,641454978,-0.0048467247,0.02517669,-0.0060282997
641458787,641458687,0.0070855315,0.015422932,0.0025999113
641461311,641461211,-0.00210124,0.0142313475,0.010662061
641465082,641464980,0.0062919827,0.017678803,-0.005973437
641468788,641468687,-0.00324502,0.02742207,-0.006780366
641472538,641472437,-0.0026805778,0.014568572,-0.014304446
641476302,641476210,8.946371e-05,0.020186368,-0.0033378429
641478786,641478687,-0.0005664809,0.0028382838,-0.0026561802
641482539,641482437,0.002097779,0.01963154,0.014973917
641486288,641486188,-0.00031572854,0.015780918,-0.009150848
641490087,641489979,-0.0022568193,0.013162244,-0.014093581
641493788,641493687,-0.0054613007,0.01954301,-0.009566229
641496286,641496187,-0.0022903,0.013899224,-0.0040320265
641500075,641499977,0.0036035294,0.022320056,0.0012669337
641503788,641503687,0.0061602076,0.008842872,-0.0038674562
641507533,641507438,0.0030985377,0.016105998,0.02046653
641511289,641511188,0.0017663147,0.009194252,-0.027931258
641513788,641513687,0.0036190068,0.019916337,-0.00053450494
641517536,641517437,0.0020919389,0.018399816,-0.03968966
641521311,641521211,0.0036150443,0.015814822,0.012706121
641525087,641524978,0.0024480498,0.0292972,-0.0008649326
641528788,641528687,0.0016118715,0.012375844,-0.0063215015
641531291,641531188,0.0048065446,0.02513156,-0.010897129
641535079,641534979,0.001157839,0.008038367,-0.015869116
641538786,641538687,0.0015231046,0.027994711,-0.0038880236
641542537,641542437,-0.006266574,0.018944062,-0.026949262
641546289,641546188,-0.00083756825,0.022874512,0.014125767
641548787,641548687,0.0008879095,0.01617066,-0.0010690534
641552539,641552437,0.008313898,0.019251358,0.0057861083
641556281,641556187,0.0053922688,0.027018195,-0.019725382
641560077,641559978,0.00095894234,0.02289937,-0.014170857
641563789,641563687,0.007735577,0.029219244,0.0073173284
641566310,641566210,-0.00073913357,0.018455863,-0.0052513573
641570082,641569979,0.009415951,0.023294756,0.0113063045
641573791,641573688,0.002132333,0.023056041,-0.010148221
641577537,641577437,0.0053919763,0.023441004,-0.0029420042
641581313,641581211,0.004148266,0.02001692,-0.013038882
641583788,641583687,0.004217395,0.016876582,-0.010038644
641587530,641587437,0.0016612456,0.018022167,-0.0066462127
641591286,641591188,-0.0025552295,0.026198024,-0.012689149
641595078,641594978,0.00555651,0.013632773,0.016223973
641598787,641598687,0.004743259,0.02608947,-0.01952918
641601289,641601188,0.0075861975,0.022567965,-0.0010792308
641605076,641604977,0.0047492525,0.029310921,-0.028555369
641608786,641608687,0.005730454,0.01588572,-0.0026422613
641612541,641612438,0.008254655,0.01749391,0.010570167
641616287,641616187,0.004008388,0.021855276,-0.0136318635
641618788,641618687,0.01079927,0.016542539,-0.0020114882
641622537,641622437,0.0038575262,0.016305896,-0.025806554
641626310,641626210,0.0111211175,0.0074171806,0.0013419994
641630082,641629980,0.0028323836,0.033940677,-0.022423036
641633789,641633688,0.0068930304,0.022274021,-0.003020158
641636293,641636190,0.0064618676,0.033485077,-0.004260971
641640086,641639979,0.006282983,0.006868719,-0.003978059
641643788,641643687,0.01001555,0.01656955,-0.015122081
641647538,641647437,-0.0017150035,0.019294692,-0.028657343
641651291,641651188,0.010055426,0.010997621,-0.0027634595
641653781,641653687,-0.00088998483,0.016924974,-0.004713025
641657539,641657438,0.009672664,0.015296803,0.003592909
641661288,641661188,-0.0024371764,0.032387093,-0.005963962
641665077,641664978,0.0029236095,0.01376745,-0.016096354
641668787,641668687,0.009107277,0.01881244,-0.020508522
641671311,641671211,0.0074749086,0.009318317,-0.014087436
641675083,641674980,0.007532226,0.025909552,0.00287007
641678787,641678687,-0.0027716607,0.02189674,0.0024921002
641682539,641682437,0.0073043746,0.020323578,-0.016913405
641686310,641686210,-0.00205347,0.03220777,-0.01585995
641688787,641688687,0.013326258,0.022335224,-0.023053652
641692538,641692437,0.0018709569,0.02819183,0.0030139685
641696289,641696188,0.010227361,0.01995391,-0.010723031
641700081,641699980,0.0043308507,0.02755619,0.0036964016
641703781,641703687,0.0034090406,0.014955156,-0.014836244
641706298,641706187,0.0018317803,0.025873097,-0.010561443
641710079,641709979,0.0031844347,0.015713327,-0.023632163
641713788,641713686,0.008668925,0.020605067,-0.012619412
641717539,641717438,-0.000628932,0.023243047,0.008271127
641721282,641721188,0.0071101654,0.009757086,-0.013870854
641723789,641723687,-0.00013622854,0.018127376,-0.0019427678
641727538,641727437,0.005465316,0.007813823,-0.02681345
641731311,641731211,0.005204052,0.02383362,-0.00015992078
641735081,641734979,0.0030983652,0.014638222,-0.030676357
641738788,641738687,0.0047092163,0.017691799,0.0018125691
641741283,641741188,0.0042632692,0.013330859,-0.014421191
641745081,641744980,0.0057159723,0.017234573,-0.0022067674
641748787,641748687,0.0017416283,0.022050314,-0.016244037
641752540,641752439,-0.0001620071,0.010340743,-0.021742048
641756282,641756187,0.003924485,0.024844207,-0.007471853
641758790,641758687,0.0045836424,0.009658873,-0.008975007
641762539,641762438,0.009148171,0.021900281,0.008236021
641766288,641766188,0.0032523707,0.011525091,-0.01505537
641770077,641769978,0.0031825488,0.021460665,-0.0007981301
641773793,641773688,0.0012895488,0.023735095,-0.02698384
641776311,641776210,0.002295845,0.022858998,-0.00537569
641780083,641779980,0.0059021516,0.018675275,-0.016733145
641783789,641783687,0.006266541,0.011406031,0.0011372773
641787530,641787437,0.005549433,0.026377764,-0.0029264006
641791304,641791211,-0.000928319,0.008568838,-0.022085745
641793788,641793687,0.004854535,0.02321851,-0.015104857
641797537,641797437,0.0020233747,0.015088928,-0.021853896
641801293,641801188,0.008363473,0.028926563,-0.0045204754
641805096,641804981,0.0048825704,0.019438926,-0.011850081
641808788,641808687,0.0022055744,0.011774584,-0.005426265
641811294,641811191,-0.0011229749,0.013421685,-0.011553939
641815079,641814979,0.001406834,0.013855695,-0.015585156
641818787,641818687,0.007784537,0.019058289,-0.011617176
641822529,641822437,0.0029176562,0.008816437,-0.009976703
641826290,641826188,0.009085724,0.022806624,-0.00017686302
641828787,641828687,0.00028346397,0.01686952,-0.013017006
641832541,641832438,0.0069891424,0.02245678,-0.004810061
641836310,641836210,0.0035112372,0.014511273,-0.01851786
641840084,641839977,0.0033074368,0.014789625,-0.013038402
641843790,641843688,0.0068585584,0.023369445,-0.016439667
641846286,641846187,0.0028050097,0.017149195,0.002754765
641850082,641849979,0.007497371,0.020578522,-0.011931624
641853783,641853688,0.0033160555,0.014728529,-0.0132891545
641857538,641857437,0.0073406366,0.020980464,-0.016843606
641861288,641861187,-0.00031132597,0.020220505,-0.018306259
641863788,641863687,0.006160178,0.02142436,-0.009496448
641867538,641867437,0.0038851995,0.019497756,-0.009114251
641871281,641871188,0.010211369,0.02338214,0.0038851127
641875082,641874980,0.0072652637,0.02786691,-0.025863111
641878788,641878687,-0.0058497763,0.0155220805,-0.01770221
641881313,641881211,-0.0033655418,0.028037835,-0.032467645
641885077,641884978,-0.004284656,0.015958516,0.0060736686
641888787,641888687,0.0082184775,0.027391322,-0.0077827284
641892540,641892438,-8.2479964e-05,0.01806587,0.0002297531
641896312,641896211,0.011794917,0.020786926,-0.024574906
641898789,641898687,-0.005379324,0.021383267,-0.01746996
641902538,641902437,0.0034446553,0.027166134,-0.026090926
641906283,641906187,-0.0068572857,0.03132132,-0.004995913
641910083,641909980,0.005170101,0.0081768315,0.0059869085
641913788,641913687,0.0020499125,0.02822609,-0.015406915
641916288,641916188,0.0029259836,0.012239324,-0.009920039
641920081,641919980,-0.00082470913,0.028839817,-0.02818885
641923788,641923687,-0.0014423754,0.015743459,-0.009500269
641927535,641927436,0.0021663944,0.016091151,-0.018665493
641931291,641931190,-0.0069369203,0.018127047,0.00081280374
641933788,641933687,0.0018916598,0.021739002,-0.019565843
641937539,641937437,0.000541379,0.018605702,-0.011630853
641941308,641941211,0.0071781296,0.015262739,-0.019152682
641945078,641944978,0.0034731624,0.025018873,-0.0036972319
641948787,641948687,0.0030887339,0.016460657,-0.014047428
641951289,641951188,0.00015457584,0.030174406,-0.012234504
641955091,641954981,0.0042843116,0.01050723,-0.012484855
641958787,641958687,0.0070737447,0.019619072,-0.01473335
641962538,641962437,0.0058994247,0.013449337,-0.007981435
641966288,641966187,0.014359522,0.0048250942,-0.017745024
641968788,641968687,0.0029342656,0.017495407,-0.0039052186
641972530,641972437,0.005952859,0.014073178,-0.016308023
641976292,641976187,0.0015661591,0.025684996,-0.016278395
641980081,641979980,0.0063078823,0.00106469,-0.016650863
641983789,641983687,0.0061204415,0.016781326,-0.01673721
641986311,641986210,0.0057440037,-0.002037052,-0.01149799
641990087,641989979,0.0035278865,0.022726204,-0.022296444
641993788,641993687,0.003829151,0.010336283,-0.0074380394
641997542,641997438,0.005010042,0.010691568,-0.025590817
642001312,642001211,-0.0004315354,0.013447207,-0.012842028
642003789,642003688,0.0043880204,0.012893892,-0.023681967
642007539,642007437,0.006362084,0.018961834,-0.0029950538
642011288,642011188,0.0088866,0.013747824,-0.013454491
642015081,642014980,0.0030185753,0.023967747,-0.014146691
642018788,642018687,0.008938022,0.0061409487,-0.017641744
642021284,642021188,0.0037305055,0.02305909,-0.011649651
642025081,642024980,0.009396704,0.01020753,-0.01735822
642028788,642028687,0.0028834091,0.024281815,-0.021692077
642032537,642032437,0.006408211,0.011170644,-0.0017334125
642036281,642036188,0.0060565025,0.019437112,-0.019622713
642038786,642038687,0.0042359973,0.018643484,-0.015526209
642042540,642042437,0.0019570673,0.017285269,-0.039260577
642046312,642046211,0.00293585,0.014203795,-0.008016322
642050076,642049978,0.0048096087,0.0173816,-0.017287062
642053789,642053687,0.00077845785,0.026198285,-0.016109312
642056279,642056187,0.0037939444,0.020121627,-0.023163263
642060084,642059980,-0.0022079153,0.01845088,-0.01423938
642063789,642063688,0.00085176976,0.015838971,-0.020432262
642067538,642067437,-0.0051066857,0.020005671,-0.02794772
642071284,642071187,0.00063617807,0.017551882,-0.011513127
642073788,642073688,-0.0040031713,0.016353749,-0.0049732155
642077535,642077437,0.0022157475,0.018501272,-0.010573756
642081289,642081188,0.000558826,0.019394869,-0.026614612
642085082,642084980,0.0022043355,0.022943629,-0.01913666
642088788,642088687,0.0042261593,0.012196376,-0.026420362
642091311,642091211,0.0029152746,0.012931902,-0.02005298
642095079,642094979,0.0036578893,0.014248483,-0.02004316
642098787,642098687,0.0018009499,0.026119597,-0.007851385
642102532,642102438,0.00713046,0.01731226,-0.018719172
642106312,642106215,0.0039756484,0.021498948,-0.035266217
642108790,642108687,0.0052850638,0.016671387,-0.020719977
642112538,642112437,-0.001672999,0.021363582,-0.025343655
642116286,642116187,0.0013084862,0.019950988,-0.012142957
642120088,642119979,0.0036960102,0.016869748,-0.019367592
642123789,642123688,0.0028705702,0.016241377,-0.014201349
642126288,642126188,0.003272101,0.023056911,-0.029602868
642130082,642129979,0.0020838263,0.021088796,-0.034322426
642133789,642133687,0.0072202226,0.019275896,-0.0193696
642137528,642137437,-0.0036337727,0.029459797,-0.0056820507
642141291,642141189,0.00709712,0.027539773,-0.019215615
642143788,642143687,-0.0025414398,0.030033825,-0.027507834
642147538,642147437,0.005187783,0.013801763,-0.03597368
642151312,642151211,-0.0042970455,0.022910446,-0.024179056
642155087,642154979,0.0010701674,0.016959155,-0.017538583
642158787,642158687,0.006407884,0.03165729,-0.018914837
642161292,642161187,0.0069418657,0.015260546,-0.0057325773
642165082,642164980,0.0052906885,0.030210609,-0.02509321
642168780,642168687,-0.0024885752,0.023485621,-0.030570662
642172541,642172437,0.0056354655,0.027059866,-0.042266484
642176286,642176187,-0.0016897401,0.025451982,-0.012669416
642178787,642178687,0.0062244222,0.018569972,-0.021400785
642182537,642182437,-0.0027229805,0.022801898,-0.007644522
642186282,642186188,0.005701532,0.017459262,-0.023974856
642190081,642189980,-0.0012142059,0.031984787,-0.037930373
642193830,642193728,7.4883945e-05,0.02245997,-0.03128783
642196312,642196211,0.00095240644,0.030188603,-0.029605674
642200079,642199979,0.0022125447,0.020010717,-0.0043004174
642203788,642203687,0.0054924646,0.02608695,-0.022229025
642207539,642207437,-0.0021725232,0.024096869,-0.014849597
642211312,642211211,0.008317505,0.019517012,-0.045199994
642213787,642213687,-0.002639518,0.029690513,-0.019789105
642217538,642217437,0.0033082168,0.015152417,-0.0414636
642221282,642221187,-0.0041745366,0.030572277,-0.006706553
642225082,642224981,0.0029613557,0.013192035,-0.016505523
642228788,642228687,0.0063705724,0.02616236,-0.03146441
642231291,642231188,0.009790292,0.013108852,-0.037814055
642235081,642234980,0.0055237906,0.022714911,-0.04424534
642238788,642238687,0.0021795388,0.017197665,-0.015685217
642242536,642242437,0.0012231977,0.017783418,-0.026547348
642246288,642246188,-0.0016572835,0.022387503,-0.016180169
642248786,642248687,0.002041712,0.019073876,-0.031969048
642252533,642252438,0.002765422,0.019565888,-0.01407347
642256306,642256211,0.005432424,0.015459075,-0.03710668
642260079,642259979,0.0016045338,0.012731074,-0.036514614
642263789,642263687,0.0045748074,0.010489642,-0.017973356
642266285,642266187,0.00089269585,0.010996903,-0.01522321
642270089,642269980,0.004466144,0.016094742,-0.013117521
642273788,642273687,0.0027126567,0.011508114,-0.041597474
642277538,642277437,0.005456122,0.015321285,-0.0151551915
642281294,642281191,0.0049566277,0.0121038,-0.03534788
642283788,642283687,0.0028048726,0.021158982,-0.017612739
642287531,642287437,0.0047684843,0.00740896,-0.039637513
642291293,642291188,-0.0003247829,0.014485715,-0.018230656
642295081,642294980,0.0056226095,0.0062552374,-0.027848335
642298788,642298687,-0.0007711443,0.018398466,-0.0355873
642301312,642301211,0.0048769615,0.01779662,-0.033863187
642305086,642304978,-0.0033327853,0.016957527,-0.031906575
642308786,642308687,0.0044132047,0.015503568,-0.028055541
642312539,642312438,0.0008287371,0.012335484,-0.030765375
642316312,642316211,0.0021226574,0.017934721,-0.026492948
642318781,642318688,-0.0015573214,0.01797188,-0.02807231
642322538,642322437,0.0027895647,0.020567996,-0.03833915
642326287,642326187,0.0025788436,0.017288065,-0.03126511
642330081,642329980,-0.00014385294,0.024381965,-0.01982214
642333790,642333688,0.0028727048,0.020887382,-0.034129903
642336281,642336188,-0.0013286512,0.021446632,-0.0361779
642340083,642339979,0.00754047,0.022831814,-0.027279621
642343790,642343688,0.004409569,0.022028413,-0.028032675
642347537,642347437,0.0023211916,0.020150164,-0.029678425
642351294,642351191,0.0018643865,0.02025989,-0.033990446
642353788,642353687,0.0025211726,0.02208975,-0.03420135
642357537,642357437,0.001547753,0.025780601,-0.035465438
642361317,642361212,-0.00062342465,0.026742678,-0.030212717
642365077,642364978,0.004340274,0.02032318,-0.02868672
642368780,642368687,-0.0016046226,0.029121187,-0.03053857
642371280,642371187,0.00476745,0.025455456,-0.033087105
642375083,642374983,-0.0035350122,0.025276132,-0.04180777
642378786,642378687,0.004831347,0.0147005515,-0.038357884
642382540,642382438,0.0010244044,0.024921324,-0.0311691
642386279,642386187,0.0039341114,0.015399914,-0.024335694
642388787,642388687,-0.001352612,0.03505122,-0.027886717
642392537,642392437,0.0044078375,0.01593917,-0.033005625
642396285,642396186,0.0046909363,0.03395673,-0.044630352
642400082,642399980,-0.0023858908,0.020063996,-0.035161078
642403789,642403688,0.004614091,0.02020179,-0.032556444
642406309,642406211,-0.0038150754,0.017955747,-0.013564268
642410080,642409980,0.0088292705,0.022294642,-0.04104223
642413788,642413687,-0.000120700235,0.028238546,-0.034760617
642417551,642417452,-0.002014649,0.019438965,-0.037302315
642421306,642421211,-0.0019063579,0.02405847,-0.046264883
642423787,642423687,-0.0013020469,0.0139319245,-0.032013636
642427540,642427438,0.0077757784,0.026995078,-0.03441379
642431288,642431188,0.0030627148,0.026691504,-0.0116730705
642435079,642434979,0.008879637,0.023573179,-0.055549916
642438786,642438687,-0.0047145016,0.031165702,-0.040606435
642441288,642441188,0.0055243755,0.020961165,-0.054180212
642445083,642444980,-0.0021554877,0.036154162,-0.01704002
642448787,642448687,0.0049054273,0.022438925,-0.025939474
642452530,642452437,-0.0037161196,0.028875412,-0.05023032
642456279,642456187,-0.002533552,0.024880858,-0.022572827
642458788,642458687,0.0038271053,0.031169487,-0.046612073
642462539,642462437,0.006669267,0.030044755,-0.025001056
642466312,642466211,0.009656904,0.023224479,-0.045004677
642470088,642469980,-0.0015548662,0.024596913,-0.037322175
642473790,642473687,0.00487467,0.024807038,-0.02428906
642476306,642476205,-0.0019399091,0.02659055,-0.04286197
642480077,642479978,0.004204129,0.022338523,-0.022453384
642483788,642483687,0.0004985872,0.017721178,-0.050151385
642487538,642487437,0.0014235044,0.017350828,-0.030846523
642491289,642491188,0.0055620237,0.023982521,-0.045469668
642493788,642493688,-9.293039e-05,0.015995173,-0.025295954
642497537,642497437,0.0048000775,0.02099175,-0.030529097
642501281,642501188,-0.0030711498,0.018382667,-0.040657226
642505088,642504979,0.0028713886,0.023327751,-0.038809832
642508788,642508687,0.0058030626,0.01641752,-0.0483503
642511316,642511212,0.0062812567,0.019060027,-0.040482704
642515081,642514980,0.007813116,0.017304063,-0.03909436
642518787,642518687,0.0016297379,0.022920957,-0.03257105
642522537,642522437,0.0044885892,0.029118849,-0.033720292
642526312,642526211,0.0038242345,0.021125257,-0.049286775
642528786,642528687,0.004500942,0.023797216,-0.05360915
642532539,642532437,0.008307404,0.021539787,-0.038447637
642536281,642536188,0.0042767935,0.02854234,-0.0428888
642540078,642539978,0.00034904247,0.028665336,-0.02624927
642543788,642543687,0.004631463,0.027716886,-0.043536942
642546287,642546187,-0.0004918447,0.026535524,-0.03891192
642550081,642549980,0.0063750558,0.028529147,-0.05082676
642553790,642553688,-0.00015346898,0.026797319,-0.042739403
642557538,642557437,0.0025013268,0.02595713,-0.019266615
642561289,642561188,0.00071642245,0.039750967,-0.03133753
642563788,642563687,0.0033104229,0.025455352,-0.003579311
642567529,642567437,0.0036939392,0.04283562,-0.006879691
642571310,642571214,0.0094210915,0.0346785,-0.018635683
642575084,642574982,0.010149908,0.045906022,-0.038080387
642578788,642578687,0.013828117,0.04910347,-0.053974118
642581289,642581188,0.016174441,0.05280651,-0.035795987
642585076,642584978,0.019258436,0.048947703,-0.03108456
642588786,642588687,0.023938246,0.05286345,-0.012508751
642592539,642592437,0.024601817,0.05651917,-0.03132185
642596288,642596188,0.02463155,0.048197016,-0.066038504
642598787,642598687,0.025754226,0.05656121,-0.07712826
642602540,642602437,0.029797519,0.04509455,-0.059349723
642606290,642606187,0.026617972,0.04577292,-0.045134835
642610081,642609980,0.019625934,0.045195438,-0.024505002
642613788,642613687,0.022806998,0.041565467,-0.035966955
642616312,642616211,0.016929772,0.030468516,-0.037597302
642620089,642619980,0.028845327,0.032754585,-0.05320964
642623789,642623687,0.022767385,0.029335983,-0.04986963
642627536,642627437,0.021130832,0.026200762,-0.0122021865
642631313,642631211,0.01978463,0.029985186,-0.017036712
642633781,642633687,0.017986983,0.020359892,-0.024023024
642637540,642637437,0.01337624,0.02040922,-0.05404116
642641289,642641188,0.0097186975,0.009356318,-0.05978922
642645076,642644978,0.008892538,0.021215651,-0.054090314
642648788,642648687,0.0151358,0.013829979,-0.044736955
642651280,642651188,0.009730809,0.020956285,-0.044569667
642655081,642654979,0.015088734,0.013504972,-0.03189852
642658787,642658687,0.01081687,0.015440536,-0.054416034
642662537,642662437,0.0064075193,0.014571372,-0.053191066
642666287,642666187,0.013255765,0.006567498,-0.05082383
642668787,642668687,-0.0040305015,0.01826664,-0.031907693
642672538,642672438,0.008272788,0.015765956,-0.026209027
642676313,642676212,-0.0058683534,0.019208841,-0.04141886
642680081,642679980,0.0038815083,0.018826641,-0.023393376
642683782,642683687,0.0046284287,0.016819583,-0.057491735
642686281,642686188,0.0015327309,0.02185464,-0.049225785
642690077,642689978,0.008621169,0.02091572,-0.058060985
642693788,642693687,-0.0044490895,0.020423904,-0.035484314
642697542,642697438,0.00082140457,0.014312292,-0.024614232
642701282,642701188,-0.0033604577,0.022456031,-0.056936078
642703789,642703688,0.0014257656,0.013899268,-0.05212424
642707539,642707437,-0.00040829327,0.01860302,-0.056122012
642711288,642711188,-0.0015075585,0.019258894,-0.04917692
642715082,642714980,0.003917876,0.022048317,-0.038236804
642718787,642718687,-0.0027010334,0.027299466,-0.0312443
642721306,642721212,-0.0020559945,0.01902658,-0.029651966
642725082,642724979,-0.004651399,0.02740219,-0.05614225
642728787,642728687,0.0033347337,0.015694588,-0.05885553
642732537,642732437,0.0006721618,0.023513177,-0.03482304
642736306,642736211,0.00027542227,0.020734107,-0.046199642
642738791,642738687,-0.00483634,0.022586623,-0.045068815
642742540,642742437,-0.002425321,0.01860022,-0.048126772
642746288,642746187,-0.0005141713,0.020292016,-0.0448247
642750076,642749978,-0.004602318,0.033410683,-0.06475325
642753788,642753687,0.0039580935,0.019232038,-0.051167514
642756287,642756187,-0.0035951333,0.029260714,-0.041541707
642760085,642759980,0.005742406,0.017772611,-0.030790636
642763792,642763688,0.0009068959,0.028265806,-0.052508328
642767534,642767437,-0.0032143034,0.022242002,-0.04350589
642771280,642771187,0.0053769522,0.024710286,-0.055910077
642773790,642773687,-0.0037773715,0.021205658,-0.037023738
642777536,642777437,0.0042960374,0.021299236,-0.054272514
642781312,642781211,-0.0064533246,0.02110378,-0.038774412
642785088,642784980,-0.0002125802,0.017948126,-0.049888942
642788787,642788687,0.0012616781,0.014950899,-0.052214786
642791290,642791188,0.0014360733,0.015051188,-0.05445609
642795077,642794978,0.0034043689,0.018241668,-0.043526065
642798786,642798687,-0.008341419,0.027157959,-0.04102179
642802540,642802438,5.5812296e-05,0.012180143,-0.061766714
642806292,642806187,-0.007465894,0.037437316,-0.044838727
642808788,642808687,0.00413508,0.014234193,-0.04322131
642812538,642812437,-0.0028483388,0.032085363,-0.050647624
642816284,642816186,-0.00069015025,0.016327225,-0.047915354
642820088,642819980,0.002967956,0.034622695,-0.061334427
642823789,642823687,-0.0050024027,0.03217059,-0.042511325
642826312,642826211,0.0031754447,0.03547534,-0.056733776
642830082,642829980,-0.0024793672,0.026437098,-0.03646141
642833785,642833687,0.005289967,0.02466641,-0.05061157
642837536,642837437,-0.0013351174,0.027411358,-0.058397345
642841313,642841211,0.0017398254,0.017479362,-0.0439635
642843789,642843688,-0.0026440073,0.022791889,-0.048866447
642847539,642847437,0.006001371,0.017499536,-0.036888905
642851282,642851188,0.0027198193,0.023639305,-0.056614038
642855079,642854979,0.002242923,0.020694716,-0.033758175
642858787,642858687,0.003227561,0.0154172275,-0.05847311
642861288,642861188,-0.00015595199,0.018451678,-0.042564154
642865082,642864980,0.00014283549,0.014262917,-0.062490854
642868788,642868688,0.0017872184,0.022000024,-0.043737225
642872538,642872437,0.0045875134,0.018943176,-0.04255621
642876285,642876186,0.00264297,0.01871241,-0.05207433
642878787,642878687,-0.00028970954,0.010132967,-0.04883967
642882538,642882437,0.0023409068,0.019863646,-0.05728001
642886304,642886211,-0.0016471539,0.018655775,-0.04911841
642890081,642889979,0.0037129999,0.008082722,-0.054130036
642893790,642893687,0.0040045553,0.018790115,-0.053364355
642896288,642896188,0.005305944,0.016094772,-0.04974885
642900079,642899979,-0.0008179523,0.026796946,-0.062169496
642903788,642903687,-0.0026127477,0.019040564,-0.043343686
642907542,642907437,0.0032977823,0.019887509,-0.06801927
642911289,642911188,0.0022361872,0.02363885,-0.030325929
642913788,642913687,0.0015021818,0.018450564,-0.061284
642917530,642917437,0.0040135807,0.02962073,-0.032757297
642921282,642921188,0.0023977167,0.019936725,-0.07473059
642925082,642924980,0.00060002937,0.028503647,-0.036026772
642928788,642928687,0.0032795249,0.02567094,-0.060529824
642931313,642931212,-0.0037785,0.030035509,-0.03941919
642935088,642934980,0.0027827835,0.021084877,-0.06381853
642938795,642938687,0.00060256675,0.024102299,-0.04668619
642942537,642942437,0.0024990595,0.023411548,-0.059134077
642946312,642946211,-0.002319969,0.022305537,-0.053578727
642948786,642948687,0.0034816638,0.023777185,-0.05118782
642952539,642952437,-0.0014511379,0.0315679,-0.056111667
642956289,642956188,0.0034751685,0.028697364,-0.042131077
642960076,642959978,0.0007885056,0.028415486,-0.06773806
642963788,642963687,0.0018969446,0.029752826,-0.04699924
642966278,642966187,0.0012428476,0.024542723,-0.06344436
642970087,642969979,0.0046908683,0.030003082,-0.040422875
642973789,642973687,0.0025101565,0.027978163,-0.061012145
642977537,642977437,0.002631822,0.021692893,-0.047576535
642981288,642981187,0.004522619,0.026340706,-0.06013957
642983781,642983687,-0.0017987408,0.016300036,-0.05370125
642987537,642987437,0.006952436,0.0274053,-0.054686848
642991314,642991212,-0.0044587585,0.02202359,-0.053930607
642995081,642994980,0.005235699,0.022341102,-0.05691982
642998788,642998687,-0.0024896648,0.02346602,-0.050632942
643001282,643001188,0.0054604537,0.02499704,-0.059475
643005080,643004979,0.00076549314,0.021260295,-0.046755917
643008790,643008687,0.003377145,0.021276321,-0.062053975
643012539,643012437,0.00076288043,0.019019887,-0.049373485
643016282,643016188,-0.00086098805,0.020335881,-0.05331594
643018787,643018687,0.002393283,0.02430706,-0.048303116
643022539,643022438,-0.001614375,0.016774582,-0.060112145
643026285,643026187,0.005589293,0.021615952,-0.051045556
643030083,643029980,-0.0032058714,0.01701606,-0.053836983
643033789,643033688,0.004600841,0.025459733,-0.057993405
643036304,643036211,-0.0012810872,0.02151665,-0.054265793
643040081,643039980,0.0033993938,0.017452747,-0.062482547
643043789,643043687,0.0018628521,0.02335115,-0.043929283
643047536,643047436,0.001481622,0.0138877155,-0.07386158
643051313,643051211,-0.00022591786,0.026144752,-0.038611565
643053788,643053687,0.002289216,0.014059976,-0.065271474
643057538,643057437,-0.00049331196,0.018703694,-0.03955376
643061289,643061188,0.0038722542,0.014456089,-0.062747836
643065077,643064978,0.0037187429,0.0193289,-0.04530756
643068788,643068687,0.0033774313,0.014009863,-0.061485596
643071282,643071188,0.0019239385,0.018945092,-0.05516802
643075080,643074980,0.0018674508,0.0149793755,-0.056195542
643078787,643078687,0.004057964,0.013359126,-0.056096613
643082532,643082438,0.0031234885,0.014208557,-0.04757691
643086278,643086187,0.004704714,0.011295239,-0.06958571
643088788,643088687,0.0036465952,0.01000788,-0.054886956
643092539,643092437,0.0048430315,0.018957779,-0.06764926
643096314,643096211,0.0018092807,0.015050635,-0.040893976
643100082,643099980,0.0031153257,0.013328719,-0.064950205
643103789,643103687,-0.0006148417,0.015333639,-0.052447453
643106292,643106188,0.0021489572,0.0134006,-0.0681936
643110080,643109979,0.001640012,0.021188915,-0.050896727
643113787,643113687,0.0037960636,0.015886264,-0.05168955
643117539,643117437,0.0035827467,0.015482194,-0.055314835
643121289,643121188,0.0028885673,0.022116888,-0.048694346
643123788,643123688,0.0015955024,0.018379323,-0.05890203
643127538,643127437,0.0014907175,0.021450268,-0.055089124
643131288,643131188,-0.0011461208,0.016113015,-0.056528002
643135088,643134980,0.00022434523,0.022394499,-0.04463233
643138789,643138687,0.002311516,0.017073356,-0.051922794
643141313,643141212,0.0010276082,0.027350374,-0.05960769
643145081,643144979,-0.00022442515,0.014538604,-0.058872882
643148781,643148687,-0.0016017876,0.021137256,-0.058508746
643152537,643152437,0.002473821,0.012303949,-0.04046396
643156311,643156210,-0.002398215,0.021373179,-0.04869458
643158786,643158687,0.0015208742,0.01970255,-0.0401675
643162538,643162437,-0.0011181253,0.025281811,-0.07159016
643166282,643166188,-0.00040608307,0.021277795,-0.057419714
643170079,643169979,0.004060399,0.0231401,-0.0600977
643173788,643173687,0.00071838027,0.02525752,-0.050529078
643176288,643176188,0.0048560053,0.022103034,-0.055928208
643180075,643179977,-0.004034698,0.02305169,-0.04803402
643183788,643183687,0.001284707,0.016576922,-0.0653246
643187540,643187438,-0.0014717748,0.022373168,-0.058767036
643191289,643191187,-2.6379705e-05,0.01894856,-0.059865147
643193793,643193692,-0.0016567577,0.015064799,-0.04027468
643197536,643197437,-0.0036389153,0.027332468,-0.053526506
643201304,643201211,-0.0043257447,0.018302223,-0.046556793
643205081,643204980,-0.005857895,0.03036824,-0.071776435
643208788,643208687,-0.0029206031,0.018295582,-0.06770818
643211292,643211190,-0.001160324,0.031321414,-0.045773424
643215078,643214979,-0.0037291965,0.020655477,-0.04094888
643218785,643218687,0.00026851494,0.03432446,-0.04065392
643222537,643222437,-0.007033056,0.020434039,-0.080129065
643226289,643226188,0.0018141014,0.029069223,-0.041863654
643228786,643228687,0.0017174355,0.020533273,-0.04765164
643232532,643232438,0.0034965146,0.036593284,-0.036138613
643236281,643236187,0.0015233016,0.030575681,-0.048935253
643240076,643239978,0.00078827445,0.024720905,-0.052732293
643243789,643243687,0.008776928,0.031059455,-0.05420319
643246309,643246210,0.0015352844,0.02969912,-0.05113946
643250090,643249980,0.014661045,0.029124647,-0.038937446
643253794,643253688,0.0052298503,0.029204722,-0.03823703
643257537,643257437,0.0060140598,0.032441005,-0.0703709
643261312,643261211,0.007777112,0.025622984,-0.06179324
643263789,643263688,0.0052358573,0.022766028,-0.06176074
643267537,643267437,0.012662881,0.030464314,-0.036485545
643271291,643271190,0.00875642,0.03338563,-0.04854357
643275083,643274981,0.010449472,0.023255847,-0.042420935
643278787,643278687,0.012147483,0.028963774,-0.052011926
643281288,643281188,0.008518798,0.025312303,-0.06276123
643285084,643284978,0.012475635,0.029129462,-0.058620404
643288787,643288687,0.0017657683,0.02716475,-0.03565622
643292539,643292438,0.012585581,0.022296583,-0.032203324
643296288,643296188,0.0010911098,0.02937357,-0.048857693
643298780,643298687,0.0153216105,0.021171104,-0.068022445
643302539,643302438,0.0037707596,0.025898023,-0.058324274
643306312,643306210,0.008095333,0.021369023,-0.043670647
643310084,643309980,0.010621658,0.017208701,-0.04738979
643313788,643313687,0.0015406373,0.028529298,-0.031994216
643316282,643316188,0.010689832,0.015970152,-0.050318252
643320081,643319980,-0.006528427,0.024801375,-0.052554082
643323788,643323687,-0.0012654952,0.016070241,-0.060503103
643327539,643327437,0.0025692435,0.017273758,-0.059641834
643331289,643331188,-0.002283346,0.033144396,-0.030890312
643333788,643333687,0.0026047942,0.020087883,-0.05016801
643337539,643337438,-0.0046573677,0.030459503,-0.037791457
643341289,643341188,0.0043454906,0.012686639,-0.050642133
643345076,643344978,-0.0036726994,0.029977215,-0.06262262
643348779,643348687,-0.0026623073,0.024399372,-0.038865305
643351304,643351211,-0.002201241,0.024830593,-0.063434295
643355082,643354980,-0.0021621522,0.023052571,-0.020670418
643358787,643358687,0.005415933,0.018413687,-0.05511244
643362538,643362437,-0.0045904946,0.020589601,-0.059717637
643366311,643366210,0.005350274,0.015650045,-0.039791137
643368787,643368687,-0.006029632,0.02289576,-0.048456393
643372537,643372437,0.0077470997,0.019895315,-0.027833285
643376289,643376188,0.0016619753,0.02081107,-0.064896
643380082,643379980,-0.0040779924,0.02471803,-0.02861264
643383788,643383687,0.0054341205,0.015460395,-0.04995835
643386281,643386188,-0.0036119188,0.025058107,-0.04569038
643390077,643389978,0.009900915,0.023132829,-0.04702775
643393789,643393687,0.0032597124,0.021538466,-0.050460763
643397539,643397438,0.000762127,0.023140194,-0.034676317
643401282,643401188,0.00358866,0.01682418,-0.054589137
643403788,643403687,-0.0018399127,0.024661802,-0.044349384
643407539,643407437,0.0034721235,0.020078657,-0.046876825
643411312,643411211,-0.0024933936,0.022607718,-0.051915288
643415081,643414980,0.0038581023,0.016537383,-0.033203855
643418789,643418687,0.003400379,0.024153832,-0.06467717
643421291,643421188,0.0035524364,0.021193037,-0.032137204
643425081,643424980,0.0014810272,0.024363613,-0.059883684
643428787,643428687,-0.0019695377,0.01827568,-0.046802077
643432537,643432437,0.004780841,0.028201519,-0.044094644
643436281,643436188,-0.002198885,0.020958997,-0.052514583
643438787,643438687,0.0023013307,0.024769993,-0.051065758
643442540,643442438,-0.003936123,0.012446933,-0.058010038
643446289,643446188,-0.00086218555,0.023420433,-0.036338888
643450085,643449978,0.0008294997,0.017340718,-0.053007387
643453788,643453687,-0.0017216832,0.02329127,-0.03985447
643456310,643456210,0.00040206764,0.012936807,-0.050187983
643460084,643459979,-0.0034539567,0.025100207,-0.043544866
643463788,643463688,0.00081804366,0.018888125,-0.047728837
643467537,643467437,-0.0011093793,0.021360341,-0.048891522
643471312,643471211,0.00472983,0.017720493,-0.036848415
643473788,643473687,-0.00010995881,0.018584806,-0.04008105
643477537,643477437,0.0011575912,0.020168345,-0.056907997
643481282,643481188,-0.0017884867,0.02204629,-0.052852605
643485088,643484980,-0.0013279775,0.01432961,-0.057891432
643488787,643488687,0.0017929372,0.015438759,-0.025720187
643491288,643491188,-5.4209246e-05,0.017147653,-0.05137123
643495080,643494979,0.005374032,0.015110177,-0.02468347
643498779,643498687,-0.0007069927,0.018627312,-0.05043514
643502539,643502438,-0.00096352235,0.009034361,-0.04597738
643506293,643506188,0.0045486735,0.023390032,-0.059261136
643508788,643508687,-0.00073792116,0.013433772,-0.034148254
643512538,643512437,0.0042273453,0.024635233,-0.039531104
643516310,643516210,-0.0055564004,0.014476778,-0.037134673
643520081,643519980,0.011199116,0.015166244,-0.053666204
643523789,643523687,-0.00039238573,0.016070351,-0.049030587
643526288,643526187,0.007570692,0.0146022905,-0.05849778
643530081,643529980,-0.002768392,0.019140167,-0.04440047
643533789,643533687,-8.1175465e-05,0.013846748,-0.029538022
643537537,643537437,0.005572751,0.013664278,-0.037411265
643541291,643541188,-0.002859508,0.021205556,-0.04688395
643543790,643543687,0.0058187987,0.009661456,-0.06357494
643547531,643547437,0.0017020269,0.020888116,-0.049383048
643551281,643551188,0.008394591,0.008180517,-0.034765363
643555077,643554978,0.0057536727,0.020843392,-0.03262518
643558787,643558687,-0.0017538561,0.015967462,-0.03289089
643561313,643561211,0.0035703734,0.019715453,-0.037381817
643565084,643564982,-0.0020804885,0.016908595,-0.056679007
643568787,643568687,0.006908068,0.010202216,-0.05616529
643572539,643572437,0.0028096247,0.016464895,-0.04510703
643576310,643576210,0.0008941436,0.014402123,-0.010535565
643578787,643578687,0.0038920613,0.026723696,-0.038376868
643582537,643582437,0.00221697,0.015920142,-0.033593938
643586289,643586188,0.0101615535,0.018500246,-0.06784496
643590081,643589980,-0.006384992,0.012893313,-0.036838125
643593789,643593687,0.006654635,0.016690657,-0.039159406
643596288,643596188,-0.00667753,0.018834244,-0.018275656
643600087,643599979,0.0079305675,0.019082624,-0.024894387
643603788,643603687,0.0018457987,0.021160357,-0.03631777
643607539,643607437,0.0028417276,0.025518814,-0.052086886
643611289,643611188,0.0026802155,0.02446835,-0.06235668
643613788,643613687,0.0012011112,0.024147388,-0.042188797
643617538,643617437,0.00096509414,0.018234203,-0.027399136
643621312,643621211,-0.002175397,0.024448264,-0.023543995
643625081,643624980,-0.00031883153,0.016791446,-0.04055184
643628787,643628687,0.002006772,0.019012298,-0.0571823
643631283,643631188,0.0002369186,0.014117441,-0.054645047
643635081,643634980,0.0051172376,0.023925908,-0.03886464
643638787,643638687,-0.0044418215,0.019456347,-0.015197681
643642537,643642437,0.0023790637,0.018313594,-0.03332317
643646288,643646187,-0.00378019,0.027501306,-0.04433267
643648787,643648687,0.0068092635,0.012267311,-0.053771857
643652540,643652438,-0.0022910102,0.026634896,-0.049846947
643656289,643656188,0.0013335521,0.010666589,-0.034527075
643660081,643659979,0.004679471,0.0276276,-0.033288572
643663781,643663687,-0.003211524,0.024917288,-0.0102983015
643666303,643666210,0.0035289037,0.030506758,-0.04709262
643670081,643669980,-0.001081437,0.02065632,-0.03348879
643673789,643673687,0.004154421,0.017427953,-0.057179898
643677537,643677437,-0.0003428293,0.022428654,-0.032113437
643681312,643681211,0.00624025,0.023031946,-0.016877098
643683788,643683687,0.0018603798,0.023754206,-0.01803873
643687537,643687437,0.006549953,0.02633878,-0.029071622
643691291,643691188,0.0054857386,0.018408246,-0.054258466
643695082,643694980,0.0037324114,0.029526612,-0.027642615
643698787,643698687,0.00250542,0.017539391,-0.042992998
643701282,643701188,-0.0012731294,0.02560494,-0.023341244
643705081,643704978,0.00018873773,0.010563911,-0.037744258
643708786,643708687,-0.0008624478,0.031685892,-0.027691575
643712540,643712438,0.005162148,0.02040449,-0.026444806
643716280,643716187,0.0024095715,0.03066189,-0.04410797
643718787,643718687,0.0015588066,0.01609512,-0.03880743
643722538,643722437,-0.0002956695,0.019900072,-0.032942697
643726311,643726210,-0.0023258592,0.02149466,-0.021311712
643730084,643729982,0.0002849338,0.019688502,-0.027726393
643733790,643733687,0.0005235,0.029907236,-0.040924046
643736289,643736188,-0.000113078946,0.014797441,-0.043113723
643740080,643739980,-0.0013133944,0.027725913,-0.04509075
643743789,643743687,-0.0013878266,0.017443115,-0.01635048
643747530,643747437,0.0052866885,0.029101597,-0.037585504
643751282,643751188,-0.0001495169,0.029402832,-0.018445415
643753788,643753687,0.004734246,0.026100509,-0.042963907
643757538,643757438,0.0020581775,0.022075795,-0.01753598
643761290,643761188,0.0060786493,0.016353989,-0.036182277
643765086,643764979,0.0015215842,0.02119746,-0.025682516
643768786,643768687,0.0046619982,0.017668068,-0.022281218
643771311,643771210,0.0010432643,0.024295244,-0.021620374
643775085,643774980,0.0056550195,0.020985609,-0.018029436
643778788,643778687,-0.0012702966,0.015575132,-0.03130297
643782546,643782437,0.004824579,0.014265848,-0.02395842
643786310,643786210,0.004018886,0.015404206,-0.034259006
643788787,643788687,0.006865683,0.023967398,-0.020182172
643792537,643792437,0.005421434,0.017597059,-0.020161824
643796288,643796188,0.004005998,0.014022686,-0.019128503
643800091,643799980,0.0009940921,0.008608389,-0.023914816
643803789,643803688,-0.0042934315,0.014302155,-0.038188264
643806292,643806188,0.0013931097,0.012007178,-0.03290345
643810079,643809979,-0.0016370064,0.01526468,-0.027091444
643813781,643813687,0.004996536,0.006561842,-0.0062898695
643817539,643817437,-0.00042145848,0.011912882,-0.026438685
643821292,643821188,-0.0023383326,0.01642091,-0.019476179
643823789,643823687,-0.00093791867,0.01594786,-0.037582416
643827537,643827437,0.002358496,0.007771368,-0.022567134
643831312,643831211,0.0053190216,0.005662645,-0.02708057
643835082,643834979,-0.0020551288,0.010265937,-0.013384498
643838787,643838687,0.009876003,0.013693479,-0.014186565
643841290,643841188,-0.00068401237,0.015747275,-0.018108878
643845082,643844980,0.01016904,0.014325435,-0.0320745
643848787,643848687,-0.0010399657,0.01505668,-0.033676736
643852538,643852437,0.0055182204,0.0140712345,-0.019375226
643856289,643856188,0.0029051,0.013004641,-0.0098382505
643858787,643858687,0.008989521,0.015615833,-0.011063173
643862543,643862440,0.0056324587,0.02242293,-0.02310557
643866281,643866188,0.004153779,0.017593388,-0.027880047
643870078,643869979,0.009162982,0.0169706,-0.029320233
643873790,643873687,0.0022885194,0.022333978,-0.013194217
643876309,643876210,0.008409138,0.018787561,-0.017789003
643880082,643879980,-0.00036364057,0.024208447,-0.0070884665
643883789,643883688,0.005195903,0.018727686,-0.021723894
643887538,643887437,0.0036366924,0.018971723,-0.02375605
643891313,643891211,0.0006753299,0.023004591,-0.022890504
643893788,643893687,0.0045684753,0.024489256,-0.017232805
643897530,643897437,0.0019064558,0.01820615,-0.010803096
643901287,643901188,0.0056151543,0.011661424,-0.014666854
643905081,643904980,-0.0014396834,0.021552594,-0.011551167
643908791,643908687,0.007894275,0.014141272,-0.027840724
643911289,643911188,0.002442267,0.022103222,-0.019293271
643915084,643914978,0.008385008,0.014261158,-0.029763298
643918787,643918687,0.0026500295,0.014166795,-0.007029349
643922539,643922438,0.0037282172,0.009923773,-0.011768396
643926288,643926188,0.0063676396,0.008165516,-0.013932857
643928787,643928687,0.008948186,0.0070418944,-0.028498529
643932538,643932437,0.009845185,0.013872222,-0.017020788
643936310,643936210,0.0054211137,0.013658392,-0.014292522
643940083,643939979,0.010595996,0.007657059,-0.0148239955
643943789,643943687,0.005088356,0.015046736,-0.0068718344
643946281,643946188,0.0099858,0.007944531,-0.018011684
643950087,643949980,0.00027958915,0.01996314,-0.009598128
643953789,643953687,0.002356431,0.012414092,-0.018192476
643957537,643957437,0.0062786997,0.007360881,-0.008081282
643961289,643961188,0.00040893146,0.008253232,-0.01157387
643963782,643963687,0.0060139084,0.010093053,-0.008289892
643967538,643967438,0.0008862162,0.012724247,-0.014327866
643971288,643971188,0.0066602128,0.010033321,-0.017831966
643975077,643974978,0.0011049167,0.014197512,-0.010156529
643978787,643978687,0.0051334454,0.0075474335,-0.010188818
643981311,643981211,0.0029838295,0.018238846,-0.007793638
643985082,643984980,0.0067236335,0.007958922,-0.023190456
643988787,643988687,0.0013096634,0.022356763,-0.008259452
643992537,643992437,-0.0008569897,0.012468106,-0.015129895
643996311,643996210,0.0036221386,0.021620521,-0.008129985
643998787,643998687,-0.00046498113,0.011945205,-0.01510576
644002538,644002437,0.0023204025,0.018917365,-0.00621191
644006293,644006188,-0.0019717368,0.016129106,-0.016543906
644010080,644009980,0.004221803,0.01577778,-0.019155495
644013780,644013687,-0.0017587384,0.022923976,-0.0019170955
644016280,644016187,0.0038819676,0.018698813,-0.008267724
644020078,644019978,-0.0017406124,0.026818769,-0.0052952105
644023789,644023687,0.0028883466,0.016561845,-0.023837646
644027538,644027438,0.0015214266,0.027081246,-0.0074300794
644031282,644031188,2.7212502e-05,0.01655753,-0.014754984
644033788,644033687,0.0010751357,0.027257754,-0.004580233
644037538,644037437,-0.0040855394,0.02237896,-0.016810203
644041311,644041211,-0.0008890067,0.027754443,-0.0081185745
644045082,644044980,-0.0042734053,0.027028117,-0.014082857
644048788,644048687,0.00052585796,0.0140190385,-0.019869821
644051294,644051190,-0.001033958,0.015228569,-0.01292478
644055081,644054980,0.00031479454,0.020993803,-0.005592264
644058788,644058687,0.0022580845,0.02662364,-0.0060446337
644062530,644062437,0.0011473268,0.02214779,-0.017619073
644066281,644066188,0.0029302412,0.026130999,-0.013315178
644068786,644068687,0.0016266711,0.019598462,-0.015544564
644072538,644072437,0.003746464,0.03071567,-0.0070828577
644076288,644076187,0.0026890575,0.021312317,-0.010619834
644080076,644079978,0.0036482804,0.011671033,-0.0055053816
644083789,644083687,-0.0017045208,0.011534093,-0.017977007
644086309,644086210,0.004655819,0.01292988,-0.0256467
644090081,644089980,-0.0006411516,0.010650764,-0.02476426
644093790,644093688,0.0030714516,0.0068172277,-0.0027224803
644097537,644097437,0.001816151,0.018523555,-0.0002911107
644101304,644101211,-0.0008122573,0.009588522,-0.018301483
644103788,644103687,0.003004296,0.019102357,-0.023686927
644107539,644107437,0.00299247,0.013336826,-0.027986461
644111291,644111188,0.0048040445,0.021919006,-0.015012514
644115088,644114980,0.004856827,0.020649148,-0.011103817
644118787,644118687,0.006060777,0.027578551,-0.007595746
644121288,644121188,0.004297889,0.02504192,-0.01484084
644125077,644124978,0.0053198794,0.029604517,-0.018362973
644128786,644128687,0.0048600626,0.031008722,-0.026604066
644132532,644132438,0.004882222,0.031750858,-0.012550184
644136288,644136188,0.0067792265,0.03688184,-0.011826168
644138788,644138687,0.003695424,0.029192656,-0.0091231875
644142538,644142437,0.00873865,0.03165078,-0.014357698
644146309,644146210,0.006549637,0.027116038,-0.02319921
644150083,644149979,0.012660501,0.037630484,-0.021085264
644153790,644153688,0.010734306,0.033139933,-0.020331856
644156288,644156188,0.0138876885,0.032211807,-0.013977134
644160081,644159980,0.0075518806,0.03579193,-0.013092909
644163788,644163687,0.007809667,0.0308744,-0.016192572
644167537,644167437,0.0076232553,0.03347131,-0.030246766
644171292,644171188,0.002601003,0.028808216,-0.011535407
644173788,644173687,0.00717371,0.030314904,-0.02287716
644177539,644177438,0.0071297055,0.026386239,-0.0017127831
644181281,644181188,0.011143616,0.024029084,-0.029442256
644185077,644184978,0.0031291195,0.022953875,-0.0051209647
644188788,644188687,0.0037112322,0.0230003,-0.027145024
644191310,644191210,0.0010747827,0.027100144,-0.013616157
644195083,644194980,0.0030443636,0.02144027,-0.02484916
644198787,644198687,0.0007775273,0.023117824,-0.0140535
644202538,644202437,0.0002755959,0.025739893,-0.013468312
644206314,644206210,0.00072149764,0.026317084,-0.033812575
644208790,644208687,0.001744223,0.024095139,-0.016780188
644212532,644212438,0.00051774253,0.015346733,-0.027995165
644216282,644216188,2.91788e-05,0.02090217,-0.010858917
644220081,644219980,0.003202846,0.023681078,-0.034298584
644223789,644223687,0.0034957705,0.024603793,-0.018549763
644226287,644226187,0.0037091156,0.020486247,-0.029952774
644230084,644229978,0.00088000565,0.023165237,-0.01444912
644233789,644233687,-0.00042795698,0.02166454,-0.02282328
644237539,644237437,0.004542237,0.018789887,-0.02714368
644241289,644241188,0.0020267398,0.026030883,-0.012949773
644243788,644243687,0.005566336,0.017382795,-0.029650591
644247537,644247437,0.0048320596,0.024925027,-0.013005015
644251313,644251211,0.004008607,0.019408356,-0.03228773
644255083,644254979,0.0044319956,0.027502578,-0.0068661924
644258787,644258687,0.003871161,0.021345768,-0.024835104
644261290,644261188,0.005230822,0.023015993,-0.0105898455
644265089,644264979,0.0023383084,0.024640087,-0.0389696
644268787,644268687,0.0021257873,0.01763701,-0.022629721
644272538,644272437,0.00709158,0.02144294,-0.018423708
644276289,644276188,-0.0010316394,0.01872428,-0.014765028
644278781,644278687,0.0046069506,0.034237903,-0.023609286
644282539,644282438,-0.00079415,0.02581443,-0.025467893
644286289,644286188,0.007323306,0.029430928,-0.031472467
644290076,644289978,0.0017758755,0.027942684,-0.02043067
644293789,644293687,0.005018803,0.026978059,-0.0138804205
644296309,644296210,0.0018666483,0.031365115,-0.017371554
644300083,644299980,0.011283622,0.027479216,-0.019272551
644303789,644303688,0.0068286443,0.03332659,-0.031354103
644307539,644307437,-0.0011350934,0.028018082,-0.021837732
644311312,644311211,0.005161209,0.033647224,-0.030335145
644313788,644313687,0.0012258725,0.025010606,-0.014633869
644317537,644317437,0.007510669,0.026431693,-0.020092305
644321291,644321189,0.00079368777,0.023515016,-0.020777704
644325081,644324980,0.004711964,0.02511827,-0.02840813
644328781,644328687,0.0060754977,0.027252203,-0.034151487
644331282,644331188,0.0082202535,0.025247442,-0.027847908
644335077,644334978,0.006102167,0.029738149,-0.020358978
644338787,644338687,0.0011871738,0.026583461,-0.00890686
644342539,644342437,0.0058774413,0.027280705,-0.03668779
644346280,644346187,-0.0034806966,0.025719078,-0.019043649
644348787,644348687,0.013558813,0.021380244,-0.04718471
644352537,644352437,0.007815664,0.028317153,-0.009801491
644356310,644356210,0.013336115,0.01788548,-0.03413834
644360082,644359980,0.0042140596,0.030445457,-0.009374708
644363788,644363688,0.004236706,0.022391094,-0.016439332
644366283,644366188,0.0017748546,0.02842688,-0.021829436
644370081,644369980,0.0070824497,0.015132447,-0.03204813
644373789,644373687,0.006375855,0.016182197,-0.04134116
644377538,644377437,0.005524107,0.025439551,-0.009449082
644381282,644381188,0.0043614306,0.015541979,-0.023586309
644383789,644383687,0.0031631873,0.022943502,-0.01703845
644387538,644387437,-5.0840168e-05,0.011239022,-0.037141375
644391289,644391188,0.002964466,0.016036332,-0.029511442
644395077,644394978,0.0019008991,0.015091138,-0.03390981
644398787,644398687,0.0026955395,0.0068475385,-0.023083197
644401313,644401211,0.0022114334,0.008864071,-0.01971053
644405081,644404980,0.0031801844,0.006956482,-0.020288795
644408788,644408687,0.0030260098,0.01641139,-0.029158982
644412530,644412437,0.0019740919,0.0074654403,-0.04504807
644416301,644416210,0.0011232451,0.018590555,-0.027998962
644418788,644418687,-0.00053354196,0.012123557,-0.028664846
644422538,644422437,0.002079614,0.024134723,-0.015312634
644426288,644426188,0.0018105442,0.01411906,-0.01963674
644430090,644429979,-0.00015747243,0.012131693,-0.030020734
644433789,644433687,0.0029985928,0.01633002,-0.03921133
644436287,644436188,0.0018589537,0.019397147,-0.03602562
644440077,644439978,0.004461818,0.019378461,-0.012377955
644443789,644443687,0.00082580297,0.019259853,-0.014142761
644447531,644447437,-0.0010503669,0.018088572,-0.028287
644451290,644451188,-0.0021654184,0.016598817,-0.039866395
644453790,644453687,-0.00029930286,0.020486234,-0.04062935
644457538,644457437,0.0032856783,0.0098018255,-0.02621207
644461312,644461211,0.0058573624,0.01288844,-0.018075677
644465089,644464980,0.009138005,0.017163979,-0.018608121
644468789,644468687,-0.002107089,0.021520127,-0.022592593
644471289,644471188,0.006035324,0.022672892,-0.022764703
644475081,644474980,0.0021337336,0.021475857,-0.0427751
644478779,644478687,0.009284392,0.019983418,-0.029488614
644482538,644482437,0.009208499,0.026079813,-0.01913241
644486289,644486187,0.006094233,0.02737311,-0.022927476
644488786,644488687,0.011044559,0.020495245,-0.02214225
644492539,644492438,0.0041614682,0.023252826,-0.026040342
644496283,644496188,0.0111986445,0.022627875,-0.02982177
644500076,644499978,0.003966062,0.037262697,-0.04778793
644503789,644503687,0.012235917,0.027592404,-0.025244957
644506312,644506210,0.0051574046,0.031089682,-0.02058603
644510083,644509980,0.009331197,0.021451058,-0.020430697
644513789,644513687,0.007396311,0.030814247,-0.039000224
644517538,644517437,0.0082211485,0.021955121,-0.02832711
644521312,644521211,0.015417642,0.022056177,-0.034260612
644523789,644523687,0.005965176,0.024544206,-0.01924345
644527529,644527437,0.008311311,0.02791172,-0.034466606
644531282,644531188,0.0017146005,0.025117835,-0.012452414
644535081,644534979,0.006957606,0.01838503,-0.029032093
644538788,644538687,0.0034886142,0.03072568,-0.035171613
644541289,644541188,0.010998809,0.023309968,-0.02819901
644545079,644544979,0.006056573,0.02817479,-0.030237515
644548787,644548687,0.0045720013,0.022997137,-0.02135256
644552539,644552438,0.0056116073,0.032261305,-0.04090225
644556290,644556188,-0.001353817,0.03365556,-0.01729067
644558787,644558687,0.009906116,0.024334032,-0.040482238
644562539,644562438,-0.0014320742,0.026826672,-0.02081463
644566302,644566210,0.006439545,0.0155891795,-0.038252074
644570083,644569981,0.001870713,0.03397371,-0.016907968
644573790,644573687,0.0042828824,0.023237564,-0.019358527
644576289,644576188,-0.00072499167,0.028340498,-0.017959611
644580089,644579980,0.00569366,0.021520719,-0.022430088
644583789,644583687,0.0054955445,0.032496326,-0.041326758
644587537,644587437,0.0028936712,0.029032867,-0.005792656
644591292,644591188,0.005286362,0.015117113,-0.03831851
644593788,644593687,0.000946074,0.025482692,-0.014064776
644597532,644597438,-0.0032943208,0.025337368,-0.0450317
644601289,644601188,-0.0032554877,0.028550021,-0.01781599
644605079,644604978,-0.0028340325,0.023959788,-0.03153883
644608787,644608687,-0.002644881,0.025421217,-0.027520385
644611312,644611211,-0.0011888772,0.027966622,-0.03392353
644615092,644614980,-0.0015791281,0.023909464,-0.031263325
644618788,644618687,-0.0033979383,0.029904082,-0.02346933
644622537,644622437,-0.009202645,0.018758176,-0.031007556
644626311,644626210,-0.005314428,0.028700326,-0.02567464
644628788,644628687,-0.002165863,0.017850405,-0.030749539
644632538,644632437,0.00030624497,0.019709257,-0.023168556
644636288,644636187,-0.0015751852,0.0070262305,-0.028301468
644640081,644639980,-0.0031388483,0.027504437,-0.020567406
644643789,644643687,0.00037367793,0.022260332,-0.023533167
644646281,644646188,-0.0018173853,0.024228346,-0.01724714
644650080,644649979,0.0013074366,0.016540796,-0.028219404
644653788,644653687,-0.0045901774,0.016740784,-0.028837677
644657539,644657438,0.0018648645,0.02227305,-0.023849089
644661282,644661188,-0.0026523066,0.018796705,-0.028858399
644663789,644663687,0.0023690234,0.018485399,-0.02792514
644667538,644667437,-0.0020659186,0.016227767,-0.020011885
644671311,644671210,-0.000641862,0.01892091,-0.017198956
644675083,644674979,0.0015907848,0.018926097,-0.03295455
644678788,644678687,-0.001889549,0.018869232,-0.019527022
644681282,644681188,0.0028945974,0.02100573,-0.022715537
644685081,644684980,-7.056007e-05,0.022675341,-0.012113584
644688787,644688687,0.005959377,0.021658357,-0.029983005
644692539,644692437,-0.0004191911,0.019111754,-0.019664412
644696285,644696188,0.0024727725,0.023568835,-0.023775648
644698786,644698687,-0.00081160024,0.023765232,-0.020835483
644702539,644702438,0.004108356,0.020119399,-0.021985615
644706292,644706188,0.008461281,0.017550925,-0.018752815
644710079,644709979,0.0038796405,0.027523402,-0.004074547
644713789,644713686,0.009119881,0.025199013,-0.023365224
644716312,644716211,0.004327204,0.03329014,-0.022272425
644720084,644719982,0.015290714,0.0066068275,-0.030141644
644723788,644723687,0.007842495,0.020196639,-0.020292385
644727532,644727438,0.010152081,0.019937223,-0.021849278
644731304,644731211,0.013054795,0.024844488,-0.019688666
644733788,644733687,0.0084334565,0.016813112,-0.014972586
644737537,644737437,0.014197239,0.01698245,-0.024238342
644741292,644741188,0.009071345,0.018514642,-0.027290883
644745088,644744980,0.017106956,0.015076737,-0.031720784
644748787,644748687,0.006509949,0.018080402,-0.017734015
644751288,644751188,0.01371995,0.012051404,-0.027590584
644755077,644754978,0.006384283,0.020717114,-0.016545735
644758787,644758687,0.0134579465,0.011635837,-0.013690557
644762534,644762438,0.011613819,0.017502885,-0.015963323
644766288,644766188,0.005102756,0.015463354,-0.030985637
644768787,644768687,0.013076562,0.013639051,-0.027027814
644772537,644772437,0.006370703,0.008560777,-0.0087270625
644776310,644776210,0.0139307855,0.004070802,-0.018485114
644780096,644779982,0.004794878,0.018394006,-0.020698493
644783792,644783687,0.0070420853,0.0076111583,-0.019910324
644786287,644786187,0.0025285964,0.023398705,-0.014587985
644790081,644789980,0.007906909,0.0016430347,-0.021722598
644793781,644793687,0.007297056,0.012800357,-0.031093406
644797537,644797437,0.001696335,0.012060823,-0.0053025503
644801294,644801189,0.006848421,0.017089888,-0.023136346
644803789,644803687,-9.0715395e-05,0.01416599,-0.014540157
644807542,644807440,0.0044719367,0.011779918,-0.036062572
644811281,644811188,-0.0034781406,0.01593213,-0.004896105
644815081,644814980,0.0034639572,0.0072865547,-0.02481279
644818787,644818687,-0.0014954993,0.020637345,-0.013237441
644821312,644821211,0.0052895974,0.008374316,-0.022935845
644825081,644824980,-0.0022454846,0.021122599,0.001233776
644828787,644828687,0.0039905016,0.009746566,-0.0259871
644832538,644832437,0.00015956574,0.01889869,-0.03362898
644836310,644836210,-0.002152253,0.013641757,-0.0025513945
644838788,644838687,-0.0008745658,0.026900236,-0.0134712085
644842538,644842437,0.00036097094,0.022736471,-0.0071165077
644846281,644846188,0.0070144357,0.020679139,-0.030581811
644850080,644849980,-0.0043211873,0.026748233,0.0003712022
644853790,644853688,-0.004111867,0.020811718,-0.030598866
644856288,644856188,-0.0047196816,0.030793017,-0.013940771
644860077,644859978,0.0020944055,0.017341759,-0.021377293
644863788,644863687,0.0015364045,0.022660391,0.004203278
644867538,644867437,0.0016966282,0.026810486,-0.016539047
644871290,644871188,0.00012871188,0.027322847,-0.03390645
644873790,644873687,0.002842836,0.028593205,-0.01707116
644877530,644877437,0.0005637173,0.017578186,-0.020334037
644881305,644881211,0.0008820196,0.024369562,-0.0009696011
644885084,644884982,0.003116407,0.015647085,-0.022770746
644888788,644888687,0.0006147905,0.02680859,-0.0044562183
644891292,644891188,0.0036951862,0.017996551,-0.03689418
644895089,644894980,0.003614469,0.024927402,-0.013579548
644898787,644898687,0.004959734,0.01913649,-0.009474562
644902537,644902437,0.00031093622,0.029713146,0.0048126034
644906293,644906188,0.0027594224,0.02522786,-0.012941841
644908787,644908687,0.00016204726,0.025904229,-0.024006084
644912532,644912438,0.0042464905,0.021985613,-0.022994587
644916292,644916187,0.0011291772,0.024826402,-0.015923455
644920078,644919979,0.0018180442,0.024923936,0.004500184
644923789,644923687,0.0022867667,0.02046083,-0.011250245
644926310,644926210,0.0018596441,0.023424089,0.006418796
644930092,644929980,-0.00072849257,0.02396621,-0.03244881
644933789,644933687,0.0016631602,0.024458315,-0.024932267
644937537,644937437,0.0029159083,0.023483152,-0.019604024
644941312,644941211,-0.0034517383,0.019166503,0.007897017
644943781,644943687,-0.00056574086,0.026303573,-0.0055221342
644947537,644947437,0.0004136573,0.01776172,-0.014844585
644951290,644951189,0.0065309075,0.025831474,-0.014652211
644955082,644954980,-0.004129574,0.021032412,-0.019981023
644958788,644958687,0.00070715597,0.019357264,-0.015497059
644961282,644961188,-0.0033092403,0.01774763,-0.013888844
644965076,644964978,0.0017109786,0.011590703,0.007161341
644968786,644968687,-0.000809649,0.017129967,-0.011879194
644972538,644972437,-0.00053065526,0.01412394,-0.025116606
644976280,644976188,0.0041211024,0.01568487,-0.014091833
644978789,644978687,0.002676177,0.010871019,0.0054794415
644982539,644982437,0.0030989994,0.020212803,-0.010499506
644986308,644986210,-0.0015954473,0.01289635,-0.014626715
644990083,644989979,0.004454791,0.018748768,-0.0031342395
644993781,644993687,-0.0031592604,0.017658653,-0.010836947
644996285,644996188,0.0030874675,0.016910583,-0.018207109
645000081,644999980,-0.002130485,0.01928876,-0.016777204
645003792,645003687,0.00027205597,0.009835434,0.006103949
645007539,645007437,0.0012302512,0.019113827,-0.013344032
645011282,645011189,0.0020875495,0.010782583,-0.017615443
645013787,645013687,0.0042023035,0.022303754,-0.018034356
645017538,645017437,5.727423e-05,0.016567713,0.00054095103
645021288,645021188,0.004049321,0.028256316,-0.014347681
645025079,645024979,-0.0043034283,0.02497998,-0.011909919
645028787,645028687,0.0071158675,0.015201052,-0.0022669046
645031305,645031211,-0.0042682714,0.01930716,0.0031523688
645035081,645034979,0.004204025,0.014883495,-0.022312487
645038787,645038687,-0.0007780519,0.029523188,-0.015711637
645042531,645042437,0.0048372615,0.02017429,-0.005148433
645046303,645046210,0.000680794,0.033738874,0.000708667
645048787,645048687,0.0015673629,0.013440493,-0.01026619
645052537,645052437,-0.0029776117,0.02465014,-0.006306041
645056288,645056188,-0.0036632149,0.010892296,-0.008002739
645060083,645059979,0.005225242,0.020709334,-0.016235827
645063789,645063687,0.0009714899,0.016689667,-0.011333771
645066287,645066187,0.008576925,0.018156914,-0.00022116912
645070078,645069978,0.00078256265,0.019955648,0.0054493826
645073788,645073687,0.0073399125,0.015553369,-0.016897442
645077532,645077437,0.0008778748,0.026732763,-0.014155001
645081281,645081188,0.0054245396,0.0075544477,-0.011604691
645083789,645083687,-0.00038308767,0.023180282,-0.0021890444
645087538,645087437,0.002987192,0.00991821,-0.012554796
645091312,645091211,0.0054423558,0.020459829,0.005607527
645095091,645094980,-0.0007775644,0.008872751,-0.004952247
645098788,645098687,0.00360408,0.013523927,-0.015441435
645101293,645101188,-0.0006983746,0.009991002,-0.029302957
645105082,645104980,0.0045860093,0.014153808,0.00033672582
645108789,645108687,0.0022242814,0.010707563,0.0010454364
645112538,645112437,0.0024322113,0.006926474,-0.0054343995
645116289,645116187,0.0031735417,0.016924588,-0.006610753
645118786,645118687,0.0068510515,0.0068754735,-0.0027327558
645122539,645122438,0.0033701372,0.019348744,-0.008991353
645126281,645126187,0.0033197403,0.0065694884,-0.02397097
645130076,645129978,0.0067293113,0.022141635,0.0074660205
645133787,645133687,0.003158194,0.01614056,0.004851584
645136310,645136210,0.0053844834,0.02388688,0.004291993
645140081,645139980,-0.005469894,0.01633864,-0.032590397
645143789,645143687,0.0036339862,0.018508086,-0.0072349287
645147537,645147437,0.0015619664,0.021864872,-0.0024863256
645151312,645151211,0.0036551445,0.014705552,-0.0041610273
645153789,645153687,0.0015307307,0.022311054,-0.010436469
645157537,645157437,-9.679277e-05,0.0118365055,-0.00017809015
645161287,645161189,-0.0025876814,0.025686944,-0.009333024
645165082,645164980,-0.0015880506,0.011981354,-0.017418742
645168788,645168687,0.0033338724,0.018597564,0.0039029683
645171289,645171188,-0.0027674653,0.013220492,0.006333896
645175078,645174977,0.0009843407,0.022388594,0.0018805851
645178789,645178687,0.00027972442,0.019029759,-0.020455372
645182539,645182438,0.005939585,0.022466656,0.0071445927
645186288,645186188,0.003398419,0.021949945,-0.0064945533
645188787,645188687,0.0020423115,0.02611008,-0.00019571716
645192533,645192438,0.0011061755,0.022458952,-0.02258156
645196302,645196210,0.0013535584,0.020917725,0.006795097
645200082,645199979,0.00314837,0.026066022,0.00031844946
645203790,645203688,0.0025082862,0.018538015,-0.017918384
645206292,645206188,0.005050432,0.02295657,-0.006691474
645210088,645209980,-0.00039538517,0.017807445,-0.0053754365
645213788,645213687,0.0054042414,0.023502897,-0.0015367083
645217537,645217437,-0.0023501823,0.020629838,-0.021696296
645221289,645221188,0.00052401,0.016330332,0.011142175
645223788,645223687,-0.0027593425,0.01754467,-0.008200889
645227532,645227438,-0.00053395104,0.016770687,0.0018953055
645231288,645231188,0.0027819548,0.015460937,-0.017596606
645235078,645234978,-0.00024168882,0.009472767,0.0142593
645238788,645238687,0.0012274612,0.015334868,-0.008038327
645241313,645241211,-0.004688532,0.017908607,-0.005726678
645245089,645244980,0.0015818183,0.01792458,-0.0103947725
645248787,645248687,-0.0029621024,0.00829684,0.0037777768
645252538,645252437,0.0075602764,0.007855889,0.0031780917
645256310,645256210,0.0017854876,0.011855865,-0.016867004
645258780,645258687,0.01017972,0.014128633,0.0026498938
645262537,645262437,0.0002971099,0.018236255,-0.00689367
645266289,645266188,0.006251627,0.011347617,-0.0025085295
645270082,645269980,0.0038822682,0.016180096,-0.016148094
645273790,645273687,0.0006645494,0.009753818,0.0066226064
645276281,645276187,0.0021566295,0.01972831,-0.006112671
645280078,645279979,0.0028530564,0.011297915,-0.0012072901
645283789,645283687,0.00999207,0.015249718,-0.011032776
645287539,645287437,-0.0031383825,0.017605446,0.0012342803
645291289,645291188,0.006296187,0.015168396,-0.0043513477
645293788,645293687,-0.0022206018,0.0142133655,-0.0018249219
645297537,645297437,0.009288494,0.01205101,0.0050193993
645301312,645301211,0.0021510152,0.016691921,-0.0028164717
645305080,645304978,0.00591539,0.008359151,-0.0051170024
645308780,645308687,0.0036776306,0.01797087,-0.008841985
645311284,645311188,0.003898444,0.013402739,0.0043449905
645315081,645314980,1.5460959e-05,0.020658713,-0.0036071714
645318789,645318687,4.0643085e-05,0.009891084,-0.0027548608
645322538,645322437,0.0038980534,0.013319297,-0.0032236674
645326281,645326188,-0.0057702786,0.013035815,-0.00050654553
645328786,645328687,0.002419591,0.020767437,-0.008757283
645332540,645332438,0.00011524272,0.015674677,-0.009608231
645336289,645336188,0.0085043395,0.013501737,-0.0004957873
645340077,645339978,-0.0024544606,0.020569842,0.0046267654
645343789,645343688,0.0017887608,0.020078965,-0.013998415
645346302,645346210,-0.0029348836,0.027921643,-0.0028948544
645350082,645349980,0.002854706,0.008492739,-0.00563857
645353791,645353688,0.0030854288,0.014930081,-6.141587e-05
645357538,645357437,0.0047468324,0.022430798,-0.01087309
645361304,645361211,0.005364421,0.02017388,0.0056657884
645363788,645363687,0.0019653658,0.017939048,-0.00405695
645367537,645367437,0.0022284244,0.016777975,0.00658459
645371291,645371190,0.0037115745,0.023678634,-0.006578253
645375082,645374980,0.0068532866,0.017752284,0.0046908436
645378788,645378687,0.004386456,0.0210134,-0.006031446
645381289,645381188,0.005249253,0.015161709,-0.0026670992
645385077,645384978,0.0055543547,0.024052335,-0.0043096337
645388786,645388687,0.008589757,0.020556223,-0.0005452116
645392531,645392438,0.009193432,0.023394223,0.010661349
645396281,645396188,0.006382442,0.01957639,-0.020078832
645398788,645398687,0.0076546306,0.022671605,-0.001044839
645402540,645402438,0.0060857916,0.02430613,-0.013936688
645406314,645406210,0.009443688,0.02267121,0.008753596
645410089,645409980,0.00808382,0.026532635,-0.010588933
645413789,645413687,0.012102579,0.028270386,0.008585961
645416291,645416187,0.009267162,0.033336904,-0.008177644
645420082,645419979,0.0078514945,0.019895742,0.007327879
645423789,645423687,0.008051161,0.022036564,-0.004631156
645427537,645427437,0.0074149137,0.023950953,-0.0031159897
645431291,645431188,0.010159233,0.027853847,0.009183794
645433788,645433687,0.006347156,0.02768665,-0.0023106171
645437540,645437437,0.008342529,0.025868038,0.00706234
645441282,645441188,0.0060658334,0.024419833,-0.0066023003
645445084,645444978,0.005896245,0.029173005,0.012724289
645448787,645448687,0.008697614,0.025797771,-0.008423824
645451315,645451211,0.008803405,0.025713187,0.008715781
645455080,645454979,0.0071808686,0.019603424,-0.0087458715
645458779,645458687,0.009086766,0.031668417,0.0037249848
645462538,645462437,0.010337041,0.030038383,-0.0017903162
645466309,645466210,0.006962452,0.03211853,-0.00859498
645468787,645468687,0.009826674,0.024336329,-0.0024521705
645472538,645472437,0.008225909,0.02663424,-0.006170268
645476281,645476188,0.009848095,0.022577,0.015436559
645480081,645479980,0.0097620115,0.030379236,-0.014570589
645483789,645483687,0.007479223,0.03080193,0.0009899631
645486289,645486188,0.0087069245,0.0318443,-0.015878445
645490079,645489979,0.009985671,0.021227095,0.01499713
645493788,645493687,0.012614512,0.022810519,-0.0012666468
645497544,645497438,0.008970293,0.033023883,0.0059264647
645501289,645501188,0.011974008,0.019828694,-0.00046904772
645503792,645503687,0.010167393,0.032084744,-0.0047265748
645507539,645507437,0.012556221,0.013248241,-0.0016168329
645511304,645511211,0.007385819,0.025334934,0.0043983986
645515081,645514979,0.010065324,0.014789642,0.01879698
645518789,645518687,0.010151233,0.030934323,-0.013225308
645521288,645521188,0.008325569,0.023597976,-0.00013955992
645525081,645524980,0.008035375,0.029713789,-0.01519756
645528787,645528687,0.0068061887,0.0215738,0.010666942
645532538,645532437,0.0071556647,0.025424473,-0.0016082006
645536289,645536188,0.0026787904,0.029655633,0.0036080554
645538786,645538687,0.0055415663,0.028521689,-0.0038880906
645542532,645542438,0.004449489,0.029960953,-2.0976639e-05
645546282,645546188,0.009590818,0.023804272,-0.0074058506
645550078,645549978,0.00040880308,0.032969564,0.0025433113
645553789,645553687,0.0025141293,0.028553147,-0.0010956373
645556310,645556210,0.0003925562,0.030899193,0.00744766
645560089,645559980,0.008667841,0.026379587,-0.0083948355
645563789,645563688,0.008132366,0.029020503,0.002693575
645567538,645567437,0.0051604067,0.02932934,0.0005929819
645571312,645571211,0.0034190842,0.027873168,-0.004291595
645573789,645573687,0.007958579,0.031591382,-0.008021663
645577537,645577437,0.008452723,0.021044515,0.0060981913
645581292,645581190,0.01122089,0.030557793,0.0014228729
645585082,645584979,0.0095902905,0.027418377,-0.005460712
645588787,645588687,0.008251763,0.022479037,0.0018921562
645591282,645591188,0.0054218858,0.020523444,0.0022224225
645595077,645594978,0.009454582,0.022753624,0.0053286254
645598786,645598687,0.015401418,0.0313993,-0.0124918325
645602540,645602438,0.0127765965,0.024548693,0.016913343
645606292,645606188,0.017194409,0.033283688,-0.009612096
645608788,645608687,0.007040466,0.023304598,0.009517878
645612540,645612437,0.012826273,0.027893817,-0.021172745
645616310,645616210,0.008876729,0.018196233,0.011119603
645620081,645619980,0.017446607,0.037961543,-0.0034595148
645623791,645623690,0.009698311,0.029544681,-0.0035789113
645626281,645626188,0.017494118,0.035622828,-0.016830295
645630081,645629980,0.0046446556,0.026372902,0.0074884105
645633788,645633687,0.009548304,0.028332574,0.0041002906
645637537,645637437,0.007384028,0.03324184,-0.004528537
645641281,645641188,0.0077812704,0.025748229,0.0011527208
645643788,645643687,0.008827287,0.03307219,-0.0051750704
645647539,645647438,0.004101866,0.025673412,0.0020926578
645651289,645651188,0.0066270777,0.03727655,-0.0072120125
645655080,645654979,0.0017155423,0.03210329,0.015154531
645658786,645658687,0.01010311,0.023092682,-0.010738201
645661304,645661211,0.0037216672,0.026404094,-0.0013146161
645665055,645664953,0.011785196,0.021074325,-0.019037548
645668787,645668687,0.009083187,0.035139646,0.0010272517
645672538,645672437,0.010639153,0.027817085,-0.0020836464
645676303,645676210,0.013099914,0.037359327,-0.0048811045
645678787,645678687,0.010911891,0.017502263,-0.0030877523
645682538,645682437,0.01305499,0.026664605,-0.005723819
645686288,645686188,0.01333224,0.02108289,-0.0060744104
645690081,645689980,0.019599084,0.031302292,-0.010794224
645693788,645693687,0.014558635,0.030521892,-0.0009799125
645696288,645696188,0.02078964,0.029931942,-0.0035044525
645700079,645699979,0.011758474,0.028806472,-0.0010345429
645703789,645703687,0.017930595,0.02272542,-0.002878215
645707531,645707437,0.017582979,0.041009776,-0.0014299889
645711281,645711188,0.017254742,0.022221347,-0.0071870806
645713788,645713687,0.017651724,0.041410357,-0.0052280677
645717538,645717438,0.013561068,0.024155112,-0.0053212065
645721312,645721211,0.013215664,0.040239237,-0.0031496708
645725088,645724980,0.006956551,0.025643012,-0.0062409346
645728789,645728688,0.018033063,0.023432508,-0.011990096
645731289,645731188,0.012806643,0.019121867,-0.0028411222
645735081,645734980,0.017275881,0.025071306,-0.0038973335
645738787,645738687,0.0070656897,0.03217313,-0.010848781
645742542,645742437,0.00711976,0.02031225,-0.017607244
645746289,645746188,0.008256918,0.034654345,-0.0027189697
645748787,645748687,0.009711617,0.014692702,-0.003840151
645752540,645752438,0.011554759,0.017582452,-0.009738385
645756288,645756188,0.012020253,0.010377506,-0.012208897
645760083,645759978,0.012923765,0.028141387,-0.010265386
645763789,645763687,0.010913582,0.024220932,-0.0121043855
645766310,645766210,0.01219992,0.025529843,-0.0132203745
645770083,645769980,0.00887127,0.017668128,-0.014569555
645773782,645773688,0.006437536,0.016596733,-0.00046402682
645777537,645777437,0.009427802,0.027168313,-0.011828522
645781312,645781211,0.0071913768,0.019360878,-0.014047113
645783788,645783688,0.009155331,0.024416436,-0.01883985
645787537,645787437,0.0029088904,0.019770015,-0.010655383
645791285,645791188,0.0060257,0.02497848,-0.013178912
645795081,645794980,0.0006968843,0.021254899,-0.016606579
645798788,645798687,-0.0037271718,0.013166309,-0.019430777
645801290,645801188,-0.0075331656,0.016107028,-0.028659305
645805080,645804980,-0.0055078873,0.0140348505,-0.027723394
645808788,645808687,-0.0027011796,0.009078468,-0.055888653
645812544,645812437,-0.011908081,-0.004664754,-0.05999601
645816290,645816188,-0.012781625,-0.011716687,-0.091096364
645818788,645818687,-0.02121828,-0.018252106,-0.08245787
645822538,645822437,-0.024462752,-0.029518561,-0.09634022
645826302,645826210,-0.0403813,-0.04198178,-0.08227271
645830081,645829980,-0.04459238,-0.060929034,-0.11357682
645833789,645833687,-0.053835325,-0.07240939,-0.12428403
645836288,645836188,-0.06260909,-0.085420355,-0.13379712
645840082,645839980,-0.074531786,-0.10277357,-0.12152941
645843789,645843688,-0.090574,-0.12207626,-0.12838626
645847537,645847437,-0.107423976,-0.13926198,-0.1374827
645851290,645851188,-0.12417909,-0.15625297,-0.13216564
645853789,645853687,-0.13405989,-0.17234352,-0.14019817
645857532,645857438,-0.15275955,-0.18799639,-0.15861684
645861281,645861188,-0.1686195,-0.20795432,-0.16835314
645865077,645864978,-0.18751521,-0.21554403,-0.16074772
645868786,645868687,-0.20305088,-0.2420051,-0.17065455
645871312,645871211,-0.21273948,-0.24283202,-0.17684655
645875091,645874983,-0.23547658,-0.2643246,-0.19968264
645878786,645878687,-0.24998151,-0.27116993,-0.19107482
645882540,645882437,-0.27119422,-0.29427308,-0.20694633
645886310,645886210,-0.28135544,-0.30058187,-0.18910907
645888787,645888687,-0.30021125,-0.30903175,-0.19548541
645892538,645892437,-0.3221995,-0.32724646,-0.19798896
645896291,645896187,-0.325301,-0.3219397,-0.2249747
645900081,645899980,-0.34704468,-0.34591407,-0.22292435
645903790,645903687,-0.36059347,-0.3498551,-0.2320862
645906292,645906188,-0.3687933,-0.35594973,-0.22258624
645910087,645909979,-0.37685806,-0.3655126,-0.23925444
645913787,645913687,-0.3958629,-0.37433872,-0.24290457
645917538,645917437,-0.4080247,-0.39158687,-0.2583863
645921289,645921188,-0.41720885,-0.37418506,-0.2773713
645923781,645923687,-0.4162214,-0.39776465,-0.2807154
645927537,645927437,-0.4349393,-0.39620635,-0.27218106
645931311,645931211,-0.44424766,-0.40026447,-0.28919753
645935081,645934980,-0.44837165,-0.40510422,-0.28381225
645938789,645938687,-0.46172777,-0.40777054,-0.2864961
645941285,645941188,-0.46396384,-0.41725266,-0.2657063
645945081,645944980,-0.4775626,-0.42080286,-0.2898736
645948788,645948687,-0.49544555,-0.4234745,-0.28759924
645952538,645952437,-0.50469446,-0.42700225,-0.2870987
645956281,645956188,-0.5142114,-0.43039197,-0.28557476
645958786,645958687,-0.5297689,-0.4376146,-0.2835674
645962539,645962438,-0.5432886,-0.43161356,-0.29662988
645966288,645966188,-0.5502674,-0.43611774,-0.2773751
645970080,645969979,-0.57311237,-0.439295,-0.29179716
645973781,645973687,-0.5852536,-0.45149007,-0.299271
645976302,645976210,-0.59076184,-0.43991005,-0.3001316
645980084,645979979,-0.6103372,-0.4498625,-0.28487244
645983789,645983688,-0.6310241,-0.43954664,-0.28806487
645987538,645987437,-0.6519508,-0.45906758,-0.29682952
645991312,645991211,-0.6553829,-0.44747347,-0.2791108
645993789,645993687,-0.6766349,-0.4477795,-0.2908394
645997537,645997437,-0.69655484,-0.4546706,-0.28991
646001295,646001189,-0.7038957,-0.44251123,-0.2879778
646005082,646004980,-0.72562575,-0.44902772,-0.28477085
646008790,646008687,-0.7422605,-0.451904,-0.28137577
646011281,646011187,-0.7524305,-0.4477738,-0.29161048
646015078,646014979,-0.7692534,-0.44546247,-0.2903243
646018787,646018687,-0.794942,-0.44576657,-0.27488652
646022539,646022438,-0.81700563,-0.4387476,-0.28311646
646026282,646026188,-0.82192445,-0.44309267,-0.2774305
646028792,646028687,-0.8392238,-0.43980324,-0.2832499
646032542,646032437,-0.84597385,-0.43759182,-0.28442252
646036311,646036210,-0.85370344,-0.43678302,-0.29917502
646040084,646039983,-0.86049587,-0.43151566,-0.26416975
646043790,646043687,-0.866064,-0.43134138,-0.2746055
646046288,646046188,-0.87166935,-0.42175418,-0.2792937
646050081,646049980,-0.8767951,-0.4269092,-0.28785798
646053789,646053687,-0.882501,-0.42970487,-0.28253564
646057537,646057437,-0.8924118,-0.41485184,-0.2633515
646061290,646061188,-0.8945863,-0.40994203,-0.26600066
646063792,646063687,-0.9003961,-0.4142233,-0.26880392
646067538,646067437,-0.9056354,-0.41015086,-0.2687739
646071290,646071188,-0.9121569,-0.40572822,-0.2714688
646075086,646074979,-0.9204934,-0.39911622,-0.28963938
646078787,646078687,-0.9214413,-0.39099172,-0.24923839
646081311,646081211,-0.9276682,-0.39199117,-0.24605955
646085081,646084980,-0.9322569,-0.3868488,-0.25120714
646088788,646088687,-0.9378214,-0.3841446,-0.24747503
646092538,646092437,-0.9441789,-0.37728634,-0.2615834
646096310,646096210,-0.94627815,-0.38124403,-0.26467133
646098791,646098687,-0.9503096,-0.37764665,-0.24200627
646102538,646102437,-0.95344526,-0.3630884,-0.23965624
646106285,646106188,-0.95761436,-0.3568618,-0.23654403
646110089,646109980,-0.96401256,-0.36297134,-0.24097013
646113788,646113687,-0.9645022,-0.36606392,-0.24682055
646116288,646116188,-0.9667844,-0.35846612,-0.24936058
646120078,646119979,-0.97002625,-0.33756858,-0.22109039
646123788,646123687,-0.973561,-0.344886,-0.23305726
646127540,646127437,-0.9745535,-0.3523487,-0.23305437
646131288,646131188,-0.97543836,-0.3405434,-0.23333089
646133791,646133688,-0.9776354,-0.33278206,-0.23097342
646137537,646137437,-0.9781346,-0.32868832,-0.215603
646141317,646141212,-0.9815504,-0.33370158,-0.21249183
646145089,646144980,-0.9804591,-0.32815313,-0.21888356
646148787,646148687,-0.9814624,-0.31064156,-0.21966943
646151291,646151190,-0.9856879,-0.3217012,-0.22023866
646155081,646154980,-0.97173625,-0.35629526,-0.33547837
646158788,646158687,-1.0389495,-0.0027893095,-0.42202628
646162537,646162437,-1.1710773,-0.072817914,-0.9680837
646166289,646166188,-0.8276784,-0.9064962,-1.0601621
646168788,646168687,-0.94502926,-0.45567995,-2.8334787
646172533,646172438,-1.5122641,-0.63576317,-1.7185106
646176280,646176187,-1.3677126,-0.11546186,-0.5140451
646180080,646179979,-1.1617458,0.37846297,-0.48641315
646183790,646183687,-1.127719,0.56234133,-0.78991663
646186310,646186210,-0.99659246,0.42851236,-0.7516679
646190089,646189979,-1.0274582,0.08531282,-1.0495132
646193789,646193687,-0.9028212,0.20346779,-0.8546656
646197538,646197437,-0.9283962,0.7056588,-0.114293896
646201314,646201211,-0.7643916,1.1423671,0.07949028
646203788,646203687,-0.714272,1.2891569,0.24029948
646207539,646207437,-0.5956863,1.2086091,0.19922945
646211293,646211188,-0.53696346,0.9886841,0.22188804
646215081,646214980,-0.5193838,0.76914877,0.132565
646218788,646218687,-0.5344812,0.9534625,-0.31605
646221289,646221188,-0.65794,1.0176927,-0.53609514
646225084,646224978,-0.77444464,0.7194727,-0.892924
646228792,646228690,-0.8173748,0.26782995,-0.8121569
646232539,646232438,-0.8634481,0.28194317,-0.79701453
646236288,646236188,-1.0259242,0.36167747,-0.92705834
646238780,646238687,-1.0271732,0.26889548,-0.8901621
646242537,646242437,-1.0478357,0.1502386,-0.6682253
646246310,646246210,-1.0536102,0.16998589,-0.5978639
646250083,646249980,-1.1122822,0.13138853,-0.58437616
646253790,646253688,-1.1092495,0.11040732,-0.5889986
646256282,646256188,-1.1060239,0.14365593,-0.63633925
646260082,646259980,-1.0063521,0.12773201,-0.6508859
646263788,646263687,-1.0255524,0.14502849,-0.66879785
646267538,646267437,-1.0213226,0.102378845,-0.6797923
646271293,646271188,-1.0477377,0.20202717,-0.6605776
646273789,646273687,-1.0337903,0.18581718,-0.75422823
646277538,646277438,-1.0149481,0.16360277,-0.932986
646281289,646281188,-1.0455096,0.101339206,-0.9414185
646285076,646284978,-1.0650127,0.20567106,-1.0157224
646288780,646288687,-1.1194098,0.29035765,-1.1442301
646291303,646291210,-1.1097106,0.3065967,-1.0849453
646295088,646294980,-1.0400738,0.45673984,-0.85872245
646298787,646298687,-1.0472456,0.4284923,-0.6543219
646302537,646302437,-1.075644,0.38909703,-0.49171057
646306312,646306210,-1.0952885,0.4699827,-0.40897667
646308790,646308687,-1.0620401,0.5334201,-0.38089883
646312538,646312437,-1.0636693,0.5968787,-0.23372638
646316291,646316187,-1.0762949,0.6367255,-0.1474258
646320081,646319980,-1.0821213,0.5853227,0.01681201
646323788,646323687,-1.0775561,0.55555606,0.04757273
646326282,646326188,-1.0888169,0.5041293,0.07210062
646330077,646329978,-1.0982809,0.41947165,0.12003991
646333789,646333687,-1.0984224,0.4312464,-0.0016487176
646337543,646337437,-1.1022096,0.40372565,-0.13466708
646341281,646341188,-1.1145992,0.42736465,-0.23842514
646343790,646343688,-1.1267878,0.46977928,-0.2994741
646347537,646347437,-1.1448585,0.47590294,-0.42933264
646351311,646351211,-1.1584111,0.38833743,-0.5078075
646355083,646354979,-1.1581899,0.39666352,-0.5249109
646358789,646358687,-1.1427661,0.4294675,-0.57033646
646361297,646361188,-1.1305001,0.45074037,-0.62389237
646365081,646364980,-1.122312,0.44392458,-0.639939
646368787,646368687,-1.112034,0.4408924,-0.62246
646372531,646372437,-1.1069437,0.40569288,-0.5895317
646376282,646376188,-1.0938301,0.4095677,-0.5578969
646378787,646378687,-1.0787437,0.4206613,-0.58471435
646382540,646382438,-0.29894978,0.44762424,-0.15605119
646386288,646386188,-0.26428246,0.46551833,-0.118126854
646390084,646389978,-0.23133084,0.48742884,-0.0143277645
646393788,646393687,-0.20182434,0.4995193,0.0821289
646396310,646396210,-0.18535434,0.49313802,0.093631946
646400084,646399980,-0.18040758,0.49004564,0.16365512
646403788,646403687,-0.1873202,0.5342853,0.094775155
646407539,646407437,-0.21642415,0.5569164,0.11549058
646411314,646411211,-0.25324115,0.5455597,0.13213484
646413788,646413687,-0.28919786,0.52792203,0.063554436
646417538,646417437,-0.34100017,0.515688,-0.029047528
646421290,646421188,-0.37337217,0.4475692,-0.16117537
646425089,646424980,-0.3670717,0.39342326,-0.1536808
646428788,646428687,-0.38442856,0.5016982,-0.13642383
646431289,646431188,-0.38444737,0.546925,-0.20734988
646435079,646434979,-0.35191888,0.5819816,-0.26489243
646438781,646438687,-0.3229294,0.58836925,-0.3204678
646442538,646442437,-0.26404345,0.54824674,-0.38057294
646446289,646446188,-0.19616036,0.4683809,-0.36112213
646448787,646448687,-0.13284387,0.39147288,-0.28110895
646452540,646452438,-0.0388364,0.44214836,-0.19068015
646456312,646456210,0.014090951,0.53023714,-0.115028016
646460076,646459977,0.009706432,0.5711765,-0.04515316
646463788,646463687,-0.02548779,0.49391246,-0.07088191
646466287,646466187,-0.026973952,0.40441796,-0.10258889
646470081,646469980,-0.028195519,0.23997161,-0.14318939
646473788,646473687,-0.03352503,0.15863708,-0.14259914
646477538,646477437,-0.045519788,0.12627341,-0.12309644
646481286,646481187,-0.047533546,0.11572688,-0.057549007
646483788,646483687,-0.07095269,0.06887095,-0.044609368
646487537,646487437,-0.09177789,0.01446174,-0.09106142
646491283,646491189,-0.09530965,0.056176603,-0.1900998
646495079,646494979,-0.039910577,0.07383867,-0.27694473
646498787,646498687,-0.0048133223,0.044926118,-0.25864798
646501311,646501210,0.031116823,0.06441836,-0.17865823
646505077,646504977,0.06910377,0.07791173,-0.08926033
646508787,646508687,0.08474941,0.048153926,-0.09978824
646512541,646512438,0.060743783,0.07300715,-0.09860866
646516310,646516210,0.036535766,0.12519747,-0.09958395
646518787,646518687,0.02922051,0.07881689,-0.13093914
646522539,646522437,0.015207879,0.0598572,-0.09559528
646526278,646526186,0.0602908,0.035584774,0.020632949
646530081,646529980,0.08129802,-0.024660809,-0.017184021
646533790,646533688,0.070340246,0.06859691,-0.09623329
646536288,646536188,0.0033588444,0.10841042,-0.14229855
646540085,646539978,-0.089711584,0.073583685,-0.12873524
646543788,646543687,-0.10081299,0.09767286,0.020441858
646547535,646547436,-0.050810065,0.022385929,-0.0099278195
646551289,646551188,-0.0025083309,0.06938878,-0.094939955
646553788,646553687,0.010347688,0.1755074,-0.21457395
646557540,646557438,0.0095707,0.2709809,-0.311916
646561310,646561210,-0.028774679,0.22679535,-0.23258612
646565078,646564978,-0.068932176,0.1641751,-0.090887345
646568787,646568687,-0.061509326,0.13139334,-0.065912165
646571278,646571186,-0.047649153,0.073396385,-0.0860334
646575091,646574981,0.0104933735,-0.037593473,-0.17534398
646578787,646578687,0.0672775,-0.04325809,-0.22887598
646582539,646582437,0.0898972,-0.105499536,-0.27313852
646586288,646586187,0.08377172,-0.15351062,-0.14818752
646588787,646588687,0.08937415,-0.08256061,-0.0024707506
646592539,646592438,0.08735052,-0.14589389,0.044952493
646596292,646596188,0.078308985,-0.23409724,0.022957476
646600080,646599979,0.08303928,-0.20111139,0.062257312
646603789,646603687,0.082978226,-0.21236816,0.1103398
646606313,646606210,0.096612446,-0.19811355,0.19574979
646610079,646609979,0.10377755,-0.045319296,0.33972186
646613787,646613686,0.08492904,-0.015983026,0.4339397
646617540,646617438,0.08003377,0.04244858,0.5568226
646621312,646621210,0.09155466,0.05489464,0.5837419
646623789,646623688,0.11041544,0.06514013,0.58017516
646627538,646627437,0.16323644,0.13503352,0.68323773
646631284,646631187,0.2127853,0.19817665,0.7443344
646635082,646634980,0.2647365,0.27085644,0.80872995
646638787,646638687,0.32097185,0.28147534,0.83105063
646641288,646641188,0.3581737,0.31033295,0.826123
646645082,646644980,0.40223113,0.33969793,0.9159508
646648787,646648687,0.42572603,0.2924997,0.9612702
646652539,646652438,0.44099686,0.2649339,1.0064029
646656281,646656188,0.44750032,0.25946605,0.97492844
646658786,646658687,0.45411798,0.16034602,0.9151049
646662546,646662438,0.4777438,0.14632002,0.868838
646666313,646666211,0.47928402,0.13979927,0.82806116
646670077,646669978,0.47590527,0.0943882,0.7441079
646673788,646673687,0.47162214,0.1069449,0.6852479
646676287,646676187,0.48104325,0.09727343,0.6049529
646680083,646679980,0.49373874,0.027445722,0.46174407
646683788,646683687,0.5097452,0.05338337,0.299483
646687531,646687437,0.53348327,0.023722049,0.09637719
646691278,646691187,0.53648317,0.04922056,-0.053353406
646693790,646693688,0.5517969,0.07963075,-0.13953623
646697536,646697437,0.563842,0.060560398,-0.25741446
646701289,646701188,0.5715505,0.06116581,-0.21615824
646705088,646704980,0.6002829,0.041711167,-0.1867277
646708788,646708687,0.5976355,0.03775339,-0.24398212
646711311,646711211,0.61620545,0.012342164,-0.28019235
646715079,646714979,0.5995567,-0.046023767,-0.28571412
646718787,646718687,0.59760576,-0.06384555,-0.25545514
646722540,646722438,0.581715,-0.072167404,-0.2134632
646726312,646726211,0.56756115,-0.041462656,-0.19017373
646728788,646728687,0.5660655,-0.023185352,-0.1676089
646732539,646732437,0.570509,-0.0068530687,-0.14864786
646736285,646736186,0.5761919,0.023193283,-0.14634095
646740089,646739980,0.58282244,0.019648843,-0.17119473
646743788,646743687,0.5814962,0.002907982,-0.19905022
646746288,646746188,0.57702214,-0.0019380837,-0.19575776
646750085,646749980,0.56414896,0.006744916,-0.20562991
646753782,646753688,0.5570166,-0.017216276,-0.20011781
646757536,646757437,0.5527064,-0.022666601,-0.16183504
646761294,646761191,0.5556784,-0.030015832,-0.11621646
646763789,646763687,0.5625841,-0.040600818,-0.092252746
646767539,646767438,0.55793375,-0.042649023,-0.044726823
646771312,646771211,0.5531555,-0.0617328,-0.0054511204
646775077,646774978,0.5516819,-0.06008431,0.013035419
646778788,646778687,0.5459007,-0.04444856,0.015592114
646781287,646781187,0.5452581,-0.03419134,0.0083134975
646785081,646784980,0.5533381,-0.020675184,0.051707666
646788787,646788687,0.56126934,-0.006414057,0.07885413
646792540,646792438,0.566584,-0.010494674,0.0923269
646796287,646796187,0.5599503,-0.016528407,0.09380431
646798787,646798687,0.5601522,-0.03152601,0.08705737
646802540,646802438,0.5586276,-0.043808363,0.07811211
646806285,646806188,0.565819,-0.052178416,0.08421153
646810081,646809979,0.56644756,-0.06980302,0.09696271
646813789,646813687,0.56387955,-0.08016617,0.1046434
646816311,646816210,0.56665754,-0.084869266,0.10030971
646820080,646819979,0.56200594,-0.09342284,0.112168886
646823790,646823687,0.55984735,-0.08128678,0.10898733
646827539,646827438,0.5568472,-0.06554046,0.09054401
646831313,646831211,0.55127126,-0.064143844,0.081139
646833789,646833687,0.5455517,-0.06264697,0.09856989
646837531,646837437,0.5385623,-0.07086619,0.08874339
646841279,646841187,0.53495,-0.07221489,0.07573171
646845083,646844982,0.52757865,-0.07725951,0.071137235
646848787,646848687,0.5222723,-0.09548831,0.071493976
646851288,646851188,0.5182891,-0.10167614,0.060619246
646855089,646854980,0.51125306,-0.109326355,0.07342305
646858787,646858687,0.5020164,-0.12317315,0.089024425
646862538,646862437,0.4961507,-0.13264802,0.08863758
646866288,646866188,0.48957878,-0.13868761,0.0872595
646868787,646868687,0.48041326,-0.14332666,0.09834556
646872544,646872438,0.47237772,-0.13778019,0.114958905
646876312,646876211,0.46619362,-0.1338529,0.121003285
646880080,646879979,0.46296126,-0.13886516,0.12013777
646883788,646883687,0.4554495,-0.13295065,0.12731731
646886278,646886187,0.45260328,-0.13131878,0.118772
646890093,646889980,0.44118506,-0.13844037,0.14062749
646893789,646893688,0.4401887,-0.14642446,0.11567376
646897538,646897437,0.43625706,-0.15205787,0.08574654
646901286,646901186,0.42353487,-0.15123953,0.09811203
646903782,646903687,0.4239604,-0.16728719,0.09750772
646907536,646907436,0.41789845,-0.1601298,0.10315496
646911288,646911188,0.4180045,-0.16302161,0.09331285
646915081,646914980,0.41817594,-0.17475842,0.08128009
646918787,646918687,0.4105204,-0.15712442,0.10502679
646921311,646921211,0.41120204,-0.16698414,0.09710467
646925078,646924978,0.41458076,-0.15431911,0.10695877
646928787,646928687,0.41510916,-0.14295696,0.118368015
646932540,646932438,0.41458356,-0.15952578,0.1217464
646936312,646936211,0.4131286,-0.15722565,0.14165838
646938787,646938687,0.41919833,-0.15945196,0.13029127
646942539,646942437,0.41232824,-0.14787014,0.14744543
646946287,646946187,0.40913683,-0.15883762,0.16655506
646950081,646949979,0.41674724,-0.1652294,0.16968933
646953782,646953688,0.41068035,-0.1493907,0.17075324
646956281,646956188,0.41306582,-0.16132952,0.18115713
646960082,646959979,0.40558752,-0.167824,0.20208147
646963789,646963687,0.41285822,-0.17016926,0.18520655
646967536,646967437,0.41108224,-0.14473467,0.19650848
646971284,646971188,0.39897555,-0.14822845,0.2081867
646973788,646973687,0.39442766,-0.15299249,0.22415698
646977539,646977438,0.39379102,-0.14830473,0.19706044
646981312,646981211,0.39836732,-0.14490372,0.181695
646985077,646984978,0.38298583,-0.14927654,0.19097476
646988786,646988687,0.38326487,-0.15995964,0.19311354
646991277,646991187,0.37571898,-0.14540978,0.1720704
646995080,646994980,0.37611958,-0.1430971,0.16354199
646998791,646998687,0.36701432,-0.15561594,0.18255144
647002539,647002437,0.36389124,-0.15102096,0.1783502
647006284,647006187,0.36233288,-0.14271201,0.15675901
647008787,647008687,0.3610242,-0.15265465,0.16592042
647012539,647012437,0.35308427,-0.15669785,0.1844517
647016288,647016188,0.35020274,-0.1376897,0.1724837
647020081,647019980,0.3522706,-0.15672447,0.19190976
647023790,647023687,0.34426048,-0.16380277,0.18994237
647026312,647026211,0.3446799,-0.14947975,0.18681276
647030080,647029980,0.34410655,-0.15273395,0.19710685
647033788,647033687,0.34717506,-0.16713762,0.22396174
647037539,647037438,0.3456999,-0.1384633,0.22064441
647041305,647041211,0.34999034,-0.14174573,0.23020345
647043789,647043688,0.3521055,-0.16460903,0.2525187
647047539,647047437,0.35021418,-0.13921152,0.24372722
647051285,647051186,0.35102046,-0.13911723,0.24915247
647055089,647054980,0.35480604,-0.1570763,0.27415687
647058787,647058687,0.3560021,-0.1381923,0.2456191
647061291,647061188,0.3650284,-0.13347639,0.25778827
647065082,647064980,0.36646566,-0.15948044,0.28758946
647068787,647068687,0.37349418,-0.1384067,0.25277188
647072531,647072437,0.37685552,-0.14390074,0.2672216
647076288,647076188,0.38318688,-0.15586042,0.28128842
647078786,647078687,0.3797414,-0.14940386,0.27401727
647082541,647082438,0.39019892,-0.14321837,0.2778363
647086311,647086210,0.3896092,-0.16110986,0.28850535
647090079,647089979,0.39653376,-0.13004407,0.28954643
647093789,647093687,0.3973805,-0.14270282,0.29992065
647096285,647096186,0.4034609,-0.14354081,0.30046055
647100083,647099980,0.40272525,-0.13986033,0.29224867
647103788,647103688,0.40868175,-0.14187178,0.31110746
647107540,647107437,0.40489483,-0.13785051,0.2969944
647111287,647111187,0.4153043,-0.12990947,0.2846311
647113788,647113687,0.4139083,-0.14671652,0.30386952
647117535,647117436,0.4140998,-0.12927867,0.29149562
647121280,647121188,0.4154366,-0.13763434,0.27525085
647125082,647124980,0.42179814,-0.13937935,0.28175277
647128788,647128687,0.41459933,-0.11293577,0.27367216
647131312,647131211,0.4223184,-0.112586655,0.27864578
647135077,647134978,0.4199671,-0.12613457,0.2687103
647138787,647138687,0.42572832,-0.10234276,0.24391046
647142540,647142438,0.42380452,-0.11366485,0.24938712
647146311,647146211,0.42587397,-0.11787692,0.24827461
647148787,647148687,0.42742115,-0.105148345,0.22418013
647152532,647152437,0.43227777,-0.10186011,0.20558763
647156279,647156187,0.42976177,-0.12364317,0.21796215
647160082,647159980,0.43548897,-0.09263423,0.19793266
647163789,647163687,0.43857676,-0.103890255,0.18398432
647166289,647166188,0.4436132,-0.115339644,0.20017277
647170088,647169980,0.44127575,-0.08744729,0.18090323
647173789,647173687,0.4539116,-0.091706246,0.18408738
647177536,647177437,0.45133087,-0.10770722,0.18077128
647181288,647181188,0.45523098,-0.08535536,0.16112141
647183788,647183687,0.45822152,-0.092857555,0.16843629
647187538,647187438,0.46271887,-0.12096012,0.16895817
647191314,647191212,0.4655861,-0.09037373,0.13617381
647195082,647194981,0.47537473,-0.10692243,0.15835544
647198786,647198687,0.4759196,-0.122879446,0.16081192
647201285,647201187,0.48236492,-0.11337113,0.14174742
647205089,647204980,0.48856887,-0.110140234,0.14129446
647208790,647208687,0.48683167,-0.1321772,0.15147038
647212540,647212437,0.49492568,-0.10557231,0.14964385
647216287,647216187,0.4973736,-0.111984305,0.15112472
647218785,647218687,0.503387,-0.12795609,0.15733768
647222538,647222437,0.50213003,-0.11889367,0.14048046
647226288,647226188,0.5133164,-0.11182843,0.15418714
647230081,647229980,0.5109158,-0.13594534,0.16110511
647233789,647233688,0.5123358,-0.13009603,0.13883351
647236311,647236211,0.51509875,-0.11673681,0.13243167
647240077,647239978,0.5184527,-0.14277083,0.15565969
647243788,647243687,0.5205252,-0.14404953,0.16209924
647247539,647247438,0.5232661,-0.12881762,0.14565708
647251311,647251211,0.5237085,-0.13650651,0.15792735
647253789,647253688,0.5200025,-0.1526746,0.16003034
647257538,647257437,0.52707875,-0.12735604,0.18446322
647261287,647261187,0.52491295,-0.12845582,0.17832018
647265081,647264980,0.5279681,-0.14479296,0.17697783
647268784,647268687,0.52667487,-0.13988297,0.18871841
647271282,647271188,0.5282318,-0.13744475,0.19624113
647275080,647274980,0.52468884,-0.14305691,0.19435391
647278787,647278687,0.5270803,-0.1530406,0.19457649
647282544,647282442,0.52430636,-0.14718173,0.1959745
647286281,647286188,0.52948326,-0.15632801,0.19184074
647288787,647288687,0.5314036,-0.13624898,0.21536055
647292540,647292438,0.5269696,-0.13509086,0.21102977
647296312,647296211,0.53081363,-0.14388831,0.21479417
647300078,647299978,0.5328452,-0.14098378,0.22505897
647303789,647303687,0.53168213,-0.12554279,0.22082187
647306283,647306187,0.5293762,-0.13702728,0.22612907
647310076,647309978,0.53600454,-0.13225228,0.2326947
647313787,647313687,0.53482544,-0.12747815,0.229735
647317540,647317438,0.54044074,-0.13927193,0.23657852
647321280,647321187,0.5365451,-0.13898546,0.23247033
647323789,647323688,0.5401124,-0.13490757,0.22243565
647327537,647327437,0.5382981,-0.13708188,0.24104808
647331286,647331187,0.54357785,-0.13824236,0.24747972
647335081,647334980,0.5440028,-0.12380175,0.2367467
647338787,647338687,0.5448677,-0.13844237,0.24417764
647341312,647341211,0.5425186,-0.13931789,0.24570018
647345082,647344980,0.5450323,-0.13681558,0.23519364
647348787,647348687,0.5460261,-0.12610157,0.24871984
647352531,647352437,0.5467448,-0.1375296,0.2402874
647356306,647356211,0.5508343,-0.12653042,0.24062769
647358786,647358687,0.54978156,-0.14573953,0.23378077
647362545,647362438,0.54633844,-0.13844852,0.23061985
647366288,647366188,0.54458654,-0.14679053,0.22021544
647370092,647369984,0.55040985,-0.14333518,0.21210724
647373788,647373687,0.54326755,-0.1429923,0.22096872
647376286,647376187,0.5448462,-0.13993028,0.21870895
647380081,647379980,0.54006094,-0.14552782,0.22094
647383789,647383687,0.5436974,-0.14440687,0.1982682
647387530,647387437,0.54205406,-0.14469284,0.19686824
647391287,647391187,0.53744054,-0.14653216,0.20554501
647393789,647393687,0.5326079,-0.14215723,0.20768616
647397537,647397437,0.53471774,-0.15338245,0.18768004
647401317,647401211,0.53746057,-0.14520122,0.17792235
647405089,647404980,0.532818,-0.15069093,0.1702578
647408788,647408687,0.530344,-0.15223943,0.17773257
647411291,647411188,0.5267885,-0.16098541,0.17035918
647415077,647414978,0.5217103,-0.1527205,0.15796255
647418778,647418687,0.523819,-0.15617706,0.15983072
647422540,647422438,0.5278782,-0.1490558,0.1536281
647426288,647426187,0.52124923,-0.15524335,0.15778682
647428788,647428687,0.5239615,-0.15102243,0.16312714
647432540,647432438,0.5164972,-0.15193413,0.15476616
647436279,647436187,0.52072746,-0.15179339,0.14540851
647440082,647439979,0.5162291,-0.15519848,0.14858279
647443789,647443688,0.5180895,-0.15698147,0.15067837
647446312,647446211,0.51556915,-0.1551117,0.15901996
647450081,647449980,0.51553714,-0.15878104,0.15889649
647453790,647453687,0.5199659,-0.15965743,0.1426508
647457536,647457437,0.5176649,-0.16325234,0.14546315
647461316,647461212,0.517749,-0.15504873,0.15906702
647463787,647463687,0.5186051,-0.16322033,0.1720972
647467538,647467437,0.51683366,-0.14804198,0.18619245
647471281,647471187,0.5175001,-0.15673342,0.17505373
647475077,647474978,0.5221562,-0.15131147,0.17405826
647478788,647478687,0.5179968,-0.16168897,0.1830497
647481285,647481187,0.5172176,-0.15582971,0.1934239
647485082,647484979,0.51686853,-0.1645581,0.21086125
647488787,647488687,0.5186882,-0.15527797,0.18732141
647492539,647492438,0.5202135,-0.16905956,0.1973492
647496285,647496186,0.52137583,-0.16164324,0.20840628
647498787,647498687,0.51818776,-0.16975614,0.2184684
647502539,647502437,0.5167562,-0.16359311,0.22738485
647506308,647506211,0.5111227,-0.16927744,0.21692249
647510082,647509979,0.51797485,-0.15429874,0.23149213
647513788,647513687,0.5094627,-0.16581644,0.24003327
647516288,647516188,0.5159625,-0.161419,0.24442564
647520085,647519979,0.5114143,-0.16502565,0.2534723
647523788,647523687,0.5132506,-0.15735227,0.25541487
647527539,647527437,0.5082457,-0.1709541,0.2506695
647531289,647531188,0.5112903,-0.16354388,0.2437602
647533788,647533687,0.506263,-0.16924699,0.26732978
647537530,647537437,0.5060081,-0.16500784,0.2742862
647541285,647541186,0.5029173,-0.1689025,0.27163568
647545081,647544980,0.50596446,-0.1618273,0.2617206
647548787,647548687,0.50171745,-0.16358805,0.2683058
647551312,647551211,0.5044672,-0.16040877,0.27200422
647555089,647554980,0.50188565,-0.1602801,0.2871562
647558788,647558687,0.5049756,-0.15314187,0.28611383
647562538,647562437,0.49982607,-0.15942584,0.28235096
647566312,647566211,0.50221914,-0.1533216,0.28604996
647568786,647568687,0.49939293,-0.16181228,0.27354974
647572544,647572438,0.49990803,-0.1664213,0.26891252
647576289,647576188,0.49890533,-0.1660671,0.27209708
647580079,647579979,0.502835,-0.15744786,0.271489
647583788,647583687,0.49941272,-0.16447201,0.26051015
647586280,647586187,0.50540257,-0.16463341,0.24892041
647590081,647589980,0.49842292,-0.15236561,0.26475456
647593789,647593687,0.50328815,-0.15488555,0.25923142
647597537,647597437,0.5024877,-0.1511816,0.2663307
647601280,647601187,0.50082165,-0.14008622,0.24858165
647603789,647603688,0.5029771,-0.14570226,0.25269198
647607538,647607437,0.5044938,-0.14746343,0.24092142
647611312,647611211,0.5047864,-0.14836772,0.24560809
647615081,647614980,0.50442016,-0.14988069,0.23037659
647618788,647618687,0.50509703,-0.15311345,0.23231825
647621281,647621188,0.5058313,-0.14584991,0.21850206
647625078,647624979,0.5070011,-0.14987758,0.22360401
647628786,647628687,0.5112089,-0.14318,0.22434331
647632540,647632438,0.5037374,-0.14273235,0.22279853
647636280,647636188,0.5083997,-0.14394684,0.21527891
647638787,647638687,0.50289917,-0.13156222,0.22836088
647642539,647642438,0.5049667,-0.12516595,0.21481735
647646285,647646186,0.504028,-0.1363503,0.22271794
647650081,647649980,0.5100573,-0.12768371,0.21832928
647653793,647653688,0.50213325,-0.12971467,0.21589036
647656310,647656210,0.5023171,-0.13217962,0.20804328
647660083,647659980,0.503394,-0.13642769,0.20735286
647663790,647663688,0.5030317,-0.12654209,0.19662449
647667529,647667437,0.50128293,-0.13335527,0.22156054
647671302,647671210,0.50194234,-0.1263861,0.21916448
647673791,647673687,0.5004649,-0.124697186,0.21636574
647677538,647677437,0.5034825,-0.12756446,0.20266218
647681290,647681188,0.5027114,-0.12881881,0.2092608
647685086,647684979,0.5035088,-0.12269945,0.21841201
647688787,647688687,0.4995707,-0.13581657,0.22077945
647691286,647691187,0.50113964,-0.12856048,0.21624818
647695076,647694978,0.50118965,-0.12881392,0.21349509
647698786,647698687,0.5075314,-0.1308642,0.21705385
647702534,647702438,0.5042968,-0.13878846,0.21373062
647706290,647706187,0.50478965,-0.13498771,0.22887246
647708788,647708687,0.5024562,-0.14381625,0.22636007
647712538,647712437,0.5084672,-0.14045157,0.2254051
647716309,647716210,0.50919706,-0.1366175,0.21901624
647720089,647719980,0.513517,-0.13652962,0.24712335
647723789,647723688,0.5098055,-0.13823678,0.24696283
647726289,647726188,0.51511073,-0.13568349,0.24154185
647730080,647729979,0.511703,-0.13888311,0.24028818
647733781,647733687,0.5163927,-0.14340773,0.24964339
647737537,647737437,0.5175739,-0.13694666,0.24696134
647741291,647741188,0.5174871,-0.14334753,0.2615443
647743790,647743688,0.5176508,-0.14552663,0.2577663
647747538,647747438,0.5235547,-0.15222268,0.25687224
647751280,647751188,0.52321863,-0.14735939,0.25236395
647755080,647754979,0.52291286,-0.15818548,0.25924566
647758787,647758687,0.5220755,-0.14203952,0.27324325
647761310,647761210,0.52322984,-0.14634049,0.28401116
647765083,647764980,0.5263835,-0.14204155,0.26942074
647768787,647768687,0.52909404,-0.14971708,0.27386457
647772542,647772437,0.5241739,-0.13887565,0.27511585
647776310,647776210,0.52441895,-0.1515974,0.28728715
647778787,647778687,0.5260705,-0.13669403,0.28651488
647782538,647782437,0.5265699,-0.13665082,0.27412617
647786281,647786188,0.52900636,-0.13833573,0.27211562
647790081,647789980,0.526203,-0.15108615,0.27657065
647793789,647793687,0.5239092,-0.13573419,0.27758658
647796289,647796188,0.5229809,-0.14864747,0.27395704
647800077,647799978,0.52615374,-0.1396723,0.25858775
647803788,647803687,0.5260188,-0.13985918,0.2588994
647807539,647807438,0.52426916,-0.13446005,0.28299388
647811288,647811188,0.5231468,-0.13457629,0.27241012
647813789,647813687,0.52614224,-0.12724143,0.25735593
647817530,647817437,0.5247017,-0.1304915,0.25738794
647821302,647821210,0.5236828,-0.1309242,0.26643014
647825081,647824980,0.5198192,-0.12186885,0.26219276
647828791,647828689,0.5248334,-0.1332452,0.25600615
647831292,647831190,0.5244223,-0.13718848,0.24697314
647835089,647834979,0.5295814,-0.13465393,0.24621536
647838787,647838687,0.5230905,-0.13044232,0.23397717
647842539,647842437,0.5226366,-0.13929081,0.24126895
647846289,647846188,0.5245193,-0.123765156,0.2385459
647848786,647848687,0.5269203,-0.12489298,0.248891
647852534,647852438,0.52708435,-0.12603989,0.23331718
647856293,647856191,0.5294967,-0.13196392,0.23401102
647860077,647859978,0.52398396,-0.1169246,0.24626689
647863790,647863687,0.52485657,-0.12998271,0.23860118
647866309,647866210,0.53062254,-0.115992494,0.23096539
647870089,647869980,0.5283647,-0.13207203,0.21824516
647873789,647873687,0.5296081,-0.13167314,0.24875501
647877537,647877437,0.5306981,-0.1399054,0.26719663
647881310,647881210,0.5390401,-0.13529411,0.26270616
647883781,647883687,0.5433937,-0.14637057,0.29171437
647887537,647887437,0.54604936,-0.14895274,0.31427673
647891289,647891188,0.5360781,-0.15785189,0.3257694
647895082,647894980,0.5297395,-0.15993601,0.34594563
647898828,647898727,0.5212337,-0.14524668,0.37918282
647901281,647901187,0.52399033,-0.14968002,0.38837656
647905078,647904978,0.5223541,-0.13982055,0.41371217
647908787,647908687,0.52241814,-0.15335213,0.4317365
647912540,647912438,0.51918507,-0.13643548,0.4549991
647916280,647916188,0.51463276,-0.14515029,0.45270467
647918787,647918687,0.5125099,-0.131359,0.45263195
647922539,647922438,0.50574714,-0.12240839,0.45197535
647926309,647926210,0.50442773,-0.1230892,0.4689324
647930086,647929980,0.5032352,-0.11923453,0.47638342
647933782,647933688,0.51020575,-0.11611741,0.47957158
647936281,647936188,0.5081847,-0.11280832,0.47915888
647940081,647939980,0.5130005,-0.10527343,0.48656988
647943789,647943687,0.51408327,-0.104476124,0.49056306
647947537,647947437,0.5170486,-0.0987552,0.48734966
647951281,647951188,0.5200706,-0.10033985,0.4782245
647953789,647953687,0.5212731,-0.095593736,0.47754747
647957538,647957438,0.52354515,-0.088004716,0.47442573
647961292,647961189,0.5271623,-0.08310908,0.4621863
647965079,647964979,0.526729,-0.07473403,0.44452307
647968787,647968687,0.5284915,-0.059831306,0.42632416
647971301,647971210,0.5322483,-0.057108887,0.41321522
647975082,647974981,0.5363239,-0.04999495,0.38843587
647978787,647978687,0.54105264,-0.0448583,0.37322623
647982539,647982438,0.544954,-0.038648278,0.3554441
647986302,647986210,0.54465634,-0.0400799,0.3276667
647988788,647988687,0.54548925,-0.03907834,0.30901253
647992538,647992437,0.5444831,-0.037387572,0.28680488
647996291,647996188,0.5449347,-0.038681824,0.2684177
648000082,647999980,0.5462428,-0.03803842,0.24721451
648003789,648003687,0.54687345,-0.03327957,0.23370269
648006292,648006187,0.5458094,-0.032141447,0.22082883
648010079,648009979,0.5455306,-0.030831847,0.19511227
648013787,648013687,0.5443637,-0.02516888,0.17191315
648017532,648017438,0.5419898,-0.024043726,0.1564545
648021281,648021188,0.53757036,-0.022240393,0.1422607
648023789,648023687,0.5365066,-0.018915538,0.12413647
648027539,648027438,0.5334693,-0.017170923,0.10924244
648031311,648031210,0.5331395,-0.018684195,0.09661461
648035089,648034980,0.5328867,-0.018497044,0.09357698
648038794,648038693,0.5300759,-0.021632724,0.0874928
648041290,648041188,0.52735066,-0.0229761,0.079282746
648045081,648044980,0.5219029,-0.02684466,0.069881245
648048786,648048687,0.5175444,-0.029576613,0.06730546
648052539,648052437,0.5182564,-0.031009259,0.065694354
648056288,648056187,0.5216778,-0.029346526,0.06604673
648058786,648058687,0.5228858,-0.03685045,0.06411542
648062543,648062438,0.5248224,-0.039700277,0.067137435
648066280,648066188,0.522582,-0.03869614,0.07240784
648070076,648069978,0.51987004,-0.046053346,0.06947581
648073789,648073687,0.5192846,-0.05118018,0.0794878
648076310,648076210,0.5204904,-0.050835885,0.08830694
648080082,648079980,0.52365786,-0.06226901,0.098129295
648083788,648083688,0.5291261,-0.06802284,0.109270826
648087537,648087437,0.53345495,-0.078945525,0.11842056
648091311,648091210,0.5364134,-0.07957631,0.13459504
648093788,648093687,0.53791064,-0.0844894,0.14230204
648097538,648097437,0.54055536,-0.09085457,0.15614505
648101289,648101188,0.54399365,-0.09036154,0.18028507
648105082,648104980,0.54815465,-0.09424951,0.20091677
648108790,648108687,0.55167353,-0.09724217,0.21820484
648111287,648111188,0.5533308,-0.09692502,0.22969511
648115080,648114979,0.55482197,-0.099889554,0.24757661
648118787,648118687,0.55678135,-0.09980296,0.26522356
648122540,648122438,0.5597911,-0.1041008,0.28043434
648126289,648126188,0.56412244,-0.10541934,0.29968396
648128787,648128687,0.5666169,-0.10406118,0.31240523
648132532,648132438,0.56925184,-0.109555975,0.3284971
648136302,648136210,0.5686358,-0.11238039,0.3435152
648140082,648139980,0.5668217,-0.107346214,0.36160648
648143788,648143687,0.56496155,-0.11185707,0.37434262
648146288,648146188,0.5643338,-0.11383528,0.38219342
648150088,648149980,0.5635982,-0.10666305,0.3993476
648153788,648153687,0.5634831,-0.108703956,0.40806487
648157537,648157437,0.56211805,-0.09961174,0.42321312
648161293,648161188,0.5593379,-0.101220265,0.4313509
648163789,648163687,0.557682,-0.0997525,0.43576562
648167532,648167438,0.5539393,-0.09026249,0.44386524
648171288,648171188,0.5508336,-0.09121746,0.44801512
648175077,648174978,0.5468308,-0.089547895,0.45086873
648178787,648178687,0.5430461,-0.08007355,0.4562759
648181313,648181211,0.54147774,-0.080535874,0.45654157
648185091,648184983,0.53882647,-0.07832908,0.4559833
648188787,648188687,0.5368402,-0.06901704,0.45785093
648192540,648192438,0.53506845,-0.06510676,0.45377496
648196311,648196210,0.5342453,-0.06584719,0.44773623
648198780,648198687,0.53360915,-0.057338096,0.44739553
648202538,648202437,0.5328265,-0.052225556,0.4399658
648206292,648206188,0.53156143,-0.05166124,0.43114632
648210080,648209980,0.5307211,-0.0453369,0.42521873
648213789,648213687,0.5302477,-0.038747434,0.4175761
648216280,648216188,0.53052896,-0.037854854,0.41067925
648220078,648219978,0.53225255,-0.032375865,0.40135399
648223788,648223687,0.53428674,-0.027453223,0.3908014
648227539,648227438,0.5369033,-0.02509053,0.38027656
648231288,648231187,0.53924906,-0.022928972,0.36890665
648233789,648233688,0.5405494,-0.018626448,0.36274496
648237537,648237437,0.5426598,-0.019528348,0.34862736
648241309,648241210,0.5449078,-0.017910292,0.33619308
648245083,648244980,0.54722047,-0.012232232,0.3255773
648248781,648248687,0.54927623,-0.015000505,0.31058687
648251281,648251188,0.5505002,-0.013595983,0.30232787
648255081,648254980,0.5523625,-0.008684421,0.29081076
648258787,648258687,0.5539551,-0.011943134,0.27186695
648262538,648262437,0.5554649,-0.0067462446,0.25965816
648266281,648266188,0.55631334,-0.0040886174,0.24582672
648268786,648268687,0.55669236,-0.010621179,0.23266195
648272543,648272438,0.55583715,-0.007662445,0.22128412
648276288,648276188,0.55497074,-0.005105192,0.21089287
648280081,648279981,0.55332494,-0.0116628595,0.1952785
648283789,648283687,0.55135554,-0.0101114465,0.18489513
648286302,648286210,0.55095196,-0.008530094,0.17919555
648290081,648289979,0.54859614,-0.015315399,0.1644321
648293789,648293687,0.54688084,-0.015181962,0.15586138
648297537,648297437,0.54438394,-0.021416154,0.14897949
648301302,648301210,0.5416876,-0.020185238,0.14469308
648303788,648303687,0.53997034,-0.021043187,0.14049563
648307538,648307437,0.5368362,-0.024959212,0.13253263
648311288,648311187,0.53341866,-0.023952482,0.12946701
648315081,648314980,0.5308038,-0.02598896,0.12935165
648318787,648318687,0.528732,-0.029169284,0.1292884
648321288,648321187,0.52738696,-0.029437007,0.12949423
648325078,648324979,0.5256103,-0.033139143,0.1278971
648328786,648328687,0.5239945,-0.03433684,0.13138518
648332534,648332438,0.5238942,-0.038856685,0.13309297
648336281,648336188,0.522777,-0.040025245,0.13540202
648338788,648338687,0.52228934,-0.03953186,0.14108504
648342542,648342440,0.52277124,-0.045063462,0.14580293
648346311,648346210,0.522937,-0.04754407,0.15461506
648350093,648349982,0.5234147,-0.045802005,0.16642693
648353789,648353688,0.5238375,-0.051318634,0.17135996
648356288,648356188,0.5246453,-0.052073326,0.1767835
648360081,648359980,0.5262217,-0.049398024,0.18942162
648363789,648363687,0.52855057,-0.054494705,0.19923618
648367537,648367437,0.5313034,-0.05103928,0.21518534
648371290,648371188,0.53374606,-0.053686667,0.22905618
648373793,648373687,0.5355612,-0.05700194,0.2382172
648377540,648377438,0.5373345,-0.052635416,0.2525519
648381288,648381187,0.5393284,-0.053627905,0.26536503
648385084,648384978,0.54068404,-0.056424987,0.27899292
648388787,648388687,0.5419516,-0.052160963,0.29520717
648391310,648391210,0.54358613,-0.051936496,0.3051218
648395081,648394979,0.54610264,-0.055320993,0.31858286
648398779,648398687,0.5478514,-0.050648835,0.3331325
648402540,648402438,0.54854065,-0.05224728,0.3470248
648406312,648406210,0.5482396,-0.053379368,0.3602919
648408791,648408687,0.5480984,-0.049651735,0.3698205
648412539,648412437,0.5479489,-0.050088614,0.38119307
648416280,648416187,0.5474245,-0.050747335,0.39079317
648420081,648419980,0.5468825,-0.048785485,0.4002915
648423789,648423687,0.5461191,-0.04798209,0.40939623
648426287,648426188,0.5449008,-0.047635645,0.41491762
648430080,648429979,0.54353017,-0.046577636,0.42043293
648433788,648433687,0.5414114,-0.043555524,0.4256669
648437539,648437438,0.5394368,-0.04249688,0.4281162
648441289,648441187,0.5374544,-0.04256475,0.43070918
648443788,648443687,0.53559357,-0.03868771,0.433685
648447538,648447437,0.5337387,-0.03918378,0.4325458
648451306,648451210,0.5315647,-0.038173996,0.43167296
648455082,648454980,0.5293098,-0.03358182,0.43073404
648458788,648458687,0.52823216,-0.035696227,0.42440268
648461290,648461188,0.52667314,-0.034306776,0.42170718
648465082,648464980,0.52630395,-0.030204536,0.41797835
648468787,648468687,0.52509624,-0.0297014,0.4096523
648472542,648472437,0.5243629,-0.02487207,0.4031805
648476289,648476188,0.5240852,-0.023557834,0.39427295
648478787,648478687,0.52380955,-0.02355289,0.38629523
648482532,648482438,0.5240694,-0.019415684,0.37665305
648486282,648486188,0.5245373,-0.01822884,0.36493963
648490077,648489978,0.5258132,-0.01744584,0.3515983
648493789,648493687,0.5270055,-0.014100771,0.34016645
648496309,648496210,0.5282844,-0.012824285,0.33190835
648500088,648499979,0.53000736,-0.012866351,0.3196136
648503789,648503687,0.5313837,-0.010174347,0.3059177
648507541,648507437,0.5331187,-0.008268609,0.2920886
648511313,648511211,0.5347225,-0.008200702,0.27747753
648513790,648513688,0.5361223,-0.005611142,0.268991
648517537,648517437,0.5381224,-0.0030453794,0.25548148
648521284,648521186,0.53988487,-0.001440677,0.24019365
648525083,648524980,0.5417762,0.00064069766,0.22820094
648528788,648528687,0.5425438,0.0030058813,0.21559809
648531281,648531188,0.54276985,0.0044412995,0.20880473
648535087,648534979,0.5435488,0.0052745487,0.19520256
648538790,648538687,0.54349506,0.0075081387,0.18466648
648542538,648542437,0.5438024,0.0071367556,0.1755345
648546290,648546188,0.5441668,0.007369678,0.16660367
648548786,648548687,0.54364574,0.00916742,0.16294362
648552541,648552438,0.54296756,0.0075001772,0.15520832
648556311,648556210,0.54127437,0.008663956,0.15111056
648560078,648559979,0.5388958,0.008098881,0.14647746
648563788,648563687,0.5375149,0.0063815634,0.14298622
648566282,648566187,0.5361385,0.007192484,0.14272414
648570083,648569980,0.53536195,0.0056620194,0.14084035
648573789,648573688,0.5339708,0.0034571695,0.14178717
648577538,648577437,0.53197175,0.002283773,0.1416855
648581278,648581186,0.52983564,0.0026139559,0.14521503
648583788,648583687,0.52796274,0.00020451714,0.14708245
648587535,648587437,0.5259926,-0.003105555,0.15013999
648591291,648591190,0.524795,-0.0037550153,0.15683703
648595078,648594979,0.5242848,-0.0064362427,0.1636377
648598788,648598687,0.5239716,-0.010807026,0.16908176
648601303,648601210,0.52376825,-0.010438358,0.17644572
648605081,648604978,0.5234279,-0.013914945,0.18479751
648608787,648608687,0.52320105,-0.01869151,0.19311264
648612540,648612438,0.5239062,-0.021277288,0.20439614
648616302,648616210,0.52434385,-0.020991482,0.21494465
648618786,648618687,0.5253977,-0.024737202,0.22189702
648622540,648622438,0.52683204,-0.028755298,0.23488273
648626286,648626187,0.52799416,-0.028658612,0.24761075
648630080,648629980,0.5304709,-0.031331446,0.2594299
648633790,648633688,0.53244466,-0.03446579,0.2704723
648636288,648636188,0.53406984,-0.03486423,0.27925873
648640078,648639979,0.5362976,-0.036657624,0.29050332
648643789,648643687,0.5379697,-0.0374761,0.30313107
648647532,648647437,0.54015785,-0.037816547,0.31426978
648651282,648651188,0.542612,-0.03872165,0.32394716
648653788,648653687,0.5432463,-0.039289277,0.33084774
648657540,648657438,0.54527336,-0.039255444,0.3391147
648661311,648661210,0.5466111,-0.039511587,0.34810582
648665086,648664979,0.54759187,-0.039777465,0.35571933
648668787,648668687,0.5491192,-0.03831442,0.362523
648671285,648671187,0.5493887,-0.039049428,0.36786246
648675081,648674980,0.5502382,-0.039784964,0.37194473
648678788,648678687,0.5498707,-0.036252663,0.3766914
648682538,648682437,0.5488128,-0.035112273,0.37918428
648686286,648686187,0.54816234,-0.036975924,0.38100246
648688787,648688687,0.5474349,-0.031570762,0.38355482
648692538,648692437,0.54675734,-0.029977312,0.3830082
648696293,648696188,0.5462945,-0.030183353,0.38293085
648700094,648699979,0.54471695,-0.024693409,0.3825102
648703789,648703687,0.54279804,-0.02264138,0.3785773
648706313,648706210,0.5414744,-0.022102969,0.3757336
648710078,648709978,0.53992695,-0.016103763,0.37130567
648713781,648713687,0.5383151,-0.012946597,0.36642286
648717539,648717438,0.53701365,-0.007007238,0.36175013
648721311,648721210,0.53602535,-0.0074040755,0.35423508
648723788,648723688,0.5350675,-0.004187065,0.34912476
648727537,648727437,0.5345158,-4.450606e-05,0.34046194
648731280,648731187,0.5332985,0.000701035,0.33123022
648735085,648734980,0.53277373,0.004523065,0.32204613
648738788,648738687,0.53276217,0.008486027,0.31313184
648741291,648741190,0.5325175,0.009061036,0.30588445
648745079,648744979,0.5335803,0.012543645,0.29481792
648748787,648748687,0.5336314,0.015224565,0.28584987
648752537,648752437,0.53427035,0.018404163,0.27678597
648756289,648756188,0.5356676,0.01985777,0.2653845
648758787,648758687,0.53585005,0.018436497,0.25638384
648762542,648762438,0.53767526,0.020956345,0.2468281
648766304,648766211,0.538853,0.02191102,0.23819517
648770077,648769978,0.5405278,0.01923816,0.22730868
648773788,648773687,0.5426515,0.02123742,0.21860854
648776288,648776187,0.5430908,0.022640415,0.21421145
648780084,648779979,0.54462993,0.018842936,0.20387289
648783788,648783687,0.5454295,0.020225659,0.19667557
648787539,648787437,0.546569,0.015593135,0.18650137
648791286,648791186,0.5478329,0.016987542,0.18162164
648793790,648793688,0.54830086,0.01757181,0.17879571
648797529,648797437,0.5493566,0.01225374,0.1711804
648801284,648801188,0.5492781,0.0134598,0.16771586
648805081,648804980,0.5492805,0.0140314065,0.1638053
648808788,648808687,0.549052,0.008013392,0.15788215
648811312,648811211,0.5487767,0.008655089,0.15809284
648815086,648814979,0.54807365,0.008173703,0.15736826
648818786,648818687,0.5473665,0.14961986,0.007529178
648822540,648822438,0.546838,0.14905863,0.0085651595
648826312,648826211,0.5467333,0.15099223,0.010191563
648828788,648828687,0.54683095,0.14683025,0.009485745
648832538,648832437,0.5469678,0.1447583,0.0126575325
648836286,648836187,0.54670185,0.14556555,0.01798604
648840080,648839980,0.5469171,0.14341576,0.021854224
648843790,648843688,0.5469282,0.14085723,0.026465196
648846289,648846188,0.54667866,0.14117005,0.030745909
648850089,648849980,0.5469727,0.14041813,0.036475506
648853789,648853688,0.54713196,0.13828859,0.042694546
648857536,648857437,0.54767597,0.13785087,0.04976049
648861292,648861188,0.54885566,0.13710122,0.056717563
648863781,648863687,0.5489,0.13500355,0.060530636
648867538,648867438,0.5503877,0.13667762,0.06933452
648871314,648871211,0.5517078,0.1361967,0.07877802
648875081,648874979,0.5529602,0.13331167,0.08568982
648878787,648878687,0.55527633,0.1366387,0.09583626
648881278,648881187,0.5563122,0.13675503,0.10115259
648885082,648884980,0.5586117,0.13440274,0.10781201
648888787,648888687,0.5609216,0.1388283,0.119243875
648892539,648892437,0.5633142,0.1370045,0.12652123
648896281,648896187,0.566355,0.13637115,0.13456641
648898787,648898687,0.56777775,0.14191554,0.14336564
648902538,648902437,0.57041943,0.14047287,0.15080139
648906292,648906188,0.57193756,0.1407639,0.15658031
648910082,648909980,0.57303154,0.1464142,0.16364084
648913784,648913689,0.5742504,0.14661257,0.16800672
648916304,648916211,0.5745914,0.14697559,0.17229916
648920077,648919978,0.57611084,0.15309443,0.1821541
648923788,648923687,0.57687014,0.15387829,0.18796054
648927539,648927438,0.57809734,0.15842757,0.19352484
648931312,648931211,0.57873917,0.15961139,0.19473697
648933788,648933687,0.5784692,0.16221577,0.19584543
648937538,648937437,0.57847166,0.1655635,0.19827083
648941287,648941187,0.57747316,0.16601472,0.2007838
648945084,648944980,0.5775818,0.1693596,0.20246457
648948787,648948687,0.5776282,0.17258784,0.20378357
648951282,648951188,0.57678664,0.17348227,0.20399319
648955081,648954980,0.5760956,0.17682564,0.20169549
648958787,648958687,0.5739386,0.1771699,0.19694781
648962539,648962437,0.57296574,0.18228015,0.19312192
648966281,648966188,0.57213986,0.18434483,0.18978494
648968786,648968687,0.57078725,0.18294443,0.18516317
648972543,648972438,0.5699502,0.18616174,0.18028297
648976312,648976211,0.56809956,0.18766017,0.17568867
648980078,648979978,0.5666567,0.18592285,0.16564874
648983788,648983687,0.5657511,0.1903208,0.158147
648986285,648986187,0.5648075,0.19276713,0.15387467
648990083,648989979,0.5639244,0.1906379,0.143449
648993789,648993687,0.5630028,0.19404317,0.13772348
648997538,648997437,0.5626982,0.19204855,0.12670031
649001279,649001186,0.5625257,0.19366835,0.118513964
649003789,649003687,0.5623265,0.19744924,0.112636715
649007537,649007437,0.56213623,0.19587946,0.09996681
649011288,649011188,0.56234574,0.19773036,0.093093336
649015088,649014980,0.5628336,0.20029038,0.085438244
649018787,649018687,0.5634247,0.19850157,0.07532764
649021311,649021211,0.56415206,0.20018695,0.06897179
649025081,649024978,0.5649267,0.20211366,0.05953026
649028787,649028687,0.56556064,0.20095156,0.050557956
649032540,649032438,0.5666421,0.20152406,0.04389539
649036312,649036211,0.5674869,0.20305775,0.036587816
649038791,649038687,0.56815976,0.20183249,0.031611547
649042539,649042437,0.5695332,0.20108058,0.024220195
649046279,649046187,0.5697541,0.2026316,0.019753095
649050089,649049980,0.5704218,0.20391206,0.015581904
649053789,649053688,0.57111514,0.20313896,0.010232561
649056288,649056188,0.5706939,0.20419185,0.007004741
649060081,649059980,0.57185084,0.20394859,0.004539875
649063789,649063687,0.5715366,0.20328183,0.0047343313
649067541,649067437,0.5713012,0.20380712,0.0054241503
649071289,649071188,0.5715165,0.20449264,0.005262037
649073789,649073687,0.5703756,0.20321432,0.0047614593
649077539,649077438,0.5704535,0.20261806,0.0058978247
649081311,649081211,0.5693581,0.20267738,0.00880811
649085078,649084978,0.5682326,0.20058665,0.011528772
649088787,649088687,0.5676468,0.20200154,0.017741164
649091286,649091186,0.5664784,0.20320965,0.021444567
649095083,649094979,0.5659696,0.20068112,0.025503026
649098787,649098687,0.56472266,0.20135316,0.032154266
649102540,649102437,0.5633198,0.20009562,0.03794495
649106292,649106187,0.5622718,0.2001129,0.045069817
649108787,649108687,0.561602,0.19944733,0.050752867
649112532,649112437,0.5610415,0.19739695,0.0575688
649116281,649116188,0.56007046,0.19873513,0.06629385
649120081,649119980,0.5597557,0.19817442,0.07400613
649123789,649123687,0.5590297,0.19614218,0.082004726
649126312,649126211,0.55875194,0.19635867,0.088231996
649130086,649129978,0.55909616,0.19639295,0.09788572
649133788,649133687,0.5589837,0.19555333,0.10600492
649137539,649137438,0.5598572,0.19501443,0.11585818
649141312,649141211,0.5599821,0.19528079,0.12438237
649143788,649143687,0.5603824,0.19521253,0.12856442
649147538,649147437,0.56123453,0.19505942,0.13625401
649151286,649151186,0.5616596,0.19561598,0.1442325
649155083,649154980,0.56315696,0.19553162,0.15128545
649158787,649158687,0.5644187,0.19457619,0.15788768
649161291,649161188,0.56474686,0.19525392,0.16315277
649165088,649164979,0.56626874,0.19620955,0.16778488
649168788,649168687,0.56685585,0.19670227,0.17018928
649172543,649172438,0.56810254,0.19843943,0.17278893
649176291,649176187,0.5693115,0.19877148,0.17718937
649178779,649178687,0.5694099,0.19901761,0.17883982
649182540,649182438,0.57040155,0.2010528,0.18002681
649186312,649186211,0.5710264,0.20195909,0.18070091
649190077,649189978,0.5715554,0.20358375,0.17967953
649193788,649193687,0.5717149,0.20511682,0.17880791
649196279,649196186,0.57156855,0.2066024,0.17701031
649200083,649199980,0.5716207,0.20761436,0.1730415
649203789,649203687,0.57109183,0.21076117,0.1716673
649207539,649207437,0.57068276,0.21399605,0.16767667
649211285,649211186,0.5704806,0.21415508,0.16462256
649213789,649213687,0.57000077,0.21778487,0.1623128
649217539,649217437,0.56923985,0.2200871,0.155479
649221289,649221188,0.56817305,0.22086528,0.14871277
649225081,649224980,0.5668693,0.22449075,0.14127469
649228781,649228687,0.56560415,0.22777633,0.134976
649231304,649231211,0.5650977,0.22898915,0.12999113
649235077,649234978,0.56440324,0.23183481,0.122498274
649238790,649238687,0.56315064,0.23489739,0.116767175
649242540,649242438,0.56269044,0.23728271,0.10859615
649246313,649246211,0.5618708,0.2382933,0.09926802
649248787,649248687,0.5612452,0.24052687,0.09315918
649252540,649252437,0.5609124,0.24274807,0.084445395
649256286,649256187,0.55966026,0.24388357,0.07808451
649260083,649259979,0.5597156,0.24430008,0.06828679
649263793,649263687,0.56002045,0.24600099,0.061531566
649266281,649266188,0.55980605,0.24703336,0.057257235
649270081,649269979,0.56077296,0.24587329,0.048406776
649273788,649273687,0.5600361,0.24797848,0.041464884
649277536,649277437,0.5605705,0.24619934,0.03433488
649281281,649281188,0.5616951,0.24671601,0.029942999
649283788,649283687,0.5616965,0.2472439,0.02742662
649287539,649287438,0.5630806,0.2445334,0.020387687
649291311,649291210,0.5634311,0.24688365,0.016148452
649295078,649294978,0.56417584,0.24729739,0.012907657
649298786,649298687,0.5652375,0.24362434,0.009507042
649301287,649301187,0.5651479,0.24491787,0.008849538
649305083,649304980,0.56625855,0.24465662,0.007790047
649308790,649308687,0.5669827,0.24198,0.0066851736
649312532,649312437,0.5678065,0.24122654,0.0070749978
649316278,649316187,0.5684667,0.24210443,0.009097678
649318788,649318687,0.5685284,0.237994,0.007573199
649322538,649322437,0.56863075,0.2374733,0.009353134
649326289,649326188,0.5682777,0.23869173,0.013628559
649330088,649329980,0.5689851,0.23487952,0.015788898
649333789,649333687,0.5688624,0.2336611,0.020816267
649336312,649336211,0.5688687,0.23416042,0.02395812
649340080,649339980,0.56850076,0.23103744,0.026930364
649343790,649343688,0.56760484,0.23010328,0.033221226
649347541,649347440,0.5679171,0.22749427,0.037566833
649351311,649351210,0.56698436,0.22826478,0.043681893
649353789,649353688,0.5668571,0.22686413,0.048175093
649357538,649357437,0.5665829,0.22412527,0.053327907
649361278,649361186,0.5652191,0.22380948,0.06002845
649365089,649364980,0.5651971,0.22219688,0.066013835
649368787,649368687,0.5647362,0.22136137,0.072155714
649371289,649371188,0.564,0.22152612,0.07754694
649375081,649374980,0.5639717,0.21981117,0.08436778
649378781,649378687,0.5632673,0.22076587,0.09079987
649382538,649382437,0.5634878,0.22010922,0.09611189
649386288,649386188,0.56330484,0.21858196,0.10274998
649388786,649388686,0.5630017,0.22037919,0.10646525
649392547,649392438,0.5632274,0.21916077,0.111315325
649396312,649396211,0.5634303,0.22010128,0.11786556
649400077,649399978,0.56389135,0.22337393,0.123599954
649403789,649403687,0.56450194,0.2223237,0.12703319
649406289,649406187,0.56460756,0.22260283,0.12868422
649410081,649409980,0.5652522,0.22636425,0.13335365
649413788,649413687,0.5659897,0.22722901,0.13603452
649417538,649417437,0.5669047,0.23158939,0.14001967
649421286,649421186,0.56787753,0.23117971,0.14217679
649423788,649423687,0.5684148,0.2328074,0.14254385
649427536,649427437,0.56907535,0.23719025,0.14449705
649431282,649431188,0.5696688,0.23758827,0.14476024
649435081,649434980,0.57042104,0.23980947,0.14405146
649438788,649438687,0.5711715,0.24337347,0.14433037
649441312,649441211,0.57171816,0.24437599,0.14299126
649445078,649444979,0.5723697,0.24659207,0.14262132
649448786,649448687,0.5722512,0.2496746,0.14096443
649452541,649452438,0.57290626,0.2518507,0.1366559
649456312,649456211,0.57305646,0.25286224,0.13419008
649458787,649458687,0.5726942,0.2532214,0.12978134
649462539,649462437,0.5730922,0.256601,0.12631433
649466278,649466186,0.5721593,0.25781682,0.123713985
649470082,649469980,0.57213783,0.2558691,0.11593377
649473788,649473688,0.5720506,0.25981286,0.11146621
649476290,649476188,0.57121104,0.26129895,0.10760209
649480093,649479979,0.5713319,0.2592148,0.10044121
649483789,649483687,0.56961095,0.26226526,0.09516384
649487537,649487437,0.5693565,0.25957426,0.08661348
649491289,649491188,0.56888866,0.26146555,0.08046861
649493789,649493687,0.56779927,0.26401827,0.077116884
649497540,649497438,0.5679183,0.25896963,0.06906318
649501311,649501211,0.56674427,0.26145512,0.063762814
649505080,649504980,0.5660766,0.26424488,0.05783557
649508786,649508686,0.5655785,0.25993586,0.04909888
649511278,649511186,0.56514573,0.2612497,0.044999775
649515091,649514981,0.5652045,0.26344857,0.039179824
649518786,649518687,0.5645641,0.25908098,0.033235423
649522539,649522437,0.5644663,0.2598,0.028876657
649526288,649526187,0.56402713,0.2617953,0.023945127
649528787,649528687,0.5642774,0.25785553,0.018687507
649532539,649532438,0.5648232,0.2576138,0.01369934
649536288,649536188,0.5646377,0.25846693,0.010746949
649540080,649539979,0.5652401,0.25609252,0.006435125
649543790,649543687,0.5651759,0.2561123,0.003248527
649546312,649546211,0.5657369,0.25681427,0.0018391262
649550078,649549978,0.5663334,0.2547924,-0.0007286862
649553788,649553687,0.5666963,0.2537208,-0.0021197444
649557539,649557438,0.5680614,0.2510082,-0.0045415307
649561312,649561211,0.56802666,0.251379,-0.0036429206
649563790,649563687,0.56817484,0.2497689,-0.0038967356
649567543,649567437,0.56881577,0.24928534,-0.0029980412
649571286,649571187,0.56903577,0.24922046,-0.00057485246
649575081,649574980,0.57019806,0.2472649,0.0007139401
649578788,649578687,0.57017994,0.24755742,0.004804509
649581282,649581188,0.570141,0.24786697,0.0064048134
649585081,649584980,0.57044786,0.24540399,0.009427786
649588787,649588687,0.569993,0.24654524,0.015644178
649592539,649592437,0.5702548,0.24470976,0.018967312
649596283,649596188,0.57022387,0.24379715,0.024608558
649598787,649598687,0.56996655,0.2455714,0.029383827
649602540,649602438,0.5698181,0.24364068,0.03480453
649606314,649606210,0.56922936,0.24439512,0.04017075
649610078,649609978,0.56897914,0.24541503,0.047254533
649612854,649612731,0.56844044,0.24375409,0.05190609
649616579,649616480,0.568029,0.12979612,0.0354931
649620329,649620230,0.56890994,0.20352711,0.08223308
649624081,649623980,0.569044,0.20399237,0.078392774
649626580,649626480,0.56928676,0.20495833,0.07543918
649630328,649630230,0.56868094,0.17182864,0.062373918
649634082,649633980,0.5685748,0.17177263,0.06811653
649637828,649637730,0.56792885,0.17037769,0.07807377
649641579,649641479,0.56733555,0.18228054,0.094575115
649644083,649643980,0.56776905,0.1820104,0.099555634
649647828,649647730,0.566852,0.18220495,0.108366944
649651579,649651480,0.56703806,0.2193103,0.13336234
649655331,649655231,0.567403,0.21982557,0.13726582
649659079,649658979,0.56674457,0.22791222,0.14349352
649661579,649661480,0.56779444,0.22818759,0.14375278
649665327,649665229,0.56765026,0.2301828,0.14606561
649669079,649668979,0.5679241,0.23629758,0.14882727
649672828,649672729,0.5689839,0.2370244,0.15045945
649676580,649676480,0.56877714,0.23954658,0.15271653
649679080,649678980,0.5700557,0.24295864,0.15319657
649682826,649682729,0.56982005,0.24379958,0.15295331
649686580,649686480,0.57011163,0.24644943,0.15090986
649690329,649690229,0.57135046,0.24527648,0.14793275
649694092,649693979,0.57099,0.24826904,0.14612867
649696581,649696480,0.5720621,0.24842198,0.14428152
649700328,649700230,0.5720263,0.25136036,0.14157188
649704086,649703981,0.5722173,0.25386348,0.13718468
649707828,649707730,0.572828,0.25400805,0.13197288
649711580,649711480,0.5725318,0.2532527,0.12528749
649714081,649713980,0.57309246,0.2548642,0.12103659
649717827,649717729,0.5724606,0.25583577,0.116440944
649721591,649721480,0.5725486,0.25777823,0.11073168
649725329,649725230,0.572547,0.25986814,0.10471829
649729080,649728979,0.57167286,0.25669917,0.09486363
649731580,649731480,0.5720393,0.25743747,0.09083773
649736582,649736480,0.5710489,0.25996003,0.08251186
649739084,649738983,0.57085556,0.26081812,0.07823863
649742828,649742729,0.57023406,0.26185322,0.072731
649746580,649746480,0.5689235,0.26369387,0.06598979
649749079,649748979,0.56940806,0.25904363,0.058662098
649752826,649752729,0.5679713,0.2596583,0.05249985
649756582,649756481,0.5678518,0.26128668,0.046327423
649760330,649760230,0.56721735,0.26122573,0.040850013
649764083,649763980,0.56567496,0.26254717,0.036620893
649766581,649766480,0.56652635,0.2627149,0.03296616
649770329,649770230,0.5651386,0.25744903,0.025392374
649774080,649773979,0.5651296,0.25765446,0.020264702
649777828,649777729,0.56529945,0.2582745,0.017372016
649781579,649781480,0.56431955,0.2575677,0.014831923
649784086,649783980,0.5649253,0.25690454,0.012711792
649787828,649787729,0.564099,0.25770906,0.010986778
649791580,649791480,0.5640116,0.2515509,0.00583149
649795328,649795230,0.56462455,0.25033638,0.005138235
649799082,649798980,0.5646202,0.24903224,0.0057296013
649801579,649801480,0.56530833,0.2492764,0.005191113
649805331,649805231,0.5652108,0.24859113,0.007109455
649809083,649808980,0.56548893,0.24095115,0.005204651
649812828,649812729,0.5661896,0.24102686,0.00787832
649816580,649816480,0.5663786,0.24076253,0.009912387
649819079,649818979,0.5670014,0.2383095,0.011092003
649822829,649822729,0.5673664,0.23846109,0.01613884
649826580,649826480,0.56815416,0.23725879,0.020204537
649830336,649830230,0.56846136,0.229372,0.02075834
649834084,649833980,0.56867933,0.2283987,0.025519669
649836581,649836481,0.5693838,0.22863373,0.028540503
649840332,649840230,0.569437,0.22685997,0.034026243
649844084,649843980,0.56998646,0.22622813,0.038722195
649847835,649847730,0.57032764,0.22592357,0.045883834
649851579,649851480,0.5700003,0.208544,0.04295347
649854083,649853980,0.57067066,0.20708443,0.04531144
649857828,649857730,0.56993884,0.20729226,0.052226644
649861580,649861480,0.57045084,0.20505244,0.056087803
649865329,649865231,0.57063115,0.20425323,0.062904626
649869085,649868980,0.56947196,0.20356944,0.06911822
649871578,649871480,0.5700669,0.20311227,0.071580715
649876583,649876482,0.5696441,0.20259777,0.07855655
649879082,649878980,0.5691378,0.20241988,0.08140806
649882827,649882729,0.5691293,0.20194064,0.08679938
649886580,649886480,0.5680302,0.20206219,0.09094908
649889080,649888980,0.56864536,0.20196514,0.09319174
649892826,649892729,0.56760925,0.20261638,0.096464776
649896581,649896480,0.56734484,0.20291032,0.09830809
649900329,649900230,0.5675414,0.20381789,0.10169103
649904080,649903980,0.5668217,0.20493658,0.104321554
649906582,649906481,0.5673115,0.20415118,0.10467347
649910328,649910229,0.5667417,0.20635569,0.10575601
649914086,649913980,0.5669045,0.2072422,0.10535782
649917828,649917730,0.5671912,0.20664258,0.10521708
649921580,649921480,0.5668183,0.20920414,0.105479375
649924089,649923983,0.5674731,0.21042822,0.1045477
649927828,649927730,0.56709856,0.21044697,0.10280092
649931578,649931480,0.56778204,0.2126731,0.10107239
649935329,649935230,0.5680915,0.21404159,0.098291084
649939091,649938983,0.5681765,0.21634568,0.095676444
649941579,649941480,0.56918645,0.21642163,0.09383701
649946583,649946481,0.5694259,0.21829137,0.08850872
649949079,649948979,0.569733,0.21926156,0.08462056
649952828,649952730,0.5702478,0.21950744,0.08054145
649956579,649956480,0.5699901,0.221885,0.07717038
649959078,649958979,0.57122403,0.22121616,0.07321837
649962826,649962729,0.5706032,0.22211821,0.06801826
649966582,649966481,0.5715665,0.22335692,0.06343944
649970328,649970230,0.5719552,0.22228926,0.056917645
649974083,649973980,0.57115334,0.22456706,0.051968403
649976580,649976480,0.57222855,0.22507618,0.048353944
649980327,649980229,0.5713803,0.22290294,0.043258294
649984082,649983980,0.5718351,0.22438432,0.038743023
649987828,649987730,0.57172245,0.22525327,0.03367145
649991580,649991480,0.5709302,0.2225173,0.026570093
649994082,649993980,0.57150507,0.22312558,0.023400094
649997829,649997730,0.57043564,0.22436883,0.019381382
650001579,650001480,0.5704172,0.22096671,0.013455929
650005331,650005231,0.56992114,0.22163598,0.010934033
650009082,650008980,0.56918216,0.21798992,0.0050632684
650011580,650011480,0.5692605,0.21832268,0.002477645
650015329,650015230,0.56832534,0.21926847,0.00029576122
650019078,650018979,0.56822526,0.21556336,-0.005312301
650022827,650022729,0.56778705,0.2154267,-0.006781798
650026581,650026481,0.5670324,0.21537685,-0.0073309136
650029082,650028980,0.5668972,0.2110221,-0.010681738
650032830,650032730,0.5663934,0.21176341,-0.011003727
650036582,650036481,0.56674176,0.21125782,-0.012244137
650040327,650040229,0.566257,0.20796886,-0.014372464
650044082,650043980,0.5658128,0.20787449,-0.0123763485
650046580,650046480,0.5662328,0.20776048,-0.011936497
650050329,650050229,0.56598246,0.20430498,-0.011945148
650054087,650053984,0.5665544,0.20285352,-0.01189167
650057828,650057730,0.56651676,0.203158,-0.009584326
650061578,650061480,0.56652,0.20050284,-0.008244706
650064086,650063980,0.56744736,0.19834603,-0.0077092545
650067826,650067729,0.5672916,0.19870444,-0.0039900546
650071579,650071480,0.5682298,0.19680853,-0.0018679713
650075332,650075230,0.56864566,0.19521229,0.0009635598
650079078,650078979,0.5684616,0.19482823,0.005528445
650081580,650081480,0.5696238,0.19410239,0.0072913906
650085329,650085230,0.56946164,0.19297945,0.012024953
650089078,650088979,0.5702235,0.19299154,0.01538978
650092827,650092729,0.571032,0.1919024,0.021086367
650096582,650096481,0.57087934,0.19092724,0.024750594
650099086,650098984,0.5719125,0.19156532,0.028427782
650102830,650102730,0.57170355,0.1914842,0.03445831
650106583,650106480,0.5719163,0.19014567,0.03823257
650110329,650110230,0.5722159,0.19118434,0.04388061
650114082,650113980,0.5718444,0.19100724,0.048177052
650116580,650116480,0.57231957,0.1900273,0.050932318
650120332,650120230,0.5720546,0.19099282,0.056480676
650124089,650123980,0.5722616,0.19035125,0.0593951
650127827,650127729,0.57196933,0.1901355,0.06359692
650131579,650131480,0.5712956,0.19170709,0.06894591
650134082,650133980,0.5714627,0.19224732,0.07054946
650137827,650137729,0.5705733,0.19160391,0.074081935
650141583,650141480,0.57068056,0.19237696,0.07689847
650145328,650145229,0.57021165,0.19300443,0.07858064
650149078,650148979,0.56947845,0.19337738,0.0806693
650151579,650151480,0.57001287,0.19342595,0.08218031
650156583,650156481,0.5690614,0.19515201,0.08590153
650159079,650158979,0.5690706,0.19409633,0.08335222
650162828,650162729,0.56862044,0.1942643,0.08373018
650166581,650166481,0.5679736,0.1954291,0.08508344
650170373,650170273,0.5688716,0.19422473,0.08266455
650172829,650172730,0.56785804,0.19467878,0.08274611
650176582,650176481,0.56855357,0.19651535,0.080579266
650180328,650180229,0.56844395,0.19513914,0.077685826
650184084,650183980,0.56774414,0.19669065,0.0765123
650186581,650186480,0.5687879,0.19728564,0.07351416
650190330,650190230,0.568231,0.19594325,0.069791704
650194084,650193980,0.5692298,0.197342,0.067059614
650197828,650197730,0.56953776,0.19747216,0.06311236
650201578,650201480,0.5692546,0.19617815,0.05567607
650204083,650203980,0.57003045,0.1977513,0.052843913
650207828,650207730,0.5698494,0.19840862,0.049689945
650211579,650211479,0.57048124,0.1958708,0.043266993
650215330,650215230,0.57084525,0.19768082,0.038824867
650219079,650218979,0.57082087,0.19536014,0.032118607
650221589,650221480,0.5712566,0.19540419,0.028846445
650226584,650226482,0.5713051,0.19680224,0.022114428
650229088,650228983,0.5717195,0.19457681,0.01635926
650232828,650232729,0.5716956,0.19497183,0.012263212
650236582,650236482,0.57145125,0.1960313,0.008046876
650239082,650238980,0.5716243,0.19362481,0.003922604
650242828,650242729,0.57140017,0.1940312,-0.0007063278
650246580,650246480,0.57191056,0.19455737,-0.0064622206
650250330,650250230,0.57076836,0.1925075,-0.009339106
650254084,650253980,0.5704577,0.19286758,-0.012989597
650256582,650256480,0.57060707,0.1932301,-0.014463451
650260331,650260230,0.5698993,0.191593,-0.019087464
650264091,650263984,0.57007295,0.19116883,-0.023455996
650267826,650267729,0.56923294,0.1908313,-0.024736881
650271579,650271480,0.56816185,0.18907273,-0.02629043
650274086,650273983,0.56836903,0.18809232,-0.026898207
650277827,650277729,0.56725484,0.18859996,-0.027917428
650281579,650281480,0.56753194,0.18720742,-0.030521313
650285329,650285230,0.566906,0.1858219,-0.028803399
650289078,650288979,0.56619555,0.18401879,-0.027694058
650291579,650291480,0.5664974,0.18368009,-0.028034227
650296582,650296481,0.56586844,0.18262103,-0.026102023
650299084,650298980,0.56592596,0.18118507,-0.026341131
650302828,650302730,0.5658237,0.18078354,-0.023198258
650306591,650306480,0.56530344,0.17990753,-0.020359
650309089,650308980,0.5657053,0.17743286,-0.01921575
650312828,650312729,0.56549174,0.17739207,-0.014968252
650316580,650316480,0.565926,0.17610303,-0.011743731
650320330,650320230,0.5663439,0.17483544,-0.0073626856
650324082,650323980,0.5665259,0.17383717,-0.0037064173
650326581,650326481,0.5670787,0.17284581,-0.00038717242
650330330,650330230,0.56709987,0.17124613,0.0032354982
650334082,650333980,0.5678012,0.17034972,0.006966987
650337828,650337729,0.5682234,0.16990113,0.013526051
650341580,650341480,0.5686322,0.16816144,0.018258601
650344083,650343980,0.5692339,0.16765425,0.021750454
650347828,650347729,0.5695007,0.16726005,0.02527189
650351579,650351480,0.5704652,0.16573052,0.029222047
650355329,650355230,0.5701036,0.16500749,0.034697365
650359081,650358979,0.5705134,0.16408895,0.03877298
650361578,650361480,0.57129085,0.1641059,0.04150467
650365328,650365230,0.5707228,0.16354793,0.0453096
650369090,650368985,0.5716964,0.16182925,0.048490565
650372829,650372730,0.57134885,0.16186975,0.05172877
650376581,650376480,0.5710299,0.16222724,0.054903395
650379081,650378980,0.5716168,0.1610393,0.056432344
650382827,650382729,0.57076734,0.16038889,0.05851662
650386582,650386481,0.5712245,0.16122167,0.06071267
650390330,650390230,0.5705998,0.16131306,0.06268443
650394084,650393980,0.5700917,0.16203028,0.063358895
650396581,650396480,0.57052505,0.16134416,0.06310675
650400337,650400230,0.56927276,0.16129404,0.06275571
650404082,650403980,0.5695606,0.16201647,0.06355271
650407828,650407729,0.5690016,0.16178086,0.0627344
650411579,650411480,0.5682847,0.16252677,0.060326554
650414082,650413980,0.56840426,0.16311581,0.059214223
650417827,650417729,0.56764615,0.16366626,0.057750445
650421581,650421480,0.5679627,0.16425973,0.05434803
650425330,650425230,0.5673098,0.16490865,0.052666005
650429088,650428982,0.56725806,0.16555941,0.049125277
650431579,650431480,0.5671897,0.1654014,0.046309378
650435330,650435230,0.56695044,0.16690266,0.042775553
650439081,650438980,0.56745875,0.16755924,0.0384775
650442827,650442729,0.5668519,0.16712293,0.03464761
650446580,650446480,0.56711394,0.16833371,0.029897014
650449080,650448979,0.56737465,0.16746214,0.027218834
650452827,650452729,0.5674592,0.16809654,0.022075145
650456582,650456481,0.5682679,0.1697219,0.017217169
650460331,650460230,0.56804246,0.16899043,0.013353974
650464082,650463980,0.56830585,0.17034152,0.0076703485
650466580,650466480,0.568712,0.16977207,0.0050715045
650470329,650470230,0.5686992,0.1678454,0.0008921264
650474082,650473981,0.5699107,0.16902292,-0.0043097627
650477828,650477729,0.56964636,0.1696836,-0.00827769
650481579,650481480,0.5697051,0.16733062,-0.0133801
650484084,650483981,0.57021993,0.16703886,-0.014891652
650487828,650487730,0.5700329,0.16807577,-0.017203964
650491573,650491480,0.570888,0.16576731,-0.023022348
650495328,650495229,0.5706564,0.16552465,-0.025519392
650499082,650498980,0.57009,0.16277051,-0.028891677
650501578,650501480,0.5705888,0.1626335,-0.030135296
650506582,650506481,0.5702233,0.1626909,-0.03130792
650509079,650508979,0.5701019,0.15915003,-0.03434053
650512827,650512729,0.5698683,0.15943755,-0.034035116
650516583,650516480,0.569274,0.15920562,-0.03446262
650519078,650518979,0.5692984,0.15551412,-0.035957493
650522827,650522729,0.56863105,0.15558968,-0.03534437
650526581,650526480,0.5686161,0.15487275,-0.035894986
650530333,650530230,0.5680266,0.15170988,-0.03498947
650534082,650533980,0.5677601,0.15086132,-0.033658657
650536581,650536481,0.56752163,0.15030237,-0.03159281
650540329,650540229,0.56702316,0.14735246,-0.031104036
650544082,650543980,0.56711394,0.14592469,-0.0309646
650547828,650547729,0.56658787,0.14571112,-0.026934315
650551580,650551480,0.56654507,0.14299987,-0.025315037
650554087,650553980,0.5664247,0.14166218,-0.023369256
650557832,650557730,0.56609976,0.14117227,-0.02022688
650561579,650561480,0.56689787,0.13906722,-0.018294374
650565327,650565230,0.5671756,0.13744766,-0.014188583
650569081,650568980,0.5685511,0.13571456,-0.011619134
650571578,650571480,0.5699058,0.1358668,-0.008388334
650575332,650575230,0.5708204,0.13466951,-0.0046318495
650579080,650578979,0.5735305,0.13365524,-0.002002627
650582827,650582729,0.57470345,0.1330531,0.0022959209
650586580,650586480,0.5756975,0.13120832,0.0052696355
650589078,650588979,0.5765903,0.13154812,0.008548833
650592827,650592729,0.57631665,0.13138978,0.0127991615
650596582,650596481,0.5775868,0.13003002,0.014567214
650600328,650600229,0.57771885,0.13097304,0.018653948
650604081,650603980,0.57787883,0.13050215,0.02242261
650606583,650606480,0.57869714,0.1293496,0.024267348
650610326,650610229,0.5783813,0.13067159,0.027358953
650614084,650613981,0.5793233,0.13031417,0.029439198
650617828,650617730,0.5795422,0.12909485,0.031078361
650621583,650621482,0.5795632,0.13062,0.034270395
650624082,650623980,0.5796921,0.1302732,0.036267217
650627827,650627729,0.57929105,0.12998192,0.03712693
650631578,650631480,0.5800678,0.13183571,0.037614185
650635331,650635230,0.5796386,0.13150321,0.039671678
650639079,650638979,0.5794867,0.13186176,0.0391067
650641580,650641479,0.5792966,0.13188,0.03922298
650645330,650645229,0.5791764,0.13260497,0.03954999
650649080,650648980,0.5792142,0.13248451,0.039234877
650652827,650652729,0.57796764,0.13211146,0.039658915
650656582,650656481,0.5782473,0.13374664,0.037618365
650659078,650658979,0.57789373,0.13291945,0.03609947
650662827,650662729,0.57727057,0.13296637,0.0343718
650666581,650666480,0.577607,0.13429125,0.032244124
650670330,650670230,0.5766047,0.13335499,0.030497326
650674084,650673980,0.5765079,0.13456155,0.027598027
650676588,650676480,0.5763604,0.13453238,0.02619418
650680328,650680230,0.57582945,0.13244756,0.021214407
650684086,650683980,0.5763644,0.13403775,0.018156901
650687850,650687751,0.57556593,0.13410753,0.016941238
650691580,650691480,0.575641,0.13241248,0.00993223
650694082,650693980,0.5759597,0.13295342,0.0077128587
650697828,650697729,0.57544935,0.13363601,0.0048592207
650701579,650701480,0.57613873,0.13066939,-0.00029986445
650705330,650705230,0.5766507,0.1313455,-0.0032777747
650709087,650708981,0.5775712,0.128525,-0.00902992
650711579,650711480,0.5781587,0.12854393,-0.011010192
650716581,650716480,0.5791062,0.1293923,-0.015617808
650719079,650718980,0.5804433,0.12615566,-0.020768763
650722827,650722729,0.58186996,0.12643082,-0.022722363
650726581,650726480,0.58289415,0.12709095,-0.026814485
650729082,650728980,0.5830699,0.123792715,-0.029931499
650732829,650732729,0.58353454,0.12383464,-0.03317115
650736580,650736480,0.5856562,0.12389071,-0.035566483
650740330,650740230,0.5860106,0.121427245,-0.0391325
650744083,650743980,0.5862637,0.12089749,-0.04197163
650746582,650746481,0.5870218,0.12042708,-0.04169111
650750333,650750230,0.58799475,0.118506745,-0.044714615
650754083,650753980,0.5883685,0.1175905,-0.047804337
650757828,650757730,0.5885623,0.11724997,-0.047308564
650761579,650761480,0.59003216,0.11499728,-0.049088012
650764084,650763980,0.5906394,0.11415546,-0.048673373
650767827,650767730,0.5917211,0.11377666,-0.04900977
650771580,650771480,0.5934219,0.11241114,-0.049635787
650775333,650775230,0.59362596,0.11094134,-0.047495395
650779080,650778980,0.594451,0.10926548,-0.047899045
650781579,650781480,0.59543616,0.109199636,-0.04728426
650785329,650785230,0.59612656,0.10760691,-0.045449127
650789081,650788980,0.5981357,0.1063649,-0.043994382
650792828,650792730,0.5983671,0.106419176,-0.04044582
650796580,650796480,0.5989434,0.10458587,-0.03862155
650799082,650798980,0.60009956,0.10349948,-0.036382336
650802828,650802730,0.60073894,0.10257491,-0.03360044
650806582,650806481,0.6026671,0.101047374,-0.030558702
650810329,650810230,0.6035499,0.10126995,-0.026712095
650814082,650813980,0.60458547,0.10028252,-0.023625012
650816582,650816481,0.6055544,0.09921114,-0.020151976
650820330,650820230,0.6065581,0.09811961,-0.017178224
650824082,650823980,0.6085961,0.09677057,-0.0133682
650827828,650827729,0.6097297,0.096617684,-0.009865464
650831579,650831480,0.61117405,0.09589431,-0.005932498
650834082,650833980,0.6120285,0.09497086,-0.0032378195
650837827,650837730,0.6137915,0.09392265,-0.00042994978
650841580,650841480,0.61538357,0.093316674,0.0030997975
650845330,650845230,0.6150647,0.093085036,0.0073710526
650849082,650848980,0.6158848,0.09241855,0.008726812
650851578,650851480,0.6157377,0.09221106,0.011032337
650856583,650856481,0.6162701,0.09100594,0.015859706
650859078,650858979,0.6170595,0.08980114,0.016069094
650862827,650862729,0.61705667,0.089518525,0.019271566
650866582,650866481,0.619351,0.09037966,0.019641701
650869082,650868980,0.61965734,0.08952481,0.02081982
650872829,650872729,0.61992544,0.08859931,0.022616167
650876581,650876481,0.6207868,0.0890765,0.023223355
650880329,650880229,0.61996883,0.08805852,0.024263699
650884082,650883980,0.620453,0.088387,0.022936609
650886580,650886480,0.62035745,0.08832921,0.023244793
650890330,650890230,0.6199655,0.08715759,0.021068612
650894082,650893980,0.6206002,0.087713055,0.021082893
650897829,650897729,0.61983144,0.08754752,0.020743534
650901579,650901479,0.61978126,0.08656422,0.017041087
650904082,650903980,0.61957335,0.08720796,0.015920715
650907827,650907730,0.62038326,0.08744582,0.013818402
650911580,650911480,0.62168163,0.08655849,0.010625172
650915329,650915230,0.62246925,0.08735179,0.0082987035
650919078,650918979,0.62258863,0.08613214,0.004479052
650921580,650921480,0.6222674,0.085781775,0.0025752005
650926582,650926480,0.6216957,0.086820744,-0.002114408
650929085,650928980,0.6219288,0.08551412,-0.006770842
650932828,650932729,0.62118727,0.08533796,-0.009504886
650936580,650936480,0.6218696,0.08607979,-0.012704274
650939082,650938980,0.6223621,0.0848755,-0.014728548
650942827,650942729,0.6239397,0.085255824,-0.020671628
650946582,650946481,0.62470734,0.085478626,-0.025186183
650950333,650950230,0.62420374,0.08382538,-0.028459284
650954084,650953981,0.6253553,0.08465186,-0.032533802
650956582,650956481,0.6259121,0.0841325,-0.033952836
650960330,650960230,0.62666523,0.08255263,-0.038458806
650964086,650963981,0.6271439,0.08229353,-0.042639866
650967827,650967729,0.62658787,0.0822424,-0.045919802
650971579,650971480,0.6277039,0.08037686,-0.048624408
650974082,650973980,0.62860775,0.08021084,-0.04989491
650977828,650977730,0.6291574,0.07987079,-0.05327998
650981579,650981480,0.63035005,0.07764547,-0.05599049
650985328,650985229,0.6311757,0.077619836,-0.056357373
650989078,650988979,0.6320775,0.07478639,-0.060364466
650991579,650991480,0.6323098,0.07440387,-0.060264185
650995328,650995230,0.63210344,0.0736421,-0.06110555
650999082,650998980,0.6328216,0.070486575,-0.06226412
651002829,651002729,0.63257366,0.0709795,-0.061653208
651006584,651006481,0.63290334,0.06986997,-0.062499646
651009080,651008980,0.6330349,0.0666421,-0.062340576
651012827,651012730,0.6326798,0.066456765,-0.06102379
651016581,651016481,0.63318986,0.06511607,-0.059779517
651020330,651020230,0.6326497,0.06255567,-0.057585973
651024082,651023980,0.6327651,0.061069977,-0.057520866
651026581,651026480,0.6327286,0.06075847,-0.054580566
651030328,651030229,0.6324211,0.05723142,-0.05352869
651034083,651033980,0.63270265,0.055946775,-0.05077453
651037827,651037730,0.6333801,0.055218037,-0.047454968
651041580,651041480,0.63476586,0.052632123,-0.046147514
651044082,651043980,0.6349532,0.051797327,-0.04280964
651047828,651047729,0.6362429,0.050817024,-0.0398336
651051579,651051480,0.63776594,0.048976798,-0.036813457
651055331,651055231,0.6381978,0.047723636,-0.033714686
651059081,651058980,0.64001036,0.04535732,-0.030765306
651061579,651061479,0.64021796,0.0450023,-0.02830452
651065330,651065230,0.6418285,0.044224728,-0.026106508
651069087,651068981,0.64336026,0.042589676,-0.022904985
651072828,651072730,0.6435859,0.041887384,-0.01946338
651076582,651076481,0.6457979,0.040487576,-0.017166633
651079080,651078980,0.6462186,0.040659092,-0.014184198
651082827,651082730,0.64801544,0.039492145,-0.013301158
651086580,651086480,0.6500147,0.038442016,-0.0106004905
651090331,651090231,0.6505557,0.038451966,-0.0074975784
651094081,651093980,0.6524566,0.037566416,-0.005655541
651096580,651096480,0.6532583,0.037290543,-0.0047263023
651100338,651100230,0.65504736,0.037508838,-0.0032660034
651104084,651103980,0.65722466,0.03635195,-0.0021519933
651107829,651107729,0.6579589,0.03586114,-0.0020944402
651111579,651111480,0.6600105,0.0362671,-0.00023809883
651114083,651113980,0.661004,0.03593373,0.0018404343
651117828,651117730,0.66267395,0.03620773,0.00044047323
651121580,651121480,0.66422457,0.036039907,-0.0006741882
651125328,651125230,0.6653692,0.036093723,-0.0001284168
651129082,651128980,0.6672803,0.03645104,-0.00076493283
651131579,651131480,0.66790694,0.035649113,-0.0012139083
651136589,651136481,0.66984624,0.036087364,-0.0031312283
651139079,651138979,0.6710458,0.03614286,-0.00543942
651142827,651142729,0.67193675,0.035596825,-0.0062253675
651146580,651146480,0.6736904,0.03623769,-0.008263252
651149087,651148980,0.67370784,0.03576449,-0.009129569
651152828,651152729,0.6737844,0.03617972,-0.01194326
651156582,651156481,0.6736623,0.036722995,-0.013994861
651160329,651160230,0.67293686,0.035188746,-0.017337952
651164083,651163980,0.6733598,0.035721894,-0.019782366
651166583,651166482,0.6724959,0.03577037,-0.020905111
651170329,651170230,0.6725698,0.04670682,-0.037727576
651174082,651173980,0.6726957,0.046997596,-0.03993692
651177827,651177729,0.6715566,0.04684299,-0.04215592
651181579,651181480,0.6717469,0.04460391,-0.047058668
651184082,651183980,0.67115796,0.04536996,-0.047833674
651187829,651187730,0.6711717,0.045415837,-0.051643696
651191579,651191480,0.6715124,0.04241872,-0.055835675
651195328,651195230,0.6703849,0.04242402,-0.05824697
651199084,651198980,0.6706188,0.0394558,-0.063387506
651201578,651201480,0.6703172,0.03981603,-0.06478771
651206585,651206481,0.67035186,0.039802972,-0.067220226
651209081,651208980,0.6709904,0.035514522,-0.0705422
651212828,651212730,0.67031395,0.035814192,-0.07152697
651216580,651216480,0.67035455,0.035327934,-0.07487282
651219079,651218980,0.6704441,0.032021776,-0.07706408
651222826,651222729,0.6705682,0.032183826,-0.0787552
651226582,651226481,0.6711062,0.031413704,-0.0804944
651230328,651230229,0.67079866,0.028280927,-0.081597574
651234082,651233980,0.6711394,0.02750765,-0.08337827
651236581,651236480,0.6713795,0.026826052,-0.08301596
651240327,651240229,0.67170084,0.023675105,-0.08519677
651244081,651243980,0.67217016,0.022814928,-0.084910475
651247828,651247730,0.6717201,0.02226957,-0.08379496
651251580,651251480,0.67248976,0.019269621,-0.0846082
651254090,651253984,0.67202014,0.018206134,-0.083803706
651257829,651257730,0.672564,0.017853266,-0.08382831
651261579,651261480,0.6729297,0.016611258,-0.08257443
651265329,651265230,0.67229694,0.014867366,-0.080761455
651269086,651268980,0.6730412,0.012480423,-0.079827376
651271579,651271480,0.67229307,0.012379187,-0.077681765
651275330,651275230,0.67280424,0.010942044,-0.07656465
651279080,651278980,0.6731614,0.009668596,-0.07324272
651282826,651282729,0.67197996,0.009222302,-0.07090249
651286580,651286480,0.6726218,0.007366823,-0.06927386
651289078,651288979,0.67198855,0.007129493,-0.06546138
651292827,651292729,0.67222464,0.0059890402,-0.06402861
651296581,651296480,0.6725734,0.0050575105,-0.061362214
651300331,651300229,0.6715156,0.005024832,-0.057620108
651304083,651303980,0.6719248,0.0030027542,-0.05542013
651306583,651306480,0.671211,0.0024881682,-0.05151488
651310329,651310230,0.67130816,0.0020257821,-0.049196795
651314083,651313981,0.67158,0.0009193288,-0.046942987
651317828,651317730,0.6710779,0.00025897956,-0.043559067
651321588,651321480,0.6711884,0.00021071914,-0.040401913
651324084,651323981,0.67072076,-0.00064692955,-0.03824119
651327827,651327729,0.67085576,-0.0010776056,-0.036548886
651331581,651331480,0.6710751,-0.0017965458,-0.03483187
651335330,651335230,0.6708401,-0.0018168088,-0.03140733
651339082,651338979,0.6712133,-0.0027892897,-0.029693402
651341580,651341480,0.67074966,-0.0038043337,-0.028017674
651346582,651346480,0.6710384,-0.0039674668,-0.02652019
651349079,651348980,0.6714231,-0.0047065825,-0.026181653
651352827,651352730,0.67136085,-0.0052220556,-0.025135886
651356582,651356481,0.67228776,-0.0050772214,-0.025676182
651359078,651358979,0.6717486,-0.006164646,-0.024109893
651362826,651362729,0.6725822,-0.0060798572,-0.025705455
651366584,651366480,0.6726231,-0.006141391,-0.02616676
651370329,651370230,0.6722927,-0.0073741036,-0.025511349
651374083,651373980,0.67336684,-0.0069024777,-0.026666716
651376580,651376480,0.67261887,-0.0068461797,-0.02659985
651380327,651380229,0.67344445,-0.008880902,-0.030028561
651384083,651383981,0.6736851,-0.008796197,-0.03211676
651387829,651387730,0.6730719,-0.008740958,-0.033061136
651391580,651391480,0.673858,-0.0104381675,-0.03535088
651394082,651393980,0.67323864,-0.009404336,-0.035824988
651397828,651397729,0.67353433,-0.010261705,-0.039831895
651401579,651401480,0.6737788,-0.0122393565,-0.043344732
651405332,651405231,0.67330563,-0.010964378,-0.04562447
651409081,651408981,0.67340803,-0.013564168,-0.048969153
651411579,651411480,0.67302823,-0.0138452975,-0.04920868
651415329,651415230,0.6729882,-0.013271685,-0.05379495
651419083,651418983,0.6732385,-0.015521012,-0.058484748
651422828,651422729,0.67250764,-0.01598595,-0.061572958
651426581,651426480,0.67237395,-0.01589013,-0.06335144
651429085,651428981,0.67213625,-0.016907591,-0.06573911
651432828,651432730,0.6719503,-0.017225891,-0.07101174
651436581,651436481,0.67168313,-0.017925978,-0.07300733
651440328,651440229,0.6711183,-0.019719485,-0.075012274
651444082,651443980,0.6712016,-0.019857759,-0.07973434
651446580,651446480,0.670727,-0.02037995,-0.08065973
651450330,651450230,0.67088425,-0.022340352,-0.0845675
651454088,651453980,0.6706705,-0.023287771,-0.08622577
651457828,651457730,0.6700529,-0.023898425,-0.08722144
651461579,651461480,0.6705581,-0.024547871,-0.09121518
651464083,651463981,0.6699082,-0.025235191,-0.09164779
651467827,651467729,0.6704575,-0.026160786,-0.09304724
651471578,651471480,0.6703362,-0.027688527,-0.09366394
651475330,651475230,0.66974145,-0.02836297,-0.09371771
651479082,651478980,0.67079,-0.031035226,-0.09581427
651481579,651481480,0.66993684,-0.031218462,-0.0958222
651485330,651485230,0.6706046,-0.032397445,-0.09684799
651489079,651488979,0.67099404,-0.034552492,-0.0950232
651492827,651492729,0.6705153,-0.034940284,-0.094030045
651496582,651496481,0.67134565,-0.036332805,-0.09380867
651499085,651498980,0.6708923,-0.037614007,-0.092461996
651502828,651502729,0.67143095,-0.038668033,-0.09255589
651506583,651506480,0.6720455,-0.040895034,-0.08953801
651510327,651510229,0.67141664,-0.04165605,-0.08694713
651514082,651513980,0.67222273,-0.043415926,-0.08558981
651516581,651516480,0.67200166,-0.04384734,-0.083296776
651520330,651520230,0.67231554,-0.046376783,-0.0820823
651524082,651523980,0.6727243,-0.047989152,-0.07891727
651527828,651527729,0.67224306,-0.048417807,-0.07482138
651531578,651531479,0.67279077,-0.050389856,-0.073936194
651534083,651533981,0.6721857,-0.051069744,-0.071741395
651537827,651537729,0.67264885,-0.051708117,-0.06820984
651541579,651541480,0.6725736,-0.053530626,-0.06436799
651545329,651545230,0.672143,-0.055232216,-0.06181597
651549078,651548979,0.67275697,-0.056817133,-0.059449673
651551581,651551480,0.6721086,-0.05780496,-0.05660598
651556583,651556481,0.6719685,-0.059160907,-0.053939506
651559078,651558979,0.67209005,-0.059989043,-0.05285721
651562828,651562730,0.6715399,-0.06054732,-0.049202826
651566580,651566480,0.6721692,-0.06114654,-0.047077727
651569086,651568981,0.6712511,-0.06160169,-0.04516741
651572828,651572730,0.67203027,-0.062457297,-0.043868694
651576580,651576480,0.67146623,-0.06306882,-0.041685577
651580328,651580229,0.67100245,-0.06430168,-0.039566822
651584087,651583984,0.6718771,-0.06415703,-0.03976865
651586582,651586482,0.67077583,-0.06464879,-0.038506832
651590329,651590230,0.6715585,-0.065696135,-0.039565552
651594084,651593980,0.671432,-0.065939926,-0.038108908
651597828,651597730,0.6708082,-0.06624906,-0.036926992
651601579,651601480,0.6718693,-0.06606655,-0.038454287
651604082,651603980,0.6712488,-0.06590102,-0.037785623
651607827,651607729,0.6718702,-0.06711452,-0.039119836
651611579,651611480,0.67191225,-0.067511335,-0.040259544
651615329,651615230,0.6716398,-0.06648629,-0.041586224
651619079,651618979,0.6724022,-0.06725731,-0.043831807
651621579,651621480,0.6720368,-0.06807893,-0.043039348
651625329,651625230,0.67243254,-0.06770578,-0.045351576
651629087,651628980,0.6726194,-0.06836068,-0.048490208
651632828,651632729,0.6726347,-0.06868447,-0.05078115
651636581,651636480,0.67312145,-0.06855015,-0.05372125
651639082,651638980,0.67266786,-0.06875803,-0.0543544
651642827,651642729,0.6729792,-0.06938741,-0.057438992
651646580,651646480,0.6732026,-0.06974691,-0.05986204
651650331,651650230,0.67315924,-0.07123162,-0.063466474
651654087,651653982,0.673429,-0.070535295,-0.06708642
651656582,651656481,0.67292255,-0.07130977,-0.06806488
651660331,651660231,0.67343473,-0.07325625,-0.07188114
651664088,651663983,0.67298037,-0.07275434,-0.07366445
651667827,651667729,0.6727777,-0.072763585,-0.076602556
651671580,651671480,0.6732757,-0.07436964,-0.079645336
651674085,651673980,0.6723964,-0.074593805,-0.08021093
651677826,651677729,0.6727727,-0.0752077,-0.08390493
651681579,651681480,0.6723968,-0.07742802,-0.08671661
651685329,651685230,0.67154545,-0.0772581,-0.087678954
651689079,651688979,0.6723114,-0.080542274,-0.09178343
651691578,651691480,0.6713064,-0.08046879,-0.091535546
651695328,651695230,0.6715444,-0.08159259,-0.09327195
651699082,651698980,0.6717009,-0.08477744,-0.095047176
651702828,651702729,0.6707882,-0.08478062,-0.09687688
651706582,651706481,0.67111397,-0.085741684,-0.098705456
651709081,651708980,0.6702936,-0.08829132,-0.09833667
651712829,651712730,0.67067194,-0.0887871,-0.09863241
651716580,651716480,0.67092294,-0.09049738,-0.099077314
651720330,651720230,0.6703496,-0.09321252,-0.099656895
651724082,651723980,0.6708143,-0.09446621,-0.099884234
651726582,651726481,0.6703215,-0.09452898,-0.09891731
651730329,651730230,0.67066103,-0.0980161,-0.10003784
651734082,651733980,0.670835,-0.099388756,-0.09844208
651737827,651737729,0.6705092,-0.100060634,-0.09735008
651741580,651741480,0.67112017,-0.10219438,-0.09623759
651744082,651743980,0.6707318,-0.103480995,-0.09468028
651747828,651747730,0.671442,-0.10485873,-0.09432043
651751579,651751480,0.67135996,-0.10711704,-0.09254369
651755330,651755230,0.67149436,-0.10877232,-0.09156981
651759086,651758981,0.6722971,-0.11057474,-0.08960357
651761578,651761480,0.671501,-0.11102759,-0.08725739
651765330,651765230,0.6725481,-0.11217593,-0.08549251
651769081,651768980,0.6724676,-0.11340786,-0.08229195
651772828,651772730,0.6723359,-0.11476433,-0.079975046
651776580,651776480,0.6732937,-0.11635282,-0.077934824
651779080,651778979,0.6721883,-0.11612833,-0.07495147
651782834,651782729,0.6733711,-0.11756036,-0.07442097
651786582,651786481,0.67317593,-0.11812247,-0.07134369
651790330,651790230,0.67259586,-0.11899887,-0.06832613
651794082,651793980,0.67346245,-0.12079034,-0.06633205
651796581,651796480,0.67235345,-0.12114319,-0.064009614
651800328,651800230,0.6733203,-0.12147234,-0.06253883
651804083,651803980,0.67306507,-0.122719444,-0.06041857
651807828,651807729,0.6724004,-0.12368372,-0.057741087
651811580,651811480,0.67295396,-0.123557925,-0.05783509
651814083,651813980,0.67198694,-0.12376108,-0.05551543
651817828,651817730,0.6724971,-0.12493203,-0.05383467
651821580,651821480,0.6725164,-0.12510121,-0.052953
651825329,651825230,0.6721125,-0.1254368,-0.051802475
651829082,651828980,0.6723824,-0.1264508,-0.050873615
651831579,651831480,0.6717352,-0.12671493,-0.05005505
651835329,651835230,0.67208576,-0.1271236,-0.05085549
651839080,651838979,0.6715361,-0.12799516,-0.050093286
651842827,651842729,0.67144287,-0.12845986,-0.05029018
651846580,651846480,0.6718697,-0.12840536,-0.051026992
651849079,651848980,0.67132217,-0.129247,-0.050525256
651852826,651852729,0.67188054,-0.12976152,-0.052762844
651856582,651856481,0.6713893,-0.13008656,-0.05250974
651860330,651860231,0.67148435,-0.13201644,-0.053890187
651864084,651863980,0.6719744,-0.13145147,-0.05598623
651866581,651866480,0.6714088,-0.1317123,-0.056791916
651870328,651870229,0.6722662,-0.13339008,-0.060222153
651874090,651873980,0.67164534,-0.13349581,-0.060518842
651877827,651877729,0.6717236,-0.13398597,-0.061554
651881580,651881480,0.6728714,-0.13496782,-0.06628182
651884082,651883980,0.672069,-0.13478188,-0.06644332
651887829,651887730,0.67289317,-0.13575959,-0.07065689
651891580,651891480,0.6725293,-0.13778663,-0.072997406
651895328,651895230,0.6723997,-0.13746378,-0.07346875
651899085,651898980,0.6732474,-0.14062129,-0.07828433
651901579,651901479,0.67237145,-0.14095595,-0.07949328
651906584,651906480,0.67269236,-0.14120439,-0.08322804
651909080,651908979,0.6731682,-0.14319241,-0.08512958
651912827,651912730,0.67277056,-0.143466,-0.08761681
651916582,651916481,0.6731112,-0.14449637,-0.089690655
651919078,651918979,0.6724971,-0.14626524,-0.09128908
651922828,651922730,0.67289233,-0.14704487,-0.09489863
651926580,651926480,0.672796,-0.1478028,-0.095877156
651930332,651930229,0.6724105,-0.15015683,-0.098585375
651934082,651933980,0.672459,-0.15063721,-0.10155486
651936580,651936480,0.6720534,-0.15082557,-0.101219945
651940329,651940230,0.6720691,-0.15329492,-0.10422372
651944083,651943980,0.67169315,-0.15453134,-0.1048892
651947828,651947729,0.67143935,-0.15511005,-0.10561369
651951579,651951480,0.6715625,-0.157246,-0.10766578
651954086,651953980,0.6711892,-0.15848364,-0.10786599
651957832,651957730,0.67129236,-0.1590516,-0.10730055
651961580,651961480,0.67054147,-0.16054004,-0.10662643
651965327,651965229,0.6704953,-0.16187622,-0.1070653
651969082,651968980,0.6708685,-0.16380662,-0.10817949
651971578,651971480,0.67020893,-0.16448663,-0.10713878
651976582,651976481,0.6704805,-0.16625243,-0.10468194
651979079,651978979,0.6703943,-0.1675534,-0.1030736
651982828,651982730,0.6700514,-0.16869245,-0.102233104
651986581,651986481,0.67078227,-0.17018276,-0.10248646
651989079,651988979,0.66989654,-0.1708355,-0.100610785
651992839,651992729,0.6709591,-0.17217447,-0.09879596
651996581,651996480,0.6706789,-0.17316373,-0.095581375
652000329,652000230,0.67053115,-0.17536236,-0.09506347
652004085,652003981,0.67174506,-0.17712204,-0.09358879
652006581,652006481,0.6707567,-0.17734395,-0.09081815
652010327,652010229,0.6714835,-0.17951727,-0.08883011
652014081,652013980,0.671545,-0.18081741,-0.08568164
652017828,652017729,0.67159075,-0.1816514,-0.08342527
652021580,652021480,0.6724479,-0.18313117,-0.082338326
652024083,652023981,0.6717647,-0.18360889,-0.08021016
652027828,652027730,0.67265874,-0.18456891,-0.0781757
652031581,652031480,0.67252624,-0.18638436,-0.07473384
652035330,652035231,0.67239535,-0.18763271,-0.07219182
652039082,652038980,0.673136,-0.18948029,-0.0708292
652041579,652041480,0.6725226,-0.19002604,-0.06867492
652046582,652046481,0.67295367,-0.19156109,-0.067423515
652049080,652048980,0.67277545,-0.1924244,-0.066318914
652052827,652052729,0.6729975,-0.19265932,-0.06335975
652056582,652056481,0.6732894,-0.193504,-0.06159805
652059085,652058979,0.67270476,-0.1943229,-0.06030458
652062826,652062729,0.6732206,-0.19482553,-0.060159996
652066581,652066481,0.67226803,-0.19542181,-0.059697837
652070330,652070230,0.67254704,-0.19732334,-0.05878068
652074082,652073980,0.67307115,-0.19770496,-0.05911902
652076581,652076480,0.672115,-0.19818908,-0.05755208
652080327,652080229,0.6727534,-0.19927329,-0.059042748
652084082,652083980,0.67172486,-0.19895852,-0.059473738
652087829,652087730,0.67165667,-0.1997331,-0.06010464
652091579,652091480,0.672269,-0.2005532,-0.06081074
652094083,652093980,0.67121184,-0.20042095,-0.061054304
652097828,652097730,0.67204833,-0.2023525,-0.06293283
652101578,652101480,0.6713982,-0.20338088,-0.06411795
652105332,652105231,0.67122775,-0.20272236,-0.06662687
652109081,652108980,0.6718319,-0.20392254,-0.06877206
652111579,652111480,0.67101747,-0.20416696,-0.06873433
652116582,652116481,0.6713618,-0.20486248,-0.07208726
652119080,652118979,0.6712133,-0.20586029,-0.074196
652122827,652122729,0.6712233,-0.20622107,-0.07738673
652126580,652126480,0.6716899,-0.20692739,-0.079499
652129087,652128980,0.67145574,-0.20759584,-0.0803781
652132828,652132730,0.672017,-0.2083588,-0.08426029
652136581,652136480,0.67168826,-0.20859401,-0.08504508
652140329,652140230,0.67168087,-0.20997868,-0.08888926
652144082,652143980,0.6720948,-0.21091871,-0.09165498
652146580,652146480,0.67201364,-0.21147706,-0.09251413
652150329,652150230,0.6725667,-0.2128413,-0.095975086
652154083,652153980,0.6719888,-0.21357909,-0.09857917
652157827,652157729,0.6724566,-0.21432362,-0.099370904
652161579,652161480,0.6726755,-0.21504228,-0.101052694
652164081,652163980,0.67253584,-0.21606044,-0.10193375
652167827,652167729,0.6730064,-0.21666618,-0.10509149
652171580,652171480,0.672246,-0.21880315,-0.10626886
652175329,652175230,0.6724454,-0.21905842,-0.10884265
652179081,652178982,0.6727052,-0.22188331,-0.11041042
652181579,652181480,0.67221755,-0.22294326,-0.11004073
652185328,652185230,0.67295367,-0.2241764,-0.111723505
652189082,652188980,0.6718854,-0.2256884,-0.1106655
652192828,652192730,0.67176753,-0.22620526,-0.11089903
652196580,652196480,0.6722799,-0.22754975,-0.11106294
652199083,652198980,0.6713405,-0.2296908,-0.11157447
652202828,652202729,0.67194086,-0.23089167,-0.112455025
652206583,652206480,0.6712969,-0.23189038,-0.10967913
652210329,652210230,0.6710073,-0.2345239,-0.10910495
652214082,652213980,0.67140657,-0.23643133,-0.10844381
652216581,652216481,0.6706308,-0.23677436,-0.1071036
652220329,652220230,0.6713128,-0.23962015,-0.10699435
652224082,652223980,0.6707927,-0.24089076,-0.10447975
652227826,652227729,0.67043746,-0.24170788,-0.10349635
652231579,652231480,0.6709601,-0.24469936,-0.102597855
652234082,652233980,0.6706498,-0.24528395,-0.1005018
652237828,652237730,0.6710193,-0.24665193,-0.09799477
652241579,652241479,0.6705932,-0.24915299,-0.09661554
652245328,652245229,0.670864,-0.25061196,-0.09536538
652249086,652248980,0.6714465,-0.25232598,-0.09293591
652251579,652251480,0.6709194,-0.25298175,-0.09064115
652256583,652256481,0.6715722,-0.2550285,-0.088360384
652259081,652258980,0.67144674,-0.25508672,-0.08663138
652262829,652262729,0.67155683,-0.25630915,-0.08478721
652266580,652266480,0.67226255,-0.25749466,-0.08208405
652269079,652268979,0.67197526,-0.25798118,-0.08047944
652272827,652272729,0.67270964,-0.25922373,-0.07969768
652276581,652276481,0.6720256,-0.25987402,-0.076862104
652280328,652280229,0.6726664,-0.26087487,-0.07530348
652284084,652283980,0.6733111,-0.2617421,-0.073904485
652286581,652286480,0.6723312,-0.26264492,-0.07281865
652290327,652290229,0.67345965,-0.2635277,-0.07217547
652294081,652293980,0.6728413,-0.26367363,-0.07024707
652297828,652297730,0.6730101,-0.26469755,-0.06919265
652301580,652301480,0.67359275,-0.26480988,-0.06844858
652304082,652303980,0.6725604,-0.264768,-0.067698255
652307827,652307730,0.6735643,-0.26566106,-0.0676943
652311579,652311480,0.67274755,-0.26612267,-0.06623156
652315329,652315230,0.67283833,-0.26679286,-0.0685736
652319081,652318980,0.6732224,-0.26743117,-0.06754104
652321583,652321480,0.67249745,-0.26819912,-0.06750701
652325329,652325230,0.673079,-0.26878837,-0.06786249
652329079,652328979,0.6722883,-0.26855108,-0.06747056
652332828,652332730,0.67229855,-0.26956186,-0.06945953
652336582,652336481,0.67248636,-0.26987624,-0.07110728
652339086,652338980,0.6718037,-0.27080598,-0.07157326
652342828,652342730,0.6722707,-0.27184024,-0.07299364
652346580,652346480,0.67174435,-0.27193475,-0.07398072
652350328,652350230,0.67191374,-0.27364823,-0.07693635
652354084,652353980,0.6717341,-0.27387172,-0.07862628
652356583,652356481,0.671528,-0.27411917,-0.07888756
652360329,652360230,0.6718207,-0.27516368,-0.08118525
652364082,652363980,0.67114234,-0.27531672,-0.08217384
652367829,652367729,0.67171746,-0.27600136,-0.08489485
652371579,652371480,0.6716112,-0.27759016,-0.08839482
652374087,652373980,0.67139447,-0.2774491,-0.0880768
652377829,652377730,0.6718835,-0.2776143,-0.08969302
652381579,652381480,0.6710319,-0.2800675,-0.09220519
652385329,652385230,0.671737,-0.28090483,-0.09484228
652389079,652388980,0.67199844,-0.28301385,-0.09682208
652391580,652391480,0.6715074,-0.28375834,-0.09825197
652396583,652396481,0.6720572,-0.284557,-0.10106207
652399082,652398980,0.6714309,-0.2857214,-0.10209763
652402828,652402730,0.6719104,-0.28701362,-0.10373229
652406583,652406480,0.6722814,-0.28748107,-0.10464029
652409085,652408982,0.6718816,-0.28992203,-0.10566694
652412828,652412729,0.6724754,-0.29149133,-0.10827758
652416580,652416480,0.672026,-0.29217273,-0.10875394
652420331,652420230,0.67233247,-0.29440767,-0.11033501
652424082,652423980,0.6726196,-0.29571906,-0.110934936
652426590,652426482,0.6721064,-0.29601488,-0.11135431
652430329,652430230,0.6725558,-0.2991612,-0.11218076
652434082,652433980,0.6721097,-0.300058,-0.11087772
652437826,652437730,0.6723269,-0.3008325,-0.110602565
652441580,652441480,0.6725037,-0.30317605,-0.11108173
652444082,652443980,0.6721476,-0.30385548,-0.11088628
652447828,652447730,0.6722631,-0.30499083,-0.11213439
652451579,652451480,0.67196655,-0.30669272,-0.11050117
652455329,652455230,0.6721113,-0.3083996,-0.10944176
652459086,652458980,0.67167157,-0.30927104,-0.108008295
652461579,652461480,0.6714989,-0.3100129,-0.10675902
652465330,652465230,0.6716617,-0.31154916,-0.10546217
652469083,652468980,0.6709509,-0.31183943,-0.103533626
652472828,652472729,0.6713822,-0.31341586,-0.103657074
652476580,652476480,0.67128956,-0.31544608,-0.10116458
652479079,652478979,0.6710095,-0.31526408,-0.099079624
652482828,652482729,0.6713931,-0.31615537,-0.09684367
652486582,652486481,0.6703588,-0.31713665,-0.09401949
652490329,652490230,0.67089224,-0.31837645,-0.09318182
652494082,652493980,0.67113155,-0.3202118,-0.09053872
652496581,652496480,0.6706882,-0.32100677,-0.08943036
652500327,652500229,0.6714315,-0.32124922,-0.08726964
652504126,652504016,0.6709497,-0.32182544,-0.083868355
652507829,652507729,0.67123926,-0.32332474,-0.08163488
652511579,652511480,0.67165446,-0.32397774,-0.079371825
652514084,652513980,0.67114,-0.32459426,-0.07914408
652517827,652517729,0.67213696,-0.3259603,-0.0788582
652521579,652521480,0.67170256,-0.32667702,-0.07547135
652525330,652525230,0.6718057,-0.32752377,-0.07401591
652529081,652528980,0.67255104,-0.32834744,-0.07219358
652531579,652531480,0.67209643,-0.32894987,-0.07172007
652535329,652535230,0.6728023,-0.33071893,-0.070796825
652539079,652538980,0.67250097,-0.3309964,-0.06981536
652542826,652542729,0.6727287,-0.3319714,-0.069182724
652546581,652546481,0.67314976,-0.3328866,-0.06860756
652549087,652548981,0.6728633,-0.33378756,-0.06867087
652552828,652552729,0.67318666,-0.33416462,-0.06774007
652556582,652556481,0.6726104,-0.33446085,-0.06728949
652560326,652560229,0.67310077,-0.3357364,-0.06826159
652564081,652563980,0.67313725,-0.33571225,-0.06812423
652566582,652566481,0.672856,-0.33603898,-0.06807061
652570330,652570229,0.6733879,-0.3369863,-0.069203824
652574086,652573984,0.67235136,-0.3371601,-0.06936293
652577828,652577729,0.6728868,-0.3378214,-0.07138733
652581578,652581480,0.6726765,-0.33816504,-0.072347894
652584082,652583980,0.67236453,-0.33822945,-0.07332243
652587827,652587729,0.67265886,-0.33877346,-0.073954225
652591580,652591480,0.6714893,-0.34032407,-0.07570271
652595330,652595230,0.6722031,-0.34071553,-0.07866679
652599079,652598979,0.6721672,-0.34213454,-0.07991406
652601580,652601480,0.6716819,-0.3424201,-0.08124587
652606582,652606481,0.6718719,-0.34315342,-0.08469101
652609086,652608981,0.6708753,-0.34341976,-0.08444604
652612832,652612733,0.67143905,-0.3441351,-0.08783871
652616580,652616480,0.67149585,-0.34457323,-0.08995136
652619082,652618980,0.67097455,-0.34550124,-0.090954915
652622828,652622730,0.671711,-0.34646404,-0.09246726
652626579,652626480,0.6709558,-0.34687105,-0.09407508
652630335,652630230,0.67117125,-0.34865722,-0.09796662
652634084,652633980,0.67142296,-0.350005,-0.09938684
652636581,652636481,0.67131776,-0.34998852,-0.099983074
652640332,652640231,0.67154145,-0.3509987,-0.10123924
652644082,652643980,0.6710282,-0.35190713,-0.10213157
652647827,652647729,0.6715605,-0.3528476,-0.10431335
652651579,652651480,0.6713895,-0.35442844,-0.10573642
652654083,652653981,0.67176867,-0.3549514,-0.10642927
652657829,652657730,0.6719333,-0.35605678,-0.10712953
652661579,652661480,0.67151666,-0.3569686,-0.10655208
652665327,652665229,0.6720036,-0.35793367,-0.107808754
652669087,652668980,0.67165035,-0.3593097,-0.108039625
652671578,652671480,0.67221904,-0.35982606,-0.10765361
652675329,652675230,0.67225504,-0.36088538,-0.107215896
652679082,652678980,0.67160547,-0.36182612,-0.10669462
652682827,652682729,0.67243236,-0.36298567,-0.10747024
652686580,652686480,0.67211896,-0.36418277,-0.10586201
652689080,652688980,0.6722603,-0.36557797,-0.10476384
652692826,652692729,0.67248017,-0.36670184,-0.1034838
652696582,652696481,0.6715753,-0.36785853,-0.101107284
652700330,652700230,0.67217773,-0.36983454,-0.10191061
652704090,652703980,0.6723061,-0.37139073,-0.10023337
652706583,652706480,0.6721879,-0.37192106,-0.09832019
652710327,652710229,0.6723018,-0.3733212,-0.09524311
652714082,652713980,0.6714375,-0.37453154,-0.09402748
652717828,652717729,0.67160976,-0.3756981,-0.093161166
652721581,652721480,0.67185676,-0.37723887,-0.08978173
652724083,652723980,0.6714103,-0.37771738,-0.087772176
652727828,652727730,0.67166686,-0.3793794,-0.08678066
652731578,652731480,0.67140174,-0.38053426,-0.084058896
652735330,652735230,0.67143965,-0.38194916,-0.082646355
652739084,652738982,0.6713343,-0.38357037,-0.080152236
652741579,652741480,0.67116624,-0.38354605,-0.07958894
652745334,652745230,0.6714235,-0.38499075,-0.07795012
652749079,652748979,0.6711952,-0.38548774,-0.07424263
652752826,652752729,0.67161393,-0.38655856,-0.073971756
652756583,652756481,0.6715884,-0.38787523,-0.07118636
652759078,652758979,0.671681,-0.38769907,-0.06983792
652762827,652762729,0.67165023,-0.38839066,-0.06998906
652766583,652766482,0.67132527,-0.38923815,-0.06828229
652770328,652770230,0.6721483,-0.38957638,-0.06772386
652774083,652773980,0.6720274,-0.39027917,-0.06544123
652776593,652776491,0.6721157,-0.3911607,-0.06516036
652780328,652780229,0.67242354,-0.39078695,-0.064325504
652784082,652783980,0.6718225,-0.39099786,-0.06394012
652787828,652787730,0.67269075,-0.3922501,-0.064481415
652791580,652791480,0.6727174,-0.3918056,-0.062097415
652794083,652793981,0.67278934,-0.39194563,-0.06317609
652797828,652797729,0.6733299,-0.3929849,-0.06464011
652801579,652801480,0.67250097,-0.39330438,-0.06354064
652805332,652805231,0.67319125,-0.39400023,-0.06517872
652809082,652808980,0.67327857,-0.3935135,-0.06501088
652811582,652811480,0.67287546,-0.3939851,-0.066096544
652815329,652815230,0.67356247,-0.3947716,-0.06752445
652819079,652818980,0.67272335,-0.39418843,-0.066978276
652822827,652822729,0.67315215,-0.39513776,-0.07007592
652826581,652826481,0.6733544,-0.39579162,-0.07209452
652829085,652828980,0.67280847,-0.39581385,-0.07293478
652832828,652832729,0.67291826,-0.39699477,-0.073662914
652836581,652836480,0.67226076,-0.39685273,-0.07457259
652840329,652840230,0.67261857,-0.39844,-0.07764986
652844081,652843980,0.6722787,-0.39863238,-0.07896267
652846581,652846481,0.6721207,-0.39869854,-0.08012886
652850330,652850230,0.6723248,-0.39958364,-0.081553005
652854083,652853980,0.67166746,-0.40051195,-0.08321044
652857828,652857730,0.67208433,-0.4012571,-0.08520468
652861579,652861480,0.67155397,-0.40205652,-0.08511759
652864085,652863980,0.6718102,-0.40184122,-0.08646109
652867827,652867729,0.6715656,-0.4023638,-0.08805323
652871580,652871480,0.6709259,-0.4043147,-0.0894496
652875337,652875231,0.3715092,-0.18359779,-0.08326438
652879085,652878982,0.3711742,-0.038725924,-0.03413446
652881582,652881480,0.3716971,-0.038642377,-0.035426877
652886594,652886482,0.37178335,-0.038386274,-0.035758983
652889090,652888980,0.3707156,-0.038173176,-0.035738997
652892829,652892730,0.37175703,-0.038585983,-0.03850737
652896588,652896485,0.371585,-0.038731035,-0.038692504
652899089,652898983,0.3717469,-0.039024584,-0.03874116
652902835,652902730,0.37188286,-0.0385148,-0.037825085
652906585,652906482,0.37111142,-0.038597077,-0.03849961
652910331,652910230,0.37198517,-0.03848724,-0.040009566
652914086,652913982,0.37187505,-0.039133497,-0.038632482
652916583,652916481,0.37217334,-0.039337594,-0.038461573
652920333,652920231,0.37251335,-0.040404428,-0.038436063
652924088,652923982,0.3718228,-0.040508855,-0.03687882
652927832,652927730,0.37255004,-0.040135287,-0.037667535
652931581,652931480,0.3724083,-0.040157087,-0.037056554
652934088,652933982,0.37236252,-0.040600028,-0.035127822
652937830,652937730,0.3723312,-0.041434553,-0.033750292
652941581,652941480,0.37175632,-0.04162062,-0.033275478
652945332,652945230,0.37247145,-0.04217091,-0.03182607
652949085,652948982,0.37245336,-0.04227691,-0.02996333
652951583,652951480,0.372677,-0.042154644,-0.030504929
652956588,652956483,0.37245336,-0.042879466,-0.028167002
652959081,652958980,0.37199998,-0.043210346,-0.025728127
652962829,652962730,0.37235907,-0.043640666,-0.025178967
652966584,652966482,0.3718149,-0.044149462,-0.02372121
652969090,652968983,0.37212276,-0.04422519,-0.02316617
652972831,652972730,0.37180483,-0.04458035,-0.020566829
652976583,652976481,0.37183192,-0.04468277,-0.01934306
652980321,652980230,0.37222213,-0.044832297,-0.018924752
652984088,652983982,0.37182242,-0.04562257,-0.016016439
652986582,652986481,0.37213996,-0.045903344,-0.016092766
652990332,652990230,0.37181047,-0.045691956,-0.0143171
652994087,652993982,0.37116072,-0.045294914,-0.013248817
652997831,652997730,0.37189856,-0.045955315,-0.01200887
653001581,653001480,0.37169728,-0.046115924,-0.009939908
653004087,653003982,0.37166056,-0.045897283,-0.010110164
653007829,653007730,0.3717472,-0.04606233,-0.009329539
653011582,653011481,0.37135398,-0.04581093,-0.007904306
653015332,653015231,0.37207732,-0.045629922,-0.007910972
653019082,653018980,0.3717733,-0.045258794,-0.0063551874
653021586,653021480,0.37172583,-0.04525657,-0.0073865396
653026587,653026482,0.3722089,-0.04567368,-0.007446149
653029093,653028983,0.37170693,-0.044925336,-0.004998719
653032831,653032730,0.3721714,-0.04468155,-0.006105605
653036584,653036481,0.37226126,-0.044636592,-0.0061578047
653039086,653038982,0.37210736,-0.04426036,-0.0076071457
653042831,653042730,0.37247783,-0.044103697,-0.0075054043
653046582,653046481,0.37211668,-0.042999677,-0.006137595
653050332,653050230,0.37263945,-0.042548317,-0.008233135
653054088,653053982,0.37267435,-0.042866416,-0.009533483
653056591,653056482,0.3726641,-0.042505536,-0.010398363
653060331,653060230,0.37269065,-0.51359856,0.6625352
653064087,653063982,0.37234735,-0.5132622,0.661104
653067830,653067730,0.37274018,-0.51306903,0.65982944
653071582,653071480,0.3723975,-0.040371437,-0.013645835
653074088,653073982,0.37278402,-0.04013809,-0.015680797
653077831,653077730,0.37275437,-0.040115196,-0.017170712
653081582,653081480,0.37236148,-0.039259,-0.01843114
653085331,653085230,0.37287563,-0.03873649,-0.019598642
653089091,653088983,0.37212604,-0.038161397,-0.02020789
653091581,653091480,0.37245682,-0.03840779,-0.021919051
653095337,653095231,0.3722432,-0.037918888,-0.023744918
653099086,653098982,0.37136635,-0.03756002,-0.02517331
653102830,653102730,0.37221792,-0.037823502,-0.027338011
653106587,653106485,0.37188914,-0.037305176,-0.028426053
653109082,653108980,0.37203935,-0.037544526,-0.03050173
653112830,653112730,0.37158504,-0.03680222,-0.030291704
653116585,653116482,0.3706543,-0.036598474,-0.030972462
653120335,653120231,0.37161905,-0.0371372,-0.033732314
653124089,653123982,0.37148133,-0.036928874,-0.03448972
653126583,653126481,0.3713441,-0.036907557,-0.03501431
653130328,653130230,0.3711142,-0.037465822,-0.035305995
653134087,653133982,0.37058508,-0.037091486,-0.036357183
653137830,653137730,0.37120488,-0.03732169,-0.037214655
653141582,653141480,0.3710703,-0.03779173,-0.036876082
653144088,653143982,0.37132883,-0.037668582,-0.037715282
653147831,653147730,0.37112954,-0.038050268,-0.037681803
653151581,653151480,0.37098125,-0.03813405,-0.037279163
653155334,653155231,0.3715773,-0.038435,-0.036969457
653159085,653158982,0.3709288,-0.039052345,-0.03679794
653161582,653161480,0.37150395,-0.03914287,-0.03850185
653165332,653165230,0.37128723,-0.039393947,-0.0376211
653169083,653168981,0.37137508,-0.04003715,-0.03538811
653172831,653172730,0.37213802,-0.040278167,-0.035091463
653176586,653176482,0.3715526,-0.04074472,-0.03327989
653179082,653178980,0.37216893,-0.041064728,-0.03318753
653182830,653182731,0.37172362,-0.040966924,-0.032040983
653186583,653186481,0.37166297,-0.04171423,-0.030401977
653190330,653190231,0.37276638,-0.042180315,-0.029649047
653194082,653193980,0.3718744,-0.04233453,-0.02715313
653196583,653196481,0.37257856,-0.04221433,-0.02649716
653200333,653200231,0.37223977,-0.04308559,-0.024471581
653204083,653203981,0.37174055,-0.043508127,-0.021860674
653207832,653207731,0.3726465,-0.043653212,-0.02196515
653211582,653211481,0.3722136,-0.04370924,-0.02037134
653214084,653213981,0.37270522,-0.044066217,-0.019312857
653217831,653217730,0.37216228,-0.04408453,-0.017166512
653221581,653221480,0.37177795,-0.043825377,-0.015268132
653225330,653225230,0.37243503,-0.044926118,-0.014579815
653229090,653228987,0.37186876,-0.044890042,-0.013403778
653231581,653231481,0.3720342,-0.0445873,-0.013430218
653236587,653236482,0.3721114,-0.044952054,-0.010862874
653239082,653238981,0.37162286,-0.044334244,-0.008415638
653242830,653242731,0.3720866,-0.044499274,-0.009208556
653246584,653246481,0.3719923,-0.044775695,-0.0073451228
653249092,653248983,0.3720666,-0.044466924,-0.00764878
653252834,653252730,0.37172407,-0.045080338,-0.0062611992
653256593,653256483,0.37159202,-0.044679612,-0.005953574
653260331,653260230,0.37192914,-0.044074006,-0.0065550227
653264092,653263983,0.37147585,-0.04411343,-0.005295133
653266584,653266482,0.371963,-0.04369551,-0.006309111
653270332,653270231,0.37176585,-0.04376001,-0.0051704
653274081,653273980,0.37179697,-0.043684296,-0.005560212
653277830,653277730,0.3723964,-0.04370801,-0.007489059
653281581,653281480,0.37173185,-0.04345344,-0.0068159155
653284085,653283982,0.37242523,-0.042992704,-0.008773052
653287830,653287730,0.37198928,-0.042502325,-0.008263982
653291581,653291481,0.37176967,-0.04236838,-0.00979997
653295330,653295230,0.37280783,-0.042232253,-0.011436307
653299089,653298982,0.37212446,-0.041464206,-0.011323406
653301580,653301480,0.37266988,-0.041665748,-0.0129479375
653305333,653305231,0.37255326,-0.041597366,-0.013598033
653309092,653308983,0.3721229,-0.041146576,-0.016124904
653312830,653312730,0.3731307,-0.04098421,-0.01800507
653316583,653316481,0.372651,-0.040436044,-0.017738981
653319085,653318980,0.37280264,-0.040580973,-0.020606583
653322829,653322730,0.37259203,-0.04029404,-0.0211913
653326584,653326482,0.371977,-0.04008392,-0.021996008
653330333,653330231,0.37279558,-0.040143874,-0.024783308
653334082,653333980,0.37252453,-0.03984992,-0.026584998
653336583,653336481,0.37275493,-0.039427295,-0.028866004
653340331,653340230,0.37274593,-0.039129235,-0.028065385
653344085,653343982,0.3721499,-0.038973726,-0.028998777
653347830,653347730,0.372607,-0.039329916,-0.030538421
653351581,653351480,0.37203526,-0.039190684,-0.031971347
653354088,653353983,0.3722799,-0.039025337,-0.033775136
653357830,653357730,0.37200055,-0.038636114,-0.034760762
653361580,653361480,0.3718427,-0.038822707,-0.034770977
653365331,653365230,0.37216434,-0.03909883,-0.03532133
653369092,653368983,0.37135702,-0.03908356,-0.035724323
653371582,653371480,0.37178522,-0.03916918,-0.037128735
653375332,653375231,0.3713096,-0.039294355,-0.036050018
653379081,653378980,0.37107608,-0.039424885,-0.03724081
653382830,653382730,0.37168208,-0.039437603,-0.037328947
653386584,653386482,0.37073347,-0.03982164,-0.036064655
653389085,653388982,0.37167048,-0.04035336,-0.037413638
653392830,653392730,0.37092093,-0.040096857,-0.03603155
653396582,653396481,0.3706403,-0.04043109,-0.034483187
653400332,653400231,0.37169504,-0.04102475,-0.0347189
653404087,653403982,0.37124616,-0.041170824,-0.03506828
653406587,653406485,0.3721481,-0.04146104,-0.0351928
653410331,653410230,0.37132934,-0.04179976,-0.032874145
653414092,653413983,0.3710867,-0.04207206,-0.03118741
653417833,653417730,0.37209916,-0.042351626,-0.03077641
653421583,653421481,0.37145168,-0.042309057,-0.029290128
653424081,653423980,0.37226635,-0.043213528,-0.030654056
653427834,653427730,0.37213266,-0.043467496,-0.027687972
653431581,653431481,0.37184915,-0.043634284,-0.026417011
653435331,653435231,0.37264016,-0.04409273,-0.02629364
653439081,653438980,0.37222487,-0.04444541,-0.024473863
653441588,653441480,0.3728436,-0.044812087,-0.023787912
653446586,653446482,0.3727429,-0.04531733,-0.021042842
653449086,653448983,0.37233782,-0.045386016,-0.019146819
653452830,653452730,0.37281626,-0.045767568,-0.020379484
653456585,653456482,0.37240186,-0.04630644,-0.017736312
653459111,653459005,0.37283394,-0.046209637,-0.018489977
653462828,653462730,0.37231687,-0.046749033,-0.016275277
653466582,653466481,0.37259993,-0.0467037,-0.014312474
653470332,653470230,0.37264788,-0.04646325,-0.01432217
653474082,653473980,0.37195313,-0.04721193,-0.011844416
653476586,653476482,0.37258175,-0.046994325,-0.012195343
653480329,653480230,0.37188143,-0.047393482,-0.011584996
653484093,653483983,0.372208,-0.04742305,-0.011781958
653487830,653487730,0.3723205,-0.04721571,-0.011342054
653491581,653491480,0.37139902,-0.046907354,-0.009289317
653494086,653493982,0.372347,-0.046937373,-0.01007414
653497830,653497730,0.37166664,-0.047287,-0.008892615
653501581,653501480,0.37173367,-0.046767727,-0.009996034
653505333,653505232,0.37244007,-0.046785146,-0.009990908
653509084,653508982,0.371658,-0.046923228,-0.009277958
653511581,653511480,0.37226826,-0.04679842,-0.01128377
653515324,653515230,0.37171528,-0.04652789,-0.01039298
653519081,653518980,0.37159923,-0.046156455,-0.011066116
653522829,653522730,0.372349,-0.046245385,-0.012008849
653526582,653526481,0.37185657,-0.04605983,-0.011404851
653529088,653528982,0.37226537,-0.045743108,-0.013473361
653532830,653532730,0.37205133,-0.04570684,-0.013939544
653536584,653536482,0.37182364,-0.044601154,-0.014926724
653540330,653540230,0.37236872,-0.044930153,-0.016543377
653544093,653543983,0.37209463,-0.04483797,-0.015820732
653546583,653546481,0.3722965,-0.0444419,-0.018308455
653550336,653550233,0.37201884,-0.04376708,-0.019376086
653554086,653553982,0.37188256,-0.043226473,-0.020838903
653557834,653557730,0.3723206,-0.043444354,-0.021676088
653561580,653561480,0.37195474,-0.043233324,-0.022413298
653564083,653563982,0.37241277,-0.042926114,-0.024819558
653567829,653567730,0.37211126,-0.042759113,-0.025102975
653571581,653571480,0.37211537,-0.042703755,-0.026328236
653575331,653575230,0.3726019,-0.042271513,-0.028286723
653579084,653578980,0.37198076,-0.042119753,-0.028400198
653581582,653581480,0.37253538,-0.04190591,-0.030712945
653585329,653585230,0.3718948,-0.041972965,-0.030904593
653589093,653588983,0.3720918,-0.042366844,-0.031498715
653592830,653592730,0.37289545,-0.04222334,-0.033766575
653596585,653596483,0.37196055,-0.041726958,-0.033435103
653599085,653598982,0.37274244,-0.041959323,-0.03550519
653602830,653602730,0.37186578,-0.041740514,-0.03607481
653606588,653606482,0.37169448,-0.042562824,-0.035909772
653610332,653610231,0.37249294,-0.042579792,-0.036672283
653614086,653613982,0.3715258,-0.042578902,-0.036033865
653616583,653616481,0.37249693,-0.042837933,-0.037346393
653620331,653620230,0.3714833,-0.042936638,-0.03709259
653624087,653623981,0.37098703,-0.04340737,-0.037523944
653627830,653627730,0.3719965,-0.04380151,-0.038469248
653631582,653631480,0.3712047,-0.04353585,-0.03669737
653634092,653633984,0.37177747,-0.04455516,-0.03690004
653637830,653637730,0.37121007,-0.044747703,-0.03482055
653641581,653641480,0.3709996,-0.04438395,-0.034931097
653645330,653645230,0.37143978,-0.045202717,-0.035924517
653649090,653648983,0.37084645,-0.046014365,-0.034917433
653651580,653651480,0.37148067,-0.046277713,-0.035030875
653656587,653656482,0.37146074,-0.046595715,-0.033358872
653659085,653658983,0.37126955,-0.046583343,-0.032350022
653662830,653662730,0.37159872,-0.046678934,-0.031861886
653666584,653666482,0.37104312,-0.047926717,-0.02926682
653669081,653668980,0.37176302,-0.04801006,-0.029624632
653672830,653672730,0.37106922,-0.048037503,-0.028231263
653676585,653676482,0.37183425,-0.04852712,-0.02787561
653680331,653680230,0.3721046,-0.04886099,-0.026672268
653684082,653683980,0.37142935,-0.049661934,-0.024534447
653686584,653686482,0.37239859,-0.049088728,-0.024250112
653690330,653690230,0.37162113,-0.049586955,-0.021353157
653694087,653693983,0.3723621,-0.050248012,-0.021085033
653697830,653697730,0.37295243,-0.049876988,-0.0203332
653701582,653701480,0.37207246,-0.05007407,-0.01892279
653704085,653703982,0.373053,-0.050402246,-0.019422919
653707830,653707730,0.3721453,-0.05044745,-0.016550774
653711581,653711480,0.3725515,-0.05052904,-0.015145977
653715332,653715231,0.37325257,-0.050801378,-0.016196456
653719085,653718982,0.37237543,-0.050648183,-0.013770655
653721581,653721480,0.3730182,-0.05074141,-0.014515501
653725331,653725230,0.3724681,-0.0503059,-0.012470696
653729084,653728983,0.3723364,-0.05028217,-0.012395866
653732830,653732730,0.3727786,-0.050706074,-0.0120621715
653736584,653736482,0.3722597,-0.05048398,-0.0115850605
653739089,653738984,0.37269887,-0.050435804,-0.012230991
653742830,653742730,0.3720552,-0.05014302,-0.011167351
653746585,653746482,0.37196046,-0.049427316,-0.010542445
653750329,653750230,0.37232712,-0.049716067,-0.011546376
653754096,653753987,0.3717204,-0.04911171,-0.012088055
653756585,653756482,0.37205586,-0.049114186,-0.013656177
653760332,653760231,0.37177077,-0.048899125,-0.0127403075
653764089,653763982,0.37203333,-0.04854466,-0.014060683
653767831,653767730,0.37204048,-0.048749227,-0.015332203
653771581,653771480,0.3714814,-0.048094198,-0.015015817
653774081,653773980,0.3720128,-0.04761242,-0.017333785
653777830,653777730,0.37154183,-0.04775712,-0.017553007
653781581,653781480,0.3719296,-0.04737459,-0.019569706
653785332,653785230,0.3721233,-0.047010098,-0.020861465
653789085,653788982,0.3715769,-0.047075104,-0.022070682
653791582,653791480,0.3724553,-0.046990745,-0.023257557
653796587,653796484,0.37223223,-0.046324648,-0.023423877
653799092,653798983,0.37187472,-0.0465056,-0.025608921
653802830,653802730,0.37234113,-0.045992125,-0.028333299
653806586,653806482,0.37156639,-0.04565341,-0.027741846
653809093,653808982,0.37270734,-0.04608197,-0.029462717
653812829,653812730,0.37194073,-0.04592349,-0.029063998
653816582,653816481,0.37188402,-0.045720078,-0.031318676
653820331,653820231,0.37256995,-0.045947444,-0.033650506
653824085,653823982,0.37198564,-0.045557834,-0.033230346
653826582,653826481,0.37271383,-0.045874063,-0.035013493
653830331,653830230,0.37210122,-0.045888994,-0.034694336
653834081,653833980,0.37199923,-0.045491725,-0.03641275
653837831,653837730,0.37272543,-0.04605777,-0.037812237
653841582,653841480,0.37199292,-0.045964554,-0.037429437
653844087,653843982,0.37241706,-0.04631066,-0.038645834
653847830,653847730,0.37217093,-0.04608566,-0.038264982
653851581,653851480,0.37220082,-0.045447186,-0.038740437
653855331,653855231,0.37251252,-0.0459947,-0.03933474
653859088,653858983,0.37176654,-0.046827644,-0.039339647
653861580,653861480,0.37240064,-0.04713708,-0.039570548
653866586,653866482,0.3720153,-0.046985976,-0.038704082
653869084,653868982,0.37191403,-0.04694313,-0.038867224
653872830,653872730,0.37202752,-0.046719648,-0.037982583
