timestamp,accelerometer_m_s2[0],accelerometer_m_s2[1],accelerometer_m_s2[2],x,y,z,nav_state,output[0],output[1],output[2],output[3]
630571216,-0.035058998,0.30258614,-9.858639,0.24577405,2.8060439,-0.72720265,2,1013.0,1012.0,1013.0,1012.0
630576187,-0.14663258,-0.25170815,-9.653689,0.24579875,2.8060727,-0.7272029,2,1013.0,1012.0,1013.0,1012.0
630581189,-0.31847847,-0.16153252,-10.015288,0.24579875,2.8060727,-0.7272029,2,1013.0,1012.0,1013.0,1012.0
630586213,0.053514946,-0.47699937,-9.611031,0.24579875,2.8060727,-0.7272029,2,1013.0,1012.0,1013.0,1012.0
630591188,-0.058172442,-0.21536946,-10.12562,0.24579875,2.8060727,-0.7272029,2,1013.0,1012.0,1013.0,1012.0
630596187,-0.20823273,-0.15351157,-9.625523,0.24579875,2.8060727,-0.7272029,2,1013.0,1012.0,1013.0,1012.0
630601215,0.025665024,0.14392026,-9.985823,0.24579875,2.8060727,-0.7272029,2,1013.0,1012.0,1013.0,1012.0
630606187,-0.20723394,-0.10229388,-9.714742,0.24579875,2.8060727,-0.7272029,2,1013.0,1012.0,1013.0,1012.0
630611194,0.036054417,0.54745996,-9.917603,0.24579875,2.8060727,-0.7272029,2,1013.0,1012.0,1013.0,1012.0
630616212,-0.17118004,-0.08172345,-9.86122,0.24579875,2.8060727,-0.7272029,2,1013.0,1012.0,1013.0,1012.0
630621188,-0.0899699,-0.101074025,-9.694734,0.24579875,2.8060727,-0.7272029,2,1013.0,1012.0,1013.0,1012.0
630626188,0.1368475,0.0140550025,-9.984822,0.24579875,2.8060727,-0.7272029,2,1013.0,1012.0,1013.0,1012.0
630631212,-0.1299039,-0.421359,-9.516544,0.24579875,2.8060727,-0.7272029,2,1013.0,1012.0,1013.0,1012.0
630636189,0.0025085856,-0.07293789,-9.94108,0.24579875,2.8060727,-0.7272029,2,1013.0,1012.0,1013.0,1012.0
630641190,-0.25243965,0.67290926,-9.6842575,0.24579875,2.8060727,-0.7272029,2,1013.0,1012.0,1013.0,1012.0
630646211,-0.10932564,-0.083645456,-9.975401,0.24579875,2.8060727,-0.7272029,2,1013.0,1012.0,1013.0,1012.0
630651189,-0.06701522,-0.12356429,-9.76386,0.24579875,2.8060727,-0.7272029,2,1013.0,1012.0,1013.0,1012.0
630656187,0.0028852213,-0.5669049,-9.87992,0.24579875,2.8060727,-0.7272029,2,1013.0,1012.0,1013.0,1012.0
630661213,-0.28434694,-0.36005512,-9.833343,0.24579875,2.8060727,-0.7272029,2,1013.0,1012.0,1013.0,1012.0
630666189,-0.20234956,0.17386086,-9.741054,0.24579875,2.8060727,-0.7272029,2,1013.0,1012.0,1013.0,1012.0
630671188,0.10051109,-0.40405834,-9.904423,0.24579875,2.8060727,-0.7272029,2,1013.0,1012.0,1013.0,1012.0
630676212,-0.19469216,-0.031360276,-9.61402,0.24606219,2.8063178,-0.72711766,2,1033.0,1032.0,1033.0,1032.0
630681189,-0.11145641,-0.19718204,-9.939108,0.24606219,2.8063178,-0.72711766,2,1033.0,1032.0,1033.0,1032.0
630686187,-0.1008465,-0.383595,-9.630873,0.24606219,2.8063178,-0.72711766,2,1033.0,1032.0,1033.0,1032.0
630691213,0.032796208,0.056726225,-9.9048395,0.24606219,2.8063178,-0.72711766,2,1033.0,1032.0,1033.0,1032.0
630696190,-0.04065562,0.030634426,-9.744528,0.24606219,2.8063178,-0.72711766,2,1033.0,1032.0,1033.0,1032.0
630701188,-0.13907844,-0.011185676,-9.787557,0.24606219,2.8063178,-0.72711766,2,1033.0,1032.0,1033.0,1032.0
630706212,-0.11133266,0.3838731,-9.878066,0.24606219,2.8063178,-0.72711766,2,1033.0,1032.0,1033.0,1032.0
630711191,-0.1515868,-0.009339908,-9.784997,0.24606219,2.8063178,-0.72711766,2,1033.0,1032.0,1033.0,1032.0
630716187,-0.13825084,-0.12865949,-9.881119,0.24606219,2.8063178,-0.72711766,2,1033.0,1032.0,1033.0,1032.0
630721213,-0.055282596,0.17353423,-9.859463,0.24606219,2.8063178,-0.72711766,2,1033.0,1032.0,1033.0,1032.0
630726188,0.019372625,-0.26075312,-9.895836,0.24606219,2.8063178,-0.72711766,2,1033.0,1032.0,1033.0,1032.0
630731188,-0.17806144,-0.049997486,-9.688738,0.24606219,2.8063178,-0.72711766,2,1033.0,1032.0,1033.0,1032.0
630736213,-0.06458449,0.092117235,-9.906007,0.24606219,2.8063178,-0.72711766,2,1033.0,1032.0,1033.0,1032.0
630741190,-0.14630388,-0.21381533,-9.712558,0.24606219,2.8063178,-0.72711766,2,1033.0,1032.0,1033.0,1032.0
630746188,-0.11044726,-0.0843336,-9.90522,0.24606219,2.8063178,-0.72711766,2,1033.0,1032.0,1033.0,1032.0
630751213,-0.002887997,-0.44363487,-9.749708,0.24606219,2.8063178,-0.72711766,2,1033.0,1032.0,1033.0,1032.0
630756188,-0.2326176,-0.18445197,-9.72778,0.24606219,2.8063178,-0.72711766,2,1033.0,1032.0,1033.0,1032.0
630761187,-0.06029965,-0.21395986,-9.814989,0.24606219,2.8063178,-0.72711766,2,1033.0,1032.0,1033.0,1032.0
630766212,-0.08943804,-0.2128806,-9.811043,0.24648523,2.8065925,-0.7270214,2,1033.0,1032.0,1033.0,1032.0
630771190,-0.12692316,-0.035057873,-9.846445,0.24648523,2.8065925,-0.7270214,2,1053.0,1052.0,1053.0,1052.0
630776187,-0.08336844,0.047933996,-9.832065,0.24648523,2.8065925,-0.7270214,2,1053.0,1052.0,1053.0,1052.0
630781213,-0.1434439,-0.08867104,-9.789478,0.24648523,2.8065925,-0.7270214,2,1053.0,1052.0,1053.0,1052.0
630786188,-0.101169825,0.13098007,-9.873345,0.24648523,2.8065925,-0.7270214,2,1053.0,1052.0,1053.0,1052.0
630791188,-0.029454557,0.033639137,-9.775415,0.24648523,2.8065925,-0.7270214,2,1053.0,1052.0,1053.0,1052.0
630796213,-0.087006666,-0.01787192,-9.82932,0.24648523,2.8065925,-0.7270214,2,1053.0,1052.0,1053.0,1052.0
630801191,-0.11231612,0.15529203,-9.823566,0.24648523,2.8065925,-0.7270214,2,1053.0,1052.0,1053.0,1052.0
630806187,0.057585016,0.10663061,-9.874801,0.24648523,2.8065925,-0.7270214,2,1053.0,1052.0,1053.0,1052.0
630811217,-0.14669533,-0.03733824,-9.817647,0.24648523,2.8065925,-0.7270214,2,1053.0,1052.0,1053.0,1052.0
630816187,-0.1511602,0.09968397,-9.753287,0.24648523,2.8065925,-0.7270214,2,1053.0,1052.0,1053.0,1052.0
630821188,-0.038718525,-0.1065112,-9.800516,0.24648523,2.8065925,-0.7270214,2,1053.0,1052.0,1053.0,1052.0
630826213,-0.11735099,-0.23616198,-9.763875,0.24648523,2.8065925,-0.7270214,2,1053.0,1052.0,1053.0,1052.0
630831188,-0.084805384,-0.21101801,-9.932165,0.24648523,2.8065925,-0.7270214,2,1053.0,1052.0,1053.0,1052.0
630836188,-0.13515462,-0.3431373,-9.785847,0.24648523,2.8065925,-0.7270214,2,1053.0,1052.0,1053.0,1052.0
630841219,-0.077950485,-0.2062597,-9.896879,0.24648523,2.8065925,-0.7270214,2,1053.0,1052.0,1053.0,1052.0
630846188,-0.026315114,-0.21846125,-9.716771,0.24648523,2.8065925,-0.7270214,2,1053.0,1052.0,1053.0,1052.0
630851188,-0.079257466,-0.1396606,-9.767942,0.24648523,2.8065925,-0.7270214,2,1053.0,1052.0,1053.0,1052.0
630856213,-0.26835567,-0.17615557,-9.817442,0.24648523,2.8065925,-0.7270214,2,1053.0,1052.0,1053.0,1052.0
630861188,0.04103304,-0.20759805,-9.794373,0.24648523,2.8065925,-0.7270214,2,1053.0,1052.0,1053.0,1052.0
630866188,-0.14355399,0.053212877,-9.851178,0.24701755,2.8069897,-0.7268618,2,1053.0,1052.0,1053.0,1052.0
630871220,-0.1133304,-0.060015626,-9.844055,0.24701755,2.8069897,-0.7268618,2,1074.0,1072.0,1074.0,1072.0
630876187,0.025601823,-0.041706137,-9.837941,0.24701755,2.8069897,-0.7268618,2,1074.0,1072.0,1074.0,1072.0
630881188,-0.086145066,0.26252013,-9.737182,0.24701755,2.8069897,-0.7268618,2,1074.0,1072.0,1074.0,1072.0
630886213,-0.12540206,0.11912825,-9.846592,0.24701755,2.8069897,-0.7268618,2,1074.0,1072.0,1074.0,1072.0
630891188,-0.12663215,-0.06880286,-9.767225,0.24701755,2.8069897,-0.7268618,2,1074.0,1072.0,1074.0,1072.0
630896188,-0.1326428,0.038997654,-9.805514,0.24701755,2.8069897,-0.7268618,2,1074.0,1072.0,1074.0,1072.0
630901218,-0.045537926,-0.09023397,-9.803326,0.24701755,2.8069897,-0.7268618,2,1074.0,1072.0,1074.0,1072.0
630906188,-0.18157685,-0.025718782,-9.932366,0.24701755,2.8069897,-0.7268618,2,1074.0,1072.0,1074.0,1072.0
630911190,-0.03215143,0.003747841,-9.786511,0.24701755,2.8069897,-0.7268618,2,1074.0,1072.0,1074.0,1072.0
630916211,-0.035056997,-0.15966493,-9.829496,0.24701755,2.8069897,-0.7268618,2,1074.0,1072.0,1074.0,1072.0
630921188,-0.115163155,-0.15965384,-9.726232,0.24701755,2.8069897,-0.7268618,2,1074.0,1072.0,1074.0,1072.0
630926188,-0.046428014,-0.37847206,-9.803055,0.24701755,2.8069897,-0.7268618,2,1074.0,1072.0,1074.0,1072.0
630931212,-0.1321972,-0.22081366,-9.795742,0.24701755,2.8069897,-0.7268618,2,1074.0,1072.0,1074.0,1072.0
630936188,-0.15954494,-0.16613717,-9.829995,0.24701755,2.8069897,-0.7268618,2,1074.0,1072.0,1074.0,1072.0
630941190,-0.05463876,-0.26580292,-9.867041,0.24701755,2.8069897,-0.7268618,2,1074.0,1072.0,1074.0,1072.0
630946211,-0.060928687,-0.07901586,-9.759203,0.24701755,2.8069897,-0.7268618,2,1074.0,1072.0,1074.0,1072.0
630951188,-0.13948587,-0.022846293,-9.821818,0.24701755,2.8069897,-0.7268618,2,1074.0,1072.0,1074.0,1072.0
630956189,-0.09917653,-0.11042522,-9.745353,0.24701755,2.8069897,-0.7268618,2,1074.0,1072.0,1074.0,1072.0
630961213,-0.13744313,0.117550164,-9.881067,0.24701755,2.8069897,-0.7268618,2,1074.0,1072.0,1074.0,1072.0
630966188,-0.09722781,-0.0029890987,-9.77403,0.24701755,2.8069897,-0.7268618,2,1074.0,1072.0,1074.0,1072.0
630971191,-0.04172752,-0.08371491,-9.816654,0.24701755,2.8069897,-0.7268618,2,1074.0,1072.0,1074.0,1072.0
630976212,-0.09971756,0.19766888,-9.8135805,0.24752502,2.8073347,-0.72610366,2,1095.0,1093.0,1095.0,1093.0
630981188,-0.026281765,0.0735363,-9.777382,0.24752502,2.8073347,-0.72610366,2,1095.0,1093.0,1095.0,1093.0
630986188,-0.17021014,0.07657185,-9.834587,0.24752502,2.8073347,-0.72610366,2,1095.0,1093.0,1095.0,1093.0
630991212,-0.115392946,-0.07103593,-9.813635,0.24752502,2.8073347,-0.72610366,2,1095.0,1093.0,1095.0,1093.0
630996189,-0.15067872,-0.23870435,-9.809492,0.24752502,2.8073347,-0.72610366,2,1095.0,1093.0,1095.0,1093.0
631001190,-0.14090835,0.05426332,-9.8625765,0.24752502,2.8073347,-0.72610366,2,1095.0,1093.0,1095.0,1093.0
631006211,-0.025383415,-0.22461343,-9.752376,0.24752502,2.8073347,-0.72610366,2,1095.0,1093.0,1095.0,1093.0
631011188,-0.023499077,-0.37223172,-9.79321,0.24752502,2.8073347,-0.72610366,2,1095.0,1093.0,1095.0,1093.0
631016188,-0.13781837,0.032238714,-9.849228,0.24752502,2.8073347,-0.72610366,2,1095.0,1093.0,1095.0,1093.0
631021212,-0.07349723,-0.09789787,-9.845179,0.24752502,2.8073347,-0.72610366,2,1095.0,1093.0,1095.0,1093.0
631026188,-0.19438341,-0.29551792,-9.848925,0.24752502,2.8073347,-0.72610366,2,1095.0,1093.0,1095.0,1093.0
631031188,-0.12333705,0.026512152,-9.749242,0.24752502,2.8073347,-0.72610366,2,1095.0,1093.0,1095.0,1093.0
631036212,-0.08487496,-0.38177496,-9.773447,0.24752502,2.8073347,-0.72610366,2,1095.0,1093.0,1095.0,1093.0
631041188,-0.03821396,-0.05497231,-9.77815,0.24752502,2.8073347,-0.72610366,2,1095.0,1093.0,1095.0,1093.0
631046188,0.010048303,-0.0730235,-9.790531,0.24752502,2.8073347,-0.72610366,2,1095.0,1093.0,1095.0,1093.0
631051212,-0.11092142,-0.13189694,-9.864637,0.24752502,2.8073347,-0.72610366,2,1095.0,1093.0,1095.0,1093.0
631056188,-0.21011485,0.2508054,-9.834936,0.24752502,2.8073347,-0.72610366,2,1095.0,1093.0,1095.0,1093.0
631061190,-0.12159715,-0.044092923,-9.760699,0.24752502,2.8073347,-0.72610366,2,1095.0,1093.0,1095.0,1093.0
631066211,-0.16266713,0.00067352917,-9.8143015,0.24784397,2.8075118,-0.72499037,2,1095.0,1093.0,1095.0,1093.0
631071188,-0.024807116,0.02345175,-9.746747,0.24784397,2.8075118,-0.72499037,2,1102.0,1100.0,1102.0,1100.0
631076188,0.03877128,0.018805226,-9.789651,0.24784397,2.8075118,-0.72499037,2,1102.0,1100.0,1102.0,1100.0
631081213,-0.15417506,-0.09251458,-9.923635,0.24784397,2.8075118,-0.72499037,2,1102.0,1100.0,1102.0,1100.0
631086188,-0.025151758,0.10305485,-9.843685,0.24784397,2.8075118,-0.72499037,2,1102.0,1100.0,1102.0,1100.0
631091190,-0.25572053,-0.26533416,-9.875014,0.24784397,2.8075118,-0.72499037,2,1102.0,1100.0,1102.0,1100.0
631096211,-0.17721564,0.14549078,-9.726346,0.24784397,2.8075118,-0.72499037,2,1102.0,1100.0,1102.0,1100.0
631101188,-0.031083997,-0.34139928,-9.699736,0.24784397,2.8075118,-0.72499037,2,1102.0,1100.0,1102.0,1100.0
631106188,0.0593208,-0.15238136,-9.752755,0.24784397,2.8075118,-0.72499037,2,1102.0,1100.0,1102.0,1100.0
631111213,-0.18701032,-0.1668359,-9.910955,0.24784397,2.8075118,-0.72499037,2,1102.0,1100.0,1102.0,1100.0
631116187,-0.07620229,-0.22699085,-9.899265,0.24784397,2.8075118,-0.72499037,2,1102.0,1100.0,1102.0,1100.0
631121191,-0.25519055,-0.14295024,-9.970562,0.24784397,2.8075118,-0.72499037,2,1102.0,1100.0,1102.0,1100.0
631126211,0.02616368,0.050904315,-9.661702,0.24784397,2.8075118,-0.72499037,2,1102.0,1100.0,1102.0,1100.0
631131190,-0.080861226,-0.1904379,-9.737411,0.24784397,2.8075118,-0.72499037,2,1102.0,1100.0,1102.0,1100.0
631136188,0.036884762,0.020512378,-9.587368,0.24784397,2.8075118,-0.72499037,2,1102.0,1100.0,1102.0,1100.0
631141212,-0.11033093,-0.15744455,-10.029118,0.24784397,2.8075118,-0.72499037,2,1102.0,1100.0,1102.0,1100.0
631146188,-0.121399164,-0.06483795,-9.788408,0.24784397,2.8075118,-0.72499037,2,1102.0,1100.0,1102.0,1100.0
631151189,-0.24722953,0.054816242,-10.065565,0.24784397,2.8075118,-0.72499037,2,1102.0,1100.0,1102.0,1100.0
631156211,0.00776581,0.037318718,-9.6539545,0.24784397,2.8075118,-0.72499037,2,1102.0,1100.0,1102.0,1100.0
631161188,-0.017293468,0.12530702,-9.766868,0.24784397,2.8075118,-0.72499037,2,1102.0,1100.0,1102.0,1100.0
631166188,-0.14115189,-0.18212843,-9.711698,0.24784397,2.8075118,-0.72499037,2,1102.0,1100.0,1102.0,1100.0
631171212,-0.051177204,-0.04349851,-9.874468,0.24784397,2.8075118,-0.72499037,2,1102.0,1100.0,1102.0,1100.0
631176188,-0.20192753,-0.069482334,-10.015908,0.24810731,2.807631,-0.7233231,2,1102.0,1100.0,1102.0,1100.0
631181188,-0.14435506,-0.2252044,-9.829033,0.24810731,2.807631,-0.7233231,2,1102.0,1100.0,1102.0,1100.0
631186212,-0.031293437,-0.19959727,-9.872991,0.24810731,2.807631,-0.7233231,2,1102.0,1100.0,1102.0,1100.0
631191188,-0.11694559,0.12707338,-9.574506,0.24810731,2.807631,-0.7233231,2,1102.0,1100.0,1102.0,1100.0
631196187,0.06508704,0.035010643,-9.765316,0.24810731,2.807631,-0.7233231,2,1102.0,1100.0,1102.0,1100.0
631201213,-0.29186532,-0.009561249,-9.720779,0.24810731,2.807631,-0.7233231,2,1102.0,1100.0,1102.0,1100.0
631206187,-0.002241512,-0.3518934,-9.889538,0.24810731,2.807631,-0.7233231,2,1102.0,1100.0,1102.0,1100.0
631211188,-0.16531453,-0.13342656,-9.858125,0.24810731,2.807631,-0.7233231,2,1102.0,1100.0,1102.0,1100.0
631216212,-0.0866409,-0.274415,-9.824744,0.24810731,2.807631,-0.7233231,2,1102.0,1100.0,1102.0,1100.0
631221188,-0.04393187,0.12887132,-9.800848,0.24810731,2.807631,-0.7233231,2,1102.0,1100.0,1102.0,1100.0
631226188,-0.032558497,-0.021339986,-9.703252,0.24810731,2.807631,-0.7233231,2,1102.0,1100.0,1102.0,1100.0
631231219,-0.18429942,-0.04954165,-9.85472,0.24810731,2.807631,-0.7233231,2,1102.0,1100.0,1102.0,1100.0
631236187,-0.06922957,-0.052492384,-9.84751,0.24810731,2.807631,-0.7233231,2,1102.0,1100.0,1102.0,1100.0
631241190,-0.08376632,-0.004120526,-9.831833,0.24810731,2.807631,-0.7233231,2,1102.0,1100.0,1102.0,1100.0
631246212,-0.15795086,-0.066970624,-9.863832,0.24810731,2.807631,-0.7233231,2,1102.0,1100.0,1102.0,1100.0
631251188,-0.10266666,0.059353665,-9.783707,0.24810731,2.807631,-0.7233231,2,1102.0,1100.0,1102.0,1100.0
631256188,0.014912397,-0.07819689,-9.727221,0.24810731,2.807631,-0.7233231,2,1102.0,1100.0,1102.0,1100.0
631261221,-0.17090182,-0.19406302,-9.810044,0.24810731,2.807631,-0.7233231,2,1102.0,1100.0,1102.0,1100.0
631266187,-0.12879926,0.01251427,-9.77379,0.24824877,2.8076625,-0.72156745,2,1102.0,1100.0,1102.0,1100.0
631271191,-0.1906539,-0.09625888,-9.997223,0.24824877,2.8076625,-0.72156745,2,1102.0,1100.0,1102.0,1100.0
631276214,-0.1324364,-0.14129946,-9.714211,0.24824877,2.8076625,-0.72156745,2,1102.0,1100.0,1102.0,1100.0
631281188,0.0121052805,-0.2885081,-9.861301,0.24824877,2.8076625,-0.72156745,2,1102.0,1100.0,1102.0,1100.0
631286188,-0.13102236,-0.14612693,-9.685923,0.24824877,2.8076625,-0.72156745,2,1102.0,1100.0,1102.0,1100.0
631291212,-0.020063212,-0.11955229,-9.879856,0.24824877,2.8076625,-0.72156745,2,1102.0,1100.0,1102.0,1100.0
631296189,-0.14497288,0.06715113,-9.887419,0.24824877,2.8076625,-0.72156745,2,1102.0,1100.0,1102.0,1100.0
631301190,-0.23773421,-0.04871686,-9.731817,0.24824877,2.8076625,-0.72156745,2,1102.0,1100.0,1102.0,1100.0
631306212,0.15546238,0.004271913,-9.8642645,0.24824877,2.8076625,-0.72156745,2,1102.0,1100.0,1102.0,1100.0
631311193,-0.15244624,-0.13831961,-9.6810255,0.24824877,2.8076625,-0.72156745,2,1102.0,1100.0,1102.0,1100.0
631316187,0.022775486,-0.05030107,-9.852775,0.24824877,2.8076625,-0.72156745,2,1102.0,1100.0,1102.0,1100.0
631321216,-0.15023558,0.09180806,-9.8099985,0.24824877,2.8076625,-0.72156745,2,1102.0,1100.0,1102.0,1100.0
631326188,-0.054937325,-0.097163916,-10.041951,0.24824877,2.8076625,-0.72156745,2,1102.0,1100.0,1102.0,1100.0
631331188,-0.1102312,-0.010806476,-9.782833,0.24824877,2.8076625,-0.72156745,2,1102.0,1100.0,1102.0,1100.0
631336212,-0.14637372,-0.20473903,-9.689996,0.24824877,2.8076625,-0.72156745,2,1102.0,1100.0,1102.0,1100.0
631341212,0.051013537,-0.029985363,-9.759918,0.24824877,2.8076625,-0.72156745,2,1102.0,1100.0,1102.0,1100.0
631346188,-0.27755067,-0.065856,-9.854531,0.24824877,2.8076625,-0.72156745,2,1102.0,1100.0,1102.0,1100.0
631351216,0.09351265,-0.15720256,-9.885816,0.24824877,2.8076625,-0.72156745,2,1102.0,1100.0,1102.0,1100.0
631356187,-0.13816577,-0.20546044,-9.872689,0.24824877,2.8076625,-0.72156745,2,1102.0,1100.0,1102.0,1100.0
631361190,-0.07490406,-0.1083937,-9.799963,0.24824877,2.8076625,-0.72156745,2,1102.0,1100.0,1102.0,1100.0
631366211,-0.008293919,-0.052840985,-9.659239,0.24824877,2.8076625,-0.72156745,2,1102.0,1100.0,1102.0,1100.0
631371190,-0.3236325,0.042725332,-9.873886,0.24824877,2.8076625,-0.72156745,2,1102.0,1100.0,1102.0,1100.0
631376187,-0.009711619,0.07263808,-9.772878,0.24840334,2.807655,-0.71939933,2,1102.0,1100.0,1102.0,1100.0
631381212,-0.22159865,-0.3915823,-9.954693,0.24840334,2.807655,-0.71939933,2,1102.0,1100.0,1102.0,1100.0
631386189,0.10953197,-0.12861502,-9.655022,0.24840334,2.807655,-0.71939933,2,1102.0,1100.0,1102.0,1100.0
631391188,-0.06777198,-0.05675616,-9.893734,0.24840334,2.807655,-0.71939933,2,1102.0,1100.0,1102.0,1100.0
631396212,-0.18533447,0.012931335,-9.83736,0.24840334,2.807655,-0.71939933,2,1102.0,1100.0,1102.0,1100.0
631401190,-0.065944456,0.17396414,-9.877357,0.24840334,2.807655,-0.71939933,2,1102.0,1100.0,1102.0,1100.0
631406188,-0.23299299,-0.1639687,-9.819713,0.24840334,2.807655,-0.71939933,2,1102.0,1100.0,1102.0,1100.0
631411217,-0.08839634,-0.03244019,-9.640455,0.24840334,2.807655,-0.71939933,2,1102.0,1100.0,1102.0,1100.0
631416187,-0.14980255,-0.08146929,-9.788476,0.24840334,2.807655,-0.71939933,2,1102.0,1100.0,1102.0,1100.0
631421188,0.0013089591,-0.049210627,-9.67392,0.24840334,2.807655,-0.71939933,2,1102.0,1100.0,1102.0,1100.0
631426213,-0.043822557,-0.03332096,-10.023668,0.24840334,2.807655,-0.71939933,2,1102.0,1100.0,1102.0,1100.0
631431188,-0.12879108,-0.053237364,-9.814299,0.24840334,2.807655,-0.71939933,2,1102.0,1100.0,1102.0,1100.0
631436188,0.013300006,-0.15984021,-9.917036,0.24840334,2.807655,-0.71939933,2,1102.0,1100.0,1102.0,1100.0
631441217,-0.26587644,0.005003846,-9.714421,0.24840334,2.807655,-0.71939933,2,1102.0,1100.0,1102.0,1100.0
631446187,-0.14237885,-0.077909075,-9.765431,0.24840334,2.807655,-0.71939933,2,1102.0,1100.0,1102.0,1100.0
631451192,-0.08266212,-0.12050585,-9.859133,0.24840334,2.807655,-0.71939933,2,1102.0,1100.0,1102.0,1100.0
631456213,-0.0670961,-0.22486618,-9.817788,0.24840334,2.807655,-0.71939933,2,1102.0,1100.0,1102.0,1100.0
631461188,-0.037921935,-0.30949572,-9.928652,0.24840334,2.807655,-0.71939933,2,1102.0,1100.0,1102.0,1100.0
631466188,-0.039161265,-0.100736216,-9.748276,0.24846393,2.807605,-0.7172927,2,1102.0,1100.0,1102.0,1100.0
631471217,-0.171761,0.06361113,-9.796928,0.24846393,2.807605,-0.7172927,2,1102.0,1100.0,1102.0,1100.0
631476187,0.03201044,-0.004722137,-9.726056,0.24846393,2.807605,-0.7172927,2,1102.0,1100.0,1102.0,1100.0
631481189,-0.28838345,-0.20227446,-9.83372,0.24846393,2.807605,-0.7172927,2,1102.0,1100.0,1102.0,1100.0
631486212,-0.021898422,0.0029093612,-9.845346,0.24846393,2.807605,-0.7172927,2,1102.0,1100.0,1102.0,1100.0
631491188,-0.07898377,-0.104794234,-9.882393,0.24846393,2.807605,-0.7172927,2,1102.0,1100.0,1102.0,1100.0
631496188,-0.12254645,-0.007969495,-9.861699,0.24846393,2.807605,-0.7172927,2,1102.0,1100.0,1102.0,1100.0
631501213,0.079883374,0.09442438,-9.851669,0.24846393,2.807605,-0.7172927,2,1102.0,1100.0,1102.0,1100.0
631506188,-0.3187745,-0.18940145,-9.725066,0.24846393,2.807605,-0.7172927,2,1102.0,1100.0,1102.0,1100.0
631511188,0.036819007,0.09206628,-9.754819,0.24846393,2.807605,-0.7172927,2,1102.0,1100.0,1102.0,1100.0
631516211,-0.10733933,-0.14535062,-9.662306,0.24846393,2.807605,-0.7172927,2,1102.0,1100.0,1102.0,1100.0
631521188,-0.1665441,-0.085821085,-9.83352,0.24846393,2.807605,-0.7172927,2,1102.0,1100.0,1102.0,1100.0
631526188,-0.10594229,-0.030464726,-9.865766,0.24846393,2.807605,-0.7172927,2,1102.0,1100.0,1102.0,1100.0
631531210,-0.067180976,-0.423924,-9.834805,0.24846393,2.807605,-0.7172927,2,1102.0,1100.0,1102.0,1100.0
631536186,0.040100787,0.0024520536,-9.90327,0.24846393,2.807605,-0.7172927,2,1102.0,1100.0,1102.0,1100.0
631541188,-0.24684495,-0.34308657,-9.8838825,0.24846393,2.807605,-0.7172927,2,1102.0,1100.0,1102.0,1100.0
631546211,-0.12706405,0.0696268,-9.84659,0.24846393,2.807605,-0.7172927,2,1102.0,1100.0,1102.0,1100.0
631551187,-0.11380717,-0.013025788,-9.779767,0.24846393,2.807605,-0.7172927,2,1102.0,1100.0,1102.0,1100.0
631556188,-0.13623117,-0.16616622,-9.736273,0.24846393,2.807605,-0.7172927,2,1102.0,1100.0,1102.0,1100.0
631561211,-0.030062681,0.14262019,-9.761273,0.24846393,2.807605,-0.7172927,2,1102.0,1100.0,1102.0,1100.0
631566186,-0.21089473,-0.38187942,-9.787957,0.24846393,2.807605,-0.7172927,2,1102.0,1100.0,1102.0,1100.0
631571188,0.08689091,0.14237326,-9.762114,0.24846393,2.807605,-0.7172927,2,1102.0,1100.0,1102.0,1100.0
631576211,-0.13089843,-0.05980532,-9.804161,0.24856405,2.807533,-0.71483505,2,1102.0,1100.0,1102.0,1100.0
631581188,-0.079984576,-0.05174708,-9.80325,0.24856405,2.807533,-0.71483505,2,1102.0,1100.0,1102.0,1100.0
631586187,-0.09515954,0.114026144,-9.890164,0.24856405,2.807533,-0.71483505,2,1102.0,1100.0,1102.0,1100.0
631591210,-0.10530598,-0.16053914,-9.907027,0.24856405,2.807533,-0.71483505,2,1102.0,1100.0,1102.0,1100.0
631596187,0.037492316,-0.08715587,-9.833738,0.24856405,2.807533,-0.71483505,2,1102.0,1100.0,1102.0,1100.0
631601187,-0.19583412,0.0858953,-9.918857,0.24856405,2.807533,-0.71483505,2,1102.0,1100.0,1102.0,1100.0
631606211,-0.11209119,-0.13177761,-9.8356,0.24856405,2.807533,-0.71483505,2,1102.0,1100.0,1102.0,1100.0
631611208,-0.09016305,-0.16666678,-9.552903,0.24856405,2.807533,-0.71483505,2,1102.0,1100.0,1102.0,1100.0
631616187,-0.06099472,-0.10874038,-9.807715,0.24856405,2.807533,-0.71483505,2,1102.0,1100.0,1102.0,1100.0
631621211,-0.045546435,-0.16922018,-9.776499,0.24856405,2.807533,-0.71483505,2,1102.0,1100.0,1102.0,1100.0
631626187,-0.23187819,-0.20375074,-9.971958,0.24856405,2.807533,-0.71483505,2,1102.0,1100.0,1102.0,1100.0
631631188,-0.062991194,0.036241494,-9.781195,0.24856405,2.807533,-0.71483505,2,1102.0,1100.0,1102.0,1100.0
631636211,-0.064252794,-0.28391734,-9.859063,0.24856405,2.807533,-0.71483505,2,1102.0,1100.0,1102.0,1100.0
631641187,-0.014132172,0.110796705,-9.793161,0.24856405,2.807533,-0.71483505,2,1102.0,1100.0,1102.0,1100.0
631646188,-0.07041752,-0.10313764,-9.75838,0.24856405,2.807533,-0.71483505,2,1102.0,1100.0,1102.0,1100.0
631651213,-0.28627336,-0.0016903137,-10.001349,0.24856405,2.807533,-0.71483505,2,1102.0,1100.0,1102.0,1100.0
631656187,-0.113064244,-0.14909254,-9.595057,0.24856405,2.807533,-0.71483505,2,1102.0,1100.0,1102.0,1100.0
631661188,0.026329251,-0.23104113,-9.856551,0.24856405,2.807533,-0.71483505,2,1102.0,1100.0,1102.0,1100.0
631666211,-0.13682637,-0.14882116,-9.665947,0.24856405,2.807533,-0.71483505,2,1102.0,1100.0,1102.0,1100.0
631671188,0.13310158,0.13104486,-9.774297,0.24856405,2.807533,-0.71483505,2,1102.0,1100.0,1102.0,1100.0
631676187,-0.18076754,0.086493574,-10.050813,0.2551705,2.809637,-0.7042056,2,1102.0,1100.0,1102.0,1100.0
631681211,-0.29546997,0.13101156,-9.737942,0.2551705,2.809637,-0.7042056,2,1102.0,1100.0,1102.0,1100.0
631686186,0.24279955,-0.13171956,-9.908329,0.2551705,2.809637,-0.7042056,2,1102.0,1100.0,1102.0,1100.0
631691188,-0.28142348,-0.36088687,-9.591212,0.2551705,2.809637,-0.7042056,2,1102.0,1100.0,1102.0,1100.0
631696214,0.13212033,0.036981083,-9.999026,0.2551705,2.809637,-0.7042056,2,1102.0,1100.0,1102.0,1100.0
631701188,-0.2314807,-0.17062263,-9.912701,0.2551705,2.809637,-0.7042056,2,1102.0,1100.0,1102.0,1100.0
631706188,-0.1642257,-0.08512351,-9.712124,0.2551705,2.809637,-0.7042056,2,1102.0,1100.0,1102.0,1100.0
631711211,-0.090898484,0.118456274,-9.846549,0.2551705,2.809637,-0.7042056,2,1102.0,1100.0,1102.0,1100.0
631716187,-0.22568652,-0.34288457,-9.523474,0.2551705,2.809637,-0.7042056,2,1102.0,1100.0,1102.0,1100.0
631721188,0.0791562,0.12546082,-9.896688,0.2551705,2.809637,-0.7042056,2,1102.0,1100.0,1102.0,1100.0
631726211,-0.30753744,-0.21143234,-9.859393,0.2551705,2.809637,-0.7042056,2,1102.0,1100.0,1102.0,1100.0
631731187,0.033903603,-0.19426057,-9.954148,0.2551705,2.809637,-0.7042056,2,1102.0,1100.0,1102.0,1100.0
631736187,-0.23779166,0.004092282,-9.929273,0.2551705,2.809637,-0.7042056,2,1102.0,1100.0,1102.0,1100.0
631741212,-0.033831757,-0.1558105,-9.691953,0.2551705,2.809637,-0.7042056,2,1102.0,1100.0,1102.0,1100.0
631746186,0.016516564,0.16051364,-9.817549,0.2551705,2.809637,-0.7042056,2,1102.0,1100.0,1102.0,1100.0
631751187,-0.2795164,0.04840421,-9.827823,0.2551705,2.809637,-0.7042056,2,1102.0,1100.0,1102.0,1100.0
631756211,-0.092003584,-0.046406858,-9.84522,0.2551705,2.809637,-0.7042056,2,1102.0,1100.0,1102.0,1100.0
631761187,-0.24576224,-0.07168587,-9.811259,0.2551705,2.809637,-0.7042056,2,1102.0,1100.0,1102.0,1100.0
631766188,0.051880922,-0.2963126,-9.66774,0.2524888,2.8078113,-0.70323914,2,1102.0,1100.0,1102.0,1100.0
631771212,0.101669446,0.032691717,-9.83577,0.2524888,2.8078113,-0.70323914,2,1102.0,1100.0,1102.0,1100.0
631776187,-0.17417645,-0.012960385,-9.974838,0.2524888,2.8078113,-0.70323914,2,1102.0,1100.0,1102.0,1100.0
631781188,0.03001646,0.06381159,-9.765365,0.2524888,2.8078113,-0.70323914,2,1102.0,1100.0,1102.0,1100.0
631786213,-0.18172425,-0.06053131,-9.975848,0.2524888,2.8078113,-0.70323914,2,1102.0,1100.0,1102.0,1100.0
631791188,-0.10822194,-0.15590782,-9.68502,0.2524888,2.8078113,-0.70323914,2,1102.0,1100.0,1102.0,1100.0
631796188,-0.0011765761,-0.15847778,-9.847199,0.2524888,2.8078113,-0.70323914,2,1102.0,1100.0,1102.0,1100.0
631801212,-0.11909868,-0.098646,-9.722396,0.2524888,2.8078113,-0.70323914,2,1102.0,1100.0,1102.0,1100.0
631806187,-0.11501046,-0.09283449,-9.932543,0.2524888,2.8078113,-0.70323914,2,1102.0,1100.0,1102.0,1100.0
631811188,-0.16211313,-0.14579558,-9.884897,0.2524888,2.8078113,-0.70323914,2,1102.0,1100.0,1102.0,1100.0
631816211,-0.032950565,-0.13045882,-9.731674,0.2524888,2.8078113,-0.70323914,2,1102.0,1100.0,1102.0,1100.0
631821188,-0.09477149,-0.053805213,-9.741566,0.2524888,2.8078113,-0.70323914,2,1102.0,1100.0,1102.0,1100.0
631826188,-0.09150996,0.03640874,-9.612359,0.2524888,2.8078113,-0.70323914,2,1102.0,1100.0,1102.0,1100.0
631831212,-0.14316589,-0.14190271,-9.994669,0.2524888,2.8078113,-0.70323914,2,1102.0,1100.0,1102.0,1100.0
631836187,-0.1722924,-0.10012699,-9.778,0.2524888,2.8078113,-0.70323914,2,1102.0,1100.0,1102.0,1100.0
631841188,-0.16296335,-0.26294503,-9.973283,0.2524888,2.8078113,-0.70323914,2,1102.0,1100.0,1102.0,1100.0
631846211,0.011956073,-0.08074163,-9.7279415,0.2524888,2.8078113,-0.70323914,2,1102.0,1100.0,1102.0,1100.0
631851187,-0.18708432,-0.004970774,-9.928751,0.2524888,2.8078113,-0.70323914,2,1102.0,1100.0,1102.0,1100.0
631856187,-0.14775488,0.06524115,-9.6574955,0.2524888,2.8078113,-0.70323914,2,1102.0,1100.0,1102.0,1100.0
631861211,-0.04358529,-0.1261207,-9.846483,0.2524888,2.8078113,-0.70323914,2,1102.0,1100.0,1102.0,1100.0
631866187,-0.25967985,-0.046919882,-9.85499,0.2524888,2.8078113,-0.70323914,2,1102.0,1100.0,1102.0,1100.0
631871188,0.14470042,0.0035463674,-9.8432455,0.2524888,2.8078113,-0.70323914,2,1102.0,1100.0,1102.0,1100.0
631876211,0.034701608,-0.22959343,-9.794435,0.2523619,2.8076565,-0.7076113,2,1102.0,1100.0,1102.0,1100.0
631881188,0.0068276552,0.19541346,-9.73707,0.2523619,2.8076565,-0.7076113,2,1102.0,1100.0,1102.0,1100.0
631886188,-0.031221963,-0.18412292,-9.879969,0.2523619,2.8076565,-0.7076113,2,1102.0,1100.0,1102.0,1100.0
631891212,-0.25101367,-0.26159725,-9.765645,0.2523619,2.8076565,-0.7076113,2,1102.0,1100.0,1102.0,1100.0
631896187,-0.056848135,0.1766616,-9.815617,0.2523619,2.8076565,-0.7076113,2,1102.0,1100.0,1102.0,1100.0
631901188,-0.3315576,-0.31847292,-9.825267,0.2523619,2.8076565,-0.7076113,2,1102.0,1100.0,1102.0,1100.0
631906210,0.007469896,0.03552373,-9.738204,0.2523619,2.8076565,-0.7076113,2,1102.0,1100.0,1102.0,1100.0
631911188,-0.081017636,-0.35622266,-9.892518,0.2523619,2.8076565,-0.7076113,2,1102.0,1100.0,1102.0,1100.0
631916187,-0.02617067,-0.109288186,-9.793281,0.2523619,2.8076565,-0.7076113,2,1102.0,1100.0,1102.0,1100.0
631921211,-0.059921272,0.1902327,-9.863751,0.2523619,2.8076565,-0.7076113,2,1102.0,1100.0,1102.0,1100.0
631926187,-0.22244188,0.004047445,-9.862795,0.2523619,2.8076565,-0.7076113,2,1102.0,1100.0,1102.0,1100.0
631931188,-0.0336204,0.123563096,-9.816052,0.2523619,2.8076565,-0.7076113,2,1102.0,1100.0,1102.0,1100.0
631936211,-0.20587066,-0.2737525,-9.782906,0.2523619,2.8076565,-0.7076113,2,1102.0,1100.0,1102.0,1100.0
631941187,-0.024512617,-0.00075963663,-9.679952,0.2523619,2.8076565,-0.7076113,2,1102.0,1100.0,1102.0,1100.0
631946188,-0.17549177,-0.26285914,-9.74534,0.2523619,2.8076565,-0.7076113,2,1102.0,1100.0,1102.0,1100.0
631951212,-0.15744832,-0.16714303,-9.892866,0.2523619,2.8076565,-0.7076113,2,1102.0,1100.0,1102.0,1100.0
631956187,-0.020922,0.12826091,-9.751738,0.2523619,2.8076565,-0.7076113,2,1102.0,1100.0,1102.0,1100.0
631961188,-0.018634507,-0.122040875,-9.923539,0.2523619,2.8076565,-0.7076113,2,1102.0,1100.0,1102.0,1100.0
631966211,0.016103579,0.10221161,-9.75661,0.25201854,2.8076558,-0.7113315,2,1102.0,1100.0,1102.0,1100.0
631971188,-0.20225854,-0.24772687,-9.932002,0.25201854,2.8076558,-0.7113315,2,1102.0,1100.0,1102.0,1100.0
631976188,-0.016793253,0.025822751,-9.887971,0.25201854,2.8076558,-0.7113315,2,1102.0,1100.0,1102.0,1100.0
631981211,-0.120057605,-0.014104118,-9.77242,0.25201854,2.8076558,-0.7113315,2,1102.0,1100.0,1102.0,1100.0
631986187,-0.031151522,-0.087213695,-9.902964,0.25201854,2.8076558,-0.7113315,2,1102.0,1100.0,1102.0,1100.0
631991188,0.006292562,-0.020541761,-9.6248255,0.25201854,2.8076558,-0.7113315,2,1102.0,1100.0,1102.0,1100.0
631996211,-0.1916443,-0.18917046,-9.8946495,0.25201854,2.8076558,-0.7113315,2,1102.0,1100.0,1102.0,1100.0
632001188,-0.10770761,0.01030819,-9.70309,0.25201854,2.8076558,-0.7113315,2,1102.0,1100.0,1102.0,1100.0
632006188,-0.07660335,-0.290277,-9.955604,0.25201854,2.8076558,-0.7113315,2,1102.0,1100.0,1102.0,1100.0
632011211,-0.07682708,-0.01655178,-9.836965,0.25201854,2.8076558,-0.7113315,2,1102.0,1100.0,1102.0,1100.0
632016187,0.016336782,-0.15625623,-9.815193,0.25201854,2.8076558,-0.7113315,2,1102.0,1100.0,1102.0,1100.0
632021188,-0.20365083,-0.037003756,-9.79032,0.25201854,2.8076558,-0.7113315,2,1102.0,1100.0,1102.0,1100.0
632026212,-0.24986656,0.1640955,-9.631763,0.25201854,2.8076558,-0.7113315,2,1102.0,1100.0,1102.0,1100.0
632031187,-0.090430096,0.020153916,-9.980961,0.25201854,2.8076558,-0.7113315,2,1102.0,1100.0,1102.0,1100.0
632036188,-0.29036313,-0.20193274,-9.634137,0.25201854,2.8076558,-0.7113315,2,1102.0,1100.0,1102.0,1100.0
632041211,0.17990838,-0.27425745,-9.802233,0.25201854,2.8076558,-0.7113315,2,1102.0,1100.0,1102.0,1100.0
632046187,-0.060190026,-0.17509672,-9.711601,0.25201854,2.8076558,-0.7113315,2,1102.0,1100.0,1102.0,1100.0
632051188,-0.17679757,-0.10285137,-9.894108,0.25201854,2.8076558,-0.7113315,2,1102.0,1100.0,1102.0,1100.0
632056211,-0.022446705,0.15033503,-10.020813,0.25201854,2.8076558,-0.7113315,2,1102.0,1100.0,1102.0,1100.0
632061188,-0.37234288,-0.2378967,-9.813199,0.25201854,2.8076558,-0.7113315,2,1102.0,1100.0,1102.0,1100.0
632066188,0.19409104,0.10964626,-9.7862835,0.25201854,2.8076558,-0.7113315,2,1102.0,1100.0,1102.0,1100.0
632071212,-0.2597615,-0.23127322,-9.700287,0.25201854,2.8076558,-0.7113315,2,1102.0,1100.0,1102.0,1100.0
632076187,-0.05527286,-0.0024657233,-9.906586,0.25145173,2.80782,-0.71537477,2,1102.0,1100.0,1102.0,1100.0
632081188,-0.051683165,0.053073265,-9.820781,0.25145173,2.80782,-0.71537477,2,1102.0,1100.0,1102.0,1100.0
632086211,-0.15011005,-0.21961467,-9.95477,0.25145173,2.80782,-0.71537477,2,1102.0,1100.0,1102.0,1100.0
632091187,0.29328558,0.006222388,-9.684068,0.25145173,2.80782,-0.71537477,2,1102.0,1100.0,1102.0,1100.0
632096187,-0.2955401,-0.2270883,-9.841038,0.25145173,2.80782,-0.71537477,2,1102.0,1100.0,1102.0,1100.0
632101214,0.041260067,0.06604914,-9.746347,0.25145173,2.80782,-0.71537477,2,1102.0,1100.0,1102.0,1100.0
632106187,-0.37211087,-0.04326379,-9.85675,0.25145173,2.80782,-0.71537477,2,1102.0,1100.0,1102.0,1100.0
632111188,-0.16493286,-0.20163883,-9.875273,0.25145173,2.80782,-0.71537477,2,1102.0,1100.0,1102.0,1100.0
632116211,0.055505715,-0.017368523,-9.696563,0.25145173,2.80782,-0.71537477,2,1102.0,1100.0,1102.0,1100.0
632121188,-0.10908667,-0.38942638,-9.822333,0.25145173,2.80782,-0.71537477,2,1102.0,1100.0,1102.0,1100.0
632126188,0.07346486,0.1594375,-9.622494,0.25145173,2.80782,-0.71537477,2,1102.0,1100.0,1102.0,1100.0
632131211,-0.21566533,-0.029587004,-9.914268,0.25145173,2.80782,-0.71537477,2,1102.0,1100.0,1102.0,1100.0
632136187,-0.14166369,-0.045956977,-9.863272,0.25145173,2.80782,-0.71537477,2,1102.0,1100.0,1102.0,1100.0
632141188,-0.20798378,-0.016604047,-9.787667,0.25145173,2.80782,-0.71537477,2,1102.0,1100.0,1102.0,1100.0
632146211,-0.029909253,-0.25202858,-9.791628,0.25145173,2.80782,-0.71537477,2,1102.0,1100.0,1102.0,1100.0
632151187,-0.011292985,0.09496316,-9.747096,0.25145173,2.80782,-0.71537477,2,1102.0,1100.0,1102.0,1100.0
632156188,-0.13521701,-0.043965533,-9.9945755,0.25145173,2.80782,-0.71537477,2,1102.0,1100.0,1102.0,1100.0
632161211,-0.07250931,-0.18220024,-9.770797,0.25145173,2.80782,-0.71537477,2,1102.0,1100.0,1102.0,1100.0
632166187,-0.14006148,-0.09807379,-9.779673,0.25100133,2.8079908,-0.7178193,2,1102.0,1100.0,1102.0,1100.0
632171188,-0.0040074666,-0.07963184,-9.810645,0.25100133,2.8079908,-0.7178193,2,1102.0,1100.0,1102.0,1100.0
632176211,0.064192414,0.06839235,-9.655335,0.25100133,2.8079908,-0.7178193,2,1102.0,1100.0,1102.0,1100.0
632181188,-0.24897043,-0.11970142,-10.006499,0.25100133,2.8079908,-0.7178193,2,1102.0,1100.0,1102.0,1100.0
632186188,-0.04519087,-0.099514484,-9.663902,0.25100133,2.8079908,-0.7178193,2,1102.0,1100.0,1102.0,1100.0
632191213,-0.078736335,-0.19675751,-9.979206,0.25100133,2.8079908,-0.7178193,2,1102.0,1100.0,1102.0,1100.0
632196187,-0.029606372,0.06719488,-9.741688,0.25100133,2.8079908,-0.7178193,2,1102.0,1100.0,1102.0,1100.0
632201187,0.018241573,-0.0819155,-9.873608,0.25100133,2.8079908,-0.7178193,2,1102.0,1100.0,1102.0,1100.0
632206211,-0.15589663,-0.09621896,-9.855711,0.25100133,2.8079908,-0.7178193,2,1102.0,1100.0,1102.0,1100.0
632211188,-0.19463824,-0.05722566,-9.955343,0.25100133,2.8079908,-0.7178193,2,1102.0,1100.0,1102.0,1100.0
632216188,-0.18155758,-0.172409,-9.777529,0.25100133,2.8079908,-0.7178193,2,1102.0,1100.0,1102.0,1100.0
632221211,-0.0990773,-0.16915154,-9.708777,0.25100133,2.8079908,-0.7178193,2,1102.0,1100.0,1102.0,1100.0
632226187,-0.22322664,0.15042861,-9.707477,0.25100133,2.8079908,-0.7178193,2,1102.0,1100.0,1102.0,1100.0
632231188,-0.033268265,-0.08649535,-9.796286,0.25100133,2.8079908,-0.7178193,2,1102.0,1100.0,1102.0,1100.0
632236211,-0.22346112,0.003266264,-9.770056,0.25100133,2.8079908,-0.7178193,2,1102.0,1100.0,1102.0,1100.0
632241187,-0.020083636,-0.15812266,-9.711695,0.25100133,2.8079908,-0.7178193,2,1102.0,1100.0,1102.0,1100.0
632246187,-0.16165765,-0.25579566,-9.919754,0.25100133,2.8079908,-0.7178193,2,1102.0,1100.0,1102.0,1100.0
632251213,-0.039324973,0.020148577,-9.792553,0.25100133,2.8079908,-0.7178193,2,1102.0,1100.0,1102.0,1100.0
632256187,-0.06906586,-0.15510772,-9.975463,0.25100133,2.8079908,-0.7178193,2,1102.0,1100.0,1102.0,1100.0
632261187,-0.14424199,-0.013107709,-9.814611,0.25100133,2.8079908,-0.7178193,2,1102.0,1100.0,1102.0,1100.0
632266211,-0.025594268,-0.033347018,-9.846773,0.25100133,2.8079908,-0.7178193,2,1102.0,1100.0,1102.0,1100.0
632271188,-0.2838347,-0.1688754,-9.82392,0.25100133,2.8079908,-0.7178193,2,1102.0,1100.0,1102.0,1100.0
632276187,0.04713005,-0.01711156,-9.826689,0.25041592,2.8081572,-0.71989185,2,1102.0,1100.0,1102.0,1100.0
632281211,-0.120010644,-0.22009313,-9.745418,0.25041592,2.8081572,-0.71989185,2,1102.0,1100.0,1102.0,1100.0
632286187,-0.015902607,0.027219357,-9.829506,0.25041592,2.8081572,-0.71989185,2,1102.0,1100.0,1102.0,1100.0
632291188,-0.11897696,-0.114668466,-9.924512,0.25041592,2.8081572,-0.71989185,2,1102.0,1100.0,1102.0,1100.0
632296212,-0.03246443,-0.009942255,-9.746414,0.25041592,2.8081572,-0.71989185,2,1102.0,1100.0,1102.0,1100.0
632301187,0.039013732,0.15777183,-9.8344,0.25041592,2.8081572,-0.71989185,2,1102.0,1100.0,1102.0,1100.0
632306188,-0.22150268,-0.09874913,-9.771672,0.25041592,2.8081572,-0.71989185,2,1102.0,1100.0,1102.0,1100.0
632311212,-0.098100126,-0.010363359,-9.847815,0.25041592,2.8081572,-0.71989185,2,1102.0,1100.0,1102.0,1100.0
632316187,-0.15145518,-0.23366967,-9.647476,0.25041592,2.8081572,-0.71989185,2,1102.0,1100.0,1102.0,1100.0
632321188,-0.07117923,-0.32461998,-9.859548,0.25041592,2.8081572,-0.71989185,2,1102.0,1100.0,1102.0,1100.0
632326211,-0.14313777,0.0070455424,-9.760064,0.25041592,2.8081572,-0.71989185,2,1102.0,1100.0,1102.0,1100.0
632331188,-0.087493226,-0.19365306,-9.970593,0.25041592,2.8081572,-0.71989185,2,1102.0,1100.0,1102.0,1100.0
632336188,-0.0511469,0.12442828,-9.770764,0.25041592,2.8081572,-0.71989185,2,1102.0,1100.0,1102.0,1100.0
632341211,-0.14736259,-0.015524247,-9.750867,0.25041592,2.8081572,-0.71989185,2,1102.0,1100.0,1102.0,1100.0
632346187,-0.081585504,-0.14283775,-9.783685,0.25041592,2.8081572,-0.71989185,2,1102.0,1100.0,1102.0,1100.0
632351187,-0.20016946,0.102379054,-9.74582,0.25041592,2.8081572,-0.71989185,2,1102.0,1100.0,1102.0,1100.0
632356211,-0.0041969987,0.07492918,-10.012931,0.25041592,2.8081572,-0.71989185,2,1102.0,1100.0,1102.0,1100.0
632361188,-0.12731434,-0.19702609,-9.751211,0.25041592,2.8081572,-0.71989185,2,1102.0,1100.0,1102.0,1100.0
632366188,0.03445266,-0.20905274,-9.728286,0.25041592,2.8081572,-0.71989185,2,1102.0,1100.0,1102.0,1100.0
632371212,-0.06968817,-0.01978394,-9.700455,0.25041592,2.8081572,-0.71989185,2,1102.0,1100.0,1102.0,1100.0
632376187,-0.084461726,-0.06869822,-9.854604,0.24981931,2.8082616,-0.7211676,2,1102.0,1100.0,1102.0,1100.0
632381188,-0.13540533,0.02664857,-9.899232,0.24981931,2.8082616,-0.7211676,2,1102.0,1100.0,1102.0,1100.0
632386211,-0.13151222,-0.2091219,-9.89925,0.24981931,2.8082616,-0.7211676,2,1102.0,1100.0,1102.0,1100.0
632391188,-0.024314946,-0.0450509,-9.9448,0.24981931,2.8082616,-0.7211676,2,1102.0,1100.0,1102.0,1100.0
632396187,-0.010297904,-0.020151481,-9.74439,0.24981931,2.8082616,-0.7211676,2,1102.0,1100.0,1102.0,1100.0
632401211,0.02576874,0.0062320475,-9.775115,0.24981931,2.8082616,-0.7211676,2,1102.0,1100.0,1102.0,1100.0
632406187,-0.12943472,-0.13894384,-9.824328,0.24981931,2.8082616,-0.7211676,2,1102.0,1100.0,1102.0,1100.0
632411188,-0.16874537,0.046620917,-9.712512,0.24981931,2.8082616,-0.7211676,2,1102.0,1100.0,1102.0,1100.0
632416206,-0.13395454,-0.2573286,-9.833661,0.24981931,2.8082616,-0.7211676,2,1102.0,1100.0,1102.0,1100.0
632421188,-0.18571511,-0.23765145,-9.751211,0.24981931,2.8082616,-0.7211676,2,1102.0,1100.0,1102.0,1100.0
632426188,0.02463205,-0.14106447,-9.814584,0.24981931,2.8082616,-0.7211676,2,1102.0,1100.0,1102.0,1100.0
632431212,-0.23614487,-0.12712121,-9.855516,0.24981931,2.8082616,-0.7211676,2,1102.0,1100.0,1102.0,1100.0
632436187,-0.09244175,0.29163295,-9.959088,0.24981931,2.8082616,-0.7211676,2,1102.0,1100.0,1102.0,1100.0
632441188,-0.15292637,-0.11718515,-9.811648,0.24981931,2.8082616,-0.7211676,2,1102.0,1100.0,1102.0,1100.0
632446211,0.0235738,-0.13587172,-9.735012,0.24981931,2.8082616,-0.7211676,2,1102.0,1100.0,1102.0,1100.0
632451188,-0.11787366,0.15000612,-9.769032,0.24981931,2.8082616,-0.7211676,2,1102.0,1100.0,1102.0,1100.0
632456188,-0.20344853,-0.21727678,-9.716607,0.24981931,2.8082616,-0.7211676,2,1102.0,1100.0,1102.0,1100.0
632461220,0.050064843,0.0041992865,-9.872655,0.24981931,2.8082616,-0.7211676,2,1102.0,1100.0,1102.0,1100.0
632466186,-0.3046639,-0.3070685,-9.900533,0.24925382,2.8084173,-0.7218378,2,1102.0,1100.0,1102.0,1100.0
632471188,0.077420786,0.00453812,-9.820296,0.24925382,2.8084173,-0.7218378,2,1102.0,1100.0,1102.0,1100.0
632476211,-0.101509176,0.08145006,-9.775614,0.24925382,2.8084173,-0.7218378,2,1102.0,1100.0,1102.0,1100.0
632481187,-0.06496006,-0.028415674,-9.796663,0.24925382,2.8084173,-0.7218378,2,1102.0,1100.0,1102.0,1100.0
632486188,0.021122266,0.07370064,-9.876545,0.24925382,2.8084173,-0.7218378,2,1102.0,1100.0,1102.0,1100.0
632491211,-0.1103044,-0.2772988,-9.900217,0.24925382,2.8084173,-0.7218378,2,1102.0,1100.0,1102.0,1100.0
632496187,0.059426144,-0.13789944,-9.709361,0.24925382,2.8084173,-0.7218378,2,1102.0,1100.0,1102.0,1100.0
632501188,-0.105965465,-0.2345212,-9.858678,0.24925382,2.8084173,-0.7218378,2,1102.0,1100.0,1102.0,1100.0
632506211,-0.12710817,-0.10927891,-9.784854,0.24925382,2.8084173,-0.7218378,2,1102.0,1100.0,1102.0,1100.0
632511188,-0.18266979,0.046034236,-9.844491,0.24925382,2.8084173,-0.7218378,2,1102.0,1100.0,1102.0,1100.0
632516188,-0.2497204,-0.17744735,-9.932959,0.24925382,2.8084173,-0.7218378,2,1102.0,1100.0,1102.0,1100.0
632521212,-0.15675208,-0.051423006,-9.623579,0.24925382,2.8084173,-0.7218378,2,1102.0,1100.0,1102.0,1100.0
632526187,-0.014398278,-0.1915692,-9.861467,0.24925382,2.8084173,-0.7218378,2,1102.0,1100.0,1102.0,1100.0
632531188,-0.20754738,0.18840411,-9.7042675,0.24925382,2.8084173,-0.7218378,2,1102.0,1100.0,1102.0,1100.0
632536211,0.03244764,-0.18957755,-10.048814,0.24925382,2.8084173,-0.7218378,2,1102.0,1100.0,1102.0,1100.0
632541187,-0.10418638,0.018907556,-9.776964,0.24925382,2.8084173,-0.7218378,2,1102.0,1100.0,1102.0,1100.0
632546187,-0.067446016,-0.10959187,-9.848721,0.24925382,2.8084173,-0.7218378,2,1102.0,1100.0,1102.0,1100.0
632551212,-0.2000201,-0.15596543,-9.801518,0.24925382,2.8084173,-0.7218378,2,1102.0,1100.0,1102.0,1100.0
632556187,-0.08592028,0.04204649,-9.635524,0.24925382,2.8084173,-0.7218378,2,1102.0,1100.0,1102.0,1100.0
632561190,-0.17884873,-0.14507918,-9.971851,0.24925382,2.8084173,-0.7218378,2,1102.0,1100.0,1102.0,1100.0
632566211,-0.12824844,-0.20553324,-9.636778,0.24925382,2.8084173,-0.7218378,2,1102.0,1100.0,1102.0,1100.0
632571188,0.029057784,0.03397295,-9.975546,0.24925382,2.8084173,-0.7218378,2,1102.0,1100.0,1102.0,1100.0
632576187,-0.009685229,-0.08981218,-9.808369,0.24859416,2.8084912,-0.7223457,2,1102.0,1100.0,1102.0,1100.0
632581211,-0.029323118,0.19347131,-9.847721,0.24859416,2.8084912,-0.7223457,2,1102.0,1100.0,1102.0,1100.0
632586186,-0.04599544,-0.10904686,-9.742281,0.24859416,2.8084912,-0.7223457,2,1102.0,1100.0,1102.0,1100.0
632591187,-0.043869372,-0.2835643,-9.803737,0.24859416,2.8084912,-0.7223457,2,1102.0,1100.0,1102.0,1100.0
632596214,-0.080417335,-0.16251688,-9.829244,0.24859416,2.8084912,-0.7223457,2,1102.0,1100.0,1102.0,1100.0
632601188,-0.119726084,-0.3070009,-9.825607,0.24859416,2.8084912,-0.7223457,2,1102.0,1100.0,1102.0,1100.0
632606188,-0.14320433,-0.014908208,-9.911034,0.24859416,2.8084912,-0.7223457,2,1102.0,1100.0,1102.0,1100.0
632611213,-0.051901285,0.01703629,-9.767322,0.24859416,2.8084912,-0.7223457,2,1102.0,1100.0,1102.0,1100.0
632616187,-0.11423042,-0.19037728,-9.840132,0.24859416,2.8084912,-0.7223457,2,1102.0,1100.0,1102.0,1100.0
632621192,-0.10037991,0.08901737,-9.663624,0.24859416,2.8084912,-0.7223457,2,1102.0,1100.0,1102.0,1100.0
632626211,-0.10655749,-0.017617706,-9.973887,0.24859416,2.8084912,-0.7223457,2,1102.0,1100.0,1102.0,1100.0
632631188,-0.116009556,-0.28756392,-9.685246,0.24859416,2.8084912,-0.7223457,2,1102.0,1100.0,1102.0,1100.0
632636188,-0.1208913,0.006237717,-9.95426,0.24859416,2.8084912,-0.7223457,2,1102.0,1100.0,1102.0,1100.0
632641211,-0.23117466,-0.18425682,-9.677217,0.24859416,2.8084912,-0.7223457,2,1102.0,1100.0,1102.0,1100.0
632646187,-0.0072424854,0.0139497435,-9.759734,0.24859416,2.8084912,-0.7223457,2,1102.0,1100.0,1102.0,1100.0
632651188,-0.29274458,-0.08187783,-9.8787985,0.24859416,2.8084912,-0.7223457,2,1102.0,1100.0,1102.0,1100.0
632656210,-0.14023562,0.101633176,-9.807388,0.24859416,2.8084912,-0.7223457,2,1102.0,1100.0,1102.0,1100.0
632661188,-0.17249069,0.060551066,-9.879556,0.24859416,2.8084912,-0.7223457,2,1102.0,1100.0,1102.0,1100.0
632666188,-0.15923277,-0.20680445,-9.776952,0.24818635,2.8083973,-0.7225721,2,1102.0,1100.0,1102.0,1100.0
632671211,0.1190636,-0.12048358,-9.854823,0.24818635,2.8083973,-0.7225721,2,1102.0,1100.0,1102.0,1100.0
632676187,-0.013215476,-0.21594974,-9.938641,0.24818635,2.8083973,-0.7225721,2,1102.0,1100.0,1102.0,1100.0
632681188,-0.05614567,0.11900786,-9.8778515,0.24818635,2.8083973,-0.7225721,2,1102.0,1100.0,1102.0,1100.0
632686210,-0.11214227,-0.039321087,-9.766457,0.24818635,2.8083973,-0.7225721,2,1102.0,1100.0,1102.0,1100.0
632691188,-0.18485558,-0.12973973,-9.79007,0.24818635,2.8083973,-0.7225721,2,1102.0,1100.0,1102.0,1100.0
632696188,-0.10020489,-0.07934388,-9.644578,0.24818635,2.8083973,-0.7225721,2,1102.0,1100.0,1102.0,1100.0
632701211,-0.090466626,-0.2271607,-9.932563,0.24818635,2.8083973,-0.7225721,2,1102.0,1100.0,1102.0,1100.0
632706187,-0.09304876,-0.029888628,-9.786729,0.24818635,2.8083973,-0.7225721,2,1102.0,1100.0,1102.0,1100.0
632711188,-0.018796982,-0.09425093,-9.841695,0.24818635,2.8083973,-0.7225721,2,1102.0,1100.0,1102.0,1100.0
632716210,-0.0052629625,0.037823953,-9.8651085,0.24818635,2.8083973,-0.7225721,2,1102.0,1100.0,1102.0,1100.0
632721188,-0.14905937,-0.01241969,-9.720016,0.24818635,2.8083973,-0.7225721,2,1102.0,1100.0,1102.0,1100.0
632726188,0.0011038893,-0.10650961,-9.80772,0.24818635,2.8083973,-0.7225721,2,1102.0,1100.0,1102.0,1100.0
632731211,-0.2606409,0.019265443,-9.815907,0.24818635,2.8083973,-0.7225721,2,1102.0,1100.0,1102.0,1100.0
632736187,-0.21195616,-0.21673054,-9.944345,0.24818635,2.8083973,-0.7225721,2,1102.0,1100.0,1102.0,1100.0
632741188,-0.25137234,-0.1755189,-9.807597,0.24818635,2.8083973,-0.7225721,2,1102.0,1100.0,1102.0,1100.0
632746210,-0.07053387,-0.14148748,-9.696099,0.24818635,2.8083973,-0.7225721,2,1102.0,1100.0,1102.0,1100.0
632751188,-0.018106071,-0.10561908,-9.78764,0.24818635,2.8083973,-0.7225721,2,1102.0,1100.0,1102.0,1100.0
632756188,-0.08094019,0.12822427,-9.601994,0.24818635,2.8083973,-0.7225721,2,1102.0,1100.0,1102.0,1100.0
632761210,-0.17947304,0.062320255,-10.075748,0.24818635,2.8083973,-0.7225721,2,1102.0,1100.0,1102.0,1100.0
632766188,-0.2526967,-0.118499614,-9.813956,0.24818635,2.8083973,-0.7225721,2,1102.0,1100.0,1102.0,1100.0
632771189,0.15920672,-0.14799303,-9.908295,0.24818635,2.8083973,-0.7225721,2,1102.0,1100.0,1102.0,1100.0
632776210,-0.08906197,-0.16553001,-9.731316,0.24782929,2.8080206,-0.72280437,2,1102.0,1100.0,1102.0,1100.0
632781188,-0.027582258,-0.05198455,-9.813431,0.24782929,2.8080206,-0.72280437,2,1102.0,1100.0,1102.0,1100.0
632786188,-0.082237475,0.11244903,-9.892431,0.24782929,2.8080206,-0.72280437,2,1102.0,1100.0,1102.0,1100.0
632791211,-0.26910314,-0.19871671,-9.882737,0.24782929,2.8080206,-0.72280437,2,1102.0,1100.0,1102.0,1100.0
632796188,0.00641964,0.05093272,-9.870352,0.24782929,2.8080206,-0.72280437,2,1102.0,1100.0,1102.0,1100.0
632801188,-0.03510119,-0.2764878,-9.575272,0.24782929,2.8080206,-0.72280437,2,1102.0,1100.0,1102.0,1100.0
632806209,0.042578265,-0.10657832,-9.891622,0.24782929,2.8080206,-0.72280437,2,1102.0,1100.0,1102.0,1100.0
632811199,-0.0627244,0.030394133,-9.751322,0.24782929,2.8080206,-0.72280437,2,1102.0,1100.0,1102.0,1100.0
632816187,-0.18091029,-0.20069243,-9.959813,0.24782929,2.8080206,-0.72280437,2,1102.0,1100.0,1102.0,1100.0
632821211,-0.13252868,-0.000977203,-9.760756,0.24782929,2.8080206,-0.72280437,2,1102.0,1100.0,1102.0,1100.0
632826188,-0.11103492,-0.23558389,-9.72805,0.24782929,2.8080206,-0.72280437,2,1102.0,1100.0,1102.0,1100.0
632831188,-0.06691003,0.05319727,-9.792406,0.24782929,2.8080206,-0.72280437,2,1102.0,1100.0,1102.0,1100.0
632836210,-0.23517859,-0.1887493,-9.862485,0.24782929,2.8080206,-0.72280437,2,1102.0,1100.0,1102.0,1100.0
632841188,-0.19764504,-0.13738085,-9.9378605,0.24782929,2.8080206,-0.72280437,2,1102.0,1100.0,1102.0,1100.0
632846188,-0.110570446,-0.061058875,-9.842988,0.24782929,2.8080206,-0.72280437,2,1102.0,1100.0,1102.0,1100.0
632851210,-0.047164965,-0.10289633,-9.769168,0.24782929,2.8080206,-0.72280437,2,1102.0,1100.0,1102.0,1100.0
632856188,0.06413805,0.23655275,-9.72977,0.24782929,2.8080206,-0.72280437,2,1102.0,1100.0,1102.0,1100.0
632861196,-0.15071926,-0.14533609,-9.869804,0.24782929,2.8080206,-0.72280437,2,1102.0,1100.0,1102.0,1100.0
632866210,-0.2393586,0.1328395,-9.854682,0.24774003,2.8077042,-0.7229698,2,1102.0,1100.0,1102.0,1100.0
632871188,-0.103538126,-0.25847265,-9.7294655,0.24774003,2.8077042,-0.7229698,2,1102.0,1100.0,1102.0,1100.0
632876187,-0.091681354,-0.21637368,-9.795425,0.24774003,2.8077042,-0.7229698,2,1102.0,1100.0,1102.0,1100.0
632881211,0.0007825726,0.0021314688,-9.764777,0.24774003,2.8077042,-0.7229698,2,1102.0,1100.0,1102.0,1100.0
632886188,0.012195272,-0.16557583,-9.887578,0.24774003,2.8077042,-0.7229698,2,1102.0,1100.0,1102.0,1100.0
632891188,-0.16690643,0.046377543,-9.880172,0.24774003,2.8077042,-0.7229698,2,1102.0,1100.0,1102.0,1100.0
632896210,-0.13397698,-0.21211593,-9.786956,0.24774003,2.8077042,-0.7229698,2,1102.0,1100.0,1102.0,1100.0
632901188,-0.06245746,0.03921717,-9.702262,0.24774003,2.8077042,-0.7229698,2,1102.0,1100.0,1102.0,1100.0
632906187,-0.054194774,-0.16557191,-9.902773,0.24774003,2.8077042,-0.7229698,2,1102.0,1100.0,1102.0,1100.0
632911211,0.054158267,-0.064285375,-9.809827,0.24774003,2.8077042,-0.7229698,2,1102.0,1100.0,1102.0,1100.0
632916188,-0.1775618,-0.024239004,-9.982504,0.24774003,2.8077042,-0.7229698,2,1102.0,1100.0,1102.0,1100.0
632921188,-0.12173707,-0.2942157,-9.871941,0.24774003,2.8077042,-0.7229698,2,1102.0,1100.0,1102.0,1100.0
632926211,-0.12293602,-0.010260117,-9.707517,0.24774003,2.8077042,-0.7229698,2,1102.0,1100.0,1102.0,1100.0
632931188,-0.20267487,0.028284172,-9.882632,0.24774003,2.8077042,-0.7229698,2,1102.0,1100.0,1102.0,1100.0
632936187,-0.025621338,-0.17018795,-9.551046,0.24774003,2.8077042,-0.7229698,2,1102.0,1100.0,1102.0,1100.0
632941210,-0.256127,0.01656749,-9.850572,0.24774003,2.8077042,-0.7229698,2,1102.0,1100.0,1102.0,1100.0
632946188,-0.09317577,-0.13134918,-9.726162,0.24774003,2.8077042,-0.7229698,2,1102.0,1100.0,1102.0,1100.0
632951188,-0.19000317,-0.19157207,-9.874914,0.24774003,2.8077042,-0.7229698,2,1102.0,1100.0,1102.0,1100.0
632956210,0.0661783,0.22534497,-9.824031,0.24774003,2.8077042,-0.7229698,2,1102.0,1100.0,1102.0,1100.0
632961188,0.014020691,-0.144638,-9.877487,0.24774003,2.8077042,-0.7229698,2,1102.0,1100.0,1102.0,1100.0
632966188,-0.23966995,-0.05568079,-9.956431,0.24774003,2.8077042,-0.7229698,2,1102.0,1100.0,1102.0,1100.0
632971211,-0.032925136,0.12514551,-9.685917,0.24774003,2.8077042,-0.7229698,2,1102.0,1100.0,1102.0,1100.0
632976188,-0.22497027,-0.4133676,-9.872158,0.24768372,2.8074458,-0.7233496,2,1102.0,1100.0,1102.0,1100.0
632981188,0.041905493,0.056407716,-9.781641,0.24768372,2.8074458,-0.7233496,2,1102.0,1100.0,1102.0,1100.0
632986210,0.03257453,-0.16212021,-9.8619175,0.24768372,2.8074458,-0.7233496,2,1102.0,1100.0,1102.0,1100.0
632991188,-0.11564815,-0.21055532,-9.812529,0.24768372,2.8074458,-0.7233496,2,1102.0,1100.0,1102.0,1100.0
632996190,0.041388292,0.0661204,-9.677852,0.24768372,2.8074458,-0.7233496,2,1102.0,1100.0,1102.0,1100.0
633001211,-0.17793538,-0.24291855,-9.778654,0.24768372,2.8074458,-0.7233496,2,1102.0,1100.0,1102.0,1100.0
633006188,-0.017889101,0.13734026,-9.858333,0.24768372,2.8074458,-0.7233496,2,1102.0,1100.0,1102.0,1100.0
633011188,-0.17888336,-0.08023791,-9.886859,0.24768372,2.8074458,-0.7233496,2,1102.0,1100.0,1102.0,1100.0
633016210,0.12606007,-0.11600771,-9.885421,0.24768372,2.8074458,-0.7233496,2,1102.0,1100.0,1102.0,1100.0
633021188,-0.27760372,-0.13223824,-9.812701,0.24768372,2.8074458,-0.7233496,2,1102.0,1100.0,1102.0,1100.0
633026188,0.0025638458,-0.15451804,-9.72579,0.24768372,2.8074458,-0.7233496,2,1102.0,1100.0,1102.0,1100.0
633031211,-0.15682095,0.06722361,-9.840332,0.24768372,2.8074458,-0.7233496,2,1102.0,1100.0,1102.0,1100.0
633036188,-0.15117837,-0.13515396,-9.783056,0.24768372,2.8074458,-0.7233496,2,1102.0,1100.0,1102.0,1100.0
633041188,-0.07032036,0.007045453,-9.878072,0.24768372,2.8074458,-0.7233496,2,1102.0,1100.0,1102.0,1100.0
633046210,-0.19318123,-0.16393933,-9.649552,0.24768372,2.8074458,-0.7233496,2,1102.0,1100.0,1102.0,1100.0
633051188,-0.074933745,-0.0023378977,-9.897123,0.24768372,2.8074458,-0.7233496,2,1102.0,1100.0,1102.0,1100.0
633056188,-0.14963652,0.048465256,-9.807065,0.24768372,2.8074458,-0.7233496,2,1102.0,1100.0,1102.0,1100.0
633061211,0.045280185,-0.14057282,-9.929798,0.24768372,2.8074458,-0.7233496,2,1102.0,1100.0,1102.0,1100.0
633066188,-0.2364316,0.109286144,-9.910452,0.24768372,2.8074458,-0.7233496,2,1102.0,1100.0,1102.0,1100.0
633071188,0.06615379,-0.16199292,-9.691039,0.24768372,2.8074458,-0.7233496,2,1102.0,1100.0,1102.0,1100.0
633076211,-0.095383145,-0.27011475,-9.830798,0.24754184,2.8074188,-0.723859,2,1102.0,1100.0,1102.0,1100.0
633081188,-0.3009319,-0.08143987,-9.752989,0.24754184,2.8074188,-0.723859,2,1102.0,1100.0,1102.0,1100.0
633086188,0.07421639,-0.20625488,-9.889757,0.24754184,2.8074188,-0.723859,2,1102.0,1100.0,1102.0,1100.0
633091211,-0.21204132,0.03552848,-9.9096775,0.24754184,2.8074188,-0.723859,2,1102.0,1100.0,1102.0,1100.0
633096188,0.19007945,-0.1583909,-9.733844,0.24754184,2.8074188,-0.723859,2,1102.0,1100.0,1102.0,1100.0
633101188,-0.16077732,-0.079305805,-9.700906,0.24754184,2.8074188,-0.723859,2,1102.0,1100.0,1102.0,1100.0
633106210,-0.1518091,0.19367991,-9.825885,0.24754184,2.8074188,-0.723859,2,1102.0,1100.0,1102.0,1100.0
633111188,-0.13268694,-0.15702891,-9.799013,0.24754184,2.8074188,-0.723859,2,1102.0,1100.0,1102.0,1100.0
633116188,-0.12656458,-0.119361944,-9.889916,0.24754184,2.8074188,-0.723859,2,1102.0,1100.0,1102.0,1100.0
633121210,0.03771475,-0.22970463,-9.746633,0.24754184,2.8074188,-0.723859,2,1102.0,1100.0,1102.0,1100.0
633126188,-0.16559282,-0.23744662,-9.849966,0.24754184,2.8074188,-0.723859,2,1102.0,1100.0,1102.0,1100.0
633131191,0.04315456,0.088863105,-9.813632,0.24754184,2.8074188,-0.723859,2,1102.0,1100.0,1102.0,1100.0
633136210,-0.28789985,-0.078166924,-9.909924,0.24754184,2.8074188,-0.723859,2,1102.0,1100.0,1102.0,1100.0
633141188,-0.13475859,0.29742286,-9.782178,0.24754184,2.8074188,-0.723859,2,1102.0,1100.0,1102.0,1100.0
633146188,-0.10295368,-0.054151997,-9.764746,0.24754184,2.8074188,-0.723859,2,1102.0,1100.0,1102.0,1100.0
633151213,-0.114669695,-0.2510342,-9.623657,0.24754184,2.8074188,-0.723859,2,1102.0,1100.0,1102.0,1100.0
633156188,-0.0003375199,0.0015862966,-9.805741,0.24754184,2.8074188,-0.723859,2,1102.0,1100.0,1102.0,1100.0
633161187,-0.26221332,-0.2749091,-9.844452,0.24754184,2.8074188,-0.723859,2,1102.0,1100.0,1102.0,1100.0
633166210,0.0026478553,0.040170915,-9.922974,0.2472902,2.8075764,-0.7243293,2,1102.0,1100.0,1102.0,1100.0
633171188,-0.09445716,-0.21042676,-9.826765,0.2472902,2.8075764,-0.7243293,2,1102.0,1100.0,1102.0,1100.0
633176187,-0.07013167,-0.09824019,-9.719569,0.2472902,2.8075764,-0.7243293,2,1102.0,1100.0,1102.0,1100.0
633181211,-0.17193441,0.010316179,-9.844504,0.2472902,2.8075764,-0.7243293,2,1102.0,1100.0,1102.0,1100.0
633186187,-0.0761332,-0.15438269,-9.775846,0.2472902,2.8075764,-0.7243293,2,1102.0,1100.0,1102.0,1100.0
633191188,-0.058234133,-0.021341685,-10.041181,0.2472902,2.8075764,-0.7243293,2,1102.0,1100.0,1102.0,1100.0
633196210,-0.13180928,-0.17769103,-9.798267,0.2472902,2.8075764,-0.7243293,2,1102.0,1100.0,1102.0,1100.0
633201188,0.097337626,-0.078198336,-9.82967,0.2472902,2.8075764,-0.7243293,2,1102.0,1100.0,1102.0,1100.0
633206188,-0.03423571,-0.0039020146,-9.615457,0.2472902,2.8075764,-0.7243293,2,1102.0,1100.0,1102.0,1100.0
633211211,-0.17426993,0.014346321,-9.831079,0.2472902,2.8075764,-0.7243293,2,1102.0,1100.0,1102.0,1100.0
633216188,-0.083703436,-0.122737035,-9.719673,0.2472902,2.8075764,-0.7243293,2,1102.0,1100.0,1102.0,1100.0
633221188,-0.16343516,-0.26085702,-9.917427,0.2472902,2.8075764,-0.7243293,2,1102.0,1100.0,1102.0,1100.0
633226210,-0.06932393,-0.149864,-9.7740755,0.2472902,2.8075764,-0.7243293,2,1102.0,1100.0,1102.0,1100.0
633231188,0.008863253,-0.16012138,-9.698068,0.2472902,2.8075764,-0.7243293,2,1102.0,1100.0,1102.0,1100.0
633236187,-0.1761045,0.2716686,-9.886107,0.2472902,2.8075764,-0.7243293,2,1102.0,1100.0,1102.0,1100.0
633241210,-0.066375166,-0.072390795,-9.763014,0.2472902,2.8075764,-0.7243293,2,1102.0,1100.0,1102.0,1100.0
633246188,-0.18190926,0.10262656,-10.036218,0.2472902,2.8075764,-0.7243293,2,1102.0,1100.0,1102.0,1100.0
633251188,-0.15667625,-0.36655632,-9.692219,0.2472902,2.8075764,-0.7243293,2,1102.0,1100.0,1102.0,1100.0
633256210,-0.049317345,-0.23070775,-9.72399,0.2472902,2.8075764,-0.7243293,2,1102.0,1100.0,1102.0,1100.0
633261188,-0.10725637,0.03573198,-9.7972975,0.2472902,2.8075764,-0.7243293,2,1102.0,1100.0,1102.0,1100.0
633266187,-0.12656371,-0.34562248,-9.828595,0.2472902,2.8075764,-0.7243293,2,1102.0,1100.0,1102.0,1100.0
633271211,-0.111240506,0.11611022,-9.896081,0.2472902,2.8075764,-0.7243293,2,1102.0,1100.0,1102.0,1100.0
633276188,-0.27488685,-0.074680716,-9.777873,0.24691398,2.807998,-0.7250383,2,1102.0,1100.0,1102.0,1100.0
633281187,0.12504557,0.041814353,-9.766112,0.24691398,2.807998,-0.7250383,2,1102.0,1100.0,1102.0,1100.0
633286210,-0.04645642,-0.04012356,-9.754825,0.24691398,2.807998,-0.7250383,2,1102.0,1100.0,1102.0,1100.0
633291188,-0.05866519,-0.18325293,-9.96035,0.24691398,2.807998,-0.7250383,2,1102.0,1100.0,1102.0,1100.0
633296190,-0.04623686,-0.12927143,-9.808491,0.24691398,2.807998,-0.7250383,2,1102.0,1100.0,1102.0,1100.0
633301211,-0.16954799,-0.08190896,-9.931938,0.24691398,2.807998,-0.7250383,2,1102.0,1100.0,1102.0,1100.0
633306188,0.119261615,-0.09757335,-9.7632265,0.24691398,2.807998,-0.7250383,2,1102.0,1100.0,1102.0,1100.0
633311188,-0.21458223,-0.028165674,-9.832979,0.24691398,2.807998,-0.7250383,2,1102.0,1100.0,1102.0,1100.0
633316210,-0.06577108,0.08837008,-9.809298,0.24691398,2.807998,-0.7250383,2,1102.0,1100.0,1102.0,1100.0
633321188,-0.24117893,-0.14289822,-9.749919,0.24691398,2.807998,-0.7250383,2,1102.0,1100.0,1102.0,1100.0
633326187,-0.20289677,-0.18067221,-9.822059,0.24691398,2.807998,-0.7250383,2,1102.0,1100.0,1102.0,1100.0
633331211,0.11709749,0.0314156,-9.662876,0.24691398,2.807998,-0.7250383,2,1102.0,1100.0,1102.0,1100.0
633336188,-0.14100043,-0.104620025,-9.992343,0.24691398,2.807998,-0.7250383,2,1102.0,1100.0,1102.0,1100.0
633341187,-0.041601833,0.12575778,-9.794913,0.24691398,2.807998,-0.7250383,2,1102.0,1100.0,1102.0,1100.0
633346210,-0.19252808,-0.1803069,-9.830198,0.24691398,2.807998,-0.7250383,2,1102.0,1100.0,1102.0,1100.0
633351188,-0.15156487,-0.14215012,-9.769547,0.24691398,2.807998,-0.7250383,2,1102.0,1100.0,1102.0,1100.0
633356187,-0.25404105,-0.065153,-9.799348,0.24691398,2.807998,-0.7250383,2,1102.0,1100.0,1102.0,1100.0
633361211,-0.06042069,-0.13696082,-9.888519,0.24691398,2.807998,-0.7250383,2,1102.0,1100.0,1102.0,1100.0
633366188,-0.081348546,-0.10351976,-9.778157,0.24657024,2.8083563,-0.7255554,2,1102.0,1100.0,1102.0,1100.0
633371187,-0.22762333,-0.14613427,-9.817232,0.24657024,2.8083563,-0.7255554,2,1102.0,1100.0,1102.0,1100.0
633376211,0.062297635,0.17669018,-9.71278,0.24657024,2.8083563,-0.7255554,2,1102.0,1100.0,1102.0,1100.0
633381188,-0.13503247,-0.12319865,-9.845272,0.24657024,2.8083563,-0.7255554,2,1102.0,1100.0,1102.0,1100.0
633386187,0.04294646,0.15053947,-9.832318,0.24657024,2.8083563,-0.7255554,2,1102.0,1100.0,1102.0,1100.0
633391211,-0.11474361,-0.122864425,-9.8259945,0.24657024,2.8083563,-0.7255554,2,1102.0,1100.0,1102.0,1100.0
633396190,-0.11424302,-0.36624134,-9.810896,0.24657024,2.8083563,-0.7255554,2,1102.0,1100.0,1102.0,1100.0
633401187,-0.04077526,-0.0035186128,-9.730113,0.24657024,2.8083563,-0.7255554,2,1102.0,1100.0,1102.0,1100.0
633406211,-0.06343711,-0.20265484,-9.830677,0.24657024,2.8083563,-0.7255554,2,1102.0,1100.0,1102.0,1100.0
633411188,-0.1326043,0.002961397,-9.879697,0.24657024,2.8083563,-0.7255554,2,1102.0,1100.0,1102.0,1100.0
633416187,-0.10435662,0.17015488,-9.830253,0.24657024,2.8083563,-0.7255554,2,1102.0,1100.0,1102.0,1100.0
633421211,-0.08837053,-0.21963945,-9.872763,0.24657024,2.8083563,-0.7255554,2,1102.0,1100.0,1102.0,1100.0
633426189,-0.10091077,0.13327628,-9.665938,0.24657024,2.8083563,-0.7255554,2,1102.0,1100.0,1102.0,1100.0
633431188,0.04712411,-0.15114714,-9.905764,0.24657024,2.8083563,-0.7255554,2,1102.0,1100.0,1102.0,1100.0
633436211,-0.10814735,0.08399018,-9.888961,0.24657024,2.8083563,-0.7255554,2,1102.0,1100.0,1102.0,1100.0
633441188,-0.10287347,-0.11762328,-9.778147,0.24657024,2.8083563,-0.7255554,2,1102.0,1100.0,1102.0,1100.0
633446187,-0.12989853,-0.15814526,-9.876421,0.24657024,2.8083563,-0.7255554,2,1102.0,1100.0,1102.0,1100.0
633451211,-0.07587733,-0.15785651,-9.684792,0.24657024,2.8083563,-0.7255554,2,1102.0,1100.0,1102.0,1100.0
633456188,-0.13887505,-0.12528583,-9.89985,0.24657024,2.8083563,-0.7255554,2,1102.0,1100.0,1102.0,1100.0
633461188,-0.2862652,-0.015250099,-9.889776,0.24657024,2.8083563,-0.7255554,2,1102.0,1100.0,1102.0,1100.0
633466211,-0.06527284,0.027818792,-9.7639065,0.24657024,2.8083563,-0.7255554,2,1102.0,1100.0,1102.0,1100.0
633471188,-0.08486186,-0.04287451,-9.901407,0.24657024,2.8083563,-0.7255554,2,1102.0,1100.0,1102.0,1100.0
633476187,0.07751127,-0.14726141,-9.611134,0.24616876,2.8087082,-0.72635734,2,1102.0,1100.0,1102.0,1100.0
633481211,-0.06508148,-0.059025742,-10.002187,0.24616876,2.8087082,-0.72635734,2,1102.0,1100.0,1102.0,1100.0
633486188,-0.17054723,-0.0018161205,-9.716998,0.24616876,2.8087082,-0.72635734,2,1102.0,1100.0,1102.0,1100.0
633491187,-0.00668706,-0.013798163,-9.835961,0.24616876,2.8087082,-0.72635734,2,1102.0,1100.0,1102.0,1100.0
633496211,-0.15953256,-0.26443195,-9.853763,0.24616876,2.8087082,-0.72635734,2,1102.0,1100.0,1102.0,1100.0
633501188,0.00599802,-0.2079607,-9.730016,0.24616876,2.8087082,-0.72635734,2,1102.0,1100.0,1102.0,1100.0
633506187,0.014670684,-0.12532781,-9.846458,0.24616876,2.8087082,-0.72635734,2,1102.0,1100.0,1102.0,1100.0
633511211,-0.09890401,-0.0060903886,-9.769315,0.24616876,2.8087082,-0.72635734,2,1102.0,1100.0,1102.0,1100.0
633516188,-0.051017087,0.16184436,-9.894286,0.24616876,2.8087082,-0.72635734,2,1102.0,1100.0,1102.0,1100.0
633521188,-0.11688233,-0.20105852,-9.90627,0.24616876,2.8087082,-0.72635734,2,1102.0,1100.0,1102.0,1100.0
633526211,-0.17900254,0.004475804,-9.779652,0.24616876,2.8087082,-0.72635734,2,1102.0,1100.0,1102.0,1100.0
633531188,-0.02047865,-0.16022745,-9.729812,0.24616876,2.8087082,-0.72635734,2,1102.0,1100.0,1102.0,1100.0
633536187,-0.2275518,-0.154569,-9.841152,0.24616876,2.8087082,-0.72635734,2,1102.0,1100.0,1102.0,1100.0
633541211,-0.01620038,-0.13277712,-9.859256,0.24616876,2.8087082,-0.72635734,2,1102.0,1100.0,1102.0,1100.0
633546188,-0.2812387,-0.078838795,-9.919107,0.24616876,2.8087082,-0.72635734,2,1102.0,1100.0,1102.0,1100.0
633551188,-0.021018928,0.091109596,-9.740032,0.24616876,2.8087082,-0.72635734,2,1102.0,1100.0,1102.0,1100.0
633556213,-0.1499044,-0.024390884,-9.699883,0.24616876,2.8087082,-0.72635734,2,1102.0,1100.0,1102.0,1100.0
633561192,-0.131979,0.008060768,-9.735417,0.24616876,2.8087082,-0.72635734,2,1102.0,1100.0,1102.0,1100.0
633566186,-0.08491292,-0.20813122,-9.892428,0.24597707,2.8089852,-0.72694606,2,1102.0,1100.0,1102.0,1100.0
633571211,-0.20364042,0.05369463,-9.934431,0.24597707,2.8089852,-0.72694606,2,1102.0,1100.0,1102.0,1100.0
633576188,0.11841441,-0.29172975,-9.851556,0.24597707,2.8089852,-0.72694606,2,1102.0,1100.0,1102.0,1100.0
633581188,-0.117344074,-0.17895956,-9.813688,0.24597707,2.8089852,-0.72694606,2,1102.0,1100.0,1102.0,1100.0
633586211,-0.047794722,0.070938304,-9.830418,0.24597707,2.8089852,-0.72694606,2,1102.0,1100.0,1102.0,1100.0
633591188,-0.17438912,-0.1748416,-9.876433,0.24597707,2.8089852,-0.72694606,2,1102.0,1100.0,1102.0,1100.0
633596187,-0.09857049,0.009430312,-9.8673525,0.24597707,2.8089852,-0.72694606,2,1102.0,1100.0,1102.0,1100.0
633601211,-0.17200558,-0.197645,-9.722529,0.24597707,2.8089852,-0.72694606,2,1102.0,1100.0,1102.0,1100.0
633606187,0.035704046,-0.12537654,-9.835562,0.24597707,2.8089852,-0.72694606,2,1102.0,1100.0,1102.0,1100.0
633611188,-0.08385362,0.066814885,-9.728757,0.24597707,2.8089852,-0.72694606,2,1102.0,1100.0,1102.0,1100.0
633616211,-0.06457437,-0.15405047,-9.955445,0.24597707,2.8089852,-0.72694606,2,1102.0,1100.0,1102.0,1100.0
633621188,-0.10042079,0.10763682,-9.730991,0.24597707,2.8089852,-0.72694606,2,1102.0,1100.0,1102.0,1100.0
633626187,-0.2758665,-0.0915467,-9.847209,0.24597707,2.8089852,-0.72694606,2,1102.0,1100.0,1102.0,1100.0
633631211,-0.017041475,0.06755824,-9.828458,0.24597707,2.8089852,-0.72694606,2,1102.0,1100.0,1102.0,1100.0
633636188,-0.26880255,-0.25500363,-9.75681,0.24597707,2.8089852,-0.72694606,2,1102.0,1100.0,1102.0,1100.0
633641187,0.0029601192,-0.06098148,-9.997498,0.24597707,2.8089852,-0.72694606,2,1102.0,1100.0,1102.0,1100.0
633646211,-0.20632927,-0.054357134,-9.732498,0.24597707,2.8089852,-0.72694606,2,1102.0,1100.0,1102.0,1100.0
633651188,-0.014658667,-0.13870972,-9.834571,0.24597707,2.8089852,-0.72694606,2,1102.0,1100.0,1102.0,1100.0
633656187,-0.09183836,0.08938149,-9.726268,0.24597707,2.8089852,-0.72694606,2,1102.0,1100.0,1102.0,1100.0
633661212,-0.1940143,-0.13318472,-9.78136,0.24597707,2.8089852,-0.72694606,2,1102.0,1100.0,1102.0,1100.0
633666187,-0.0012094565,-0.075802095,-9.978802,0.24597707,2.8089852,-0.72694606,2,1102.0,1100.0,1102.0,1100.0
633671188,-0.33542612,-0.29767704,-9.859913,0.24597707,2.8089852,-0.72694606,2,1102.0,1100.0,1102.0,1100.0
633676211,0.0794633,-0.10801935,-9.874096,0.24597807,2.8092132,-0.72787976,2,1112.0,1107.0,1112.0,1100.0
633681188,-0.10548108,-0.091282554,-9.772912,0.24597807,2.8092132,-0.72787976,2,1112.0,1107.0,1112.0,1100.0
633686187,-0.005271379,-0.09079265,-9.719988,0.24597807,2.8092132,-0.72787976,2,1112.0,1107.0,1112.0,1100.0
633691211,-0.035762336,0.1455898,-9.814464,0.24597807,2.8092132,-0.72787976,2,1112.0,1107.0,1112.0,1100.0
633696188,-0.12128082,-0.17109844,-9.780105,0.24597807,2.8092132,-0.72787976,2,1112.0,1107.0,1112.0,1100.0
633701188,0.10027952,0.04232498,-9.82748,0.24597807,2.8092132,-0.72787976,2,1112.0,1107.0,1112.0,1100.0
633706211,-0.2241311,-0.30070558,-9.831699,0.24597807,2.8092132,-0.72787976,2,1112.0,1107.0,1112.0,1100.0
633711188,-0.10487133,-0.09405492,-9.935931,0.24597807,2.8092132,-0.72787976,2,1112.0,1107.0,1112.0,1100.0
633716187,-0.08646116,0.179944,-9.906271,0.24597807,2.8092132,-0.72787976,2,1112.0,1107.0,1112.0,1100.0
633721211,-0.001646947,-0.21488376,-9.759608,0.24597807,2.8092132,-0.72787976,2,1112.0,1107.0,1112.0,1100.0
633726188,-0.055735663,0.09107415,-9.680032,0.24597807,2.8092132,-0.72787976,2,1112.0,1107.0,1112.0,1100.0
633731187,-0.27239597,-0.19749267,-9.791236,0.24597807,2.8092132,-0.72787976,2,1112.0,1107.0,1112.0,1100.0
633736211,-0.18420537,0.022214849,-9.714371,0.24597807,2.8092132,-0.72787976,2,1112.0,1107.0,1112.0,1100.0
633741189,-0.15932697,0.060235817,-9.901709,0.24597807,2.8092132,-0.72787976,2,1112.0,1107.0,1112.0,1100.0
633746187,-0.120317936,-0.39339992,-9.769773,0.24597807,2.8092132,-0.72787976,2,1112.0,1107.0,1112.0,1100.0
633751211,0.11877944,0.034761485,-9.850508,0.24597807,2.8092132,-0.72787976,2,1112.0,1107.0,1112.0,1100.0
633756187,-0.0957048,-0.26922458,-9.977835,0.24597807,2.8092132,-0.72787976,2,1112.0,1107.0,1112.0,1100.0
633761187,-0.32610503,0.09907576,-9.851018,0.24597807,2.8092132,-0.72787976,2,1112.0,1107.0,1112.0,1100.0
633766211,0.14540322,0.18940717,-9.837882,0.24597807,2.8092132,-0.72787976,2,1112.0,1107.0,1112.0,1100.0
633771188,-0.24566887,-0.25165236,-9.587938,0.24597807,2.8092132,-0.72787976,2,1112.0,1107.0,1112.0,1100.0
633776187,-0.009064073,-0.1780402,-9.745942,0.2460669,2.8093286,-0.72862375,2,1114.0,1119.0,1128.0,1114.0
633781212,0.036703568,-0.09929398,-9.858144,0.2460669,2.8093286,-0.72862375,2,1114.0,1119.0,1128.0,1114.0
633786187,-0.21531066,-0.15294921,-9.9573,0.2460669,2.8093286,-0.72862375,2,1114.0,1119.0,1128.0,1114.0
633791188,0.18164222,0.079967976,-9.800669,0.2460669,2.8093286,-0.72862375,2,1114.0,1119.0,1128.0,1114.0
633796211,-0.216063,-0.10472467,-9.736503,0.2460669,2.8093286,-0.72862375,2,1114.0,1119.0,1128.0,1114.0
633801188,-0.08009984,-0.2909289,-9.675193,0.2460669,2.8093286,-0.72862375,2,1114.0,1119.0,1128.0,1114.0
633806187,0.029614232,0.17240337,-9.840698,0.2460669,2.8093286,-0.72862375,2,1114.0,1119.0,1128.0,1114.0
633811215,-0.32597265,-0.114681624,-10.001045,0.2460669,2.8093286,-0.72862375,2,1114.0,1119.0,1128.0,1114.0
633816187,0.07038779,-0.05719984,-9.732317,0.2460669,2.8093286,-0.72862375,2,1114.0,1119.0,1128.0,1114.0
633821188,0.1190384,-0.44265962,-9.795243,0.2460669,2.8093286,-0.72862375,2,1114.0,1119.0,1128.0,1114.0
633826211,-0.38650507,-0.082849145,-9.871122,0.2460669,2.8093286,-0.72862375,2,1114.0,1119.0,1128.0,1114.0
633831187,-0.14801444,0.45237482,-9.790497,0.2460669,2.8093286,-0.72862375,2,1114.0,1119.0,1128.0,1114.0
633836187,-0.02781116,-0.36284748,-9.889545,0.2460669,2.8093286,-0.72862375,2,1114.0,1119.0,1128.0,1114.0
633841212,-0.13575512,-0.108066246,-9.471138,0.2460669,2.8093286,-0.72862375,2,1114.0,1119.0,1128.0,1114.0
633846186,-0.28043216,0.32117477,-10.081041,0.2460669,2.8093286,-0.72862375,2,1114.0,1119.0,1128.0,1114.0
633851188,-0.12517466,-0.39853865,-9.588617,0.2460669,2.8093286,-0.72862375,2,1114.0,1119.0,1128.0,1114.0
633856210,0.057996243,-0.28126797,-9.779655,0.2460669,2.8093286,-0.72862375,2,1114.0,1119.0,1128.0,1114.0
633861188,-0.12029181,0.20875323,-9.974374,0.2460669,2.8093286,-0.72862375,2,1114.0,1119.0,1128.0,1114.0
633866188,-0.02627816,-0.298715,-9.735891,0.2462406,2.8094637,-0.72913265,2,1114.0,1119.0,1128.0,1114.0
633871211,-0.043571275,-0.112052865,-9.907196,0.2462406,2.8094637,-0.72913265,2,1134.0,1132.0,1140.0,1124.0
633876187,-0.07942985,0.19919735,-9.790266,0.2462406,2.8094637,-0.72913265,2,1134.0,1132.0,1140.0,1124.0
633881188,-0.29759416,-0.41412136,-9.918459,0.2462406,2.8094637,-0.72913265,2,1134.0,1132.0,1140.0,1124.0
633886210,0.13619412,0.18846671,-9.892839,0.2462406,2.8094637,-0.72913265,2,1134.0,1132.0,1140.0,1124.0
633891188,0.015622888,-0.17099461,-9.828162,0.2462406,2.8094637,-0.72913265,2,1134.0,1132.0,1140.0,1124.0
633896188,-0.04722591,-0.1216969,-9.625116,0.2462406,2.8094637,-0.72913265,2,1134.0,1132.0,1140.0,1124.0
633901211,-0.0220111,-0.033449918,-9.826477,0.2462406,2.8094637,-0.72913265,2,1134.0,1132.0,1140.0,1124.0
633906187,-0.25054112,0.06307716,-9.789881,0.2462406,2.8094637,-0.72913265,2,1134.0,1132.0,1140.0,1124.0
633911189,-0.08034638,-0.36701095,-9.853057,0.2462406,2.8094637,-0.72913265,2,1134.0,1132.0,1140.0,1124.0
633916210,-0.099491835,0.38195547,-9.776759,0.2462406,2.8094637,-0.72913265,2,1134.0,1132.0,1140.0,1124.0
633921188,0.038540665,-0.50563705,-9.779518,0.2462406,2.8094637,-0.72913265,2,1134.0,1132.0,1140.0,1124.0
633926188,-0.34083027,-0.13042192,-9.88025,0.2462406,2.8094637,-0.72913265,2,1134.0,1132.0,1140.0,1124.0
633931211,0.045005724,0.07933126,-9.938043,0.2462406,2.8094637,-0.72913265,2,1134.0,1132.0,1140.0,1124.0
633936187,-0.24975981,0.22163224,-9.851519,0.2462406,2.8094637,-0.72913265,2,1134.0,1132.0,1140.0,1124.0
633941188,-0.0045024664,-0.39889956,-9.713018,0.2462406,2.8094637,-0.72913265,2,1134.0,1132.0,1140.0,1124.0
633946210,-0.29403403,-0.07434369,-9.873355,0.2462406,2.8094637,-0.72913265,2,1134.0,1132.0,1140.0,1124.0
633951187,-0.2250532,-0.045201834,-9.802003,0.2462406,2.8094637,-0.72913265,2,1134.0,1132.0,1140.0,1124.0
633956187,0.3814043,-0.29588035,-9.661986,0.2462406,2.8094637,-0.72913265,2,1134.0,1132.0,1140.0,1124.0
633961211,-0.50065404,0.124091536,-9.930914,0.2462406,2.8094637,-0.72913265,2,1134.0,1132.0,1140.0,1124.0
633966188,-0.07167435,0.098867156,-9.741222,0.2462406,2.8094637,-0.72913265,2,1134.0,1132.0,1140.0,1124.0
633971188,0.19501767,0.11081612,-9.644628,0.2462406,2.8094637,-0.72913265,2,1134.0,1132.0,1140.0,1124.0
633976210,-0.07202508,-0.36193648,-9.77743,0.24654396,2.809618,-0.7294921,2,1149.0,1153.0,1151.0,1140.0
633981188,-0.24578372,0.028589698,-10.005379,0.24654396,2.809618,-0.7294921,2,1149.0,1153.0,1151.0,1140.0
633986187,-0.08985733,-0.039220046,-9.894023,0.24654396,2.809618,-0.7294921,2,1149.0,1153.0,1151.0,1140.0
633991211,0.11766513,0.046385992,-9.828058,0.24654396,2.809618,-0.7294921,2,1149.0,1153.0,1151.0,1140.0
633996188,0.00032422334,-0.369777,-9.832809,0.24654396,2.809618,-0.7294921,2,1149.0,1153.0,1151.0,1140.0
634001188,-0.2818973,0.10643746,-9.985522,0.24654396,2.809618,-0.7294921,2,1149.0,1153.0,1151.0,1140.0
634006210,0.1248515,-0.57393545,-9.6132765,0.24654396,2.809618,-0.7294921,2,1149.0,1153.0,1151.0,1140.0
634011188,-0.011998802,-0.07014447,-9.7425785,0.24654396,2.809618,-0.7294921,2,1149.0,1153.0,1151.0,1140.0
634016188,-0.42956886,0.20779777,-9.825388,0.24654396,2.809618,-0.7294921,2,1149.0,1153.0,1151.0,1140.0
634021213,0.06772592,-0.24691442,-9.683239,0.24654396,2.809618,-0.7294921,2,1149.0,1153.0,1151.0,1140.0
634026187,-0.038626496,0.00093217834,-9.664493,0.24654396,2.809618,-0.7294921,2,1149.0,1153.0,1151.0,1140.0
634031188,-0.092362605,-0.08306282,-10.009712,0.24654396,2.809618,-0.7294921,2,1149.0,1153.0,1151.0,1140.0
634036210,-0.07829422,-0.15193535,-9.891444,0.24654396,2.809618,-0.7294921,2,1149.0,1153.0,1151.0,1140.0
634041187,-0.21680576,-0.14916834,-9.870831,0.24654396,2.809618,-0.7294921,2,1149.0,1153.0,1151.0,1140.0
634046188,-0.37688544,0.28870484,-9.878105,0.24654396,2.809618,-0.7294921,2,1149.0,1153.0,1151.0,1140.0
634051211,0.034096103,-0.53068197,-9.731151,0.24654396,2.809618,-0.7294921,2,1149.0,1153.0,1151.0,1140.0
634056188,-0.33958262,0.090187065,-9.911362,0.24654396,2.809618,-0.7294921,2,1149.0,1153.0,1151.0,1140.0
634061188,0.14550187,0.078300126,-9.805865,0.24654396,2.809618,-0.7294921,2,1149.0,1153.0,1151.0,1140.0
634066210,-0.020813104,-0.065933876,-9.731532,0.24689706,2.8096995,-0.7297231,2,1149.0,1153.0,1151.0,1140.0
634071188,-0.23842765,0.104867116,-9.892032,0.24689706,2.8096995,-0.7297231,2,1166.0,1168.0,1167.0,1153.0
634076186,0.06668929,-0.26140115,-9.699831,0.24689706,2.8096995,-0.7297231,2,1166.0,1168.0,1167.0,1153.0
634081211,-0.19592015,-0.04094716,-9.740862,0.24689706,2.8096995,-0.7297231,2,1166.0,1168.0,1167.0,1153.0
634086188,-0.08465588,0.32096535,-9.784271,0.24689706,2.8096995,-0.7297231,2,1166.0,1168.0,1167.0,1153.0
634091188,-0.022257488,-0.29021206,-9.750858,0.24689706,2.8096995,-0.7297231,2,1166.0,1168.0,1167.0,1153.0
634096210,0.0017910165,-0.26005387,-10.082037,0.24689706,2.8096995,-0.7297231,2,1166.0,1168.0,1167.0,1153.0
634101188,-0.045492947,-0.02244094,-9.968181,0.24689706,2.8096995,-0.7297231,2,1166.0,1168.0,1167.0,1153.0
634106187,0.075049825,-0.3852493,-9.800021,0.24689706,2.8096995,-0.7297231,2,1166.0,1168.0,1167.0,1153.0
634111213,-0.11353424,0.0030390383,-9.885241,0.24689706,2.8096995,-0.7297231,2,1166.0,1168.0,1167.0,1153.0
634116187,-0.7267425,0.4939997,-9.752922,0.24689706,2.8096995,-0.7297231,2,1166.0,1168.0,1167.0,1153.0
634121187,-0.15369417,-0.564211,-9.664104,0.24689706,2.8096995,-0.7297231,2,1166.0,1168.0,1167.0,1153.0
634126211,0.012487249,-0.16486701,-9.630648,0.24689706,2.8096995,-0.7297231,2,1166.0,1168.0,1167.0,1153.0
634131188,-0.012523603,-0.07101733,-9.906404,0.24689706,2.8096995,-0.7297231,2,1166.0,1168.0,1167.0,1153.0
634136187,-0.18275893,0.0941269,-9.863776,0.24689706,2.8096995,-0.7297231,2,1166.0,1168.0,1167.0,1153.0
634141211,-0.016573077,0.06846746,-9.761962,0.24689706,2.8096995,-0.7297231,2,1166.0,1168.0,1167.0,1153.0
634146187,-0.10316404,-0.2938586,-9.76993,0.24689706,2.8096995,-0.7297231,2,1166.0,1168.0,1167.0,1153.0
634151188,-0.32153615,-0.15745373,-9.803561,0.24689706,2.8096995,-0.7297231,2,1166.0,1168.0,1167.0,1153.0
634156211,-0.06534742,0.24329817,-9.772213,0.24689706,2.8096995,-0.7297231,2,1166.0,1168.0,1167.0,1153.0
634161188,-0.01643331,0.1142746,-9.893253,0.24689706,2.8096995,-0.7297231,2,1166.0,1168.0,1167.0,1153.0
634166188,-0.22305854,-0.0020437068,-9.934642,0.24689706,2.8096995,-0.7297231,2,1166.0,1168.0,1167.0,1153.0
634171211,0.29135796,-0.00016090846,-10.009959,0.24689706,2.8096995,-0.7297231,2,1166.0,1168.0,1167.0,1153.0
634176187,0.030361837,-0.71356064,-9.766552,0.24737087,2.8095448,-0.7299347,2,1186.0,1177.0,1187.0,1171.0
634181188,-0.13691176,0.11792756,-9.718298,0.24737087,2.8095448,-0.7299347,2,1186.0,1177.0,1187.0,1171.0
634186211,-0.43612665,-0.093066335,-9.803865,0.24737087,2.8095448,-0.7299347,2,1186.0,1177.0,1187.0,1171.0
634191188,-0.08949214,0.15388861,-9.6041565,0.24737087,2.8095448,-0.7299347,2,1186.0,1177.0,1187.0,1171.0
634196187,0.1142872,-0.010319611,-9.716858,0.24737087,2.8095448,-0.7299347,2,1186.0,1177.0,1187.0,1171.0
634201211,-0.28427425,-0.014813119,-9.899654,0.24737087,2.8095448,-0.7299347,2,1186.0,1177.0,1187.0,1171.0
634206187,0.04853298,-0.04458166,-9.745767,0.24737087,2.8095448,-0.7299347,2,1186.0,1177.0,1187.0,1171.0
634211188,0.16939679,-0.5233392,-9.760781,0.24737087,2.8095448,-0.7299347,2,1186.0,1177.0,1187.0,1171.0
634216211,-0.45452964,-0.16920607,-10.062439,0.24737087,2.8095448,-0.7299347,2,1186.0,1177.0,1187.0,1171.0
634221188,-0.046122994,-0.25003377,-9.832101,0.24737087,2.8095448,-0.7299347,2,1186.0,1177.0,1187.0,1171.0
634226187,-0.07141999,-0.29712126,-9.904236,0.24737087,2.8095448,-0.7299347,2,1186.0,1177.0,1187.0,1171.0
634231211,-0.3130914,-0.006395025,-9.794325,0.24737087,2.8095448,-0.7299347,2,1186.0,1177.0,1187.0,1171.0
634236187,-0.16201174,0.16238114,-9.794226,0.24737087,2.8095448,-0.7299347,2,1186.0,1177.0,1187.0,1171.0
634241188,0.46718144,0.33836833,-9.762768,0.24737087,2.8095448,-0.7299347,2,1186.0,1177.0,1187.0,1171.0
634246211,-0.5050382,-0.10565606,-9.791136,0.24737087,2.8095448,-0.7299347,2,1186.0,1177.0,1187.0,1171.0
634251188,-0.19144846,0.2502766,-9.640823,0.24737087,2.8095448,-0.7299347,2,1186.0,1177.0,1187.0,1171.0
634256188,0.30736202,-0.16760352,-9.823855,0.24737087,2.8095448,-0.7299347,2,1186.0,1177.0,1187.0,1171.0
634261218,-0.41868144,0.05944867,-9.857685,0.24737087,2.8095448,-0.7299347,2,1186.0,1177.0,1187.0,1171.0
634266187,-0.20124365,0.090940975,-9.791134,0.24765192,2.8092906,-0.73001784,2,1186.0,1177.0,1187.0,1171.0
634271188,0.11113665,-0.6605743,-9.832015,0.24765192,2.8092906,-0.73001784,2,1198.0,1198.0,1205.0,1192.0
634276211,-0.07911518,0.01171763,-9.766204,0.24765192,2.8092906,-0.73001784,2,1198.0,1198.0,1205.0,1192.0
634281188,-0.015593794,-0.260062,-9.710441,0.24765192,2.8092906,-0.73001784,2,1198.0,1198.0,1205.0,1192.0
634286188,-0.25920814,0.3661619,-9.849597,0.24765192,2.8092906,-0.73001784,2,1198.0,1198.0,1205.0,1192.0
634291212,0.19969851,0.18704431,-9.894634,0.24765192,2.8092906,-0.73001784,2,1198.0,1198.0,1205.0,1192.0
634296187,-0.2982658,-0.21987772,-9.66473,0.24765192,2.8092906,-0.73001784,2,1198.0,1198.0,1205.0,1192.0
634301188,-0.010313138,-0.26553676,-9.845413,0.24765192,2.8092906,-0.73001784,2,1198.0,1198.0,1205.0,1192.0
634306211,-0.0216765,0.24494973,-9.719038,0.24765192,2.8092906,-0.73001784,2,1198.0,1198.0,1205.0,1192.0
634311188,-0.10192427,-0.58605814,-9.854926,0.24765192,2.8092906,-0.73001784,2,1198.0,1198.0,1205.0,1192.0
634316188,-0.2181615,0.49589002,-9.980499,0.24765192,2.8092906,-0.73001784,2,1198.0,1198.0,1205.0,1192.0
634321212,0.11064655,0.05061286,-9.823605,0.24765192,2.8092906,-0.73001784,2,1198.0,1198.0,1205.0,1192.0
634326187,-0.1937607,-0.48614302,-9.738616,0.24765192,2.8092906,-0.73001784,2,1198.0,1198.0,1205.0,1192.0
634331188,-0.29129484,-0.047302205,-9.967692,0.24765192,2.8092906,-0.73001784,2,1198.0,1198.0,1205.0,1192.0
634336211,0.039931137,0.35717228,-9.88286,0.24765192,2.8092906,-0.73001784,2,1198.0,1198.0,1205.0,1192.0
634341187,0.023494601,-0.7362974,-9.647375,0.24765192,2.8092906,-0.73001784,2,1198.0,1198.0,1205.0,1192.0
634346188,-0.44479,-0.19286025,-10.018004,0.24765192,2.8092906,-0.73001784,2,1198.0,1198.0,1205.0,1192.0
634351212,-0.14891261,0.18126838,-9.783545,0.24765192,2.8092906,-0.73001784,2,1198.0,1198.0,1205.0,1192.0
634356187,-0.3862868,0.19750993,-9.717156,0.24765192,2.8092906,-0.73001784,2,1198.0,1198.0,1205.0,1192.0
634361188,0.028594278,0.119097404,-9.7808695,0.24765192,2.8092906,-0.73001784,2,1198.0,1198.0,1205.0,1192.0
634366211,0.016729377,-0.0731095,-9.804501,0.24765192,2.8092906,-0.73001784,2,1198.0,1198.0,1205.0,1192.0
634371188,-0.15074559,-0.16319813,-10.002277,0.24765192,2.8092906,-0.73001784,2,1198.0,1198.0,1205.0,1192.0
634376188,-0.1406401,0.36096138,-9.811934,0.24761708,2.8088858,-0.7299255,2,1230.0,1221.0,1219.0,1204.0
634381211,-0.21984339,-0.32078886,-9.817739,0.24761708,2.8088858,-0.7299255,2,1230.0,1221.0,1219.0,1204.0
634386187,0.015382936,-0.4716883,-9.66434,0.24761708,2.8088858,-0.7299255,2,1230.0,1221.0,1219.0,1204.0
634391187,-0.23131251,-0.031982873,-9.605453,0.24761708,2.8088858,-0.7299255,2,1230.0,1221.0,1219.0,1204.0
634396211,-0.19892003,-0.17330107,-9.795763,0.24761708,2.8088858,-0.7299255,2,1230.0,1221.0,1219.0,1204.0
634401188,0.22723067,0.3494707,-9.815719,0.24761708,2.8088858,-0.7299255,2,1230.0,1221.0,1219.0,1204.0
634406188,-0.005904078,-0.40611675,-9.873419,0.24761708,2.8088858,-0.7299255,2,1230.0,1221.0,1219.0,1204.0
634411212,-0.14449756,0.05117782,-9.991087,0.24761708,2.8088858,-0.7299255,2,1230.0,1221.0,1219.0,1204.0
634416187,0.028763415,-0.20205885,-9.615397,0.24761708,2.8088858,-0.7299255,2,1230.0,1221.0,1219.0,1204.0
634421188,-0.52471656,-0.10941278,-9.801025,0.24761708,2.8088858,-0.7299255,2,1230.0,1221.0,1219.0,1204.0
634426211,-0.3228361,-0.19760466,-9.576815,0.24761708,2.8088858,-0.7299255,2,1230.0,1221.0,1219.0,1204.0
634431188,0.35901085,0.4533134,-9.570432,0.24761708,2.8088858,-0.7299255,2,1230.0,1221.0,1219.0,1204.0
634436187,0.013856783,0.341281,-10.165033,0.24761708,2.8088858,-0.7299255,2,1230.0,1221.0,1219.0,1204.0
634441211,0.5224534,-0.5896985,-10.007702,0.24761708,2.8088858,-0.7299255,2,1230.0,1221.0,1219.0,1204.0
634446186,-0.5689795,-0.29292387,-10.25703,0.24761708,2.8088858,-0.7299255,2,1230.0,1221.0,1219.0,1204.0
634451187,-0.27186152,-0.10940427,-9.99699,0.24761708,2.8088858,-0.7299255,2,1230.0,1221.0,1219.0,1204.0
634456210,0.19457355,-0.20287645,-9.45826,0.24761708,2.8088858,-0.7299255,2,1230.0,1221.0,1219.0,1204.0
634461188,-0.24530548,0.2405526,-9.467613,0.24761708,2.8088858,-0.7299255,2,1230.0,1221.0,1219.0,1204.0
634466188,0.31152394,-0.2605697,-9.65505,0.24761708,2.8088858,-0.7299255,2,1230.0,1221.0,1219.0,1204.0
634471211,-0.2981359,-0.013193833,-9.911526,0.24761708,2.8088858,-0.7299255,2,1230.0,1221.0,1219.0,1204.0
634476187,-0.28705558,0.03226356,-9.959448,0.24737787,2.8085873,-0.7297602,2,1242.0,1235.0,1248.0,1237.0
634481189,-0.22086753,-0.34336153,-9.61762,0.24737787,2.8085873,-0.7297602,2,1242.0,1235.0,1248.0,1237.0
634486211,-0.13991265,0.13530079,-9.740951,0.24737787,2.8085873,-0.7297602,2,1242.0,1235.0,1248.0,1237.0
634491188,0.5475936,-0.6112428,-9.67532,0.24737787,2.8085873,-0.7297602,2,1242.0,1235.0,1248.0,1237.0
634496188,-0.37062907,0.16133398,-10.227429,0.24737787,2.8085873,-0.7297602,2,1242.0,1235.0,1248.0,1237.0
634501210,-0.26413918,0.46523258,-10.324853,0.24737787,2.8085873,-0.7297602,2,1242.0,1235.0,1248.0,1237.0
634506187,-0.39631134,0.11951349,-9.574773,0.24737787,2.8085873,-0.7297602,2,1242.0,1235.0,1248.0,1237.0
634511188,0.27680504,0.028445492,-9.469512,0.24737787,2.8085873,-0.7297602,2,1242.0,1235.0,1248.0,1237.0
634516210,0.41140893,-1.6886193,-9.574354,0.24737787,2.8085873,-0.7297602,2,1242.0,1235.0,1248.0,1237.0
634521187,-0.60645497,0.1145226,-10.400268,0.24737787,2.8085873,-0.7297602,2,1242.0,1235.0,1248.0,1237.0
634526188,-0.15546498,1.0430572,-9.913337,0.24737787,2.8085873,-0.7297602,2,1242.0,1235.0,1248.0,1237.0
634531211,-0.14661506,0.63763857,-9.353132,0.24737787,2.8085873,-0.7297602,2,1242.0,1235.0,1248.0,1237.0
634536187,0.4191403,-0.7720054,-9.163329,0.24737787,2.8085873,-0.7297602,2,1242.0,1235.0,1248.0,1237.0
634541189,-0.63228333,-0.62851024,-9.583773,0.24737787,2.8085873,-0.7297602,2,1242.0,1235.0,1248.0,1237.0
634546210,0.23665135,-0.2609241,-9.885497,0.24737787,2.8085873,-0.7297602,2,1242.0,1235.0,1248.0,1237.0
634551188,-0.05791467,0.05994638,-9.835041,0.24737787,2.8085873,-0.7297602,2,1242.0,1235.0,1248.0,1237.0
634556186,0.015647259,0.6094748,-10.525139,0.24737787,2.8085873,-0.7297602,2,1242.0,1235.0,1248.0,1237.0
634561211,0.035746977,-0.043831192,-9.717743,0.24737787,2.8085873,-0.7297602,2,1242.0,1235.0,1248.0,1237.0
634566188,-0.31004396,-0.6562384,-9.619138,0.24723835,2.808692,-0.7294472,2,1242.0,1235.0,1248.0,1237.0
634571188,-0.07272969,-0.9993977,-9.704343,0.24723835,2.808692,-0.7294472,2,1260.0,1254.0,1278.0,1264.0
634576212,-0.031160861,0.71812785,-10.274665,0.24723835,2.808692,-0.7294472,2,1260.0,1254.0,1278.0,1264.0
634581188,0.13603921,0.09544153,-10.6098175,0.24723835,2.808692,-0.7294472,2,1260.0,1254.0,1278.0,1264.0
634586187,-0.39604494,-0.71464837,-9.154883,0.24723835,2.808692,-0.7294472,2,1260.0,1254.0,1278.0,1264.0
634591211,-0.28239056,0.013026237,-9.371301,0.24723835,2.808692,-0.7294472,2,1260.0,1254.0,1278.0,1264.0
634596191,0.51239103,-0.043809474,-9.48475,0.24723835,2.808692,-0.7294472,2,1260.0,1254.0,1278.0,1264.0
634601188,-0.4303969,0.18574594,-10.312869,0.24723835,2.808692,-0.7294472,2,1260.0,1254.0,1278.0,1264.0
634606211,-0.44122285,0.23574944,-9.625615,0.24723835,2.808692,-0.7294472,2,1260.0,1254.0,1278.0,1264.0
634611188,0.12334635,-0.28957322,-9.237201,0.24723835,2.808692,-0.7294472,2,1260.0,1254.0,1278.0,1264.0
634616187,0.21983293,-0.5038747,-10.064321,0.24723835,2.808692,-0.7294472,2,1260.0,1254.0,1278.0,1264.0
634621211,-0.18960568,0.7928653,-9.854885,0.24723835,2.808692,-0.7294472,2,1260.0,1254.0,1278.0,1264.0
634626188,0.13876903,-0.029806273,-10.234419,0.24723835,2.808692,-0.7294472,2,1260.0,1254.0,1278.0,1264.0
634631187,-0.17567478,-0.8359351,-9.679196,0.24723835,2.808692,-0.7294472,2,1260.0,1254.0,1278.0,1264.0
634636211,-0.49489063,0.006301278,-10.047547,0.24723835,2.808692,-0.7294472,2,1260.0,1254.0,1278.0,1264.0
634641188,0.15849307,0.6991977,-9.635282,0.24723835,2.808692,-0.7294472,2,1260.0,1254.0,1278.0,1264.0
634646187,-0.15546283,-1.3525112,-10.021996,0.24723835,2.808692,-0.7294472,2,1260.0,1254.0,1278.0,1264.0
634651211,-0.3626555,-0.8273688,-10.380695,0.24723835,2.808692,-0.7294472,2,1260.0,1254.0,1278.0,1264.0
634656188,0.43764916,0.40543428,-9.459531,0.24723835,2.808692,-0.7294472,2,1260.0,1254.0,1278.0,1264.0
634661188,0.120081566,0.13542934,-9.443463,0.24723835,2.808692,-0.7294472,2,1260.0,1254.0,1278.0,1264.0
634666216,-0.98738676,-0.068005905,-10.746035,0.24723835,2.808692,-0.7294472,2,1260.0,1254.0,1278.0,1264.0
634671188,0.004975171,-0.8415641,-9.378283,0.24723835,2.808692,-0.7294472,2,1260.0,1254.0,1278.0,1264.0
634676188,0.25935128,0.44361743,-8.969537,0.24747714,2.8092647,-0.7289468,2,1292.0,1288.0,1301.0,1275.0
634681210,0.007894679,1.0916564,-10.6271305,0.24747714,2.8092647,-0.7289468,2,1292.0,1288.0,1301.0,1275.0
634686188,-0.68041366,-2.35499,-10.427058,0.24747714,2.8092647,-0.7289468,2,1292.0,1288.0,1301.0,1275.0
634691188,1.2804549,0.33064383,-8.752795,0.24747714,2.8092647,-0.7289468,2,1292.0,1288.0,1301.0,1275.0
634696210,-1.7525594,1.0633875,-11.202937,0.24747714,2.8092647,-0.7289468,2,1292.0,1288.0,1301.0,1275.0
634701190,0.29734233,-2.335031,-9.462238,0.24747714,2.8092647,-0.7289468,2,1292.0,1288.0,1301.0,1275.0
634706188,-0.84297514,0.569778,-9.516786,0.24747714,2.8092647,-0.7289468,2,1292.0,1288.0,1301.0,1275.0
634711210,1.2528403,0.8942602,-10.317581,0.24747714,2.8092647,-0.7289468,2,1292.0,1288.0,1301.0,1275.0
634716188,-1.7694135,-1.1797616,-9.670067,0.24747714,2.8092647,-0.7289468,2,1292.0,1288.0,1301.0,1275.0
634721188,0.6355916,1.4270664,-9.892102,0.24747714,2.8092647,-0.7289468,2,1292.0,1288.0,1301.0,1275.0
634726210,-0.28908363,-1.5243045,-9.342024,0.24747714,2.8092647,-0.7289468,2,1292.0,1288.0,1301.0,1275.0
634731188,-0.8713165,1.4800295,-11.042743,0.24747714,2.8092647,-0.7289468,2,1292.0,1288.0,1301.0,1275.0
634736188,1.3920779,0.05610691,-8.626867,0.24747714,2.8092647,-0.7289468,2,1292.0,1288.0,1301.0,1275.0
634741210,-0.29621005,-0.013776864,-10.218752,0.24747714,2.8092647,-0.7289468,2,1292.0,1288.0,1301.0,1275.0
634746188,0.0090561295,-0.16356404,-9.565656,0.24747714,2.8092647,-0.7289468,2,1292.0,1288.0,1301.0,1275.0
634751188,1.7285106,0.3488081,-8.825782,0.24747714,2.8092647,-0.7289468,2,1292.0,1288.0,1301.0,1275.0
634756210,-2.332682,-0.5428866,-11.056808,0.24747714,2.8092647,-0.7289468,2,1292.0,1288.0,1301.0,1275.0
634761188,0.85966355,-0.25103062,-8.947577,0.24747714,2.8092647,-0.7289468,2,1292.0,1288.0,1301.0,1275.0
634766188,-1.8931429,-0.22469747,-10.621791,0.24806958,2.8096666,-0.728886,2,1292.0,1288.0,1301.0,1275.0
634771211,0.860764,-0.443664,-9.569733,0.24806958,2.8096666,-0.728886,2,1323.0,1316.0,1314.0,1305.0
634776188,-0.5102981,0.5815993,-10.023739,0.24806958,2.8096666,-0.728886,2,1323.0,1316.0,1314.0,1305.0
634781188,0.5698145,-1.2539376,-10.574552,0.24806958,2.8096666,-0.728886,2,1323.0,1316.0,1314.0,1305.0
634786210,-0.21636595,1.0377969,-9.2273245,0.24806958,2.8096666,-0.728886,2,1323.0,1316.0,1314.0,1305.0
634791188,-0.4770705,-2.2751327,-11.091926,0.24806958,2.8096666,-0.728886,2,1323.0,1316.0,1314.0,1305.0
634796187,1.1184192,4.0455523,-8.345263,0.24806958,2.8096666,-0.728886,2,1323.0,1316.0,1314.0,1305.0
634801211,-1.2941635,-4.5338135,-11.465315,0.24806958,2.8096666,-0.728886,2,1323.0,1316.0,1314.0,1305.0
634806188,0.117701076,3.4302368,-8.505429,0.24806958,2.8096666,-0.728886,2,1323.0,1316.0,1314.0,1305.0
634811188,0.6721178,-2.330617,-10.624853,0.24806958,2.8096666,-0.728886,2,1323.0,1316.0,1314.0,1305.0
634816210,-0.6056341,3.7119358,-8.748995,0.24806958,2.8096666,-0.728886,2,1323.0,1316.0,1314.0,1305.0
634821188,1.1279217,-2.3690195,-10.379289,0.24806958,2.8096666,-0.728886,2,1323.0,1316.0,1314.0,1305.0
634826187,-2.4034877,2.903092,-9.628719,0.24806958,2.8096666,-0.728886,2,1323.0,1316.0,1314.0,1305.0
634831211,2.5620863,-2.7940032,-9.507497,0.24806958,2.8096666,-0.728886,2,1323.0,1316.0,1314.0,1305.0
634836188,-1.9920781,2.485688,-10.456389,0.24806958,2.8096666,-0.728886,2,1323.0,1316.0,1314.0,1305.0
634841188,0.863886,-2.2747543,-8.934977,0.24806958,2.8096666,-0.728886,2,1323.0,1316.0,1314.0,1305.0
634846210,1.385722,3.2481732,-11.193232,0.24806958,2.8096666,-0.728886,2,1323.0,1316.0,1314.0,1305.0
634851188,-0.28664964,-3.201027,-8.007546,0.24806958,2.8096666,-0.728886,2,1323.0,1316.0,1314.0,1305.0
634856188,1.4731988,2.5236285,-11.956944,0.24806958,2.8096666,-0.728886,2,1323.0,1316.0,1314.0,1305.0
634861211,-1.8257985,-1.5384543,-8.611537,0.24806958,2.8096666,-0.728886,2,1323.0,1316.0,1314.0,1305.0
634866188,2.0933187,1.3898293,-13.691975,0.24806958,2.8096666,-0.728886,2,1323.0,1316.0,1314.0,1305.0
634871188,-2.413261,-0.9447323,-7.66847,0.24806958,2.8096666,-0.728886,2,1323.0,1316.0,1314.0,1305.0
634876210,2.336579,0.45091262,-10.523994,0.24798477,2.810632,-0.7294168,2,1341.0,1348.0,1348.0,1329.0
634881188,-3.3636563,-1.1860704,-10.838326,0.24798477,2.810632,-0.7294168,2,1341.0,1348.0,1348.0,1329.0
634886187,1.3072815,0.75128,-8.309628,0.24798477,2.810632,-0.7294168,2,1341.0,1348.0,1348.0,1329.0
634891211,-0.68488824,-2.7585003,-11.752054,0.24798477,2.810632,-0.7294168,2,1341.0,1348.0,1348.0,1329.0
634896188,-2.3648891,4.2646093,-7.38003,0.24798477,2.810632,-0.7294168,2,1341.0,1348.0,1348.0,1329.0
634901191,0.64170706,-3.8059986,-11.851721,0.24798477,2.810632,-0.7294168,2,1341.0,1348.0,1348.0,1329.0
634906210,0.26393297,2.6160345,-8.655459,0.24798477,2.810632,-0.7294168,2,1341.0,1348.0,1348.0,1329.0
634911188,-0.8196855,0.7369823,-9.841369,0.24798477,2.810632,-0.7294168,2,1341.0,1348.0,1348.0,1329.0
634916188,0.1006588,0.5599393,-10.657945,0.24798477,2.810632,-0.7294168,2,1341.0,1348.0,1348.0,1329.0
634921210,-1.3781747,0.9292426,-9.126095,0.24798477,2.810632,-0.7294168,2,1341.0,1348.0,1348.0,1329.0
634926188,1.9608107,-1.6780713,-9.418426,0.24798477,2.810632,-0.7294168,2,1341.0,1348.0,1348.0,1329.0
634931188,-2.030727,2.7586882,-11.472025,0.24798477,2.810632,-0.7294168,2,1341.0,1348.0,1348.0,1329.0
634936210,-1.0558251,-0.65322787,-9.705425,0.24798477,2.810632,-0.7294168,2,1341.0,1348.0,1348.0,1329.0
634941188,2.7875373,0.64850324,-10.143515,0.24798477,2.810632,-0.7294168,2,1341.0,1348.0,1348.0,1329.0
634946188,-1.4489527,-2.4585507,-12.089455,0.24798477,2.810632,-0.7294168,2,1341.0,1348.0,1348.0,1329.0
634951211,0.91262,0.034845766,-7.877451,0.24798477,2.810632,-0.7294168,2,1341.0,1348.0,1348.0,1329.0
634956188,0.021289483,0.011301541,-10.994065,0.24798477,2.810632,-0.7294168,2,1341.0,1348.0,1348.0,1329.0
634961188,0.040885493,-1.9149482,-9.125117,0.24798477,2.810632,-0.7294168,2,1341.0,1348.0,1348.0,1329.0
634966210,0.9870174,1.9926031,-8.284488,0.24631798,2.8113163,-0.73121804,2,1341.0,1348.0,1348.0,1329.0
634971188,-1.2539245,-0.7660597,-9.917168,0.24631798,2.8113163,-0.73121804,2,1408.0,1403.0,1335.0,1320.0
634976187,1.0877826,-1.8499095,-8.089895,0.24631798,2.8113163,-0.73121804,2,1408.0,1403.0,1335.0,1320.0
634981211,0.19653983,2.5823925,-10.040297,0.24631798,2.8113163,-0.73121804,2,1408.0,1403.0,1335.0,1320.0
634986188,-0.7802897,-2.0484874,-9.848859,0.24631798,2.8113163,-0.73121804,2,1408.0,1403.0,1335.0,1320.0
634991188,-0.6828484,0.77644867,-9.480689,0.24631798,2.8113163,-0.73121804,2,1408.0,1403.0,1335.0,1320.0
634996210,-0.42849493,0.1284156,-10.525147,0.24631798,2.8113163,-0.73121804,2,1408.0,1403.0,1335.0,1320.0
635001188,0.73456794,0.24950941,-10.305472,0.24631798,2.8113163,-0.73121804,2,1408.0,1403.0,1335.0,1320.0
635006187,-1.8222624,-0.5016298,-9.515213,0.24631798,2.8113163,-0.73121804,2,1408.0,1403.0,1335.0,1320.0
635011211,-0.56182843,1.6687139,-11.2111845,0.24631798,2.8113163,-0.73121804,2,1408.0,1403.0,1335.0,1320.0
635016188,0.5127626,-0.27867603,-9.336627,0.24631798,2.8113163,-0.73121804,2,1408.0,1403.0,1335.0,1320.0
635021188,1.2014236,1.2863483,-9.8374,0.24631798,2.8113163,-0.73121804,2,1408.0,1403.0,1335.0,1320.0
635026210,-0.5896962,-0.7248597,-10.684368,0.24631798,2.8113163,-0.73121804,2,1408.0,1403.0,1335.0,1320.0
635031188,-2.403589,0.4392734,-8.8913145,0.24631798,2.8113163,-0.73121804,2,1408.0,1403.0,1335.0,1320.0
635036188,1.68955,-0.19556579,-9.172063,0.24631798,2.8113163,-0.73121804,2,1408.0,1403.0,1335.0,1320.0
635041210,-1.08674,-0.97804636,-9.417528,0.24631798,2.8113163,-0.73121804,2,1408.0,1403.0,1335.0,1320.0
635046188,0.051752992,-0.49269998,-8.40311,0.24631798,2.8113163,-0.73121804,2,1408.0,1403.0,1335.0,1320.0
635051188,1.0026395,0.5065745,-11.183872,0.24631798,2.8113163,-0.73121804,2,1408.0,1403.0,1335.0,1320.0
635056210,-1.0719286,1.1689342,-9.666116,0.24631798,2.8113163,-0.73121804,2,1408.0,1403.0,1335.0,1320.0
635061188,1.5654455,-0.4392039,-10.799132,0.24631798,2.8113163,-0.73121804,2,1408.0,1403.0,1335.0,1320.0
635066188,-0.5411344,-0.21986312,-9.603495,0.24631798,2.8113163,-0.73121804,2,1408.0,1403.0,1335.0,1320.0
635071210,0.6556519,0.024076065,-10.024245,0.24631798,2.8113163,-0.73121804,2,1408.0,1403.0,1335.0,1320.0
635076188,-0.16399,1.7455629,-10.715482,0.24353938,2.8119736,-0.7331964,2,1401.0,1387.0,1431.0,1375.0
635081188,-0.20959014,-2.3720145,-9.094386,0.24353938,2.8119736,-0.7331964,2,1401.0,1387.0,1431.0,1375.0
635086210,0.6350159,1.1811393,-11.830972,0.24353938,2.8119736,-0.7331964,2,1401.0,1387.0,1431.0,1375.0
635091191,-0.47253808,-1.6718144,-9.149684,0.24353938,2.8119736,-0.7331964,2,1401.0,1387.0,1431.0,1375.0
635096187,2.1905053,1.8903779,-10.663191,0.24353938,2.8119736,-0.7331964,2,1401.0,1387.0,1431.0,1375.0
635101210,-1.5537965,-0.22056706,-9.252472,0.24353938,2.8119736,-0.7331964,2,1401.0,1387.0,1431.0,1375.0
635106188,-0.46556818,-1.5103627,-8.797297,0.24353938,2.8119736,-0.7331964,2,1401.0,1387.0,1431.0,1375.0
635111188,-1.8148208,4.2623067,-13.216303,0.24353938,2.8119736,-0.7331964,2,1401.0,1387.0,1431.0,1375.0
635116210,-1.0606434,-0.1962701,-8.953023,0.24353938,2.8119736,-0.7331964,2,1401.0,1387.0,1431.0,1375.0
635121188,-0.43808416,-1.2183071,-10.310293,0.24353938,2.8119736,-0.7331964,2,1401.0,1387.0,1431.0,1375.0
635126188,0.4264066,0.74804384,-10.563152,0.24353938,2.8119736,-0.7331964,2,1401.0,1387.0,1431.0,1375.0
635131211,-0.87628406,1.4073452,-10.144316,0.24353938,2.8119736,-0.7331964,2,1401.0,1387.0,1431.0,1375.0
635136188,2.22422,0.37734464,-9.853338,0.24353938,2.8119736,-0.7331964,2,1401.0,1387.0,1431.0,1375.0
635141188,-1.0796871,-1.9060373,-10.028888,0.24353938,2.8119736,-0.7331964,2,1401.0,1387.0,1431.0,1375.0
635146211,-1.4809239,-0.70879745,-11.94676,0.24353938,2.8119736,-0.7331964,2,1401.0,1387.0,1431.0,1375.0
635151188,3.046304,1.6260583,-10.559141,0.24353938,2.8119736,-0.7331964,2,1401.0,1387.0,1431.0,1375.0
635156188,-3.7273276,-0.5956732,-10.08273,0.24353938,2.8119736,-0.7331964,2,1401.0,1387.0,1431.0,1375.0
635161211,-0.19904958,-1.2678928,-11.611548,0.24353938,2.8119736,-0.7331964,2,1401.0,1387.0,1431.0,1375.0
635166188,-1.2522117,-1.2574524,-10.816641,0.24353938,2.8119736,-0.7331964,2,1401.0,1387.0,1431.0,1375.0
635171188,-1.766229,0.027174866,-10.23111,0.24353938,2.8119736,-0.7331964,2,1401.0,1387.0,1431.0,1375.0
635176210,2.8665025,1.5323902,-9.825548,0.23913918,2.8122246,-0.7374673,2,1417.0,1404.0,1441.0,1376.0
635181188,-0.25433892,-2.1697774,-9.516958,0.23913918,2.8122246,-0.7374673,2,1417.0,1404.0,1441.0,1376.0
635186188,0.036927026,0.87742656,-9.218045,0.23913918,2.8122246,-0.7374673,2,1417.0,1404.0,1441.0,1376.0
635191211,0.5530319,-1.5856166,-9.100885,0.23913918,2.8122246,-0.7374673,2,1417.0,1404.0,1441.0,1376.0
635196188,-0.98219335,-0.080006026,-9.19054,0.23913918,2.8122246,-0.7374673,2,1417.0,1404.0,1441.0,1376.0
635201188,-0.8592036,1.6919546,-11.990602,0.23913918,2.8122246,-0.7374673,2,1417.0,1404.0,1441.0,1376.0
635206210,-0.12491274,-0.4189412,-9.3905735,0.23913918,2.8122246,-0.7374673,2,1417.0,1404.0,1441.0,1376.0
635211189,1.8123246,-3.7578871,-6.745032,0.23913918,2.8122246,-0.7374673,2,1417.0,1404.0,1441.0,1376.0
635216187,-2.3509564,2.7937565,-12.982882,0.23913918,2.8122246,-0.7374673,2,1417.0,1404.0,1441.0,1376.0
635221210,1.6547874,-0.1932938,-11.558205,0.23913918,2.8122246,-0.7374673,2,1417.0,1404.0,1441.0,1376.0
635226188,-1.5005838,-1.1817125,-10.663198,0.23913918,2.8122246,-0.7374673,2,1417.0,1404.0,1441.0,1376.0
635231188,-0.9600032,1.5772736,-11.035999,0.23913918,2.8122246,-0.7374673,2,1417.0,1404.0,1441.0,1376.0
635236210,-0.37421092,-2.8240361,-9.837316,0.23913918,2.8122246,-0.7374673,2,1417.0,1404.0,1441.0,1376.0
635241188,1.4746917,-3.1082113,-9.005701,0.23913918,2.8122246,-0.7374673,2,1417.0,1404.0,1441.0,1376.0
635246188,-2.20914,-1.6827223,-9.53729,0.23913918,2.8122246,-0.7374673,2,1417.0,1404.0,1441.0,1376.0
635251211,-2.5617685,0.8891536,-12.159208,0.23913918,2.8122246,-0.7374673,2,1417.0,1404.0,1441.0,1376.0
635256188,0.70576614,-2.0182104,-10.112018,0.23913918,2.8122246,-0.7374673,2,1417.0,1404.0,1441.0,1376.0
635261187,-0.5252325,0.8398907,-11.019578,0.23913918,2.8122246,-0.7374673,2,1417.0,1404.0,1441.0,1376.0
635266210,-1.0559056,2.0681686,-9.35633,0.23644233,2.8108675,-0.74489313,2,1417.0,1404.0,1441.0,1376.0
635271189,0.42031163,-2.2707317,-9.517568,0.23644233,2.8108675,-0.74489313,2,1400.0,1361.0,1415.0,1430.0
635276187,-2.3086421,-3.6718445,-9.794807,0.23644233,2.8108675,-0.74489313,2,1400.0,1361.0,1415.0,1430.0
635281211,0.90712327,1.8073826,-11.225335,0.23644233,2.8108675,-0.74489313,2,1400.0,1361.0,1415.0,1430.0
635286188,0.9416024,-0.75901276,-9.069697,0.23644233,2.8108675,-0.74489313,2,1400.0,1361.0,1415.0,1430.0
635291188,-1.0240076,-1.7266966,-7.385822,0.23644233,2.8108675,-0.74489313,2,1400.0,1361.0,1415.0,1430.0
635296210,2.0690312,0.17677882,-5.9998507,0.23644233,2.8108675,-0.74489313,2,1400.0,1361.0,1415.0,1430.0
635301188,-2.97486,-0.5003693,-9.757997,0.23644233,2.8108675,-0.74489313,2,1400.0,1361.0,1415.0,1430.0
635306187,-0.44926068,0.7248425,-9.811487,0.23644233,2.8108675,-0.74489313,2,1400.0,1361.0,1415.0,1430.0
635311211,1.709144,-0.21821885,-10.267032,0.23644233,2.8108675,-0.74489313,2,1400.0,1361.0,1415.0,1430.0
635316188,-1.8985903,-0.99834347,-7.7940574,0.23644233,2.8108675,-0.74489313,2,1400.0,1361.0,1415.0,1430.0
635321188,0.6762173,0.7550199,-9.024499,0.23644233,2.8108675,-0.74489313,2,1400.0,1361.0,1415.0,1430.0
635326210,1.4543455,-2.0617805,-10.589432,0.23644233,2.8108675,-0.74489313,2,1400.0,1361.0,1415.0,1430.0
635331188,-1.2885978,1.8975779,-9.869452,0.23644233,2.8108675,-0.74489313,2,1400.0,1361.0,1415.0,1430.0
635336188,0.47603697,1.3477762,-9.1915,0.23644233,2.8108675,-0.74489313,2,1400.0,1361.0,1415.0,1430.0
635341211,1.1164725,-0.45857218,-9.386331,0.23644233,2.8108675,-0.74489313,2,1400.0,1361.0,1415.0,1430.0
635346188,-1.0464772,0.5209091,-9.32541,0.23644233,2.8108675,-0.74489313,2,1400.0,1361.0,1415.0,1430.0
635351188,2.0168538,1.2454242,-9.603258,0.23644233,2.8108675,-0.74489313,2,1400.0,1361.0,1415.0,1430.0
635356210,-0.4366325,0.10303767,-9.407432,0.23644233,2.8108675,-0.74489313,2,1400.0,1361.0,1415.0,1430.0
635361188,-1.155572,-0.20704208,-9.409222,0.23644233,2.8108675,-0.74489313,2,1400.0,1361.0,1415.0,1430.0
635366188,1.1515507,-0.18698059,-9.274252,0.23644233,2.8108675,-0.74489313,2,1400.0,1361.0,1415.0,1430.0
635371211,-0.3570925,-0.9445161,-9.29394,0.23644233,2.8108675,-0.74489313,2,1400.0,1361.0,1415.0,1430.0
635376187,-4.6730824,3.3203092,-7.9000187,0.23863034,2.8067007,-0.75336266,2,1438.0,1425.0,1384.0,1392.0
635381188,1.7351677,-0.5025469,-8.527834,0.23863034,2.8067007,-0.75336266,2,1438.0,1425.0,1384.0,1392.0
635386210,-2.2029252,-0.23939532,-9.733056,0.23863034,2.8067007,-0.75336266,2,1438.0,1425.0,1384.0,1392.0
635391188,0.7909095,1.0975683,-9.707783,0.23863034,2.8067007,-0.75336266,2,1438.0,1425.0,1384.0,1392.0
635396188,1.7945727,-0.33827248,-8.908229,0.23863034,2.8067007,-0.75336266,2,1438.0,1425.0,1384.0,1392.0
635401213,-2.7444887,-0.39887485,-10.024146,0.23863034,2.8067007,-0.75336266,2,1438.0,1425.0,1384.0,1392.0
635406188,0.44706687,1.9324737,-10.027948,0.23863034,2.8067007,-0.75336266,2,1438.0,1425.0,1384.0,1392.0
635411188,-0.0884798,-0.36009508,-9.59407,0.23863034,2.8067007,-0.75336266,2,1438.0,1425.0,1384.0,1392.0
635416210,-1.0990579,-0.36865515,-9.20343,0.23863034,2.8067007,-0.75336266,2,1438.0,1425.0,1384.0,1392.0
635421188,1.11136,0.8095928,-9.854951,0.23863034,2.8067007,-0.75336266,2,1438.0,1425.0,1384.0,1392.0
635426187,0.8638029,0.78018177,-10.161262,0.23863034,2.8067007,-0.75336266,2,1438.0,1425.0,1384.0,1392.0
635431211,-2.6219811,1.5900851,-11.93275,0.23863034,2.8067007,-0.75336266,2,1438.0,1425.0,1384.0,1392.0
635436188,0.8694192,1.0032886,-10.796677,0.23863034,2.8067007,-0.75336266,2,1438.0,1425.0,1384.0,1392.0
635441188,-1.2211051,2.868992,-12.124042,0.23863034,2.8067007,-0.75336266,2,1438.0,1425.0,1384.0,1392.0
635446210,-1.1184356,0.52210987,-10.720321,0.23863034,2.8067007,-0.75336266,2,1438.0,1425.0,1384.0,1392.0
635451188,1.6473404,1.259626,-10.249092,0.23863034,2.8067007,-0.75336266,2,1438.0,1425.0,1384.0,1392.0
635456187,-1.7622347,2.5320148,-11.797754,0.23863034,2.8067007,-0.75336266,2,1438.0,1425.0,1384.0,1392.0
635461211,0.9934865,1.6483107,-11.414555,0.23863034,2.8067007,-0.75336266,2,1438.0,1425.0,1384.0,1392.0
635466188,-0.32929724,1.7790478,-10.641194,0.23880488,2.8020241,-0.7568715,2,1438.0,1425.0,1384.0,1392.0
635471188,-1.0410928,2.3921144,-10.908057,0.23880488,2.8020241,-0.7568715,2,1386.0,1422.0,1412.0,1404.0
635476210,2.589564,-3.145207,-9.936423,0.23880488,2.8020241,-0.7568715,2,1386.0,1422.0,1412.0,1404.0
635481188,-2.0551739,0.72555006,-11.079985,0.23880488,2.8020241,-0.7568715,2,1386.0,1422.0,1412.0,1404.0
635486188,0.35653076,-0.022389151,-10.339371,0.23880488,2.8020241,-0.7568715,2,1386.0,1422.0,1412.0,1404.0
635491210,-0.21997747,0.23289447,-10.710428,0.23880488,2.8020241,-0.7568715,2,1386.0,1422.0,1412.0,1404.0
635496188,-1.8400265,0.7159759,-11.352405,0.23880488,2.8020241,-0.7568715,2,1386.0,1422.0,1412.0,1404.0
635501188,0.6113872,-2.5932004,-8.792975,0.23880488,2.8020241,-0.7568715,2,1386.0,1422.0,1412.0,1404.0
635506210,-0.13006729,0.89508855,-9.578427,0.23880488,2.8020241,-0.7568715,2,1386.0,1422.0,1412.0,1404.0
635511190,0.50645274,1.5396612,-9.615608,0.23880488,2.8020241,-0.7568715,2,1386.0,1422.0,1412.0,1404.0
635516188,-0.3356308,-1.7972854,-9.482219,0.23880488,2.8020241,-0.7568715,2,1386.0,1422.0,1412.0,1404.0
635521211,-0.1938072,0.12335632,-9.053126,0.23880488,2.8020241,-0.7568715,2,1386.0,1422.0,1412.0,1404.0
635526188,0.98083967,1.077149,-11.052204,0.23880488,2.8020241,-0.7568715,2,1386.0,1422.0,1412.0,1404.0
635531188,0.52596337,1.3440932,-10.391625,0.23880488,2.8020241,-0.7568715,2,1386.0,1422.0,1412.0,1404.0
635536210,-0.86325556,2.372831,-10.831322,0.23880488,2.8020241,-0.7568715,2,1386.0,1422.0,1412.0,1404.0
635541188,-0.7259886,-0.6096949,-10.232918,0.23880488,2.8020241,-0.7568715,2,1386.0,1422.0,1412.0,1404.0
635546187,0.62115073,0.6915035,-10.729227,0.23880488,2.8020241,-0.7568715,2,1386.0,1422.0,1412.0,1404.0
635551211,-1.1487598,0.8142616,-10.479161,0.23880488,2.8020241,-0.7568715,2,1386.0,1422.0,1412.0,1404.0
635556187,0.61686087,-2.0694973,-8.887325,0.23880488,2.8020241,-0.7568715,2,1386.0,1422.0,1412.0,1404.0
635561188,0.9721475,0.78550273,-10.816373,0.23880488,2.8020241,-0.7568715,2,1386.0,1422.0,1412.0,1404.0
635566211,-2.1948833,-1.2815317,-10.894684,0.23880488,2.8020241,-0.7568715,2,1386.0,1422.0,1412.0,1404.0
635571187,1.4458494,-0.8011177,-9.646987,0.23880488,2.8020241,-0.7568715,2,1386.0,1422.0,1412.0,1404.0
635576187,1.6762455,0.7135061,-11.78784,0.2331165,2.7954464,-0.76791054,2,1426.0,1419.0,1375.0,1373.0
635581211,-1.2058835,-2.1848242,-9.232162,0.2331165,2.7954464,-0.76791054,2,1426.0,1419.0,1375.0,1373.0
635586187,1.0282176,0.03934893,-8.908561,0.2331165,2.7954464,-0.76791054,2,1426.0,1419.0,1375.0,1373.0
635591188,-1.2316474,0.8219032,-9.826223,0.2331165,2.7954464,-0.76791054,2,1426.0,1419.0,1375.0,1373.0
635596211,0.11032849,-1.1479807,-9.130704,0.2331165,2.7954464,-0.76791054,2,1426.0,1419.0,1375.0,1373.0
635601187,1.3449215,-0.049414445,-8.708017,0.2331165,2.7954464,-0.76791054,2,1426.0,1419.0,1375.0,1373.0
635606188,-0.8090805,-0.5418407,-8.360836,0.2331165,2.7954464,-0.76791054,2,1426.0,1419.0,1375.0,1373.0
635611212,0.7263347,0.64917016,-9.638791,0.2331165,2.7954464,-0.76791054,2,1426.0,1419.0,1375.0,1373.0
635616187,-0.6911965,0.05808737,-11.139286,0.2331165,2.7954464,-0.76791054,2,1426.0,1419.0,1375.0,1373.0
635621188,-2.0613434,0.08139867,-10.259346,0.2331165,2.7954464,-0.76791054,2,1426.0,1419.0,1375.0,1373.0
635626211,0.33247095,2.608639,-8.460072,0.2331165,2.7954464,-0.76791054,2,1426.0,1419.0,1375.0,1373.0
635631188,-0.3064344,0.2861909,-7.251384,0.2331165,2.7954464,-0.76791054,2,1426.0,1419.0,1375.0,1373.0
635636187,-0.8450942,-0.3111007,-8.942926,0.2331165,2.7954464,-0.76791054,2,1426.0,1419.0,1375.0,1373.0
635641212,1.2115408,-0.061308306,-8.6455555,0.2331165,2.7954464,-0.76791054,2,1426.0,1419.0,1375.0,1373.0
635646187,-0.4638656,-0.24946097,-9.036542,0.2331165,2.7954464,-0.76791054,2,1426.0,1419.0,1375.0,1373.0
635651188,-0.48187196,1.2245328,-9.976948,0.2331165,2.7954464,-0.76791054,2,1426.0,1419.0,1375.0,1373.0
635656211,0.8784559,-1.2524544,-9.596162,0.2331165,2.7954464,-0.76791054,2,1426.0,1419.0,1375.0,1373.0
635661187,-0.8797298,0.9692141,-9.457623,0.2331165,2.7954464,-0.76791054,2,1426.0,1419.0,1375.0,1373.0
635666188,0.21863571,0.49132895,-13.289726,0.23012368,2.7910132,-0.77695215,2,1426.0,1419.0,1375.0,1373.0
635671213,1.6652278,-1.3063967,-12.462214,0.23012368,2.7910132,-0.77695215,2,1427.0,1393.0,1423.0,1381.0
635676187,-0.34807494,1.4924687,-14.478595,0.23012368,2.7910132,-0.77695215,2,1427.0,1393.0,1423.0,1381.0
635681188,0.0988488,-1.5238298,-11.268017,0.23012368,2.7910132,-0.77695215,2,1427.0,1393.0,1423.0,1381.0
635686211,0.17604423,-1.2523854,-10.767707,0.23012368,2.7910132,-0.77695215,2,1427.0,1393.0,1423.0,1381.0
635691188,0.21656156,-0.117279,-10.433137,0.23012368,2.7910132,-0.77695215,2,1427.0,1393.0,1423.0,1381.0
635696188,1.3862246,0.46488106,-11.799955,0.23012368,2.7910132,-0.77695215,2,1427.0,1393.0,1423.0,1381.0
635701212,-0.31811875,-1.0352777,-10.181114,0.23012368,2.7910132,-0.77695215,2,1427.0,1393.0,1423.0,1381.0
635706187,-1.2083286,0.20545809,-11.0118475,0.23012368,2.7910132,-0.77695215,2,1427.0,1393.0,1423.0,1381.0
635711188,1.4258859,-0.11456122,-9.219958,0.23012368,2.7910132,-0.77695215,2,1427.0,1393.0,1423.0,1381.0
635716211,-2.6713614,0.99270886,-10.663543,0.23012368,2.7910132,-0.77695215,2,1427.0,1393.0,1423.0,1381.0
635721187,1.5635087,-1.0094856,-10.515864,0.23012368,2.7910132,-0.77695215,2,1427.0,1393.0,1423.0,1381.0
635726188,0.20392542,-1.5712284,-9.576648,0.23012368,2.7910132,-0.77695215,2,1427.0,1393.0,1423.0,1381.0
635731212,-1.1411105,0.00468908,-9.519701,0.23012368,2.7910132,-0.77695215,2,1427.0,1393.0,1423.0,1381.0
635736187,0.4113313,-0.32902822,-9.212585,0.23012368,2.7910132,-0.77695215,2,1427.0,1393.0,1423.0,1381.0
635741188,-1.1253916,-1.1391735,-8.841647,0.23012368,2.7910132,-0.77695215,2,1427.0,1393.0,1423.0,1381.0
635746211,0.9596118,0.17182262,-10.257448,0.23012368,2.7910132,-0.77695215,2,1427.0,1393.0,1423.0,1381.0
635751188,-0.5209368,-0.15865217,-8.792123,0.23012368,2.7910132,-0.77695215,2,1427.0,1393.0,1423.0,1381.0
635756188,-0.8612813,-1.200214,-8.8022585,0.23012368,2.7910132,-0.77695215,2,1427.0,1393.0,1423.0,1381.0
635761235,1.6025897,0.34882706,-9.082674,0.23012368,2.7910132,-0.77695215,2,1427.0,1393.0,1423.0,1381.0
635766187,-0.9320392,-0.10027382,-9.875629,0.23012368,2.7910132,-0.77695215,2,1427.0,1393.0,1423.0,1381.0
635771188,1.0899414,-0.0019159726,-8.018187,0.23012368,2.7910132,-0.77695215,2,1427.0,1393.0,1423.0,1381.0
635776211,-1.0113009,-0.29683226,-8.181911,0.23018427,2.7873962,-0.79202366,2,1439.0,1382.0,1390.0,1375.0
635781188,0.93545014,-1.735975,-8.309371,0.23018427,2.7873962,-0.79202366,2,1439.0,1382.0,1390.0,1375.0
635786188,0.027214095,0.11643351,-7.6775236,0.23018427,2.7873962,-0.79202366,2,1439.0,1382.0,1390.0,1375.0
635791212,1.0147642,1.1958039,-8.528478,0.23018427,2.7873962,-0.79202366,2,1439.0,1382.0,1390.0,1375.0
635796190,-1.748977,-1.2609601,-9.437791,0.23018427,2.7873962,-0.79202366,2,1439.0,1382.0,1390.0,1375.0
635801188,-0.26671037,1.2190146,-8.305132,0.23018427,2.7873962,-0.79202366,2,1439.0,1382.0,1390.0,1375.0
635806211,2.2338903,0.2924485,-9.326543,0.23018427,2.7873962,-0.79202366,2,1439.0,1382.0,1390.0,1375.0
635811188,0.51582456,0.6355103,-8.918291,0.23018427,2.7873962,-0.79202366,2,1439.0,1382.0,1390.0,1375.0
635816188,-1.9106965,0.3768587,-9.095456,0.23018427,2.7873962,-0.79202366,2,1439.0,1382.0,1390.0,1375.0
635821211,-1.0713285,1.5696844,-9.05504,0.23018427,2.7873962,-0.79202366,2,1439.0,1382.0,1390.0,1375.0
635826187,-0.68110883,1.9104142,-9.437308,0.23018427,2.7873962,-0.79202366,2,1439.0,1382.0,1390.0,1375.0
635831188,-0.2744174,0.9830447,-9.985926,0.23018427,2.7873962,-0.79202366,2,1439.0,1382.0,1390.0,1375.0
635836211,-1.5560061,-0.10451718,-9.9543495,0.23018427,2.7873962,-0.79202366,2,1439.0,1382.0,1390.0,1375.0
635841188,0.34654206,0.743687,-8.928527,0.23018427,2.7873962,-0.79202366,2,1439.0,1382.0,1390.0,1375.0
635846188,0.058860473,1.5052865,-10.403998,0.23018427,2.7873962,-0.79202366,2,1439.0,1382.0,1390.0,1375.0
635851212,-2.83818,-0.61083996,-10.374412,0.23018427,2.7873962,-0.79202366,2,1439.0,1382.0,1390.0,1375.0
635856187,0.20604356,1.5382884,-9.311564,0.23018427,2.7873962,-0.79202366,2,1439.0,1382.0,1390.0,1375.0
635861188,-0.5425349,0.5355983,-10.070772,0.23018427,2.7873962,-0.79202366,2,1439.0,1382.0,1390.0,1375.0
635866211,-1.5449336,1.5520352,-10.991821,0.23018427,2.7873962,-0.79202366,2,1439.0,1382.0,1390.0,1375.0
635871187,-0.8082869,0.14094475,-9.323519,0.23018427,2.7873962,-0.79202366,2,1439.0,1382.0,1390.0,1375.0
635876187,-0.637214,1.1227113,-10.839249,0.23393683,2.7854416,-0.799359,2,1460.0,1468.0,1358.0,1357.0
635881212,-1.3673106,0.12852171,-11.125038,0.23393683,2.7854416,-0.799359,2,1460.0,1468.0,1358.0,1357.0
635886187,-0.926013,0.5952502,-9.91114,0.23393683,2.7854416,-0.799359,2,1460.0,1468.0,1358.0,1357.0
635891188,-0.4635233,2.141314,-9.68377,0.23393683,2.7854416,-0.799359,2,1460.0,1468.0,1358.0,1357.0
635896211,-0.8843454,0.065104954,-9.711125,0.23393683,2.7854416,-0.799359,2,1460.0,1468.0,1358.0,1357.0
635901188,0.78037345,1.3625879,-10.333893,0.23393683,2.7854416,-0.799359,2,1460.0,1468.0,1358.0,1357.0
635906187,-0.7022907,0.3270574,-10.856403,0.23393683,2.7854416,-0.799359,2,1460.0,1468.0,1358.0,1357.0
635911211,0.6453242,0.19219783,-9.438418,0.23393683,2.7854416,-0.799359,2,1460.0,1468.0,1358.0,1357.0
635916187,0.23753044,1.0304092,-9.764448,0.23393683,2.7854416,-0.799359,2,1460.0,1468.0,1358.0,1357.0
635921188,-2.1651726,-0.10922555,-9.700752,0.23393683,2.7854416,-0.799359,2,1460.0,1468.0,1358.0,1357.0
635926211,3.5243309,0.19984582,-7.184388,0.23393683,2.7854416,-0.799359,2,1460.0,1468.0,1358.0,1357.0
635931187,-0.8065899,0.95749927,-10.288148,0.23393683,2.7854416,-0.799359,2,1460.0,1468.0,1358.0,1357.0
635936188,1.0117369,0.5365476,-8.363896,0.23393683,2.7854416,-0.799359,2,1460.0,1468.0,1358.0,1357.0
635941211,-1.5523938,-0.70144874,-10.357407,0.23393683,2.7854416,-0.799359,2,1460.0,1468.0,1358.0,1357.0
635946187,-1.4967568,-0.13097665,-10.857861,0.23393683,2.7854416,-0.799359,2,1460.0,1468.0,1358.0,1357.0
635951188,1.0078053,-1.0683117,-8.884706,0.23393683,2.7854416,-0.799359,2,1460.0,1468.0,1358.0,1357.0
635956210,0.19958702,1.9891595,-11.130573,0.23393683,2.7854416,-0.799359,2,1460.0,1468.0,1358.0,1357.0
635961188,-1.2752653,0.34368247,-11.243048,0.23393683,2.7854416,-0.799359,2,1460.0,1468.0,1358.0,1357.0
635966188,0.12795885,-0.902545,-8.710203,0.2342108,2.781083,-0.8053889,2,1460.0,1468.0,1358.0,1357.0
635971211,1.0524293,1.0712326,-9.907259,0.2342108,2.781083,-0.8053889,2,1491.0,1495.0,1338.0,1331.0
635976187,0.5315228,1.1851732,-11.300702,0.2342108,2.781083,-0.8053889,2,1491.0,1495.0,1338.0,1331.0
635981188,-1.2994053,-0.9010326,-8.878808,0.2342108,2.781083,-0.8053889,2,1491.0,1495.0,1338.0,1331.0
635986210,2.2845738,0.9371336,-9.019567,0.2342108,2.781083,-0.8053889,2,1491.0,1495.0,1338.0,1331.0
635991188,-1.7756066,1.9997159,-12.9168005,0.2342108,2.781083,-0.8053889,2,1491.0,1495.0,1338.0,1331.0
635996191,-0.67810404,0.35612273,-8.275446,0.2342108,2.781083,-0.8053889,2,1491.0,1495.0,1338.0,1331.0
636001211,0.8097704,-0.45239326,-10.003593,0.2342108,2.781083,-0.8053889,2,1491.0,1495.0,1338.0,1331.0
636006187,0.31823695,-0.85467535,-10.100951,0.2342108,2.781083,-0.8053889,2,1491.0,1495.0,1338.0,1331.0
636011188,-0.05201358,1.8496927,-8.12627,0.2342108,2.781083,-0.8053889,2,1491.0,1495.0,1338.0,1331.0
636016210,0.7395555,0.16774243,-10.135591,0.2342108,2.781083,-0.8053889,2,1491.0,1495.0,1338.0,1331.0
636021187,0.08437223,-1.6038657,-9.353071,0.2342108,2.781083,-0.8053889,2,1491.0,1495.0,1338.0,1331.0
636026188,-0.19472821,2.2908094,-10.157793,0.2342108,2.781083,-0.8053889,2,1491.0,1495.0,1338.0,1331.0
636031211,0.89125216,-0.8211449,-10.7524605,0.2342108,2.781083,-0.8053889,2,1491.0,1495.0,1338.0,1331.0
636036187,-1.7643278,0.42321232,-8.94394,0.2342108,2.781083,-0.8053889,2,1491.0,1495.0,1338.0,1331.0
636041188,2.1377487,1.717804,-10.598375,0.2342108,2.781083,-0.8053889,2,1491.0,1495.0,1338.0,1331.0
636046210,-1.2716116,1.127664,-9.767529,0.2342108,2.781083,-0.8053889,2,1491.0,1495.0,1338.0,1331.0
636051187,1.3981566,0.8600198,-9.675708,0.2342108,2.781083,-0.8053889,2,1491.0,1495.0,1338.0,1331.0
636056188,0.10988559,0.8998141,-10.685041,0.2342108,2.781083,-0.8053889,2,1491.0,1495.0,1338.0,1331.0
636061211,-1.3820608,-0.019543873,-9.575255,0.2342108,2.781083,-0.8053889,2,1491.0,1495.0,1338.0,1331.0
636066188,1.1439538,2.2208192,-9.695542,0.2342108,2.781083,-0.8053889,2,1491.0,1495.0,1338.0,1331.0
636071190,0.9638261,-0.30007902,-10.589173,0.2342108,2.781083,-0.8053889,2,1491.0,1495.0,1338.0,1331.0
636076211,-1.3006558,-0.4447274,-10.120051,0.23288685,2.7777746,-0.8119575,2,1452.0,1460.0,1386.0,1364.0
636081188,1.5332307,0.69146717,-9.506813,0.23288685,2.7777746,-0.8119575,2,1452.0,1460.0,1386.0,1364.0
636086188,0.23979293,0.8753093,-11.394842,0.23288685,2.7777746,-0.8119575,2,1452.0,1460.0,1386.0,1364.0
636091211,0.01806124,-1.1398525,-7.976822,0.23288685,2.7777746,-0.8119575,2,1452.0,1460.0,1386.0,1364.0
636096187,0.90494233,0.51375204,-11.102318,0.23288685,2.7777746,-0.8119575,2,1452.0,1460.0,1386.0,1364.0
636101188,0.021694627,-1.285204,-9.24655,0.23288685,2.7777746,-0.8119575,2,1452.0,1460.0,1386.0,1364.0
636106210,-0.17404859,-0.09694305,-9.101449,0.23288685,2.7777746,-0.8119575,2,1452.0,1460.0,1386.0,1364.0
636111188,2.0170612,-0.7639129,-10.593093,0.23288685,2.7777746,-0.8119575,2,1452.0,1460.0,1386.0,1364.0
636116187,-1.3629302,-0.08669929,-8.929248,0.23288685,2.7777746,-0.8119575,2,1452.0,1460.0,1386.0,1364.0
636121211,0.7535782,1.0176202,-9.478542,0.23288685,2.7777746,-0.8119575,2,1452.0,1460.0,1386.0,1364.0
636126188,-0.22700039,1.7118992,-10.8870945,0.23288685,2.7777746,-0.8119575,2,1452.0,1460.0,1386.0,1364.0
636131190,-0.7442099,-1.121117,-8.085256,0.23288685,2.7777746,-0.8119575,2,1452.0,1460.0,1386.0,1364.0
636136210,2.508567,-0.6555424,-10.396303,0.23288685,2.7777746,-0.8119575,2,1452.0,1460.0,1386.0,1364.0
636141188,0.04114991,0.10892298,-7.628053,0.23288685,2.7777746,-0.8119575,2,1452.0,1460.0,1386.0,1364.0
636146188,-0.006342185,0.074100055,-10.275702,0.23288685,2.7777746,-0.8119575,2,1452.0,1460.0,1386.0,1364.0
636151211,0.74504936,-0.22845368,-9.62533,0.23288685,2.7777746,-0.8119575,2,1452.0,1460.0,1386.0,1364.0
636156187,-0.43782562,-0.79865354,-9.940922,0.23288685,2.7777746,-0.8119575,2,1452.0,1460.0,1386.0,1364.0
636161190,1.1749637,2.010523,-10.107921,0.23288685,2.7777746,-0.8119575,2,1452.0,1460.0,1386.0,1364.0
636166210,-1.4532208,0.25036147,-10.862442,0.23005591,2.7782884,-0.8166538,2,1452.0,1460.0,1386.0,1364.0
636171188,-0.93267363,-0.40760148,-10.1095705,0.23005591,2.7782884,-0.8166538,2,1482.0,1507.0,1364.0,1328.0
636176188,1.5573599,0.75590026,-9.672833,0.23005591,2.7782884,-0.8166538,2,1482.0,1507.0,1364.0,1328.0
636181211,-1.7468823,-0.55813646,-10.070828,0.23005591,2.7782884,-0.8166538,2,1482.0,1507.0,1364.0,1328.0
636186188,0.59672344,1.162475,-9.958291,0.23005591,2.7782884,-0.8166538,2,1482.0,1507.0,1364.0,1328.0
636191188,0.5125536,-0.007907969,-9.570146,0.23005591,2.7782884,-0.8166538,2,1482.0,1507.0,1364.0,1328.0
636196210,-1.3421469,-1.6439457,-9.923675,0.23005591,2.7782884,-0.8166538,2,1482.0,1507.0,1364.0,1328.0
636201188,0.7668709,1.5648884,-10.254482,0.23005591,2.7782884,-0.8166538,2,1482.0,1507.0,1364.0,1328.0
636206188,-0.8576395,-0.32831472,-10.733752,0.23005591,2.7782884,-0.8166538,2,1482.0,1507.0,1364.0,1328.0
636211211,1.0607576,0.78888535,-9.684054,0.23005591,2.7782884,-0.8166538,2,1482.0,1507.0,1364.0,1328.0
636216188,-1.4355681,-2.1285222,-10.218076,0.23005591,2.7782884,-0.8166538,2,1482.0,1507.0,1364.0,1328.0
636221188,0.94428545,0.6294076,-10.691922,0.23005591,2.7782884,-0.8166538,2,1482.0,1507.0,1364.0,1328.0
636226210,0.42094487,-0.632194,-7.60191,0.23005591,2.7782884,-0.8166538,2,1482.0,1507.0,1364.0,1328.0
636231189,-0.90322816,-0.08450157,-11.329744,0.23005591,2.7782884,-0.8166538,2,1482.0,1507.0,1364.0,1328.0
636236188,-0.27508485,-1.576666,-8.264942,0.23005591,2.7782884,-0.8166538,2,1482.0,1507.0,1364.0,1328.0
636241211,0.24742368,1.6123486,-9.691104,0.23005591,2.7782884,-0.8166538,2,1482.0,1507.0,1364.0,1328.0
636246188,-0.5358033,-1.1710613,-9.724527,0.23005591,2.7782884,-0.8166538,2,1482.0,1507.0,1364.0,1328.0
636251188,-0.023349615,0.19140275,-9.110026,0.23005591,2.7782884,-0.8166538,2,1482.0,1507.0,1364.0,1328.0
636256210,-0.92328143,-1.1212305,-10.325793,0.23005591,2.7782884,-0.8166538,2,1482.0,1507.0,1364.0,1328.0
636261188,-0.21058407,-1.067827,-8.767735,0.23005591,2.7782884,-0.8166538,2,1482.0,1507.0,1364.0,1328.0
636266188,0.55639255,1.2598853,-11.09617,0.23005591,2.7782884,-0.8166538,2,1482.0,1507.0,1364.0,1328.0
636271211,-1.0065616,-1.0737114,-10.932667,0.23005591,2.7782884,-0.8166538,2,1482.0,1507.0,1364.0,1328.0
636276188,-0.7690754,-1.5313262,-9.187924,0.22716768,2.781268,-0.82036155,2,1460.0,1476.0,1386.0,1371.0
636281188,-0.26145643,1.6278509,-11.732858,0.22716768,2.781268,-0.82036155,2,1460.0,1476.0,1386.0,1371.0
636286210,0.770618,-1.3243787,-9.704048,0.22716768,2.781268,-0.82036155,2,1460.0,1476.0,1386.0,1371.0
636291188,-1.3622475,-0.8976308,-9.695466,0.22716768,2.781268,-0.82036155,2,1460.0,1476.0,1386.0,1371.0
636296188,0.70231605,1.3325169,-10.3914,0.22716768,2.781268,-0.82036155,2,1460.0,1476.0,1386.0,1371.0
636301211,-0.4441452,-1.4691217,-8.583313,0.22716768,2.781268,-0.82036155,2,1460.0,1476.0,1386.0,1371.0
636306188,-0.72374046,0.8086558,-10.132185,0.22716768,2.781268,-0.82036155,2,1460.0,1476.0,1386.0,1371.0
636311188,0.5360977,-0.22322966,-9.639874,0.22716768,2.781268,-0.82036155,2,1460.0,1476.0,1386.0,1371.0
636316210,0.28339654,-0.88509184,-9.690771,0.22716768,2.781268,-0.82036155,2,1460.0,1476.0,1386.0,1371.0
636321188,-1.0453075,0.29469424,-10.248039,0.22716768,2.781268,-0.82036155,2,1460.0,1476.0,1386.0,1371.0
636326188,1.0835607,-1.0483826,-9.390199,0.22716768,2.781268,-0.82036155,2,1460.0,1476.0,1386.0,1371.0
636331210,-0.5038049,-0.26871175,-9.912013,0.22716768,2.781268,-0.82036155,2,1460.0,1476.0,1386.0,1371.0
636336188,0.06980099,0.6023971,-9.898423,0.22716768,2.781268,-0.82036155,2,1460.0,1476.0,1386.0,1371.0
636341188,0.45191512,-0.87787926,-9.297702,0.22716768,2.781268,-0.82036155,2,1460.0,1476.0,1386.0,1371.0
636346210,-0.90566576,1.4277978,-10.756064,0.22716768,2.781268,-0.82036155,2,1460.0,1476.0,1386.0,1371.0
636351188,-0.27542317,-1.522027,-10.161893,0.22716768,2.781268,-0.82036155,2,1460.0,1476.0,1386.0,1371.0
636356188,-0.44737938,-0.28387803,-9.402867,0.22716768,2.781268,-0.82036155,2,1460.0,1476.0,1386.0,1371.0
636361210,0.3659631,-0.2250942,-10.226827,0.22716768,2.781268,-0.82036155,2,1460.0,1476.0,1386.0,1371.0
636366188,0.013249925,-0.69862723,-9.674103,0.2273005,2.7834365,-0.8228692,2,1460.0,1476.0,1386.0,1371.0
636371188,-1.2139547,0.93956363,-10.997464,0.2273005,2.7834365,-0.8228692,2,1490.0,1493.0,1364.0,1361.0
636376210,1.3955178,-1.4498765,-9.304805,0.2273005,2.7834365,-0.8228692,2,1490.0,1493.0,1364.0,1361.0
636381188,-0.563136,-0.75130117,-9.968299,0.2273005,2.7834365,-0.8228692,2,1490.0,1493.0,1364.0,1361.0
636386187,-0.7951101,-0.4360981,-10.937896,0.2273005,2.7834365,-0.8228692,2,1490.0,1493.0,1364.0,1361.0
636391211,-0.18210031,0.89650875,-8.831666,0.2273005,2.7834365,-0.8228692,2,1490.0,1493.0,1364.0,1361.0
636396188,-0.98057216,-0.113399275,-10.373883,0.2273005,2.7834365,-0.8228692,2,1490.0,1493.0,1364.0,1361.0
636401188,0.4019176,0.3625834,-10.941486,0.2273005,2.7834365,-0.8228692,2,1490.0,1493.0,1364.0,1361.0
636406210,-1.664798,-1.9940017,-9.696246,0.2273005,2.7834365,-0.8228692,2,1490.0,1493.0,1364.0,1361.0
636411188,1.0011854,-0.49412835,-10.561963,0.2273005,2.7834365,-0.8228692,2,1490.0,1493.0,1364.0,1361.0
636416188,-0.3358957,-2.1422598,-9.462276,0.2273005,2.7834365,-0.8228692,2,1490.0,1493.0,1364.0,1361.0
636421211,-1.8798513,1.5622351,-10.785607,0.2273005,2.7834365,-0.8228692,2,1490.0,1493.0,1364.0,1361.0
636426187,2.845282,-1.179126,-10.865299,0.2273005,2.7834365,-0.8228692,2,1490.0,1493.0,1364.0,1361.0
636431188,-0.60289377,-1.6940471,-10.346098,0.2273005,2.7834365,-0.8228692,2,1490.0,1493.0,1364.0,1361.0
636436210,-0.31429827,3.066239,-10.407972,0.2273005,2.7834365,-0.8228692,2,1490.0,1493.0,1364.0,1361.0
636441188,-0.56829244,-2.4433286,-9.239952,0.2273005,2.7834365,-0.8228692,2,1490.0,1493.0,1364.0,1361.0
636446188,0.9880497,0.04807634,-10.153877,0.2273005,2.7834365,-0.8228692,2,1490.0,1493.0,1364.0,1361.0
636451211,-0.9607842,0.39904118,-10.335025,0.2273005,2.7834365,-0.8228692,2,1490.0,1493.0,1364.0,1361.0
636456188,-0.1343687,0.053296648,-8.275104,0.2273005,2.7834365,-0.8228692,2,1490.0,1493.0,1364.0,1361.0
636461188,-0.049088605,0.673395,-9.739586,0.2273005,2.7834365,-0.8228692,2,1490.0,1493.0,1364.0,1361.0
636466210,1.2091788,-0.21636261,-9.738298,0.2273005,2.7834365,-0.8228692,2,1490.0,1493.0,1364.0,1361.0
636471188,-0.7453002,1.335682,-8.959782,0.2273005,2.7834365,-0.8228692,2,1490.0,1493.0,1364.0,1361.0
636476188,0.85392314,-1.8212881,-10.473457,0.2310353,2.786087,-0.8263316,2,1519.0,1483.0,1371.0,1351.0
636481210,-0.489406,0.14627531,-9.935345,0.2310353,2.786087,-0.8263316,2,1519.0,1483.0,1371.0,1351.0
636486188,-0.08346603,3.0540512,-10.420306,0.2310353,2.786087,-0.8263316,2,1519.0,1483.0,1371.0,1351.0
636491188,0.923313,-3.445803,-8.8731575,0.2310353,2.786087,-0.8263316,2,1519.0,1483.0,1371.0,1351.0
636496210,-1.5340849,1.4583447,-11.612535,0.2310353,2.786087,-0.8263316,2,1519.0,1483.0,1371.0,1351.0
636501188,0.17999639,1.1197704,-10.545794,0.2310353,2.786087,-0.8263316,2,1519.0,1483.0,1371.0,1351.0
636506188,2.0721288,-2.3575256,-11.583844,0.2310353,2.786087,-0.8263316,2,1519.0,1483.0,1371.0,1351.0
636511211,-1.5134602,-0.38891372,-10.615333,0.2310353,2.786087,-0.8263316,2,1519.0,1483.0,1371.0,1351.0
636516188,-0.86795896,0.58685446,-10.640573,0.2310353,2.786087,-0.8263316,2,1519.0,1483.0,1371.0,1351.0
636521188,1.4407916,-0.98696065,-9.4873085,0.2310353,2.786087,-0.8263316,2,1519.0,1483.0,1371.0,1351.0
636526210,-1.6247556,0.53256726,-10.632797,0.2310353,2.786087,-0.8263316,2,1519.0,1483.0,1371.0,1351.0
636531188,0.67406696,0.1775991,-8.72525,0.2310353,2.786087,-0.8263316,2,1519.0,1483.0,1371.0,1351.0
636536187,0.6817409,0.22749284,-8.977217,0.2310353,2.786087,-0.8263316,2,1519.0,1483.0,1371.0,1351.0
636541211,-1.0945841,-0.82967395,-8.746679,0.2310353,2.786087,-0.8263316,2,1519.0,1483.0,1371.0,1351.0
636546188,0.27040592,-0.07271667,-9.675374,0.2310353,2.786087,-0.8263316,2,1519.0,1483.0,1371.0,1351.0
636551188,0.17153957,0.59707195,-11.54159,0.2310353,2.786087,-0.8263316,2,1519.0,1483.0,1371.0,1351.0
636556210,0.14044414,-1.8716589,-10.242335,0.2310353,2.786087,-0.8263316,2,1519.0,1483.0,1371.0,1351.0
636561188,-0.2733614,1.342213,-9.755918,0.2310353,2.786087,-0.8263316,2,1519.0,1483.0,1371.0,1351.0
636566188,-0.34777716,-0.24063054,-10.118601,0.2310353,2.786087,-0.8263316,2,1519.0,1483.0,1371.0,1351.0
636571211,1.6030908,-0.6218708,-10.669952,0.2310353,2.786087,-0.8263316,2,1519.0,1483.0,1371.0,1351.0
636576188,-0.77103525,1.6066164,-11.176726,0.23661429,2.7896059,-0.8305453,2,1473.0,1434.0,1437.0,1415.0
636581188,-0.8634268,-0.013488203,-9.839398,0.23661429,2.7896059,-0.8305453,2,1473.0,1434.0,1437.0,1415.0
636586210,0.79059637,-3.547697,-9.377156,0.23661429,2.7896059,-0.8305453,2,1473.0,1434.0,1437.0,1415.0
636591188,-0.18090145,1.683791,-8.444895,0.23661429,2.7896059,-0.8305453,2,1473.0,1434.0,1437.0,1415.0
636596190,-0.437138,-1.0114908,-10.865626,0.23661429,2.7896059,-0.8305453,2,1473.0,1434.0,1437.0,1415.0
636601210,0.9021439,-1.2214211,-9.656182,0.23661429,2.7896059,-0.8305453,2,1473.0,1434.0,1437.0,1415.0
636606188,-0.74814683,1.3186102,-12.573404,0.23661429,2.7896059,-0.8305453,2,1473.0,1434.0,1437.0,1415.0
636611189,2.0462425,-2.7597573,-8.059057,0.23661429,2.7896059,-0.8305453,2,1473.0,1434.0,1437.0,1415.0
636616210,-0.6121349,1.3728703,-10.10779,0.23661429,2.7896059,-0.8305453,2,1473.0,1434.0,1437.0,1415.0
636621188,-1.5671142,1.4442186,-9.877502,0.23661429,2.7896059,-0.8305453,2,1473.0,1434.0,1437.0,1415.0
636626188,1.3407428,-2.1659951,-9.933534,0.23661429,2.7896059,-0.8305453,2,1473.0,1434.0,1437.0,1415.0
636631211,-1.1890279,-0.021740891,-10.39279,0.23661429,2.7896059,-0.8305453,2,1473.0,1434.0,1437.0,1415.0
636636188,0.27501315,0.4690592,-9.8141165,0.23661429,2.7896059,-0.8305453,2,1473.0,1434.0,1437.0,1415.0
636641188,0.44436082,-0.60123694,-10.918199,0.23661429,2.7896059,-0.8305453,2,1473.0,1434.0,1437.0,1415.0
636646213,-1.1380801,1.4090788,-12.104133,0.23661429,2.7896059,-0.8305453,2,1473.0,1434.0,1437.0,1415.0
636651187,0.31663492,0.31118882,-10.653416,0.23661429,2.7896059,-0.8305453,2,1473.0,1434.0,1437.0,1415.0
636656187,0.7362151,0.035235133,-9.934205,0.23661429,2.7896059,-0.8305453,2,1473.0,1434.0,1437.0,1415.0
636661211,-0.9211523,-1.0335208,-11.963653,0.23661429,2.7896059,-0.8305453,2,1473.0,1434.0,1437.0,1415.0
636666188,-0.7082031,0.45887837,-10.318915,0.24451268,2.7942317,-0.83579135,2,1473.0,1434.0,1437.0,1415.0
636671188,0.88729125,1.8683115,-11.30533,0.24451268,2.7942317,-0.83579135,2,1516.0,1410.0,1471.0,1433.0
636676210,-0.30056134,-2.1431386,-10.653285,0.24451268,2.7942317,-0.83579135,2,1516.0,1410.0,1471.0,1433.0
636681189,-0.3667919,-0.27897537,-11.204934,0.24451268,2.7942317,-0.83579135,2,1516.0,1410.0,1471.0,1433.0
636686187,-1.9284621,0.7464274,-9.740896,0.24451268,2.7942317,-0.83579135,2,1516.0,1410.0,1471.0,1433.0
636691211,0.21209306,-1.9030982,-9.792426,0.24451268,2.7942317,-0.83579135,2,1516.0,1410.0,1471.0,1433.0
636696188,-0.7976995,-0.31865382,-10.417685,0.24451268,2.7942317,-0.83579135,2,1516.0,1410.0,1471.0,1433.0
636701188,-0.72360003,0.69707704,-10.132311,0.24451268,2.7942317,-0.83579135,2,1516.0,1410.0,1471.0,1433.0
636706210,0.09023472,-5.8822603,-9.67631,0.24451268,2.7942317,-0.83579135,2,1516.0,1410.0,1471.0,1433.0
636711188,-1.817897,0.6028077,-9.7489395,0.24451268,2.7942317,-0.83579135,2,1516.0,1410.0,1471.0,1433.0
636716186,-0.12582928,-0.8577517,-9.848168,0.24451268,2.7942317,-0.83579135,2,1516.0,1410.0,1471.0,1433.0
636721211,1.6474206,-0.6622441,-10.546128,0.24451268,2.7942317,-0.83579135,2,1516.0,1410.0,1471.0,1433.0
636726188,-2.3436735,-0.46379042,-9.9152565,0.24451268,2.7942317,-0.83579135,2,1516.0,1410.0,1471.0,1433.0
636731188,-1.386559,-1.8619345,-10.563855,0.24451268,2.7942317,-0.83579135,2,1516.0,1410.0,1471.0,1433.0
636736210,0.81375414,0.35440925,-10.664726,0.24451268,2.7942317,-0.83579135,2,1516.0,1410.0,1471.0,1433.0
636741188,-0.19715314,0.53183424,-9.324344,0.24451268,2.7942317,-0.83579135,2,1516.0,1410.0,1471.0,1433.0
636746187,-0.55754197,-0.35968947,-10.764814,0.24451268,2.7942317,-0.83579135,2,1516.0,1410.0,1471.0,1433.0
636751211,0.5308842,1.0792719,-12.6447115,0.24451268,2.7942317,-0.83579135,2,1516.0,1410.0,1471.0,1433.0
636756188,-0.34310699,-1.014232,-9.897234,0.24451268,2.7942317,-0.83579135,2,1516.0,1410.0,1471.0,1433.0
636761193,-1.5164702,0.64120984,-11.974911,0.24451268,2.7942317,-0.83579135,2,1516.0,1410.0,1471.0,1433.0
636766210,0.7195652,-0.1474031,-11.621825,0.24451268,2.7942317,-0.83579135,2,1516.0,1410.0,1471.0,1433.0
636771189,-1.4202597,-1.526115,-10.9996195,0.24451268,2.7942317,-0.83579135,2,1516.0,1410.0,1471.0,1433.0
636776187,1.0850627,0.74846274,-12.28785,0.25948247,2.7994804,-0.8477648,2,1555.0,1465.0,1466.0,1399.0
636781211,-0.20292899,-1.7499362,-10.410553,0.25948247,2.7994804,-0.8477648,2,1555.0,1465.0,1466.0,1399.0
636786188,-1.7080185,-0.38946033,-10.4992075,0.25948247,2.7994804,-0.8477648,2,1555.0,1465.0,1466.0,1399.0
636791188,0.7709051,-0.49234256,-13.020426,0.25948247,2.7994804,-0.8477648,2,1555.0,1465.0,1466.0,1399.0
636796210,-0.9172116,0.91792196,-10.588995,0.25948247,2.7994804,-0.8477648,2,1555.0,1465.0,1466.0,1399.0
636801188,-0.05306841,-0.027145524,-10.716691,0.25948247,2.7994804,-0.8477648,2,1555.0,1465.0,1466.0,1399.0
636806187,0.038902767,-0.25255287,-10.646645,0.25948247,2.7994804,-0.8477648,2,1555.0,1465.0,1466.0,1399.0
636811211,-1.5340909,-0.09665795,-11.38247,0.25948247,2.7994804,-0.8477648,2,1555.0,1465.0,1466.0,1399.0
636816188,-0.8382673,-0.19357285,-9.495294,0.25948247,2.7994804,-0.8477648,2,1555.0,1465.0,1466.0,1399.0
636821187,-1.0034195,0.08564375,-9.602786,0.25948247,2.7994804,-0.8477648,2,1555.0,1465.0,1466.0,1399.0
636826210,-0.17128311,0.40515396,-11.904011,0.25948247,2.7994804,-0.8477648,2,1555.0,1465.0,1466.0,1399.0
636831188,0.3588284,-1.7340906,-8.958544,0.25948247,2.7994804,-0.8477648,2,1555.0,1465.0,1466.0,1399.0
636836187,0.72834635,0.7292434,-10.707399,0.25948247,2.7994804,-0.8477648,2,1555.0,1465.0,1466.0,1399.0
636841210,-1.2603303,-2.1396656,-9.847548,0.25948247,2.7994804,-0.8477648,2,1555.0,1465.0,1466.0,1399.0
636846188,0.9856827,1.6304498,-9.159861,0.25948247,2.7994804,-0.8477648,2,1555.0,1465.0,1466.0,1399.0
636851188,-0.2556278,-0.27569357,-10.351413,0.25948247,2.7994804,-0.8477648,2,1555.0,1465.0,1466.0,1399.0
636856210,-0.939625,-1.44356,-9.883707,0.25948247,2.7994804,-0.8477648,2,1555.0,1465.0,1466.0,1399.0
636861188,0.5591415,2.2671893,-10.208022,0.25948247,2.7994804,-0.8477648,2,1555.0,1465.0,1466.0,1399.0
636866186,-0.57813835,-1.7832036,-8.705381,0.27591914,2.8034282,-0.8653009,2,1555.0,1465.0,1466.0,1399.0
636871211,-1.1706474,0.51987326,-10.979088,0.27591914,2.8034282,-0.8653009,2,1490.0,1434.0,1499.0,1435.0
636876188,1.7230603,0.58191824,-9.677061,0.27591914,2.8034282,-0.8653009,2,1490.0,1434.0,1499.0,1435.0
636881188,-1.101077,-0.5805281,-9.137561,0.27591914,2.8034282,-0.8653009,2,1490.0,1434.0,1499.0,1435.0
636886210,1.1599736,-1.7979364,-9.131801,0.27591914,2.8034282,-0.8653009,2,1490.0,1434.0,1499.0,1435.0
636891189,-0.23415492,1.5221944,-10.142382,0.27591914,2.8034282,-0.8653009,2,1490.0,1434.0,1499.0,1435.0
636896186,-0.60297537,0.18922146,-9.443648,0.27591914,2.8034282,-0.8653009,2,1490.0,1434.0,1499.0,1435.0
636901211,-0.35571626,0.27538323,-9.634576,0.27591914,2.8034282,-0.8653009,2,1490.0,1434.0,1499.0,1435.0
636906188,0.011215723,-0.8154445,-9.397559,0.27591914,2.8034282,-0.8653009,2,1490.0,1434.0,1499.0,1435.0
636911188,0.67293924,-1.0351888,-9.485559,0.27591914,2.8034282,-0.8653009,2,1490.0,1434.0,1499.0,1435.0
636916210,-2.2187004,0.61576104,-9.651384,0.27591914,2.8034282,-0.8653009,2,1490.0,1434.0,1499.0,1435.0
636921188,0.60643625,-2.983385,-10.568099,0.27591914,2.8034282,-0.8653009,2,1490.0,1434.0,1499.0,1435.0
636926187,-0.38468602,-1.5894642,-8.997765,0.27591914,2.8034282,-0.8653009,2,1490.0,1434.0,1499.0,1435.0
636931211,-0.6002393,1.3005842,-11.311104,0.27591914,2.8034282,-0.8653009,2,1490.0,1434.0,1499.0,1435.0
636936188,-0.646208,-0.15610375,-10.266298,0.27591914,2.8034282,-0.8653009,2,1490.0,1434.0,1499.0,1435.0
636941188,0.6109891,-1.7878603,-8.521404,0.27591914,2.8034282,-0.8653009,2,1490.0,1434.0,1499.0,1435.0
636946210,0.31867576,0.096792616,-10.042176,0.27591914,2.8034282,-0.8653009,2,1490.0,1434.0,1499.0,1435.0
636951188,-1.7330543,0.960068,-10.092948,0.27591914,2.8034282,-0.8653009,2,1490.0,1434.0,1499.0,1435.0
636956187,1.7287366,-1.1614507,-8.959815,0.27591914,2.8034282,-0.8653009,2,1490.0,1434.0,1499.0,1435.0
636961211,-1.049858,-0.040944856,-9.298694,0.27591914,2.8034282,-0.8653009,2,1490.0,1434.0,1499.0,1435.0
636966188,-0.41745898,-0.25695327,-9.716507,0.27591914,2.8034282,-0.8653009,2,1490.0,1434.0,1499.0,1435.0
636971187,-0.6503561,0.50338566,-8.186008,0.27591914,2.8034282,-0.8653009,2,1490.0,1434.0,1499.0,1435.0
636976210,-2.0675604,-0.07318008,-11.159406,0.2980592,2.8096647,-0.88681114,2,1476.0,1422.0,1473.0,1474.0
636981188,0.89436144,0.3794872,-9.827578,0.2980592,2.8096647,-0.88681114,2,1476.0,1422.0,1473.0,1474.0
636986187,-0.46417966,0.32654026,-10.4998865,0.2980592,2.8096647,-0.88681114,2,1476.0,1422.0,1473.0,1474.0
636991211,-1.9527347,-2.2273908,-10.915939,0.2980592,2.8096647,-0.88681114,2,1476.0,1422.0,1473.0,1474.0
636996188,0.100645304,2.143385,-9.3407135,0.2980592,2.8096647,-0.88681114,2,1476.0,1422.0,1473.0,1474.0
637001190,1.5554783,0.17941034,-9.121358,0.2980592,2.8096647,-0.88681114,2,1476.0,1422.0,1473.0,1474.0
637006210,-1.3405243,-2.314206,-8.537082,0.2980592,2.8096647,-0.88681114,2,1476.0,1422.0,1473.0,1474.0
637011188,-0.22082339,1.261891,-10.001465,0.2980592,2.8096647,-0.88681114,2,1476.0,1422.0,1473.0,1474.0
637016187,-0.24127282,-0.9358157,-9.02775,0.2980592,2.8096647,-0.88681114,2,1476.0,1422.0,1473.0,1474.0
637021211,0.22895397,-1.1016496,-7.0256286,0.2980592,2.8096647,-0.88681114,2,1476.0,1422.0,1473.0,1474.0
637026188,-0.9324576,0.47249156,-9.858866,0.2980592,2.8096647,-0.88681114,2,1476.0,1422.0,1473.0,1474.0
637031187,-0.088136576,-0.548668,-8.325947,0.2980592,2.8096647,-0.88681114,2,1476.0,1422.0,1473.0,1474.0
637036210,0.23697545,0.17175314,-8.902271,0.2980592,2.8096647,-0.88681114,2,1476.0,1422.0,1473.0,1474.0
637041188,-0.26985484,0.18882969,-9.036696,0.2980592,2.8096647,-0.88681114,2,1476.0,1422.0,1473.0,1474.0
637046187,0.20057857,-0.20120102,-9.556749,0.2980592,2.8096647,-0.88681114,2,1476.0,1422.0,1473.0,1474.0
637051211,-0.48065162,-0.41577163,-8.666784,0.2980592,2.8096647,-0.88681114,2,1476.0,1422.0,1473.0,1474.0
637056188,-1.2632483,0.26034772,-9.056992,0.2980592,2.8096647,-0.88681114,2,1476.0,1422.0,1473.0,1474.0
637061187,0.9459835,-0.47753197,-8.809024,0.2980592,2.8096647,-0.88681114,2,1476.0,1422.0,1473.0,1474.0
637066210,-0.55407304,0.8611911,-9.8703785,0.31666246,2.8135695,-0.901865,2,1476.0,1422.0,1473.0,1474.0
637071188,-0.34492528,-1.9934101,-9.663366,0.31666246,2.8135695,-0.901865,2,1499.0,1454.0,1458.0,1444.0
637076187,1.1422269,-1.3804395,-8.388843,0.31666246,2.8135695,-0.901865,2,1499.0,1454.0,1458.0,1444.0
637081211,-1.8344682,0.9913023,-10.089377,0.31666246,2.8135695,-0.901865,2,1499.0,1454.0,1458.0,1444.0
637086188,-0.012851765,-0.9446218,-8.715511,0.31666246,2.8135695,-0.901865,2,1499.0,1454.0,1458.0,1444.0
637091188,0.004937447,-0.71328217,-8.542111,0.31666246,2.8135695,-0.901865,2,1499.0,1454.0,1458.0,1444.0
637096211,0.84770834,-0.32883143,-10.1732435,0.31666246,2.8135695,-0.901865,2,1499.0,1454.0,1458.0,1444.0
637101188,-1.3858522,-0.7840701,-8.764354,0.31666246,2.8135695,-0.901865,2,1499.0,1454.0,1458.0,1444.0
637106187,0.0219485,0.20037581,-9.003894,0.31666246,2.8135695,-0.901865,2,1499.0,1454.0,1458.0,1444.0
637111211,0.99510956,0.4318724,-9.451907,0.31666246,2.8135695,-0.901865,2,1499.0,1454.0,1458.0,1444.0
637116188,-1.5655003,0.37260404,-9.513824,0.31666246,2.8135695,-0.901865,2,1499.0,1454.0,1458.0,1444.0
637121188,-0.034835387,3.009553,-10.234835,0.31666246,2.8135695,-0.901865,2,1499.0,1454.0,1458.0,1444.0
637126213,0.49282634,-1.1528714,-8.997065,0.31666246,2.8135695,-0.901865,2,1499.0,1454.0,1458.0,1444.0
637131188,-1.0817388,-0.2153135,-9.013425,0.31666246,2.8135695,-0.901865,2,1499.0,1454.0,1458.0,1444.0
637136186,0.19423287,1.6985093,-9.472483,0.31666246,2.8135695,-0.901865,2,1499.0,1454.0,1458.0,1444.0
637141211,-0.15766829,-3.2053707,-8.526338,0.31666246,2.8135695,-0.901865,2,1499.0,1454.0,1458.0,1444.0
637146188,-0.56082124,0.85981745,-9.178959,0.31666246,2.8135695,-0.901865,2,1499.0,1454.0,1458.0,1444.0
637151187,0.9973031,1.4616219,-9.708322,0.31666246,2.8135695,-0.901865,2,1499.0,1454.0,1458.0,1444.0
637156211,-0.67890996,-1.4060619,-8.688761,0.31666246,2.8135695,-0.901865,2,1499.0,1454.0,1458.0,1444.0
637161188,-0.3226527,0.16448072,-9.592657,0.31666246,2.8135695,-0.901865,2,1499.0,1454.0,1458.0,1444.0
637166187,0.9427003,0.50984937,-9.252317,0.31666246,2.8135695,-0.901865,2,1499.0,1454.0,1458.0,1444.0
637171211,-1.8498795,1.0005207,-10.654393,0.31666246,2.8135695,-0.901865,2,1499.0,1454.0,1458.0,1444.0
637176188,-0.93582696,-0.2452403,-10.051026,0.339205,2.817079,-0.912465,2,1485.0,1484.0,1482.0,1480.0
637181188,1.5044504,-0.40692872,-8.824888,0.339205,2.817079,-0.912465,2,1485.0,1484.0,1482.0,1480.0
637186211,-0.34330583,-0.48333997,-9.60308,0.339205,2.817079,-0.912465,2,1485.0,1484.0,1482.0,1480.0
637191188,-1.9043534,-0.43698224,-10.337531,0.339205,2.817079,-0.912465,2,1485.0,1484.0,1482.0,1480.0
637196187,-0.61221397,-0.82669914,-9.813823,0.339205,2.817079,-0.912465,2,1485.0,1484.0,1482.0,1480.0
637201211,0.10394885,0.34338424,-9.362801,0.339205,2.817079,-0.912465,2,1485.0,1484.0,1482.0,1480.0
637206188,-0.9121796,0.06854598,-9.953004,0.339205,2.817079,-0.912465,2,1485.0,1484.0,1482.0,1480.0
637211187,1.2191142,0.14129238,-10.499598,0.339205,2.817079,-0.912465,2,1485.0,1484.0,1482.0,1480.0
637216211,-2.1868382,-0.95259124,-8.732372,0.339205,2.817079,-0.912465,2,1485.0,1484.0,1482.0,1480.0
637221188,1.0810801,1.1410246,-11.040982,0.339205,2.817079,-0.912465,2,1485.0,1484.0,1482.0,1480.0
637226187,-0.31489003,0.26465252,-9.676564,0.339205,2.817079,-0.912465,2,1485.0,1484.0,1482.0,1480.0
637231211,0.2148214,0.17945856,-9.57899,0.339205,2.817079,-0.912465,2,1485.0,1484.0,1482.0,1480.0
637236188,0.26306415,-1.439413,-9.796846,0.339205,2.817079,-0.912465,2,1485.0,1484.0,1482.0,1480.0
637241187,-1.204308,-0.09648529,-8.7198925,0.339205,2.817079,-0.912465,2,1485.0,1484.0,1482.0,1480.0
637246211,0.87805665,1.3523067,-10.69352,0.339205,2.817079,-0.912465,2,1485.0,1484.0,1482.0,1480.0
637251188,0.0010787444,-1.1920223,-9.210402,0.339205,2.817079,-0.912465,2,1485.0,1484.0,1482.0,1480.0
637256187,-1.4462409,-0.1873783,-9.933439,0.339205,2.817079,-0.912465,2,1485.0,1484.0,1482.0,1480.0
637261205,-0.21624972,-0.28705987,-10.443158,0.339205,2.817079,-0.912465,2,1485.0,1484.0,1482.0,1480.0
637266188,-0.6786803,0.5134256,-9.468278,0.339205,2.817079,-0.912465,2,1485.0,1484.0,1482.0,1480.0
637271188,1.0284454,1.2427038,-10.028227,0.339205,2.817079,-0.912465,2,1485.0,1484.0,1482.0,1480.0
637276211,-0.61850274,-2.118712,-8.0583105,0.35551956,2.8175085,-0.9186899,2,1495.0,1476.0,1494.0,1487.0
637281188,0.02912951,1.8881333,-10.841759,0.35551956,2.8175085,-0.9186899,2,1495.0,1476.0,1494.0,1487.0
637286186,-0.16366172,-1.0943847,-9.574107,0.35551956,2.8175085,-0.9186899,2,1495.0,1476.0,1494.0,1487.0
637291212,-0.42865825,-0.4268035,-9.486658,0.35551956,2.8175085,-0.9186899,2,1495.0,1476.0,1494.0,1487.0
637296189,0.38850954,-1.1544203,-9.930864,0.35551956,2.8175085,-0.9186899,2,1495.0,1476.0,1494.0,1487.0
637301188,-1.7385201,1.2981386,-10.005101,0.35551956,2.8175085,-0.9186899,2,1495.0,1476.0,1494.0,1487.0
637306210,1.4188801,0.058131076,-10.79679,0.35551956,2.8175085,-0.9186899,2,1495.0,1476.0,1494.0,1487.0
637311189,-0.25165984,-1.3946879,-8.8649845,0.35551956,2.8175085,-0.9186899,2,1495.0,1476.0,1494.0,1487.0
637316186,-0.4973816,1.0201713,-9.611556,0.35551956,2.8175085,-0.9186899,2,1495.0,1476.0,1494.0,1487.0
637321211,-0.10580779,-1.0723995,-9.607072,0.35551956,2.8175085,-0.9186899,2,1495.0,1476.0,1494.0,1487.0
637326188,-0.49883118,0.19386913,-10.353574,0.35551956,2.8175085,-0.9186899,2,1495.0,1476.0,1494.0,1487.0
637331187,0.040374972,-1.6644804,-8.7405615,0.35551956,2.8175085,-0.9186899,2,1495.0,1476.0,1494.0,1487.0
637336211,-0.87857115,0.9171401,-8.762743,0.35551956,2.8175085,-0.9186899,2,1495.0,1476.0,1494.0,1487.0
637341188,0.737959,-1.9880834,-9.416051,0.35551956,2.8175085,-0.9186899,2,1495.0,1476.0,1494.0,1487.0
637346187,0.45493016,-0.28706893,-10.767064,0.35551956,2.8175085,-0.9186899,2,1495.0,1476.0,1494.0,1487.0
637351211,-1.1174943,1.0833164,-9.51872,0.35551956,2.8175085,-0.9186899,2,1495.0,1476.0,1494.0,1487.0
637356187,0.054425478,-0.47315678,-9.713887,0.35551956,2.8175085,-0.9186899,2,1495.0,1476.0,1494.0,1487.0
637361187,-0.19956526,-0.424782,-10.272697,0.35551956,2.8175085,-0.9186899,2,1495.0,1476.0,1494.0,1487.0
637366211,0.04724989,0.0652415,-10.131159,0.366776,2.8156273,-0.92311394,2,1495.0,1476.0,1494.0,1487.0
637371187,0.21767876,0.90941983,-10.037858,0.366776,2.8156273,-0.92311394,2,1516.0,1496.0,1487.0,1500.0
637376187,0.47391,-2.6543543,-9.707517,0.366776,2.8156273,-0.92311394,2,1516.0,1496.0,1487.0,1500.0
637381213,-1.123126,1.776717,-10.104127,0.366776,2.8156273,-0.92311394,2,1516.0,1496.0,1487.0,1500.0
637386186,0.8513674,0.09785672,-10.475143,0.366776,2.8156273,-0.92311394,2,1516.0,1496.0,1487.0,1500.0
637391188,-1.0897472,-2.136957,-9.336253,0.366776,2.8156273,-0.92311394,2,1516.0,1496.0,1487.0,1500.0
637396211,0.065919794,1.161151,-10.2891655,0.366776,2.8156273,-0.92311394,2,1516.0,1496.0,1487.0,1500.0
637401188,0.2906027,-1.0936414,-10.407146,0.366776,2.8156273,-0.92311394,2,1516.0,1496.0,1487.0,1500.0
637406187,-0.77083755,0.67441434,-9.646205,0.366776,2.8156273,-0.92311394,2,1516.0,1496.0,1487.0,1500.0
637411213,0.12727924,0.45561004,-10.68465,0.366776,2.8156273,-0.92311394,2,1516.0,1496.0,1487.0,1500.0
637416187,0.369109,-2.0402253,-10.370855,0.366776,2.8156273,-0.92311394,2,1516.0,1496.0,1487.0,1500.0
637421188,-1.6261157,1.6320902,-9.383242,0.366776,2.8156273,-0.92311394,2,1516.0,1496.0,1487.0,1500.0
637426211,1.4290084,-0.22471905,-10.412341,0.366776,2.8156273,-0.92311394,2,1516.0,1496.0,1487.0,1500.0
637431188,-0.57489365,-0.59388775,-10.057659,0.366776,2.8156273,-0.92311394,2,1516.0,1496.0,1487.0,1500.0
637436187,0.16360047,0.024153827,-10.313978,0.366776,2.8156273,-0.92311394,2,1516.0,1496.0,1487.0,1500.0
637441212,0.2019743,-0.35789442,-9.909836,0.366776,2.8156273,-0.92311394,2,1516.0,1496.0,1487.0,1500.0
637446187,0.26677734,0.025256788,-10.2453,0.366776,2.8156273,-0.92311394,2,1516.0,1496.0,1487.0,1500.0
637451187,-1.4167594,0.30544806,-9.537151,0.366776,2.8156273,-0.92311394,2,1516.0,1496.0,1487.0,1500.0
637456211,1.0183187,0.50422525,-10.993875,0.366776,2.8156273,-0.92311394,2,1516.0,1496.0,1487.0,1500.0
637461188,-1.0883049,-2.2071955,-9.75221,0.366776,2.8156273,-0.92311394,2,1516.0,1496.0,1487.0,1500.0
637466188,0.07456954,2.337885,-11.025379,0.366776,2.8156273,-0.92311394,2,1516.0,1496.0,1487.0,1500.0
637471212,1.204108,-1.0522882,-10.12587,0.366776,2.8156273,-0.92311394,2,1516.0,1496.0,1487.0,1500.0
637476187,-2.2917914,0.13044742,-10.724222,0.37693986,2.8116176,-0.9290625,2,1535.0,1519.0,1504.0,1491.0
637481188,0.6292288,0.7727697,-10.724818,0.37693986,2.8116176,-0.9290625,2,1535.0,1519.0,1504.0,1491.0
637486211,-0.38340276,-1.4894328,-9.213971,0.37693986,2.8116176,-0.9290625,2,1535.0,1519.0,1504.0,1491.0
637491187,-0.74451035,-0.6637257,-9.557221,0.37693986,2.8116176,-0.9290625,2,1535.0,1519.0,1504.0,1491.0
637496188,1.09742,0.87158674,-11.495236,0.37693986,2.8116176,-0.9290625,2,1535.0,1519.0,1504.0,1491.0
637501212,-1.2369599,-0.39615026,-9.703241,0.37693986,2.8116176,-0.9290625,2,1535.0,1519.0,1504.0,1491.0
637506187,-0.71725214,-1.2260044,-10.06969,0.37693986,2.8116176,-0.9290625,2,1535.0,1519.0,1504.0,1491.0
637511188,1.8054103,0.317337,-9.86316,0.37693986,2.8116176,-0.9290625,2,1535.0,1519.0,1504.0,1491.0
637516211,-1.0304041,-0.4149411,-9.969427,0.37693986,2.8116176,-0.9290625,2,1535.0,1519.0,1504.0,1491.0
637521187,-1.0550342,1.1549491,-11.14037,0.37693986,2.8116176,-0.9290625,2,1535.0,1519.0,1504.0,1491.0
637526187,-0.50841975,-1.5572746,-9.672923,0.37693986,2.8116176,-0.9290625,2,1535.0,1519.0,1504.0,1491.0
637531212,-0.019184832,0.6568351,-10.04675,0.37693986,2.8116176,-0.9290625,2,1535.0,1519.0,1504.0,1491.0
637536187,0.4261587,0.1707758,-11.18066,0.37693986,2.8116176,-0.9290625,2,1535.0,1519.0,1504.0,1491.0
637541188,-0.61981845,0.70200443,-10.82047,0.37693986,2.8116176,-0.9290625,2,1535.0,1519.0,1504.0,1491.0
637546211,-1.9283432,-0.07697722,-10.389943,0.37693986,2.8116176,-0.9290625,2,1535.0,1519.0,1504.0,1491.0
637551188,1.0723262,-0.3789317,-10.893139,0.37693986,2.8116176,-0.9290625,2,1535.0,1519.0,1504.0,1491.0
637556187,-0.044539414,-1.2832034,-9.50678,0.37693986,2.8116176,-0.9290625,2,1535.0,1519.0,1504.0,1491.0
637561211,-0.7437199,2.5543091,-10.755402,0.37693986,2.8116176,-0.9290625,2,1535.0,1519.0,1504.0,1491.0
637566187,0.17933643,-0.48726466,-10.729789,0.38150376,2.8067958,-0.9372393,2,1535.0,1519.0,1504.0,1491.0
637571188,0.25114596,-2.9002576,-9.923634,0.38150376,2.8067958,-0.9372393,2,1529.0,1494.0,1512.0,1486.0
637576211,-1.3351777,1.3682842,-9.813718,0.38150376,2.8067958,-0.9372393,2,1529.0,1494.0,1512.0,1486.0
637581188,1.4217474,0.5516585,-10.176842,0.38150376,2.8067958,-0.9372393,2,1529.0,1494.0,1512.0,1486.0
637586188,1.0612628,0.2530803,-9.792237,0.38150376,2.8067958,-0.9372393,2,1529.0,1494.0,1512.0,1486.0
637591211,-2.8469992,0.45988712,-9.625422,0.38150376,2.8067958,-0.9372393,2,1529.0,1494.0,1512.0,1486.0
637596187,1.4748626,-0.8026549,-10.182586,0.38150376,2.8067958,-0.9372393,2,1529.0,1494.0,1512.0,1486.0
637601188,0.9581463,-2.1489787,-9.6597805,0.38150376,2.8067958,-0.9372393,2,1529.0,1494.0,1512.0,1486.0
637606211,-1.8748167,2.0935433,-9.828739,0.38150376,2.8067958,-0.9372393,2,1529.0,1494.0,1512.0,1486.0
637611187,0.9511145,-0.27059454,-10.283396,0.38150376,2.8067958,-0.9372393,2,1529.0,1494.0,1512.0,1486.0
637616188,-0.50477296,-2.2936282,-9.938647,0.38150376,2.8067958,-0.9372393,2,1529.0,1494.0,1512.0,1486.0
637621212,-0.73403907,0.6454591,-10.145199,0.38150376,2.8067958,-0.9372393,2,1529.0,1494.0,1512.0,1486.0
637626186,0.5827065,-0.24735633,-9.642569,0.38150376,2.8067958,-0.9372393,2,1529.0,1494.0,1512.0,1486.0
637631188,-0.39216104,0.51045614,-9.752394,0.38150376,2.8067958,-0.9372393,2,1529.0,1494.0,1512.0,1486.0
637636211,-0.037461802,-1.0679852,-11.097617,0.38150376,2.8067958,-0.9372393,2,1529.0,1494.0,1512.0,1486.0
637641188,-0.60155874,0.21895126,-10.146944,0.38150376,2.8067958,-0.9372393,2,1529.0,1494.0,1512.0,1486.0
637646188,-0.37144276,0.40501738,-9.582841,0.38150376,2.8067958,-0.9372393,2,1529.0,1494.0,1512.0,1486.0
637651211,1.8106852,-1.4327866,-9.505621,0.38150376,2.8067958,-0.9372393,2,1529.0,1494.0,1512.0,1486.0
637656187,-2.5841358,0.47272065,-11.005668,0.38150376,2.8067958,-0.9372393,2,1529.0,1494.0,1512.0,1486.0
637661188,-0.39000967,0.88411015,-10.334515,0.38150376,2.8067958,-0.9372393,2,1529.0,1494.0,1512.0,1486.0
637666211,0.043656208,-0.5718115,-9.850416,0.38150376,2.8067958,-0.9372393,2,1529.0,1494.0,1512.0,1486.0
637671188,-0.31650624,-0.7633505,-9.677835,0.38150376,2.8067958,-0.9372393,2,1529.0,1494.0,1512.0,1486.0
637676192,1.3417894,-0.9037468,-10.012347,0.38245964,2.8000107,-0.95053124,2,1528.0,1510.0,1485.0,1478.0
637681211,-2.4040637,0.22540824,-9.525985,0.38245964,2.8000107,-0.95053124,2,1528.0,1510.0,1485.0,1478.0
637686187,1.1873477,0.63590366,-11.20813,0.38245964,2.8000107,-0.95053124,2,1528.0,1510.0,1485.0,1478.0
637691188,-0.53871083,-1.0748452,-8.106478,0.38245964,2.8000107,-0.95053124,2,1528.0,1510.0,1485.0,1478.0
637696212,-0.30412072,0.6499256,-10.432985,0.38245964,2.8000107,-0.95053124,2,1528.0,1510.0,1485.0,1478.0
637701188,-0.9054841,-0.9148771,-9.439941,0.38245964,2.8000107,-0.95053124,2,1528.0,1510.0,1485.0,1478.0
637706188,0.90033364,0.60766476,-10.342296,0.38245964,2.8000107,-0.95053124,2,1528.0,1510.0,1485.0,1478.0
637711211,-0.7188053,-2.2640538,-9.48504,0.38245964,2.8000107,-0.95053124,2,1528.0,1510.0,1485.0,1478.0
637716187,-1.683206,1.8356359,-9.92926,0.38245964,2.8000107,-0.95053124,2,1528.0,1510.0,1485.0,1478.0
637721188,1.8831422,-0.22059011,-9.986683,0.38245964,2.8000107,-0.95053124,2,1528.0,1510.0,1485.0,1478.0
637726210,-1.224896,-0.44187668,-9.837734,0.38245964,2.8000107,-0.95053124,2,1528.0,1510.0,1485.0,1478.0
637731188,-0.022661213,0.09698002,-9.965747,0.38245964,2.8000107,-0.95053124,2,1528.0,1510.0,1485.0,1478.0
637736188,-0.5696611,0.19574435,-9.490051,0.38245964,2.8000107,-0.95053124,2,1528.0,1510.0,1485.0,1478.0
637741212,-0.011812229,-0.32303137,-10.600489,0.38245964,2.8000107,-0.95053124,2,1528.0,1510.0,1485.0,1478.0
637746187,0.07730977,-0.45802936,-9.35611,0.38245964,2.8000107,-0.95053124,2,1528.0,1510.0,1485.0,1478.0
637751188,-1.0526693,0.6669471,-9.900059,0.38245964,2.8000107,-0.95053124,2,1528.0,1510.0,1485.0,1478.0
637756210,0.5551801,-0.3888329,-10.488552,0.38245964,2.8000107,-0.95053124,2,1528.0,1510.0,1485.0,1478.0
637761206,-0.28309348,0.5315152,-9.672062,0.38245964,2.8000107,-0.95053124,2,1528.0,1510.0,1485.0,1478.0
637766188,-1.6636736,-0.61672884,-9.100462,0.3807807,2.7937212,-0.9622238,2,1528.0,1510.0,1485.0,1478.0
637771211,2.3515198,-0.78707343,-9.936391,0.3807807,2.7937212,-0.9622238,2,1535.0,1513.0,1489.0,1480.0
637776187,-1.6305465,-0.16073877,-9.735234,0.3807807,2.7937212,-0.9622238,2,1535.0,1513.0,1489.0,1480.0
637781190,-0.38623303,0.9210941,-9.69964,0.3807807,2.7937212,-0.9622238,2,1535.0,1513.0,1489.0,1480.0
637786210,-0.075413115,-1.2481992,-9.711497,0.3807807,2.7937212,-0.9622238,2,1535.0,1513.0,1489.0,1480.0
637791187,1.3345765,-0.63448673,-9.456382,0.3807807,2.7937212,-0.9622238,2,1535.0,1513.0,1489.0,1480.0
637796191,-0.44426703,-0.015154771,-9.913525,0.3807807,2.7937212,-0.9622238,2,1535.0,1513.0,1489.0,1480.0
637801211,-0.8625995,1.7942326,-10.848097,0.3807807,2.7937212,-0.9622238,2,1535.0,1513.0,1489.0,1480.0
637806187,0.42253742,-1.6669272,-9.435881,0.3807807,2.7937212,-0.9622238,2,1535.0,1513.0,1489.0,1480.0
637811188,0.021585833,-2.1232622,-9.618768,0.3807807,2.7937212,-0.9622238,2,1535.0,1513.0,1489.0,1480.0
637816210,-0.13542268,2.1057856,-9.857012,0.3807807,2.7937212,-0.9622238,2,1535.0,1513.0,1489.0,1480.0
637821188,0.59646493,-0.88767254,-10.576841,0.3807807,2.7937212,-0.9622238,2,1535.0,1513.0,1489.0,1480.0
637826188,-1.2991077,-1.4643273,-9.346296,0.3807807,2.7937212,-0.9622238,2,1535.0,1513.0,1489.0,1480.0
637831211,0.44059277,0.04816985,-10.27061,0.3807807,2.7937212,-0.9622238,2,1535.0,1513.0,1489.0,1480.0
637836187,0.23263396,0.6607268,-9.647319,0.3807807,2.7937212,-0.9622238,2,1535.0,1513.0,1489.0,1480.0
637841188,-1.4355407,-0.25746837,-10.4906,0.3807807,2.7937212,-0.9622238,2,1535.0,1513.0,1489.0,1480.0
637846210,1.0634173,1.2181581,-10.563237,0.3807807,2.7937212,-0.9622238,2,1535.0,1513.0,1489.0,1480.0
637851188,-1.170215,-1.4220774,-8.977406,0.3807807,2.7937212,-0.9622238,2,1535.0,1513.0,1489.0,1480.0
637856187,0.38799956,-0.96729195,-10.218895,0.3807807,2.7937212,-0.9622238,2,1535.0,1513.0,1489.0,1480.0
637861211,-1.6224157,1.6605808,-9.353473,0.3807807,2.7937212,-0.9622238,2,1535.0,1513.0,1489.0,1480.0
637866188,2.1236188,0.07838019,-10.321541,0.3807807,2.7937212,-0.9622238,2,1535.0,1513.0,1489.0,1480.0
637871188,-1.3912938,-1.3900058,-9.501224,0.3807807,2.7937212,-0.9622238,2,1535.0,1513.0,1489.0,1480.0
637876210,-0.68990225,-0.5479983,-9.923579,0.37567165,2.7862897,-0.9758042,2,1522.0,1514.0,1476.0,1477.0
637881188,-0.36520925,1.5114877,-10.051734,0.37567165,2.7862897,-0.9758042,2,1522.0,1514.0,1476.0,1477.0
637886188,1.2025064,-1.5345703,-9.817751,0.37567165,2.7862897,-0.9758042,2,1522.0,1514.0,1476.0,1477.0
637891211,-1.5558796,0.10574929,-9.314638,0.37567165,2.7862897,-0.9758042,2,1522.0,1514.0,1476.0,1477.0
637896188,0.2664381,-0.2585435,-10.5521145,0.37567165,2.7862897,-0.9758042,2,1522.0,1514.0,1476.0,1477.0
637901192,0.39750844,-0.41335765,-9.700107,0.37567165,2.7862897,-0.9758042,2,1522.0,1514.0,1476.0,1477.0
637906210,-1.7302884,-0.281901,-9.560192,0.37567165,2.7862897,-0.9758042,2,1522.0,1514.0,1476.0,1477.0
637911188,1.1694864,-0.15147845,-10.090109,0.37567165,2.7862897,-0.9758042,2,1522.0,1514.0,1476.0,1477.0
637916188,-0.5587478,-1.0770506,-9.998621,0.37567165,2.7862897,-0.9758042,2,1522.0,1514.0,1476.0,1477.0
637921212,-0.0776322,0.65997237,-10.311323,0.37567165,2.7862897,-0.9758042,2,1522.0,1514.0,1476.0,1477.0
637926187,-0.869533,0.68145585,-9.523564,0.37567165,2.7862897,-0.9758042,2,1522.0,1514.0,1476.0,1477.0
637931188,0.9454062,-2.2485683,-10.244298,0.37567165,2.7862897,-0.9758042,2,1522.0,1514.0,1476.0,1477.0
637936210,-0.99817777,0.57051295,-9.631952,0.37567165,2.7862897,-0.9758042,2,1522.0,1514.0,1476.0,1477.0
637941188,0.22129507,0.4548844,-10.756027,0.37567165,2.7862897,-0.9758042,2,1522.0,1514.0,1476.0,1477.0
637946188,0.13269457,-1.1233076,-10.319942,0.37567165,2.7862897,-0.9758042,2,1522.0,1514.0,1476.0,1477.0
637951211,-0.091031946,-0.56735444,-8.9474325,0.37567165,2.7862897,-0.9758042,2,1522.0,1514.0,1476.0,1477.0
637956188,-0.2510493,-0.91017896,-11.138079,0.37567165,2.7862897,-0.9758042,2,1522.0,1514.0,1476.0,1477.0
637961188,-0.2817851,1.3171177,-10.30053,0.37567165,2.7862897,-0.9758042,2,1522.0,1514.0,1476.0,1477.0
637966210,0.10146882,-1.0446405,-9.745472,0.37567165,2.7862897,-0.9758042,2,1522.0,1514.0,1476.0,1477.0
637971188,-2.1785734,-0.30893686,-10.344915,0.37567165,2.7862897,-0.9758042,2,1522.0,1514.0,1476.0,1477.0
637976188,1.9217674,1.2264627,-10.694722,0.3691251,2.780152,-0.9883157,2,1543.0,1516.0,1502.0,1489.0
637981211,0.013517858,-2.3272843,-9.444616,0.3691251,2.780152,-0.9883157,2,1543.0,1516.0,1502.0,1489.0
637986187,-1.915539,1.6666304,-11.080327,0.3691251,2.780152,-0.9883157,2,1543.0,1516.0,1502.0,1489.0
637991190,0.8361132,-0.9824854,-10.120472,0.3691251,2.780152,-0.9883157,2,1543.0,1516.0,1502.0,1489.0
637996210,-1.2123814,-0.3877724,-9.915827,0.3691251,2.780152,-0.9883157,2,1543.0,1516.0,1502.0,1489.0
638001188,1.5226309,-1.2875779,-9.3631935,0.3691251,2.780152,-0.9883157,2,1543.0,1516.0,1502.0,1489.0
638006188,-0.9684583,0.9173746,-10.574826,0.3691251,2.780152,-0.9883157,2,1543.0,1516.0,1502.0,1489.0
638011211,-0.32597223,-0.22823744,-10.081373,0.3691251,2.780152,-0.9883157,2,1543.0,1516.0,1502.0,1489.0
638016188,-0.84780943,-1.8007333,-10.121245,0.3691251,2.780152,-0.9883157,2,1543.0,1516.0,1502.0,1489.0
638021188,1.343123,1.8090361,-9.834116,0.3691251,2.780152,-0.9883157,2,1543.0,1516.0,1502.0,1489.0
638026210,0.20602933,-2.24237,-9.731129,0.3691251,2.780152,-0.9883157,2,1543.0,1516.0,1502.0,1489.0
638031188,-1.867956,1.1521318,-10.388767,0.3691251,2.780152,-0.9883157,2,1543.0,1516.0,1502.0,1489.0
638036187,1.1156431,-1.0489756,-10.131852,0.3691251,2.780152,-0.9883157,2,1543.0,1516.0,1502.0,1489.0
638041211,-1.1243393,0.52291304,-9.277826,0.3691251,2.780152,-0.9883157,2,1543.0,1516.0,1502.0,1489.0
638046188,0.78179395,-2.2969918,-9.728145,0.3691251,2.780152,-0.9883157,2,1543.0,1516.0,1502.0,1489.0
638051189,-0.27180353,1.52698,-11.279266,0.3691251,2.780152,-0.9883157,2,1543.0,1516.0,1502.0,1489.0
638056210,-0.30129075,-0.1640717,-10.664926,0.3691251,2.780152,-0.9883157,2,1543.0,1516.0,1502.0,1489.0
638061188,-0.7609041,-1.2443846,-9.504309,0.3691251,2.780152,-0.9883157,2,1543.0,1516.0,1502.0,1489.0
638066188,1.1103814,0.39169815,-9.679821,0.3624419,2.775487,-1.0014071,2,1543.0,1516.0,1502.0,1489.0
638071211,-0.14191622,-0.6413312,-9.898808,0.3624419,2.775487,-1.0014071,2,1528.0,1514.0,1498.0,1502.0
638076188,-1.4926647,-0.086820915,-10.2806835,0.3624419,2.775487,-1.0014071,2,1528.0,1514.0,1498.0,1502.0
638081188,-0.11973609,0.82784593,-10.642063,0.3624419,2.775487,-1.0014071,2,1528.0,1514.0,1498.0,1502.0
638086210,0.37745035,-1.7902058,-9.271418,0.3624419,2.775487,-1.0014071,2,1528.0,1514.0,1498.0,1502.0
638091188,0.10026995,-0.3199652,-9.996951,0.3624419,2.775487,-1.0014071,2,1528.0,1514.0,1498.0,1502.0
638096188,-0.45286104,1.098137,-10.393078,0.3624419,2.775487,-1.0014071,2,1528.0,1514.0,1498.0,1502.0
638101211,0.35511136,-0.8608821,-10.654199,0.3624419,2.775487,-1.0014071,2,1528.0,1514.0,1498.0,1502.0
638106188,-1.2062442,-0.3910751,-8.826308,0.3624419,2.775487,-1.0014071,2,1528.0,1514.0,1498.0,1502.0
638111188,0.21302597,0.29953477,-10.288225,0.3624419,2.775487,-1.0014071,2,1528.0,1514.0,1498.0,1502.0
638116210,1.3113997,-0.44491577,-10.109708,0.3624419,2.775487,-1.0014071,2,1528.0,1514.0,1498.0,1502.0
638121188,-2.2146082,-1.1321856,-9.909157,0.3624419,2.775487,-1.0014071,2,1528.0,1514.0,1498.0,1502.0
638126188,-0.5302015,0.29493636,-10.348548,0.3624419,2.775487,-1.0014071,2,1528.0,1514.0,1498.0,1502.0
638131211,0.13577728,0.41574296,-9.894795,0.3624419,2.775487,-1.0014071,2,1528.0,1514.0,1498.0,1502.0
638136188,0.9171703,-0.33884886,-9.90298,0.3624419,2.775487,-1.0014071,2,1528.0,1514.0,1498.0,1502.0
638141188,-0.71280116,-2.4819148,-9.667604,0.3624419,2.775487,-1.0014071,2,1528.0,1514.0,1498.0,1502.0
638146210,-2.1552646,1.6986784,-10.501999,0.3624419,2.775487,-1.0014071,2,1528.0,1514.0,1498.0,1502.0
638151188,0.65685046,-0.49216238,-9.707907,0.3624419,2.775487,-1.0014071,2,1528.0,1514.0,1498.0,1502.0
638156188,0.95981014,0.35685965,-9.811134,0.3624419,2.775487,-1.0014071,2,1528.0,1514.0,1498.0,1502.0
638161211,0.26685265,-3.1363478,-8.942781,0.3624419,2.775487,-1.0014071,2,1528.0,1514.0,1498.0,1502.0
638166188,-2.2140946,1.716155,-10.153958,0.3624419,2.775487,-1.0014071,2,1528.0,1514.0,1498.0,1502.0
638171190,0.23907734,-0.5144241,-10.585711,0.3624419,2.775487,-1.0014071,2,1528.0,1514.0,1498.0,1502.0
638176210,0.71698135,0.6001463,-10.170576,0.35315153,2.7710633,-1.0188555,2,1509.0,1481.0,1534.0,1530.0
638181188,0.2725096,-1.7955799,-8.730238,0.35315153,2.7710633,-1.0188555,2,1509.0,1481.0,1534.0,1530.0
638186187,-0.7653293,0.27663174,-10.527885,0.35315153,2.7710633,-1.0188555,2,1509.0,1481.0,1534.0,1530.0
638191211,-1.6859477,-0.20325059,-9.868143,0.35315153,2.7710633,-1.0188555,2,1509.0,1481.0,1534.0,1530.0
638196188,0.83379334,0.79983807,-11.172286,0.35315153,2.7710633,-1.0188555,2,1509.0,1481.0,1534.0,1530.0
638201188,0.22774947,-1.5451491,-9.516261,0.35315153,2.7710633,-1.0188555,2,1509.0,1481.0,1534.0,1530.0
638206210,0.37010115,-0.32089773,-9.491279,0.35315153,2.7710633,-1.0188555,2,1509.0,1481.0,1534.0,1530.0
638211188,-1.9423083,-0.052121524,-10.069774,0.35315153,2.7710633,-1.0188555,2,1509.0,1481.0,1534.0,1530.0
638216188,-0.07411896,0.41059023,-10.867137,0.35315153,2.7710633,-1.0188555,2,1509.0,1481.0,1534.0,1530.0
638221211,1.1518501,0.055019576,-9.955017,0.35315153,2.7710633,-1.0188555,2,1509.0,1481.0,1534.0,1530.0
638226188,-0.68850815,-2.0738885,-9.298278,0.35315153,2.7710633,-1.0188555,2,1509.0,1481.0,1534.0,1530.0
638231188,-0.5348586,0.59371805,-9.853269,0.35315153,2.7710633,-1.0188555,2,1509.0,1481.0,1534.0,1530.0
638236210,-0.22430481,-0.3959148,-10.095589,0.35315153,2.7710633,-1.0188555,2,1509.0,1481.0,1534.0,1530.0
638241188,0.5468509,0.954327,-10.762356,0.35315153,2.7710633,-1.0188555,2,1509.0,1481.0,1534.0,1530.0
638246188,0.5055899,-1.2401155,-9.771386,0.35315153,2.7710633,-1.0188555,2,1509.0,1481.0,1534.0,1530.0
638251211,-1.9091111,-0.84993607,-9.059115,0.35315153,2.7710633,-1.0188555,2,1509.0,1481.0,1534.0,1530.0
638256188,0.066991374,0.66314775,-10.200206,0.35315153,2.7710633,-1.0188555,2,1509.0,1481.0,1534.0,1530.0
638261212,-0.7228087,-0.7043533,-10.364212,0.35315153,2.7710633,-1.0188555,2,1509.0,1481.0,1534.0,1530.0
638266210,0.89033395,1.0014306,-10.391345,0.3450255,2.7680407,-1.0340827,2,1509.0,1481.0,1534.0,1530.0
638271188,0.49204722,-2.1575391,-9.188012,0.3450255,2.7680407,-1.0340827,2,1500.0,1496.0,1530.0,1532.0
638276187,-1.8823842,0.14744496,-9.924739,0.3450255,2.7680407,-1.0340827,2,1500.0,1496.0,1530.0,1532.0
638281211,0.66002524,0.23392387,-9.952602,0.3450255,2.7680407,-1.0340827,2,1500.0,1496.0,1530.0,1532.0
638286187,-0.5309321,0.15245514,-9.8784,0.3450255,2.7680407,-1.0340827,2,1500.0,1496.0,1530.0,1532.0
638291188,1.3455089,-0.7547003,-10.851869,0.3450255,2.7680407,-1.0340827,2,1500.0,1496.0,1530.0,1532.0
638296210,-1.1504161,-0.5901702,-9.727608,0.3450255,2.7680407,-1.0340827,2,1500.0,1496.0,1530.0,1532.0
638301188,-0.47564048,-1.0022613,-9.344609,0.3450255,2.7680407,-1.0340827,2,1500.0,1496.0,1530.0,1532.0
638306188,-0.21033685,2.239423,-10.25903,0.3450255,2.7680407,-1.0340827,2,1500.0,1496.0,1530.0,1532.0
638311211,1.0023128,-2.0380688,-9.978793,0.3450255,2.7680407,-1.0340827,2,1500.0,1496.0,1530.0,1532.0
638316187,-0.77863264,-0.9967844,-10.458367,0.3450255,2.7680407,-1.0340827,2,1500.0,1496.0,1530.0,1532.0
638321188,0.07726955,0.88713896,-9.837018,0.3450255,2.7680407,-1.0340827,2,1500.0,1496.0,1530.0,1532.0
638326210,-1.2917278,-0.3527749,-9.575927,0.3450255,2.7680407,-1.0340827,2,1500.0,1496.0,1530.0,1532.0
638331188,0.13363293,-0.11103405,-9.94328,0.3450255,2.7680407,-1.0340827,2,1500.0,1496.0,1530.0,1532.0
638336188,0.44170198,-0.8486362,-10.389435,0.3450255,2.7680407,-1.0340827,2,1500.0,1496.0,1530.0,1532.0
638341211,-0.40694714,-0.31687042,-10.178653,0.3450255,2.7680407,-1.0340827,2,1500.0,1496.0,1530.0,1532.0
638346188,0.99556524,0.47464073,-10.179037,0.3450255,2.7680407,-1.0340827,2,1500.0,1496.0,1530.0,1532.0
638351188,-0.60731053,0.3431875,-9.38088,0.3450255,2.7680407,-1.0340827,2,1500.0,1496.0,1530.0,1532.0
638356210,-0.18628934,-2.6050403,-9.525778,0.3450255,2.7680407,-1.0340827,2,1500.0,1496.0,1530.0,1532.0
638361188,-0.57659346,1.2018292,-10.117916,0.3450255,2.7680407,-1.0340827,2,1500.0,1496.0,1530.0,1532.0
638366188,-0.24003933,-1.0211323,-10.412572,0.3450255,2.7680407,-1.0340827,2,1500.0,1496.0,1530.0,1532.0
638371211,0.11216809,0.7168181,-10.272033,0.3450255,2.7680407,-1.0340827,2,1500.0,1496.0,1530.0,1532.0
638376188,0.39151272,-1.0213336,-9.889635,0.3344621,2.7651966,-1.053708,2,1511.0,1480.0,1536.0,1513.0
638381188,0.6517334,-1.7192295,-9.29755,0.3344621,2.7651966,-1.053708,2,1511.0,1480.0,1536.0,1513.0
638386210,-0.31366548,1.4025452,-9.872481,0.3344621,2.7651966,-1.053708,2,1511.0,1480.0,1536.0,1513.0
638391188,-0.58028674,-1.800766,-9.766333,0.3344621,2.7651966,-1.053708,2,1511.0,1480.0,1536.0,1513.0
638396190,-0.5296214,-0.13032068,-9.872001,0.3344621,2.7651966,-1.053708,2,1511.0,1480.0,1536.0,1513.0
638401211,-0.41635615,0.88464147,-10.255859,0.3344621,2.7651966,-1.053708,2,1511.0,1480.0,1536.0,1513.0
638406188,-0.06548939,-0.9178984,-9.784462,0.3344621,2.7651966,-1.053708,2,1511.0,1480.0,1536.0,1513.0
638411188,0.21474805,0.45946193,-9.763573,0.3344621,2.7651966,-1.053708,2,1511.0,1480.0,1536.0,1513.0
638416210,0.39949432,-0.067550585,-10.200905,0.3344621,2.7651966,-1.053708,2,1511.0,1480.0,1536.0,1513.0
638421188,0.074188605,-1.9160428,-10.222483,0.3344621,2.7651966,-1.053708,2,1511.0,1480.0,1536.0,1513.0
638426188,-0.41046193,1.6853396,-9.596983,0.3344621,2.7651966,-1.053708,2,1511.0,1480.0,1536.0,1513.0
638431211,-0.115528636,-1.6775305,-9.687645,0.3344621,2.7651966,-1.053708,2,1511.0,1480.0,1536.0,1513.0
638436187,-0.74903965,0.6494272,-9.721841,0.3344621,2.7651966,-1.053708,2,1511.0,1480.0,1536.0,1513.0
638441188,-0.25192595,-0.73101646,-9.432029,0.3344621,2.7651966,-1.053708,2,1511.0,1480.0,1536.0,1513.0
638446210,-0.36341783,-1.1292222,-10.006783,0.3344621,2.7651966,-1.053708,2,1511.0,1480.0,1536.0,1513.0
638451188,0.73755974,1.6842971,-10.422491,0.3344621,2.7651966,-1.053708,2,1511.0,1480.0,1536.0,1513.0
638456188,-0.23931535,-0.6174054,-9.121242,0.3344621,2.7651966,-1.053708,2,1511.0,1480.0,1536.0,1513.0
638461211,0.29974028,-0.9860407,-8.667358,0.3344621,2.7651966,-1.053708,2,1511.0,1480.0,1536.0,1513.0
638466188,-0.56883454,-0.46042436,-9.472302,0.32596305,2.7636447,-1.0703926,2,1511.0,1480.0,1536.0,1513.0
638471188,-1.105205,-0.043723054,-10.246907,0.32596305,2.7636447,-1.0703926,2,1488.0,1465.0,1524.0,1517.0
638476210,0.8818134,1.073076,-10.035318,0.32596305,2.7636447,-1.0703926,2,1488.0,1465.0,1524.0,1517.0
638481188,0.728837,-1.9083862,-8.704949,0.32596305,2.7636447,-1.0703926,2,1488.0,1465.0,1524.0,1517.0
638486187,-0.9350702,-0.4304925,-9.119649,0.32596305,2.7636447,-1.0703926,2,1488.0,1465.0,1524.0,1517.0
638491210,-0.8987403,0.78595847,-9.82815,0.32596305,2.7636447,-1.0703926,2,1488.0,1465.0,1524.0,1517.0
638496188,-1.1663747,-0.10568954,-9.472694,0.32596305,2.7636447,-1.0703926,2,1488.0,1465.0,1524.0,1517.0
638501191,2.15526,-0.43775642,-10.194166,0.32596305,2.7636447,-1.0703926,2,1488.0,1465.0,1524.0,1517.0
638506210,-0.4670092,-1.6712325,-8.632695,0.32596305,2.7636447,-1.0703926,2,1488.0,1465.0,1524.0,1517.0
638511191,-0.8058812,-0.06545309,-8.755589,0.32596305,2.7636447,-1.0703926,2,1488.0,1465.0,1524.0,1517.0
638516187,-0.44599554,0.9353361,-9.909332,0.32596305,2.7636447,-1.0703926,2,1488.0,1465.0,1524.0,1517.0
638521211,0.46533832,-0.6564958,-9.739999,0.32596305,2.7636447,-1.0703926,2,1488.0,1465.0,1524.0,1517.0
638526188,0.50167376,0.118157364,-9.157144,0.32596305,2.7636447,-1.0703926,2,1488.0,1465.0,1524.0,1517.0
638531187,-0.874259,-2.158834,-8.788347,0.32596305,2.7636447,-1.0703926,2,1488.0,1465.0,1524.0,1517.0
638536210,-0.5490246,0.6874409,-9.170961,0.32596305,2.7636447,-1.0703926,2,1488.0,1465.0,1524.0,1517.0
638541188,0.6414053,1.3676195,-9.837692,0.32596305,2.7636447,-1.0703926,2,1488.0,1465.0,1524.0,1517.0
638546186,0.40544325,-2.2067308,-9.200464,0.32596305,2.7636447,-1.0703926,2,1488.0,1465.0,1524.0,1517.0
638551212,-1.0098588,-0.17677125,-8.805267,0.32596305,2.7636447,-1.0703926,2,1488.0,1465.0,1524.0,1517.0
638556188,-0.34086698,1.2005814,-9.464576,0.32596305,2.7636447,-1.0703926,2,1488.0,1465.0,1524.0,1517.0
638561187,0.9327815,-0.24144232,-9.367129,0.32596305,2.7636447,-1.0703926,2,1488.0,1465.0,1524.0,1517.0
638566211,-0.4217594,-3.08168,-8.033141,0.32596305,2.7636447,-1.0703926,2,1488.0,1465.0,1524.0,1517.0
638571188,-0.7135155,1.4891108,-9.366881,0.32596305,2.7636447,-1.0703926,2,1488.0,1465.0,1524.0,1517.0
638576186,0.5384371,1.0845968,-9.861372,0.3155067,2.7618215,-1.0872287,2,1449.0,1428.0,1518.0,1504.0
638581211,0.8914521,-1.9519124,-7.9583974,0.3155067,2.7618215,-1.0872287,2,1449.0,1428.0,1518.0,1504.0
638586188,-1.1566867,-1.2382135,-8.416703,0.3155067,2.7618215,-1.0872287,2,1449.0,1428.0,1518.0,1504.0
638591187,0.39553553,1.4627758,-9.136384,0.3155067,2.7618215,-1.0872287,2,1449.0,1428.0,1518.0,1504.0
638596211,-1.4605345,-0.5121493,-8.646274,0.3155067,2.7618215,-1.0872287,2,1449.0,1428.0,1518.0,1504.0
638601188,0.5753926,0.41459587,-9.058466,0.3155067,2.7618215,-1.0872287,2,1449.0,1428.0,1518.0,1504.0
638606187,0.4566468,-1.7044263,-8.222303,0.3155067,2.7618215,-1.0872287,2,1449.0,1428.0,1518.0,1504.0
638611211,-1.0911223,-0.21097699,-8.720538,0.3155067,2.7618215,-1.0872287,2,1449.0,1428.0,1518.0,1504.0
638616187,-0.1753067,-0.4338516,-9.33479,0.3155067,2.7618215,-1.0872287,2,1449.0,1428.0,1518.0,1504.0
638621188,-0.6336304,1.0264835,-8.437679,0.3155067,2.7618215,-1.0872287,2,1449.0,1428.0,1518.0,1504.0
638626213,0.5796644,-1.4872841,-8.02819,0.3155067,2.7618215,-1.0872287,2,1449.0,1428.0,1518.0,1504.0
638631188,-0.8706596,-0.2812174,-8.702212,0.3155067,2.7618215,-1.0872287,2,1449.0,1428.0,1518.0,1504.0
638636187,0.3130314,0.3894312,-8.84427,0.3155067,2.7618215,-1.0872287,2,1449.0,1428.0,1518.0,1504.0
638641211,-0.2571423,-0.25807005,-8.482325,0.3155067,2.7618215,-1.0872287,2,1449.0,1428.0,1518.0,1504.0
638646188,-0.78160083,-0.7890342,-8.17774,0.3155067,2.7618215,-1.0872287,2,1449.0,1428.0,1518.0,1504.0
638651187,1.1490023,-0.6197134,-8.122016,0.3155067,2.7618215,-1.0872287,2,1449.0,1428.0,1518.0,1504.0
638656211,-1.5352781,0.36345017,-8.041188,0.3155067,2.7618215,-1.0872287,2,1449.0,1428.0,1518.0,1504.0
638661188,0.39161775,1.2457576,-9.109053,0.3155067,2.7618215,-1.0872287,2,1449.0,1428.0,1518.0,1504.0
638666187,0.30867022,-2.8105621,-6.9796224,0.3155067,2.7618215,-1.0872287,2,1449.0,1428.0,1518.0,1504.0
638671211,-0.5739985,0.41271827,-8.274761,0.3155067,2.7618215,-1.0872287,2,1449.0,1428.0,1518.0,1504.0
638676188,0.42870834,0.59212935,-8.52691,0.30681443,2.7595844,-1.0931836,2,1430.0,1414.0,1491.0,1478.0
638681187,0.25003707,-0.8458739,-7.744699,0.30681443,2.7595844,-1.0931836,2,1430.0,1414.0,1491.0,1478.0
638686210,-0.76670086,-0.4153125,-8.097047,0.30681443,2.7595844,-1.0931836,2,1430.0,1414.0,1491.0,1478.0
638691188,-0.1395492,0.7504289,-8.240494,0.30681443,2.7595844,-1.0931836,2,1430.0,1414.0,1491.0,1478.0
638696186,0.5952675,-1.3798167,-7.722836,0.30681443,2.7595844,-1.0931836,2,1430.0,1414.0,1491.0,1478.0
638701211,-1.017895,0.37052867,-8.367967,0.30681443,2.7595844,-1.0931836,2,1430.0,1414.0,1491.0,1478.0
638706188,-0.020206107,0.44072974,-8.549203,0.30681443,2.7595844,-1.0931836,2,1430.0,1414.0,1491.0,1478.0
638711187,0.534881,-1.298749,-7.3136144,0.30681443,2.7595844,-1.0931836,2,1430.0,1414.0,1491.0,1478.0
638716211,-0.21049297,-0.08828316,-9.286432,0.30681443,2.7595844,-1.0931836,2,1430.0,1414.0,1491.0,1478.0
638721188,-1.3865554,-0.2538185,-8.028834,0.30681443,2.7595844,-1.0931836,2,1430.0,1414.0,1491.0,1478.0
638726187,1.5283506,0.13173065,-8.194508,0.30681443,2.7595844,-1.0931836,2,1430.0,1414.0,1491.0,1478.0
638731211,-0.67501414,-1.3315109,-7.7365575,0.30681443,2.7595844,-1.0931836,2,1430.0,1414.0,1491.0,1478.0
638736188,-1.1642162,0.38394427,-8.008252,0.30681443,2.7595844,-1.0931836,2,1430.0,1414.0,1491.0,1478.0
638741187,0.35909942,0.113363236,-7.9530106,0.30681443,2.7595844,-1.0931836,2,1430.0,1414.0,1491.0,1478.0
638746211,0.4574811,-0.6523426,-8.603461,0.30681443,2.7595844,-1.0931836,2,1430.0,1414.0,1491.0,1478.0
638751190,-0.5671702,-0.8433421,-8.099424,0.30681443,2.7595844,-1.0931836,2,1430.0,1414.0,1491.0,1478.0
638756187,-0.33094585,0.43087348,-8.361886,0.30681443,2.7595844,-1.0931836,2,1430.0,1414.0,1491.0,1478.0
638761215,0.14849488,-0.4738438,-8.595625,0.30681443,2.7595844,-1.0931836,2,1430.0,1414.0,1491.0,1478.0
638766187,0.05195071,-0.35862714,-8.65541,0.29991257,2.7568498,-1.0852112,2,1430.0,1414.0,1491.0,1478.0
638771188,-0.2759843,-0.23779342,-8.42123,0.29991257,2.7568498,-1.0852112,2,1454.0,1433.0,1506.0,1496.0
638776210,0.046118777,0.051310495,-8.817292,0.29991257,2.7568498,-1.0852112,2,1454.0,1433.0,1506.0,1496.0
638781187,-0.1556103,-0.9006304,-8.436573,0.29991257,2.7568498,-1.0852112,2,1454.0,1433.0,1506.0,1496.0
638786187,0.24949557,0.71888036,-8.475014,0.29991257,2.7568498,-1.0852112,2,1454.0,1433.0,1506.0,1496.0
638791211,-0.64209145,-1.8529906,-8.628549,0.29991257,2.7568498,-1.0852112,2,1454.0,1433.0,1506.0,1496.0
638796190,0.20974012,1.5320176,-8.887646,0.29991257,2.7568498,-1.0852112,2,1454.0,1433.0,1506.0,1496.0
638801188,-0.26665068,-0.83131254,-8.215066,0.29991257,2.7568498,-1.0852112,2,1454.0,1433.0,1506.0,1496.0
638806211,-0.5435411,-0.7681527,-8.835435,0.29991257,2.7568498,-1.0852112,2,1454.0,1433.0,1506.0,1496.0
638811188,0.056476623,0.4769561,-8.417783,0.29991257,2.7568498,-1.0852112,2,1454.0,1433.0,1506.0,1496.0
638816186,-0.49445578,-0.6006686,-9.563952,0.29991257,2.7568498,-1.0852112,2,1454.0,1433.0,1506.0,1496.0
638821211,-0.67009884,0.6635182,-9.081088,0.29991257,2.7568498,-1.0852112,2,1454.0,1433.0,1506.0,1496.0
638826188,0.98249745,-0.42896706,-8.023881,0.29991257,2.7568498,-1.0852112,2,1454.0,1433.0,1506.0,1496.0
638831188,-0.4160805,-0.92938143,-8.820058,0.29991257,2.7568498,-1.0852112,2,1454.0,1433.0,1506.0,1496.0
638836211,-0.7360141,0.5604634,-9.239649,0.29991257,2.7568498,-1.0852112,2,1454.0,1433.0,1506.0,1496.0
638841188,0.7855534,-0.49716935,-8.534314,0.29991257,2.7568498,-1.0852112,2,1454.0,1433.0,1506.0,1496.0
638846186,-0.7229083,0.16961353,-8.582866,0.29991257,2.7568498,-1.0852112,2,1454.0,1433.0,1506.0,1496.0
638851211,-0.080301404,-1.5867522,-8.535713,0.29991257,2.7568498,-1.0852112,2,1454.0,1433.0,1506.0,1496.0
638856188,0.8356385,0.8261931,-8.793455,0.29991257,2.7568498,-1.0852112,2,1454.0,1433.0,1506.0,1496.0
638861188,-0.44934452,0.30171317,-8.867088,0.29991257,2.7568498,-1.0852112,2,1454.0,1433.0,1506.0,1496.0
638866210,-1.1244596,-1.599552,-8.308842,0.29991257,2.7568498,-1.0852112,2,1454.0,1433.0,1506.0,1496.0
638871188,1.5794327,0.77315164,-8.594705,0.29991257,2.7568498,-1.0852112,2,1454.0,1433.0,1506.0,1496.0
638876187,-0.037511535,-1.1778512,-8.1858225,0.29260013,2.7529056,-1.0605426,2,1455.0,1446.0,1500.0,1488.0
638881211,-2.3209999,0.45575538,-9.888197,0.29260013,2.7529056,-1.0605426,2,1455.0,1446.0,1500.0,1488.0
638886188,1.5487514,0.1259578,-8.467068,0.29260013,2.7529056,-1.0605426,2,1455.0,1446.0,1500.0,1488.0
638891188,0.5625763,-1.4993968,-8.669332,0.29260013,2.7529056,-1.0605426,2,1455.0,1446.0,1500.0,1488.0
638896211,-1.3481405,0.8702262,-8.676001,0.29260013,2.7529056,-1.0605426,2,1455.0,1446.0,1500.0,1488.0
638901189,0.6436817,-0.9416093,-8.266461,0.29260013,2.7529056,-1.0605426,2,1455.0,1446.0,1500.0,1488.0
638906187,0.10350021,-0.11101764,-8.911538,0.29260013,2.7529056,-1.0605426,2,1455.0,1446.0,1500.0,1488.0
638911211,-1.6544625,0.55707747,-8.834789,0.29260013,2.7529056,-1.0605426,2,1455.0,1446.0,1500.0,1488.0
638916188,1.1808294,-0.976622,-8.458422,0.29260013,2.7529056,-1.0605426,2,1455.0,1446.0,1500.0,1488.0
638921187,-0.39040226,-0.5124426,-8.798161,0.29260013,2.7529056,-1.0605426,2,1455.0,1446.0,1500.0,1488.0
638926211,-0.7733716,0.87536085,-9.325377,0.29260013,2.7529056,-1.0605426,2,1455.0,1446.0,1500.0,1488.0
638931188,0.9841793,-0.89081883,-8.657427,0.29260013,2.7529056,-1.0605426,2,1455.0,1446.0,1500.0,1488.0
638936187,-0.8942143,-1.2270179,-8.051901,0.29260013,2.7529056,-1.0605426,2,1455.0,1446.0,1500.0,1488.0
638941212,-0.11029212,0.91409206,-9.134398,0.29260013,2.7529056,-1.0605426,2,1455.0,1446.0,1500.0,1488.0
638946188,-0.94536936,-0.66893786,-8.821127,0.29260013,2.7529056,-1.0605426,2,1455.0,1446.0,1500.0,1488.0
638951187,-0.55583584,1.0019599,-9.61046,0.29260013,2.7529056,-1.0605426,2,1455.0,1446.0,1500.0,1488.0
638956211,1.0243375,-1.237386,-8.637514,0.29260013,2.7529056,-1.0605426,2,1455.0,1446.0,1500.0,1488.0
638961190,-1.8563536,-1.2326574,-8.864292,0.29260013,2.7529056,-1.0605426,2,1455.0,1446.0,1500.0,1488.0
638966187,0.366004,1.1775182,-10.101491,0.2874529,2.7498238,-1.0306476,2,1455.0,1446.0,1500.0,1488.0
638971215,0.5590569,-0.19029483,-8.779858,0.2874529,2.7498238,-1.0306476,2,1493.0,1477.0,1508.0,1505.0
638976188,-1.3347986,-0.39544952,-8.522792,0.2874529,2.7498238,-1.0306476,2,1493.0,1477.0,1508.0,1505.0
638981188,1.2342529,-1.3492769,-9.426943,0.2874529,2.7498238,-1.0306476,2,1493.0,1477.0,1508.0,1505.0
638986211,-0.6601116,-0.07525397,-8.948318,0.2874529,2.7498238,-1.0306476,2,1493.0,1477.0,1508.0,1505.0
638991188,-0.38827652,0.7936538,-9.556058,0.2874529,2.7498238,-1.0306476,2,1493.0,1477.0,1508.0,1505.0
638996187,0.33395377,-0.14052728,-9.62322,0.2874529,2.7498238,-1.0306476,2,1493.0,1477.0,1508.0,1505.0
639001211,0.8158433,-1.6809014,-8.505053,0.2874529,2.7498238,-1.0306476,2,1493.0,1477.0,1508.0,1505.0
639006188,-1.7289681,0.10580239,-9.471181,0.2874529,2.7498238,-1.0306476,2,1493.0,1477.0,1508.0,1505.0
639011187,-0.21231185,1.0147513,-10.495284,0.2874529,2.7498238,-1.0306476,2,1493.0,1477.0,1508.0,1505.0
639016210,0.14585099,-0.64628416,-9.601243,0.2874529,2.7498238,-1.0306476,2,1493.0,1477.0,1508.0,1505.0
639021188,0.45922184,-1.0962884,-8.821209,0.2874529,2.7498238,-1.0306476,2,1493.0,1477.0,1508.0,1505.0
639026186,-0.5923078,-0.84258455,-9.715836,0.2874529,2.7498238,-1.0306476,2,1493.0,1477.0,1508.0,1505.0
639031211,-1.2641706,1.4149066,-10.014734,0.2874529,2.7498238,-1.0306476,2,1493.0,1477.0,1508.0,1505.0
639036188,1.2302841,0.21145664,-10.427076,0.2874529,2.7498238,-1.0306476,2,1493.0,1477.0,1508.0,1505.0
639041188,0.7636778,-2.5320687,-8.984947,0.2874529,2.7498238,-1.0306476,2,1493.0,1477.0,1508.0,1505.0
639046211,-1.0027384,2.2275689,-9.642933,0.2874529,2.7498238,-1.0306476,2,1493.0,1477.0,1508.0,1505.0
639051188,-0.9719256,-2.250932,-9.632912,0.2874529,2.7498238,-1.0306476,2,1493.0,1477.0,1508.0,1505.0
639056187,-0.32189134,0.5118316,-10.344926,0.2874529,2.7498238,-1.0306476,2,1493.0,1477.0,1508.0,1505.0
639061211,0.57941914,0.09604144,-10.425911,0.2874529,2.7498238,-1.0306476,2,1493.0,1477.0,1508.0,1505.0
639066188,-0.27281412,-0.83521765,-10.376777,0.2874529,2.7498238,-1.0306476,2,1493.0,1477.0,1508.0,1505.0
639071188,0.3323764,0.52496034,-9.813047,0.2874529,2.7498238,-1.0306476,2,1493.0,1477.0,1508.0,1505.0
639076211,0.00614405,-0.766341,-9.935235,0.28224435,2.7463686,-0.9871092,2,1542.0,1535.0,1532.0,1513.0
639081188,-0.42089266,-0.4399366,-10.086487,0.28224435,2.7463686,-0.9871092,2,1542.0,1535.0,1532.0,1513.0
639086187,-0.5424556,1.130142,-11.057374,0.28224435,2.7463686,-0.9871092,2,1542.0,1535.0,1532.0,1513.0
639091211,0.0021878048,-0.40418074,-10.696456,0.28224435,2.7463686,-0.9871092,2,1542.0,1535.0,1532.0,1513.0
639096188,-1.3803804,-0.6531513,-10.163666,0.28224435,2.7463686,-0.9871092,2,1542.0,1535.0,1532.0,1513.0
639101187,1.6065379,-0.3976855,-10.153815,0.28224435,2.7463686,-0.9871092,2,1542.0,1535.0,1532.0,1513.0
639106211,-0.61720157,0.9262703,-10.744255,0.28224435,2.7463686,-0.9871092,2,1542.0,1535.0,1532.0,1513.0
639111191,-0.36457384,-1.2215779,-11.450319,0.28224435,2.7463686,-0.9871092,2,1542.0,1535.0,1532.0,1513.0
639116187,-0.7463169,-0.49775776,-10.053392,0.28224435,2.7463686,-0.9871092,2,1542.0,1535.0,1532.0,1513.0
639121211,0.67200494,0.957002,-11.022064,0.28224435,2.7463686,-0.9871092,2,1542.0,1535.0,1532.0,1513.0
639126188,0.88901925,-1.3464297,-10.228774,0.28224435,2.7463686,-0.9871092,2,1542.0,1535.0,1532.0,1513.0
639131187,-1.5893437,-0.7171756,-10.480514,0.28224435,2.7463686,-0.9871092,2,1542.0,1535.0,1532.0,1513.0
639136211,0.09528455,-0.4521764,-11.881321,0.28224435,2.7463686,-0.9871092,2,1542.0,1535.0,1532.0,1513.0
639141188,-0.46119285,-0.0062391236,-10.651979,0.28224435,2.7463686,-0.9871092,2,1542.0,1535.0,1532.0,1513.0
639146187,0.62758356,0.41748217,-10.549751,0.28224435,2.7463686,-0.9871092,2,1542.0,1535.0,1532.0,1513.0
639151211,-0.26879314,-0.9625031,-10.284093,0.28224435,2.7463686,-0.9871092,2,1542.0,1535.0,1532.0,1513.0
639156188,-1.0165192,0.1906277,-10.883263,0.28224435,2.7463686,-0.9871092,2,1542.0,1535.0,1532.0,1513.0
639161188,0.8810505,-0.6793219,-10.74641,0.28224435,2.7463686,-0.9871092,2,1542.0,1535.0,1532.0,1513.0
639166211,-0.69644606,-0.6136997,-10.435075,0.2782825,2.7450395,-0.9542998,2,1542.0,1535.0,1532.0,1513.0
639171188,0.14198029,0.57177514,-11.200698,0.2782825,2.7450395,-0.9542998,2,1535.0,1511.0,1543.0,1521.0
639176186,0.17921594,-0.2641651,-10.855308,0.2782825,2.7450395,-0.9542998,2,1535.0,1511.0,1543.0,1521.0
639181211,-1.1278028,0.06399145,-10.084723,0.2782825,2.7450395,-0.9542998,2,1535.0,1511.0,1543.0,1521.0
639186188,0.8437155,0.937405,-10.547634,0.2782825,2.7450395,-0.9542998,2,1535.0,1511.0,1543.0,1521.0
639191188,0.26312378,0.017497996,-10.106225,0.2782825,2.7450395,-0.9542998,2,1535.0,1511.0,1543.0,1521.0
639196211,-0.5163164,-1.9155297,-11.243726,0.2782825,2.7450395,-0.9542998,2,1535.0,1511.0,1543.0,1521.0
639201188,-1.3877722,-0.40768096,-11.178594,0.2782825,2.7450395,-0.9542998,2,1535.0,1511.0,1543.0,1521.0
639206187,-0.28610358,1.1068453,-10.844856,0.2782825,2.7450395,-0.9542998,2,1535.0,1511.0,1543.0,1521.0
639211211,0.89551383,-0.78599364,-9.86708,0.2782825,2.7450395,-0.9542998,2,1535.0,1511.0,1543.0,1521.0
639216188,-0.65355724,-0.064181834,-10.726897,0.2782825,2.7450395,-0.9542998,2,1535.0,1511.0,1543.0,1521.0
639221188,0.6826131,-1.229739,-11.508695,0.2782825,2.7450395,-0.9542998,2,1535.0,1511.0,1543.0,1521.0
639226211,-1.5407468,-1.4925371,-11.160253,0.2782825,2.7450395,-0.9542998,2,1535.0,1511.0,1543.0,1521.0
639231188,-0.7511805,2.6235716,-10.845221,0.2782825,2.7450395,-0.9542998,2,1535.0,1511.0,1543.0,1521.0
639236186,1.8416398,-0.20002602,-10.198315,0.2782825,2.7450395,-0.9542998,2,1535.0,1511.0,1543.0,1521.0
639241211,-1.4621437,-1.6165695,-10.276384,0.2782825,2.7450395,-0.9542998,2,1535.0,1511.0,1543.0,1521.0
639246188,-0.9854621,-0.11273901,-11.461081,0.2782825,2.7450395,-0.9542998,2,1535.0,1511.0,1543.0,1521.0
639251188,-0.4988408,-0.9008933,-10.209301,0.2782825,2.7450395,-0.9542998,2,1535.0,1511.0,1543.0,1521.0
639256211,-1.8453528,1.1806369,-10.95047,0.2782825,2.7450395,-0.9542998,2,1535.0,1511.0,1543.0,1521.0
639261188,1.5357935,-0.6224274,-11.002632,0.2782825,2.7450395,-0.9542998,2,1535.0,1511.0,1543.0,1521.0
639266187,0.00184763,-1.3729199,-10.011891,0.2782825,2.7450395,-0.9542998,2,1535.0,1511.0,1543.0,1521.0
639271211,0.13908768,0.8789696,-11.781453,0.2782825,2.7450395,-0.9542998,2,1535.0,1511.0,1543.0,1521.0
639276187,1.4420315,-0.97185034,-10.016415,0.2737187,2.745482,-0.9239232,2,1530.0,1510.0,1532.0,1509.0
639281187,-1.6974903,-0.8470853,-10.018473,0.2737187,2.745482,-0.9239232,2,1530.0,1510.0,1532.0,1509.0
639286211,-0.4713971,-0.23170523,-11.022715,0.2737187,2.745482,-0.9239232,2,1530.0,1510.0,1532.0,1509.0
639291188,-1.7320447,-0.8775133,-10.078922,0.2737187,2.745482,-0.9239232,2,1530.0,1510.0,1532.0,1509.0
639296187,0.19306591,0.9543163,-10.740461,0.2737187,2.745482,-0.9239232,2,1530.0,1510.0,1532.0,1509.0
639301210,0.9332437,-0.3086158,-10.5495405,0.2737187,2.745482,-0.9239232,2,1530.0,1510.0,1532.0,1509.0
639306188,-0.56717324,-2.341486,-11.094201,0.2737187,2.745482,-0.9239232,2,1530.0,1510.0,1532.0,1509.0
639311187,0.3837384,0.89699054,-11.205614,0.2737187,2.745482,-0.9239232,2,1530.0,1510.0,1532.0,1509.0
639316211,-0.8842122,-0.58645004,-9.80777,0.2737187,2.745482,-0.9239232,2,1530.0,1510.0,1532.0,1509.0
639321188,0.65413886,-0.36067578,-9.536504,0.2737187,2.745482,-0.9239232,2,1530.0,1510.0,1532.0,1509.0
639326187,-1.889364,-0.8061516,-10.3872175,0.2737187,2.745482,-0.9239232,2,1530.0,1510.0,1532.0,1509.0
639331211,0.26543754,-1.5369109,-11.575551,0.2737187,2.745482,-0.9239232,2,1530.0,1510.0,1532.0,1509.0
639336188,-0.58671254,1.0257,-10.755416,0.2737187,2.745482,-0.9239232,2,1530.0,1510.0,1532.0,1509.0
639341187,0.18981528,-1.044114,-10.272769,0.2737187,2.745482,-0.9239232,2,1530.0,1510.0,1532.0,1509.0
639346211,1.1910591,0.1147615,-9.464833,0.2737187,2.745482,-0.9239232,2,1530.0,1510.0,1532.0,1509.0
639351188,-1.9242233,-0.6119035,-10.241066,0.2737187,2.745482,-0.9239232,2,1530.0,1510.0,1532.0,1509.0
639356187,-0.676719,0.31349775,-11.160736,0.2737187,2.745482,-0.9239232,2,1530.0,1510.0,1532.0,1509.0
639361211,-0.3029177,0.16496499,-10.793576,0.2737187,2.745482,-0.9239232,2,1530.0,1510.0,1532.0,1509.0
639366188,1.0037488,-0.81337976,-10.654065,0.2737187,2.745482,-0.9239232,2,1530.0,1510.0,1532.0,1509.0
639371187,0.59227204,-0.35572767,-10.165574,0.2737187,2.745482,-0.9239232,2,1530.0,1510.0,1532.0,1509.0
639376211,-1.060978,-1.4455625,-10.353678,0.27129608,2.7474897,-0.9049097,2,1537.0,1515.0,1512.0,1494.0
639381188,-1.9441762,1.5811144,-11.3720455,0.27129608,2.7474897,-0.9049097,2,1537.0,1515.0,1512.0,1494.0
639386187,0.8791973,-1.9075744,-10.842163,0.27129608,2.7474897,-0.9049097,2,1537.0,1515.0,1512.0,1494.0
639391211,-0.09753836,-0.19683558,-10.737585,0.27129608,2.7474897,-0.9049097,2,1537.0,1515.0,1512.0,1494.0
639396188,1.128232,-1.2190183,-10.299083,0.27129608,2.7474897,-0.9049097,2,1537.0,1515.0,1512.0,1494.0
639401188,-2.4925506,1.006553,-9.971579,0.27129608,2.7474897,-0.9049097,2,1537.0,1515.0,1512.0,1494.0
639406211,0.5172541,-0.021864021,-10.725222,0.27129608,2.7474897,-0.9049097,2,1537.0,1515.0,1512.0,1494.0
639411188,-0.51979417,-1.4046212,-10.577916,0.27129608,2.7474897,-0.9049097,2,1537.0,1515.0,1512.0,1494.0
639416187,1.4528217,0.831059,-11.311811,0.27129608,2.7474897,-0.9049097,2,1537.0,1515.0,1512.0,1494.0
639421211,-1.4894977,-1.7097443,-9.137391,0.27129608,2.7474897,-0.9049097,2,1537.0,1515.0,1512.0,1494.0
639426188,-0.30535883,0.7017716,-10.520901,0.27129608,2.7474897,-0.9049097,2,1537.0,1515.0,1512.0,1494.0
639431187,-0.79424304,-1.57734,-10.466088,0.27129608,2.7474897,-0.9049097,2,1537.0,1515.0,1512.0,1494.0
639436211,1.8582523,1.7468469,-11.678726,0.27129608,2.7474897,-0.9049097,2,1537.0,1515.0,1512.0,1494.0
639441190,-1.0633694,-0.64283854,-10.174071,0.27129608,2.7474897,-0.9049097,2,1537.0,1515.0,1512.0,1494.0
639446186,0.0213087,-0.6290974,-9.608442,0.27129608,2.7474897,-0.9049097,2,1537.0,1515.0,1512.0,1494.0
639451211,-1.4060471,-0.92830527,-10.296597,0.27129608,2.7474897,-0.9049097,2,1537.0,1515.0,1512.0,1494.0
639456188,2.5766704,1.231267,-11.481652,0.27129608,2.7474897,-0.9049097,2,1537.0,1515.0,1512.0,1494.0
639461187,-1.4766041,-0.8840659,-9.590223,0.27129608,2.7474897,-0.9049097,2,1537.0,1515.0,1512.0,1494.0
639466211,-0.4049715,0.8303755,-10.744526,0.27069643,2.7509766,-0.8940002,2,1537.0,1515.0,1512.0,1494.0
639471188,0.013536096,-2.681015,-9.260203,0.27069643,2.7509766,-0.8940002,2,1514.0,1492.0,1532.0,1492.0
639476187,1.2721266,2.2127986,-11.69899,0.27069643,2.7509766,-0.8940002,2,1514.0,1492.0,1532.0,1492.0
639481211,-0.722867,-0.5405147,-10.36316,0.27069643,2.7509766,-0.8940002,2,1514.0,1492.0,1532.0,1492.0
639486188,-1.0260228,-0.13764735,-9.978344,0.27069643,2.7509766,-0.8940002,2,1514.0,1492.0,1532.0,1492.0
639491188,-1.2749317,-0.8423266,-10.510947,0.27069643,2.7509766,-0.8940002,2,1514.0,1492.0,1532.0,1492.0
639496211,2.046563,0.36300236,-9.786772,0.27069643,2.7509766,-0.8940002,2,1514.0,1492.0,1532.0,1492.0
639501190,-0.35484844,0.3316407,-9.758084,0.27069643,2.7509766,-0.8940002,2,1514.0,1492.0,1532.0,1492.0
639506187,-1.1549357,-1.8383495,-10.31082,0.27069643,2.7509766,-0.8940002,2,1514.0,1492.0,1532.0,1492.0
639511211,-0.27706748,0.48326266,-10.315384,0.27069643,2.7509766,-0.8940002,2,1514.0,1492.0,1532.0,1492.0
639516188,0.025219804,-0.040153116,-10.566488,0.27069643,2.7509766,-0.8940002,2,1514.0,1492.0,1532.0,1492.0
639521188,0.9147211,0.8374524,-9.998488,0.27069643,2.7509766,-0.8940002,2,1514.0,1492.0,1532.0,1492.0
639526211,-0.8641689,-2.6114614,-9.598997,0.27069643,2.7509766,-0.8940002,2,1514.0,1492.0,1532.0,1492.0
639531188,-2.0218856,1.2781459,-11.079337,0.27069643,2.7509766,-0.8940002,2,1514.0,1492.0,1532.0,1492.0
639536186,1.6842393,0.7678257,-10.259813,0.27069643,2.7509766,-0.8940002,2,1514.0,1492.0,1532.0,1492.0
639541211,-0.63341,-0.9681109,-9.438419,0.27069643,2.7509766,-0.8940002,2,1514.0,1492.0,1532.0,1492.0
639546188,-1.2006632,-0.6378447,-10.810711,0.27069643,2.7509766,-0.8940002,2,1514.0,1492.0,1532.0,1492.0
639551187,0.7419764,-0.66253394,-10.457261,0.27069643,2.7509766,-0.8940002,2,1514.0,1492.0,1532.0,1492.0
639556211,-1.111028,1.0262569,-10.838694,0.27069643,2.7509766,-0.8940002,2,1514.0,1492.0,1532.0,1492.0
639561192,-0.61811876,-1.5907068,-9.100825,0.27069643,2.7509766,-0.8940002,2,1514.0,1492.0,1532.0,1492.0
639566187,0.5458875,1.3982599,-10.986816,0.27069643,2.7509766,-0.8940002,2,1514.0,1492.0,1532.0,1492.0
639571211,0.40424627,-2.6578274,-8.517366,0.27069643,2.7509766,-0.8940002,2,1514.0,1492.0,1532.0,1492.0
639576188,-2.4224234,1.5931361,-10.85566,0.27000132,2.758442,-0.8866864,2,1504.0,1486.0,1515.0,1510.0
639581188,1.0510828,0.08904968,-10.307248,0.27000132,2.758442,-0.8866864,2,1504.0,1486.0,1515.0,1510.0
639586211,-0.5799835,-1.2096492,-9.4175205,0.27000132,2.758442,-0.8866864,2,1504.0,1486.0,1515.0,1510.0
639591188,0.63397384,-1.5846448,-9.504676,0.27000132,2.758442,-0.8866864,2,1504.0,1486.0,1515.0,1510.0
639596186,-0.1286655,2.0241969,-10.625382,0.27000132,2.758442,-0.8866864,2,1504.0,1486.0,1515.0,1510.0
639601211,-0.03361404,-0.07294848,-10.101587,0.27000132,2.758442,-0.8866864,2,1504.0,1486.0,1515.0,1510.0
639606188,-1.6380882,-0.9469501,-9.9962,0.27000132,2.758442,-0.8866864,2,1504.0,1486.0,1515.0,1510.0
639611188,2.690033,0.47233677,-10.349462,0.27000132,2.758442,-0.8866864,2,1504.0,1486.0,1515.0,1510.0
639616211,-1.4949102,-1.6389881,-9.162742,0.27000132,2.758442,-0.8866864,2,1504.0,1486.0,1515.0,1510.0
639621188,-0.07881039,1.672629,-11.897348,0.27000132,2.758442,-0.8866864,2,1504.0,1486.0,1515.0,1510.0
639626187,0.35864004,-1.1290379,-9.880723,0.27000132,2.758442,-0.8866864,2,1504.0,1486.0,1515.0,1510.0
639631211,-0.3006962,-0.9009897,-9.439487,0.27000132,2.758442,-0.8866864,2,1504.0,1486.0,1515.0,1510.0
639636188,0.33655313,0.68765646,-10.4857855,0.27000132,2.758442,-0.8866864,2,1504.0,1486.0,1515.0,1510.0
639641187,0.4970007,-0.5296558,-9.97053,0.27000132,2.758442,-0.8866864,2,1504.0,1486.0,1515.0,1510.0
639646212,-1.1331798,-0.80274343,-9.0673,0.27000132,2.758442,-0.8866864,2,1504.0,1486.0,1515.0,1510.0
639651188,0.37444952,-0.7706662,-10.3443365,0.27000132,2.758442,-0.8866864,2,1504.0,1486.0,1515.0,1510.0
639656187,0.49178168,0.07329705,-9.140445,0.27000132,2.758442,-0.8866864,2,1504.0,1486.0,1515.0,1510.0
639661211,-0.11833268,-0.91649055,-9.549873,0.27000132,2.758442,-0.8866864,2,1504.0,1486.0,1515.0,1510.0
639666188,-0.85805744,0.68811506,-11.737948,0.26960433,2.7661192,-0.8836048,2,1504.0,1486.0,1515.0,1510.0
639671187,-0.7575096,0.5221592,-9.846379,0.26960433,2.7661192,-0.8836048,2,1507.0,1473.0,1526.0,1507.0
639676211,0.5360307,-2.0125794,-9.385786,0.26960433,2.7661192,-0.8836048,2,1507.0,1473.0,1526.0,1507.0
639681188,-0.34589276,1.4571999,-10.265159,0.26960433,2.7661192,-0.8836048,2,1507.0,1473.0,1526.0,1507.0
639686187,0.37100214,-1.9254978,-9.949384,0.26960433,2.7661192,-0.8836048,2,1507.0,1473.0,1526.0,1507.0
639691211,-1.7500508,1.3983868,-10.885939,0.26960433,2.7661192,-0.8836048,2,1507.0,1473.0,1526.0,1507.0
639696188,1.3184897,-0.58885396,-9.261398,0.26960433,2.7661192,-0.8836048,2,1507.0,1473.0,1526.0,1507.0
639701188,-0.84638596,-2.2332156,-8.854423,0.26960433,2.7661192,-0.8836048,2,1507.0,1473.0,1526.0,1507.0
639706211,-0.3906482,0.99143004,-10.516742,0.26960433,2.7661192,-0.8836048,2,1507.0,1473.0,1526.0,1507.0
639711188,0.8898895,-0.8108331,-10.458612,0.26960433,2.7661192,-0.8836048,2,1507.0,1473.0,1526.0,1507.0
639716187,-2.005891,0.8839561,-9.071057,0.26960433,2.7661192,-0.8836048,2,1507.0,1473.0,1526.0,1507.0
639721211,2.4638278,-0.96840876,-10.182183,0.26960433,2.7661192,-0.8836048,2,1507.0,1473.0,1526.0,1507.0
639726188,-1.6707382,-0.6095683,-9.270335,0.26960433,2.7661192,-0.8836048,2,1507.0,1473.0,1526.0,1507.0
639731187,-0.17250076,-0.16819924,-10.216301,0.26960433,2.7661192,-0.8836048,2,1507.0,1473.0,1526.0,1507.0
639736211,-0.1536283,-0.27014592,-10.151277,0.26960433,2.7661192,-0.8836048,2,1507.0,1473.0,1526.0,1507.0
639741188,-0.4062981,0.021341186,-9.0369425,0.26960433,2.7661192,-0.8836048,2,1507.0,1473.0,1526.0,1507.0
639746187,0.7376321,-0.5276354,-9.993745,0.26960433,2.7661192,-0.8836048,2,1507.0,1473.0,1526.0,1507.0
639751211,-0.42018598,0.118943505,-10.532456,0.26960433,2.7661192,-0.8836048,2,1507.0,1473.0,1526.0,1507.0
639756188,0.46115166,-0.3132822,-9.210537,0.26960433,2.7661192,-0.8836048,2,1507.0,1473.0,1526.0,1507.0
639761187,-1.2988622,-0.5063757,-9.945833,0.26960433,2.7661192,-0.8836048,2,1507.0,1473.0,1526.0,1507.0
639766210,1.3210744,0.10878583,-10.061165,0.26960433,2.7661192,-0.8836048,2,1507.0,1473.0,1526.0,1507.0
639771188,-1.1624529,-1.1112648,-9.502359,0.26960433,2.7661192,-0.8836048,2,1507.0,1473.0,1526.0,1507.0
639776187,0.16997847,1.410473,-10.370494,0.2699639,2.7777338,-0.88158685,2,1496.0,1481.0,1519.0,1515.0
639781211,-0.233393,-1.1702919,-10.02519,0.2699639,2.7777338,-0.88158685,2,1496.0,1481.0,1519.0,1515.0
639786188,0.17592745,-1.0327708,-9.676592,0.2699639,2.7777338,-0.88158685,2,1496.0,1481.0,1519.0,1515.0
639791187,0.67087686,1.6328615,-10.544066,0.2699639,2.7777338,-0.88158685,2,1496.0,1481.0,1519.0,1515.0
639796211,-1.4154007,-2.381203,-9.659829,0.2699639,2.7777338,-0.88158685,2,1496.0,1481.0,1519.0,1515.0
639801188,0.2385736,2.2201068,-10.979001,0.2699639,2.7777338,-0.88158685,2,1496.0,1481.0,1519.0,1515.0
639806187,-0.32129836,-1.5857115,-8.823828,0.2699639,2.7777338,-0.88158685,2,1496.0,1481.0,1519.0,1515.0
639811211,-0.43637532,0.80719465,-10.761472,0.2699639,2.7777338,-0.88158685,2,1496.0,1481.0,1519.0,1515.0
639816188,1.1569595,-0.88839334,-9.882559,0.2699639,2.7777338,-0.88158685,2,1496.0,1481.0,1519.0,1515.0
639821187,-1.6290522,-0.9172334,-9.762807,0.2699639,2.7777338,-0.88158685,2,1496.0,1481.0,1519.0,1515.0
639826211,0.07518336,1.4181782,-10.394103,0.2699639,2.7777338,-0.88158685,2,1496.0,1481.0,1519.0,1515.0
639831188,1.1481352,-1.5390744,-9.14955,0.2699639,2.7777338,-0.88158685,2,1496.0,1481.0,1519.0,1515.0
639836187,-2.1269662,0.4714284,-9.722032,0.2699639,2.7777338,-0.88158685,2,1496.0,1481.0,1519.0,1515.0
639841211,1.476368,0.21133538,-11.49896,0.2699639,2.7777338,-0.88158685,2,1496.0,1481.0,1519.0,1515.0
639846188,-2.5910764,-1.1446512,-8.866935,0.2699639,2.7777338,-0.88158685,2,1496.0,1481.0,1519.0,1515.0
639851188,0.93286836,0.5764378,-10.907945,0.2699639,2.7777338,-0.88158685,2,1496.0,1481.0,1519.0,1515.0
639856211,-0.6494358,-1.0890363,-9.347125,0.2699639,2.7777338,-0.88158685,2,1496.0,1481.0,1519.0,1515.0
639861188,-0.7617915,-0.28790006,-9.840608,0.2699639,2.7777338,-0.88158685,2,1496.0,1481.0,1519.0,1515.0
639866187,0.99055725,1.4644085,-10.921351,0.27053115,2.7880554,-0.88126856,2,1496.0,1481.0,1519.0,1515.0
639871214,-0.5784509,-1.5945426,-8.64356,0.27053115,2.7880554,-0.88126856,2,1517.0,1499.0,1497.0,1492.0
639876188,-0.4804415,0.7203617,-10.037594,0.27053115,2.7880554,-0.88126856,2,1517.0,1499.0,1497.0,1492.0
639881188,0.61132973,-0.51022077,-10.273075,0.27053115,2.7880554,-0.88126856,2,1517.0,1499.0,1497.0,1492.0
639886211,-1.4560175,0.70279235,-10.135837,0.27053115,2.7880554,-0.88126856,2,1517.0,1499.0,1497.0,1492.0
639891191,0.0370766,-0.37323594,-9.652973,0.27053115,2.7880554,-0.88126856,2,1517.0,1499.0,1497.0,1492.0
639896187,0.38168555,-0.2618582,-11.212786,0.27053115,2.7880554,-0.88126856,2,1517.0,1499.0,1497.0,1492.0
639901211,-0.5728186,-0.492047,-9.563293,0.27053115,2.7880554,-0.88126856,2,1517.0,1499.0,1497.0,1492.0
639906187,-0.14409347,1.1044974,-10.129714,0.27053115,2.7880554,-0.88126856,2,1517.0,1499.0,1497.0,1492.0
639911188,-0.075175375,-0.37588888,-10.31355,0.27053115,2.7880554,-0.88126856,2,1517.0,1499.0,1497.0,1492.0
639916211,-0.7073045,-0.52190757,-9.319689,0.27053115,2.7880554,-0.88126856,2,1517.0,1499.0,1497.0,1492.0
639921188,0.37111148,-1.4360137,-9.496165,0.27053115,2.7880554,-0.88126856,2,1517.0,1499.0,1497.0,1492.0
639926187,-0.24227698,2.1591878,-10.779306,0.27053115,2.7880554,-0.88126856,2,1517.0,1499.0,1497.0,1492.0
639931211,-0.18276232,-2.8112395,-9.08251,0.27053115,2.7880554,-0.88126856,2,1517.0,1499.0,1497.0,1492.0
639936188,-0.3534822,2.521138,-10.568058,0.27053115,2.7880554,-0.88126856,2,1517.0,1499.0,1497.0,1492.0
639941187,1.7327923,-1.7916787,-9.587726,0.27053115,2.7880554,-0.88126856,2,1517.0,1499.0,1497.0,1492.0
639946211,-2.197258,-0.46000746,-10.730839,0.27053115,2.7880554,-0.88126856,2,1517.0,1499.0,1497.0,1492.0
639951189,0.075021565,1.9843394,-10.816569,0.27053115,2.7880554,-0.88126856,2,1517.0,1499.0,1497.0,1492.0
639956187,0.42140353,-1.796171,-9.972523,0.27053115,2.7880554,-0.88126856,2,1517.0,1499.0,1497.0,1492.0
639961211,-0.6864218,0.15934351,-9.9536085,0.27053115,2.7880554,-0.88126856,2,1517.0,1499.0,1497.0,1492.0
639966188,1.2689756,1.4686645,-10.470991,0.27053115,2.7880554,-0.88126856,2,1517.0,1499.0,1497.0,1492.0
639971187,-1.2404746,-2.2351635,-9.197086,0.27053115,2.7880554,-0.88126856,2,1517.0,1499.0,1497.0,1492.0
639976211,-0.72569156,1.4994779,-9.746951,0.27031052,2.8001616,-0.883309,2,1500.0,1489.0,1503.0,1501.0
639981188,1.1673515,-1.603994,-9.449204,0.27031052,2.8001616,-0.883309,2,1500.0,1489.0,1503.0,1501.0
639986187,-1.4142027,0.032806758,-8.950658,0.27031052,2.8001616,-0.883309,2,1500.0,1489.0,1503.0,1501.0
639991211,0.46942455,-0.82641095,-10.298442,0.27031052,2.8001616,-0.883309,2,1500.0,1489.0,1503.0,1501.0
639996188,-0.88762,0.232884,-9.698478,0.27031052,2.8001616,-0.883309,2,1500.0,1489.0,1503.0,1501.0
640001187,-0.12598826,-0.93086314,-9.133089,0.27031052,2.8001616,-0.883309,2,1500.0,1489.0,1503.0,1501.0
640006211,0.76793593,-0.31430954,-9.87358,0.27031052,2.8001616,-0.883309,2,1500.0,1489.0,1503.0,1501.0
640011188,-0.96559244,0.2138025,-9.520868,0.27031052,2.8001616,-0.883309,2,1500.0,1489.0,1503.0,1501.0
640016187,-0.100608304,-0.3180133,-10.377482,0.27031052,2.8001616,-0.883309,2,1500.0,1489.0,1503.0,1501.0
640021211,0.15256418,-0.10374036,-9.340854,0.27031052,2.8001616,-0.883309,2,1500.0,1489.0,1503.0,1501.0
640026188,-0.5699539,-0.75332636,-9.508742,0.27031052,2.8001616,-0.883309,2,1500.0,1489.0,1503.0,1501.0
640031188,0.36077994,-1.1946502,-10.3436165,0.27031052,2.8001616,-0.883309,2,1500.0,1489.0,1503.0,1501.0
640036211,-1.6469666,1.1776903,-10.251554,0.27031052,2.8001616,-0.883309,2,1500.0,1489.0,1503.0,1501.0
640041188,1.1701211,-1.1911448,-9.498555,0.27031052,2.8001616,-0.883309,2,1500.0,1489.0,1503.0,1501.0
640046187,-0.17147852,0.25973082,-8.968325,0.27031052,2.8001616,-0.883309,2,1500.0,1489.0,1503.0,1501.0
640051211,-0.59445107,-1.4146348,-9.849656,0.27031052,2.8001616,-0.883309,2,1500.0,1489.0,1503.0,1501.0
640056188,0.61691964,1.371897,-10.901029,0.27031052,2.8001616,-0.883309,2,1500.0,1489.0,1503.0,1501.0
640061187,-1.4700415,-1.3284694,-8.687288,0.27031052,2.8001616,-0.883309,2,1500.0,1489.0,1503.0,1501.0
640066211,0.84515446,1.4582536,-10.549082,0.27031052,2.8001616,-0.883309,2,1500.0,1489.0,1503.0,1501.0
640071188,0.107330546,-1.870798,-9.18368,0.27031052,2.8001616,-0.883309,2,1500.0,1489.0,1503.0,1501.0
640076186,-1.2899724,0.5774437,-10.294711,0.27023557,2.8102436,-0.8859406,2,1524.0,1513.0,1488.0,1483.0
640081211,1.406499,-0.16148143,-9.408264,0.27023557,2.8102436,-0.8859406,2,1524.0,1513.0,1488.0,1483.0
640086188,-1.3750374,-0.22551052,-9.872028,0.27023557,2.8102436,-0.8859406,2,1524.0,1513.0,1488.0,1483.0
640091187,1.1261976,0.5789717,-9.582771,0.27023557,2.8102436,-0.8859406,2,1524.0,1513.0,1488.0,1483.0
640096211,-0.57417643,-1.429008,-8.91528,0.27023557,2.8102436,-0.8859406,2,1524.0,1513.0,1488.0,1483.0
640101188,-1.176763,-0.006349736,-9.956233,0.27023557,2.8102436,-0.8859406,2,1524.0,1513.0,1488.0,1483.0
640106187,2.523254,0.85247815,-10.928952,0.27023557,2.8102436,-0.8859406,2,1524.0,1513.0,1488.0,1483.0
640111211,-1.8314143,-2.3047755,-8.91258,0.27023557,2.8102436,-0.8859406,2,1524.0,1513.0,1488.0,1483.0
640116188,0.7682253,1.0803914,-10.371726,0.27023557,2.8102436,-0.8859406,2,1524.0,1513.0,1488.0,1483.0
640121188,0.12280676,-1.9968818,-9.315868,0.27023557,2.8102436,-0.8859406,2,1524.0,1513.0,1488.0,1483.0
640126213,-1.1549996,2.1839569,-10.331394,0.27023557,2.8102436,-0.8859406,2,1524.0,1513.0,1488.0,1483.0
640131189,0.9949313,-0.3091203,-10.750122,0.27023557,2.8102436,-0.8859406,2,1524.0,1513.0,1488.0,1483.0
640136187,-0.9910109,-2.1644487,-9.181105,0.27023557,2.8102436,-0.8859406,2,1524.0,1513.0,1488.0,1483.0
640141211,0.36842436,0.92740405,-8.815229,0.27023557,2.8102436,-0.8859406,2,1524.0,1513.0,1488.0,1483.0
640146188,0.115384266,-0.016917424,-9.611349,0.27023557,2.8102436,-0.8859406,2,1524.0,1513.0,1488.0,1483.0
640151188,0.15665364,-0.8045109,-8.995643,0.27023557,2.8102436,-0.8859406,2,1524.0,1513.0,1488.0,1483.0
640156211,-1.7158451,-0.7818921,-8.862873,0.27023557,2.8102436,-0.8859406,2,1524.0,1513.0,1488.0,1483.0
640161188,1.8751134,1.6382405,-8.48163,0.27023557,2.8102436,-0.8859406,2,1524.0,1513.0,1488.0,1483.0
640166186,-0.4034995,-1.3617933,-9.310683,0.27069554,2.8185987,-0.88786983,2,1524.0,1513.0,1488.0,1483.0
640171211,-1.2938018,0.5953233,-9.0278845,0.27069554,2.8185987,-0.88786983,2,1480.0,1459.0,1506.0,1486.0
640176188,0.28625944,-0.6089137,-9.562672,0.27069554,2.8185987,-0.88786983,2,1480.0,1459.0,1506.0,1486.0
640181187,0.4904558,0.04260377,-8.92148,0.27069554,2.8185987,-0.88786983,2,1480.0,1459.0,1506.0,1486.0
640186210,-1.1770338,0.5692814,-9.954535,0.27069554,2.8185987,-0.88786983,2,1480.0,1459.0,1506.0,1486.0
640191188,-1.0070312,-0.6289909,-9.066471,0.27069554,2.8185987,-0.88786983,2,1480.0,1459.0,1506.0,1486.0
640196187,0.9491783,-0.03247507,-9.002023,0.27069554,2.8185987,-0.88786983,2,1480.0,1459.0,1506.0,1486.0
640201211,-0.83936393,-0.64813745,-10.142727,0.27069554,2.8185987,-0.88786983,2,1480.0,1459.0,1506.0,1486.0
640206188,-0.5550754,1.211111,-9.255383,0.27069554,2.8185987,-0.88786983,2,1480.0,1459.0,1506.0,1486.0
640211187,-0.3136193,-0.26764908,-10.495585,0.27069554,2.8185987,-0.88786983,2,1480.0,1459.0,1506.0,1486.0
640216211,1.669811,-1.044626,-10.02933,0.27069554,2.8185987,-0.88786983,2,1480.0,1459.0,1506.0,1486.0
640221189,-2.7578595,-0.10305116,-9.50773,0.27069554,2.8185987,-0.88786983,2,1480.0,1459.0,1506.0,1486.0
640226187,1.1776384,2.0506806,-9.8139105,0.27069554,2.8185987,-0.88786983,2,1480.0,1459.0,1506.0,1486.0
640231211,0.3382862,-2.626387,-9.690711,0.27069554,2.8185987,-0.88786983,2,1480.0,1459.0,1506.0,1486.0
640236188,-1.4056582,0.5922526,-9.081874,0.27069554,2.8185987,-0.88786983,2,1480.0,1459.0,1506.0,1486.0
640241188,1.6755856,-1.3064348,-9.691002,0.27069554,2.8185987,-0.88786983,2,1480.0,1459.0,1506.0,1486.0
640246211,-1.7090381,-0.5796388,-9.468711,0.27069554,2.8185987,-0.88786983,2,1480.0,1459.0,1506.0,1486.0
640251188,1.2636551,1.3013871,-10.02627,0.27069554,2.8185987,-0.88786983,2,1480.0,1459.0,1506.0,1486.0
640256187,-0.95719683,-2.04485,-9.416215,0.27069554,2.8185987,-0.88786983,2,1480.0,1459.0,1506.0,1486.0
640261211,-0.036313187,2.6716044,-12.591208,0.27069554,2.8185987,-0.88786983,2,1480.0,1459.0,1506.0,1486.0
640266188,-0.29053086,-2.320629,-9.942073,0.27069554,2.8185987,-0.88786983,2,1480.0,1459.0,1506.0,1486.0
640271188,-1.355799,1.1273113,-10.995501,0.27069554,2.8185987,-0.88786983,2,1480.0,1459.0,1506.0,1486.0
640276211,1.1254106,-1.6013433,-11.034491,0.2712088,2.8270538,-0.88661623,2,1514.0,1485.0,1540.0,1533.0
640281188,-0.85230386,0.9257632,-9.053189,0.2712088,2.8270538,-0.88661623,2,1514.0,1485.0,1540.0,1533.0
640286187,-0.727405,-1.5608772,-10.297693,0.2712088,2.8270538,-0.88661623,2,1514.0,1485.0,1540.0,1533.0
640291211,0.5069159,0.8554741,-11.34375,0.2712088,2.8270538,-0.88661623,2,1514.0,1485.0,1540.0,1533.0
640296190,0.04338983,-0.8924467,-9.78907,0.2712088,2.8270538,-0.88661623,2,1514.0,1485.0,1540.0,1533.0
640301188,-0.4778776,-0.6046269,-9.883947,0.2712088,2.8270538,-0.88661623,2,1514.0,1485.0,1540.0,1533.0
640306213,0.07471846,0.39946762,-10.609175,0.2712088,2.8270538,-0.88661623,2,1514.0,1485.0,1540.0,1533.0
640311188,0.55459523,1.0434982,-12.08112,0.2712088,2.8270538,-0.88661623,2,1514.0,1485.0,1540.0,1533.0
640316187,1.340196,-0.6873578,-9.98344,0.2712088,2.8270538,-0.88661623,2,1514.0,1485.0,1540.0,1533.0
640321211,-1.1306993,0.75347185,-10.387873,0.2712088,2.8270538,-0.88661623,2,1514.0,1485.0,1540.0,1533.0
640326188,-0.095228925,-0.16747278,-10.90762,0.2712088,2.8270538,-0.88661623,2,1514.0,1485.0,1540.0,1533.0
640331187,0.29974136,-1.1516614,-11.484134,0.2712088,2.8270538,-0.88661623,2,1514.0,1485.0,1540.0,1533.0
640336211,0.26504862,0.64163536,-11.590284,0.2712088,2.8270538,-0.88661623,2,1514.0,1485.0,1540.0,1533.0
640341188,-0.9291809,0.29547304,-10.605329,0.2712088,2.8270538,-0.88661623,2,1514.0,1485.0,1540.0,1533.0
640346187,1.6928536,-0.77240986,-11.117111,0.2712088,2.8270538,-0.88661623,2,1514.0,1485.0,1540.0,1533.0
640351211,-1.9993927,-1.2050276,-10.779733,0.2712088,2.8270538,-0.88661623,2,1514.0,1485.0,1540.0,1533.0
640356188,-0.9709232,-0.3913809,-11.426668,0.2712088,2.8270538,-0.88661623,2,1514.0,1485.0,1540.0,1533.0
640361188,-1.3991613,1.1085064,-10.837699,0.2712088,2.8270538,-0.88661623,2,1514.0,1485.0,1540.0,1533.0
640366211,2.5769715,0.41915676,-11.481666,0.2718779,2.8324475,-0.889481,2,1514.0,1485.0,1540.0,1533.0
640371188,-0.0969234,-2.8741097,-10.691237,0.2718779,2.8324475,-0.889481,2,1545.0,1533.0,1561.0,1561.0
640376187,-0.8565185,-0.028106024,-11.969753,0.2718779,2.8324475,-0.889481,2,1545.0,1533.0,1561.0,1561.0
640381211,1.8711998,0.14520085,-11.333964,0.2718779,2.8324475,-0.889481,2,1545.0,1533.0,1561.0,1561.0
640386188,-2.2510607,-1.9752003,-11.405243,0.2718779,2.8324475,-0.889481,2,1545.0,1533.0,1561.0,1561.0
640391187,0.5522354,0.7939941,-11.071404,0.2718779,2.8324475,-0.889481,2,1545.0,1533.0,1561.0,1561.0
640396211,-0.01901752,-0.6683719,-12.174594,0.2718779,2.8324475,-0.889481,2,1545.0,1533.0,1561.0,1561.0
640401188,0.42061564,-0.8856477,-10.739274,0.2718779,2.8324475,-0.889481,2,1545.0,1533.0,1561.0,1561.0
640406187,-0.71825147,1.3299651,-12.23693,0.2718779,2.8324475,-0.889481,2,1545.0,1533.0,1561.0,1561.0
640411211,-0.49428537,0.07297855,-11.4916,0.2718779,2.8324475,-0.889481,2,1545.0,1533.0,1561.0,1561.0
640416188,-0.3459075,-1.5879008,-11.859185,0.2718779,2.8324475,-0.889481,2,1545.0,1533.0,1561.0,1561.0
640421187,0.09680608,0.29114294,-12.683425,0.2718779,2.8324475,-0.889481,2,1545.0,1533.0,1561.0,1561.0
640426211,-0.58642066,-0.75903064,-11.486172,0.2718779,2.8324475,-0.889481,2,1545.0,1533.0,1561.0,1561.0
640431188,-0.73103094,2.5866642,-11.881511,0.2718779,2.8324475,-0.889481,2,1545.0,1533.0,1561.0,1561.0
640436187,0.31973428,-1.3336533,-11.646243,0.2718779,2.8324475,-0.889481,2,1545.0,1533.0,1561.0,1561.0
640441211,0.39943245,-1.8681016,-11.842006,0.2718779,2.8324475,-0.889481,2,1545.0,1533.0,1561.0,1561.0
640446188,-0.714181,-0.2253029,-12.964424,0.2718779,2.8324475,-0.889481,2,1545.0,1533.0,1561.0,1561.0
640451188,-0.59588325,0.7247678,-11.4901905,0.2718779,2.8324475,-0.889481,2,1545.0,1533.0,1561.0,1561.0
640456211,-1.6026173,1.5828931,-12.235645,0.2718779,2.8324475,-0.889481,2,1545.0,1533.0,1561.0,1561.0
640461188,-0.47548854,-0.76309705,-11.158841,0.2718779,2.8324475,-0.889481,2,1545.0,1533.0,1561.0,1561.0
640466187,-0.5916188,-1.0911286,-11.943107,0.2718779,2.8324475,-0.889481,2,1545.0,1533.0,1561.0,1561.0
640471211,-0.17662777,-1.48889,-11.545344,0.2718779,2.8324475,-0.889481,2,1545.0,1533.0,1561.0,1561.0
640476188,0.45914578,0.17940572,-12.181578,0.2742528,2.837637,-0.9089952,2,1564.0,1559.0,1559.0,1541.0
640481188,-0.35249278,1.5235494,-12.024393,0.2742528,2.837637,-0.9089952,2,1564.0,1559.0,1559.0,1541.0
640486211,0.53108144,-1.8612529,-11.658817,0.2742528,2.837637,-0.9089952,2,1564.0,1559.0,1559.0,1541.0
640491188,-1.0466248,-1.3765062,-11.188391,0.2742528,2.837637,-0.9089952,2,1564.0,1559.0,1559.0,1541.0
640496186,0.55855876,-0.683532,-11.837508,0.2742528,2.837637,-0.9089952,2,1564.0,1559.0,1559.0,1541.0
640501211,-0.22212753,0.65183103,-11.545621,0.2742528,2.837637,-0.9089952,2,1564.0,1559.0,1559.0,1541.0
640506188,-0.6254446,1.3466375,-12.275377,0.2742528,2.837637,-0.9089952,2,1564.0,1559.0,1559.0,1541.0
640511188,-0.5072119,0.29020995,-12.046291,0.2742528,2.837637,-0.9089952,2,1564.0,1559.0,1559.0,1541.0
640516211,-0.23012206,-0.6406043,-11.760198,0.2742528,2.837637,-0.9089952,2,1564.0,1559.0,1559.0,1541.0
640521188,1.250549,-2.5081317,-11.019089,0.2742528,2.837637,-0.9089952,2,1564.0,1559.0,1559.0,1541.0
640526187,1.7343451,-1.2113196,-10.863355,0.2742528,2.837637,-0.9089952,2,1564.0,1559.0,1559.0,1541.0
640531211,-1.2296172,-0.078419246,-10.904593,0.2742528,2.837637,-0.9089952,2,1564.0,1559.0,1559.0,1541.0
640536188,-1.4326904,2.0879188,-11.805779,0.2742528,2.837637,-0.9089952,2,1564.0,1559.0,1559.0,1541.0
640541187,-1.4422204,0.32458058,-11.282939,0.2742528,2.837637,-0.9089952,2,1564.0,1559.0,1559.0,1541.0
640546210,1.0714986,-2.066323,-10.925234,0.2742528,2.837637,-0.9089952,2,1564.0,1559.0,1559.0,1541.0
640551188,-0.073764026,-0.09816051,-11.073032,0.2742528,2.837637,-0.9089952,2,1564.0,1559.0,1559.0,1541.0
640556187,0.39643988,-0.66181743,-10.42454,0.2742528,2.837637,-0.9089952,2,1564.0,1559.0,1559.0,1541.0
640561211,-1.259275,0.46520856,-11.180348,0.2742528,2.837637,-0.9089952,2,1564.0,1559.0,1559.0,1541.0
640566206,0.3105569,0.30512273,-11.99743,0.2769015,2.8397653,-0.94206256,2,1564.0,1559.0,1559.0,1541.0
640571187,-0.12350593,-2.838919,-11.1925535,0.2769015,2.8397653,-0.94206256,2,1549.0,1514.0,1572.0,1542.0
640576211,-0.39380234,0.5369106,-10.552392,0.2769015,2.8397653,-0.94206256,2,1549.0,1514.0,1572.0,1542.0
640581188,0.51854914,1.0738449,-10.993909,0.2769015,2.8397653,-0.94206256,2,1549.0,1514.0,1572.0,1542.0
640586187,1.4303353,0.30189303,-10.797289,0.2769015,2.8397653,-0.94206256,2,1549.0,1514.0,1572.0,1542.0
640591212,0.14846069,-0.84517485,-11.727185,0.2769015,2.8397653,-0.94206256,2,1549.0,1514.0,1572.0,1542.0
640596188,-0.4024444,-2.8051503,-11.312396,0.2769015,2.8397653,-0.94206256,2,1549.0,1514.0,1572.0,1542.0
640601188,-1.0312722,1.1168978,-10.549637,0.2769015,2.8397653,-0.94206256,2,1549.0,1514.0,1572.0,1542.0
640606210,0.8128654,1.3262388,-10.673123,0.2769015,2.8397653,-0.94206256,2,1549.0,1514.0,1572.0,1542.0
640611188,1.0143272,-1.6533434,-9.783645,0.2769015,2.8397653,-0.94206256,2,1549.0,1514.0,1572.0,1542.0
640616187,-2.2085667,-1.5658966,-10.719986,0.2769015,2.8397653,-0.94206256,2,1549.0,1514.0,1572.0,1542.0
640621211,-0.5755035,-0.1720381,-11.227872,0.2769015,2.8397653,-0.94206256,2,1549.0,1514.0,1572.0,1542.0
640626188,-0.16000904,1.084166,-11.435772,0.2769015,2.8397653,-0.94206256,2,1549.0,1514.0,1572.0,1542.0
640631188,1.2487198,-0.49269226,-10.100723,0.2769015,2.8397653,-0.94206256,2,1549.0,1514.0,1572.0,1542.0
640636211,-0.027099323,-1.2111508,-10.039581,0.2769015,2.8397653,-0.94206256,2,1549.0,1514.0,1572.0,1542.0
640641188,0.82120776,0.6336867,-11.152054,0.2769015,2.8397653,-0.94206256,2,1549.0,1514.0,1572.0,1542.0
640646187,-0.039968565,-1.6893035,-10.512159,0.2769015,2.8397653,-0.94206256,2,1549.0,1514.0,1572.0,1542.0
640651211,-1.4097123,-0.81581885,-10.9992895,0.2769015,2.8397653,-0.94206256,2,1549.0,1514.0,1572.0,1542.0
640656187,-0.97480446,1.7302883,-10.244117,0.2769015,2.8397653,-0.94206256,2,1549.0,1514.0,1572.0,1542.0
640661187,-0.07640972,0.00635418,-10.110843,0.2769015,2.8397653,-0.94206256,2,1549.0,1514.0,1572.0,1542.0
640666211,0.94415164,-2.048465,-10.596677,0.2769015,2.8397653,-0.94206256,2,1549.0,1514.0,1572.0,1542.0
640671188,0.56212324,0.20443273,-10.593396,0.2769015,2.8397653,-0.94206256,2,1549.0,1514.0,1572.0,1542.0
640676187,-1.5057496,0.8424975,-10.649413,0.28148577,2.8417716,-0.9956514,2,1526.0,1511.0,1533.0,1507.0
640681214,0.21023016,0.70830584,-10.522966,0.28148577,2.8417716,-0.9956514,2,1526.0,1511.0,1533.0,1507.0
640686187,-0.24885069,-0.7929137,-9.992388,0.28148577,2.8417716,-0.9956514,2,1526.0,1511.0,1533.0,1507.0
640691187,-0.45309937,-1.2409974,-10.037287,0.28148577,2.8417716,-0.9956514,2,1526.0,1511.0,1533.0,1507.0
640696212,1.383078,0.8453883,-11.103901,0.28148577,2.8417716,-0.9956514,2,1526.0,1511.0,1533.0,1507.0
640701188,-1.3726412,-1.7794456,-9.624865,0.28148577,2.8417716,-0.9956514,2,1526.0,1511.0,1533.0,1507.0
640706187,0.24449402,0.8831275,-9.527214,0.28148577,2.8417716,-0.9956514,2,1526.0,1511.0,1533.0,1507.0
640711211,-0.52261275,-1.0084711,-9.684974,0.28148577,2.8417716,-0.9956514,2,1526.0,1511.0,1533.0,1507.0
640716186,0.7329578,1.303003,-10.132993,0.28148577,2.8417716,-0.9956514,2,1526.0,1511.0,1533.0,1507.0
640721188,0.9533455,-0.6577635,-9.806284,0.28148577,2.8417716,-0.9956514,2,1526.0,1511.0,1533.0,1507.0
640726211,-1.5490259,0.092747636,-9.648445,0.28148577,2.8417716,-0.9956514,2,1526.0,1511.0,1533.0,1507.0
640731188,-0.35537243,-1.0946639,-9.483921,0.28148577,2.8417716,-0.9956514,2,1526.0,1511.0,1533.0,1507.0
640736187,0.7701332,1.8534353,-10.030481,0.28148577,2.8417716,-0.9956514,2,1526.0,1511.0,1533.0,1507.0
640741211,0.71797097,-2.052103,-9.163308,0.28148577,2.8417716,-0.9956514,2,1526.0,1511.0,1533.0,1507.0
640746187,-1.6778102,0.88122666,-9.282502,0.28148577,2.8417716,-0.9956514,2,1526.0,1511.0,1533.0,1507.0
640751188,0.9204647,-0.8077608,-10.054022,0.28148577,2.8417716,-0.9956514,2,1526.0,1511.0,1533.0,1507.0
640756211,-0.5898773,0.02205874,-9.177952,0.28148577,2.8417716,-0.9956514,2,1526.0,1511.0,1533.0,1507.0
640761187,0.2111029,-0.46500987,-8.915982,0.28148577,2.8417716,-0.9956514,2,1526.0,1511.0,1533.0,1507.0
640766187,0.4150692,-0.46293646,-9.722469,0.28148577,2.8417716,-0.9956514,2,1526.0,1511.0,1533.0,1507.0
640771212,-1.3248236,0.8182184,-9.231226,0.28148577,2.8417716,-0.9956514,2,1526.0,1511.0,1533.0,1507.0
640776186,0.6643522,-0.30001938,-9.7198515,0.2857528,2.8423994,-1.0490474,2,1501.0,1491.0,1486.0,1480.0
640781188,-1.0169071,-0.03671455,-8.419071,0.2857528,2.8423994,-1.0490474,2,1501.0,1491.0,1486.0,1480.0
640786211,0.40403557,-0.46501943,-9.183124,0.2857528,2.8423994,-1.0490474,2,1501.0,1491.0,1486.0,1480.0
640791188,0.26469532,-0.94631284,-9.652877,0.2857528,2.8423994,-1.0490474,2,1501.0,1491.0,1486.0,1480.0
640796188,-1.3571537,1.253889,-9.024975,0.2857528,2.8423994,-1.0490474,2,1501.0,1491.0,1486.0,1480.0
640801211,1.3663675,-0.02749613,-9.288982,0.2857528,2.8423994,-1.0490474,2,1501.0,1491.0,1486.0,1480.0
640806187,-1.323288,-1.0966756,-8.61614,0.2857528,2.8423994,-1.0490474,2,1501.0,1491.0,1486.0,1480.0
640811188,0.37440497,0.2453264,-10.052131,0.2857528,2.8423994,-1.0490474,2,1501.0,1491.0,1486.0,1480.0
640816211,-0.16390811,0.97747135,-8.966172,0.2857528,2.8423994,-1.0490474,2,1501.0,1491.0,1486.0,1480.0
640821188,-0.22998562,-1.0770085,-9.013302,0.2857528,2.8423994,-1.0490474,2,1501.0,1491.0,1486.0,1480.0
640826187,0.068720095,-0.55251944,-9.2398,0.2857528,2.8423994,-1.0490474,2,1501.0,1491.0,1486.0,1480.0
640831211,0.5214233,-0.21628693,-9.37721,0.2857528,2.8423994,-1.0490474,2,1501.0,1491.0,1486.0,1480.0
640836187,-0.74271035,0.09843146,-9.527722,0.2857528,2.8423994,-1.0490474,2,1501.0,1491.0,1486.0,1480.0
640841188,0.2667795,0.116153345,-8.947454,0.2857528,2.8423994,-1.0490474,2,1501.0,1491.0,1486.0,1480.0
640846211,0.093096934,-1.5225301,-9.256201,0.2857528,2.8423994,-1.0490474,2,1501.0,1491.0,1486.0,1480.0
640851188,-0.8653813,-0.20524207,-9.368535,0.2857528,2.8423994,-1.0490474,2,1501.0,1491.0,1486.0,1480.0
640856187,0.7093089,1.5047636,-9.678949,0.2857528,2.8423994,-1.0490474,2,1501.0,1491.0,1486.0,1480.0
640861211,-1.1862086,-2.0876236,-8.793741,0.2857528,2.8423994,-1.0490474,2,1501.0,1491.0,1486.0,1480.0
640866187,0.97217894,0.84248513,-9.701975,0.28900793,2.8413708,-1.0928116,2,1501.0,1491.0,1486.0,1480.0
640871188,-0.6858366,-1.9590764,-9.240114,0.28900793,2.8413708,-1.0928116,2,1522.0,1487.0,1512.0,1506.0
640876211,-0.71515507,0.92884827,-9.816224,0.28900793,2.8413708,-1.0928116,2,1522.0,1487.0,1512.0,1506.0
640881187,0.6168545,-0.3725069,-9.210358,0.28900793,2.8413708,-1.0928116,2,1522.0,1487.0,1512.0,1506.0
640886188,-0.8211133,-0.7071968,-9.588027,0.28900793,2.8413708,-1.0928116,2,1522.0,1487.0,1512.0,1506.0
640891212,1.1705295,-0.04960588,-9.788045,0.28900793,2.8413708,-1.0928116,2,1522.0,1487.0,1512.0,1506.0
640896187,-1.8616395,-1.084524,-9.013682,0.28900793,2.8413708,-1.0928116,2,1522.0,1487.0,1512.0,1506.0
640901188,0.5952741,1.223437,-9.759984,0.28900793,2.8413708,-1.0928116,2,1522.0,1487.0,1512.0,1506.0
640906211,0.10184901,-1.3781277,-9.410605,0.28900793,2.8413708,-1.0928116,2,1522.0,1487.0,1512.0,1506.0
640911188,-0.61751914,0.8694106,-9.272369,0.28900793,2.8413708,-1.0928116,2,1522.0,1487.0,1512.0,1506.0
640916188,1.0009353,-1.2748811,-9.701975,0.28900793,2.8413708,-1.0928116,2,1522.0,1487.0,1512.0,1506.0
640921211,-1.5384814,0.98876476,-9.317604,0.28900793,2.8413708,-1.0928116,2,1522.0,1487.0,1512.0,1506.0
640926186,0.7260466,-1.2648263,-9.913736,0.28900793,2.8413708,-1.0928116,2,1522.0,1487.0,1512.0,1506.0
640931188,-0.59244424,0.72598815,-9.136292,0.28900793,2.8413708,-1.0928116,2,1522.0,1487.0,1512.0,1506.0
640936211,0.41648948,-2.0840135,-9.597321,0.28900793,2.8413708,-1.0928116,2,1522.0,1487.0,1512.0,1506.0
640941188,-0.8673536,0.33919618,-9.973038,0.28900793,2.8413708,-1.0928116,2,1522.0,1487.0,1512.0,1506.0
640946187,0.054436512,1.1116949,-9.228207,0.28900793,2.8413708,-1.0928116,2,1522.0,1487.0,1512.0,1506.0
640951212,0.007783254,-2.2039108,-9.074952,0.28900793,2.8413708,-1.0928116,2,1522.0,1487.0,1512.0,1506.0
640956187,0.08141808,1.2833111,-9.769842,0.28900793,2.8413708,-1.0928116,2,1522.0,1487.0,1512.0,1506.0
640961188,0.21049924,-2.0230808,-9.3057,0.28900793,2.8413708,-1.0928116,2,1522.0,1487.0,1512.0,1506.0
640966211,-1.1298093,1.1691788,-9.827232,0.28900793,2.8413708,-1.0928116,2,1522.0,1487.0,1512.0,1506.0
640971188,1.7053591,-0.42369035,-9.073831,0.28900793,2.8413708,-1.0928116,2,1522.0,1487.0,1512.0,1506.0
640976188,-1.2088152,-1.4865845,-8.939032,0.29369867,2.8368323,-1.1404421,2,1521.0,1484.0,1509.0,1495.0
640981212,0.7595415,1.3632079,-10.572577,0.29369867,2.8368323,-1.1404421,2,1521.0,1484.0,1509.0,1495.0
640986186,-1.0379825,-0.90079755,-9.030016,0.29369867,2.8368323,-1.1404421,2,1521.0,1484.0,1509.0,1495.0
640991188,0.25325763,0.19668122,-9.504806,0.29369867,2.8368323,-1.1404421,2,1521.0,1484.0,1509.0,1495.0
640996213,0.6562878,-0.63258,-9.13205,0.29369867,2.8368323,-1.1404421,2,1521.0,1484.0,1509.0,1495.0
641001188,-1.3841089,-1.0987616,-9.467788,0.29369867,2.8368323,-1.1404421,2,1521.0,1484.0,1509.0,1495.0
641006188,0.9855749,1.2500305,-9.729891,0.29369867,2.8368323,-1.1404421,2,1521.0,1484.0,1509.0,1495.0
641011213,-1.0494972,-1.0387855,-8.86873,0.29369867,2.8368323,-1.1404421,2,1521.0,1484.0,1509.0,1495.0
641016187,0.3992658,0.024409184,-8.79419,0.29369867,2.8368323,-1.1404421,2,1521.0,1484.0,1509.0,1495.0
641021188,0.57048655,-0.46259212,-9.271296,0.29369867,2.8368323,-1.1404421,2,1521.0,1484.0,1509.0,1495.0
641026211,-0.89403176,-1.1238177,-8.996292,0.29369867,2.8368323,-1.1404421,2,1521.0,1484.0,1509.0,1495.0
641031188,-0.0077115023,1.4913566,-9.234603,0.29369867,2.8368323,-1.1404421,2,1521.0,1484.0,1509.0,1495.0
641036188,0.24550192,-1.5753326,-8.66082,0.29369867,2.8368323,-1.1404421,2,1521.0,1484.0,1509.0,1495.0
641041213,-0.12734704,-0.7745793,-8.839067,0.29369867,2.8368323,-1.1404421,2,1521.0,1484.0,1509.0,1495.0
641046187,0.028220424,0.8316067,-9.163586,0.29369867,2.8368323,-1.1404421,2,1521.0,1484.0,1509.0,1495.0
641051188,0.49648687,1.5237792,-8.893998,0.29369867,2.8368323,-1.1404421,2,1521.0,1484.0,1509.0,1495.0
641056211,-0.6625107,-2.9627252,-8.404069,0.29369867,2.8368323,-1.1404421,2,1521.0,1484.0,1509.0,1495.0
641061187,-0.5395696,0.5430864,-9.156269,0.29369867,2.8368323,-1.1404421,2,1521.0,1484.0,1509.0,1495.0
641066188,0.124089725,0.3569236,-8.65602,0.2980713,2.83146,-1.1752007,2,1521.0,1484.0,1509.0,1495.0
641071212,0.545456,-0.51886886,-8.827982,0.2980713,2.83146,-1.1752007,2,1490.0,1474.0,1460.0,1460.0
641076187,0.03797197,-0.39661935,-8.631928,0.2980713,2.83146,-1.1752007,2,1490.0,1474.0,1460.0,1460.0
641081188,-1.0607909,0.17500655,-8.36193,0.2980713,2.83146,-1.1752007,2,1490.0,1474.0,1460.0,1460.0
641086211,0.588048,0.8671892,-8.882187,0.2980713,2.83146,-1.1752007,2,1490.0,1474.0,1460.0,1460.0
641091187,0.1362626,-1.8764362,-7.5481105,0.2980713,2.83146,-1.1752007,2,1490.0,1474.0,1460.0,1460.0
641096188,-0.1268606,0.22672443,-8.525363,0.2980713,2.83146,-1.1752007,2,1490.0,1474.0,1460.0,1460.0
641101211,-1.3386232,-0.43025002,-7.850624,0.2980713,2.83146,-1.1752007,2,1490.0,1474.0,1460.0,1460.0
641106187,0.50682116,0.41335642,-8.719214,0.2980713,2.83146,-1.1752007,2,1490.0,1474.0,1460.0,1460.0
641111188,0.24173331,-0.5447662,-8.20614,0.2980713,2.83146,-1.1752007,2,1490.0,1474.0,1460.0,1460.0
641116211,-0.11022961,-0.4203156,-8.378796,0.2980713,2.83146,-1.1752007,2,1490.0,1474.0,1460.0,1460.0
641121188,0.7529602,-0.040188685,-8.279779,0.2980713,2.83146,-1.1752007,2,1490.0,1474.0,1460.0,1460.0
641126187,-0.33209524,0.14661327,-8.317383,0.2980713,2.83146,-1.1752007,2,1490.0,1474.0,1460.0,1460.0
641131212,-0.95015085,-0.44571033,-8.202057,0.2980713,2.83146,-1.1752007,2,1490.0,1474.0,1460.0,1460.0
641136187,0.045459393,0.9112446,-8.145321,0.2980713,2.83146,-1.1752007,2,1490.0,1474.0,1460.0,1460.0
641141188,2.0355258,-1.1283135,-7.4537725,0.2980713,2.83146,-1.1752007,2,1490.0,1474.0,1460.0,1460.0
641146211,-0.96728855,-0.10939136,-7.752656,0.2980713,2.83146,-1.1752007,2,1490.0,1474.0,1460.0,1460.0
641151188,0.06279963,-0.30590913,-7.8145695,0.2980713,2.83146,-1.1752007,2,1490.0,1474.0,1460.0,1460.0
641156187,0.5073669,0.14840503,-7.9082,0.2980713,2.83146,-1.1752007,2,1490.0,1474.0,1460.0,1460.0
641161214,-0.50129116,-0.5980307,-7.916505,0.2980713,2.83146,-1.1752007,2,1490.0,1474.0,1460.0,1460.0
641166187,-0.8594934,-0.14386949,-7.7348976,0.2980713,2.83146,-1.1752007,2,1490.0,1474.0,1460.0,1460.0
641171188,0.39920902,-0.17748548,-7.6546283,0.2980713,2.83146,-1.1752007,2,1490.0,1474.0,1460.0,1460.0
641176212,0.57420427,0.3969374,-7.875337,0.3031372,2.825295,-1.2056499,2,1461.0,1428.0,1447.0,1429.0
641181188,-1.0653398,-0.54673076,-7.569882,0.3031372,2.825295,-1.2056499,2,1461.0,1428.0,1447.0,1429.0
641186188,0.10084036,-0.33774287,-7.637672,0.3031372,2.825295,-1.2056499,2,1461.0,1428.0,1447.0,1429.0
641191212,1.073328,-0.53916705,-6.932345,0.3031372,2.825295,-1.2056499,2,1461.0,1428.0,1447.0,1429.0
641196187,-1.6664205,0.41457197,-7.9023104,0.3031372,2.825295,-1.2056499,2,1461.0,1428.0,1447.0,1429.0
641201188,0.1837161,-0.43575695,-7.3956375,0.3031372,2.825295,-1.2056499,2,1461.0,1428.0,1447.0,1429.0
641206215,1.0439934,-0.4432652,-7.2987247,0.3031372,2.825295,-1.2056499,2,1461.0,1428.0,1447.0,1429.0
641211188,-0.8532675,0.054614615,-7.479529,0.3031372,2.825295,-1.2056499,2,1461.0,1428.0,1447.0,1429.0
641216188,0.5208206,-0.7123533,-7.624376,0.3031372,2.825295,-1.2056499,2,1461.0,1428.0,1447.0,1429.0
641221211,0.5744093,-0.71511316,-6.918691,0.3031372,2.825295,-1.2056499,2,1461.0,1428.0,1447.0,1429.0
641226186,-0.9989305,1.0850892,-7.811327,0.3031372,2.825295,-1.2056499,2,1461.0,1428.0,1447.0,1429.0
641231188,0.2790487,0.10599907,-7.2698464,0.3031372,2.825295,-1.2056499,2,1461.0,1428.0,1447.0,1429.0
641236211,0.85985065,-0.68191224,-6.8977633,0.3031372,2.825295,-1.2056499,2,1461.0,1428.0,1447.0,1429.0
641241187,-0.6438233,-0.31744274,-7.558101,0.3031372,2.825295,-1.2056499,2,1461.0,1428.0,1447.0,1429.0
641246188,0.46582454,0.065954074,-8.063603,0.3031372,2.825295,-1.2056499,2,1461.0,1428.0,1447.0,1429.0
641251214,0.7019179,-0.649274,-6.9624424,0.3031372,2.825295,-1.2056499,2,1461.0,1428.0,1447.0,1429.0
641256187,-0.47210026,-0.45182234,-7.535968,0.3031372,2.825295,-1.2056499,2,1461.0,1428.0,1447.0,1429.0
641261188,0.019657118,0.62797517,-8.213519,0.3031372,2.825295,-1.2056499,2,1461.0,1428.0,1447.0,1429.0
641266211,1.1088287,-0.8558501,-6.9523892,0.30699113,2.8211422,-1.2127242,2,1461.0,1428.0,1447.0,1429.0
641271187,-1.4222358,-0.066305414,-7.7034407,0.30699113,2.8211422,-1.2127242,2,1472.0,1466.0,1451.0,1446.0
641276188,0.29245684,0.10420842,-7.842393,0.30699113,2.8211422,-1.2127242,2,1472.0,1466.0,1451.0,1446.0
641281213,0.145197,-0.6875397,-7.6729584,0.30699113,2.8211422,-1.2127242,2,1472.0,1466.0,1451.0,1446.0
641286187,-0.94430333,0.20437986,-7.7867594,0.30699113,2.8211422,-1.2127242,2,1472.0,1466.0,1451.0,1446.0
641291188,-0.7011135,-0.061434556,-7.9175296,0.30699113,2.8211422,-1.2127242,2,1472.0,1466.0,1451.0,1446.0
641296211,0.5170788,-0.22868252,-7.9263735,0.30699113,2.8211422,-1.2127242,2,1472.0,1466.0,1451.0,1446.0
641301188,-0.9928169,-0.13302195,-8.240387,0.30699113,2.8211422,-1.2127242,2,1472.0,1466.0,1451.0,1446.0
641306188,0.42740414,-0.14201522,-8.404088,0.30699113,2.8211422,-1.2127242,2,1472.0,1466.0,1451.0,1446.0
641311211,0.30645812,-0.35648185,-8.007739,0.30699113,2.8211422,-1.2127242,2,1472.0,1466.0,1451.0,1446.0
641316187,-0.52371204,-0.4774916,-8.2879,0.30699113,2.8211422,-1.2127242,2,1472.0,1466.0,1451.0,1446.0
641321188,0.67278206,0.37309068,-8.700001,0.30699113,2.8211422,-1.2127242,2,1472.0,1466.0,1451.0,1446.0
641326211,-0.217242,-1.0972804,-8.024856,0.30699113,2.8211422,-1.2127242,2,1472.0,1466.0,1451.0,1446.0
641331188,-1.3531716,1.0344785,-8.894667,0.30699113,2.8211422,-1.2127242,2,1472.0,1466.0,1451.0,1446.0
641336187,1.1166196,-0.47785422,-8.258424,0.30699113,2.8211422,-1.2127242,2,1472.0,1466.0,1451.0,1446.0
641341211,-0.1983998,-0.121453196,-8.14353,0.30699113,2.8211422,-1.2127242,2,1472.0,1466.0,1451.0,1446.0
641346187,-1.2461277,0.20926395,-9.295274,0.30699113,2.8211422,-1.2127242,2,1472.0,1466.0,1451.0,1446.0
641351188,0.94200736,-1.4649097,-8.651608,0.30699113,2.8211422,-1.2127242,2,1472.0,1466.0,1451.0,1446.0
641356210,-0.07718637,0.34330466,-8.327519,0.30699113,2.8211422,-1.2127242,2,1472.0,1466.0,1451.0,1446.0
641361188,-0.9909904,0.28579882,-9.151621,0.30699113,2.8211422,-1.2127242,2,1472.0,1466.0,1451.0,1446.0
641366188,0.29894495,-0.26860884,-8.878851,0.30699113,2.8211422,-1.2127242,2,1472.0,1466.0,1451.0,1446.0
641371211,0.88559926,-0.33242676,-8.467154,0.30699113,2.8211422,-1.2127242,2,1472.0,1466.0,1451.0,1446.0
641376187,-1.5897524,-1.6496866,-9.249879,0.3125489,2.8089235,-1.1951543,2,1515.0,1495.0,1496.0,1495.0
641381188,0.5448353,2.1339576,-9.61796,0.3125489,2.8089235,-1.1951543,2,1515.0,1495.0,1496.0,1495.0
641386210,0.6219201,-1.6059226,-8.728652,0.3125489,2.8089235,-1.1951543,2,1515.0,1495.0,1496.0,1495.0
641391188,-0.7506091,-0.6613365,-9.317244,0.3125489,2.8089235,-1.1951543,2,1515.0,1495.0,1496.0,1495.0
641396188,-0.44699454,0.18315065,-8.428476,0.3125489,2.8089235,-1.1951543,2,1515.0,1495.0,1496.0,1495.0
641401211,2.2463362,0.3987846,-10.180169,0.3125489,2.8089235,-1.1951543,2,1515.0,1495.0,1496.0,1495.0
641406187,-2.5445287,-0.7503589,-9.056126,0.3125489,2.8089235,-1.1951543,2,1515.0,1495.0,1496.0,1495.0
641411188,0.48063195,0.07707137,-9.417423,0.3125489,2.8089235,-1.1951543,2,1515.0,1495.0,1496.0,1495.0
641416210,1.8981855,-0.38396102,-9.362502,0.3125489,2.8089235,-1.1951543,2,1515.0,1495.0,1496.0,1495.0
641421188,-1.9322922,-0.8869,-9.5266075,0.3125489,2.8089235,-1.1951543,2,1515.0,1495.0,1496.0,1495.0
641426188,1.0741955,1.5668625,-10.020291,0.3125489,2.8089235,-1.1951543,2,1515.0,1495.0,1496.0,1495.0
641431211,0.2674116,-2.048909,-8.888469,0.3125489,2.8089235,-1.1951543,2,1515.0,1495.0,1496.0,1495.0
641436187,-0.7360175,0.61025745,-9.76246,0.3125489,2.8089235,-1.1951543,2,1515.0,1495.0,1496.0,1495.0
641441190,1.1231109,0.6822,-9.888095,0.3125489,2.8089235,-1.1951543,2,1515.0,1495.0,1496.0,1495.0
641446210,-0.60243607,-1.3150686,-10.001687,0.3125489,2.8089235,-1.1951543,2,1515.0,1495.0,1496.0,1495.0
641451188,-0.44846407,-1.1316153,-9.845959,0.3125489,2.8089235,-1.1951543,2,1515.0,1495.0,1496.0,1495.0
641456188,-0.63790584,0.5684242,-10.045674,0.3125489,2.8089235,-1.1951543,2,1515.0,1495.0,1496.0,1495.0
641461211,1.8153011,0.72940165,-9.731638,0.3125489,2.8089235,-1.1951543,2,1515.0,1495.0,1496.0,1495.0
641466187,-1.1479524,-1.597151,-9.717105,0.3125489,2.8089235,-1.1951543,2,1515.0,1495.0,1496.0,1495.0
641471190,-0.6111712,0.23851532,-10.60347,0.3125489,2.8089235,-1.1951543,2,1515.0,1495.0,1496.0,1495.0
641476210,-0.85655886,0.10513295,-10.180252,0.31789637,2.793818,-1.1682012,2,1555.0,1541.0,1535.0,1516.0
641481187,2.0713334,1.0783298,-10.324808,0.31789637,2.793818,-1.1682012,2,1555.0,1541.0,1535.0,1516.0
641486188,1.0185784,-2.0599072,-10.193975,0.31789637,2.793818,-1.1682012,2,1555.0,1541.0,1535.0,1516.0
641491211,-1.8628194,-0.9351413,-9.991512,0.31789637,2.793818,-1.1682012,2,1555.0,1541.0,1535.0,1516.0
641496187,-1.6159608,1.006418,-11.534643,0.31789637,2.793818,-1.1682012,2,1555.0,1541.0,1535.0,1516.0
641501188,0.080799066,-0.6395186,-10.206655,0.31789637,2.793818,-1.1682012,2,1555.0,1541.0,1535.0,1516.0
641506210,0.9038862,1.882101,-9.913431,0.31789637,2.793818,-1.1682012,2,1555.0,1541.0,1535.0,1516.0
641511188,0.91838294,-2.9760253,-10.455908,0.31789637,2.793818,-1.1682012,2,1555.0,1541.0,1535.0,1516.0
641516189,0.16535698,-0.4479847,-11.096543,0.31789637,2.793818,-1.1682012,2,1555.0,1541.0,1535.0,1516.0
641521211,-1.3435967,-0.0058931396,-10.687368,0.31789637,2.793818,-1.1682012,2,1555.0,1541.0,1535.0,1516.0
641526188,-1.7345946,-0.27842107,-10.273203,0.31789637,2.793818,-1.1682012,2,1555.0,1541.0,1535.0,1516.0
641531188,2.2413037,2.1134703,-10.993891,0.31789637,2.793818,-1.1682012,2,1555.0,1541.0,1535.0,1516.0
641536210,0.5508281,-2.5884893,-10.4158,0.31789637,2.793818,-1.1682012,2,1555.0,1541.0,1535.0,1516.0
641541188,-0.97154003,-0.79834396,-10.766217,0.31789637,2.793818,-1.1682012,2,1555.0,1541.0,1535.0,1516.0
641546188,-0.40548295,0.9495738,-11.030848,0.31789637,2.793818,-1.1682012,2,1555.0,1541.0,1535.0,1516.0
641551211,1.1596676,-1.111428,-10.023437,0.31789637,2.793818,-1.1682012,2,1555.0,1541.0,1535.0,1516.0
641556187,0.6870994,0.3625149,-10.4655905,0.31789637,2.793818,-1.1682012,2,1555.0,1541.0,1535.0,1516.0
641561188,-1.475684,-1.1461793,-10.202364,0.31789637,2.793818,-1.1682012,2,1555.0,1541.0,1535.0,1516.0
641566210,0.5900986,0.78360194,-10.807572,0.32248512,2.779321,-1.1453693,2,1555.0,1541.0,1535.0,1516.0
641571188,-0.35451087,-0.60500085,-10.809051,0.32248512,2.779321,-1.1453693,2,1543.0,1506.0,1550.0,1534.0
641576188,-0.37099767,-0.73428565,-9.850344,0.32248512,2.779321,-1.1453693,2,1543.0,1506.0,1550.0,1534.0
641581211,-0.21493098,1.3623018,-11.112401,0.32248512,2.779321,-1.1453693,2,1543.0,1506.0,1550.0,1534.0
641586187,0.9304275,-0.7600974,-10.549836,0.32248512,2.779321,-1.1453693,2,1543.0,1506.0,1550.0,1534.0
641591188,0.8974955,-0.7761196,-10.742005,0.32248512,2.779321,-1.1453693,2,1543.0,1506.0,1550.0,1534.0
641596210,-1.3005083,-1.148363,-9.439722,0.32248512,2.779321,-1.1453693,2,1543.0,1506.0,1550.0,1534.0
641601188,-0.36446297,0.50146496,-11.021179,0.32248512,2.779321,-1.1453693,2,1543.0,1506.0,1550.0,1534.0
641606188,-0.69626284,0.74670684,-10.738044,0.32248512,2.779321,-1.1453693,2,1543.0,1506.0,1550.0,1534.0
641611211,-0.5260378,-1.3370763,-10.006164,0.32248512,2.779321,-1.1453693,2,1543.0,1506.0,1550.0,1534.0
641616187,0.114706606,1.4083351,-11.547772,0.32248512,2.779321,-1.1453693,2,1543.0,1506.0,1550.0,1534.0
641621188,2.3009057,-1.9488313,-10.2098,0.32248512,2.779321,-1.1453693,2,1543.0,1506.0,1550.0,1534.0
641626210,-1.3363341,-0.008879332,-10.480862,0.32248512,2.779321,-1.1453693,2,1543.0,1506.0,1550.0,1534.0
641631187,-1.8149234,-0.6224131,-10.314984,0.32248512,2.779321,-1.1453693,2,1543.0,1506.0,1550.0,1534.0
641636190,0.8001084,0.14038023,-10.071814,0.32248512,2.779321,-1.1453693,2,1543.0,1506.0,1550.0,1534.0
641641210,-0.024142459,0.10698064,-10.778008,0.32248512,2.779321,-1.1453693,2,1543.0,1506.0,1550.0,1534.0
641646187,-0.22988984,-0.12225277,-10.489294,0.32248512,2.779321,-1.1453693,2,1543.0,1506.0,1550.0,1534.0
641651188,0.76471573,0.7518761,-11.364603,0.32248512,2.779321,-1.1453693,2,1543.0,1506.0,1550.0,1534.0
641656210,-0.19544211,-3.0713735,-9.7268,0.32248512,2.779321,-1.1453693,2,1543.0,1506.0,1550.0,1534.0
641661188,-1.9838382,1.266557,-10.243774,0.32248512,2.779321,-1.1453693,2,1543.0,1506.0,1550.0,1534.0
641666188,0.06942841,0.50028443,-10.723221,0.32248512,2.779321,-1.1453693,2,1543.0,1506.0,1550.0,1534.0
641671211,1.1205214,0.13087162,-10.503575,0.32248512,2.779321,-1.1453693,2,1543.0,1506.0,1550.0,1534.0
641676188,-1.8324089,-0.27994594,-11.296334,0.32757872,2.762112,-1.1243913,2,1548.0,1529.0,1517.0,1515.0
641681188,1.1388806,-2.127557,-9.588272,0.32757872,2.762112,-1.1243913,2,1548.0,1529.0,1517.0,1515.0
641686210,0.48192137,1.16557,-11.023615,0.32757872,2.762112,-1.1243913,2,1548.0,1529.0,1517.0,1515.0
641691188,-1.7562342,-0.21397787,-9.893001,0.32757872,2.762112,-1.1243913,2,1548.0,1529.0,1517.0,1515.0
641696188,0.115697354,1.7325459,-11.137548,0.32757872,2.762112,-1.1243913,2,1548.0,1529.0,1517.0,1515.0
641701211,0.0557331,-2.8732057,-11.005582,0.32757872,2.762112,-1.1243913,2,1548.0,1529.0,1517.0,1515.0
641706187,-0.25758192,-0.58225524,-9.934654,0.32757872,2.762112,-1.1243913,2,1548.0,1529.0,1517.0,1515.0
641711190,-1.349795,0.95722723,-10.105566,0.32757872,2.762112,-1.1243913,2,1548.0,1529.0,1517.0,1515.0
641716210,0.95785505,1.3180287,-10.988764,0.32757872,2.762112,-1.1243913,2,1548.0,1529.0,1517.0,1515.0
641721188,-0.49542692,-2.618687,-9.778399,0.32757872,2.762112,-1.1243913,2,1548.0,1529.0,1517.0,1515.0
641726188,-0.5918606,0.56981206,-10.841383,0.32757872,2.762112,-1.1243913,2,1548.0,1529.0,1517.0,1515.0
641731211,0.17964219,-1.5636973,-9.615934,0.32757872,2.762112,-1.1243913,2,1548.0,1529.0,1517.0,1515.0
641736188,-0.23369643,2.0053668,-10.256718,0.32757872,2.762112,-1.1243913,2,1548.0,1529.0,1517.0,1515.0
641741188,0.18862744,-0.6860652,-10.846214,0.32757872,2.762112,-1.1243913,2,1548.0,1529.0,1517.0,1515.0
641746210,1.2995467,-1.0888408,-10.475938,0.32757872,2.762112,-1.1243913,2,1548.0,1529.0,1517.0,1515.0
641751187,-2.6000588,-1.2144408,-9.750018,0.32757872,2.762112,-1.1243913,2,1548.0,1529.0,1517.0,1515.0
641756187,-1.2111114,2.9890401,-10.503497,0.32757872,2.762112,-1.1243913,2,1548.0,1529.0,1517.0,1515.0
641761211,2.7556052,-0.9458857,-10.319604,0.32757872,2.762112,-1.1243913,2,1548.0,1529.0,1517.0,1515.0
641766188,0.62704027,-0.9225631,-10.152935,0.3308948,2.7488272,-1.1130183,2,1548.0,1529.0,1517.0,1515.0
641771191,-2.260909,-2.151313,-9.844306,0.3308948,2.7488272,-1.1130183,2,1536.0,1508.0,1531.0,1510.0
641776210,-0.32171988,2.3255894,-11.008511,0.3308948,2.7488272,-1.1130183,2,1536.0,1508.0,1531.0,1510.0
641781188,0.4529913,-0.9850921,-9.969898,0.3308948,2.7488272,-1.1130183,2,1536.0,1508.0,1531.0,1510.0
641786188,1.7968377,0.7810138,-9.750823,0.3308948,2.7488272,-1.1130183,2,1536.0,1508.0,1531.0,1510.0
641791211,-0.28081053,-2.5598307,-9.662778,0.3308948,2.7488272,-1.1130183,2,1536.0,1508.0,1531.0,1510.0
641796188,-2.3456686,1.2418969,-10.797337,0.3308948,2.7488272,-1.1130183,2,1536.0,1508.0,1531.0,1510.0
641801188,0.04039522,0.5143053,-10.245202,0.3308948,2.7488272,-1.1130183,2,1536.0,1508.0,1531.0,1510.0
641806210,2.8650837,-0.31387228,-10.081587,0.3308948,2.7488272,-1.1130183,2,1536.0,1508.0,1531.0,1510.0
641811191,-2.1576283,-1.8937168,-8.960302,0.3308948,2.7488272,-1.1130183,2,1536.0,1508.0,1531.0,1510.0
641816186,-0.4657355,1.979975,-11.214821,0.3308948,2.7488272,-1.1130183,2,1536.0,1508.0,1531.0,1510.0
641821211,0.63030154,-1.4554697,-10.457759,0.3308948,2.7488272,-1.1130183,2,1536.0,1508.0,1531.0,1510.0
641826188,-0.71803206,0.2550738,-9.334636,0.3308948,2.7488272,-1.1130183,2,1536.0,1508.0,1531.0,1510.0
641831187,0.31523797,-1.0262238,-10.033379,0.3308948,2.7488272,-1.1130183,2,1536.0,1508.0,1531.0,1510.0
641836210,1.0447078,0.56407326,-10.369426,0.3308948,2.7488272,-1.1130183,2,1536.0,1508.0,1531.0,1510.0
641841188,-1.0589309,-1.9818089,-9.978846,0.3308948,2.7488272,-1.1130183,2,1536.0,1508.0,1531.0,1510.0
641846187,-0.3441479,1.4135592,-10.964403,0.3308948,2.7488272,-1.1130183,2,1536.0,1508.0,1531.0,1510.0
641851210,0.15806189,-0.50101024,-9.706515,0.3308948,2.7488272,-1.1130183,2,1536.0,1508.0,1531.0,1510.0
641856188,0.5518878,0.47546157,-9.604677,0.3308948,2.7488272,-1.1130183,2,1536.0,1508.0,1531.0,1510.0
641861187,0.44675216,-3.6941273,-9.349947,0.3308948,2.7488272,-1.1130183,2,1536.0,1508.0,1531.0,1510.0
641866211,-1.5874412,1.997659,-10.328273,0.3308948,2.7488272,-1.1130183,2,1536.0,1508.0,1531.0,1510.0
641871188,0.90116847,1.3545774,-11.417159,0.3308948,2.7488272,-1.1130183,2,1536.0,1508.0,1531.0,1510.0
641876187,0.40124354,-1.905243,-9.107218,0.33413008,2.7353323,-1.1034087,2,1536.0,1498.0,1531.0,1516.0
641881211,-0.72323,-2.039408,-8.811562,0.33413008,2.7353323,-1.1034087,2,1536.0,1498.0,1531.0,1516.0
641886188,-0.09561843,1.6846858,-11.074573,0.33413008,2.7353323,-1.1034087,2,1536.0,1498.0,1531.0,1516.0
641891188,1.4299144,0.27311927,-10.587391,0.33413008,2.7353323,-1.1034087,2,1536.0,1498.0,1531.0,1516.0
641896211,-2.5854218,-2.1397274,-9.285112,0.33413008,2.7353323,-1.1034087,2,1536.0,1498.0,1531.0,1516.0
641901189,0.06620038,0.35190326,-10.644976,0.33413008,2.7353323,-1.1034087,2,1536.0,1498.0,1531.0,1516.0
641906187,0.47798347,-0.8819944,-9.68026,0.33413008,2.7353323,-1.1034087,2,1536.0,1498.0,1531.0,1516.0
641911212,0.1003376,1.1640469,-10.099536,0.33413008,2.7353323,-1.1034087,2,1536.0,1498.0,1531.0,1516.0
641916188,-0.57510763,-1.2209828,-10.85829,0.33413008,2.7353323,-1.1034087,2,1536.0,1498.0,1531.0,1516.0
641921187,-1.6003017,1.1331934,-10.146371,0.33413008,2.7353323,-1.1034087,2,1536.0,1498.0,1531.0,1516.0
641926211,2.1440563,-1.2973115,-9.762727,0.33413008,2.7353323,-1.1034087,2,1536.0,1498.0,1531.0,1516.0
641931190,-0.8702964,-1.0385833,-9.169562,0.33413008,2.7353323,-1.1034087,2,1536.0,1498.0,1531.0,1516.0
641936187,-0.7303956,1.8812429,-10.69612,0.33413008,2.7353323,-1.1034087,2,1536.0,1498.0,1531.0,1516.0
641941211,1.3860234,-0.92679036,-10.79248,0.33413008,2.7353323,-1.1034087,2,1536.0,1498.0,1531.0,1516.0
641946188,-0.8465441,-1.7398195,-9.345299,0.33413008,2.7353323,-1.1034087,2,1536.0,1498.0,1531.0,1516.0
641951188,-0.9789808,-0.9825879,-9.017716,0.33413008,2.7353323,-1.1034087,2,1536.0,1498.0,1531.0,1516.0
641956211,1.5869406,1.4356276,-10.792115,0.33413008,2.7353323,-1.1034087,2,1536.0,1498.0,1531.0,1516.0
641961188,0.7828961,-0.64519846,-10.092847,0.33413008,2.7353323,-1.1034087,2,1536.0,1498.0,1531.0,1516.0
641966187,-2.5985277,-0.99971044,-9.940686,0.33661422,2.726765,-1.0979748,2,1536.0,1498.0,1531.0,1516.0
641971211,0.30754125,0.22909328,-10.455213,0.33661422,2.726765,-1.0979748,2,1533.0,1510.0,1523.0,1507.0
641976187,1.2970916,-1.3826711,-9.294197,0.33661422,2.726765,-1.0979748,2,1533.0,1510.0,1523.0,1507.0
641981187,0.37251598,1.0013342,-9.933179,0.33661422,2.726765,-1.0979748,2,1533.0,1510.0,1523.0,1507.0
641986210,-0.49018526,-0.97607344,-10.107906,0.33661422,2.726765,-1.0979748,2,1533.0,1510.0,1523.0,1507.0
641991188,-1.441509,0.41134596,-10.457765,0.33661422,2.726765,-1.0979748,2,1533.0,1510.0,1523.0,1507.0
641996187,1.6082486,-1.6067328,-9.2510605,0.33661422,2.726765,-1.0979748,2,1533.0,1510.0,1523.0,1507.0
642001211,0.08960744,-0.42832062,-9.423368,0.33661422,2.726765,-1.0979748,2,1533.0,1510.0,1523.0,1507.0
642006188,0.06270375,1.3783898,-10.726739,0.33661422,2.726765,-1.0979748,2,1533.0,1510.0,1523.0,1507.0
642011188,-0.953657,-2.3251715,-10.074059,0.33661422,2.726765,-1.0979748,2,1533.0,1510.0,1523.0,1507.0
642016211,-0.54691225,0.1366638,-10.561159,0.33661422,2.726765,-1.0979748,2,1533.0,1510.0,1523.0,1507.0
642021188,0.7492652,-0.4061454,-9.673266,0.33661422,2.726765,-1.0979748,2,1533.0,1510.0,1523.0,1507.0
642026187,0.6541287,0.095761225,-9.689418,0.33661422,2.726765,-1.0979748,2,1533.0,1510.0,1523.0,1507.0
642031211,-1.1530365,-0.34581852,-10.242569,0.33661422,2.726765,-1.0979748,2,1533.0,1510.0,1523.0,1507.0
642036188,-1.4176112,0.4626181,-10.720595,0.33661422,2.726765,-1.0979748,2,1533.0,1510.0,1523.0,1507.0
642041187,1.9909072,-1.0241466,-9.600346,0.33661422,2.726765,-1.0979748,2,1533.0,1510.0,1523.0,1507.0
642046211,-0.3458068,0.19992536,-9.685688,0.33661422,2.726765,-1.0979748,2,1533.0,1510.0,1523.0,1507.0
642051189,-0.073509194,0.4367947,-9.744365,0.33661422,2.726765,-1.0979748,2,1533.0,1510.0,1523.0,1507.0
642056187,-0.13412333,-1.2430451,-10.192166,0.33661422,2.726765,-1.0979748,2,1533.0,1510.0,1523.0,1507.0
642061211,0.020667411,1.4977404,-10.431146,0.33661422,2.726765,-1.0979748,2,1533.0,1510.0,1523.0,1507.0
642066188,0.4327046,-1.6358708,-9.259595,0.33661422,2.726765,-1.0979748,2,1533.0,1510.0,1523.0,1507.0
642071187,-0.19146502,-0.047754552,-9.806672,0.33661422,2.726765,-1.0979748,2,1533.0,1510.0,1523.0,1507.0
642076211,-0.117978506,0.7171929,-10.338666,0.3398156,2.7198093,-1.0935497,2,1537.0,1516.0,1517.0,1498.0
642081188,-0.8205343,-1.3290938,-10.232729,0.3398156,2.7198093,-1.0935497,2,1537.0,1516.0,1517.0,1498.0
642086187,1.4820136,0.81435424,-10.321731,0.3398156,2.7198093,-1.0935497,2,1537.0,1516.0,1517.0,1498.0
642091211,-0.13430125,-1.4231561,-9.160487,0.3398156,2.7198093,-1.0935497,2,1537.0,1516.0,1517.0,1498.0
642096188,-2.2545164,0.09166842,-9.830999,0.3398156,2.7198093,-1.0935497,2,1537.0,1516.0,1517.0,1498.0
642101188,1.4515611,1.1913387,-10.539153,0.3398156,2.7198093,-1.0935497,2,1537.0,1516.0,1517.0,1498.0
642106215,0.4523315,-2.005592,-9.444688,0.3398156,2.7198093,-1.0935497,2,1537.0,1516.0,1517.0,1498.0
642111188,-1.2825807,0.31913325,-9.552213,0.3398156,2.7198093,-1.0935497,2,1537.0,1516.0,1517.0,1498.0
642116187,1.6403422,0.6067303,-10.594145,0.3398156,2.7198093,-1.0935497,2,1537.0,1516.0,1517.0,1498.0
642121211,-1.1046661,-0.92067385,-9.820885,0.3398156,2.7198093,-1.0935497,2,1537.0,1516.0,1517.0,1498.0
642126188,-0.7942015,0.3727025,-9.781946,0.3398156,2.7198093,-1.0935497,2,1537.0,1516.0,1517.0,1498.0
642131188,2.4422758,-0.2797919,-9.98096,0.3398156,2.7198093,-1.0935497,2,1537.0,1516.0,1517.0,1498.0
642136211,-0.56903654,0.1356941,-10.145474,0.3398156,2.7198093,-1.0935497,2,1537.0,1516.0,1517.0,1498.0
642141189,-1.991202,0.5884279,-10.154332,0.3398156,2.7198093,-1.0935497,2,1537.0,1516.0,1517.0,1498.0
642146186,0.9086609,-2.1185067,-9.92463,0.3398156,2.7198093,-1.0935497,2,1537.0,1516.0,1517.0,1498.0
642151211,0.22504199,0.12593476,-9.371316,0.3398156,2.7198093,-1.0935497,2,1537.0,1516.0,1517.0,1498.0
642156188,0.103225864,0.61339563,-9.791966,0.3398156,2.7198093,-1.0935497,2,1537.0,1516.0,1517.0,1498.0
642161187,0.030653462,-0.041837014,-10.208424,0.3398156,2.7198093,-1.0935497,2,1537.0,1516.0,1517.0,1498.0
642166211,-1.4189318,-0.49228182,-9.823379,0.3398156,2.7198093,-1.0935497,2,1537.0,1516.0,1517.0,1498.0
642171188,-0.18651393,0.20563543,-10.060718,0.3398156,2.7198093,-1.0935497,2,1537.0,1516.0,1517.0,1498.0
642176187,1.5686508,-0.6343649,-9.633335,0.34151697,2.7170434,-1.0912297,2,1569.0,1532.0,1495.0,1471.0
642181211,0.247346,0.6150936,-9.895454,0.34151697,2.7170434,-1.0912297,2,1569.0,1532.0,1495.0,1471.0
642186188,-0.5634152,-0.053433664,-10.270987,0.34151697,2.7170434,-1.0912297,2,1569.0,1532.0,1495.0,1471.0
642191188,-1.0300951,-1.4292608,-9.67976,0.34151697,2.7170434,-1.0912297,2,1569.0,1532.0,1495.0,1471.0
642196211,0.17185354,0.5075584,-9.936324,0.34151697,2.7170434,-1.0912297,2,1569.0,1532.0,1495.0,1471.0
642201188,0.9057663,-0.4560311,-9.236999,0.34151697,2.7170434,-1.0912297,2,1569.0,1532.0,1495.0,1471.0
642206187,-0.21079907,0.335123,-10.314648,0.34151697,2.7170434,-1.0912297,2,1569.0,1532.0,1495.0,1471.0
642211211,-0.2735671,0.5525472,-10.621182,0.34151697,2.7170434,-1.0912297,2,1569.0,1532.0,1495.0,1471.0
642216188,-0.25238618,-2.8241847,-8.846369,0.34151697,2.7170434,-1.0912297,2,1569.0,1532.0,1495.0,1471.0
642221187,-0.19310197,-0.71376956,-8.786846,0.34151697,2.7170434,-1.0912297,2,1569.0,1532.0,1495.0,1471.0
642226211,1.2595052,2.2312212,-10.823686,0.34151697,2.7170434,-1.0912297,2,1569.0,1532.0,1495.0,1471.0
642231188,0.01276505,-0.4320159,-9.518519,0.34151697,2.7170434,-1.0912297,2,1569.0,1532.0,1495.0,1471.0
642236187,-1.0489668,-0.46903554,-10.5235405,0.34151697,2.7170434,-1.0912297,2,1569.0,1532.0,1495.0,1471.0
642241211,1.0807345,-0.7373002,-9.787668,0.34151697,2.7170434,-1.0912297,2,1569.0,1532.0,1495.0,1471.0
642246188,-0.26238263,-1.0348029,-8.702521,0.34151697,2.7170434,-1.0912297,2,1569.0,1532.0,1495.0,1471.0
642251187,-1.1778125,0.79237574,-10.381931,0.34151697,2.7170434,-1.0912297,2,1569.0,1532.0,1495.0,1471.0
642256211,0.831999,0.057475165,-10.870864,0.34151697,2.7170434,-1.0912297,2,1569.0,1532.0,1495.0,1471.0
642261188,-0.64526737,-1.3331882,-9.362288,0.34151697,2.7170434,-1.0912297,2,1569.0,1532.0,1495.0,1471.0
642266187,-0.025135292,-0.48111376,-10.268335,0.34188432,2.717386,-1.0899084,2,1569.0,1532.0,1495.0,1471.0
642271211,0.55110776,0.08329556,-9.898987,0.34188432,2.717386,-1.0899084,2,1534.0,1511.0,1508.0,1495.0
642276188,-0.6186344,-0.024309333,-9.571948,0.34188432,2.717386,-1.0899084,2,1534.0,1511.0,1508.0,1495.0
642281191,-1.0195487,-0.75601727,-9.927221,0.34188432,2.717386,-1.0899084,2,1534.0,1511.0,1508.0,1495.0
642286211,-0.91713434,0.031456143,-10.14624,0.34188432,2.717386,-1.0899084,2,1534.0,1511.0,1508.0,1495.0
642291188,2.3863208,-0.20606989,-10.203438,0.34188432,2.717386,-1.0899084,2,1534.0,1511.0,1508.0,1495.0
642296187,-0.73497856,-0.8800836,-9.408584,0.34188432,2.717386,-1.0899084,2,1534.0,1511.0,1508.0,1495.0
642301211,-0.4801494,0.5582778,-9.156262,0.34188432,2.717386,-1.0899084,2,1534.0,1511.0,1508.0,1495.0
642306188,0.034149125,-0.83020544,-9.590628,0.34188432,2.717386,-1.0899084,2,1534.0,1511.0,1508.0,1495.0
642311187,0.2153323,-0.061929062,-10.058909,0.34188432,2.717386,-1.0899084,2,1534.0,1511.0,1508.0,1495.0
642316211,-0.8327341,-0.265346,-9.365824,0.34188432,2.717386,-1.0899084,2,1534.0,1511.0,1508.0,1495.0
642321188,1.7286654,0.07799103,-9.156182,0.34188432,2.717386,-1.0899084,2,1534.0,1511.0,1508.0,1495.0
642326187,-1.4145808,-1.6977874,-8.670282,0.34188432,2.717386,-1.0899084,2,1534.0,1511.0,1508.0,1495.0
642331211,0.4771162,-0.3215701,-10.137974,0.34188432,2.717386,-1.0899084,2,1534.0,1511.0,1508.0,1495.0
642336188,1.0010973,0.4592953,-9.951468,0.34188432,2.717386,-1.0899084,2,1534.0,1511.0,1508.0,1495.0
642341188,-1.4391253,-0.18434568,-9.002204,0.34188432,2.717386,-1.0899084,2,1534.0,1511.0,1508.0,1495.0
642346210,-0.44338262,-0.28492916,-9.014271,0.34188432,2.717386,-1.0899084,2,1534.0,1511.0,1508.0,1495.0
642351191,1.0441626,0.19222261,-10.175986,0.34188432,2.717386,-1.0899084,2,1534.0,1511.0,1508.0,1495.0
642356187,-0.1497879,-0.70360094,-9.89406,0.34188432,2.717386,-1.0899084,2,1534.0,1511.0,1508.0,1495.0
642361212,-0.23626676,0.55034035,-9.301069,0.34188432,2.717386,-1.0899084,2,1534.0,1511.0,1508.0,1495.0
642366187,0.64091617,-0.17417781,-9.740936,0.34188432,2.717386,-1.0899084,2,1534.0,1511.0,1508.0,1495.0
642371187,-1.8984,-1.4177055,-8.472709,0.34188432,2.717386,-1.0899084,2,1534.0,1511.0,1508.0,1495.0
642376211,0.57225305,0.82316655,-10.729269,0.34216926,2.7206633,-1.088304,2,1562.0,1528.0,1504.0,1480.0
642381188,1.9302015,-1.3509748,-9.252205,0.34216926,2.7206633,-1.088304,2,1562.0,1528.0,1504.0,1480.0
642386187,-1.3729206,-0.48734272,-9.680938,0.34216926,2.7206633,-1.088304,2,1562.0,1528.0,1504.0,1480.0
642391212,-0.8996726,0.6557299,-10.121851,0.34216926,2.7206633,-1.088304,2,1562.0,1528.0,1504.0,1480.0
642396186,0.6928961,-1.6665624,-9.947765,0.34216926,2.7206633,-1.088304,2,1562.0,1528.0,1504.0,1480.0
642401188,0.40569204,-0.18474975,-9.838211,0.34216926,2.7206633,-1.088304,2,1562.0,1528.0,1504.0,1480.0
642406211,-1.1425896,0.0882255,-9.015601,0.34216926,2.7206633,-1.088304,2,1562.0,1528.0,1504.0,1480.0
642411187,0.3697214,2.4311855,-11.191965,0.34216926,2.7206633,-1.088304,2,1562.0,1528.0,1504.0,1480.0
642416187,1.4312742,-1.7392224,-10.15779,0.34216926,2.7206633,-1.088304,2,1562.0,1528.0,1504.0,1480.0
642421211,-1.2354547,-2.6104763,-9.827884,0.34216926,2.7206633,-1.088304,2,1562.0,1528.0,1504.0,1480.0
642426186,0.044271745,0.9121917,-9.990307,0.34216926,2.7206633,-1.088304,2,1562.0,1528.0,1504.0,1480.0
642431188,0.7454701,0.8301607,-10.217652,0.34216926,2.7206633,-1.088304,2,1562.0,1528.0,1504.0,1480.0
642436211,-0.7052297,0.4599201,-11.303825,0.34216926,2.7206633,-1.088304,2,1562.0,1528.0,1504.0,1480.0
642441188,-0.57672596,-0.15534629,-10.898361,0.34216926,2.7206633,-1.088304,2,1562.0,1528.0,1504.0,1480.0
642446187,0.174661,-2.674419,-9.870425,0.34216926,2.7206633,-1.088304,2,1562.0,1528.0,1504.0,1480.0
642451212,0.045305554,-0.5043371,-10.217788,0.34216926,2.7206633,-1.088304,2,1562.0,1528.0,1504.0,1480.0
642456187,0.12597434,2.8575199,-11.439234,0.34216926,2.7206633,-1.088304,2,1562.0,1528.0,1504.0,1480.0
642461188,-1.1834081,-0.71449053,-10.424294,0.34216926,2.7206633,-1.088304,2,1562.0,1528.0,1504.0,1480.0
642466211,-1.469862,0.5258415,-10.98539,0.34189725,2.7255569,-1.0867523,2,1562.0,1528.0,1504.0,1480.0
642471188,1.5234956,-0.015673857,-10.886247,0.34189725,2.7255569,-1.0867523,2,1596.0,1570.0,1538.0,1509.0
642476205,0.26038134,-2.7223625,-9.848442,0.34189725,2.7255569,-1.0867523,2,1596.0,1570.0,1538.0,1509.0
642481211,-1.6502764,1.3922211,-10.738088,0.34189725,2.7255569,-1.0867523,2,1596.0,1570.0,1538.0,1509.0
642486187,0.69406873,0.34788886,-11.371556,0.34189725,2.7255569,-1.0867523,2,1596.0,1570.0,1538.0,1509.0
642491188,0.46570376,-0.06624098,-10.868145,0.34189725,2.7255569,-1.0867523,2,1596.0,1570.0,1538.0,1509.0
642496211,0.5734389,-1.7329227,-10.62223,0.34189725,2.7255569,-1.0867523,2,1596.0,1570.0,1538.0,1509.0
642501188,-1.8375432,-1.1643223,-11.149268,0.34189725,2.7255569,-1.0867523,2,1596.0,1570.0,1538.0,1509.0
642506187,0.43602878,1.3120271,-11.576214,0.34189725,2.7255569,-1.0867523,2,1596.0,1570.0,1538.0,1509.0
642511212,0.55850184,-0.76158327,-10.775847,0.34189725,2.7255569,-1.0867523,2,1596.0,1570.0,1538.0,1509.0
642516187,0.1181537,0.75838214,-10.2791,0.34189725,2.7255569,-1.0867523,2,1596.0,1570.0,1538.0,1509.0
642521188,-0.8416213,-2.2265027,-10.079466,0.34189725,2.7255569,-1.0867523,2,1596.0,1570.0,1538.0,1509.0
642526211,-0.3074157,2.1573546,-12.3215475,0.34189725,2.7255569,-1.0867523,2,1596.0,1570.0,1538.0,1509.0
642531188,1.235352,-1.3858614,-11.184822,0.34189725,2.7255569,-1.0867523,2,1596.0,1570.0,1538.0,1509.0
642536188,-0.59354615,0.22393896,-10.866525,0.34189725,2.7255569,-1.0867523,2,1596.0,1570.0,1538.0,1509.0
642541213,-0.11173604,-1.4033699,-9.7445345,0.34189725,2.7255569,-1.0867523,2,1596.0,1570.0,1538.0,1509.0
642546187,-0.8154345,1.2570411,-11.117873,0.34189725,2.7255569,-1.0867523,2,1596.0,1570.0,1538.0,1509.0
642551188,1.2037199,-0.9345917,-10.424023,0.34189725,2.7255569,-1.0867523,2,1596.0,1570.0,1538.0,1509.0
642556211,-1.5069436,-1.4706639,-10.364451,0.34189725,2.7255569,-1.0867523,2,1596.0,1570.0,1538.0,1509.0
642561188,-0.285574,1.1033396,-11.584782,0.34189725,2.7255569,-1.0867523,2,1596.0,1570.0,1538.0,1509.0
642566188,1.9440066,0.8021535,-11.338011,0.34189725,2.7255569,-1.0867523,2,1596.0,1570.0,1538.0,1509.0
642571214,-1.2267278,-1.3328835,-11.29845,0.34189725,2.7255569,-1.0867523,2,1596.0,1570.0,1538.0,1509.0
642576187,-1.0200006,0.19972856,-10.808169,0.33970955,2.7336068,-1.09438,2,1571.0,1521.0,1530.0,1502.0
642581188,-0.5616874,-0.5011884,-11.345013,0.33970955,2.7336068,-1.09438,2,1571.0,1521.0,1530.0,1502.0
642586210,1.4017942,1.0033205,-10.732346,0.33970955,2.7336068,-1.09438,2,1571.0,1521.0,1530.0,1502.0
642591188,-1.5061002,-0.6867499,-11.310705,0.33970955,2.7336068,-1.09438,2,1571.0,1521.0,1530.0,1502.0
642596188,-0.24311042,-0.9786932,-11.073654,0.33970955,2.7336068,-1.09438,2,1571.0,1521.0,1530.0,1502.0
642601214,0.81192327,1.8280584,-11.892202,0.33970955,2.7336068,-1.09438,2,1571.0,1521.0,1530.0,1502.0
642606187,0.56783724,-1.7846653,-9.543434,0.33970955,2.7336068,-1.09438,2,1571.0,1521.0,1530.0,1502.0
642611188,-0.58773726,-1.8121781,-9.537539,0.33970955,2.7336068,-1.09438,2,1571.0,1521.0,1530.0,1502.0
642616211,-0.6062932,0.9420786,-10.724301,0.33970955,2.7336068,-1.09438,2,1571.0,1521.0,1530.0,1502.0
642621187,0.8087185,-0.42163533,-10.6461735,0.33970955,2.7336068,-1.09438,2,1571.0,1521.0,1530.0,1502.0
642626188,-1.8128886,-0.52671576,-10.179396,0.33970955,2.7336068,-1.09438,2,1571.0,1521.0,1530.0,1502.0
642631211,-0.17787461,1.2828611,-10.946257,0.33970955,2.7336068,-1.09438,2,1571.0,1521.0,1530.0,1502.0
642636187,1.3632666,-0.7263566,-10.657731,0.33970955,2.7336068,-1.09438,2,1571.0,1521.0,1530.0,1502.0
642641188,-0.93141735,-2.784247,-10.30168,0.33970955,2.7336068,-1.09438,2,1571.0,1521.0,1530.0,1502.0
642646211,-0.7361329,0.6907796,-10.79774,0.33970955,2.7336068,-1.09438,2,1571.0,1521.0,1530.0,1502.0
642651188,-0.40566406,-0.94776726,-9.375659,0.33970955,2.7336068,-1.09438,2,1571.0,1521.0,1530.0,1502.0
642656188,0.17830598,0.6185155,-10.349296,0.33970955,2.7336068,-1.09438,2,1571.0,1521.0,1530.0,1502.0
642661212,0.24761987,1.5058839,-10.521696,0.33970955,2.7336068,-1.09438,2,1571.0,1521.0,1530.0,1502.0
642666187,0.007873911,-1.1002948,-10.38534,0.33679244,2.7414813,-1.1104099,2,1571.0,1521.0,1530.0,1502.0
642671188,-0.1308547,-1.2325889,-10.959952,0.33679244,2.7414813,-1.1104099,2,1558.0,1542.0,1512.0,1487.0
642676212,-0.67835665,-1.1872156,-9.772436,0.33679244,2.7414813,-1.1104099,2,1558.0,1542.0,1512.0,1487.0
642681188,1.4563955,-0.43266386,-9.937977,0.33679244,2.7414813,-1.1104099,2,1558.0,1542.0,1512.0,1487.0
642686188,-2.2290366,0.004265366,-9.562067,0.33679244,2.7414813,-1.1104099,2,1558.0,1542.0,1512.0,1487.0
642691211,0.3328577,2.0503032,-10.621794,0.33679244,2.7414813,-1.1104099,2,1558.0,1542.0,1512.0,1487.0
642696187,0.24828756,-0.89827806,-9.786617,0.33679244,2.7414813,-1.1104099,2,1558.0,1542.0,1512.0,1487.0
642701188,0.30605197,-1.9387314,-10.4948435,0.33679244,2.7414813,-1.1104099,2,1558.0,1542.0,1512.0,1487.0
642706211,0.19339703,-0.21831314,-10.310711,0.33679244,2.7414813,-1.1104099,2,1558.0,1542.0,1512.0,1487.0
642711188,0.6009911,1.0030999,-9.982202,0.33679244,2.7414813,-1.1104099,2,1558.0,1542.0,1512.0,1487.0
642716191,-0.61793125,-0.49332455,-9.554597,0.33679244,2.7414813,-1.1104099,2,1558.0,1542.0,1512.0,1487.0
642721212,-0.49495444,-1.1690695,-9.1170225,0.33679244,2.7414813,-1.1104099,2,1558.0,1542.0,1512.0,1487.0
642726187,-1.0726522,0.37706453,-10.406463,0.33679244,2.7414813,-1.1104099,2,1558.0,1542.0,1512.0,1487.0
642731188,1.2382153,1.0762316,-10.213055,0.33679244,2.7414813,-1.1104099,2,1558.0,1542.0,1512.0,1487.0
642736211,0.755525,-0.33181712,-10.116198,0.33679244,2.7414813,-1.1104099,2,1558.0,1542.0,1512.0,1487.0
642741188,0.5829373,-0.98261684,-9.541285,0.33679244,2.7414813,-1.1104099,2,1558.0,1542.0,1512.0,1487.0
642746187,-1.5934318,-0.806336,-9.859388,0.33679244,2.7414813,-1.1104099,2,1558.0,1542.0,1512.0,1487.0
642751212,0.3748643,0.16625498,-9.701547,0.33679244,2.7414813,-1.1104099,2,1558.0,1542.0,1512.0,1487.0
642756187,-0.5441172,0.38185623,-9.493396,0.33679244,2.7414813,-1.1104099,2,1558.0,1542.0,1512.0,1487.0
642761191,1.5464381,0.09478339,-9.897669,0.33679244,2.7414813,-1.1104099,2,1558.0,1542.0,1512.0,1487.0
642766210,-0.8407229,0.4502993,-10.128666,0.33679244,2.7414813,-1.1104099,2,1558.0,1542.0,1512.0,1487.0
642771187,-0.88732487,-1.2047851,-9.62409,0.33679244,2.7414813,-1.1104099,2,1558.0,1542.0,1512.0,1487.0
642776188,-0.48328122,-0.5592518,-9.648022,0.3330739,2.7529519,-1.1353719,2,1570.0,1536.0,1475.0,1453.0
642781211,-0.036745865,-0.14466839,-9.071902,0.3330739,2.7529519,-1.1353719,2,1570.0,1536.0,1475.0,1453.0
642786187,1.1184471,0.85974336,-10.846631,0.3330739,2.7529519,-1.1353719,2,1570.0,1536.0,1475.0,1453.0
642791188,-0.6132641,0.9473763,-9.8808,0.3330739,2.7529519,-1.1353719,2,1570.0,1536.0,1475.0,1453.0
642796211,0.23195225,-1.1950773,-9.054027,0.3330739,2.7529519,-1.1353719,2,1570.0,1536.0,1475.0,1453.0
642801188,-1.5004586,-0.40748006,-9.853891,0.3330739,2.7529519,-1.1353719,2,1570.0,1536.0,1475.0,1453.0
642806187,1.3259594,-0.2083777,-9.430101,0.3330739,2.7529519,-1.1353719,2,1570.0,1536.0,1475.0,1453.0
642811214,1.3363996,0.21826768,-9.850316,0.3330739,2.7529519,-1.1353719,2,1570.0,1536.0,1475.0,1453.0
642816186,0.009646267,-0.74754196,-9.712795,0.3330739,2.7529519,-1.1353719,2,1570.0,1536.0,1475.0,1453.0
642821187,-0.97697824,-0.09373883,-9.761231,0.3330739,2.7529519,-1.1353719,2,1570.0,1536.0,1475.0,1453.0
642826211,-1.2411381,0.014998612,-9.568799,0.3330739,2.7529519,-1.1353719,2,1570.0,1536.0,1475.0,1453.0
642831188,-0.18624145,-0.47392845,-9.049834,0.3330739,2.7529519,-1.1353719,2,1570.0,1536.0,1475.0,1453.0
642836187,1.2701713,-0.91871023,-8.982424,0.3330739,2.7529519,-1.1353719,2,1570.0,1536.0,1475.0,1453.0
642841211,-0.41009137,0.51286703,-9.74391,0.3330739,2.7529519,-1.1353719,2,1570.0,1536.0,1475.0,1453.0
642846187,-0.9304815,1.4644903,-9.95715,0.3330739,2.7529519,-1.1353719,2,1570.0,1536.0,1475.0,1453.0
642851188,-0.0731183,-0.83689976,-9.03732,0.3330739,2.7529519,-1.1353719,2,1570.0,1536.0,1475.0,1453.0
642856210,0.6696943,-1.3774498,-9.2531185,0.3330739,2.7529519,-1.1353719,2,1570.0,1536.0,1475.0,1453.0
642861188,0.8041157,0.061518494,-8.906879,0.3330739,2.7529519,-1.1353719,2,1570.0,1536.0,1475.0,1453.0
642866188,-1.2192103,0.8206709,-9.663088,0.3330739,2.7529519,-1.1353719,2,1570.0,1536.0,1475.0,1453.0
642871212,-0.11487946,0.41217628,-9.571596,0.3330739,2.7529519,-1.1353719,2,1570.0,1536.0,1475.0,1453.0
642876186,0.27316794,-1.6997813,-9.454927,0.3278279,2.7644112,-1.1580422,2,1539.0,1512.0,1466.0,1450.0
642881188,-1.7679087,-0.29638755,-9.213709,0.3278279,2.7644112,-1.1580422,2,1539.0,1512.0,1466.0,1450.0
642886211,0.25341794,1.8734413,-9.235528,0.3278279,2.7644112,-1.1580422,2,1539.0,1512.0,1466.0,1450.0
642891188,1.8369766,0.32517204,-9.3274145,0.3278279,2.7644112,-1.1580422,2,1539.0,1512.0,1466.0,1450.0
642896188,-0.36511338,-1.5028512,-9.5181875,0.3278279,2.7644112,-1.1580422,2,1539.0,1512.0,1466.0,1450.0
642901213,-1.2103595,-0.29456517,-9.126514,0.3278279,2.7644112,-1.1580422,2,1539.0,1512.0,1466.0,1450.0
642906187,0.7816949,0.342983,-8.406912,0.3278279,2.7644112,-1.1580422,2,1539.0,1512.0,1466.0,1450.0
642911188,0.30995238,-0.46201077,-9.045789,0.3278279,2.7644112,-1.1580422,2,1539.0,1512.0,1466.0,1450.0
642916211,-1.0037133,0.5767399,-8.815985,0.3278279,2.7644112,-1.1580422,2,1539.0,1512.0,1466.0,1450.0
642921188,1.0201176,-0.1296699,-9.253602,0.3278279,2.7644112,-1.1580422,2,1539.0,1512.0,1466.0,1450.0
642926188,-0.4032702,-1.508162,-8.794789,0.3278279,2.7644112,-1.1580422,2,1539.0,1512.0,1466.0,1450.0
642931212,-0.8110069,1.1205496,-8.125487,0.3278279,2.7644112,-1.1580422,2,1539.0,1512.0,1466.0,1450.0
642936187,2.2559114,0.1696984,-8.612091,0.3278279,2.7644112,-1.1580422,2,1539.0,1512.0,1466.0,1450.0
642941188,-0.71560425,-0.7732922,-8.34627,0.3278279,2.7644112,-1.1580422,2,1539.0,1512.0,1466.0,1450.0
642946211,-0.7064707,-0.40674233,-9.319177,0.3278279,2.7644112,-1.1580422,2,1539.0,1512.0,1466.0,1450.0
642951188,0.89807415,-0.15121219,-8.303928,0.3278279,2.7644112,-1.1580422,2,1539.0,1512.0,1466.0,1450.0
642956188,-0.9686033,0.2173204,-8.3022995,0.3278279,2.7644112,-1.1580422,2,1539.0,1512.0,1466.0,1450.0
642961216,0.72732663,-1.1017079,-8.282435,0.3278279,2.7644112,-1.1580422,2,1539.0,1512.0,1466.0,1450.0
642966187,-0.68688184,0.39092195,-8.307105,0.32119715,2.7746553,-1.1741331,2,1539.0,1512.0,1466.0,1450.0
642971188,-0.3924971,-0.5409235,-9.467291,0.32119715,2.7746553,-1.1741331,2,1516.0,1477.0,1446.0,1417.0
642976211,-0.59561473,0.5085628,-8.123162,0.32119715,2.7746553,-1.1741331,2,1516.0,1477.0,1446.0,1417.0
642981187,0.8064797,-0.34662193,-8.706421,0.32119715,2.7746553,-1.1741331,2,1516.0,1477.0,1446.0,1417.0
642986187,-0.6502826,-0.41947886,-8.831571,0.32119715,2.7746553,-1.1741331,2,1516.0,1477.0,1446.0,1417.0
642991212,0.7538234,-0.36108407,-8.567594,0.32119715,2.7746553,-1.1741331,2,1516.0,1477.0,1446.0,1417.0
642996187,-0.8272884,1.2332174,-8.286116,0.32119715,2.7746553,-1.1741331,2,1516.0,1477.0,1446.0,1417.0
643001188,0.43887842,-1.1961195,-8.8119755,0.32119715,2.7746553,-1.1741331,2,1516.0,1477.0,1446.0,1417.0
643006211,-0.109511174,-0.09787365,-7.7409434,0.32119715,2.7746553,-1.1741331,2,1516.0,1477.0,1446.0,1417.0
643011188,0.16470797,0.21029836,-8.066443,0.32119715,2.7746553,-1.1741331,2,1516.0,1477.0,1446.0,1417.0
643016188,0.15933612,-0.14859943,-8.985411,0.32119715,2.7746553,-1.1741331,2,1516.0,1477.0,1446.0,1417.0
643021212,0.6644943,0.12703347,-7.9693356,0.32119715,2.7746553,-1.1741331,2,1516.0,1477.0,1446.0,1417.0
643026187,0.27836418,0.41102925,-8.453668,0.32119715,2.7746553,-1.1741331,2,1516.0,1477.0,1446.0,1417.0
643031188,0.37932304,-0.8371404,-7.765169,0.32119715,2.7746553,-1.1741331,2,1516.0,1477.0,1446.0,1417.0
643036211,-0.15999867,0.56356955,-8.555567,0.32119715,2.7746553,-1.1741331,2,1516.0,1477.0,1446.0,1417.0
643041188,-0.51331663,-0.13174556,-8.353691,0.32119715,2.7746553,-1.1741331,2,1516.0,1477.0,1446.0,1417.0
643046188,0.8773635,-1.5247943,-8.217203,0.32119715,2.7746553,-1.1741331,2,1516.0,1477.0,1446.0,1417.0
643051211,-0.38453305,0.6465618,-7.7890444,0.32119715,2.7746553,-1.1741331,2,1516.0,1477.0,1446.0,1417.0
643056187,-0.29906538,-0.08482766,-9.020905,0.32119715,2.7746553,-1.1741331,2,1516.0,1477.0,1446.0,1417.0
643061188,0.29809368,-0.41937724,-8.599195,0.32119715,2.7746553,-1.1741331,2,1516.0,1477.0,1446.0,1417.0
643066211,-1.2786046,-0.07679828,-8.409959,0.32119715,2.7746553,-1.1741331,2,1516.0,1477.0,1446.0,1417.0
643071188,0.64910865,-0.6180046,-8.517387,0.32119715,2.7746553,-1.1741331,2,1516.0,1477.0,1446.0,1417.0
643076187,0.16211584,0.8478469,-8.285171,0.31159148,2.7867649,-1.1805515,2,1546.0,1522.0,1456.0,1436.0
643081212,0.18644778,-1.3911568,-8.797749,0.31159148,2.7867649,-1.1805515,2,1546.0,1522.0,1456.0,1436.0
643086187,-0.8356278,-0.58952236,-8.984588,0.31159148,2.7867649,-1.1805515,2,1546.0,1522.0,1456.0,1436.0
643091188,0.097869635,0.88768,-8.8863,0.31159148,2.7867649,-1.1805515,2,1546.0,1522.0,1456.0,1436.0
643096211,0.8069439,-1.5517079,-8.72037,0.31159148,2.7867649,-1.1805515,2,1546.0,1522.0,1456.0,1436.0
643101188,-0.9574515,0.17609316,-8.394855,0.31159148,2.7867649,-1.1805515,2,1546.0,1522.0,1456.0,1436.0
643106188,-0.7153491,0.37594238,-9.703943,0.31159148,2.7867649,-1.1805515,2,1546.0,1522.0,1456.0,1436.0
643111211,0.19069928,-1.5589863,-9.146306,0.31159148,2.7867649,-1.1805515,2,1546.0,1522.0,1456.0,1436.0
643116187,-0.42333028,-0.06686091,-8.834229,0.31159148,2.7867649,-1.1805515,2,1546.0,1522.0,1456.0,1436.0
643121188,0.34148666,0.82509,-9.581613,0.31159148,2.7867649,-1.1805515,2,1546.0,1522.0,1456.0,1436.0
643126211,0.5268716,-0.80276513,-9.248646,0.31159148,2.7867649,-1.1805515,2,1546.0,1522.0,1456.0,1436.0
643131188,-0.4644048,-0.33019075,-9.573757,0.31159148,2.7867649,-1.1805515,2,1546.0,1522.0,1456.0,1436.0
643136187,-0.50331587,-0.95576406,-9.525622,0.31159148,2.7867649,-1.1805515,2,1546.0,1522.0,1456.0,1436.0
643141212,-0.6308039,1.2678002,-9.049284,0.31159148,2.7867649,-1.1805515,2,1546.0,1522.0,1456.0,1436.0
643146187,1.2405401,-0.6028552,-9.363722,0.31159148,2.7867649,-1.1805515,2,1546.0,1522.0,1456.0,1436.0
643151188,-0.045870095,-1.0982331,-9.15782,0.31159148,2.7867649,-1.1805515,2,1546.0,1522.0,1456.0,1436.0
643156210,-0.10546632,-0.8252358,-10.0682125,0.31159148,2.7867649,-1.1805515,2,1546.0,1522.0,1456.0,1436.0
643161188,0.6921973,-1.038616,-10.043775,0.31159148,2.7867649,-1.1805515,2,1546.0,1522.0,1456.0,1436.0
643166188,-0.58689684,-0.7732092,-8.92615,0.3036563,2.795596,-1.1756837,2,1546.0,1522.0,1456.0,1436.0
643171211,-1.0421247,1.5499332,-10.308356,0.3036563,2.795596,-1.1756837,2,1588.0,1557.0,1487.0,1466.0
643176188,0.361406,-0.19045271,-9.613851,0.3036563,2.795596,-1.1756837,2,1588.0,1557.0,1487.0,1466.0
643181188,-1.0592165,-0.8933678,-9.966389,0.3036563,2.795596,-1.1756837,2,1588.0,1557.0,1487.0,1466.0
643186210,0.060978506,1.0009842,-11.100046,0.3036563,2.795596,-1.1756837,2,1588.0,1557.0,1487.0,1466.0
643191187,0.94162226,0.2596217,-9.864879,0.3036563,2.795596,-1.1756837,2,1588.0,1557.0,1487.0,1466.0
643196191,-0.0886578,-0.07400541,-9.908747,0.3036563,2.795596,-1.1756837,2,1588.0,1557.0,1487.0,1466.0
643201211,0.18511015,-1.3774886,-9.699793,0.3036563,2.795596,-1.1756837,2,1588.0,1557.0,1487.0,1466.0
643206187,0.63146496,-0.7505958,-9.828107,0.3036563,2.795596,-1.1756837,2,1588.0,1557.0,1487.0,1466.0
643211190,-0.5140897,0.19627343,-10.150848,0.3036563,2.795596,-1.1756837,2,1588.0,1557.0,1487.0,1466.0
643216210,-0.7366764,0.316848,-10.500836,0.3036563,2.795596,-1.1756837,2,1588.0,1557.0,1487.0,1466.0
643221188,0.6893013,-0.23987678,-9.436976,0.3036563,2.795596,-1.1756837,2,1588.0,1557.0,1487.0,1466.0
643226188,-0.84434897,-1.0044909,-10.549383,0.3036563,2.795596,-1.1756837,2,1588.0,1557.0,1487.0,1466.0
643231211,0.2904484,0.38465798,-10.361726,0.3036563,2.795596,-1.1756837,2,1588.0,1557.0,1487.0,1466.0
643236187,0.19480282,-0.9518568,-9.7398815,0.3036563,2.795596,-1.1756837,2,1588.0,1557.0,1487.0,1466.0
643241189,-0.6787225,-0.25639358,-10.5039625,0.3036563,2.795596,-1.1756837,2,1588.0,1557.0,1487.0,1466.0
643246210,-0.73915005,0.44512516,-10.755796,0.3036563,2.795596,-1.1756837,2,1588.0,1557.0,1487.0,1466.0
643251188,0.69315237,1.6220138,-10.17739,0.3036563,2.795596,-1.1756837,2,1588.0,1557.0,1487.0,1466.0
643256188,-0.32003638,-1.4120487,-9.534586,0.3036563,2.795596,-1.1756837,2,1588.0,1557.0,1487.0,1466.0
643261211,0.27069822,-0.97121537,-10.215783,0.3036563,2.795596,-1.1756837,2,1588.0,1557.0,1487.0,1466.0
643266187,-0.52886117,-1.011653,-9.752242,0.3036563,2.795596,-1.1756837,2,1588.0,1557.0,1487.0,1466.0
643271190,0.4753838,0.8602976,-11.003137,0.3036563,2.795596,-1.1756837,2,1588.0,1557.0,1487.0,1466.0
643276210,-0.49535596,0.233319,-9.77629,0.29454723,2.8040566,-1.169076,2,1585.0,1537.0,1498.0,1470.0
643281188,0.26587692,0.30469313,-10.496172,0.29454723,2.8040566,-1.169076,2,1585.0,1537.0,1498.0,1470.0
643286188,-0.16389124,-1.0138015,-9.849002,0.29454723,2.8040566,-1.169076,2,1585.0,1537.0,1498.0,1470.0
643291211,-0.7423426,-0.8777202,-10.015137,0.29454723,2.8040566,-1.169076,2,1585.0,1537.0,1498.0,1470.0
643296188,-0.33644366,-2.035888,-9.341342,0.29454723,2.8040566,-1.169076,2,1585.0,1537.0,1498.0,1470.0
643301188,0.42664814,0.7927229,-10.118177,0.29454723,2.8040566,-1.169076,2,1585.0,1537.0,1498.0,1470.0
643306210,-1.1281182,1.4094772,-10.44332,0.29454723,2.8040566,-1.169076,2,1585.0,1537.0,1498.0,1470.0
643311188,0.49336365,1.5745965,-10.646061,0.29454723,2.8040566,-1.169076,2,1585.0,1537.0,1498.0,1470.0
643316188,-0.463017,-1.2027321,-9.655123,0.29454723,2.8040566,-1.169076,2,1585.0,1537.0,1498.0,1470.0
643321211,0.7131404,-1.7805827,-10.137081,0.29454723,2.8040566,-1.169076,2,1585.0,1537.0,1498.0,1470.0
643326188,-0.8764673,-1.1047865,-9.421676,0.29454723,2.8040566,-1.169076,2,1585.0,1537.0,1498.0,1470.0
643331188,1.283616,1.8309997,-10.82465,0.29454723,2.8040566,-1.169076,2,1585.0,1537.0,1498.0,1470.0
643336210,0.3016131,0.049540307,-9.477371,0.29454723,2.8040566,-1.169076,2,1585.0,1537.0,1498.0,1470.0
643341188,-0.08374087,-0.34008455,-10.146584,0.29454723,2.8040566,-1.169076,2,1585.0,1537.0,1498.0,1470.0
643346188,-1.3352314,-0.7253071,-10.124098,0.29454723,2.8040566,-1.169076,2,1585.0,1537.0,1498.0,1470.0
643351211,-0.74664557,-0.32948267,-9.313003,0.29454723,2.8040566,-1.169076,2,1585.0,1537.0,1498.0,1470.0
643356187,0.37052077,-0.23844078,-9.472265,0.29454723,2.8040566,-1.169076,2,1585.0,1537.0,1498.0,1470.0
643361192,0.43766934,-0.22967376,-9.485759,0.29454723,2.8040566,-1.169076,2,1585.0,1537.0,1498.0,1470.0
643366210,-0.037391488,1.6651156,-10.493647,0.28737205,2.8092315,-1.1663995,2,1585.0,1537.0,1498.0,1470.0
643371188,0.49814418,-0.8084939,-10.444653,0.28737205,2.8092315,-1.1663995,2,1569.0,1550.0,1499.0,1466.0
643376188,-0.6290175,-1.622775,-10.334125,0.28737205,2.8092315,-1.1663995,2,1569.0,1550.0,1499.0,1466.0
643381211,0.17907827,-1.6150906,-9.383186,0.28737205,2.8092315,-1.1663995,2,1569.0,1550.0,1499.0,1466.0
643386188,-0.19178562,0.46032453,-9.871297,0.28737205,2.8092315,-1.1663995,2,1569.0,1550.0,1499.0,1466.0
643391188,-0.4189998,0.85470927,-9.418155,0.28737205,2.8092315,-1.1663995,2,1569.0,1550.0,1499.0,1466.0
643396210,-0.11513871,-0.35803357,-10.348104,0.28737205,2.8092315,-1.1663995,2,1569.0,1550.0,1499.0,1466.0
643401188,-0.3618658,-0.38005272,-10.4379835,0.28737205,2.8092315,-1.1663995,2,1569.0,1550.0,1499.0,1466.0
643406188,-0.13361031,-0.28527433,-10.904047,0.28737205,2.8092315,-1.1663995,2,1569.0,1550.0,1499.0,1466.0
643411211,0.21779665,-0.4423954,-9.994329,0.28737205,2.8092315,-1.1663995,2,1569.0,1550.0,1499.0,1466.0
643416188,1.2508891,-0.18104535,-9.499966,0.28737205,2.8092315,-1.1663995,2,1569.0,1550.0,1499.0,1466.0
643421188,-0.24282068,-0.65557724,-9.622889,0.28737205,2.8092315,-1.1663995,2,1569.0,1550.0,1499.0,1466.0
643426210,-0.6318903,0.2452481,-10.154198,0.28737205,2.8092315,-1.1663995,2,1569.0,1550.0,1499.0,1466.0
643431188,-0.95128477,-0.2798623,-10.570414,0.28737205,2.8092315,-1.1663995,2,1569.0,1550.0,1499.0,1466.0
643436188,0.3379343,0.015006801,-9.913831,0.28737205,2.8092315,-1.1663995,2,1569.0,1550.0,1499.0,1466.0
643441211,-0.25121686,-0.90253,-9.640595,0.28737205,2.8092315,-1.1663995,2,1569.0,1550.0,1499.0,1466.0
643446188,0.013244942,1.4076533,-9.88994,0.28737205,2.8092315,-1.1663995,2,1569.0,1550.0,1499.0,1466.0
643451188,0.30997717,-0.8073461,-9.369405,0.28737205,2.8092315,-1.1663995,2,1569.0,1550.0,1499.0,1466.0
643456210,-0.13946013,-0.75467956,-9.78074,0.28737205,2.8092315,-1.1663995,2,1569.0,1550.0,1499.0,1466.0
643461188,-0.38154054,-1.4432696,-10.404175,0.28737205,2.8092315,-1.1663995,2,1569.0,1550.0,1499.0,1466.0
643466187,0.486228,0.765921,-10.2126,0.28737205,2.8092315,-1.1663995,2,1569.0,1550.0,1499.0,1466.0
643471211,-0.23653793,0.13802247,-9.447434,0.28737205,2.8092315,-1.1663995,2,1569.0,1550.0,1499.0,1466.0
643476188,-0.43105823,-1.5230163,-9.859735,0.27980682,2.8142319,-1.1650354,2,1560.0,1535.0,1496.0,1481.0
643481188,-0.26367414,0.47331592,-9.949975,0.27980682,2.8142319,-1.1650354,2,1560.0,1535.0,1496.0,1481.0
643486214,0.021334955,0.5109148,-10.703652,0.27980682,2.8142319,-1.1650354,2,1560.0,1535.0,1496.0,1481.0
643491188,0.39255208,0.05013635,-10.436477,0.27980682,2.8142319,-1.1650354,2,1560.0,1535.0,1496.0,1481.0
643496188,0.55728024,-1.0266451,-9.690823,0.27980682,2.8142319,-1.1650354,2,1560.0,1535.0,1496.0,1481.0
643501211,-0.4635261,0.21127708,-9.8853655,0.27980682,2.8142319,-1.1650354,2,1560.0,1535.0,1496.0,1481.0
643506188,-1.1093845,-1.3096718,-9.28084,0.27980682,2.8142319,-1.1650354,2,1560.0,1535.0,1496.0,1481.0
643511188,-0.26553297,0.3668878,-10.309644,0.27980682,2.8142319,-1.1650354,2,1560.0,1535.0,1496.0,1481.0
643516210,0.47494206,-0.012464394,-9.898928,0.27980682,2.8142319,-1.1650354,2,1560.0,1535.0,1496.0,1481.0
643521188,0.49641776,1.3676564,-10.820064,0.27980682,2.8142319,-1.1650354,2,1560.0,1535.0,1496.0,1481.0
643526187,-0.02924111,-0.93606377,-9.683808,0.27980682,2.8142319,-1.1650354,2,1560.0,1535.0,1496.0,1481.0
643531210,-0.5313343,-0.17822132,-9.6191635,0.27980682,2.8142319,-1.1650354,2,1560.0,1535.0,1496.0,1481.0
643536188,0.31244698,-1.9566214,-9.439035,0.27980682,2.8142319,-1.1650354,2,1560.0,1535.0,1496.0,1481.0
643541188,-0.23738821,-0.045371953,-10.144245,0.27980682,2.8142319,-1.1650354,2,1560.0,1535.0,1496.0,1481.0
643546210,0.6641697,0.46968877,-10.406569,0.27980682,2.8142319,-1.1650354,2,1560.0,1535.0,1496.0,1481.0
643551188,-0.68389124,0.677933,-9.468163,0.27980682,2.8142319,-1.1650354,2,1560.0,1535.0,1496.0,1481.0
643556188,0.13596815,-0.843007,-9.702637,0.27980682,2.8142319,-1.1650354,2,1560.0,1535.0,1496.0,1481.0
643561211,-1.2489724,-0.9061697,-9.831474,0.27980682,2.8142319,-1.1650354,2,1560.0,1535.0,1496.0,1481.0
643566188,1.4537911,-0.65304536,-10.21126,0.27980682,2.8142319,-1.1650354,2,1560.0,1535.0,1496.0,1481.0
643571188,-0.2584412,-0.57080203,-9.632468,0.27980682,2.8142319,-1.1650354,2,1560.0,1535.0,1496.0,1481.0
643576210,-0.791497,0.81350917,-10.033919,0.2738981,2.8177612,-1.1653419,2,1563.0,1542.0,1488.0,1473.0
643581187,-1.0348253,0.64698476,-10.11409,0.2738981,2.8177612,-1.1653419,2,1563.0,1542.0,1488.0,1473.0
643586188,0.21642633,0.6559111,-9.610146,0.2738981,2.8177612,-1.1653419,2,1563.0,1542.0,1488.0,1473.0
643591211,1.1280885,-2.6180277,-9.745775,0.2738981,2.8177612,-1.1653419,2,1563.0,1542.0,1488.0,1473.0
643596188,0.57594055,-0.37329644,-9.493562,0.2738981,2.8177612,-1.1653419,2,1563.0,1542.0,1488.0,1473.0
643601189,0.102142826,0.8708969,-10.371048,0.2738981,2.8177612,-1.1653419,2,1563.0,1542.0,1488.0,1473.0
643606210,-1.8750381,0.7212045,-9.868674,0.2738981,2.8177612,-1.1653419,2,1563.0,1542.0,1488.0,1473.0
643611188,0.71868604,-0.33490393,-9.338791,0.2738981,2.8177612,-1.1653419,2,1563.0,1542.0,1488.0,1473.0
643616188,-1.17713,-1.6176251,-9.515335,0.2738981,2.8177612,-1.1653419,2,1563.0,1542.0,1488.0,1473.0
643621211,1.0833546,0.58021235,-10.565478,0.2738981,2.8177612,-1.1653419,2,1563.0,1542.0,1488.0,1473.0
643626188,-0.23434183,-0.6437197,-9.547622,0.2738981,2.8177612,-1.1653419,2,1563.0,1542.0,1488.0,1473.0
643631188,0.1920639,1.3569723,-10.2272625,0.2738981,2.8177612,-1.1653419,2,1563.0,1542.0,1488.0,1473.0
643636210,-0.5834915,-1.0999732,-9.116368,0.2738981,2.8177612,-1.1653419,2,1563.0,1542.0,1488.0,1473.0
643641188,-0.7560514,-0.033345357,-10.053311,0.2738981,2.8177612,-1.1653419,2,1563.0,1542.0,1488.0,1473.0
643646187,0.5852539,-0.6252294,-9.976866,0.2738981,2.8177612,-1.1653419,2,1563.0,1542.0,1488.0,1473.0
643651211,1.3782995,0.14800853,-9.817911,0.2738981,2.8177612,-1.1653419,2,1563.0,1542.0,1488.0,1473.0
643656188,-0.3122608,-0.16441983,-9.911983,0.2738981,2.8177612,-1.1653419,2,1563.0,1542.0,1488.0,1473.0
643661190,-1.1743722,0.15600552,-9.799417,0.2738981,2.8177612,-1.1653419,2,1563.0,1542.0,1488.0,1473.0
643666210,-1.1208853,-0.5816317,-10.158604,0.2691054,2.82004,-1.1659449,2,1563.0,1542.0,1488.0,1473.0
643671188,0.7834884,-0.3429602,-9.484413,0.2691054,2.82004,-1.1659449,2,1554.0,1532.0,1502.0,1477.0
643676188,0.8283067,-1.0243665,-9.866517,0.2691054,2.82004,-1.1659449,2,1554.0,1532.0,1502.0,1477.0
643681211,0.031589378,0.40043867,-10.1307955,0.2691054,2.82004,-1.1659449,2,1554.0,1532.0,1502.0,1477.0
643686187,-1.4238966,1.7652323,-10.437379,0.2691054,2.82004,-1.1659449,2,1554.0,1532.0,1502.0,1477.0
643691188,0.13472489,-0.5467337,-9.914093,0.2691054,2.82004,-1.1659449,2,1554.0,1532.0,1502.0,1477.0
643696210,0.5745866,-1.1546205,-9.379508,0.2691054,2.82004,-1.1659449,2,1554.0,1532.0,1502.0,1477.0
643701188,1.404346,0.17390499,-10.136158,0.2691054,2.82004,-1.1659449,2,1554.0,1532.0,1502.0,1477.0
643706188,-1.6761975,0.44395933,-9.741624,0.2691054,2.82004,-1.1659449,2,1554.0,1532.0,1502.0,1477.0
643711211,-0.7026877,0.66484165,-10.023382,0.2691054,2.82004,-1.1659449,2,1554.0,1532.0,1502.0,1477.0
643716187,0.15059914,-0.5795087,-9.934212,0.2691054,2.82004,-1.1659449,2,1554.0,1532.0,1502.0,1477.0
643721188,0.7551428,0.1479681,-9.913633,0.2691054,2.82004,-1.1659449,2,1554.0,1532.0,1502.0,1477.0
643726210,-0.22644831,-1.0071831,-9.027953,0.2691054,2.82004,-1.1659449,2,1554.0,1532.0,1502.0,1477.0
643731188,-0.3772451,1.4931015,-9.698222,0.2691054,2.82004,-1.1659449,2,1554.0,1532.0,1502.0,1477.0
643736188,0.75663763,-0.8464161,-10.304596,0.2691054,2.82004,-1.1659449,2,1554.0,1532.0,1502.0,1477.0
643741211,0.09090026,-1.1583091,-9.991639,0.2691054,2.82004,-1.1659449,2,1554.0,1532.0,1502.0,1477.0
643746188,-0.5694697,-1.0083325,-9.56506,0.2691054,2.82004,-1.1659449,2,1554.0,1532.0,1502.0,1477.0
643751188,-0.6712231,1.1984402,-9.45346,0.2691054,2.82004,-1.1659449,2,1554.0,1532.0,1502.0,1477.0
643756210,0.61548716,0.9067504,-9.980414,0.2691054,2.82004,-1.1659449,2,1554.0,1532.0,1502.0,1477.0
643761188,-0.19632588,-1.1089476,-10.229892,0.2691054,2.82004,-1.1659449,2,1554.0,1532.0,1502.0,1477.0
643766188,-0.44715995,-0.5356388,-9.337978,0.2691054,2.82004,-1.1659449,2,1554.0,1532.0,1502.0,1477.0
643771210,-0.025541326,0.30023482,-9.717228,0.2691054,2.82004,-1.1659449,2,1554.0,1532.0,1502.0,1477.0
643776187,1.18999,0.67962253,-9.598366,0.26304492,2.821766,-1.1670843,2,1547.0,1518.0,1511.0,1485.0
643781188,-0.46911314,-2.1593316,-9.058693,0.26304492,2.821766,-1.1670843,2,1547.0,1518.0,1511.0,1485.0
643786210,-1.7794967,1.2886275,-10.885892,0.26304492,2.821766,-1.1670843,2,1547.0,1518.0,1511.0,1485.0
643791188,0.28723273,0.7465094,-9.851046,0.26304492,2.821766,-1.1670843,2,1547.0,1518.0,1511.0,1485.0
643796188,1.2712681,-1.452076,-9.467007,0.26304492,2.821766,-1.1670843,2,1547.0,1518.0,1511.0,1485.0
643801211,-0.5627826,0.042910803,-9.796459,0.26304492,2.821766,-1.1670843,2,1547.0,1518.0,1511.0,1485.0
643806188,-0.72280407,0.25289607,-9.756924,0.26304492,2.821766,-1.1670843,2,1547.0,1518.0,1511.0,1485.0
643811188,0.72526306,0.5135503,-10.163959,0.26304492,2.821766,-1.1670843,2,1547.0,1518.0,1511.0,1485.0
643816210,-0.6654399,-2.9169228,-9.488921,0.26304492,2.821766,-1.1670843,2,1547.0,1518.0,1511.0,1485.0
643821188,-0.9557038,1.7354544,-10.624399,0.26304492,2.821766,-1.1670843,2,1547.0,1518.0,1511.0,1485.0
643826188,0.2782771,1.7993778,-10.08363,0.26304492,2.821766,-1.1670843,2,1547.0,1518.0,1511.0,1485.0
643831211,0.90598154,-2.2437427,-9.727318,0.26304492,2.821766,-1.1670843,2,1547.0,1518.0,1511.0,1485.0
643836188,-0.97872406,-1.5223064,-9.527786,0.26304492,2.821766,-1.1670843,2,1547.0,1518.0,1511.0,1485.0
643841188,-0.4629353,1.9255595,-10.408385,0.26304492,2.821766,-1.1670843,2,1547.0,1518.0,1511.0,1485.0
643846210,1.0407207,0.3078693,-10.603116,0.26304492,2.821766,-1.1670843,2,1547.0,1518.0,1511.0,1485.0
643851188,-0.9577391,-1.9002926,-9.217116,0.26304492,2.821766,-1.1670843,2,1547.0,1518.0,1511.0,1485.0
643856188,0.21746412,0.8057165,-9.634543,0.26304492,2.821766,-1.1670843,2,1547.0,1518.0,1511.0,1485.0
643861211,0.49983326,-1.4328492,-9.959617,0.26304492,2.821766,-1.1670843,2,1547.0,1518.0,1511.0,1485.0
643866188,-0.5297175,0.47990215,-9.968152,0.25773662,2.822496,-1.1680504,2,1547.0,1518.0,1511.0,1485.0
643871188,-0.2712562,0.60084254,-9.772037,0.25773662,2.822496,-1.1680504,2,1553.0,1524.0,1496.0,1487.0
643876210,-0.3097073,-1.3229543,-9.549959,0.25773662,2.822496,-1.1680504,2,1553.0,1524.0,1496.0,1487.0
643881188,0.9640058,-0.0942784,-9.786472,0.25773662,2.822496,-1.1680504,2,1553.0,1524.0,1496.0,1487.0
643886187,-1.080683,-0.36463788,-9.814815,0.25773662,2.822496,-1.1680504,2,1553.0,1524.0,1496.0,1487.0
643891211,-0.11794157,0.8922161,-10.281083,0.25773662,2.822496,-1.1680504,2,1553.0,1524.0,1496.0,1487.0
643896188,0.6231133,0.8794133,-10.264306,0.25773662,2.822496,-1.1680504,2,1553.0,1524.0,1496.0,1487.0
643901188,0.26867896,-2.15416,-9.230428,0.25773662,2.822496,-1.1680504,2,1553.0,1524.0,1496.0,1487.0
643906210,-1.855328,-0.73487186,-9.428424,0.25773662,2.822496,-1.1680504,2,1553.0,1524.0,1496.0,1487.0
643911188,0.049810067,0.8962089,-10.381315,0.25773662,2.822496,-1.1680504,2,1553.0,1524.0,1496.0,1487.0
643916188,1.2613928,0.51762086,-10.011262,0.25773662,2.822496,-1.1680504,2,1553.0,1524.0,1496.0,1487.0
643921211,-1.2962067,-2.2524307,-9.017383,0.25773662,2.822496,-1.1680504,2,1553.0,1524.0,1496.0,1487.0
643926188,0.1008628,-0.47743002,-10.231196,0.25773662,2.822496,-1.1680504,2,1553.0,1524.0,1496.0,1487.0
643931188,-0.1513812,-0.22661959,-9.772215,0.25773662,2.822496,-1.1680504,2,1553.0,1524.0,1496.0,1487.0
643936210,-1.3291827,0.9995649,-9.9208355,0.25773662,2.822496,-1.1680504,2,1553.0,1524.0,1496.0,1487.0
643941188,2.4028044,0.78226966,-10.317732,0.25773662,2.822496,-1.1680504,2,1553.0,1524.0,1496.0,1487.0
643946188,-1.7075647,-2.9906583,-8.867812,0.25773662,2.822496,-1.1680504,2,1553.0,1524.0,1496.0,1487.0
643951210,-0.7904606,1.408251,-10.353729,0.25773662,2.822496,-1.1680504,2,1553.0,1524.0,1496.0,1487.0
643956188,2.3093336,0.09825802,-9.743604,0.25773662,2.822496,-1.1680504,2,1553.0,1524.0,1496.0,1487.0
643961188,-1.72079,-1.1177595,-9.058744,0.25773662,2.822496,-1.1680504,2,1553.0,1524.0,1496.0,1487.0
643966210,1.089706,1.2158399,-10.75858,0.25773662,2.822496,-1.1680504,2,1553.0,1524.0,1496.0,1487.0
643971188,-1.0248584,-2.4880521,-9.291687,0.25773662,2.822496,-1.1680504,2,1553.0,1524.0,1496.0,1487.0
643976188,-1.5011086,1.7444667,-10.372845,0.2518382,2.8222106,-1.1698023,2,1539.0,1520.0,1503.0,1499.0
643981211,2.2150629,-0.72201467,-9.60218,0.2518382,2.8222106,-1.1698023,2,1539.0,1520.0,1503.0,1499.0
643986188,-1.3220472,-1.1447655,-9.135129,0.2518382,2.8222106,-1.1698023,2,1539.0,1520.0,1503.0,1499.0
643991188,-0.06676553,1.3943236,-10.94332,0.2518382,2.8222106,-1.1698023,2,1539.0,1520.0,1503.0,1499.0
643996210,0.36975974,-1.9348173,-9.779244,0.2518382,2.8222106,-1.1698023,2,1539.0,1520.0,1503.0,1499.0
644001188,-0.5343484,0.6300617,-8.898665,0.2518382,2.8222106,-1.1698023,2,1539.0,1520.0,1503.0,1499.0
644006188,0.9196058,0.13278499,-10.293467,0.2518382,2.8222106,-1.1698023,2,1539.0,1520.0,1503.0,1499.0
644011211,-0.21985865,-0.21718033,-9.600059,0.2518382,2.8222106,-1.1698023,2,1539.0,1520.0,1503.0,1499.0
644016187,-0.3322474,0.6701354,-10.748921,0.2518382,2.8222106,-1.1698023,2,1539.0,1520.0,1503.0,1499.0
644021188,-0.10216054,-1.6668123,-9.553324,0.2518382,2.8222106,-1.1698023,2,1539.0,1520.0,1503.0,1499.0
644026210,0.42587563,1.4067478,-9.649382,0.2518382,2.8222106,-1.1698023,2,1539.0,1520.0,1503.0,1499.0
644031188,1.0223504,0.37686518,-9.645172,0.2518382,2.8222106,-1.1698023,2,1539.0,1520.0,1503.0,1499.0
644036188,-1.522618,-1.9045753,-10.211679,0.2518382,2.8222106,-1.1698023,2,1539.0,1520.0,1503.0,1499.0
644041211,-0.4954055,1.1570946,-9.587319,0.2518382,2.8222106,-1.1698023,2,1539.0,1520.0,1503.0,1499.0
644046188,1.539217,-0.61918914,-9.796849,0.2518382,2.8222106,-1.1698023,2,1539.0,1520.0,1503.0,1499.0
644051190,-0.8330143,-0.3356896,-8.896275,0.2518382,2.8222106,-1.1698023,2,1539.0,1520.0,1503.0,1499.0
644056210,-0.50153774,0.09177937,-10.327214,0.2518382,2.8222106,-1.1698023,2,1539.0,1520.0,1503.0,1499.0
644061188,0.38221714,-0.21340708,-10.49645,0.2518382,2.8222106,-1.1698023,2,1539.0,1520.0,1503.0,1499.0
644066188,-0.51554614,-0.14191432,-8.999318,0.24762204,2.8214252,-1.1713362,2,1539.0,1520.0,1503.0,1499.0
644071211,0.55012363,-0.47805092,-9.310207,0.24762204,2.8214252,-1.1713362,2,1538.0,1514.0,1512.0,1491.0
644076187,-0.09152172,-0.022208396,-10.165227,0.24762204,2.8214252,-1.1713362,2,1538.0,1514.0,1512.0,1491.0
644081188,-0.28730527,0.20560165,-9.894859,0.24762204,2.8214252,-1.1713362,2,1538.0,1514.0,1512.0,1491.0
644086210,-0.5147065,-0.57960016,-10.282557,0.24762204,2.8214252,-1.1713362,2,1538.0,1514.0,1512.0,1491.0
644091188,-0.33634225,0.39542323,-8.907912,0.24762204,2.8214252,-1.1713362,2,1538.0,1514.0,1512.0,1491.0
644096188,1.1184072,-0.7992769,-9.369627,0.24762204,2.8214252,-1.1713362,2,1538.0,1514.0,1512.0,1491.0
644101211,-0.31442547,-0.3883693,-9.981221,0.24762204,2.8214252,-1.1713362,2,1538.0,1514.0,1512.0,1491.0
644106187,-0.7155103,1.8687115,-10.112503,0.24762204,2.8214252,-1.1713362,2,1538.0,1514.0,1512.0,1491.0
644111188,0.36695722,-1.3937948,-9.201915,0.24762204,2.8214252,-1.1713362,2,1538.0,1514.0,1512.0,1491.0
644116210,-0.44721866,-0.1847016,-9.478204,0.24762204,2.8214252,-1.1713362,2,1538.0,1514.0,1512.0,1491.0
644121188,1.180847,0.26827726,-9.887186,0.24762204,2.8214252,-1.1713362,2,1538.0,1514.0,1512.0,1491.0
644126187,-0.85937905,-1.5587355,-10.115543,0.24762204,2.8214252,-1.1713362,2,1538.0,1514.0,1512.0,1491.0
644131211,-1.0322402,1.3486646,-10.316095,0.24762204,2.8214252,-1.1713362,2,1538.0,1514.0,1512.0,1491.0
644136188,1.4288883,-0.6689702,-9.4764805,0.24762204,2.8214252,-1.1713362,2,1538.0,1514.0,1512.0,1491.0
644141188,-0.251266,-1.7197555,-8.543728,0.24762204,2.8214252,-1.1713362,2,1538.0,1514.0,1512.0,1491.0
644146210,-0.2839886,0.87190145,-10.300558,0.24762204,2.8214252,-1.1713362,2,1538.0,1514.0,1512.0,1491.0
644151187,-0.011394665,-0.15369767,-10.099493,0.24762204,2.8214252,-1.1713362,2,1538.0,1514.0,1512.0,1491.0
644156188,-1.6195949,0.49790528,-9.787623,0.24762204,2.8214252,-1.1713362,2,1538.0,1514.0,1512.0,1491.0
644161211,1.6143482,0.77048725,-10.141438,0.24762204,2.8214252,-1.1713362,2,1538.0,1514.0,1512.0,1491.0
644166188,0.22447838,-2.8610158,-8.820633,0.24762204,2.8214252,-1.1713362,2,1538.0,1514.0,1512.0,1491.0
644171188,-2.0367196,1.3911629,-10.510414,0.24762204,2.8214252,-1.1713362,2,1538.0,1514.0,1512.0,1491.0
644176211,1.357192,2.8446496,-10.821741,0.24268775,2.8207686,-1.1727308,2,1543.0,1507.0,1521.0,1491.0
644181188,-0.85389775,-1.7308242,-8.801645,0.24268775,2.8207686,-1.1727308,2,1543.0,1507.0,1521.0,1491.0
644186188,0.11803363,-0.7713222,-9.737959,0.24268775,2.8207686,-1.1727308,2,1543.0,1507.0,1521.0,1491.0
644191210,1.05077,1.3280637,-9.973469,0.24268775,2.8207686,-1.1727308,2,1543.0,1507.0,1521.0,1491.0
644196188,-0.09292636,-0.57362205,-9.514209,0.24268775,2.8207686,-1.1727308,2,1543.0,1507.0,1521.0,1491.0
644201188,-1.211592,0.034704328,-9.987239,0.24268775,2.8207686,-1.1727308,2,1543.0,1507.0,1521.0,1491.0
644206210,0.6858372,0.4242918,-9.887708,0.24268775,2.8207686,-1.1727308,2,1543.0,1507.0,1521.0,1491.0
644211188,0.4772606,-2.1465065,-9.394021,0.24268775,2.8207686,-1.1727308,2,1543.0,1507.0,1521.0,1491.0
644216188,-0.5879232,0.570139,-9.350407,0.24268775,2.8207686,-1.1727308,2,1543.0,1507.0,1521.0,1491.0
644221211,0.7994439,1.1264576,-10.212773,0.24268775,2.8207686,-1.1727308,2,1543.0,1507.0,1521.0,1491.0
644226187,0.61573213,-1.7565528,-9.176881,0.24268775,2.8207686,-1.1727308,2,1543.0,1507.0,1521.0,1491.0
644231189,-1.5592079,0.24660544,-10.436992,0.24268775,2.8207686,-1.1727308,2,1543.0,1507.0,1521.0,1491.0
644236210,0.7979438,0.65559566,-10.238937,0.24268775,2.8207686,-1.1727308,2,1543.0,1507.0,1521.0,1491.0
644241188,0.5644701,-0.979953,-9.1032,0.24268775,2.8207686,-1.1727308,2,1543.0,1507.0,1521.0,1491.0
644246188,-0.10482714,0.9064976,-9.875993,0.24268775,2.8207686,-1.1727308,2,1543.0,1507.0,1521.0,1491.0
644251211,-0.1005787,-1.1215223,-9.419172,0.24268775,2.8207686,-1.1727308,2,1543.0,1507.0,1521.0,1491.0
644256188,-1.0804259,-0.51004183,-9.906261,0.24268775,2.8207686,-1.1727308,2,1543.0,1507.0,1521.0,1491.0
644261188,-0.013795785,0.51243246,-9.96917,0.24268775,2.8207686,-1.1727308,2,1543.0,1507.0,1521.0,1491.0
644266210,0.97136176,-0.3653905,-9.283573,0.24268775,2.8207686,-1.1727308,2,1543.0,1507.0,1521.0,1491.0
644271188,-0.12095895,-0.009131392,-9.408208,0.24268775,2.8207686,-1.1727308,2,1543.0,1507.0,1521.0,1491.0
644276188,0.5602641,-1.3945848,-9.9557705,0.23809187,2.8213086,-1.1735996,2,1547.0,1515.0,1510.0,1494.0
644281210,-0.95444727,0.23706669,-9.423886,0.23809187,2.8213086,-1.1735996,2,1547.0,1515.0,1510.0,1494.0
644286188,-0.7236157,1.7606704,-9.98978,0.23809187,2.8213086,-1.1735996,2,1547.0,1515.0,1510.0,1494.0
644291188,1.4496137,-2.7065105,-8.914837,0.23809187,2.8213086,-1.1735996,2,1547.0,1515.0,1510.0,1494.0
644296210,-0.12608206,-0.6385991,-9.403906,0.23809187,2.8213086,-1.1735996,2,1547.0,1515.0,1510.0,1494.0
644301188,-0.00747111,2.0795522,-10.689266,0.23809187,2.8213086,-1.1735996,2,1547.0,1515.0,1510.0,1494.0
644306188,-0.039232194,-1.8751206,-9.837647,0.23809187,2.8213086,-1.1735996,2,1547.0,1515.0,1510.0,1494.0
644311211,-1.6500932,0.6637243,-9.522663,0.23809187,2.8213086,-1.1735996,2,1547.0,1515.0,1510.0,1494.0
644316188,0.74434364,0.56215584,-9.545525,0.23809187,2.8213086,-1.1735996,2,1547.0,1515.0,1510.0,1494.0
644321189,1.0073823,-1.605482,-10.00048,0.23809187,2.8213086,-1.1735996,2,1547.0,1515.0,1510.0,1494.0
644326210,-0.7688584,0.33130983,-9.720952,0.23809187,2.8213086,-1.1735996,2,1547.0,1515.0,1510.0,1494.0
644331188,0.23094633,0.7390376,-10.047356,0.23809187,2.8213086,-1.1735996,2,1547.0,1515.0,1510.0,1494.0
644336188,0.66332626,-2.3493626,-9.203438,0.23809187,2.8213086,-1.1735996,2,1547.0,1515.0,1510.0,1494.0
644341211,-0.82024044,-1.731435,-9.228571,0.23809187,2.8213086,-1.1735996,2,1547.0,1515.0,1510.0,1494.0
644346187,-0.6423158,0.84901077,-9.8834,0.23809187,2.8213086,-1.1735996,2,1547.0,1515.0,1510.0,1494.0
644351188,1.1111065,1.0214626,-10.47273,0.23809187,2.8213086,-1.1735996,2,1547.0,1515.0,1510.0,1494.0
644356210,-0.50020504,-0.16291846,-9.393307,0.23809187,2.8213086,-1.1735996,2,1547.0,1515.0,1510.0,1494.0
644361188,-0.65875244,-1.1866877,-9.67435,0.23809187,2.8213086,-1.1735996,2,1547.0,1515.0,1510.0,1494.0
644366188,0.9455474,-0.28232974,-9.955718,0.23532212,2.8229604,-1.1733841,2,1547.0,1515.0,1510.0,1494.0
644371211,0.17098027,0.033993866,-9.307762,0.23532212,2.8229604,-1.1733841,2,1557.0,1532.0,1498.0,1489.0
644376188,-0.99614155,0.59597856,-10.206888,0.23532212,2.8229604,-1.1733841,2,1557.0,1532.0,1498.0,1489.0
644381188,0.3291665,-0.4755767,-9.749313,0.23532212,2.8229604,-1.1733841,2,1557.0,1532.0,1498.0,1489.0
644386210,-0.67883873,-1.417453,-9.437902,0.23532212,2.8229604,-1.1733841,2,1557.0,1532.0,1498.0,1489.0
644391188,-0.8841763,0.46374097,-10.37038,0.23532212,2.8229604,-1.1733841,2,1557.0,1532.0,1498.0,1489.0
644396188,1.290596,0.67929786,-9.675968,0.23532212,2.8229604,-1.1733841,2,1557.0,1532.0,1498.0,1489.0
644401211,-0.37056354,-0.48301414,-9.175489,0.23532212,2.8229604,-1.1733841,2,1557.0,1532.0,1498.0,1489.0
644406188,0.2282621,-0.51961166,-10.98349,0.23532212,2.8229604,-1.1733841,2,1557.0,1532.0,1498.0,1489.0
644411188,0.28835535,0.56348,-10.371462,0.23532212,2.8229604,-1.1733841,2,1557.0,1532.0,1498.0,1489.0
644416210,-1.6193048,-0.58398914,-9.55356,0.23532212,2.8229604,-1.1733841,2,1557.0,1532.0,1498.0,1489.0
644421188,-0.026441628,0.9370509,-10.015322,0.23532212,2.8229604,-1.1733841,2,1557.0,1532.0,1498.0,1489.0
644426188,0.61152905,1.0027138,-9.965884,0.23532212,2.8229604,-1.1733841,2,1557.0,1532.0,1498.0,1489.0
644431211,0.38613084,-1.2950029,-10.657855,0.23532212,2.8229604,-1.1733841,2,1557.0,1532.0,1498.0,1489.0
644436188,-2.122384,-0.08686105,-9.955491,0.23532212,2.8229604,-1.1733841,2,1557.0,1532.0,1498.0,1489.0
644441190,0.8198165,1.9643507,-9.937882,0.23532212,2.8229604,-1.1733841,2,1557.0,1532.0,1498.0,1489.0
644446210,1.5436573,-1.8761926,-9.509298,0.23532212,2.8229604,-1.1733841,2,1557.0,1532.0,1498.0,1489.0
644451188,-2.7398305,-0.9025391,-9.817389,0.23532212,2.8229604,-1.1733841,2,1557.0,1532.0,1498.0,1489.0
644456187,0.3918612,1.8395396,-10.394707,0.23532212,2.8229604,-1.1733841,2,1557.0,1532.0,1498.0,1489.0
644461211,0.69214904,0.14844981,-10.257671,0.23532212,2.8229604,-1.1733841,2,1557.0,1532.0,1498.0,1489.0
644466188,0.31521237,-0.5177246,-9.881155,0.23532212,2.8229604,-1.1733841,2,1557.0,1532.0,1498.0,1489.0
644471188,-0.90825063,-1.1498613,-9.249268,0.23532212,2.8229604,-1.1733841,2,1557.0,1532.0,1498.0,1489.0
644476210,-0.6395644,0.3937764,-10.132302,0.2331066,2.8247004,-1.1733156,2,1551.0,1519.0,1508.0,1489.0
644481188,-0.57198435,0.73805845,-11.470844,0.2331066,2.8247004,-1.1733156,2,1551.0,1519.0,1508.0,1489.0
644486187,0.34346274,0.08609851,-9.5053625,0.2331066,2.8247004,-1.1733156,2,1551.0,1519.0,1508.0,1489.0
644491211,1.6167308,-0.25947547,-10.102629,0.2331066,2.8247004,-1.1733156,2,1551.0,1519.0,1508.0,1489.0
644496188,-1.5649922,-1.0677552,-9.673376,0.2331066,2.8247004,-1.1733156,2,1551.0,1519.0,1508.0,1489.0
644501191,-0.68947166,1.1294141,-9.581356,0.2331066,2.8247004,-1.1733156,2,1551.0,1519.0,1508.0,1489.0
644506210,1.6088654,-0.95454913,-10.395859,0.2331066,2.8247004,-1.1733156,2,1551.0,1519.0,1508.0,1489.0
644511188,-1.2154322,-1.7610736,-9.267176,0.2331066,2.8247004,-1.1733156,2,1551.0,1519.0,1508.0,1489.0
644516188,-0.5704137,2.6878304,-10.737106,0.2331066,2.8247004,-1.1733156,2,1551.0,1519.0,1508.0,1489.0
644521211,0.6872314,-0.6313398,-9.881803,0.2331066,2.8247004,-1.1733156,2,1551.0,1519.0,1508.0,1489.0
644526187,0.6653323,-3.0794234,-9.198632,0.2331066,2.8247004,-1.1733156,2,1551.0,1519.0,1508.0,1489.0
644531188,-0.5444505,0.9202091,-9.35035,0.2331066,2.8247004,-1.1733156,2,1551.0,1519.0,1508.0,1489.0
644536210,0.7889133,0.97724944,-10.747772,0.2331066,2.8247004,-1.1733156,2,1551.0,1519.0,1508.0,1489.0
644541188,0.7789955,-0.70029247,-9.983381,0.2331066,2.8247004,-1.1733156,2,1551.0,1519.0,1508.0,1489.0
644546188,-3.1741877,-1.8377228,-9.031017,0.2331066,2.8247004,-1.1733156,2,1551.0,1519.0,1508.0,1489.0
644551211,0.925847,1.2054393,-10.459489,0.2331066,2.8247004,-1.1733156,2,1551.0,1519.0,1508.0,1489.0
644556188,1.0370753,-0.62964416,-9.194517,0.2331066,2.8247004,-1.1733156,2,1551.0,1519.0,1508.0,1489.0
644561188,-0.7287184,0.38007402,-9.80247,0.2331066,2.8247004,-1.1733156,2,1551.0,1519.0,1508.0,1489.0
644566210,-0.05776849,0.70538276,-10.152379,0.23121771,2.8246539,-1.1747297,2,1551.0,1519.0,1508.0,1489.0
644571188,0.81060874,-2.4559612,-9.191889,0.23121771,2.8246539,-1.1747297,2,1550.0,1509.0,1520.0,1484.0
644576188,-0.5196227,-1.37562,-9.298202,0.23121771,2.8246539,-1.1747297,2,1550.0,1509.0,1520.0,1484.0
644581210,-0.20437028,1.4100726,-10.191188,0.23121771,2.8246539,-1.1747297,2,1550.0,1509.0,1520.0,1484.0
644586188,0.38051802,1.398886,-10.044984,0.23121771,2.8246539,-1.1747297,2,1550.0,1509.0,1520.0,1484.0
644591188,-1.5393068,-0.14863923,-9.999395,0.23121771,2.8246539,-1.1747297,2,1550.0,1509.0,1520.0,1484.0
644596210,-0.18795694,-2.2427857,-9.388793,0.23121771,2.8246539,-1.1747297,2,1550.0,1509.0,1520.0,1484.0
644601188,0.9516598,1.1535113,-10.433325,0.23121771,2.8246539,-1.1747297,2,1550.0,1509.0,1520.0,1484.0
644606188,-0.6557202,0.34840342,-9.083164,0.23121771,2.8246539,-1.1747297,2,1550.0,1509.0,1520.0,1484.0
644611211,0.52973014,0.8540906,-10.548419,0.23121771,2.8246539,-1.1747297,2,1550.0,1509.0,1520.0,1484.0
644616188,1.0911325,-2.0817776,-9.471203,0.23121771,2.8246539,-1.1747297,2,1550.0,1509.0,1520.0,1484.0
644621188,-2.803785,-0.059962925,-9.814761,0.23121771,2.8246539,-1.1747297,2,1550.0,1509.0,1520.0,1484.0
644626210,0.45266882,2.0853343,-10.290832,0.23121771,2.8246539,-1.1747297,2,1550.0,1509.0,1520.0,1484.0
644631187,1.5482373,-1.5898334,-8.737747,0.23121771,2.8246539,-1.1747297,2,1550.0,1509.0,1520.0,1484.0
644636187,-0.75907904,-0.3124314,-9.8045635,0.23121771,2.8246539,-1.1747297,2,1550.0,1509.0,1520.0,1484.0
644641211,-0.0865379,-0.16121423,-9.618773,0.23121771,2.8246539,-1.1747297,2,1550.0,1509.0,1520.0,1484.0
644646188,0.5769917,-0.5249472,-10.077256,0.23121771,2.8246539,-1.1747297,2,1550.0,1509.0,1520.0,1484.0
644651188,0.0030764942,-0.014131848,-10.094343,0.23121771,2.8246539,-1.1747297,2,1550.0,1509.0,1520.0,1484.0
644656210,-0.9279232,-1.8154435,-8.363515,0.23121771,2.8246539,-1.1747297,2,1550.0,1509.0,1520.0,1484.0
644661188,-0.078281105,1.1082472,-10.543876,0.23121771,2.8246539,-1.1747297,2,1550.0,1509.0,1520.0,1484.0
644666188,1.5751369,0.24969885,-10.443051,0.23121771,2.8246539,-1.1747297,2,1550.0,1509.0,1520.0,1484.0
644671210,-1.1867863,-1.1382581,-9.326515,0.23121771,2.8246539,-1.1747297,2,1550.0,1509.0,1520.0,1484.0
644676187,-0.7528894,1.4292747,-9.674929,0.22986016,2.8227792,-1.1762428,2,1541.0,1520.0,1514.0,1492.0
644681188,0.6076214,-1.5536865,-9.721109,0.22986016,2.8227792,-1.1762428,2,1541.0,1520.0,1514.0,1492.0
644686210,-0.16868213,-0.99086463,-9.851354,0.22986016,2.8227792,-1.1762428,2,1541.0,1520.0,1514.0,1492.0
644691188,-0.39939553,0.6837287,-10.388899,0.22986016,2.8227792,-1.1762428,2,1541.0,1520.0,1514.0,1492.0
644696188,-0.09614542,0.68691915,-10.676761,0.22986016,2.8227792,-1.1762428,2,1541.0,1520.0,1514.0,1492.0
644701211,1.1515663,-0.59478563,-9.558484,0.22986016,2.8227792,-1.1762428,2,1541.0,1520.0,1514.0,1492.0
644706188,-0.9485293,-2.109067,-9.329359,0.22986016,2.8227792,-1.1762428,2,1541.0,1520.0,1514.0,1492.0
644711190,-1.9976001,0.31910557,-10.264605,0.22986016,2.8227792,-1.1762428,2,1541.0,1520.0,1514.0,1492.0
644716211,2.090747,1.3129262,-10.882482,0.22986016,2.8227792,-1.1762428,2,1541.0,1520.0,1514.0,1492.0
644721188,0.348686,-0.35888308,-9.569315,0.22986016,2.8227792,-1.1762428,2,1541.0,1520.0,1514.0,1492.0
644726188,-0.7043107,-2.217657,-9.676812,0.22986016,2.8227792,-1.1762428,2,1541.0,1520.0,1514.0,1492.0
644731211,-0.98641735,0.48123217,-9.416748,0.22986016,2.8227792,-1.1762428,2,1541.0,1520.0,1514.0,1492.0
644736188,0.3172076,0.13822389,-10.372357,0.22986016,2.8227792,-1.1762428,2,1541.0,1520.0,1514.0,1492.0
644741188,1.24556,-0.17444275,-10.132696,0.22986016,2.8227792,-1.1762428,2,1541.0,1520.0,1514.0,1492.0
644746210,-0.28011194,-0.6183472,-8.797374,0.22986016,2.8227792,-1.1762428,2,1541.0,1520.0,1514.0,1492.0
644751188,0.20783028,-0.4283366,-10.161003,0.22986016,2.8227792,-1.1762428,2,1541.0,1520.0,1514.0,1492.0
644756187,-0.2695502,-1.8977895,-9.83373,0.22986016,2.8227792,-1.1762428,2,1541.0,1520.0,1514.0,1492.0
644761211,-0.6442473,0.5733921,-9.406901,0.22986016,2.8227792,-1.1762428,2,1541.0,1520.0,1514.0,1492.0
644766188,1.7774501,0.56484896,-10.250809,0.22950464,2.8187149,-1.177564,2,1541.0,1520.0,1514.0,1492.0
644771191,-0.2780143,-0.6543665,-9.94111,0.22950464,2.8187149,-1.177564,2,1553.0,1522.0,1495.0,1494.0
644776210,-0.23291561,0.12009044,-9.95848,0.22950464,2.8187149,-1.177564,2,1553.0,1522.0,1495.0,1494.0
644781191,-1.1415193,-1.3111545,-9.678753,0.22950464,2.8187149,-1.177564,2,1553.0,1522.0,1495.0,1494.0
644786187,0.26599625,0.5020179,-9.928188,0.22950464,2.8187149,-1.177564,2,1553.0,1522.0,1495.0,1494.0
644791211,1.3276429,-0.05046265,-9.756704,0.22950464,2.8187149,-1.177564,2,1553.0,1522.0,1495.0,1494.0
644796187,-1.5912124,-0.44473174,-10.060111,0.22950464,2.8187149,-1.177564,2,1553.0,1522.0,1495.0,1494.0
644801189,0.8619337,0.33777085,-10.256438,0.22950464,2.8187149,-1.177564,2,1553.0,1522.0,1495.0,1494.0
644806210,-0.914395,-3.29223,-8.587595,0.22950464,2.8187149,-1.177564,2,1553.0,1522.0,1495.0,1494.0
644811188,-0.24974513,2.166366,-10.141632,0.22950464,2.8187149,-1.177564,2,1553.0,1522.0,1495.0,1494.0
644816188,1.811857,0.27426344,-10.45717,0.22950464,2.8187149,-1.177564,2,1553.0,1522.0,1495.0,1494.0
644821211,-1.7044356,-1.1283462,-9.945788,0.22950464,2.8187149,-1.177564,2,1553.0,1522.0,1495.0,1494.0
644826188,-0.5887765,-0.12929001,-9.723267,0.22950464,2.8187149,-1.177564,2,1553.0,1522.0,1495.0,1494.0
644831190,1.4172648,-1.2834378,-9.416376,0.22950464,2.8187149,-1.177564,2,1553.0,1522.0,1495.0,1494.0
644836210,-0.09136279,1.3404644,-10.030447,0.22950464,2.8187149,-1.177564,2,1553.0,1522.0,1495.0,1494.0
644841188,0.18027158,0.14011677,-9.651502,0.22950464,2.8187149,-1.177564,2,1553.0,1522.0,1495.0,1494.0
644846188,0.10070745,-1.9154893,-9.873098,0.22950464,2.8187149,-1.177564,2,1553.0,1522.0,1495.0,1494.0
644851212,-0.76873577,-0.31371662,-9.456763,0.22950464,2.8187149,-1.177564,2,1553.0,1522.0,1495.0,1494.0
644856188,0.4704201,0.06199952,-9.487518,0.22950464,2.8187149,-1.177564,2,1553.0,1522.0,1495.0,1494.0
644861188,1.5414523,-0.029412564,-10.426227,0.22950464,2.8187149,-1.177564,2,1553.0,1522.0,1495.0,1494.0
644866210,-1.6896594,-0.536829,-9.576121,0.22950464,2.8187149,-1.177564,2,1553.0,1522.0,1495.0,1494.0
644871188,-0.31337547,-0.59963244,-10.0538,0.22950464,2.8187149,-1.177564,2,1553.0,1522.0,1495.0,1494.0
644876188,0.8068257,-0.18752001,-9.883793,0.23079692,2.8102,-1.1795325,2,1558.0,1527.0,1504.0,1473.0
644881211,-0.25980774,0.09080715,-9.113391,0.23079692,2.8102,-1.1795325,2,1558.0,1527.0,1504.0,1473.0
644886187,-0.32074973,0.6894524,-10.526382,0.23079692,2.8102,-1.1795325,2,1558.0,1527.0,1504.0,1473.0
644891188,0.20547123,-0.5728931,-9.726756,0.23079692,2.8102,-1.1795325,2,1558.0,1527.0,1504.0,1473.0
644896210,-0.9954498,-0.5882252,-9.334484,0.23079692,2.8102,-1.1795325,2,1558.0,1527.0,1504.0,1473.0
644901188,1.333369,0.12702183,-10.033165,0.23079692,2.8102,-1.1795325,2,1558.0,1527.0,1504.0,1473.0
644906188,-0.26635095,0.16279137,-9.580463,0.23079692,2.8102,-1.1795325,2,1558.0,1527.0,1504.0,1473.0
644911211,-1.3376167,0.36163035,-9.567261,0.23079692,2.8102,-1.1795325,2,1558.0,1527.0,1504.0,1473.0
644916187,1.403333,-0.33611163,-10.731913,0.23079692,2.8102,-1.1795325,2,1558.0,1527.0,1504.0,1473.0
644921188,-0.62704307,-0.73211396,-8.595071,0.23079692,2.8102,-1.1795325,2,1558.0,1527.0,1504.0,1473.0
644926210,-0.28044164,0.14158462,-10.030861,0.23079692,2.8102,-1.1795325,2,1558.0,1527.0,1504.0,1473.0
644931188,0.28920907,-0.020548973,-10.146338,0.23079692,2.8102,-1.1795325,2,1558.0,1527.0,1504.0,1473.0
644936188,-0.028927196,-0.1715688,-9.2917185,0.23079692,2.8102,-1.1795325,2,1558.0,1527.0,1504.0,1473.0
644941211,0.80516386,-0.77892774,-10.176923,0.23079692,2.8102,-1.1795325,2,1558.0,1527.0,1504.0,1473.0
644946187,-1.4033991,0.17317076,-10.013766,0.23079692,2.8102,-1.1795325,2,1558.0,1527.0,1504.0,1473.0
644951189,0.040935274,0.46840438,-10.012929,0.23079692,2.8102,-1.1795325,2,1558.0,1527.0,1504.0,1473.0
644956210,0.7954359,-1.6058339,-9.63324,0.23079692,2.8102,-1.1795325,2,1558.0,1527.0,1504.0,1473.0
644961188,-0.68279034,0.8084,-9.787313,0.23079692,2.8102,-1.1795325,2,1558.0,1527.0,1504.0,1473.0
644966188,0.833065,0.14317887,-10.028915,0.23079692,2.8102,-1.1795325,2,1558.0,1527.0,1504.0,1473.0
644971211,-0.83525914,-1.595333,-9.386734,0.23079692,2.8102,-1.1795325,2,1558.0,1527.0,1504.0,1473.0
644976188,-0.29712266,1.5071939,-10.154052,0.23250425,2.7980103,-1.1810039,2,1544.0,1528.0,1504.0,1487.0
644981192,1.5576744,-0.7908517,-9.552295,0.23250425,2.7980103,-1.1810039,2,1544.0,1528.0,1504.0,1487.0
644986210,-1.9967225,-1.469756,-8.847908,0.23250425,2.7980103,-1.1810039,2,1544.0,1528.0,1504.0,1487.0
644991188,-0.27035716,1.6306188,-10.977261,0.23250425,2.7980103,-1.1810039,2,1544.0,1528.0,1504.0,1487.0
644996188,1.3216236,-0.8315254,-9.931996,0.23250425,2.7980103,-1.1810039,2,1544.0,1528.0,1504.0,1487.0
645001211,-1.896526,-1.3650717,-8.912193,0.23250425,2.7980103,-1.1810039,2,1544.0,1528.0,1504.0,1487.0
645006188,1.2306283,0.8742578,-10.443367,0.23250425,2.7980103,-1.1810039,2,1544.0,1528.0,1504.0,1487.0
645011189,0.6374174,-0.55925035,-9.408815,0.23250425,2.7980103,-1.1810039,2,1544.0,1528.0,1504.0,1487.0
645016210,-1.7144562,0.01939406,-10.066108,0.23250425,2.7980103,-1.1810039,2,1544.0,1528.0,1504.0,1487.0
645021188,0.25673023,-0.3199395,-10.152786,0.23250425,2.7980103,-1.1810039,2,1544.0,1528.0,1504.0,1487.0
645026187,0.39435428,-0.60006523,-9.37105,0.23250425,2.7980103,-1.1810039,2,1544.0,1528.0,1504.0,1487.0
645031211,1.0020868,-0.08310592,-9.974599,0.23250425,2.7980103,-1.1810039,2,1544.0,1528.0,1504.0,1487.0
645036188,-1.2658554,-0.730906,-10.178821,0.23250425,2.7980103,-1.1810039,2,1544.0,1528.0,1504.0,1487.0
645041188,-0.50227463,2.0776544,-10.533431,0.23250425,2.7980103,-1.1810039,2,1544.0,1528.0,1504.0,1487.0
645046210,1.0981677,-2.772962,-9.057867,0.23250425,2.7980103,-1.1810039,2,1544.0,1528.0,1504.0,1487.0
645051188,-1.6034791,0.835024,-9.597309,0.23250425,2.7980103,-1.1810039,2,1544.0,1528.0,1504.0,1487.0
645056188,1.9961023,1.698952,-10.588503,0.23250425,2.7980103,-1.1810039,2,1544.0,1528.0,1504.0,1487.0
645061211,-0.70354295,-2.5532844,-9.7784195,0.23250425,2.7980103,-1.1810039,2,1544.0,1528.0,1504.0,1487.0
645066187,-1.7852634,0.3923473,-10.262462,0.23396303,2.7826786,-1.1819766,2,1544.0,1528.0,1504.0,1487.0
645071189,2.2410595,0.12518284,-9.850671,0.23396303,2.7826786,-1.1819766,2,1523.0,1500.0,1531.0,1509.0
645076210,-0.6653667,-0.50484335,-8.890925,0.23396303,2.7826786,-1.1819766,2,1523.0,1500.0,1531.0,1509.0
645081188,0.111343205,0.2530841,-10.363646,0.23396303,2.7826786,-1.1819766,2,1523.0,1500.0,1531.0,1509.0
645086188,-0.77153623,-1.0070875,-10.061708,0.23396303,2.7826786,-1.1819766,2,1523.0,1500.0,1531.0,1509.0
645091211,0.2293318,1.1402501,-10.224163,0.23396303,2.7826786,-1.1819766,2,1523.0,1500.0,1531.0,1509.0
645096188,0.96027005,-1.6354676,-8.870282,0.23396303,2.7826786,-1.1819766,2,1523.0,1500.0,1531.0,1509.0
645101188,-1.302064,0.4287132,-10.237705,0.23396303,2.7826786,-1.1819766,2,1523.0,1500.0,1531.0,1509.0
645106210,1.3732799,-0.13641216,-10.666934,0.23396303,2.7826786,-1.1819766,2,1523.0,1500.0,1531.0,1509.0
645111188,-1.8701669,-1.6133802,-9.201559,0.23396303,2.7826786,-1.1819766,2,1523.0,1500.0,1531.0,1509.0
645116187,0.8037599,2.1448312,-10.237656,0.23396303,2.7826786,-1.1819766,2,1523.0,1500.0,1531.0,1509.0
645121211,1.005324,-2.3273602,-9.182286,0.23396303,2.7826786,-1.1819766,2,1523.0,1500.0,1531.0,1509.0
645126187,-1.3273472,0.28081584,-10.164837,0.23396303,2.7826786,-1.1819766,2,1523.0,1500.0,1531.0,1509.0
645131188,0.6111252,0.71355104,-10.652188,0.23396303,2.7826786,-1.1819766,2,1523.0,1500.0,1531.0,1509.0
645136210,-0.651199,-0.61292,-9.58809,0.23396303,2.7826786,-1.1819766,2,1523.0,1500.0,1531.0,1509.0
645141188,1.2550372,-1.0812887,-9.320782,0.23396303,2.7826786,-1.1819766,2,1523.0,1500.0,1531.0,1509.0
645146188,-0.67991436,0.57708395,-10.028262,0.23396303,2.7826786,-1.1819766,2,1523.0,1500.0,1531.0,1509.0
645151211,0.21978316,0.31538713,-10.585084,0.23396303,2.7826786,-1.1819766,2,1523.0,1500.0,1531.0,1509.0
645156188,-0.36589533,-1.5829896,-9.395959,0.23396303,2.7826786,-1.1819766,2,1523.0,1500.0,1531.0,1509.0
645161189,-0.14967856,1.165095,-9.03287,0.23396303,2.7826786,-1.1819766,2,1523.0,1500.0,1531.0,1509.0
645166210,2.1032267,-1.3980834,-10.066282,0.23396303,2.7826786,-1.1819766,2,1523.0,1500.0,1531.0,1509.0
645171188,-1.1795856,-0.6395443,-9.654146,0.23396303,2.7826786,-1.1819766,2,1523.0,1500.0,1531.0,1509.0
645176188,-0.4330366,0.7531929,-10.5336275,0.23559825,2.757935,-1.1834735,2,1516.0,1504.0,1529.0,1511.0
645181211,0.7706425,-0.58876127,-9.326094,0.23559825,2.757935,-1.1834735,2,1516.0,1504.0,1529.0,1511.0
645186188,0.3391139,0.084803745,-9.299607,0.23559825,2.757935,-1.1834735,2,1516.0,1504.0,1529.0,1511.0
645191188,-0.65247065,-1.1919968,-9.856337,0.23559825,2.757935,-1.1834735,2,1516.0,1504.0,1529.0,1511.0
645196210,-0.0007913086,1.7692201,-10.624931,0.23559825,2.757935,-1.1834735,2,1516.0,1504.0,1529.0,1511.0
645201188,0.65104,-2.4614,-9.508835,0.23559825,2.757935,-1.1834735,2,1516.0,1504.0,1529.0,1511.0
645206188,-1.3108237,1.5631418,-9.513109,0.23559825,2.757935,-1.1834735,2,1516.0,1504.0,1529.0,1511.0
645211211,1.1138862,-0.28626892,-9.940869,0.23559825,2.757935,-1.1834735,2,1516.0,1504.0,1529.0,1511.0
645216188,0.35020405,-1.7528322,-9.643034,0.23559825,2.757935,-1.1834735,2,1516.0,1504.0,1529.0,1511.0
645221188,-1.2585256,0.8368681,-9.486639,0.23559825,2.757935,-1.1834735,2,1516.0,1504.0,1529.0,1511.0
645226211,-0.394661,-0.30939716,-10.499513,0.23559825,2.757935,-1.1834735,2,1516.0,1504.0,1529.0,1511.0
645231188,1.4960706,1.2036643,-9.63124,0.23559825,2.757935,-1.1834735,2,1516.0,1504.0,1529.0,1511.0
645236188,0.46045417,-3.4325452,-9.244605,0.23559825,2.757935,-1.1834735,2,1516.0,1504.0,1529.0,1511.0
645241211,-1.9350773,1.1503439,-10.01998,0.23559825,2.757935,-1.1834735,2,1516.0,1504.0,1529.0,1511.0
645246188,2.162116,1.5298108,-10.386844,0.23559825,2.757935,-1.1834735,2,1516.0,1504.0,1529.0,1511.0
645251188,-0.78841233,-2.6660538,-8.505041,0.23559825,2.757935,-1.1834735,2,1516.0,1504.0,1529.0,1511.0
645256210,-0.25564596,-0.27784526,-9.762131,0.23559825,2.757935,-1.1834735,2,1516.0,1504.0,1529.0,1511.0
645261188,0.2040959,0.40100604,-10.533303,0.23559825,2.757935,-1.1834735,2,1516.0,1504.0,1529.0,1511.0
645266188,-0.096366,1.6031004,-10.259009,0.23695934,2.7327642,-1.1842812,2,1516.0,1504.0,1529.0,1511.0
645271211,0.13883032,-2.3917854,-9.749041,0.23695934,2.7327642,-1.1842812,2,1540.0,1517.0,1510.0,1496.0
645276187,-0.98918325,0.121806465,-9.330588,0.23695934,2.7327642,-1.1842812,2,1540.0,1517.0,1510.0,1496.0
645281188,2.0463831,-0.013084729,-10.357184,0.23695934,2.7327642,-1.1842812,2,1540.0,1517.0,1510.0,1496.0
645286210,-1.0649399,-0.19497485,-9.553302,0.23695934,2.7327642,-1.1842812,2,1540.0,1517.0,1510.0,1496.0
645291188,-0.28716666,-0.85308236,-9.637945,0.23695934,2.7327642,-1.1842812,2,1540.0,1517.0,1510.0,1496.0
645296188,0.24286173,0.5110654,-10.124179,0.23695934,2.7327642,-1.1842812,2,1540.0,1517.0,1510.0,1496.0
645301211,1.0447447,-0.39864853,-9.72104,0.23695934,2.7327642,-1.1842812,2,1540.0,1517.0,1510.0,1496.0
645306188,-0.275324,-1.128761,-9.4746685,0.23695934,2.7327642,-1.1842812,2,1540.0,1517.0,1510.0,1496.0
645311188,-0.7344593,1.4625471,-10.91228,0.23695934,2.7327642,-1.1842812,2,1540.0,1517.0,1510.0,1496.0
645316210,1.2433672,-1.9238678,-9.918407,0.23695934,2.7327642,-1.1842812,2,1540.0,1517.0,1510.0,1496.0
645321188,-0.40887886,0.23458543,-9.46031,0.23695934,2.7327642,-1.1842812,2,1540.0,1517.0,1510.0,1496.0
645326188,-0.78124136,0.026810434,-9.9972105,0.23695934,2.7327642,-1.1842812,2,1540.0,1517.0,1510.0,1496.0
645331211,1.5024801,0.4261619,-10.323154,0.23695934,2.7327642,-1.1842812,2,1540.0,1517.0,1510.0,1496.0
645336188,-1.3912961,-2.2321868,-8.957107,0.23695934,2.7327642,-1.1842812,2,1540.0,1517.0,1510.0,1496.0
645341188,-0.11145015,1.4037645,-10.880103,0.23695934,2.7327642,-1.1842812,2,1540.0,1517.0,1510.0,1496.0
645346210,0.8576538,-0.23008807,-9.558429,0.23695934,2.7327642,-1.1842812,2,1540.0,1517.0,1510.0,1496.0
645351187,0.39134398,-0.5424321,-9.498275,0.23695934,2.7327642,-1.1842812,2,1540.0,1517.0,1510.0,1496.0
645356188,-0.3911534,-1.4604023,-9.632632,0.23695934,2.7327642,-1.1842812,2,1540.0,1517.0,1510.0,1496.0
645361211,0.0074284296,1.7215308,-10.226504,0.23695934,2.7327642,-1.1842812,2,1540.0,1517.0,1510.0,1496.0
645366188,1.2788715,-0.8573856,-9.318664,0.23695934,2.7327642,-1.1842812,2,1540.0,1517.0,1510.0,1496.0
645371190,-1.5859839,-0.47627816,-9.037835,0.23695934,2.7327642,-1.1842812,2,1540.0,1517.0,1510.0,1496.0
645376211,1.0257257,-0.19297266,-10.039976,0.23855717,2.6957588,-1.1849241,2,1536.0,1505.0,1521.0,1498.0
645381188,-0.37013507,-0.5908323,-10.57375,0.23855717,2.6957588,-1.1849241,2,1536.0,1505.0,1521.0,1498.0
645386188,0.52437675,0.84030193,-10.170058,0.23855717,2.6957588,-1.1849241,2,1536.0,1505.0,1521.0,1498.0
645391211,-0.7870457,-1.5043428,-9.056414,0.23855717,2.6957588,-1.1849241,2,1536.0,1505.0,1521.0,1498.0
645396188,0.11884592,1.4788756,-10.687515,0.23855717,2.6957588,-1.1849241,2,1536.0,1505.0,1521.0,1498.0
645401188,1.8810548,-2.754133,-9.680174,0.23855717,2.6957588,-1.1849241,2,1536.0,1505.0,1521.0,1498.0
645406210,-2.4357336,0.81962776,-9.75383,0.23855717,2.6957588,-1.1849241,2,1536.0,1505.0,1521.0,1498.0
645411188,0.38157976,0.43218538,-10.439527,0.23855717,2.6957588,-1.1849241,2,1536.0,1505.0,1521.0,1498.0
645416187,0.74454856,0.73838174,-10.268447,0.23855717,2.6957588,-1.1849241,2,1536.0,1505.0,1521.0,1498.0
645421211,0.18462402,-1.9856287,-9.197086,0.23855717,2.6957588,-1.1849241,2,1536.0,1505.0,1521.0,1498.0
645426187,-1.745612,-0.10679529,-9.604628,0.23855717,2.6957588,-1.1849241,2,1536.0,1505.0,1521.0,1498.0
645431188,1.5521457,1.6743327,-10.76223,0.23855717,2.6957588,-1.1849241,2,1536.0,1505.0,1521.0,1498.0
645436210,0.40690163,-1.2810817,-9.497508,0.23855717,2.6957588,-1.1849241,2,1536.0,1505.0,1521.0,1498.0
645441188,-1.2681676,-0.45390168,-9.40568,0.23855717,2.6957588,-1.1849241,2,1536.0,1505.0,1521.0,1498.0
645446188,0.50724375,-1.0125554,-10.121133,0.23855717,2.6957588,-1.1849241,2,1536.0,1505.0,1521.0,1498.0
645451211,1.0477936,1.1739062,-10.000861,0.23855717,2.6957588,-1.1849241,2,1536.0,1505.0,1521.0,1498.0
645456188,0.011273835,-1.3411502,-9.6322365,0.23855717,2.6957588,-1.1849241,2,1536.0,1505.0,1521.0,1498.0
645461188,-0.8686832,0.46537608,-10.235158,0.23855717,2.6957588,-1.1849241,2,1536.0,1505.0,1521.0,1498.0
645466210,0.30913383,-1.0733644,-9.62967,0.23968743,2.6604068,-1.1851648,2,1536.0,1505.0,1521.0,1498.0
645471188,0.8385331,0.19545166,-10.136898,0.23968743,2.6604068,-1.1851648,2,1536.0,1497.0,1520.0,1504.0
645476188,-0.058729887,-0.45350468,-9.627499,0.23968743,2.6604068,-1.1851648,2,1536.0,1497.0,1520.0,1504.0
645481210,-0.64509946,-0.29432532,-9.92023,0.23968743,2.6604068,-1.1851648,2,1536.0,1497.0,1520.0,1504.0
645486188,0.26597142,0.2560873,-10.16983,0.23968743,2.6604068,-1.1851648,2,1536.0,1497.0,1520.0,1504.0
645491188,1.0744488,-1.8931638,-9.496024,0.23968743,2.6604068,-1.1851648,2,1536.0,1497.0,1520.0,1504.0
645496210,0.31855652,0.4754296,-9.02339,0.23968743,2.6604068,-1.1851648,2,1536.0,1497.0,1520.0,1504.0
645501188,-2.1573446,-0.012257803,-10.129362,0.23968743,2.6604068,-1.1851648,2,1536.0,1497.0,1520.0,1504.0
645506188,1.0212466,1.2450384,-10.506448,0.23968743,2.6604068,-1.1851648,2,1536.0,1497.0,1520.0,1504.0
645511211,1.2180353,-2.2055466,-9.144494,0.23968743,2.6604068,-1.1851648,2,1536.0,1497.0,1520.0,1504.0
645516188,-0.44839874,0.22754544,-9.673198,0.23968743,2.6604068,-1.1851648,2,1536.0,1497.0,1520.0,1504.0
645521188,-0.56613773,0.13115692,-9.725528,0.23968743,2.6604068,-1.1851648,2,1536.0,1497.0,1520.0,1504.0
645526210,0.3655254,1.2353318,-10.861149,0.23968743,2.6604068,-1.1851648,2,1536.0,1497.0,1520.0,1504.0
645531188,0.5968519,-1.925577,-9.049329,0.23968743,2.6604068,-1.1851648,2,1536.0,1497.0,1520.0,1504.0
645536188,-1.1371835,0.47217715,-9.432502,0.23968743,2.6604068,-1.1851648,2,1536.0,1497.0,1520.0,1504.0
645541211,1.0412623,0.1283951,-10.215826,0.23968743,2.6604068,-1.1851648,2,1536.0,1497.0,1520.0,1504.0
645546188,0.1401596,-0.6999171,-10.375947,0.23968743,2.6604068,-1.1851648,2,1536.0,1497.0,1520.0,1504.0
645551188,-0.031063935,-1.3036871,-9.768935,0.23968743,2.6604068,-1.1851648,2,1536.0,1497.0,1520.0,1504.0
645556210,-1.9553392,0.20793375,-10.027353,0.23968743,2.6604068,-1.1851648,2,1536.0,1497.0,1520.0,1504.0
645561188,2.146271,0.77124953,-10.2901745,0.23968743,2.6604068,-1.1851648,2,1536.0,1497.0,1520.0,1504.0
645566187,-0.032587796,-2.653036,-8.873861,0.23968743,2.6604068,-1.1851648,2,1536.0,1497.0,1520.0,1504.0
645571211,-0.784644,0.36833605,-10.651169,0.23968743,2.6604068,-1.1851648,2,1536.0,1497.0,1520.0,1504.0
645576187,-0.5738646,0.13245161,-9.861723,0.2410389,2.6118298,-1.1847787,2,1535.0,1500.0,1524.0,1497.0
645581190,-0.37740102,1.0991462,-9.863127,0.2410389,2.6118298,-1.1847787,2,1535.0,1500.0,1524.0,1497.0
645586210,2.2221642,-2.3573415,-9.984795,0.2410389,2.6118298,-1.1847787,2,1535.0,1500.0,1524.0,1497.0
645591188,-1.2479151,-1.025422,-9.071035,0.2410389,2.6118298,-1.1847787,2,1535.0,1500.0,1524.0,1497.0
645596188,-0.24200356,2.0174239,-10.872969,0.2410389,2.6118298,-1.1847787,2,1535.0,1500.0,1524.0,1497.0
645601211,-0.7214113,-0.51018727,-10.160311,0.2410389,2.6118298,-1.1847787,2,1535.0,1500.0,1524.0,1497.0
645606188,2.0303848,-0.21695451,-9.498419,0.2410389,2.6118298,-1.1847787,2,1535.0,1500.0,1524.0,1497.0
645611188,-0.102718025,-2.628102,-9.022962,0.2410389,2.6118298,-1.1847787,2,1535.0,1500.0,1524.0,1497.0
645616210,-1.4144344,2.642545,-10.493445,0.2410389,2.6118298,-1.1847787,2,1535.0,1500.0,1524.0,1497.0
645621188,1.3906498,0.062416375,-10.676907,0.2410389,2.6118298,-1.1847787,2,1535.0,1500.0,1524.0,1497.0
645626188,-0.60430646,-0.51696926,-9.410106,0.2410389,2.6118298,-1.1847787,2,1535.0,1500.0,1524.0,1497.0
645631211,0.36049372,-1.260915,-9.382643,0.2410389,2.6118298,-1.1847787,2,1535.0,1500.0,1524.0,1497.0
645636188,-1.0599217,1.255471,-9.618098,0.2410389,2.6118298,-1.1847787,2,1535.0,1500.0,1524.0,1497.0
645641188,2.3833125,0.88060683,-10.850743,0.2410389,2.6118298,-1.1847787,2,1535.0,1500.0,1524.0,1497.0
645646210,-1.6088618,-2.5097663,-9.078281,0.2410389,2.6118298,-1.1847787,2,1535.0,1500.0,1524.0,1497.0
645651188,-0.81596327,1.4681139,-10.389006,0.2410389,2.6118298,-1.1847787,2,1535.0,1500.0,1524.0,1497.0
645656188,1.2301629,-1.881706,-9.643629,0.2410389,2.6118298,-1.1847787,2,1535.0,1500.0,1524.0,1497.0
645661211,0.94890755,0.8935762,-9.67264,0.2410389,2.6118298,-1.1847787,2,1535.0,1500.0,1524.0,1497.0
645666187,-0.282414,-1.6349417,-9.764859,0.2410389,2.6118298,-1.1847787,2,1535.0,1500.0,1524.0,1497.0
645671187,-2.3378673,1.1389935,-10.2042,0.2410389,2.6118298,-1.1847787,2,1535.0,1500.0,1524.0,1497.0
645676210,2.0857751,-0.61118245,-9.662925,0.24237041,2.5625074,-1.1839267,2,1537.0,1494.0,1522.0,1503.0
645681188,-0.22317997,-2.0026994,-8.444578,0.24237041,2.5625074,-1.1839267,2,1537.0,1494.0,1522.0,1503.0
645686188,0.0062497747,0.89491504,-9.743414,0.24237041,2.5625074,-1.1839267,2,1537.0,1494.0,1522.0,1503.0
645691211,-0.8196894,-0.102568865,-11.063679,0.24237041,2.5625074,-1.1839267,2,1537.0,1494.0,1522.0,1503.0
645696188,0.378363,0.78809625,-10.349997,0.24237041,2.5625074,-1.1839267,2,1537.0,1494.0,1522.0,1503.0
645701188,1.7136395,-2.9494417,-8.693054,0.24237041,2.5625074,-1.1839267,2,1537.0,1494.0,1522.0,1503.0
645706211,-2.0012085,1.5571266,-9.280582,0.24237041,2.5625074,-1.1839267,2,1537.0,1494.0,1522.0,1503.0
645711188,1.9849035,0.5490174,-11.235512,0.24237041,2.5625074,-1.1839267,2,1537.0,1494.0,1522.0,1503.0
645716188,-1.082386,-1.661538,-9.703114,0.24237041,2.5625074,-1.1839267,2,1537.0,1494.0,1522.0,1503.0
645721211,-0.5747815,-0.32975057,-9.854936,0.24237041,2.5625074,-1.1839267,2,1537.0,1494.0,1522.0,1503.0
645726188,0.3870095,-0.33441088,-9.164635,0.24237041,2.5625074,-1.1839267,2,1537.0,1494.0,1522.0,1503.0
645731188,1.3318348,1.9557288,-10.474802,0.24237041,2.5625074,-1.1839267,2,1537.0,1494.0,1522.0,1503.0
645736210,0.047981467,-3.2335281,-9.513331,0.24237041,2.5625074,-1.1839267,2,1537.0,1494.0,1522.0,1503.0
645741188,-3.0631917,1.2185857,-9.949338,0.24237041,2.5625074,-1.1839267,2,1537.0,1494.0,1522.0,1503.0
645746188,2.760022,0.37220976,-10.520159,0.24237041,2.5625074,-1.1839267,2,1537.0,1494.0,1522.0,1503.0
645751211,0.057620335,-2.1850607,-8.155127,0.24237041,2.5625074,-1.1839267,2,1537.0,1494.0,1522.0,1503.0
645756188,0.092320494,-0.37877288,-9.844392,0.24237041,2.5625074,-1.1839267,2,1537.0,1494.0,1522.0,1503.0
645761188,-1.0746528,0.75931007,-10.531853,0.24237041,2.5625074,-1.1839267,2,1537.0,1494.0,1522.0,1503.0
645766210,1.070281,1.1002165,-10.038607,0.24379288,2.51428,-1.1820345,2,1537.0,1494.0,1522.0,1503.0
645771188,0.24562743,-2.1668272,-8.772011,0.24379288,2.51428,-1.1820345,2,1542.0,1512.0,1508.0,1498.0
645776187,-0.5725528,0.6244401,-9.969016,0.24379288,2.51428,-1.1820345,2,1542.0,1512.0,1508.0,1498.0
645781211,1.217342,-0.7139244,-10.139487,0.24379288,2.51428,-1.1820345,2,1542.0,1512.0,1508.0,1498.0
645786188,-2.3050883,0.9952794,-9.999398,0.24379288,2.51428,-1.1820345,2,1542.0,1512.0,1508.0,1498.0
645791188,2.283174,0.93183637,-10.373614,0.24379288,2.51428,-1.1820345,2,1542.0,1512.0,1508.0,1498.0
645796209,-0.8685868,-3.60595,-7.9985967,0.24379288,2.51428,-1.1820345,2,1542.0,1512.0,1508.0,1498.0
645801188,0.28975886,0.66596395,-9.70539,0.24379288,2.51428,-1.1820345,2,1542.0,1512.0,1508.0,1498.0
645806188,0.2732837,0.103360415,-10.454474,0.24379288,2.51428,-1.1820345,2,1542.0,1512.0,1508.0,1498.0
645811210,0.09007559,-0.27853987,-8.165682,0.24379288,2.51428,-1.1820345,2,1542.0,1512.0,1508.0,1498.0
645816188,-0.82473665,-2.1948347,-8.030033,0.24379288,2.51428,-1.1820345,2,1542.0,1512.0,1508.0,1498.0
645821188,1.4829303,-0.44027627,-8.017066,0.24379288,2.51428,-1.1820345,2,1542.0,1512.0,1508.0,1498.0
645826210,-0.8395443,-0.32892752,-8.458971,0.24379288,2.51428,-1.1820345,2,1542.0,1512.0,1508.0,1498.0
645831188,1.654174,-3.0513835,-7.555148,0.24379288,2.51428,-1.1820345,2,1542.0,1512.0,1508.0,1498.0
645836188,-0.72211,1.4192806,-6.3855724,0.24379288,2.51428,-1.1820345,2,1542.0,1512.0,1508.0,1498.0
645841210,1.4111704,-2.2942114,-7.0977316,0.24379288,2.51428,-1.1820345,2,1542.0,1512.0,1508.0,1498.0
645846188,-1.8421166,-0.08884486,-5.312222,0.24379288,2.51428,-1.1820345,2,1542.0,1512.0,1508.0,1498.0
645851188,1.1022536,-1.425602,-6.464721,0.24379288,2.51428,-1.1820345,2,1542.0,1512.0,1508.0,1498.0
645856210,0.35060924,-2.1659336,-6.0257845,0.24379288,2.51428,-1.1820345,2,1542.0,1512.0,1508.0,1498.0
645861188,1.1360089,-0.0039720247,-6.0096345,0.24379288,2.51428,-1.1820345,2,1542.0,1512.0,1508.0,1498.0
645866188,0.89473414,-1.9511561,-5.544091,0.24379288,2.51428,-1.1820345,2,1542.0,1512.0,1508.0,1498.0
645871211,-0.29090357,-0.58904713,-4.518332,0.24379288,2.51428,-1.1820345,2,1542.0,1512.0,1508.0,1498.0
645876188,1.8977525,-1.917108,-5.322794,0.24727616,2.451039,-1.1721721,2,1385.0,1900.0,1342.0,1376.0
645881188,-0.062081106,-0.19586828,-4.380255,0.24727616,2.451039,-1.1721721,2,1385.0,1900.0,1342.0,1376.0
645886210,-0.11938075,-1.3143456,-5.1457,0.24727616,2.451039,-1.1721721,2,1385.0,1900.0,1342.0,1376.0
645891188,1.5921397,-0.80899024,-3.6391807,0.24727616,2.451039,-1.1721721,2,1385.0,1900.0,1342.0,1376.0
645896187,-0.2308967,-0.9976373,-4.193154,0.24727616,2.451039,-1.1721721,2,1385.0,1900.0,1342.0,1376.0
645901211,-0.07488132,-0.84884405,-3.6737573,0.24727616,2.451039,-1.1721721,2,1385.0,1900.0,1342.0,1376.0
645906188,0.84865326,-1.0322235,-3.2183323,0.24727616,2.451039,-1.1721721,2,1385.0,1900.0,1342.0,1376.0
645911188,0.20833465,-1.0184999,-3.595556,0.24727616,2.451039,-1.1721721,2,1385.0,1900.0,1342.0,1376.0
645916210,0.42926294,-1.521716,-2.9361265,0.24727616,2.451039,-1.1721721,2,1385.0,1900.0,1342.0,1376.0
645921188,1.2492903,-0.2405338,-2.806129,0.24727616,2.451039,-1.1721721,2,1385.0,1900.0,1342.0,1376.0
645926188,-0.4764426,-0.5645152,-2.991758,0.24727616,2.451039,-1.1721721,2,1385.0,1900.0,1342.0,1376.0
645931211,0.99704313,-1.5801996,-2.580746,0.24727616,2.451039,-1.1721721,2,1385.0,1900.0,1342.0,1376.0
645936188,-0.09963181,-0.108717285,-3.5507946,0.24727616,2.451039,-1.1721721,2,1385.0,1900.0,1342.0,1376.0
645941188,0.55391705,-0.8069979,-2.1193495,0.24727616,2.451039,-1.1721721,2,1385.0,1900.0,1342.0,1376.0
645946210,0.57012993,-0.7693344,-2.8296206,0.24727616,2.451039,-1.1721721,2,1385.0,1900.0,1342.0,1376.0
645951188,-0.21451102,-0.1759744,-2.8850946,0.24727616,2.451039,-1.1721721,2,1385.0,1900.0,1342.0,1376.0
645956188,0.93854433,-1.4294313,-2.2410915,0.24727616,2.451039,-1.1721721,2,1385.0,1900.0,1342.0,1376.0
645961211,-0.2770268,0.2048953,-3.315033,0.24727616,2.451039,-1.1721721,2,1385.0,1900.0,1342.0,1376.0
645966188,0.25145108,-1.0545478,-2.5928786,0.2546816,2.3981535,-1.1251001,2,1385.0,1900.0,1342.0,1376.0
645971188,0.37637165,-0.41650286,-2.415959,0.2546816,2.3981535,-1.1251001,2,1100.0,1900.0,1163.0,1357.0
645976210,-0.24306187,-0.15572494,-3.0340524,0.2546816,2.3981535,-1.1251001,2,1100.0,1900.0,1163.0,1357.0
645981188,0.63304895,-0.5139447,-2.1165433,0.2546816,2.3981535,-1.1251001,2,1100.0,1900.0,1163.0,1357.0
645986188,-0.03992413,-0.47074705,-3.1299758,0.2546816,2.3981535,-1.1251001,2,1100.0,1900.0,1163.0,1357.0
645991211,0.10599425,-0.60327137,-2.8741682,0.2546816,2.3981535,-1.1251001,2,1100.0,1900.0,1163.0,1357.0
645996188,0.3787257,-1.187126,-2.6659021,0.2546816,2.3981535,-1.1251001,2,1100.0,1900.0,1163.0,1357.0
646001189,-0.019601664,-0.15225366,-2.9169767,0.2546816,2.3981535,-1.1251001,2,1100.0,1900.0,1163.0,1357.0
646006210,-0.1066369,-1.5526091,-2.7395535,0.2546816,2.3981535,-1.1251001,2,1100.0,1900.0,1163.0,1357.0
646011187,0.7487345,-0.21539317,-2.2836318,0.2546816,2.3981535,-1.1251001,2,1100.0,1900.0,1163.0,1357.0
646016188,-0.6709361,-0.6403409,-3.16013,0.2546816,2.3981535,-1.1251001,2,1100.0,1900.0,1163.0,1357.0
646021211,0.5332344,-1.0416069,-2.751217,0.2546816,2.3981535,-1.1251001,2,1100.0,1900.0,1163.0,1357.0
646026188,-0.041298497,-1.0713426,-2.4909706,0.2546816,2.3981535,-1.1251001,2,1100.0,1900.0,1163.0,1357.0
646031188,0.22687025,-0.77232987,-3.2837505,0.2546816,2.3981535,-1.1251001,2,1100.0,1900.0,1163.0,1357.0
646036210,-0.2015248,-0.89559954,-2.8690774,0.2546816,2.3981535,-1.1251001,2,1100.0,1900.0,1163.0,1357.0
646041188,-0.07411948,-1.1698667,-2.4273362,0.2546816,2.3981535,-1.1251001,2,1100.0,1900.0,1163.0,1357.0
646046188,0.7706149,-0.11694266,-3.12328,0.2546816,2.3981535,-1.1251001,2,1100.0,1900.0,1163.0,1357.0
646051211,-0.7208888,-0.9707336,-3.1374636,0.2546816,2.3981535,-1.1251001,2,1100.0,1900.0,1163.0,1357.0
646056188,0.45745757,-0.96451217,-2.4737282,0.2546816,2.3981535,-1.1251001,2,1100.0,1900.0,1163.0,1357.0
646061188,-0.071824454,-0.5495265,-3.084291,0.2546816,2.3981535,-1.1251001,2,1100.0,1900.0,1163.0,1357.0
646066210,0.0395687,-1.1923859,-3.1724946,0.2546816,2.3981535,-1.1251001,2,1100.0,1900.0,1163.0,1357.0
646071188,0.26227728,-0.5664339,-2.5292225,0.2546816,2.3981535,-1.1251001,2,1100.0,1900.0,1163.0,1357.0
646076187,-0.10164441,-0.99602413,-2.8929675,0.25941455,2.3274176,-0.9894517,2,1100.0,1900.0,1201.0,1319.0
646081211,0.19195463,-0.46436164,-3.0420475,0.25941455,2.3274176,-0.9894517,2,1100.0,1900.0,1201.0,1319.0
646086188,0.24131094,-1.1867268,-2.2564445,0.25941455,2.3274176,-0.9894517,2,1100.0,1900.0,1201.0,1319.0
646091188,0.00849058,-0.18111542,-2.8178048,0.25941455,2.3274176,-0.9894517,2,1100.0,1900.0,1201.0,1319.0
646096210,-0.085583255,-0.7816423,-3.0881245,0.25941455,2.3274176,-0.9894517,2,1100.0,1900.0,1201.0,1319.0
646101188,0.17113638,-1.1994247,-2.6124632,0.25941455,2.3274176,-0.9894517,2,1100.0,1900.0,1201.0,1319.0
646106188,0.27770746,-0.36308074,-3.0206401,0.25941455,2.3274176,-0.9894517,2,1100.0,1900.0,1201.0,1319.0
646111211,0.114767544,-0.98057216,-2.567623,0.25941455,2.3274176,-0.9894517,2,1100.0,1900.0,1201.0,1319.0
646116188,-0.24763729,-0.072225966,-2.6960564,0.25941455,2.3274176,-0.9894517,2,1100.0,1900.0,1201.0,1319.0
646121188,0.25720322,-0.5381726,-2.6330442,0.25941455,2.3274176,-0.9894517,2,1100.0,1900.0,1201.0,1319.0
646126210,0.25865844,-0.56054986,-2.2340045,0.25941455,2.3274176,-0.9894517,2,1100.0,1900.0,1201.0,1319.0
646131188,-0.19069532,-0.8907168,-2.7791286,0.25941455,2.3274176,-0.9894517,2,1100.0,1900.0,1201.0,1319.0
646136187,0.5967917,-0.6483796,-2.4157324,0.25941455,2.3274176,-0.9894517,2,1100.0,1900.0,1201.0,1319.0
646141212,0.14300741,-0.6160084,-2.30354,0.25941455,2.3274176,-0.9894517,2,1100.0,1900.0,1201.0,1319.0
646146188,0.05221492,-0.16668013,-2.7144854,0.25941455,2.3274176,-0.9894517,2,1100.0,1900.0,1201.0,1319.0
646151190,1.2154392,-2.8452075,-1.5372119,0.25941455,2.3274176,-0.9894517,2,1100.0,1900.0,1201.0,1319.0
646156210,41.230072,-56.16878,-12.393917,0.25941455,2.3274176,-0.9894517,2,1100.0,1900.0,1201.0,1319.0
646161188,101.0034,-176.9862,-41.64262,0.25941455,2.3274176,-0.9894517,2,1100.0,1900.0,1201.0,1319.0
646166188,81.07815,-93.862946,15.297219,0.24915431,2.2623923,-0.81514454,2,1100.0,1900.0,1201.0,1319.0
646171211,6.97963,38.766388,20.142761,0.24915431,2.2623923,-0.81514454,2,1100.0,1900.0,1144.0,1376.0
646176187,46.93373,-32.65346,-13.290979,0.24915431,2.2623923,-0.81514454,2,1100.0,1900.0,1144.0,1376.0
646181188,30.316006,7.802123,-35.309128,0.24915431,2.2623923,-0.81514454,2,1100.0,1900.0,1144.0,1376.0
646186210,26.839323,-18.405342,-12.245061,0.24915431,2.2623923,-0.81514454,2,1100.0,1900.0,1144.0,1376.0
646191188,-6.0703135,-22.118937,-22.028126,0.24915431,2.2623923,-0.81514454,2,1100.0,1900.0,1144.0,1376.0
646196188,16.156853,-3.4177065,-8.460958,0.24915431,2.2623923,-0.81514454,2,1100.0,1900.0,1144.0,1376.0
646201211,-2.5634744,-5.4768114,-20.044975,0.24915431,2.2623923,-0.81514454,2,1100.0,1900.0,1144.0,1376.0
646206188,-3.1790798,-20.633669,-3.00156,0.24915431,2.2623923,-0.81514454,2,1100.0,1900.0,1144.0,1376.0
646211188,15.873059,2.133176,-3.0593815,0.24915431,2.2623923,-0.81514454,2,1100.0,1900.0,1144.0,1376.0
646216210,8.067352,-24.491045,9.994742,0.24915431,2.2623923,-0.81514454,2,1100.0,1900.0,1144.0,1376.0
646221188,2.081264,-9.0990715,0.6814611,0.24915431,2.2623923,-0.81514454,2,1100.0,1900.0,1144.0,1376.0
646226188,2.871024,-10.552597,8.85233,0.24915431,2.2623923,-0.81514454,2,1100.0,1900.0,1144.0,1376.0
646231211,-4.3175898,-3.9743285,8.626813,0.24915431,2.2623923,-0.81514454,2,1100.0,1900.0,1144.0,1376.0
646236188,2.3587773,-14.761077,0.7029995,0.24915431,2.2623923,-0.81514454,2,1100.0,1900.0,1144.0,1376.0
646241188,2.6589866,1.1257193,0.69953525,0.24915431,2.2623923,-0.81514454,2,1100.0,1900.0,1144.0,1376.0
646246210,1.1719009,-5.25769,-1.6834083,0.24915431,2.2623923,-0.81514454,2,1100.0,1900.0,1144.0,1376.0
646251188,-1.4368789,-2.9744892,1.5110111,0.24915431,2.2623923,-0.81514454,2,1100.0,1900.0,1144.0,1376.0
646256188,2.3807032,-4.7168446,2.3703527,0.24915431,2.2623923,-0.81514454,2,1100.0,1900.0,1144.0,1376.0
646261211,-2.5959065,3.6582558,-2.197511,0.24915431,2.2623923,-0.81514454,2,1100.0,1900.0,1144.0,1376.0
646266188,4.5861683,-1.290004,-3.4153152,0.24915431,2.2623923,-0.81514454,2,1100.0,1900.0,1144.0,1376.0
646271188,2.7464488,-5.2268953,4.3337054,0.24915431,2.2623923,-0.81514454,2,1100.0,1900.0,1144.0,1376.0
646276210,-3.838264,0.41161293,-0.69887376,0.13354865,2.2886493,-0.736571,2,1329.0,1671.0,1900.0,1100.0
646281188,1.369468,-6.8556046,2.0291395,0.13354865,2.2886493,-0.736571,2,1329.0,1671.0,1900.0,1100.0
646286188,-1.0668769,-17.56115,0.2334387,0.13354865,2.2886493,-0.736571,2,1329.0,1671.0,1900.0,1100.0
646291210,-4.8362374,-11.028459,3.6657643,0.13354865,2.2886493,-0.736571,2,1329.0,1671.0,1900.0,1100.0
646296188,-7.83526,-13.964831,7.042961,0.13354865,2.2886493,-0.736571,2,1329.0,1671.0,1900.0,1100.0
646301193,-6.311849,-19.179762,8.159495,0.13354865,2.2886493,-0.736571,2,1329.0,1671.0,1900.0,1100.0
646306210,-10.089849,-20.141058,13.711779,0.13354865,2.2886493,-0.736571,2,1329.0,1671.0,1900.0,1100.0
646311188,-8.837983,-17.31455,12.742676,0.13354865,2.2886493,-0.736571,2,1329.0,1671.0,1900.0,1100.0
646316187,-10.361953,-22.031107,16.248487,0.13354865,2.2886493,-0.736571,2,1329.0,1671.0,1900.0,1100.0
646321211,-9.907623,-20.076324,16.179592,0.13354865,2.2886493,-0.736571,2,1329.0,1671.0,1900.0,1100.0
646326188,-9.980132,-14.336871,18.566254,0.13354865,2.2886493,-0.736571,2,1329.0,1671.0,1900.0,1100.0
646331188,-8.360742,-17.147383,18.539968,0.13354865,2.2886493,-0.736571,2,1329.0,1671.0,1900.0,1100.0
646336210,-5.6499543,-15.765196,19.44909,0.13354865,2.2886493,-0.736571,2,1329.0,1671.0,1900.0,1100.0
646341188,-5.249358,-11.915624,20.21926,0.13354865,2.2886493,-0.736571,2,1329.0,1671.0,1900.0,1100.0
646346188,-6.5527973,-13.793344,20.456518,0.13354865,2.2886493,-0.736571,2,1329.0,1671.0,1900.0,1100.0
646351211,-4.9143143,-10.989205,22.802597,0.13354865,2.2886493,-0.736571,2,1329.0,1671.0,1900.0,1100.0
646356188,-4.79059,-8.506679,19.496359,0.13354865,2.2886493,-0.736571,2,1329.0,1671.0,1900.0,1100.0
646361188,-2.3140578,-8.913323,16.627628,0.13354865,2.2886493,-0.736571,2,1329.0,1671.0,1900.0,1100.0
646366210,-0.95955396,-8.082618,18.001368,0.13354865,2.2886493,-0.736571,2,1329.0,1671.0,1900.0,1100.0
646371188,-0.49410495,-6.7268596,13.392994,0.13354865,2.2886493,-0.736571,2,1329.0,1671.0,1900.0,1100.0
646376188,-0.81616676,-6.7457886,12.617519,-0.005401914,2.29593,-0.6825522,2,1559.0,1441.0,1900.0,1100.0
646381211,2.0275528,-4.543801,7.5073996,-0.005401914,2.29593,-0.6825522,2,1559.0,1441.0,1900.0,1100.0
646386188,2.9102485,-3.9612854,6.062322,-0.005401914,2.29593,-0.6825522,2,1559.0,1441.0,1900.0,1100.0
646391188,4.1363378,-1.358902,5.2307186,-0.005401914,2.29593,-0.6825522,2,1559.0,1441.0,1900.0,1100.0
646396210,4.495769,-0.8279626,2.3817818,-0.005401914,2.29593,-0.6825522,2,1559.0,1441.0,1900.0,1100.0
646401187,4.876069,-0.029527958,0.046486575,-0.005401914,2.29593,-0.6825522,2,1559.0,1441.0,1900.0,1100.0
646406188,3.0987463,1.7196457,0.097944744,-0.005401914,2.29593,-0.6825522,2,1559.0,1441.0,1900.0,1100.0
646411211,3.7474363,3.4079742,0.9454719,-0.005401914,2.29593,-0.6825522,2,1559.0,1441.0,1900.0,1100.0
646416188,2.3106642,-0.80132854,0.033029247,-0.005401914,2.29593,-0.6825522,2,1559.0,1441.0,1900.0,1100.0
646421188,4.9466085,1.5124549,-2.2579184,-0.005401914,2.29593,-0.6825522,2,1559.0,1441.0,1900.0,1100.0
646426212,3.5374107,3.2531998,-3.526119,-0.005401914,2.29593,-0.6825522,2,1559.0,1441.0,1900.0,1100.0
646431188,3.4590893,-0.7676637,-7.814208,-0.005401914,2.29593,-0.6825522,2,1559.0,1441.0,1900.0,1100.0
646436187,1.8866374,1.8933978,-5.5276704,-0.005401914,2.29593,-0.6825522,2,1559.0,1441.0,1900.0,1100.0
646441210,2.3531642,-1.7925471,-2.5421255,-0.005401914,2.29593,-0.6825522,2,1559.0,1441.0,1900.0,1100.0
646446188,5.0488825,0.7463962,3.8067985,-0.005401914,2.29593,-0.6825522,2,1559.0,1441.0,1900.0,1100.0
646451187,5.190543,5.039828,5.252461,-0.005401914,2.29593,-0.6825522,2,1559.0,1441.0,1900.0,1100.0
646456210,1.0504166,4.227475,2.6177428,-0.005401914,2.29593,-0.6825522,2,1559.0,1441.0,1900.0,1100.0
646461188,-1.1900152,6.472292,5.5428576,-0.005401914,2.29593,-0.6825522,2,1559.0,1441.0,1900.0,1100.0
646466187,-0.56484616,4.3616385,8.069796,-0.14249586,2.3006983,-0.6547376,2,1559.0,1441.0,1900.0,1100.0
646471210,-4.122779,5.1021624,6.141062,-0.14249586,2.3006983,-0.6547376,2,1900.0,1660.0,1703.0,1399.0
646476188,-1.586982,6.9033127,4.84801,-0.14249586,2.3006983,-0.6547376,2,1900.0,1660.0,1703.0,1399.0
646481187,-0.92438805,9.786872,6.264471,-0.14249586,2.3006983,-0.6547376,2,1900.0,1660.0,1703.0,1399.0
646486210,-1.937392,5.492847,7.9771037,-0.14249586,2.3006983,-0.6547376,2,1900.0,1660.0,1703.0,1399.0
646491189,-6.688441,6.4491,9.21775,-0.14249586,2.3006983,-0.6547376,2,1900.0,1660.0,1703.0,1399.0
646496187,-4.95362,11.597367,7.837577,-0.14249586,2.3006983,-0.6547376,2,1900.0,1660.0,1703.0,1399.0
646501210,-2.1745849,11.108027,9.32984,-0.14249586,2.3006983,-0.6547376,2,1900.0,1660.0,1703.0,1399.0
646506188,-3.808067,11.70927,9.398865,-0.14249586,2.3006983,-0.6547376,2,1900.0,1660.0,1703.0,1399.0
646511187,-6.577386,14.458978,9.181333,-0.14249586,2.3006983,-0.6547376,2,1900.0,1660.0,1703.0,1399.0
646516210,-4.1486974,16.691925,9.180344,-0.14249586,2.3006983,-0.6547376,2,1900.0,1660.0,1703.0,1399.0
646521188,-5.2122083,12.831075,10.129432,-0.14249586,2.3006983,-0.6547376,2,1900.0,1660.0,1703.0,1399.0
646526186,-3.896876,15.224478,5.330607,-0.14249586,2.3006983,-0.6547376,2,1900.0,1660.0,1703.0,1399.0
646531211,-6.0717273,16.30501,5.843302,-0.14249586,2.3006983,-0.6547376,2,1900.0,1660.0,1703.0,1399.0
646536188,-6.2433653,11.297671,3.864663,-0.14249586,2.3006983,-0.6547376,2,1900.0,1660.0,1703.0,1399.0
646541187,-1.705236,13.678685,7.367765,-0.14249586,2.3006983,-0.6547376,2,1900.0,1660.0,1703.0,1399.0
646546210,0.8781853,15.194346,8.2586,-0.14249586,2.3006983,-0.6547376,2,1900.0,1660.0,1703.0,1399.0
646551188,1.9313855,12.0871525,4.2963758,-0.14249586,2.3006983,-0.6547376,2,1900.0,1660.0,1703.0,1399.0
646556187,1.5054016,13.247288,1.6081376,-0.14249586,2.3006983,-0.6547376,2,1900.0,1660.0,1703.0,1399.0
646561210,6.070286,15.720817,4.958553,-0.14249586,2.3006983,-0.6547376,2,1900.0,1660.0,1703.0,1399.0
646566188,5.946368,12.0803585,4.942066,-0.14249586,2.3006983,-0.6547376,2,1900.0,1660.0,1703.0,1399.0
646571186,9.79448,15.963361,8.170096,-0.14249586,2.3006983,-0.6547376,2,1900.0,1660.0,1703.0,1399.0
646576210,11.626059,10.890164,9.543611,-0.2789289,2.3121657,-0.5700378,2,1812.0,1783.0,1729.0,1592.0
646581188,13.515134,14.730527,7.311955,-0.2789289,2.3121657,-0.5700378,2,1812.0,1783.0,1729.0,1592.0
646586187,16.218225,15.113887,5.352436,-0.2789289,2.3121657,-0.5700378,2,1812.0,1783.0,1729.0,1592.0
646591210,13.113311,13.457431,3.4644403,-0.2789289,2.3121657,-0.5700378,2,1812.0,1783.0,1729.0,1592.0
646596188,16.882559,17.090076,2.257902,-0.2789289,2.3121657,-0.5700378,2,1812.0,1783.0,1729.0,1592.0
646601186,15.044468,15.231142,1.43941,-0.2789289,2.3121657,-0.5700378,2,1812.0,1783.0,1729.0,1592.0
646606210,14.590887,17.776737,0.120187365,-0.2789289,2.3121657,-0.5700378,2,1812.0,1783.0,1729.0,1592.0
646611188,11.174024,15.036464,1.2341768,-0.2789289,2.3121657,-0.5700378,2,1812.0,1783.0,1729.0,1592.0
646616187,7.5478005,15.511198,3.6252165,-0.2789289,2.3121657,-0.5700378,2,1812.0,1783.0,1729.0,1592.0
646621210,6.0301757,14.902729,2.2829938,-0.2789289,2.3121657,-0.5700378,2,1812.0,1783.0,1729.0,1592.0
646626188,4.7519803,12.573677,0.16345105,-0.2789289,2.3121657,-0.5700378,2,1812.0,1783.0,1729.0,1592.0
646631187,2.1980062,11.889144,-1.6722975,-0.2789289,2.3121657,-0.5700378,2,1812.0,1783.0,1729.0,1592.0
646636210,-0.6305443,11.268792,-3.3531494,-0.2789289,2.3121657,-0.5700378,2,1812.0,1783.0,1729.0,1592.0
646641188,-1.566927,11.294521,-4.238906,-0.2789289,2.3121657,-0.5700378,2,1812.0,1783.0,1729.0,1592.0
646646187,-4.161976,10.185902,-4.200769,-0.2789289,2.3121657,-0.5700378,2,1812.0,1783.0,1729.0,1592.0
646651211,-4.5839186,7.886622,-4.3812203,-0.2789289,2.3121657,-0.5700378,2,1812.0,1783.0,1729.0,1592.0
646656188,-4.0174317,8.022179,-3.0955615,-0.2789289,2.3121657,-0.5700378,2,1812.0,1783.0,1729.0,1592.0
646661187,-3.3336112,7.7620587,-2.543812,-0.2789289,2.3121657,-0.5700378,2,1812.0,1783.0,1729.0,1592.0
646666211,-3.8009224,5.505527,-2.5969956,-0.32624897,2.360188,-0.50870484,2,1812.0,1783.0,1729.0,1592.0
646671188,-5.0071025,4.2581625,-3.3551984,-0.32624897,2.360188,-0.50870484,2,1721.0,1100.0,1492.0,1900.0
646676187,-4.345713,5.5787783,-2.4885361,-0.32624897,2.360188,-0.50870484,2,1721.0,1100.0,1492.0,1900.0
646681211,-4.253524,6.353125,-1.5729947,-0.32624897,2.360188,-0.50870484,2,1721.0,1100.0,1492.0,1900.0
646686188,-4.104834,5.2899036,-1.2736288,-0.32624897,2.360188,-0.50870484,2,1721.0,1100.0,1492.0,1900.0
646691187,-3.8395596,5.337174,1.2436409,-0.32624897,2.360188,-0.50870484,2,1721.0,1100.0,1492.0,1900.0
646696210,-3.9736493,6.572658,2.947269,-0.32624897,2.360188,-0.50870484,2,1721.0,1100.0,1492.0,1900.0
646701188,-3.4760914,11.957449,3.5822275,-0.32624897,2.360188,-0.50870484,2,1721.0,1100.0,1492.0,1900.0
646706187,-3.2970798,10.808655,5.2037144,-0.32624897,2.360188,-0.50870484,2,1721.0,1100.0,1492.0,1900.0
646711211,-2.0808146,9.698758,6.1927447,-0.32624897,2.360188,-0.50870484,2,1721.0,1100.0,1492.0,1900.0
646716188,-2.0246534,9.796885,7.6887083,-0.32624897,2.360188,-0.50870484,2,1721.0,1100.0,1492.0,1900.0
646721187,-0.06955701,10.363138,7.4410973,-0.32624897,2.360188,-0.50870484,2,1721.0,1100.0,1492.0,1900.0
646726211,-1.7052224,11.328233,6.8914905,-0.32624897,2.360188,-0.50870484,2,1721.0,1100.0,1492.0,1900.0
646731188,0.8904685,11.113492,6.8748193,-0.32624897,2.360188,-0.50870484,2,1721.0,1100.0,1492.0,1900.0
646736186,1.1490793,6.6949472,8.571277,-0.32624897,2.360188,-0.50870484,2,1721.0,1100.0,1492.0,1900.0
646741211,-0.5910195,13.992825,9.335628,-0.32624897,2.360188,-0.50870484,2,1721.0,1100.0,1492.0,1900.0
646746188,2.664995,8.553418,11.34778,-0.32624897,2.360188,-0.50870484,2,1721.0,1100.0,1492.0,1900.0
646751188,0.48247486,8.55851,10.704334,-0.32624897,2.360188,-0.50870484,2,1721.0,1100.0,1492.0,1900.0
646756211,3.5912695,10.26921,10.035492,-0.32624897,2.360188,-0.50870484,2,1721.0,1100.0,1492.0,1900.0
646761191,1.0925385,7.5747695,7.9708652,-0.32624897,2.360188,-0.50870484,2,1721.0,1100.0,1492.0,1900.0
646766186,2.7549536,8.076128,6.635672,-0.32624897,2.360188,-0.50870484,2,1721.0,1100.0,1492.0,1900.0
646771211,0.5642575,6.080756,6.783148,-0.32624897,2.360188,-0.50870484,2,1721.0,1100.0,1492.0,1900.0
646776188,2.7740057,3.6135862,6.283205,-0.33972737,2.4105446,-0.3741719,2,1835.0,1279.0,1200.0,1896.0
646781187,0.7338678,5.440222,6.6502075,-0.33972737,2.4105446,-0.3741719,2,1835.0,1279.0,1200.0,1896.0
646786211,1.6217009,1.5493121,5.3107796,-0.33972737,2.4105446,-0.3741719,2,1835.0,1279.0,1200.0,1896.0
646791188,0.92494553,6.264042,6.3867636,-0.33972737,2.4105446,-0.3741719,2,1835.0,1279.0,1200.0,1896.0
646796187,1.5073546,2.0376961,7.272418,-0.33972737,2.4105446,-0.3741719,2,1835.0,1279.0,1200.0,1896.0
646801211,-0.63324904,5.863109,6.1852684,-0.33972737,2.4105446,-0.3741719,2,1835.0,1279.0,1200.0,1896.0
646806188,3.1676638,1.2962403,7.060465,-0.33972737,2.4105446,-0.3741719,2,1835.0,1279.0,1200.0,1896.0
646811187,-0.9677906,3.9854965,7.1294627,-0.33972737,2.4105446,-0.3741719,2,1835.0,1279.0,1200.0,1896.0
646816210,1.1062641,4.415318,7.5678706,-0.33972737,2.4105446,-0.3741719,2,1835.0,1279.0,1200.0,1896.0
646821187,0.7262212,3.4725964,8.048291,-0.33972737,2.4105446,-0.3741719,2,1835.0,1279.0,1200.0,1896.0
646826187,1.179857,1.9229852,8.553229,-0.33972737,2.4105446,-0.3741719,2,1835.0,1279.0,1200.0,1896.0
646831211,-0.8635317,8.415448,9.378474,-0.33972737,2.4105446,-0.3741719,2,1835.0,1279.0,1200.0,1896.0
646836187,1.221979,2.7409592,9.784676,-0.33972737,2.4105446,-0.3741719,2,1835.0,1279.0,1200.0,1896.0
646841187,-1.7195055,6.023718,10.472758,-0.33972737,2.4105446,-0.3741719,2,1835.0,1279.0,1200.0,1896.0
646846215,0.4389932,3.4043684,11.803746,-0.33972737,2.4105446,-0.3741719,2,1835.0,1279.0,1200.0,1896.0
646851188,-0.00429407,5.9227724,11.314044,-0.33972737,2.4105446,-0.3741719,2,1835.0,1279.0,1200.0,1896.0
646856187,-0.42013678,4.6945353,12.073529,-0.33972737,2.4105446,-0.3741719,2,1835.0,1279.0,1200.0,1896.0
646861211,0.5924449,5.2568274,11.64209,-0.33972737,2.4105446,-0.3741719,2,1835.0,1279.0,1200.0,1896.0
646866188,0.8750927,5.297481,12.170405,-0.35953945,2.4592795,-0.23497285,2,1835.0,1279.0,1200.0,1896.0
646871187,-0.5204487,1.4266531,11.782044,-0.35953945,2.4592795,-0.23497285,2,1580.0,1199.0,1194.0,1900.0
646876211,0.24435022,8.511394,11.472056,-0.35953945,2.4592795,-0.23497285,2,1580.0,1199.0,1194.0,1900.0
646881188,0.1836865,-0.5034607,11.207655,-0.35953945,2.4592795,-0.23497285,2,1580.0,1199.0,1194.0,1900.0
646886187,0.8348844,5.7367287,11.483677,-0.35953945,2.4592795,-0.23497285,2,1580.0,1199.0,1194.0,1900.0
646891211,-0.41711998,4.420362,11.698397,-0.35953945,2.4592795,-0.23497285,2,1580.0,1199.0,1194.0,1900.0
646896188,0.87208575,-0.8482898,10.867061,-0.35953945,2.4592795,-0.23497285,2,1580.0,1199.0,1194.0,1900.0
646901186,0.44355497,7.004794,10.77632,-0.35953945,2.4592795,-0.23497285,2,1580.0,1199.0,1194.0,1900.0
646906211,1.3561786,1.155894,9.629881,-0.35953945,2.4592795,-0.23497285,2,1580.0,1199.0,1194.0,1900.0
646911188,1.7298514,1.7757745,8.457704,-0.35953945,2.4592795,-0.23497285,2,1580.0,1199.0,1194.0,1900.0
646916187,-0.72661567,5.99757,8.330329,-0.35953945,2.4592795,-0.23497285,2,1580.0,1199.0,1194.0,1900.0
646921211,2.244185,-1.815771,8.25107,-0.35953945,2.4592795,-0.23497285,2,1580.0,1199.0,1194.0,1900.0
646926188,0.046538167,4.1700387,7.488669,-0.35953945,2.4592795,-0.23497285,2,1580.0,1199.0,1194.0,1900.0
646931186,1.8053304,1.9629673,8.922353,-0.35953945,2.4592795,-0.23497285,2,1580.0,1199.0,1194.0,1900.0
646936211,2.2087505,-1.5681748,7.9726825,-0.35953945,2.4592795,-0.23497285,2,1580.0,1199.0,1194.0,1900.0
646941188,0.30133307,6.0658236,6.7717023,-0.35953945,2.4592795,-0.23497285,2,1580.0,1199.0,1194.0,1900.0
646946187,1.2050337,-0.5292398,7.501057,-0.35953945,2.4592795,-0.23497285,2,1580.0,1199.0,1194.0,1900.0
646951211,1.3527281,2.6542618,7.3385196,-0.35953945,2.4592795,-0.23497285,2,1580.0,1199.0,1194.0,1900.0
646956188,0.55455977,4.126339,8.35153,-0.35953945,2.4592795,-0.23497285,2,1580.0,1199.0,1194.0,1900.0
646961187,2.3346236,-1.5494859,9.116057,-0.35953945,2.4592795,-0.23497285,2,1580.0,1199.0,1194.0,1900.0
646966211,0.57925117,6.156161,8.135321,-0.35953945,2.4592795,-0.23497285,2,1580.0,1199.0,1194.0,1900.0
646971188,1.616167,3.5304282,9.643092,-0.35953945,2.4592795,-0.23497285,2,1580.0,1199.0,1194.0,1900.0
646976189,1.4051148,0.7159866,9.564501,-0.42183346,2.5260665,-0.0297628,2,1492.0,1209.0,1281.0,1900.0
646981211,-0.104112715,7.515196,9.932963,-0.42183346,2.5260665,-0.0297628,2,1492.0,1209.0,1281.0,1900.0
646986188,1.9368095,0.4794107,10.97271,-0.42183346,2.5260665,-0.0297628,2,1492.0,1209.0,1281.0,1900.0
646991187,1.11956,6.442024,10.341169,-0.42183346,2.5260665,-0.0297628,2,1492.0,1209.0,1281.0,1900.0
646996211,1.1255846,5.7605963,11.77436,-0.42183346,2.5260665,-0.0297628,2,1492.0,1209.0,1281.0,1900.0
647001188,1.4283255,1.823189,11.29554,-0.42183346,2.5260665,-0.0297628,2,1492.0,1209.0,1281.0,1900.0
647006187,0.69154644,8.651505,10.615192,-0.42183346,2.5260665,-0.0297628,2,1492.0,1209.0,1281.0,1900.0
647011211,0.7513285,3.9551039,10.070243,-0.42183346,2.5260665,-0.0297628,2,1492.0,1209.0,1281.0,1900.0
647016188,1.575439,5.13859,10.582205,-0.42183346,2.5260665,-0.0297628,2,1492.0,1209.0,1281.0,1900.0
647021187,0.020670258,8.172634,11.02092,-0.42183346,2.5260665,-0.0297628,2,1492.0,1209.0,1281.0,1900.0
647026211,2.0046263,0.81659657,9.730011,-0.42183346,2.5260665,-0.0297628,2,1492.0,1209.0,1281.0,1900.0
647031188,-0.054028437,9.929187,8.594195,-0.42183346,2.5260665,-0.0297628,2,1492.0,1209.0,1281.0,1900.0
647036186,0.5451852,3.9048693,8.885804,-0.42183346,2.5260665,-0.0297628,2,1492.0,1209.0,1281.0,1900.0
647041211,1.9784162,2.9257658,9.557099,-0.42183346,2.5260665,-0.0297628,2,1492.0,1209.0,1281.0,1900.0
647046188,-0.7104336,9.80408,7.9088387,-0.42183346,2.5260665,-0.0297628,2,1492.0,1209.0,1281.0,1900.0
647051186,2.2173715,1.7406242,7.2305694,-0.42183346,2.5260665,-0.0297628,2,1492.0,1209.0,1281.0,1900.0
647056211,-0.34871113,7.1919217,7.5846334,-0.42183346,2.5260665,-0.0297628,2,1492.0,1209.0,1281.0,1900.0
647061188,1.1220503,7.0430303,7.0206575,-0.42183346,2.5260665,-0.0297628,2,1492.0,1209.0,1281.0,1900.0
647066187,0.84633124,1.301412,6.923448,-0.42183346,2.5260665,-0.0297628,2,1492.0,1209.0,1281.0,1900.0
647071211,-0.34481794,7.845535,6.287268,-0.42183346,2.5260665,-0.0297628,2,1492.0,1209.0,1281.0,1900.0
647076188,1.7151095,4.2452188,7.52291,-0.50735813,2.5948787,0.18571408,2,1497.0,1234.0,1311.0,1900.0
647081188,0.97982335,4.798018,5.7961044,-0.50735813,2.5948787,0.18571408,2,1497.0,1234.0,1311.0,1900.0
647086210,0.41790137,9.112776,6.0893016,-0.50735813,2.5948787,0.18571408,2,1497.0,1234.0,1311.0,1900.0
647091188,0.86178595,1.6004388,7.4567137,-0.50735813,2.5948787,0.18571408,2,1497.0,1234.0,1311.0,1900.0
647096186,0.92130303,8.110137,6.880305,-0.50735813,2.5948787,0.18571408,2,1497.0,1234.0,1311.0,1900.0
647101210,0.13231567,7.3968806,6.811253,-0.50735813,2.5948787,0.18571408,2,1497.0,1234.0,1311.0,1900.0
647106188,2.1532238,2.5296147,7.1285467,-0.50735813,2.5948787,0.18571408,2,1497.0,1234.0,1311.0,1900.0
647111187,-0.8092971,10.501807,7.6342673,-0.50735813,2.5948787,0.18571408,2,1497.0,1234.0,1311.0,1900.0
647116211,2.1729834,4.6140103,7.930015,-0.50735813,2.5948787,0.18571408,2,1497.0,1234.0,1311.0,1900.0
647121188,0.9582633,6.495885,7.5327625,-0.50735813,2.5948787,0.18571408,2,1497.0,1234.0,1311.0,1900.0
647126187,-0.047655463,11.461743,8.205278,-0.50735813,2.5948787,0.18571408,2,1497.0,1234.0,1311.0,1900.0
647131211,2.0610414,3.3212447,8.057966,-0.50735813,2.5948787,0.18571408,2,1497.0,1234.0,1311.0,1900.0
647136188,0.15912856,10.083127,7.46574,-0.50735813,2.5948787,0.18571408,2,1497.0,1234.0,1311.0,1900.0
647141187,0.1641156,9.011284,8.589314,-0.50735813,2.5948787,0.18571408,2,1497.0,1234.0,1311.0,1900.0
647146211,2.5814478,3.4163182,8.261482,-0.50735813,2.5948787,0.18571408,2,1497.0,1234.0,1311.0,1900.0
647151188,-1.0842006,11.818529,6.963443,-0.50735813,2.5948787,0.18571408,2,1497.0,1234.0,1311.0,1900.0
647156187,1.0455741,6.314397,7.3689766,-0.50735813,2.5948787,0.18571408,2,1497.0,1234.0,1311.0,1900.0
647161211,0.65520567,4.953814,7.7763023,-0.50735813,2.5948787,0.18571408,2,1497.0,1234.0,1311.0,1900.0
647166188,-0.9197257,10.740909,7.754475,-0.59007376,2.6560333,0.39526093,2,1497.0,1234.0,1311.0,1900.0
647171187,1.6569157,1.6893951,6.2344885,-0.59007376,2.6560333,0.39526093,2,1561.0,1161.0,1302.0,1900.0
647176211,-0.7315763,10.46427,6.5636835,-0.59007376,2.6560333,0.39526093,2,1561.0,1161.0,1302.0,1900.0
647181188,-0.29317984,6.5675955,6.075239,-0.59007376,2.6560333,0.39526093,2,1561.0,1161.0,1302.0,1900.0
647186187,0.59194696,3.2233758,6.881618,-0.59007376,2.6560333,0.39526093,2,1561.0,1161.0,1302.0,1900.0
647191212,-2.249794,9.628236,5.8607306,-0.59007376,2.6560333,0.39526093,2,1561.0,1161.0,1302.0,1900.0
647196188,1.5453057,4.3432226,5.8630457,-0.59007376,2.6560333,0.39526093,2,1561.0,1161.0,1302.0,1900.0
647201187,-1.7031028,6.0382514,5.8099794,-0.59007376,2.6560333,0.39526093,2,1561.0,1161.0,1302.0,1900.0
647206211,0.19154227,8.717093,5.624441,-0.59007376,2.6560333,0.39526093,2,1561.0,1161.0,1302.0,1900.0
647211188,-0.5641787,1.5778391,6.7131643,-0.59007376,2.6560333,0.39526093,2,1561.0,1161.0,1302.0,1900.0
647216187,-0.7760688,10.77719,5.5070333,-0.59007376,2.6560333,0.39526093,2,1561.0,1161.0,1302.0,1900.0
647221211,-0.22283964,4.527231,5.8369784,-0.59007376,2.6560333,0.39526093,2,1561.0,1161.0,1302.0,1900.0
647226188,0.2687684,6.174694,6.359863,-0.59007376,2.6560333,0.39526093,2,1561.0,1161.0,1302.0,1900.0
647231187,-0.96492237,8.844385,6.6157346,-0.59007376,2.6560333,0.39526093,2,1561.0,1161.0,1302.0,1900.0
647236211,0.8667021,3.957087,6.7148767,-0.59007376,2.6560333,0.39526093,2,1561.0,1161.0,1302.0,1900.0
647241188,-0.10376575,10.034839,6.596653,-0.59007376,2.6560333,0.39526093,2,1561.0,1161.0,1302.0,1900.0
647246187,0.08920531,6.6641397,6.9132214,-0.59007376,2.6560333,0.39526093,2,1561.0,1161.0,1302.0,1900.0
647251211,2.211406,4.871921,7.60096,-0.59007376,2.6560333,0.39526093,2,1561.0,1161.0,1302.0,1900.0
647256188,-1.3695401,12.217743,6.8397527,-0.59007376,2.6560333,0.39526093,2,1561.0,1161.0,1302.0,1900.0
647261187,1.8391782,5.0888124,7.459989,-0.59007376,2.6560333,0.39526093,2,1561.0,1161.0,1302.0,1900.0
647266211,0.65248334,7.867328,8.108952,-0.59007376,2.6560333,0.39526093,2,1561.0,1161.0,1302.0,1900.0
647271188,0.6219724,9.676325,7.3202276,-0.59007376,2.6560333,0.39526093,2,1561.0,1161.0,1302.0,1900.0
647276187,2.7496142,4.0565734,7.4444723,-0.68787676,2.7221403,0.66404504,2,1523.0,1100.0,1166.0,1900.0
647281211,0.5211288,11.802398,7.846937,-0.68787676,2.7221403,0.66404504,2,1523.0,1100.0,1166.0,1900.0
647286188,1.581247,6.404133,7.2695813,-0.68787676,2.7221403,0.66404504,2,1523.0,1100.0,1166.0,1900.0
647291187,1.335149,4.8355217,8.141641,-0.68787676,2.7221403,0.66404504,2,1523.0,1100.0,1166.0,1900.0
647296211,0.53564364,11.113963,7.031809,-0.68787676,2.7221403,0.66404504,2,1523.0,1100.0,1166.0,1900.0
647301191,2.356323,4.258413,6.778621,-0.68787676,2.7221403,0.66404504,2,1523.0,1100.0,1166.0,1900.0
647306187,0.46890762,7.799907,7.220936,-0.68787676,2.7221403,0.66404504,2,1523.0,1100.0,1166.0,1900.0
647311211,0.16480215,7.7430596,7.879333,-0.68787676,2.7221403,0.66404504,2,1523.0,1100.0,1166.0,1900.0
647316186,1.9522245,2.4931595,6.648683,-0.68787676,2.7221403,0.66404504,2,1523.0,1100.0,1166.0,1900.0
647321187,0.039337277,9.533126,6.4091105,-0.68787676,2.7221403,0.66404504,2,1523.0,1100.0,1166.0,1900.0
647326211,0.9415421,6.381088,6.4344974,-0.68787676,2.7221403,0.66404504,2,1523.0,1100.0,1166.0,1900.0
647331187,0.6860471,3.098797,6.549542,-0.68787676,2.7221403,0.66404504,2,1523.0,1100.0,1166.0,1900.0
647336187,-0.9407648,9.804387,7.3227725,-0.68787676,2.7221403,0.66404504,2,1523.0,1100.0,1166.0,1900.0
647341211,2.365165,2.1497443,7.06808,-0.68787676,2.7221403,0.66404504,2,1523.0,1100.0,1166.0,1900.0
647346187,-0.97183406,8.305061,5.8166094,-0.68787676,2.7221403,0.66404504,2,1523.0,1100.0,1166.0,1900.0
647351187,0.112559974,6.774003,6.9887443,-0.68787676,2.7221403,0.66404504,2,1523.0,1100.0,1166.0,1900.0
647356211,1.0316179,2.255803,8.361943,-0.68787676,2.7221403,0.66404504,2,1523.0,1100.0,1166.0,1900.0
647361187,-0.9530344,9.76262,7.5480213,-0.68787676,2.7221403,0.66404504,2,1523.0,1100.0,1166.0,1900.0
647366188,1.3479575,4.3245225,7.116917,-0.7607945,2.7715206,0.8836844,2,1523.0,1100.0,1166.0,1900.0
647371211,-0.9235596,6.557614,7.227656,-0.7607945,2.7715206,0.8836844,2,1529.0,1100.0,1146.0,1900.0
647376187,-0.59291303,8.122747,8.206343,-0.7607945,2.7715206,0.8836844,2,1529.0,1100.0,1146.0,1900.0
647381188,1.1108729,2.0501983,8.718644,-0.7607945,2.7715206,0.8836844,2,1529.0,1100.0,1146.0,1900.0
647386211,-0.8323052,9.973181,7.6585665,-0.7607945,2.7715206,0.8836844,2,1529.0,1100.0,1146.0,1900.0
647391187,0.86328316,6.05651,8.700424,-0.7607945,2.7715206,0.8836844,2,1529.0,1100.0,1146.0,1900.0
647396187,0.42757186,5.3945856,8.61866,-0.7607945,2.7715206,0.8836844,2,1529.0,1100.0,1146.0,1900.0
647401211,-0.7994167,9.940058,8.462175,-0.7607945,2.7715206,0.8836844,2,1529.0,1100.0,1146.0,1900.0
647406187,1.9320804,2.0090938,8.8675995,-0.7607945,2.7715206,0.8836844,2,1529.0,1100.0,1146.0,1900.0
647411188,-0.45640785,8.227211,8.046708,-0.7607945,2.7715206,0.8836844,2,1529.0,1100.0,1146.0,1900.0
647416211,0.30172855,6.7573013,8.464632,-0.7607945,2.7715206,0.8836844,2,1529.0,1100.0,1146.0,1900.0
647421186,1.6347162,2.6926713,8.105504,-0.7607945,2.7715206,0.8836844,2,1529.0,1100.0,1146.0,1900.0
647426187,-0.43129277,9.9696245,8.455738,-0.7607945,2.7715206,0.8836844,2,1529.0,1100.0,1146.0,1900.0
647431211,1.0642407,3.7834446,8.004697,-0.7607945,2.7715206,0.8836844,2,1529.0,1100.0,1146.0,1900.0
647436187,0.580816,4.752995,8.066403,-0.7607945,2.7715206,0.8836844,2,1529.0,1100.0,1146.0,1900.0
647441187,0.29809767,8.753223,7.901507,-0.7607945,2.7715206,0.8836844,2,1529.0,1100.0,1146.0,1900.0
647446211,2.1525977,1.7769384,7.20238,-0.7607945,2.7715206,0.8836844,2,1529.0,1100.0,1146.0,1900.0
647451187,-0.47454217,8.945717,6.9179645,-0.7607945,2.7715206,0.8836844,2,1529.0,1100.0,1146.0,1900.0
647456188,0.94287175,4.474011,7.8694525,-0.7607945,2.7715206,0.8836844,2,1529.0,1100.0,1146.0,1900.0
647461212,2.242692,2.4276536,7.8687787,-0.7607945,2.7715206,0.8836844,2,1529.0,1100.0,1146.0,1900.0
647466187,-0.6022396,10.236763,6.54382,-0.7607945,2.7715206,0.8836844,2,1529.0,1100.0,1146.0,1900.0
647471187,2.1311753,1.0928768,6.9882793,-0.7607945,2.7715206,0.8836844,2,1529.0,1100.0,1146.0,1900.0
647476212,-0.046208996,6.6655784,7.4813757,-0.84675515,2.8237553,1.1469505,2,1495.0,1100.0,1150.0,1900.0
647481187,1.1029744,7.246001,8.0832405,-0.84675515,2.8237553,1.1469505,2,1495.0,1100.0,1150.0,1900.0
647486187,2.0418,1.4440794,7.0929923,-0.84675515,2.8237553,1.1469505,2,1495.0,1100.0,1150.0,1900.0
647491211,-0.8354538,9.680371,7.081679,-0.84675515,2.8237553,1.1469505,2,1495.0,1100.0,1150.0,1900.0
647496186,1.9693074,4.273538,8.013875,-0.84675515,2.8237553,1.1469505,2,1495.0,1100.0,1150.0,1900.0
647501188,0.9325467,4.9748225,7.845728,-0.84675515,2.8237553,1.1469505,2,1495.0,1100.0,1150.0,1900.0
647506211,0.121558405,9.526728,8.122411,-0.84675515,2.8237553,1.1469505,2,1495.0,1100.0,1150.0,1900.0
647511187,1.5353565,2.3307185,8.322633,-0.84675515,2.8237553,1.1469505,2,1495.0,1100.0,1150.0,1900.0
647516188,0.61929077,8.687302,8.283579,-0.84675515,2.8237553,1.1469505,2,1495.0,1100.0,1150.0,1900.0
647521210,0.28617084,8.004593,8.654749,-0.84675515,2.8237553,1.1469505,2,1495.0,1100.0,1150.0,1900.0
647526186,0.93264985,3.0631764,8.631783,-0.84675515,2.8237553,1.1469505,2,1495.0,1100.0,1150.0,1900.0
647531188,-0.2933136,10.600468,8.277433,-0.84675515,2.8237553,1.1469505,2,1495.0,1100.0,1150.0,1900.0
647536211,1.9336126,5.1970887,8.722158,-0.84675515,2.8237553,1.1469505,2,1495.0,1100.0,1150.0,1900.0
647541186,0.17365688,5.927223,7.981631,-0.84675515,2.8237553,1.1469505,2,1495.0,1100.0,1150.0,1900.0
647546188,-0.679254,9.643548,8.537666,-0.84675515,2.8237553,1.1469505,2,1495.0,1100.0,1150.0,1900.0
647551211,2.1232889,1.9600085,8.330645,-0.84675515,2.8237553,1.1469505,2,1495.0,1100.0,1150.0,1900.0
647556187,-0.65961766,9.46497,8.035631,-0.84675515,2.8237553,1.1469505,2,1495.0,1100.0,1150.0,1900.0
647561187,0.82786214,6.950669,8.556695,-0.84675515,2.8237553,1.1469505,2,1495.0,1100.0,1150.0,1900.0
647566211,1.0476964,3.7656324,7.920694,-0.912626,2.8629313,1.3517494,2,1495.0,1100.0,1150.0,1900.0
647571187,-0.8057257,10.189655,6.8380938,-0.912626,2.8629313,1.3517494,2,1479.0,1100.0,1154.0,1900.0
647576188,1.5069814,3.4264913,7.7151947,-0.912626,2.8629313,1.3517494,2,1479.0,1100.0,1154.0,1900.0
647581211,0.7197859,5.5643096,8.347504,-0.912626,2.8629313,1.3517494,2,1479.0,1100.0,1154.0,1900.0
647586187,-0.18720941,8.184029,7.0542903,-0.912626,2.8629313,1.3517494,2,1479.0,1100.0,1154.0,1900.0
647591187,1.6389785,1.9224869,6.293574,-0.912626,2.8629313,1.3517494,2,1479.0,1100.0,1154.0,1900.0
647596211,-0.9837757,9.089341,6.952179,-0.912626,2.8629313,1.3517494,2,1479.0,1100.0,1154.0,1900.0
647601187,1.9610243,4.0680804,8.18297,-0.912626,2.8629313,1.3517494,2,1479.0,1100.0,1154.0,1900.0
647606188,1.0518056,3.587516,6.6081758,-0.912626,2.8629313,1.3517494,2,1479.0,1100.0,1154.0,1900.0
647611211,-1.2213849,9.402619,6.6049166,-0.912626,2.8629313,1.3517494,2,1479.0,1100.0,1154.0,1900.0
647616187,1.9190598,3.388375,7.5853896,-0.912626,2.8629313,1.3517494,2,1479.0,1100.0,1154.0,1900.0
647621188,0.091295965,5.2546496,7.025313,-0.912626,2.8629313,1.3517494,2,1479.0,1100.0,1154.0,1900.0
647626211,0.71618277,8.096753,7.203568,-0.912626,2.8629313,1.3517494,2,1479.0,1100.0,1154.0,1900.0
647631188,1.6450351,2.3454204,7.853621,-0.912626,2.8629313,1.3517494,2,1479.0,1100.0,1154.0,1900.0
647636188,-0.38485646,10.271151,6.979502,-0.912626,2.8629313,1.3517494,2,1479.0,1100.0,1154.0,1900.0
647641211,1.6128454,4.4891763,7.1802764,-0.912626,2.8629313,1.3517494,2,1479.0,1100.0,1154.0,1900.0
647646186,-0.258709,5.807269,8.055059,-0.912626,2.8629313,1.3517494,2,1479.0,1100.0,1154.0,1900.0
647651187,-0.66727495,9.560831,8.37295,-0.912626,2.8629313,1.3517494,2,1479.0,1100.0,1154.0,1900.0
647656210,2.9181938,2.5671349,8.054902,-0.912626,2.8629313,1.3517494,2,1479.0,1100.0,1154.0,1900.0
647661187,-0.8194835,9.502994,7.1721516,-0.912626,2.8629313,1.3517494,2,1479.0,1100.0,1154.0,1900.0
647666187,0.46418607,8.577586,8.085511,-0.912626,2.8629313,1.3517494,2,1479.0,1100.0,1154.0,1900.0
647671210,1.296434,1.7740529,8.510278,-0.912626,2.8629313,1.3517494,2,1479.0,1100.0,1154.0,1900.0
647676187,-0.98107797,11.276927,7.384181,-0.9819873,2.903193,1.5854806,2,1521.0,1100.0,1193.0,1900.0
647681188,1.1369375,4.3723783,7.6611357,-0.9819873,2.903193,1.5854806,2,1521.0,1100.0,1193.0,1900.0
647686210,0.22101563,7.481603,8.465513,-0.9819873,2.903193,1.5854806,2,1521.0,1100.0,1193.0,1900.0
647691187,-0.14599249,8.506428,7.6260786,-0.9819873,2.903193,1.5854806,2,1521.0,1100.0,1193.0,1900.0
647696188,1.350785,3.2337396,7.058312,-0.9819873,2.903193,1.5854806,2,1521.0,1100.0,1193.0,1900.0
647701210,-1.329511,9.953499,7.0591893,-0.9819873,2.903193,1.5854806,2,1521.0,1100.0,1193.0,1900.0
647706187,1.7203517,4.0192437,7.705377,-0.9819873,2.903193,1.5854806,2,1521.0,1100.0,1193.0,1900.0
647711188,0.010745432,6.244761,6.4803157,-0.9819873,2.903193,1.5854806,2,1521.0,1100.0,1193.0,1900.0
647716210,-1.2268381,9.935159,6.538105,-0.9819873,2.903193,1.5854806,2,1521.0,1100.0,1193.0,1900.0
647721187,2.002977,2.2817492,7.8389325,-0.9819873,2.903193,1.5854806,2,1521.0,1100.0,1193.0,1900.0
647726188,-1.2789437,7.892379,6.988589,-0.9819873,2.903193,1.5854806,2,1521.0,1100.0,1193.0,1900.0
647731210,1.8167294,6.454722,6.676301,-0.9819873,2.903193,1.5854806,2,1521.0,1100.0,1193.0,1900.0
647736187,0.28230938,4.915009,6.546803,-0.9819873,2.903193,1.5854806,2,1521.0,1100.0,1193.0,1900.0
647741188,-1.0258462,8.847683,7.0323873,-0.9819873,2.903193,1.5854806,2,1521.0,1100.0,1193.0,1900.0
647746210,2.0011647,3.4848003,7.3224883,-0.9819873,2.903193,1.5854806,2,1521.0,1100.0,1193.0,1900.0
647751188,0.0023753124,7.9835854,7.230447,-0.9819873,2.903193,1.5854806,2,1521.0,1100.0,1193.0,1900.0
647756187,1.0004709,8.24735,6.792506,-0.9819873,2.903193,1.5854806,2,1521.0,1100.0,1193.0,1900.0
647761210,1.0229685,3.1662743,6.925558,-0.9819873,2.903193,1.5854806,2,1521.0,1100.0,1193.0,1900.0
647766188,-1.1510099,10.587029,6.7958136,-0.9819873,2.903193,1.5854806,2,1521.0,1100.0,1193.0,1900.0
647771188,3.0106204,4.4557586,8.433977,-0.9819873,2.903193,1.5854806,2,1521.0,1100.0,1193.0,1900.0
647776210,0.68760526,7.121531,7.709529,-1.0313567,2.9316733,1.7790775,2,1519.0,1100.0,1166.0,1900.0
647781187,-0.0779216,8.240524,7.2954783,-1.0313567,2.9316733,1.7790775,2,1519.0,1100.0,1166.0,1900.0
647786188,2.2968235,3.4492483,8.1101,-1.0313567,2.9316733,1.7790775,2,1519.0,1100.0,1166.0,1900.0
647791210,-1.0880445,10.542379,7.071745,-1.0313567,2.9316733,1.7790775,2,1519.0,1100.0,1166.0,1900.0
647796188,2.2898908,5.083115,8.077078,-1.0313567,2.9316733,1.7790775,2,1519.0,1100.0,1166.0,1900.0
647801188,0.4411007,5.5681663,7.826148,-1.0313567,2.9316733,1.7790775,2,1519.0,1100.0,1166.0,1900.0
647806210,0.3390617,9.654887,7.7203565,-1.0313567,2.9316733,1.7790775,2,1519.0,1100.0,1166.0,1900.0
647811188,2.1066287,4.4652257,7.2824206,-1.0313567,2.9316733,1.7790775,2,1519.0,1100.0,1166.0,1900.0
647816188,-0.58233315,7.4697027,7.6147904,-1.0313567,2.9316733,1.7790775,2,1519.0,1100.0,1166.0,1900.0
647821210,0.5459768,7.2573123,8.378922,-1.0313567,2.9316733,1.7790775,2,1519.0,1100.0,1166.0,1900.0
647826187,1.8886873,3.2408876,7.9416776,-1.0313567,2.9316733,1.7790775,2,1519.0,1100.0,1166.0,1900.0
647831190,-0.9292944,10.1816,6.2519236,-1.0313567,2.9316733,1.7790775,2,1519.0,1100.0,1166.0,1900.0
647836210,1.5107071,3.258094,7.4008336,-1.0313567,2.9316733,1.7790775,2,1519.0,1100.0,1166.0,1900.0
647841187,-0.41929433,5.624492,7.7635636,-1.0313567,2.9316733,1.7790775,2,1519.0,1100.0,1166.0,1900.0
647846188,-0.4632052,8.536339,7.5272956,-1.0313567,2.9316733,1.7790775,2,1519.0,1100.0,1166.0,1900.0
647851211,2.4035091,2.4995606,6.6530423,-1.0313567,2.9316733,1.7790775,2,1519.0,1100.0,1166.0,1900.0
647856191,-2.478999,9.515822,7.097284,-1.0313567,2.9316733,1.7790775,2,1519.0,1100.0,1166.0,1900.0
647861188,1.6081952,3.9896991,7.8599296,-1.0313567,2.9316733,1.7790775,2,1519.0,1100.0,1166.0,1900.0
647866210,0.31983063,3.6398237,7.551364,-1.0633625,2.9526494,1.9359213,2,1519.0,1100.0,1166.0,1900.0
647871188,-1.2962952,10.021856,7.1091332,-1.0633625,2.9526494,1.9359213,2,1000.0,1000.0,1000.0,1000.0
647876188,2.3915057,2.8425229,8.269005,-1.0633625,2.9526494,1.9359213,2,1000.0,1000.0,1000.0,1000.0
647881210,-1.5562922,9.614684,8.354568,-1.0633625,2.9526494,1.9359213,2,1000.0,1000.0,1000.0,1000.0
647886188,1.5280305,8.298162,9.679269,-1.0633625,2.9526494,1.9359213,2,1000.0,1000.0,1000.0,1000.0
647891188,0.9056154,7.650052,10.225242,-1.0633625,2.9526494,1.9359213,2,1000.0,1000.0,1000.0,1000.0
647896210,-0.28741026,9.007393,9.65314,-1.0633625,2.9526494,1.9359213,2,1000.0,1000.0,1000.0,1000.0
647901187,0.47957206,7.89275,8.8038435,-1.0633625,2.9526494,1.9359213,2,1000.0,1000.0,1000.0,1000.0
647906188,1.4477232,8.870112,8.791857,-1.0633625,2.9526494,1.9359213,2,1000.0,1000.0,1000.0,1000.0
647911210,0.7052513,8.093785,9.216915,-1.0633625,2.9526494,1.9359213,2,1000.0,1000.0,1000.0,1000.0
647916188,0.95469433,8.273173,9.00061,-1.0633625,2.9526494,1.9359213,2,1000.0,1000.0,1000.0,1000.0
647921188,0.25361893,6.889639,7.912791,-1.0633625,2.9526494,1.9359213,2,1000.0,1000.0,1000.0,1000.0
647926210,0.7517555,7.6097393,7.7341576,-1.0633625,2.9526494,1.9359213,2,1000.0,1000.0,1000.0,1000.0
647931188,0.7528067,6.086123,7.8326006,-1.0633625,2.9526494,1.9359213,2,1000.0,1000.0,1000.0,1000.0
647936188,0.6071744,7.399907,6.328436,-1.0633625,2.9526494,1.9359213,2,1000.0,1000.0,1000.0,1000.0
647941210,0.21493623,6.195839,7.335829,-1.0633625,2.9526494,1.9359213,2,1000.0,1000.0,1000.0,1000.0
647946188,0.22877455,4.277542,6.1803093,-1.0633625,2.9526494,1.9359213,2,1000.0,1000.0,1000.0,1000.0
647951188,0.8086844,4.801929,5.8742623,-1.0633625,2.9526494,1.9359213,2,1000.0,1000.0,1000.0,1000.0
647956210,0.2675811,4.2189,5.1271424,-1.0633625,2.9526494,1.9359213,2,1000.0,1000.0,1000.0,1000.0
647961189,0.2288756,5.18662,5.2131147,-1.0633625,2.9526494,1.9359213,2,1000.0,1000.0,1000.0,1000.0
647966188,0.38991627,3.6570692,5.011367,-1.0633625,2.9526494,1.9359213,2,1000.0,1000.0,1000.0,1000.0
647971210,0.174093,3.8293314,4.590634,-1.0633625,2.9526494,1.9359213,2,1000.0,1000.0,1000.0,1000.0
647976188,0.3102511,4.2639303,4.9100175,-1.0872703,2.9710426,2.0982585,2,1000.0,1000.0,1000.0,1000.0
647981188,-0.085946396,4.8969426,5.4734597,-1.0872703,2.9710426,2.0982585,2,1000.0,1000.0,1000.0,1000.0
647986210,0.34373018,3.3227682,6.2682295,-1.0872703,2.9710426,2.0982585,2,1000.0,1000.0,1000.0,1000.0
647991188,0.143658,4.5022583,6.820013,-1.0872703,2.9710426,2.0982585,2,1000.0,1000.0,1000.0,1000.0
647996188,0.27835202,4.7050886,7.081678,-1.0872703,2.9710426,2.0982585,2,1000.0,1000.0,1000.0,1000.0
648001210,0.1957215,4.901788,7.182042,-1.0872703,2.9710426,2.0982585,2,1000.0,1000.0,1000.0,1000.0
648006187,0.13669653,5.749168,7.604301,-1.0872703,2.9710426,2.0982585,2,1000.0,1000.0,1000.0,1000.0
648011188,-0.025515633,5.777665,7.881164,-1.0872703,2.9710426,2.0982585,2,1000.0,1000.0,1000.0,1000.0
648016210,0.023038682,6.5739136,8.551531,-1.0872703,2.9710426,2.0982585,2,1000.0,1000.0,1000.0,1000.0
648021188,0.083346345,6.021604,9.321359,-1.0872703,2.9710426,2.0982585,2,1000.0,1000.0,1000.0,1000.0
648026188,-0.21212098,6.5717487,9.875958,-1.0872703,2.9710426,2.0982585,2,1000.0,1000.0,1000.0,1000.0
648031210,-0.13250314,6.9854236,9.901231,-1.0872703,2.9710426,2.0982585,2,1000.0,1000.0,1000.0,1000.0
648036188,-0.21690796,7.413319,9.824319,-1.0872703,2.9710426,2.0982585,2,1000.0,1000.0,1000.0,1000.0
648041188,-0.3450244,7.0788703,9.747186,-1.0872703,2.9710426,2.0982585,2,1000.0,1000.0,1000.0,1000.0
648046210,-0.41157523,7.1136756,9.316455,-1.0872703,2.9710426,2.0982585,2,1000.0,1000.0,1000.0,1000.0
648051188,-0.51621383,7.1436687,9.1592455,-1.0872703,2.9710426,2.0982585,2,1000.0,1000.0,1000.0,1000.0
648056187,-0.46329823,6.9410267,9.148453,-1.0872703,2.9710426,2.0982585,2,1000.0,1000.0,1000.0,1000.0
648061210,-0.57313555,6.656894,8.924699,-1.0872703,2.9710426,2.0982585,2,1000.0,1000.0,1000.0,1000.0
648066188,-0.5465499,6.1668997,8.421648,-1.096838,2.9836023,2.2189105,2,1000.0,1000.0,1000.0,1000.0
648071188,-0.6251466,5.793962,7.8602567,-1.096838,2.9836023,2.2189105,2,1000.0,1000.0,1000.0,1000.0
648076210,-0.5198233,5.8119864,7.23443,-1.096838,2.9836023,2.2189105,2,1000.0,1000.0,1000.0,1000.0
648081188,-0.43793344,5.5699635,6.6348853,-1.096838,2.9836023,2.2189105,2,1000.0,1000.0,1000.0,1000.0
648086187,-0.48031393,5.394788,6.368708,-1.096838,2.9836023,2.2189105,2,1000.0,1000.0,1000.0,1000.0
648091210,-0.3697398,5.0457196,6.230722,-1.096838,2.9836023,2.2189105,2,1000.0,1000.0,1000.0,1000.0
648096188,-0.20868492,4.9654937,5.9877734,-1.096838,2.9836023,2.2189105,2,1000.0,1000.0,1000.0,1000.0
648101188,-0.08022424,5.0391088,5.7875195,-1.096838,2.9836023,2.2189105,2,1000.0,1000.0,1000.0,1000.0
648106210,0.085967176,5.204233,5.628502,-1.096838,2.9836023,2.2189105,2,1000.0,1000.0,1000.0,1000.0
648111188,0.118478216,5.160471,5.658313,-1.096838,2.9836023,2.2189105,2,1000.0,1000.0,1000.0,1000.0
648116188,0.33726856,5.3654695,5.9811254,-1.096838,2.9836023,2.2189105,2,1000.0,1000.0,1000.0,1000.0
648121210,0.49345353,5.589953,6.268445,-1.096838,2.9836023,2.2189105,2,1000.0,1000.0,1000.0,1000.0
648126188,0.65861315,5.9813595,6.647496,-1.096838,2.9836023,2.2189105,2,1000.0,1000.0,1000.0,1000.0
648131188,0.87849337,6.3047156,7.1854806,-1.096838,2.9836023,2.2189105,2,1000.0,1000.0,1000.0,1000.0
648136210,1.0380341,6.5402937,7.654523,-1.096838,2.9836023,2.2189105,2,1000.0,1000.0,1000.0,1000.0
648141188,1.1696385,6.8454676,7.961494,-1.096838,2.9836023,2.2189105,2,1000.0,1000.0,1000.0,1000.0
648146188,1.3090576,7.147826,8.262728,-1.096838,2.9836023,2.2189105,2,1000.0,1000.0,1000.0,1000.0
648151210,1.4169418,7.388446,8.596867,-1.096838,2.9836023,2.2189105,2,1000.0,1000.0,1000.0,1000.0
648156188,1.5314076,7.690958,9.051108,-1.096838,2.9836023,2.2189105,2,1000.0,1000.0,1000.0,1000.0
648161188,1.5813792,7.7894382,9.40984,-1.096838,2.9836023,2.2189105,2,1000.0,1000.0,1000.0,1000.0
648166210,1.6843147,7.8896813,9.639457,-1.096838,2.9836023,2.2189105,2,1000.0,1000.0,1000.0,1000.0
648171188,1.6618371,7.908075,9.759483,-1.096838,2.9836023,2.2189105,2,1000.0,1000.0,1000.0,1000.0
648176188,1.6349531,7.818278,9.71986,-1.0963552,2.9912949,2.3398232,2,1000.0,1000.0,1000.0,1000.0
648181211,1.5639033,7.6995964,9.637439,-1.0963552,2.9912949,2.3398232,2,1000.0,1000.0,1000.0,1000.0
648186188,1.4603577,7.4835124,9.475842,-1.0963552,2.9912949,2.3398232,2,1000.0,1000.0,1000.0,1000.0
648191188,1.3383691,7.2563744,9.288091,-1.0963552,2.9912949,2.3398232,2,1000.0,1000.0,1000.0,1000.0
648196210,1.179625,6.906669,8.973359,-1.0963552,2.9912949,2.3398232,2,1000.0,1000.0,1000.0,1000.0
648201188,1.0133249,6.520588,8.569803,-1.0963552,2.9912949,2.3398232,2,1000.0,1000.0,1000.0,1000.0
648206188,0.8582485,6.0825152,8.110516,-1.0963552,2.9912949,2.3398232,2,1000.0,1000.0,1000.0,1000.0
648211210,0.6503449,5.6543117,7.652383,-1.0963552,2.9912949,2.3398232,2,1000.0,1000.0,1000.0,1000.0
648216188,0.41600284,5.2416444,7.2216372,-1.0963552,2.9912949,2.3398232,2,1000.0,1000.0,1000.0,1000.0
648221188,0.18050869,4.9849844,6.8645453,-1.0963552,2.9912949,2.3398232,2,1000.0,1000.0,1000.0,1000.0
648226210,-0.044836733,4.704232,6.535238,-1.0963552,2.9912949,2.3398232,2,1000.0,1000.0,1000.0,1000.0
648231187,-0.22871672,4.465501,6.355867,-1.0963552,2.9912949,2.3398232,2,1000.0,1000.0,1000.0,1000.0
648236188,-0.3982917,4.299149,6.270141,-1.0963552,2.9912949,2.3398232,2,1000.0,1000.0,1000.0,1000.0
648241210,-0.5587372,4.1762514,6.152017,-1.0963552,2.9912949,2.3398232,2,1000.0,1000.0,1000.0,1000.0
648246188,-0.7086172,4.146414,6.0861063,-1.0963552,2.9912949,2.3398232,2,1000.0,1000.0,1000.0,1000.0
648251188,-0.8478782,4.1765614,6.121937,-1.0963552,2.9912949,2.3398232,2,1000.0,1000.0,1000.0,1000.0
648256210,-0.94468004,4.300726,6.271878,-1.0963552,2.9912949,2.3398232,2,1000.0,1000.0,1000.0,1000.0
648261188,-1.0499408,4.4906225,6.5871944,-1.0963552,2.9912949,2.3398232,2,1000.0,1000.0,1000.0,1000.0
648266188,-1.1085676,4.7774553,7.0009985,-1.084552,2.9992604,2.4156084,2,1000.0,1000.0,1000.0,1000.0
648271210,-1.1094971,5.0016737,7.413183,-1.084552,2.9992604,2.4156084,2,1000.0,1000.0,1000.0,1000.0
648276188,-1.0539056,5.288659,7.783024,-1.084552,2.9992604,2.4156084,2,1000.0,1000.0,1000.0,1000.0
648281188,-1.0562639,5.541517,8.101318,-1.084552,2.9992604,2.4156084,2,1000.0,1000.0,1000.0,1000.0
648286210,-0.9901932,5.77096,8.406117,-1.084552,2.9992604,2.4156084,2,1000.0,1000.0,1000.0,1000.0
648291188,-0.90209574,6.023525,8.77685,-1.084552,2.9992604,2.4156084,2,1000.0,1000.0,1000.0,1000.0
648296188,-0.7284614,6.4150853,9.071476,-1.084552,2.9992604,2.4156084,2,1000.0,1000.0,1000.0,1000.0
648301210,-0.6398572,6.547968,9.288836,-1.084552,2.9992604,2.4156084,2,1000.0,1000.0,1000.0,1000.0
648306188,-0.5043664,6.625859,9.399396,-1.084552,2.9992604,2.4156084,2,1000.0,1000.0,1000.0,1000.0
648311187,-0.27358153,6.683787,9.43316,-1.084552,2.9992604,2.4156084,2,1000.0,1000.0,1000.0,1000.0
648316210,-0.0722876,6.6905117,9.392283,-1.084552,2.9992604,2.4156084,2,1000.0,1000.0,1000.0,1000.0
648321187,0.101740085,6.5682564,9.23228,-1.084552,2.9992604,2.4156084,2,1000.0,1000.0,1000.0,1000.0
648326188,0.25773555,6.4882913,9.003309,-1.084552,2.9992604,2.4156084,2,1000.0,1000.0,1000.0,1000.0
648331210,0.40171424,6.328548,8.767391,-1.084552,2.9992604,2.4156084,2,1000.0,1000.0,1000.0,1000.0
648336188,0.5854988,6.1221375,8.459127,-1.084552,2.9992604,2.4156084,2,1000.0,1000.0,1000.0,1000.0
648341188,0.7345688,5.952864,8.102442,-1.084552,2.9992604,2.4156084,2,1000.0,1000.0,1000.0,1000.0
648346210,0.90184194,5.810893,7.7576537,-1.084552,2.9992604,2.4156084,2,1000.0,1000.0,1000.0,1000.0
648351188,1.0146241,5.5744743,7.3894677,-1.084552,2.9992604,2.4156084,2,1000.0,1000.0,1000.0,1000.0
648356188,1.0420728,5.3794913,7.038122,-1.084552,2.9992604,2.4156084,2,1000.0,1000.0,1000.0,1000.0
648361210,1.0950521,5.318377,6.8242993,-1.084552,2.9992604,2.4156084,2,1000.0,1000.0,1000.0,1000.0
648366188,1.1238289,5.258453,6.6406145,-1.084552,2.9992604,2.4156084,2,1000.0,1000.0,1000.0,1000.0
648371188,1.1830463,5.2942114,6.5223722,-1.084552,2.9992604,2.4156084,2,1000.0,1000.0,1000.0,1000.0
648376212,1.156369,5.29473,6.4523816,-1.0641919,3.000163,2.4888625,2,1000.0,1000.0,1000.0,1000.0
648381187,1.1682097,5.323767,6.496582,-1.0641919,3.000163,2.4888625,2,1000.0,1000.0,1000.0,1000.0
648386187,1.1525079,5.412091,6.551507,-1.0641919,3.000163,2.4888625,2,1000.0,1000.0,1000.0,1000.0
648391210,1.1117085,5.6029224,6.719875,-1.0641919,3.000163,2.4888625,2,1000.0,1000.0,1000.0,1000.0
648396187,1.0356879,5.852436,6.923796,-1.0641919,3.000163,2.4888625,2,1000.0,1000.0,1000.0,1000.0
648401188,0.97304493,6.1015244,7.244099,-1.0641919,3.000163,2.4888625,2,1000.0,1000.0,1000.0,1000.0
648406210,0.89338917,6.346433,7.69587,-1.0641919,3.000163,2.4888625,2,1000.0,1000.0,1000.0,1000.0
648411188,0.82772607,6.606145,7.973719,-1.0641919,3.000163,2.4888625,2,1000.0,1000.0,1000.0,1000.0
648416187,0.73174226,6.802103,8.183374,-1.0641919,3.000163,2.4888625,2,1000.0,1000.0,1000.0,1000.0
648421210,0.63946843,6.967349,8.452095,-1.0641919,3.000163,2.4888625,2,1000.0,1000.0,1000.0,1000.0
648426188,0.5595644,7.144468,8.738584,-1.0641919,3.000163,2.4888625,2,1000.0,1000.0,1000.0,1000.0
648431188,0.45356768,7.2890153,8.93333,-1.0641919,3.000163,2.4888625,2,1000.0,1000.0,1000.0,1000.0
648436210,0.31429717,7.4315987,9.115089,-1.0641919,3.000163,2.4888625,2,1000.0,1000.0,1000.0,1000.0
648441187,0.22328262,7.461931,9.231456,-1.0641919,3.000163,2.4888625,2,1000.0,1000.0,1000.0,1000.0
648446188,0.14030269,7.4089274,9.242517,-1.0641919,3.000163,2.4888625,2,1000.0,1000.0,1000.0,1000.0
648451210,0.04923693,7.257377,9.169248,-1.0641919,3.000163,2.4888625,2,1000.0,1000.0,1000.0,1000.0
648456188,0.024381012,7.0628242,8.974299,-1.0641919,3.000163,2.4888625,2,1000.0,1000.0,1000.0,1000.0
648461188,-0.06241051,6.8447037,8.767297,-1.0641919,3.000163,2.4888625,2,1000.0,1000.0,1000.0,1000.0
648466210,-0.10353427,6.6073475,8.445928,-1.0641919,3.000163,2.4888625,2,1000.0,1000.0,1000.0,1000.0
648471187,-0.203905,6.3840675,8.133312,-1.0641919,3.000163,2.4888625,2,1000.0,1000.0,1000.0,1000.0
648476188,-0.21926063,6.0332074,7.8609853,-1.0368296,3.0018172,2.5346768,2,1000.0,1000.0,1000.0,1000.0
648481210,-0.21654993,5.7351036,7.6071267,-1.0368296,3.0018172,2.5346768,2,1000.0,1000.0,1000.0,1000.0
648486188,-0.22939022,5.371646,7.326814,-1.0368296,3.0018172,2.5346768,2,1000.0,1000.0,1000.0,1000.0
648491188,-0.21804345,5.116943,7.05481,-1.0368296,3.0018172,2.5346768,2,1000.0,1000.0,1000.0,1000.0
648496210,-0.18594854,4.916215,6.8078766,-1.0368296,3.0018172,2.5346768,2,1000.0,1000.0,1000.0,1000.0
648501188,-0.19686428,4.7611446,6.612005,-1.0368296,3.0018172,2.5346768,2,1000.0,1000.0,1000.0,1000.0
648506188,-0.17245327,4.691436,6.5234957,-1.0368296,3.0018172,2.5346768,2,1000.0,1000.0,1000.0,1000.0
648511211,-0.10599307,4.61579,6.517984,-1.0368296,3.0018172,2.5346768,2,1000.0,1000.0,1000.0,1000.0
648516188,-0.111494094,4.587672,6.512967,-1.0368296,3.0018172,2.5346768,2,1000.0,1000.0,1000.0,1000.0
648521186,-0.032070268,4.616177,6.5861015,-1.0368296,3.0018172,2.5346768,2,1000.0,1000.0,1000.0,1000.0
648526210,0.025228493,4.703304,6.7465696,-1.0368296,3.0018172,2.5346768,2,1000.0,1000.0,1000.0,1000.0
648531188,0.07292878,4.8636436,6.9510913,-1.0368296,3.0018172,2.5346768,2,1000.0,1000.0,1000.0,1000.0
648536187,0.12411168,5.086634,7.258261,-1.0368296,3.0018172,2.5346768,2,1000.0,1000.0,1000.0,1000.0
648541210,0.16307905,5.3266373,7.5522842,-1.0368296,3.0018172,2.5346768,2,1000.0,1000.0,1000.0,1000.0
648546188,0.18578191,5.6024528,7.8134937,-1.0368296,3.0018172,2.5346768,2,1000.0,1000.0,1000.0,1000.0
648551187,0.20383981,5.83604,8.022748,-1.0368296,3.0018172,2.5346768,2,1000.0,1000.0,1000.0,1000.0
648556210,0.27217036,6.028831,8.24104,-1.0368296,3.0018172,2.5346768,2,1000.0,1000.0,1000.0,1000.0
648561189,0.28217036,6.199473,8.434964,-1.0368296,3.0018172,2.5346768,2,1000.0,1000.0,1000.0,1000.0
648566187,0.28286448,6.4189525,8.633717,-1.0081258,2.9998527,2.5598807,2,1000.0,1000.0,1000.0,1000.0
648571215,0.28579953,6.660722,8.81029,-1.0081258,2.9998527,2.5598807,2,1000.0,1000.0,1000.0,1000.0
648576188,0.2567161,6.8097806,8.837881,-1.0081258,2.9998527,2.5598807,2,1000.0,1000.0,1000.0,1000.0
648581186,0.22099388,6.855564,8.825494,-1.0081258,2.9998527,2.5598807,2,1000.0,1000.0,1000.0,1000.0
648586210,0.20656724,6.822908,8.749258,-1.0081258,2.9998527,2.5598807,2,1000.0,1000.0,1000.0,1000.0
648591190,0.20346367,6.7811875,8.632336,-1.0081258,2.9998527,2.5598807,2,1000.0,1000.0,1000.0,1000.0
648596187,0.19268686,6.7239456,8.424303,-1.0081258,2.9998527,2.5598807,2,1000.0,1000.0,1000.0,1000.0
648601210,0.1945261,6.6366696,8.220439,-1.0081258,2.9998527,2.5598807,2,1000.0,1000.0,1000.0,1000.0
648606188,0.17928174,6.541006,7.977905,-1.0081258,2.9998527,2.5598807,2,1000.0,1000.0,1000.0,1000.0
648611187,0.14510943,6.440826,7.6796365,-1.0081258,2.9998527,2.5598807,2,1000.0,1000.0,1000.0,1000.0
648616210,0.15107521,6.291702,7.431498,-1.0081258,2.9998527,2.5598807,2,1000.0,1000.0,1000.0,1000.0
648621188,0.16732658,6.1477637,7.2371364,-1.0081258,2.9998527,2.5598807,2,1000.0,1000.0,1000.0,1000.0
648626187,0.189009,5.9881287,7.0159206,-1.0081258,2.9998527,2.5598807,2,1000.0,1000.0,1000.0,1000.0
648631210,0.22306608,5.88012,6.870289,-1.0081258,2.9998527,2.5598807,2,1000.0,1000.0,1000.0,1000.0
648636188,0.24198109,5.829254,6.6908484,-1.0081258,2.9998527,2.5598807,2,1000.0,1000.0,1000.0,1000.0
648641187,0.28564075,5.8288064,6.5763288,-1.0081258,2.9998527,2.5598807,2,1000.0,1000.0,1000.0,1000.0
648646210,0.3024956,5.893371,6.583931,-1.0081258,2.9998527,2.5598807,2,1000.0,1000.0,1000.0,1000.0
648651188,0.35169187,5.9310117,6.7057557,-1.0081258,2.9998527,2.5598807,2,1000.0,1000.0,1000.0,1000.0
648656187,0.42816383,5.9997687,6.8527946,-1.0081258,2.9998527,2.5598807,2,1000.0,1000.0,1000.0,1000.0
648661210,0.49569324,6.0958285,7.024613,-1.0081258,2.9998527,2.5598807,2,1000.0,1000.0,1000.0,1000.0
648666188,0.5599355,6.212446,7.171532,-1.0081258,2.9998527,2.5598807,2,1000.0,1000.0,1000.0,1000.0
648671187,0.60680974,6.4010296,7.3675,-1.0081258,2.9998527,2.5598807,2,1000.0,1000.0,1000.0,1000.0
648676210,0.6540869,6.559606,7.641688,-0.9692645,2.993255,2.570201,2,1000.0,1000.0,1000.0,1000.0
648681188,0.699587,6.725559,7.9555817,-0.9692645,2.993255,2.570201,2,1000.0,1000.0,1000.0,1000.0
648686187,0.726612,6.8867636,8.180907,-0.9692645,2.993255,2.570201,2,1000.0,1000.0,1000.0,1000.0
648691210,0.78447694,6.9826736,8.319066,-0.9692645,2.993255,2.570201,2,1000.0,1000.0,1000.0,1000.0
648696188,0.8128908,6.998767,8.440305,-0.9692645,2.993255,2.570201,2,1000.0,1000.0,1000.0,1000.0
648701187,0.80451405,6.9793587,8.561307,-0.9692645,2.993255,2.570201,2,1000.0,1000.0,1000.0,1000.0
648706210,0.78905225,7.0006237,8.669707,-0.9692645,2.993255,2.570201,2,1000.0,1000.0,1000.0,1000.0
648711188,0.7395372,6.9813786,8.721732,-0.9692645,2.993255,2.570201,2,1000.0,1000.0,1000.0,1000.0
648716186,0.6892553,6.9476514,8.666931,-0.9692645,2.993255,2.570201,2,1000.0,1000.0,1000.0,1000.0
648721210,0.6200388,6.798462,8.567659,-0.9692645,2.993255,2.570201,2,1000.0,1000.0,1000.0,1000.0
648726188,0.58128244,6.59487,8.410379,-0.9692645,2.993255,2.570201,2,1000.0,1000.0,1000.0,1000.0
648731187,0.51731074,6.328551,8.2073555,-0.9692645,2.993255,2.570201,2,1000.0,1000.0,1000.0,1000.0
648736210,0.42937168,6.0952415,8.025453,-0.9692645,2.993255,2.570201,2,1000.0,1000.0,1000.0,1000.0
648741190,0.30297142,5.9067645,7.7677073,-0.9692645,2.993255,2.570201,2,1000.0,1000.0,1000.0,1000.0
648746187,0.16679709,5.728781,7.508472,-0.9692645,2.993255,2.570201,2,1000.0,1000.0,1000.0,1000.0
648751210,0.05144516,5.5517325,7.3307233,-0.9692645,2.993255,2.570201,2,1000.0,1000.0,1000.0,1000.0
648756188,-0.06325755,5.3462806,7.138694,-0.9692645,2.993255,2.570201,2,1000.0,1000.0,1000.0,1000.0
648761187,-0.15386455,5.159902,7.0022864,-0.9692645,2.993255,2.570201,2,1000.0,1000.0,1000.0,1000.0
648766211,-0.23111866,5.015867,6.8702126,-0.93315077,2.9868305,2.5643854,2,1000.0,1000.0,1000.0,1000.0
648771188,-0.3160186,4.9467134,6.751478,-0.93315077,2.9868305,2.5643854,2,1000.0,1000.0,1000.0,1000.0
648776187,-0.4096027,4.956686,6.692085,-0.93315077,2.9868305,2.5643854,2,1000.0,1000.0,1000.0,1000.0
648781211,-0.48383608,5.011983,6.680805,-0.93315077,2.9868305,2.5643854,2,1000.0,1000.0,1000.0,1000.0
648786188,-0.52715135,5.1189384,6.7495666,-0.93315077,2.9868305,2.5643854,2,1000.0,1000.0,1000.0,1000.0
648791186,-0.5382437,5.2211304,6.948574,-0.93315077,2.9868305,2.5643854,2,1000.0,1000.0,1000.0,1000.0
648796211,-0.5513696,5.3858514,7.1932287,-0.93315077,2.9868305,2.5643854,2,1000.0,1000.0,1000.0,1000.0
648801188,-0.5285429,5.4902496,7.336365,-0.93315077,2.9868305,2.5643854,2,1000.0,1000.0,1000.0,1000.0
648806187,-0.5095878,5.667384,7.4921446,-0.93315077,2.9868305,2.5643854,2,1000.0,1000.0,1000.0,1000.0
648811211,-0.44956815,5.902764,7.6579905,-0.93315077,2.9868305,2.5643854,2,1000.0,1000.0,1000.0,1000.0
648816188,-0.40845102,6.1363654,7.898812,-0.93315077,2.9868305,2.5643854,2,1000.0,1000.0,1000.0,1000.0
648821187,-0.33231893,6.3801794,8.145882,-0.93315077,2.9868305,2.5643854,2,1000.0,1000.0,1000.0,1000.0
648826211,-0.21463688,6.5234876,8.327807,-0.93315077,2.9868305,2.5643854,2,1000.0,1000.0,1000.0,1000.0
648831188,-0.0973403,6.6427617,8.454517,-0.93315077,2.9868305,2.5643854,2,1000.0,1000.0,1000.0,1000.0
648836187,0.03160247,6.713292,8.517161,-0.93315077,2.9868305,2.5643854,2,1000.0,1000.0,1000.0,1000.0
648841211,0.14295635,6.7668943,8.54311,-0.93315077,2.9868305,2.5643854,2,1000.0,1000.0,1000.0,1000.0
648846188,0.26842034,6.8078847,8.547172,-0.93315077,2.9868305,2.5643854,2,1000.0,1000.0,1000.0,1000.0
648851187,0.39672488,6.8370667,8.521472,-0.93315077,2.9868305,2.5643854,2,1000.0,1000.0,1000.0,1000.0
648856211,0.51152027,6.8039308,8.447242,-0.93315077,2.9868305,2.5643854,2,1000.0,1000.0,1000.0,1000.0
648861188,0.628599,6.7064962,8.32715,-0.93315077,2.9868305,2.5643854,2,1000.0,1000.0,1000.0,1000.0
648866187,0.73272556,6.5555153,8.110478,-0.93315077,2.9868305,2.5643854,2,1000.0,1000.0,1000.0,1000.0
648871211,0.8298594,6.4106665,7.923339,-0.93315077,2.9868305,2.5643854,2,1000.0,1000.0,1000.0,1000.0
648876188,0.88794047,6.2702594,7.751148,-0.8908944,2.9734504,2.5522845,2,1000.0,1000.0,1000.0,1000.0
648881187,0.968766,6.183602,7.575122,-0.8908944,2.9734504,2.5522845,2,1000.0,1000.0,1000.0,1000.0
648886210,0.9895777,6.137363,7.417145,-0.8908944,2.9734504,2.5522845,2,1000.0,1000.0,1000.0,1000.0
648891188,0.98634845,6.0117855,7.285281,-0.8908944,2.9734504,2.5522845,2,1000.0,1000.0,1000.0,1000.0
648896187,0.9993452,5.987641,7.064222,-0.8908944,2.9734504,2.5522845,2,1000.0,1000.0,1000.0,1000.0
648901211,1.0279206,5.815214,7.074804,-0.8908944,2.9734504,2.5522845,2,1000.0,1000.0,1000.0,1000.0
648906188,1.0141344,5.746704,6.9535446,-0.8908944,2.9734504,2.5522845,2,1000.0,1000.0,1000.0,1000.0
648911187,0.85105354,5.7098217,7.028494,-0.8908944,2.9734504,2.5522845,2,1000.0,1000.0,1000.0,1000.0
648916211,1.0503005,5.7569785,7.0601096,-0.8908944,2.9734504,2.5522845,2,1000.0,1000.0,1000.0,1000.0
648921188,0.66805434,6.0314097,7.0704694,-0.8908944,2.9734504,2.5522845,2,1000.0,1000.0,1000.0,1000.0
648926187,0.88726836,5.8923182,7.3541055,-0.8908944,2.9734504,2.5522845,2,1000.0,1000.0,1000.0,1000.0
648931211,0.46409196,6.197326,7.384964,-0.8908944,2.9734504,2.5522845,2,1000.0,1000.0,1000.0,1000.0
648936188,0.613385,6.0883737,7.7305245,-0.8908944,2.9734504,2.5522845,2,1000.0,1000.0,1000.0,1000.0
648941187,0.4784883,6.2961707,7.807505,-0.8908944,2.9734504,2.5522845,2,1000.0,1000.0,1000.0,1000.0
648946211,0.34159395,6.4005013,7.9648495,-0.8908944,2.9734504,2.5522845,2,1000.0,1000.0,1000.0,1000.0
648951188,0.29161,6.4376955,8.132079,-0.8908944,2.9734504,2.5522845,2,1000.0,1000.0,1000.0,1000.0
648956187,-0.0625368,6.6446033,8.21476,-0.8908944,2.9734504,2.5522845,2,1000.0,1000.0,1000.0,1000.0
648961211,0.17398258,6.4596586,8.502286,-0.8908944,2.9734504,2.5522845,2,1000.0,1000.0,1000.0,1000.0
648966188,-0.20283404,6.7038555,8.426133,-0.85777825,2.9623356,2.5562406,2,1000.0,1000.0,1000.0,1000.0
648971187,0.02113374,6.4612064,8.617619,-0.85777825,2.9623356,2.5562406,2,1000.0,1000.0,1000.0,1000.0
648976211,-0.23943557,6.5635223,8.473073,-0.85777825,2.9623356,2.5562406,2,1000.0,1000.0,1000.0,1000.0
648981187,-0.1957398,6.3465548,8.464245,-0.85777825,2.9623356,2.5562406,2,1000.0,1000.0,1000.0,1000.0
648986187,-0.23366311,6.2810397,8.399324,-0.85777825,2.9623356,2.5562406,2,1000.0,1000.0,1000.0,1000.0
648991211,-0.4219636,6.2608814,8.142801,-0.85777825,2.9623356,2.5562406,2,1000.0,1000.0,1000.0,1000.0
648996189,-0.20121631,5.953628,8.192224,-0.85777825,2.9623356,2.5562406,2,1000.0,1000.0,1000.0,1000.0
649001186,-0.4443644,6.0009584,7.8732076,-0.85777825,2.9623356,2.5562406,2,1000.0,1000.0,1000.0,1000.0
649006211,-0.2654042,5.630267,7.824338,-0.85777825,2.9623356,2.5562406,2,1000.0,1000.0,1000.0,1000.0
649011188,-0.23441015,5.4231567,7.570131,-0.85777825,2.9623356,2.5562406,2,1000.0,1000.0,1000.0,1000.0
649016187,-0.36139247,5.52424,7.39214,-0.85777825,2.9623356,2.5562406,2,1000.0,1000.0,1000.0,1000.0
649021211,-0.1014655,5.1589108,7.276427,-0.85777825,2.9623356,2.5562406,2,1000.0,1000.0,1000.0,1000.0
649026188,-0.29907662,5.1347704,7.178037,-0.85777825,2.9623356,2.5562406,2,1000.0,1000.0,1000.0,1000.0
649031187,-0.15681943,5.2208643,7.129255,-0.85777825,2.9623356,2.5562406,2,1000.0,1000.0,1000.0,1000.0
649036211,0.11510193,5.0199146,7.0919185,-0.85777825,2.9623356,2.5562406,2,1000.0,1000.0,1000.0,1000.0
649041188,-0.1421142,5.177115,7.086217,-0.85777825,2.9623356,2.5562406,2,1000.0,1000.0,1000.0,1000.0
649046187,0.13905118,5.12065,7.1209106,-0.85777825,2.9623356,2.5562406,2,1000.0,1000.0,1000.0,1000.0
649051211,0.22126137,5.0974092,7.212166,-0.85777825,2.9623356,2.5562406,2,1000.0,1000.0,1000.0,1000.0
649056188,0.12372541,5.439234,7.30736,-0.85777825,2.9623356,2.5562406,2,1000.0,1000.0,1000.0,1000.0
649061187,0.47795424,5.463355,7.5200496,-0.85777825,2.9623356,2.5562406,2,1000.0,1000.0,1000.0,1000.0
649066211,0.24045193,5.668773,7.6343894,-0.85777825,2.9623356,2.5562406,2,1000.0,1000.0,1000.0,1000.0
649071188,0.330696,5.9742045,7.759248,-0.85777825,2.9623356,2.5562406,2,1000.0,1000.0,1000.0,1000.0
649076186,0.68292475,5.775412,7.9500504,-0.8228052,2.9446905,2.5751324,2,1000.0,1000.0,1000.0,1000.0
649081211,0.30974677,6.2031975,8.018711,-0.8228052,2.9446905,2.5751324,2,1000.0,1000.0,1000.0,1000.0
649086188,0.5966074,6.2728844,8.227807,-0.8228052,2.9446905,2.5751324,2,1000.0,1000.0,1000.0,1000.0
649091186,0.6020236,6.2760825,8.309126,-0.8228052,2.9446905,2.5751324,2,1000.0,1000.0,1000.0,1000.0
649096211,0.41355518,6.636281,8.41752,-0.8228052,2.9446905,2.5751324,2,1000.0,1000.0,1000.0,1000.0
649101188,0.62874764,6.631433,8.470663,-0.8228052,2.9446905,2.5751324,2,1000.0,1000.0,1000.0,1000.0
649106187,0.48890147,6.653955,8.44909,-0.8228052,2.9446905,2.5751324,2,1000.0,1000.0,1000.0,1000.0
649111209,0.5212851,6.732038,8.453724,-0.8228052,2.9446905,2.5751324,2,1000.0,1000.0,1000.0,1000.0
649116188,0.57089597,6.573901,8.373978,-0.8228052,2.9446905,2.5751324,2,1000.0,1000.0,1000.0,1000.0
649121186,0.39603272,6.5814357,8.243721,-0.8228052,2.9446905,2.5751324,2,1000.0,1000.0,1000.0,1000.0
649126211,0.45495334,6.572591,8.086862,-0.8228052,2.9446905,2.5751324,2,1000.0,1000.0,1000.0,1000.0
649131188,0.38628122,6.545142,7.929882,-0.8228052,2.9446905,2.5751324,2,1000.0,1000.0,1000.0,1000.0
649136187,0.37494168,6.4118767,7.8279357,-0.8228052,2.9446905,2.5751324,2,1000.0,1000.0,1000.0,1000.0
649141211,0.3612793,6.304322,7.7120256,-0.8228052,2.9446905,2.5751324,2,1000.0,1000.0,1000.0,1000.0
649146188,0.3685866,6.1732445,7.5699043,-0.8228052,2.9446905,2.5751324,2,1000.0,1000.0,1000.0,1000.0
649151186,0.3260747,6.0812025,7.4322553,-0.8228052,2.9446905,2.5751324,2,1000.0,1000.0,1000.0,1000.0
649156211,0.33789226,6.010292,7.289799,-0.8228052,2.9446905,2.5751324,2,1000.0,1000.0,1000.0,1000.0
649161188,0.2898487,5.9972363,7.1676946,-0.8228052,2.9446905,2.5751324,2,1000.0,1000.0,1000.0,1000.0
649166187,0.20918776,5.986225,7.1408687,-0.8228052,2.9446905,2.5751324,2,1000.0,1000.0,1000.0,1000.0
649171211,0.3063681,5.9428854,7.208276,-0.8228052,2.9446905,2.5751324,2,1000.0,1000.0,1000.0,1000.0
649176187,0.30240184,5.9223523,7.265138,-0.7976397,2.927022,2.6046188,2,1000.0,1000.0,1000.0,1000.0
649181186,0.31267536,5.8762527,7.322624,-0.7976397,2.927022,2.6046188,2,1000.0,1000.0,1000.0,1000.0
649186211,0.25170478,5.926061,7.302117,-0.7976397,2.927022,2.6046188,2,1000.0,1000.0,1000.0,1000.0
649191188,0.32865727,5.9288487,7.381068,-0.7976397,2.927022,2.6046188,2,1000.0,1000.0,1000.0,1000.0
649196186,0.34659004,6.02945,7.5467653,-0.7976397,2.927022,2.6046188,2,1000.0,1000.0,1000.0,1000.0
649201211,0.3183777,6.115709,7.75222,-0.7976397,2.927022,2.6046188,2,1000.0,1000.0,1000.0,1000.0
649206188,0.3179652,6.2055626,7.909477,-0.7976397,2.927022,2.6046188,2,1000.0,1000.0,1000.0,1000.0
649211186,0.37013546,6.337584,8.029167,-0.7976397,2.927022,2.6046188,2,1000.0,1000.0,1000.0,1000.0
649216211,0.37232295,6.264285,8.124989,-0.7976397,2.927022,2.6046188,2,1000.0,1000.0,1000.0,1000.0
649221188,0.38249037,6.2311573,8.187582,-0.7976397,2.927022,2.6046188,2,1000.0,1000.0,1000.0,1000.0
649226187,0.34497023,6.2370377,8.253562,-0.7976397,2.927022,2.6046188,2,1000.0,1000.0,1000.0,1000.0
649231211,0.32740575,6.2957177,8.322562,-0.7976397,2.927022,2.6046188,2,1000.0,1000.0,1000.0,1000.0
649236188,0.2926558,6.330132,8.3406,-0.7976397,2.927022,2.6046188,2,1000.0,1000.0,1000.0,1000.0
649241187,0.2802355,6.2962556,8.317868,-0.7976397,2.927022,2.6046188,2,1000.0,1000.0,1000.0,1000.0
649246211,0.27907148,6.1645455,8.235748,-0.7976397,2.927022,2.6046188,2,1000.0,1000.0,1000.0,1000.0
649251188,0.26983675,6.042237,8.112166,-0.7976397,2.927022,2.6046188,2,1000.0,1000.0,1000.0,1000.0
649256187,0.18754199,5.908843,8.0006275,-0.7976397,2.927022,2.6046188,2,1000.0,1000.0,1000.0,1000.0
649261211,0.16267215,5.8351455,7.897153,-0.7976397,2.927022,2.6046188,2,1000.0,1000.0,1000.0,1000.0
649266188,0.07625237,5.785809,7.756765,-0.77806234,2.909932,2.6383414,2,1000.0,1000.0,1000.0,1000.0
649271188,0.021369586,5.7080927,7.637856,-0.77806234,2.909932,2.6383414,2,1000.0,1000.0,1000.0,1000.0
649276211,0.0067956867,5.628501,7.5194345,-0.77806234,2.909932,2.6383414,2,1000.0,1000.0,1000.0,1000.0
649281188,-0.008473305,5.5215197,7.381804,-0.77806234,2.909932,2.6383414,2,1000.0,1000.0,1000.0,1000.0
649286186,-0.04375561,5.396289,7.2854457,-0.77806234,2.909932,2.6383414,2,1000.0,1000.0,1000.0,1000.0
649291210,-0.066496536,5.3445754,7.223431,-0.77806234,2.909932,2.6383414,2,1000.0,1000.0,1000.0,1000.0
649296189,-0.11405976,5.3628616,7.179416,-0.77806234,2.909932,2.6383414,2,1000.0,1000.0,1000.0,1000.0
649301187,-0.13148275,5.4676757,7.1502237,-0.77806234,2.909932,2.6383414,2,1000.0,1000.0,1000.0,1000.0
649306211,-0.15385659,5.56533,7.1642733,-0.77806234,2.909932,2.6383414,2,1000.0,1000.0,1000.0,1000.0
649311188,-0.14386132,5.653241,7.2254586,-0.77806234,2.909932,2.6383414,2,1000.0,1000.0,1000.0,1000.0
649316187,-0.13785245,5.6881466,7.3600864,-0.77806234,2.909932,2.6383414,2,1000.0,1000.0,1000.0,1000.0
649321211,-0.108371355,5.753557,7.4636946,-0.77806234,2.909932,2.6383414,2,1000.0,1000.0,1000.0,1000.0
649326188,-0.06835228,5.9036417,7.5364213,-0.77806234,2.909932,2.6383414,2,1000.0,1000.0,1000.0,1000.0
649331187,-0.034361985,6.084312,7.6479053,-0.77806234,2.909932,2.6383414,2,1000.0,1000.0,1000.0,1000.0
649336211,-0.0062541426,6.23461,7.767402,-0.77806234,2.909932,2.6383414,2,1000.0,1000.0,1000.0,1000.0
649341188,0.065839745,6.390571,7.8826723,-0.77806234,2.909932,2.6383414,2,1000.0,1000.0,1000.0,1000.0
649346187,0.120449536,6.5059166,8.032441,-0.77806234,2.909932,2.6383414,2,1000.0,1000.0,1000.0,1000.0
649351210,0.21387441,6.5935755,8.133193,-0.77806234,2.909932,2.6383414,2,1000.0,1000.0,1000.0,1000.0
649356188,0.29818848,6.6405473,8.20558,-0.77806234,2.909932,2.6383414,2,1000.0,1000.0,1000.0,1000.0
649361186,0.36316925,6.6807485,8.202833,-0.77806234,2.909932,2.6383414,2,1000.0,1000.0,1000.0,1000.0
649366211,0.4251071,6.7202487,8.18303,-0.77806234,2.909932,2.6383414,2,1000.0,1000.0,1000.0,1000.0
649371188,0.48457044,6.77654,8.158993,-0.77806234,2.909932,2.6383414,2,1000.0,1000.0,1000.0,1000.0
649376187,0.54068583,6.7618103,8.154501,-0.7609467,2.885849,2.6882524,2,1000.0,1000.0,1000.0,1000.0
649381211,0.60442346,6.6976643,8.129128,-0.7609467,2.885849,2.6882524,2,1000.0,1000.0,1000.0,1000.0
649386188,0.6833295,6.58241,8.059047,-0.7609467,2.885849,2.6882524,2,1000.0,1000.0,1000.0,1000.0
649391187,0.7200184,6.48026,7.9334183,-0.7609467,2.885849,2.6882524,2,1000.0,1000.0,1000.0,1000.0
649396211,0.7642918,6.3803973,7.795981,-0.7609467,2.885849,2.6882524,2,1000.0,1000.0,1000.0,1000.0
649401188,0.7703926,6.313654,7.61414,-0.7609467,2.885849,2.6882524,2,1000.0,1000.0,1000.0,1000.0
649406187,0.77757907,6.248814,7.542888,-0.7609467,2.885849,2.6882524,2,1000.0,1000.0,1000.0,1000.0
649411211,0.7529353,6.1618476,7.4871845,-0.7609467,2.885849,2.6882524,2,1000.0,1000.0,1000.0,1000.0
649416191,0.7765047,6.0900126,7.4794335,-0.7609467,2.885849,2.6882524,2,1000.0,1000.0,1000.0,1000.0
649421186,0.7435533,5.974588,7.374407,-0.7609467,2.885849,2.6882524,2,1000.0,1000.0,1000.0,1000.0
649426212,0.70246273,5.9103546,7.313185,-0.7609467,2.885849,2.6882524,2,1000.0,1000.0,1000.0,1000.0
649431188,0.66585547,5.833915,7.281351,-0.7609467,2.885849,2.6882524,2,1000.0,1000.0,1000.0,1000.0
649436187,0.5835229,5.833492,7.2826676,-0.7609467,2.885849,2.6882524,2,1000.0,1000.0,1000.0,1000.0
649441211,0.5209465,5.867331,7.3308516,-0.7609467,2.885849,2.6882524,2,1000.0,1000.0,1000.0,1000.0
649446188,0.436286,5.894931,7.4125204,-0.7609467,2.885849,2.6882524,2,1000.0,1000.0,1000.0,1000.0
649451187,0.3437689,5.9462595,7.509432,-0.7609467,2.885849,2.6882524,2,1000.0,1000.0,1000.0,1000.0
649456211,0.26934358,5.969566,7.572542,-0.7609467,2.885849,2.6882524,2,1000.0,1000.0,1000.0,1000.0
649461190,0.19424,5.959439,7.664651,-0.7609467,2.885849,2.6882524,2,1000.0,1000.0,1000.0,1000.0
649466186,0.124264136,6.033181,7.7671795,-0.748863,2.8657672,2.7325332,2,1000.0,1000.0,1000.0,1000.0
649471211,0.03892714,6.0876594,7.867418,-0.748863,2.8657672,2.7325332,2,1000.0,1000.0,1000.0,1000.0
649476188,-0.0401972,6.173627,7.983903,-0.748863,2.8657672,2.7325332,2,1000.0,1000.0,1000.0,1000.0
649481187,-0.14017186,6.2567716,8.064619,-0.748863,2.8657672,2.7325332,2,1000.0,1000.0,1000.0,1000.0
649486211,-0.17106457,6.22451,8.0781765,-0.748863,2.8657672,2.7325332,2,1000.0,1000.0,1000.0,1000.0
649491188,-0.22619489,6.2227817,8.116894,-0.748863,2.8657672,2.7325332,2,1000.0,1000.0,1000.0,1000.0
649496187,-0.2402554,6.1631675,8.139732,-0.748863,2.8657672,2.7325332,2,1000.0,1000.0,1000.0,1000.0
649501211,-0.24520156,6.129993,8.127129,-0.748863,2.8657672,2.7325332,2,1000.0,1000.0,1000.0,1000.0
649506188,-0.2682416,6.10021,8.086692,-0.748863,2.8657672,2.7325332,2,1000.0,1000.0,1000.0,1000.0
649511186,-0.27878138,6.0846343,8.008254,-0.748863,2.8657672,2.7325332,2,1000.0,1000.0,1000.0,1000.0
649516211,-0.29666418,6.0276484,7.947326,-0.748863,2.8657672,2.7325332,2,1000.0,1000.0,1000.0,1000.0
649521188,-0.26309288,5.968137,7.8803096,-0.748863,2.8657672,2.7325332,2,1000.0,1000.0,1000.0,1000.0
649526187,-0.1858536,5.8477507,7.783656,-0.748863,2.8657672,2.7325332,2,1000.0,1000.0,1000.0,1000.0
649531211,-0.13519634,5.7317257,7.680971,-0.748863,2.8657672,2.7325332,2,1000.0,1000.0,1000.0,1000.0
649536188,-0.097578414,5.6839104,7.6049485,-0.748863,2.8657672,2.7325332,2,1000.0,1000.0,1000.0,1000.0
649541187,-0.026117865,5.62361,7.5028906,-0.748863,2.8657672,2.7325332,2,1000.0,1000.0,1000.0,1000.0
649546211,-0.0058555705,5.6248555,7.395026,-0.748863,2.8657672,2.7325332,2,1000.0,1000.0,1000.0,1000.0
649551188,0.060187466,5.649789,7.352157,-0.748863,2.8657672,2.7325332,2,1000.0,1000.0,1000.0,1000.0
649556187,0.16401249,5.6251507,7.360559,-0.748863,2.8657672,2.7325332,2,1000.0,1000.0,1000.0,1000.0
649561211,0.24280332,5.590378,7.3837013,-0.748863,2.8657672,2.7325332,2,1000.0,1000.0,1000.0,1000.0
649566188,0.32764634,5.603221,7.367163,-0.748863,2.8657672,2.7325332,2,1000.0,1000.0,1000.0,1000.0
649571187,0.3770845,5.67132,7.377011,-0.748863,2.8657672,2.7325332,2,1000.0,1000.0,1000.0,1000.0
649576211,0.44028237,5.7792516,7.4018373,-0.73781824,2.8386562,2.791318,2,1000.0,1000.0,1000.0,1000.0
649581188,0.48324162,5.911642,7.5260625,-0.73781824,2.8386562,2.791318,2,1000.0,1000.0,1000.0,1000.0
649586187,0.5271114,6.019909,7.650078,-0.73781824,2.8386562,2.791318,2,1000.0,1000.0,1000.0,1000.0
649591211,0.5851638,6.129621,7.7578297,-0.73781824,2.8386562,2.791318,2,1000.0,1000.0,1000.0,1000.0
649596188,0.60988855,6.1950583,7.8563957,-0.73781824,2.8386562,2.791318,2,1000.0,1000.0,1000.0,1000.0
649601187,0.6423669,6.2607555,7.927069,-0.73781824,2.8386562,2.791318,2,1000.0,1000.0,1000.0,1000.0
649606210,0.66004115,6.3308463,7.987097,-0.73781824,2.8386562,2.791318,2,1000.0,1000.0,1000.0,1000.0
649611188,0.6292738,6.4353046,8.04696,-0.73781824,2.8386562,2.791318,2,1000.0,1000.0,1000.0,1000.0
649612731,0.6716551,6.4267187,8.124026,-0.73781824,2.8386562,2.791318,2,1000.0,1000.0,1000.0,1000.0
649617729,0.66753757,6.481558,8.150748,-0.73781824,2.8386562,2.791318,2,1000.0,1000.0,1000.0,1000.0
649622730,0.6313636,6.5476775,8.175387,-0.73781824,2.8386562,2.791318,2,1000.0,1000.0,1000.0,1000.0
649627773,0.58741236,6.5942364,8.18199,-0.73781824,2.8386562,2.791318,2,1000.0,1000.0,1000.0,1000.0
649632730,0.5604153,6.616764,8.191858,-0.73781824,2.8386562,2.791318,2,1000.0,1000.0,1000.0,1000.0
649637730,0.529754,6.5963054,8.173913,-0.73781824,2.8386562,2.791318,2,1000.0,1000.0,1000.0,1000.0
649642729,0.5002597,6.50801,8.091779,-0.73781824,2.8386562,2.791318,2,1000.0,1000.0,1000.0,1000.0
649647730,0.46906963,6.4327273,7.9884744,-0.73781824,2.8386562,2.791318,2,1000.0,1000.0,1000.0,1000.0
649652730,0.4156851,6.356177,7.907176,-0.73781824,2.8386562,2.791318,2,1000.0,1000.0,1000.0,1000.0
649657730,0.35837787,6.3086324,7.8159943,-0.73781824,2.8386562,2.791318,2,1000.0,1000.0,1000.0,1000.0
649662774,0.28882998,6.244752,7.742683,-0.73781824,2.8386562,2.791318,2,1000.0,1000.0,1000.0,1000.0
649667730,0.2422806,6.18398,7.650087,-0.8437547,2.7830062,-0.19792034,2,1000.0,1000.0,1000.0,1000.0
649672729,0.21660678,6.0764046,7.557876,-0.8437547,2.7830062,-0.19792034,2,1000.0,1000.0,1000.0,1000.0
649677730,0.18372962,5.9317703,7.474725,-0.8437547,2.7830062,-0.19792034,2,1000.0,1000.0,1000.0,1000.0
649682729,0.1593044,5.8479915,7.403984,-0.8437547,2.7830062,-0.19792034,2,1000.0,1000.0,1000.0,1000.0
649687729,0.14240362,5.796864,7.4033246,-0.8437547,2.7830062,-0.19792034,2,1000.0,1000.0,1000.0,1000.0
649692729,0.11208318,5.773852,7.3903656,-0.8437547,2.7830062,-0.19792034,2,1000.0,1000.0,1000.0,1000.0
649697774,0.074606344,5.7833567,7.4078794,-0.8437547,2.7830062,-0.19792034,2,1000.0,1000.0,1000.0,1000.0
649702730,0.054629367,5.7927775,7.444315,-0.8437547,2.7830062,-0.19792034,2,1000.0,1000.0,1000.0,1000.0
649707730,0.052546658,5.7657347,7.4998155,-0.8437547,2.7830062,-0.19792034,2,1000.0,1000.0,1000.0,1000.0
649712729,0.05989871,5.730406,7.5866323,-0.8437547,2.7830062,-0.19792034,2,1000.0,1000.0,1000.0,1000.0
649717729,0.069610626,5.7152057,7.6466126,-0.8437547,2.7830062,-0.19792034,2,1000.0,1000.0,1000.0,1000.0
649722730,0.081608914,5.7545185,7.745694,-0.8437547,2.7830062,-0.19792034,2,1000.0,1000.0,1000.0,1000.0
649727729,0.05493961,5.8206754,7.833093,-0.8437547,2.7830062,-0.19792034,2,1000.0,1000.0,1000.0,1000.0
649732773,0.02240364,5.900451,7.8935513,-0.8437547,2.7830062,-0.19792034,2,1000.0,1000.0,1000.0,1000.0
649737729,0.04149139,5.9465194,7.9591627,-0.8437547,2.7830062,-0.19792034,2,1000.0,1000.0,1000.0,1000.0
649742729,0.062383704,5.9352627,8.060132,-0.8437547,2.7830062,-0.19792034,2,1000.0,1000.0,1000.0,1000.0
649747729,0.09144979,5.9061723,8.113975,-0.8437547,2.7830062,-0.19792034,2,1000.0,1000.0,1000.0,1000.0
649752729,0.12299952,5.916782,8.1406765,-0.8437547,2.7830062,-0.19792034,2,1000.0,1000.0,1000.0,1000.0
649757729,0.09739626,5.9281197,8.1216955,-0.8437547,2.7830062,-0.19792034,2,1000.0,1000.0,1000.0,1000.0
649762729,0.09722271,5.9513707,8.086781,-0.8437547,2.7830062,-0.19792034,2,1000.0,1000.0,1000.0,1000.0
649767774,0.059734598,5.968769,8.06204,-0.8304141,2.75994,-0.20313185,2,1000.0,1000.0,1000.0,1000.0
649772729,0.09024153,5.946998,8.01377,-0.8304141,2.75994,-0.20313185,2,1000.0,1000.0,1000.0,1000.0
649777729,0.10821527,5.8839083,7.97126,-0.8304141,2.75994,-0.20313185,2,1000.0,1000.0,1000.0,1000.0
649782730,0.11897048,5.8276224,7.9138308,-0.8304141,2.75994,-0.20313185,2,1000.0,1000.0,1000.0,1000.0
649787729,0.1117663,5.7569222,7.7985654,-0.8304141,2.75994,-0.20313185,2,1000.0,1000.0,1000.0,1000.0
649792730,0.1148913,5.7552996,7.683841,-0.8304141,2.75994,-0.20313185,2,1000.0,1000.0,1000.0,1000.0
649797729,0.08978102,5.768815,7.5894485,-0.8304141,2.75994,-0.20313185,2,1000.0,1000.0,1000.0,1000.0
649802774,0.073670216,5.772376,7.5313435,-0.8304141,2.75994,-0.20313185,2,1000.0,1000.0,1000.0,1000.0
649807730,0.103532255,5.7920866,7.51457,-0.8304141,2.75994,-0.20313185,2,1000.0,1000.0,1000.0,1000.0
649812729,0.120934494,5.7576547,7.4909186,-0.8304141,2.75994,-0.20313185,2,1000.0,1000.0,1000.0,1000.0
649817730,0.15043245,5.7378993,7.4654555,-0.8304141,2.75994,-0.20313185,2,1000.0,1000.0,1000.0,1000.0
649822729,0.16065793,5.749458,7.4161534,-0.8304141,2.75994,-0.20313185,2,1000.0,1000.0,1000.0,1000.0
649827730,0.16400042,5.82108,7.3834987,-0.8304141,2.75994,-0.20313185,2,1000.0,1000.0,1000.0,1000.0
649832729,0.16132115,5.920438,7.415234,-0.8304141,2.75994,-0.20313185,2,1000.0,1000.0,1000.0,1000.0
649837774,0.18294406,6.014715,7.5086737,-0.8304141,2.75994,-0.20313185,2,1000.0,1000.0,1000.0,1000.0
649842730,0.22860494,6.0975037,7.5984583,-0.8304141,2.75994,-0.20313185,2,1000.0,1000.0,1000.0,1000.0
649847730,0.23257239,6.172954,7.665682,-0.8304141,2.75994,-0.20313185,2,1000.0,1000.0,1000.0,1000.0
649852729,0.2796944,6.2137823,7.7354054,-0.8304141,2.75994,-0.20313185,2,1000.0,1000.0,1000.0,1000.0
649857730,0.3247091,6.292877,7.77344,-0.8304141,2.75994,-0.20313185,2,1000.0,1000.0,1000.0,1000.0
649862729,0.36910012,6.3602777,7.861692,-0.8304141,2.75994,-0.20313185,2,1000.0,1000.0,1000.0,1000.0
649867729,0.3893808,6.4413123,7.9655657,-0.81999946,2.7353141,-0.20768026,2,1000.0,1000.0,1000.0,1000.0
649872773,0.41354162,6.5547667,8.052379,-0.81999946,2.7353141,-0.20768026,2,1000.0,1000.0,1000.0,1000.0
649877730,0.43554503,6.594189,8.0907,-0.81999946,2.7353141,-0.20768026,2,1000.0,1000.0,1000.0,1000.0
649882729,0.48808327,6.56445,8.102603,-0.81999946,2.7353141,-0.20768026,2,1000.0,1000.0,1000.0,1000.0
649887730,0.51166475,6.528366,8.094565,-0.81999946,2.7353141,-0.20768026,2,1000.0,1000.0,1000.0,1000.0
649892729,0.537193,6.4694676,8.077914,-0.81999946,2.7353141,-0.20768026,2,1000.0,1000.0,1000.0,1000.0
649897729,0.5555194,6.4522877,8.04616,-0.81999946,2.7353141,-0.20768026,2,1000.0,1000.0,1000.0,1000.0
649902730,0.55018425,6.450348,7.997648,-0.81999946,2.7353141,-0.20768026,2,1000.0,1000.0,1000.0,1000.0
649907773,0.5537646,6.393325,7.9477563,-0.81999946,2.7353141,-0.20768026,2,1000.0,1000.0,1000.0,1000.0
649912730,0.52450305,6.3368015,7.8875203,-0.81999946,2.7353141,-0.20768026,2,1000.0,1000.0,1000.0,1000.0
649917730,0.5444875,6.186144,7.818573,-0.81999946,2.7353141,-0.20768026,2,1000.0,1000.0,1000.0,1000.0
649922730,0.5537448,6.042774,7.7370563,-0.81999946,2.7353141,-0.20768026,2,1000.0,1000.0,1000.0,1000.0
649927730,0.5290541,5.965472,7.652986,-0.81999946,2.7353141,-0.20768026,2,1000.0,1000.0,1000.0,1000.0
649932729,0.4727465,5.906145,7.597034,-0.81999946,2.7353141,-0.20768026,2,1000.0,1000.0,1000.0,1000.0
649937729,0.4049109,5.8736343,7.5112844,-0.81999946,2.7353141,-0.20768026,2,1000.0,1000.0,1000.0,1000.0
649942774,0.36212057,5.816056,7.463361,-0.81999946,2.7353141,-0.20768026,2,1000.0,1000.0,1000.0,1000.0
649947730,0.29800293,5.7883754,7.403761,-0.81999946,2.7353141,-0.20768026,2,1000.0,1000.0,1000.0,1000.0
649952730,0.2699371,5.7286115,7.422217,-0.81999946,2.7353141,-0.20768026,2,1000.0,1000.0,1000.0,1000.0
649957729,0.22592479,5.6654253,7.458721,-0.81999946,2.7353141,-0.20768026,2,1000.0,1000.0,1000.0,1000.0
649962729,0.16947407,5.639465,7.48206,-0.81999946,2.7353141,-0.20768026,2,1000.0,1000.0,1000.0,1000.0
649967730,0.08375914,5.6681323,7.5085626,-0.8093834,2.710862,-0.21396127,2,1000.0,1000.0,1000.0,1000.0
649972729,-0.0053866985,5.725939,7.520116,-0.8093834,2.710862,-0.21396127,2,1000.0,1000.0,1000.0,1000.0
649977774,-0.06316812,5.787367,7.6225257,-0.8093834,2.710862,-0.21396127,2,1000.0,1000.0,1000.0,1000.0
649982729,-0.10708257,5.8269124,7.6934843,-0.8093834,2.710862,-0.21396127,2,1000.0,1000.0,1000.0,1000.0
649987730,-0.13075522,5.8362355,7.7652526,-0.8093834,2.710862,-0.21396127,2,1000.0,1000.0,1000.0,1000.0
649992729,-0.12626275,5.86453,7.8573713,-0.8093834,2.710862,-0.21396127,2,1000.0,1000.0,1000.0,1000.0
649997730,-0.16828752,5.9080305,7.8999343,-0.8093834,2.710862,-0.21396127,2,1000.0,1000.0,1000.0,1000.0
650002729,-0.19364527,5.9495068,7.9137926,-0.8093834,2.710862,-0.21396127,2,1000.0,1000.0,1000.0,1000.0
650007729,-0.23933807,6.0266876,7.948082,-0.8093834,2.710862,-0.21396127,2,1000.0,1000.0,1000.0,1000.0
650012774,-0.21666156,6.091343,8.011248,-0.8093834,2.710862,-0.21396127,2,1000.0,1000.0,1000.0,1000.0
650017730,-0.21016295,6.102871,8.060449,-0.8093834,2.710862,-0.21396127,2,1000.0,1000.0,1000.0,1000.0
650022729,-0.17422561,6.074418,8.031775,-0.8093834,2.710862,-0.21396127,2,1000.0,1000.0,1000.0,1000.0
650027729,-0.11759163,6.02865,8.000296,-0.8093834,2.710862,-0.21396127,2,1000.0,1000.0,1000.0,1000.0
650032730,-0.08257551,6.04576,7.915447,-0.8093834,2.710862,-0.21396127,2,1000.0,1000.0,1000.0,1000.0
650037730,-0.05742,6.0202513,7.8638167,-0.8093834,2.710862,-0.21396127,2,1000.0,1000.0,1000.0,1000.0
650042729,-0.02183281,6.0162654,7.80959,-0.8093834,2.710862,-0.21396127,2,1000.0,1000.0,1000.0,1000.0
650047773,0.030467909,6.028156,7.7605596,-0.8093834,2.710862,-0.21396127,2,1000.0,1000.0,1000.0,1000.0
650052729,0.09775258,5.99225,7.7051034,-0.8093834,2.710862,-0.21396127,2,1000.0,1000.0,1000.0,1000.0
650057730,0.16705768,5.953542,7.6460075,-0.8093834,2.710862,-0.21396127,2,1000.0,1000.0,1000.0,1000.0
650062729,0.2463757,5.869526,7.562322,-0.8093834,2.710862,-0.21396127,2,1000.0,1000.0,1000.0,1000.0
650067729,0.3171887,5.8521824,7.479209,-0.8002937,2.6858742,-0.2191961,2,1000.0,1000.0,1000.0,1000.0
650072729,0.36285982,5.890217,7.4681125,-0.8002937,2.6858742,-0.2191961,2,1000.0,1000.0,1000.0,1000.0
650077729,0.41904616,5.9290056,7.4666104,-0.8002937,2.6858742,-0.2191961,2,1000.0,1000.0,1000.0,1000.0
650082775,0.47029316,5.972445,7.488613,-0.8002937,2.6858742,-0.2191961,2,1000.0,1000.0,1000.0,1000.0
650087730,0.5237417,5.9868503,7.50896,-0.8002937,2.6858742,-0.2191961,2,1000.0,1000.0,1000.0,1000.0
650092729,0.58959186,5.982204,7.515136,-0.8002937,2.6858742,-0.2191961,2,1000.0,1000.0,1000.0,1000.0
650097730,0.6088516,6.0112586,7.5194182,-0.8002937,2.6858742,-0.2191961,2,1000.0,1000.0,1000.0,1000.0
650102730,0.639278,6.0706043,7.5918493,-0.8002937,2.6858742,-0.2191961,2,1000.0,1000.0,1000.0,1000.0
650107729,0.6286957,6.1425138,7.660574,-0.8002937,2.6858742,-0.2191961,2,1000.0,1000.0,1000.0,1000.0
650112729,0.61844873,6.2472506,7.762427,-0.8002937,2.6858742,-0.2191961,2,1000.0,1000.0,1000.0,1000.0
650117774,0.63131857,6.34161,7.835322,-0.8002937,2.6858742,-0.2191961,2,1000.0,1000.0,1000.0,1000.0
650122729,0.6183917,6.380896,7.895346,-0.8002937,2.6858742,-0.2191961,2,1000.0,1000.0,1000.0,1000.0
650127729,0.60416937,6.3816376,7.9525695,-0.8002937,2.6858742,-0.2191961,2,1000.0,1000.0,1000.0,1000.0
650132730,0.60292464,6.3599415,8.02418,-0.8002937,2.6858742,-0.2191961,2,1000.0,1000.0,1000.0,1000.0
650137729,0.53989786,6.3872857,8.055327,-0.8002937,2.6858742,-0.2191961,2,1000.0,1000.0,1000.0,1000.0
650142729,0.48923618,6.4087057,8.086263,-0.8002937,2.6858742,-0.2191961,2,1000.0,1000.0,1000.0,1000.0
650147730,0.42599204,6.446419,8.063888,-0.8002937,2.6858742,-0.2191961,2,1000.0,1000.0,1000.0,1000.0
650152774,0.35578954,6.4469223,8.03532,-0.8002937,2.6858742,-0.2191961,2,1000.0,1000.0,1000.0,1000.0
650157730,0.31632274,6.393904,8.013758,-0.8002937,2.6858742,-0.2191961,2,1000.0,1000.0,1000.0,1000.0
650162729,0.28344706,6.305908,7.988083,-0.8002937,2.6858742,-0.2191961,2,1000.0,1000.0,1000.0,1000.0
650167730,0.24852616,6.1879215,7.9212685,-0.7917589,2.6611376,-0.22471215,2,1000.0,1000.0,1000.0,1000.0
650172730,0.19395338,6.107309,7.8659544,-0.7917589,2.6611376,-0.22471215,2,1000.0,1000.0,1000.0,1000.0
650177730,0.13929647,6.073905,7.789593,-0.7917589,2.6611376,-0.22471215,2,1000.0,1000.0,1000.0,1000.0
650182729,0.07556363,6.046308,7.7148476,-0.7917589,2.6611376,-0.22471215,2,1000.0,1000.0,1000.0,1000.0
650187774,0.03119099,5.951244,7.6304197,-0.7917589,2.6611376,-0.22471215,2,1000.0,1000.0,1000.0,1000.0
650192729,0.0020911987,5.8803067,7.5893946,-0.7917589,2.6611376,-0.22471215,2,1000.0,1000.0,1000.0,1000.0
650197730,-0.018114705,5.7658076,7.550098,-0.7917589,2.6611376,-0.22471215,2,1000.0,1000.0,1000.0,1000.0
650202730,-0.015610881,5.6853533,7.5078278,-0.7917589,2.6611376,-0.22471215,2,1000.0,1000.0,1000.0,1000.0
650207730,-0.04269855,5.649385,7.478416,-0.7917589,2.6611376,-0.22471215,2,1000.0,1000.0,1000.0,1000.0
650212730,-0.05663447,5.6305146,7.421911,-0.7917589,2.6611376,-0.22471215,2,1000.0,1000.0,1000.0,1000.0
650217729,-0.073620014,5.6585727,7.443013,-0.7917589,2.6611376,-0.22471215,2,1000.0,1000.0,1000.0,1000.0
650222774,-0.08282052,5.6791625,7.478024,-0.7917589,2.6611376,-0.22471215,2,1000.0,1000.0,1000.0,1000.0
650227730,-0.04450191,5.6789794,7.5739293,-0.7917589,2.6611376,-0.22471215,2,1000.0,1000.0,1000.0,1000.0
650232729,-0.023275843,5.6706123,7.648351,-0.7917589,2.6611376,-0.22471215,2,1000.0,1000.0,1000.0,1000.0
650237729,0.008828996,5.6590776,7.6797748,-0.7917589,2.6611376,-0.22471215,2,1000.0,1000.0,1000.0,1000.0
650242729,0.022522753,5.7100825,7.721714,-0.7917589,2.6611376,-0.22471215,2,1000.0,1000.0,1000.0,1000.0
650247730,0.042608257,5.788944,7.772821,-0.7917589,2.6611376,-0.22471215,2,1000.0,1000.0,1000.0,1000.0
650252729,0.061264083,5.8838997,7.8447013,-0.7917589,2.6611376,-0.22471215,2,1000.0,1000.0,1000.0,1000.0
650257774,0.08467018,5.948993,7.9333005,-0.7917589,2.6611376,-0.22471215,2,1000.0,1000.0,1000.0,1000.0
650262729,0.12273842,5.978373,8.007825,-0.7917589,2.6611376,-0.22471215,2,1000.0,1000.0,1000.0,1000.0
650267729,0.16646875,5.988169,8.030959,-0.7829705,2.6373029,-0.23112057,2,1000.0,1000.0,1000.0,1000.0
650272730,0.20276695,5.9744306,8.012356,-0.7829705,2.6373029,-0.23112057,2,1000.0,1000.0,1000.0,1000.0
650277729,0.2218696,6.01241,8.00809,-0.7829705,2.6373029,-0.23112057,2,1000.0,1000.0,1000.0,1000.0
650282730,0.21289027,6.0852103,8.0323305,-0.7829705,2.6373029,-0.23112057,2,1000.0,1000.0,1000.0,1000.0
650287729,0.23661716,6.1198206,8.032084,-0.7829705,2.6373029,-0.23112057,2,1000.0,1000.0,1000.0,1000.0
650292773,0.284598,6.106311,8.002449,-0.7829705,2.6373029,-0.23112057,2,1000.0,1000.0,1000.0,1000.0
650297729,0.27973995,6.107774,7.9644036,-0.7829705,2.6373029,-0.23112057,2,1000.0,1000.0,1000.0,1000.0
650302730,0.30214897,6.0369115,7.8684783,-0.7829705,2.6373029,-0.23112057,2,1000.0,1000.0,1000.0,1000.0
650307729,0.31786808,6.0085497,7.7932544,-0.7829705,2.6373029,-0.23112057,2,1000.0,1000.0,1000.0,1000.0
650312729,0.3308561,5.9758086,7.6926827,-0.7829705,2.6373029,-0.23112057,2,1000.0,1000.0,1000.0,1000.0
650317730,0.32876012,5.9886074,7.653479,-0.7829705,2.6373029,-0.23112057,2,1000.0,1000.0,1000.0,1000.0
650322729,0.3136225,6.0432453,7.618741,-0.7829705,2.6373029,-0.23112057,2,1000.0,1000.0,1000.0,1000.0
650327774,0.30246475,6.0620327,7.575869,-0.7829705,2.6373029,-0.23112057,2,1000.0,1000.0,1000.0,1000.0
650332729,0.32233334,6.0170417,7.5187283,-0.7829705,2.6373029,-0.23112057,2,1000.0,1000.0,1000.0,1000.0
650337729,0.32805023,5.98838,7.4892135,-0.7829705,2.6373029,-0.23112057,2,1000.0,1000.0,1000.0,1000.0
650342729,0.35902548,5.983851,7.4903555,-0.7829705,2.6373029,-0.23112057,2,1000.0,1000.0,1000.0,1000.0
650347729,0.3618258,6.0032325,7.534373,-0.7829705,2.6373029,-0.23112057,2,1000.0,1000.0,1000.0,1000.0
650352729,0.33162364,6.062404,7.5487547,-0.7829705,2.6373029,-0.23112057,2,1000.0,1000.0,1000.0,1000.0
650357729,0.32673183,6.149412,7.5577297,-0.7829705,2.6373029,-0.23112057,2,1000.0,1000.0,1000.0,1000.0
650362773,0.32101265,6.2102723,7.625616,-0.7829705,2.6373029,-0.23112057,2,1000.0,1000.0,1000.0,1000.0
650367729,0.32000455,6.217511,7.6914268,-0.7752094,2.6137466,-0.23741685,2,1000.0,1000.0,1000.0,1000.0
650372730,0.36058614,6.212695,7.753488,-0.7752094,2.6137466,-0.23741685,2,1000.0,1000.0,1000.0,1000.0
650377729,0.3631783,6.218431,7.8378544,-0.7752094,2.6137466,-0.23741685,2,1000.0,1000.0,1000.0,1000.0
650382729,0.35718626,6.282944,7.9065347,-0.7752094,2.6137466,-0.23741685,2,1000.0,1000.0,1000.0,1000.0
650387729,0.33661485,6.345965,7.947906,-0.7752094,2.6137466,-0.23741685,2,1000.0,1000.0,1000.0,1000.0
650392729,0.34114274,6.383704,7.9807653,-0.7752094,2.6137466,-0.23741685,2,1000.0,1000.0,1000.0,1000.0
650397774,0.3366724,6.369042,7.9916706,-0.7752094,2.6137466,-0.23741685,2,1000.0,1000.0,1000.0,1000.0
650402730,0.35689446,6.3361864,8.031072,-0.7752094,2.6137466,-0.23741685,2,1000.0,1000.0,1000.0,1000.0
650407729,0.36581498,6.2674875,8.056936,-0.7752094,2.6137466,-0.23741685,2,1000.0,1000.0,1000.0,1000.0
650412730,0.37333044,6.213343,8.026299,-0.7752094,2.6137466,-0.23741685,2,1000.0,1000.0,1000.0,1000.0
650417729,0.3361813,6.165686,7.9833717,-0.7752094,2.6137466,-0.23741685,2,1000.0,1000.0,1000.0,1000.0
650422730,0.30119783,6.1519876,7.9094477,-0.7752094,2.6137466,-0.23741685,2,1000.0,1000.0,1000.0,1000.0
650427729,0.28739303,6.130179,7.847294,-0.7752094,2.6137466,-0.23741685,2,1000.0,1000.0,1000.0,1000.0
650432774,0.26596853,6.0438685,7.833358,-0.7752094,2.6137466,-0.23741685,2,1000.0,1000.0,1000.0,1000.0
650437729,0.24194242,5.945978,7.784028,-0.7752094,2.6137466,-0.23741685,2,1000.0,1000.0,1000.0,1000.0
650442729,0.25191507,5.8428392,7.7338576,-0.7752094,2.6137466,-0.23741685,2,1000.0,1000.0,1000.0,1000.0
650447730,0.22614753,5.756851,7.65813,-0.7752094,2.6137466,-0.23741685,2,1000.0,1000.0,1000.0,1000.0
650452729,0.18711144,5.7212186,7.584294,-0.7752094,2.6137466,-0.23741685,2,1000.0,1000.0,1000.0,1000.0
650457730,0.14514592,5.703328,7.515708,-0.7752094,2.6137466,-0.23741685,2,1000.0,1000.0,1000.0,1000.0
650462729,0.09924231,5.697099,7.474665,-0.7752094,2.6137466,-0.23741685,2,1000.0,1000.0,1000.0,1000.0
650467773,0.073448874,5.6833386,7.521901,-0.767124,2.5918484,-0.16010153,2,1000.0,1000.0,1000.0,1000.0
650472729,0.070629336,5.636697,7.540537,-0.767124,2.5918484,-0.16010153,2,1000.0,1000.0,1000.0,1000.0
650477729,0.055319358,5.6035557,7.5261817,-0.767124,2.5918484,-0.16010153,2,1000.0,1000.0,1000.0,1000.0
650482729,0.023968967,5.618981,7.5211644,-0.767124,2.5918484,-0.16010153,2,1000.0,1000.0,1000.0,1000.0
650487730,0.0028261445,5.663927,7.531343,-0.767124,2.5918484,-0.16010153,2,1000.0,1000.0,1000.0,1000.0
650492730,-0.027428718,5.761383,7.5923314,-0.767124,2.5918484,-0.16010153,2,1000.0,1000.0,1000.0,1000.0
650497729,-0.04703204,5.831416,7.6955576,-0.767124,2.5918484,-0.16010153,2,1000.0,1000.0,1000.0,1000.0
650502774,-0.042249136,5.9111075,7.766001,-0.767124,2.5918484,-0.16010153,2,1000.0,1000.0,1000.0,1000.0
650507729,-0.03022294,5.954187,7.841807,-0.767124,2.5918484,-0.16010153,2,1000.0,1000.0,1000.0,1000.0
650512729,-0.044019233,5.9671493,7.8656883,-0.767124,2.5918484,-0.16010153,2,1000.0,1000.0,1000.0,1000.0
650517730,0.0019032507,6.0047407,7.8774233,-0.767124,2.5918484,-0.16010153,2,1000.0,1000.0,1000.0,1000.0
650522729,0.018532833,6.0675187,7.9213853,-0.767124,2.5918484,-0.16010153,2,1000.0,1000.0,1000.0,1000.0
650527730,0.008448764,6.143067,7.9381714,-0.767124,2.5918484,-0.16010153,2,1000.0,1000.0,1000.0,1000.0
650532729,0.026231794,6.237649,8.0189705,-0.767124,2.5918484,-0.16010153,2,1000.0,1000.0,1000.0,1000.0
650537773,0.06320889,6.2575445,8.010615,-0.767124,2.5918484,-0.16010153,2,1000.0,1000.0,1000.0,1000.0
650542729,0.10163723,6.230308,7.97166,-0.767124,2.5918484,-0.16010153,2,1000.0,1000.0,1000.0,1000.0
650547729,0.1567301,6.192792,7.9196305,-0.767124,2.5918484,-0.16010153,2,1000.0,1000.0,1000.0,1000.0
650552729,0.21030481,6.147829,7.8980675,-0.767124,2.5918484,-0.16010153,2,1000.0,1000.0,1000.0,1000.0
650557730,0.25115785,6.162781,7.886444,-0.767124,2.5918484,-0.16010153,2,1000.0,1000.0,1000.0,1000.0
650562730,0.28657904,6.1947536,7.837232,-0.767124,2.5918484,-0.16010153,2,1000.0,1000.0,1000.0,1000.0
650567729,0.31199795,6.211353,7.756544,-0.76295555,2.5711823,0.18921237,2,1000.0,1000.0,1000.0,1000.0
650572773,0.36273506,6.152884,7.69603,-0.76295555,2.5711823,0.18921237,2,1000.0,1000.0,1000.0,1000.0
650577730,0.4084005,6.0993633,7.6169496,-0.76295555,2.5711823,0.18921237,2,1000.0,1000.0,1000.0,1000.0
650582729,0.46818265,6.028759,7.5912185,-0.76295555,2.5711823,0.18921237,2,1000.0,1000.0,1000.0,1000.0
650587730,0.50900674,6.0075164,7.552362,-0.76295555,2.5711823,0.18921237,2,1000.0,1000.0,1000.0,1000.0
650592729,0.51853096,6.0263395,7.5461287,-0.76295555,2.5711823,0.18921237,2,1000.0,1000.0,1000.0,1000.0
650597730,0.5366805,6.0831532,7.5404925,-0.76295555,2.5711823,0.18921237,2,1000.0,1000.0,1000.0,1000.0
650602730,0.52198935,6.0891614,7.541442,-0.76295555,2.5711823,0.18921237,2,1000.0,1000.0,1000.0,1000.0
650607774,0.54109603,6.0938835,7.5579405,-0.76295555,2.5711823,0.18921237,2,1000.0,1000.0,1000.0,1000.0
650612729,0.54256487,6.074755,7.5956693,-0.76295555,2.5711823,0.18921237,2,1000.0,1000.0,1000.0,1000.0
650617730,0.5492387,6.0650864,7.6622686,-0.76295555,2.5711823,0.18921237,2,1000.0,1000.0,1000.0,1000.0
650622729,0.54524255,6.061733,7.6860914,-0.76295555,2.5711823,0.18921237,2,1000.0,1000.0,1000.0,1000.0
650627729,0.51133054,6.133088,7.714931,-0.76295555,2.5711823,0.18921237,2,1000.0,1000.0,1000.0,1000.0
650632730,0.4517963,6.187607,7.753064,-0.76295555,2.5711823,0.18921237,2,1000.0,1000.0,1000.0,1000.0
650637729,0.4247974,6.2453814,7.8089867,-0.76295555,2.5711823,0.18921237,2,1000.0,1000.0,1000.0,1000.0
650642773,0.39326185,6.246782,7.8897896,-0.76295555,2.5711823,0.18921237,2,1000.0,1000.0,1000.0,1000.0
650647729,0.3536971,6.2072845,7.943989,-0.76295555,2.5711823,0.18921237,2,1000.0,1000.0,1000.0,1000.0
650652729,0.32562593,6.196152,8.0052,-0.76295555,2.5711823,0.18921237,2,1000.0,1000.0,1000.0,1000.0
650657730,0.2867414,6.1868997,7.9970026,-0.76295555,2.5711823,0.18921237,2,1000.0,1000.0,1000.0,1000.0
650662729,0.21952306,6.1792126,7.97061,-0.76295555,2.5711823,0.18921237,2,1000.0,1000.0,1000.0,1000.0
650667729,0.15063539,6.199255,7.9665504,-0.7562645,2.5508835,0.45938262,2,1000.0,1000.0,1000.0,1000.0
650672729,0.10460056,6.185203,7.9315295,-0.7562645,2.5508835,0.45938262,2,1000.0,1000.0,1000.0,1000.0
650677773,0.07224852,6.1165957,7.927247,-0.7562645,2.5508835,0.45938262,2,1000.0,1000.0,1000.0,1000.0
650682730,0.02991229,6.0557766,7.908934,-0.7562645,2.5508835,0.45938262,2,1000.0,1000.0,1000.0,1000.0
650687751,0.02205194,5.9591837,7.82215,-0.7562645,2.5508835,0.45938262,2,1000.0,1000.0,1000.0,1000.0
650692729,0.002422813,5.885741,7.759479,-0.7562645,2.5508835,0.45938262,2,1000.0,1000.0,1000.0,1000.0
650697729,-0.05530179,5.886598,7.6911983,-0.7562645,2.5508835,0.45938262,2,1000.0,1000.0,1000.0,1000.0
650702729,-0.06464739,5.8440924,7.6291366,-0.7562645,2.5508835,0.45938262,2,1000.0,1000.0,1000.0,1000.0
650707730,-0.08037107,5.825965,7.6066437,-0.7562645,2.5508835,0.45938262,2,1000.0,1000.0,1000.0,1000.0
650712774,-0.08898307,5.774676,7.6127133,-0.7562645,2.5508835,0.45938262,2,1000.0,1000.0,1000.0,1000.0
650717729,-0.051244304,5.697398,7.575481,-0.7562645,2.5508835,0.45938262,2,1000.0,1000.0,1000.0,1000.0
650722729,-0.046790913,5.647037,7.5165615,-0.7562645,2.5508835,0.45938262,2,1000.0,1000.0,1000.0,1000.0
650727730,-0.048160832,5.6289167,7.488839,-0.7562645,2.5508835,0.45938262,2,1000.0,1000.0,1000.0,1000.0
650732729,-0.020164989,5.6659184,7.483019,-0.7562645,2.5508835,0.45938262,2,1000.0,1000.0,1000.0,1000.0
650737729,-0.007909481,5.729685,7.538258,-0.7562645,2.5508835,0.45938262,2,1000.0,1000.0,1000.0,1000.0
650742729,0.020668492,5.7800913,7.606745,-0.7562645,2.5508835,0.45938262,2,1000.0,1000.0,1000.0,1000.0
650747773,0.06958925,5.819193,7.635744,-0.7562645,2.5508835,0.45938262,2,1000.0,1000.0,1000.0,1000.0
650752729,0.09650126,5.81906,7.6817904,-0.7562645,2.5508835,0.45938262,2,1000.0,1000.0,1000.0,1000.0
650757730,0.16192135,5.827374,7.7166786,-0.7562645,2.5508835,0.45938262,2,1000.0,1000.0,1000.0,1000.0
650762729,0.1982307,5.9070697,7.799223,-0.7562645,2.5508835,0.45938262,2,1000.0,1000.0,1000.0,1000.0
650767730,0.22095996,5.983413,7.8411603,-0.74761707,2.5307643,0.65854025,2,1000.0,1000.0,1000.0,1000.0
650772730,0.26976958,6.065429,7.9139047,-0.74761707,2.5307643,0.65854025,2,1000.0,1000.0,1000.0,1000.0
650777730,0.273143,6.1343164,7.961426,-0.74761707,2.5307643,0.65854025,2,1000.0,1000.0,1000.0,1000.0
650782773,0.2968486,6.1749306,7.9759345,-0.74761707,2.5307643,0.65854025,2,1000.0,1000.0,1000.0,1000.0
650787730,0.3513585,6.1740317,7.9386253,-0.74761707,2.5307643,0.65854025,2,1000.0,1000.0,1000.0,1000.0
650792730,0.37887198,6.14861,7.9481006,-0.74761707,2.5307643,0.65854025,2,1000.0,1000.0,1000.0,1000.0
650797729,0.41325748,6.172117,7.9921384,-0.74761707,2.5307643,0.65854025,2,1000.0,1000.0,1000.0,1000.0
650802730,0.42122433,6.2306376,7.973167,-0.74761707,2.5307643,0.65854025,2,1000.0,1000.0,1000.0,1000.0
650807729,0.41207647,6.2632732,7.9392548,-0.74761707,2.5307643,0.65854025,2,1000.0,1000.0,1000.0,1000.0
650812730,0.4032148,6.2715406,7.8774962,-0.74761707,2.5307643,0.65854025,2,1000.0,1000.0,1000.0,1000.0
650817773,0.4153329,6.2392497,7.8313785,-0.74761707,2.5307643,0.65854025,2,1000.0,1000.0,1000.0,1000.0
650822730,0.4158263,6.1742826,7.8123465,-0.74761707,2.5307643,0.65854025,2,1000.0,1000.0,1000.0,1000.0
650827729,0.4276957,6.1087904,7.756536,-0.74761707,2.5307643,0.65854025,2,1000.0,1000.0,1000.0,1000.0
650832730,0.43038815,6.0907,7.7139363,-0.74761707,2.5307643,0.65854025,2,1000.0,1000.0,1000.0,1000.0
650837730,0.39712837,6.107321,7.64968,-0.74761707,2.5307643,0.65854025,2,1000.0,1000.0,1000.0,1000.0
650842730,0.35216346,6.1231556,7.6047344,-0.74761707,2.5307643,0.65854025,2,1000.0,1000.0,1000.0,1000.0
650847730,0.35260922,6.1138496,7.556714,-0.74761707,2.5307643,0.65854025,2,1000.0,1000.0,1000.0,1000.0
650852774,0.3525862,6.0735373,7.5662627,-0.74761707,2.5307643,0.65854025,2,1000.0,1000.0,1000.0,1000.0
650857730,0.32571033,6.020031,7.597845,-0.74761707,2.5307643,0.65854025,2,1000.0,1000.0,1000.0,1000.0
650862729,0.3200972,6.0150595,7.603338,-0.74761707,2.5307643,0.65854025,2,1000.0,1000.0,1000.0,1000.0
650867729,0.31164175,6.0005603,7.5893626,-0.7379874,2.5105994,0.80001175,2,1000.0,1000.0,1000.0,1000.0
650872729,0.27762273,6.039702,7.5886927,-0.7379874,2.5105994,0.80001175,2,1000.0,1000.0,1000.0,1000.0
650877730,0.2435151,6.091861,7.621645,-0.7379874,2.5105994,0.80001175,2,1000.0,1000.0,1000.0,1000.0
650882729,0.2284921,6.1324954,7.7013764,-0.7379874,2.5105994,0.80001175,2,1000.0,1000.0,1000.0,1000.0
650887774,0.2145912,6.1246243,7.778144,-0.7379874,2.5105994,0.80001175,2,1000.0,1000.0,1000.0,1000.0
650892729,0.22498004,6.101791,7.8401318,-0.7379874,2.5105994,0.80001175,2,1000.0,1000.0,1000.0,1000.0
650897729,0.22415756,6.0577226,7.849839,-0.7379874,2.5105994,0.80001175,2,1000.0,1000.0,1000.0,1000.0
650902730,0.21391363,6.083627,7.870433,-0.7379874,2.5105994,0.80001175,2,1000.0,1000.0,1000.0,1000.0
650907730,0.17598535,6.130558,7.887797,-0.7379874,2.5105994,0.80001175,2,1000.0,1000.0,1000.0,1000.0
650912730,0.16974516,6.1333404,7.926361,-0.7379874,2.5105994,0.80001175,2,1000.0,1000.0,1000.0,1000.0
650917729,0.15662093,6.130343,7.975515,-0.7379874,2.5105994,0.80001175,2,1000.0,1000.0,1000.0,1000.0
650922774,0.14325148,6.0961123,7.9901676,-0.7379874,2.5105994,0.80001175,2,1000.0,1000.0,1000.0,1000.0
650927729,0.15816253,6.01442,7.976082,-0.7379874,2.5105994,0.80001175,2,1000.0,1000.0,1000.0,1000.0
650932729,0.18326102,5.9801407,7.9229116,-0.7379874,2.5105994,0.80001175,2,1000.0,1000.0,1000.0,1000.0
650937730,0.15826707,5.919823,7.869899,-0.7379874,2.5105994,0.80001175,2,1000.0,1000.0,1000.0,1000.0
650942729,0.13168642,5.925593,7.8463273,-0.7379874,2.5105994,0.80001175,2,1000.0,1000.0,1000.0,1000.0
650947730,0.123489596,5.920948,7.817628,-0.7379874,2.5105994,0.80001175,2,1000.0,1000.0,1000.0,1000.0
650952730,0.12840006,5.8877015,7.765823,-0.7379874,2.5105994,0.80001175,2,1000.0,1000.0,1000.0,1000.0
650957774,0.11514167,5.8546844,7.732499,-0.7379874,2.5105994,0.80001175,2,1000.0,1000.0,1000.0,1000.0
650962729,0.12326085,5.762705,7.675329,-0.7379874,2.5105994,0.80001175,2,1000.0,1000.0,1000.0,1000.0
650967729,0.13221127,5.7129645,7.62352,-0.7261411,2.4909627,0.894032,2,1000.0,1000.0,1000.0,1000.0
650972729,0.12380582,5.708346,7.5870934,-0.7261411,2.4909627,0.894032,2,1000.0,1000.0,1000.0,1000.0
650977730,0.093184575,5.723042,7.5920315,-0.7261411,2.4909627,0.894032,2,1000.0,1000.0,1000.0,1000.0
650982729,0.09636727,5.770753,7.6075397,-0.7261411,2.4909627,0.894032,2,1000.0,1000.0,1000.0,1000.0
650987730,0.09261932,5.789944,7.6119823,-0.7261411,2.4909627,0.894032,2,1000.0,1000.0,1000.0,1000.0
650992773,0.09272801,5.7829657,7.580165,-0.7261411,2.4909627,0.894032,2,1000.0,1000.0,1000.0,1000.0
650997730,0.11950773,5.7762933,7.5805607,-0.7261411,2.4909627,0.894032,2,1000.0,1000.0,1000.0,1000.0
651002729,0.123399615,5.793816,7.5895014,-0.7261411,2.4909627,0.894032,2,1000.0,1000.0,1000.0,1000.0
651007729,0.119071536,5.8707185,7.6664,-0.7261411,2.4909627,0.894032,2,1000.0,1000.0,1000.0,1000.0
651012730,0.13030043,5.96734,7.7200036,-0.7261411,2.4909627,0.894032,2,1000.0,1000.0,1000.0,1000.0
651017730,0.11174247,6.05048,7.7594757,-0.7261411,2.4909627,0.894032,2,1000.0,1000.0,1000.0,1000.0
651022729,0.12005632,6.12868,7.8118467,-0.7261411,2.4909627,0.894032,2,1000.0,1000.0,1000.0,1000.0
651027773,0.15884216,6.134584,7.8307514,-0.7261411,2.4909627,0.894032,2,1000.0,1000.0,1000.0,1000.0
651032730,0.18978167,6.1429224,7.868522,-0.7261411,2.4909627,0.894032,2,1000.0,1000.0,1000.0,1000.0
651037730,0.22916326,6.1608653,7.9063854,-0.7261411,2.4909627,0.894032,2,1000.0,1000.0,1000.0,1000.0
651042729,0.25883555,6.2089543,7.9362783,-0.7261411,2.4909627,0.894032,2,1000.0,1000.0,1000.0,1000.0
651047729,0.26012108,6.2760463,7.953354,-0.7261411,2.4909627,0.894032,2,1000.0,1000.0,1000.0,1000.0
651052729,0.27373055,6.3180857,7.935802,-0.7261411,2.4909627,0.894032,2,1000.0,1000.0,1000.0,1000.0
651057729,0.2829967,6.3503027,7.903809,-0.7261411,2.4909627,0.894032,2,1000.0,1000.0,1000.0,1000.0
651062773,0.31370384,6.304137,7.9055743,-0.7261411,2.4909627,0.894032,2,1000.0,1000.0,1000.0,1000.0
651067729,0.36314407,6.236187,7.899473,-0.71346074,2.4710047,0.951249,2,1000.0,1000.0,1000.0,1000.0
651072730,0.3826693,6.2090635,7.8652716,-0.71346074,2.4710047,0.951249,2,1000.0,1000.0,1000.0,1000.0
651077730,0.4098379,6.199343,7.8174696,-0.71346074,2.4710047,0.951249,2,1000.0,1000.0,1000.0,1000.0
651082730,0.4014068,6.2109795,7.7579803,-0.71346074,2.4710047,0.951249,2,1000.0,1000.0,1000.0,1000.0
651087730,0.41797915,6.2045736,7.7006197,-0.71346074,2.4710047,0.951249,2,1000.0,1000.0,1000.0,1000.0
651092729,0.42247778,6.15896,7.665111,-0.71346074,2.4710047,0.951249,2,1000.0,1000.0,1000.0,1000.0
651097773,0.43106,6.0792503,7.663784,-0.71346074,2.4710047,0.951249,2,1000.0,1000.0,1000.0,1000.0
651102729,0.44685724,6.0280924,7.636458,-0.71346074,2.4710047,0.951249,2,1000.0,1000.0,1000.0,1000.0
651107729,0.44500953,5.9882784,7.6171556,-0.71346074,2.4710047,0.951249,2,1000.0,1000.0,1000.0,1000.0
651112729,0.4237595,5.992978,7.56075,-0.71346074,2.4710047,0.951249,2,1000.0,1000.0,1000.0,1000.0
651117730,0.40254328,5.9757185,7.572427,-0.71346074,2.4710047,0.951249,2,1000.0,1000.0,1000.0,1000.0
651122730,0.38071254,6.015683,7.5825787,-0.71346074,2.4710047,0.951249,2,1000.0,1000.0,1000.0,1000.0
651127729,0.36507502,6.015195,7.6528754,-0.71346074,2.4710047,0.951249,2,1000.0,1000.0,1000.0,1000.0
651132774,0.36219245,5.9907823,7.695237,-0.71346074,2.4710047,0.951249,2,1000.0,1000.0,1000.0,1000.0
651137729,0.37082705,5.950277,7.70517,-0.71346074,2.4710047,0.951249,2,1000.0,1000.0,1000.0,1000.0
651142729,0.34462398,5.9616065,7.7143908,-0.71346074,2.4710047,0.951249,2,1000.0,1000.0,1000.0,1000.0
651147730,0.27830458,5.9723735,7.7420015,-0.71346074,2.4710047,0.951249,2,1000.0,1000.0,1000.0,1000.0
651152729,0.21740195,6.03648,7.8025656,-0.71346074,2.4710047,0.951249,2,1000.0,1000.0,1000.0,1000.0
651157729,0.17819193,6.069542,7.8221245,-0.71346074,2.4710047,0.951249,2,1000.0,1000.0,1000.0,1000.0
651162729,0.12591992,6.088451,7.8838215,-0.71346074,2.4710047,0.951249,2,1000.0,1000.0,1000.0,1000.0
651167775,0.10145661,6.0672474,7.938302,-0.6987175,2.4520924,0.9791657,2,1000.0,1000.0,1000.0,1000.0
651172730,0.09020141,6.0105677,7.926571,-0.6987175,2.4520924,0.9791657,2,1000.0,1000.0,1000.0,1000.0
651177729,0.08268824,5.968066,7.889252,-0.6987175,2.4520924,0.9791657,2,1000.0,1000.0,1000.0,1000.0
651182729,0.026795605,6.006544,7.8923635,-0.6987175,2.4520924,0.9791657,2,1000.0,1000.0,1000.0,1000.0
651187730,0.004621313,6.017016,7.904958,-0.6987175,2.4520924,0.9791657,2,1000.0,1000.0,1000.0,1000.0
651192730,-0.024660423,6.019647,7.8913836,-0.6987175,2.4520924,0.9791657,2,1000.0,1000.0,1000.0,1000.0
651197729,-0.040087152,5.9919047,7.873655,-0.6987175,2.4520924,0.9791657,2,1000.0,1000.0,1000.0,1000.0
651202773,-0.04345128,5.9327674,7.8010683,-0.6987175,2.4520924,0.9791657,2,1000.0,1000.0,1000.0,1000.0
651207729,-0.027719803,5.8843436,7.7597165,-0.6987175,2.4520924,0.9791657,2,1000.0,1000.0,1000.0,1000.0
651212730,-0.0048010475,5.8319645,7.7065096,-0.6987175,2.4520924,0.9791657,2,1000.0,1000.0,1000.0,1000.0
651217729,-0.007111732,5.813539,7.6642375,-0.6987175,2.4520924,0.9791657,2,1000.0,1000.0,1000.0,1000.0
651222729,-0.00782043,5.8501387,7.6543016,-0.6987175,2.4520924,0.9791657,2,1000.0,1000.0,1000.0,1000.0
651227730,0.009285699,5.8770866,7.6461706,-0.6987175,2.4520924,0.9791657,2,1000.0,1000.0,1000.0,1000.0
651232730,0.03096911,5.8695893,7.6189756,-0.6987175,2.4520924,0.9791657,2,1000.0,1000.0,1000.0,1000.0
651237773,0.07368737,5.8303795,7.5834594,-0.6987175,2.4520924,0.9791657,2,1000.0,1000.0,1000.0,1000.0
651242729,0.111852475,5.7937803,7.5708036,-0.6987175,2.4520924,0.9791657,2,1000.0,1000.0,1000.0,1000.0
651247730,0.17006707,5.798403,7.6026487,-0.6987175,2.4520924,0.9791657,2,1000.0,1000.0,1000.0,1000.0
651252730,0.1817692,5.8333755,7.638774,-0.6987175,2.4520924,0.9791657,2,1000.0,1000.0,1000.0,1000.0
651257730,0.22049402,5.9093995,7.649389,-0.6987175,2.4520924,0.9791657,2,1000.0,1000.0,1000.0,1000.0
651262730,0.2396421,6.007013,7.6731787,-0.6987175,2.4520924,0.9791657,2,1000.0,1000.0,1000.0,1000.0
651267729,0.27945104,6.0562954,7.7002525,-0.68324167,2.433451,0.9846469,2,1000.0,1000.0,1000.0,1000.0
651272773,0.31815955,6.042149,7.711695,-0.68324167,2.433451,0.9846469,2,1000.0,1000.0,1000.0,1000.0
651277729,0.3643394,6.0445724,7.769888,-0.68324167,2.433451,0.9846469,2,1000.0,1000.0,1000.0,1000.0
651282729,0.4101937,6.0889745,7.8280373,-0.68324167,2.433451,0.9846469,2,1000.0,1000.0,1000.0,1000.0
651287729,0.42059267,6.1677833,7.891541,-0.68324167,2.433451,0.9846469,2,1000.0,1000.0,1000.0,1000.0
651292729,0.40886095,6.2256227,7.9206333,-0.68324167,2.433451,0.9846469,2,1000.0,1000.0,1000.0,1000.0
651297729,0.41473815,6.259402,7.902789,-0.68324167,2.433451,0.9846469,2,1000.0,1000.0,1000.0,1000.0
651302730,0.41562352,6.283653,7.9203076,-0.68324167,2.433451,0.9846469,2,1000.0,1000.0,1000.0,1000.0
651307773,0.46102208,6.250872,7.941713,-0.68324167,2.433451,0.9846469,2,1000.0,1000.0,1000.0,1000.0
651312730,0.48714775,6.2032833,7.956984,-0.68324167,2.433451,0.9846469,2,1000.0,1000.0,1000.0,1000.0
651317730,0.46423236,6.2132993,7.90198,-0.68324167,2.433451,0.9846469,2,1000.0,1000.0,1000.0,1000.0
651322730,0.4394456,6.2380075,7.8704605,-0.68324167,2.433451,0.9846469,2,1000.0,1000.0,1000.0,1000.0
651327729,0.4196088,6.250469,7.831504,-0.68324167,2.433451,0.9846469,2,1000.0,1000.0,1000.0,1000.0
651332729,0.3717307,6.2418537,7.7936835,-0.68324167,2.433451,0.9846469,2,1000.0,1000.0,1000.0,1000.0
651337729,0.36105967,6.2128105,7.791927,-0.68324167,2.433451,0.9846469,2,1000.0,1000.0,1000.0,1000.0
651342773,0.36060196,6.136274,7.778537,-0.68324167,2.433451,0.9846469,2,1000.0,1000.0,1000.0,1000.0
651347730,0.33157873,6.0624394,7.7553864,-0.68324167,2.433451,0.9846469,2,1000.0,1000.0,1000.0,1000.0
651352730,0.31549212,6.032556,7.700567,-0.68324167,2.433451,0.9846469,2,1000.0,1000.0,1000.0,1000.0
651357730,0.28047556,6.022952,7.616332,-0.68324167,2.433451,0.9846469,2,1000.0,1000.0,1000.0,1000.0
651362729,0.23852845,6.0170517,7.6175375,-0.68324167,2.433451,0.9846469,2,1000.0,1000.0,1000.0,1000.0
651367729,0.19617271,6.026059,7.596412,-0.6666101,2.4154882,0.97094893,2,1000.0,1000.0,1000.0,1000.0
651372730,0.19156392,5.9725385,7.636799,-0.6666101,2.4154882,0.97094893,2,1000.0,1000.0,1000.0,1000.0
651377773,0.17357734,5.9345703,7.6650243,-0.6666101,2.4154882,0.97094893,2,1000.0,1000.0,1000.0,1000.0
651382729,0.17521931,5.8913774,7.650363,-0.6666101,2.4154882,0.97094893,2,1000.0,1000.0,1000.0,1000.0
651387730,0.14781223,5.8879943,7.5917416,-0.6666101,2.4154882,0.97094893,2,1000.0,1000.0,1000.0,1000.0
651392729,0.11068939,5.922943,7.641977,-0.6666101,2.4154882,0.97094893,2,1000.0,1000.0,1000.0,1000.0
651397729,0.100545794,5.9464464,7.7008314,-0.6666101,2.4154882,0.97094893,2,1000.0,1000.0,1000.0,1000.0
651402730,0.08134984,5.976069,7.781879,-0.6666101,2.4154882,0.97094893,2,1000.0,1000.0,1000.0,1000.0
651407729,0.085781276,5.9771605,7.8065653,-0.6666101,2.4154882,0.97094893,2,1000.0,1000.0,1000.0,1000.0
651412773,0.08376517,5.940445,7.8057365,-0.6666101,2.4154882,0.97094893,2,1000.0,1000.0,1000.0,1000.0
651417730,0.09536202,5.9296618,7.822564,-0.6666101,2.4154882,0.97094893,2,1000.0,1000.0,1000.0,1000.0
651422729,0.10561925,5.9254065,7.831398,-0.6666101,2.4154882,0.97094893,2,1000.0,1000.0,1000.0,1000.0
651427729,0.10390116,5.946545,7.863538,-0.6666101,2.4154882,0.97094893,2,1000.0,1000.0,1000.0,1000.0
651432730,0.086798385,6.0167947,7.9068127,-0.6666101,2.4154882,0.97094893,2,1000.0,1000.0,1000.0,1000.0
651437729,0.07694261,6.0260715,7.9272923,-0.6666101,2.4154882,0.97094893,2,1000.0,1000.0,1000.0,1000.0
651442729,0.09195403,6.010546,7.9129405,-0.6666101,2.4154882,0.97094893,2,1000.0,1000.0,1000.0,1000.0
651447774,0.12840372,5.962636,7.886713,-0.6666101,2.4154882,0.97094893,2,1000.0,1000.0,1000.0,1000.0
651452729,0.15682669,5.898973,7.8426237,-0.6666101,2.4154882,0.97094893,2,1000.0,1000.0,1000.0,1000.0
651457730,0.1674486,5.8730793,7.8414917,-0.6666101,2.4154882,0.97094893,2,1000.0,1000.0,1000.0,1000.0
651462729,0.1526605,5.904631,7.8222504,-0.6666101,2.4154882,0.97094893,2,1000.0,1000.0,1000.0,1000.0
651467729,0.16233794,5.9345217,7.7880025,-0.64890444,2.3984253,0.94086146,2,1000.0,1000.0,1000.0,1000.0
651472730,0.14916067,5.95303,7.730007,-0.64890444,2.3984253,0.94086146,2,1000.0,1000.0,1000.0,1000.0
651477729,0.15731795,5.921221,7.692594,-0.64890444,2.3984253,0.94086146,2,1000.0,1000.0,1000.0,1000.0
651482774,0.20506543,5.8638263,7.6438885,-0.64890444,2.3984253,0.94086146,2,1000.0,1000.0,1000.0,1000.0
651487729,0.23072141,5.845927,7.61462,-0.64890444,2.3984253,0.94086146,2,1000.0,1000.0,1000.0,1000.0
651492729,0.23609942,5.8505354,7.6357484,-0.64890444,2.3984253,0.94086146,2,1000.0,1000.0,1000.0,1000.0
651497730,0.23339634,5.90631,7.6668024,-0.64890444,2.3984253,0.94086146,2,1000.0,1000.0,1000.0,1000.0
651502729,0.23412989,5.969508,7.6417403,-0.64890444,2.3984253,0.94086146,2,1000.0,1000.0,1000.0,1000.0
651507730,0.22948687,5.959792,7.6176405,-0.64890444,2.3984253,0.94086146,2,1000.0,1000.0,1000.0,1000.0
651512729,0.23823121,5.9972725,7.638805,-0.64890444,2.3984253,0.94086146,2,1000.0,1000.0,1000.0,1000.0
651517773,0.26030293,5.9951744,7.67035,-0.64890444,2.3984253,0.94086146,2,1000.0,1000.0,1000.0,1000.0
651522730,0.27889463,5.9958463,7.6952105,-0.64890444,2.3984253,0.94086146,2,1000.0,1000.0,1000.0,1000.0
651527729,0.2997683,6.051894,7.7096663,-0.64890444,2.3984253,0.94086146,2,1000.0,1000.0,1000.0,1000.0
651532729,0.28558025,6.113094,7.741286,-0.64890444,2.3984253,0.94086146,2,1000.0,1000.0,1000.0,1000.0
651537729,0.27333248,6.208136,7.761202,-0.64890444,2.3984253,0.94086146,2,1000.0,1000.0,1000.0,1000.0
651542730,0.2655698,6.2641506,7.811468,-0.64890444,2.3984253,0.94086146,2,1000.0,1000.0,1000.0,1000.0
651547730,0.30563593,6.2505865,7.8311057,-0.64890444,2.3984253,0.94086146,2,1000.0,1000.0,1000.0,1000.0
651552773,0.30967247,6.236873,7.8898234,-0.64890444,2.3984253,0.94086146,2,1000.0,1000.0,1000.0,1000.0
651557729,0.34316483,6.2120357,7.9180546,-0.64890444,2.3984253,0.94086146,2,1000.0,1000.0,1000.0,1000.0
651562730,0.33943883,6.2386384,7.899722,-0.64890444,2.3984253,0.94086146,2,1000.0,1000.0,1000.0,1000.0
651567729,0.33380973,6.2703524,7.8717737,-0.63157463,2.3819065,0.8974447,2,1000.0,1000.0,1000.0,1000.0
651572730,0.31329668,6.3000493,7.8670197,-0.63157463,2.3819065,0.8974447,2,1000.0,1000.0,1000.0,1000.0
651577729,0.31271204,6.294986,7.879604,-0.63157463,2.3819065,0.8974447,2,1000.0,1000.0,1000.0,1000.0
651582730,0.33331278,6.210296,7.882326,-0.63157463,2.3819065,0.8974447,2,1000.0,1000.0,1000.0,1000.0
651587774,0.35349077,6.1687217,7.847816,-0.63157463,2.3819065,0.8974447,2,1000.0,1000.0,1000.0,1000.0
651592729,0.3731356,6.1135974,7.8050117,-0.63157463,2.3819065,0.8974447,2,1000.0,1000.0,1000.0,1000.0
651597730,0.34474918,6.092074,7.742595,-0.63157463,2.3819065,0.8974447,2,1000.0,1000.0,1000.0,1000.0
651602730,0.3223967,6.0572276,7.714432,-0.63157463,2.3819065,0.8974447,2,1000.0,1000.0,1000.0,1000.0
651607729,0.30813605,6.0566325,7.690808,-0.63157463,2.3819065,0.8974447,2,1000.0,1000.0,1000.0,1000.0
651612730,0.28657135,6.014459,7.6977124,-0.63157463,2.3819065,0.8974447,2,1000.0,1000.0,1000.0,1000.0
651617730,0.3003194,5.9796386,7.7184176,-0.63157463,2.3819065,0.8974447,2,1000.0,1000.0,1000.0,1000.0
651622773,0.29345608,5.9098773,7.6689467,-0.63157463,2.3819065,0.8974447,2,1000.0,1000.0,1000.0,1000.0
651627729,0.28623366,5.8481627,7.628195,-0.63157463,2.3819065,0.8974447,2,1000.0,1000.0,1000.0,1000.0
651632729,0.2462491,5.8504453,7.6000175,-0.63157463,2.3819065,0.8974447,2,1000.0,1000.0,1000.0,1000.0
651637729,0.22361635,5.87145,7.5929008,-0.63157463,2.3819065,0.8974447,2,1000.0,1000.0,1000.0,1000.0
651642729,0.17634892,5.923622,7.6449924,-0.63157463,2.3819065,0.8974447,2,1000.0,1000.0,1000.0,1000.0
651647730,0.15350685,5.92911,7.6894865,-0.63157463,2.3819065,0.8974447,2,1000.0,1000.0,1000.0,1000.0
651652729,0.14455843,5.8853974,7.7219167,-0.63157463,2.3819065,0.8974447,2,1000.0,1000.0,1000.0,1000.0
651657773,0.15219116,5.8768935,7.723016,-0.63157463,2.3819065,0.8974447,2,1000.0,1000.0,1000.0,1000.0
651662729,0.1400899,5.8592253,7.7432876,-0.63157463,2.3819065,0.8974447,2,1000.0,1000.0,1000.0,1000.0
651667729,0.104927436,5.887501,7.76859,-0.61365634,2.3666456,0.8417161,2,1000.0,1000.0,1000.0,1000.0
651672730,0.08323487,5.9433446,7.799148,-0.61365634,2.3666456,0.8417161,2,1000.0,1000.0,1000.0,1000.0
651677729,0.06586616,5.986429,7.84305,-0.61365634,2.3666456,0.8417161,2,1000.0,1000.0,1000.0,1000.0
651682729,0.046920523,6.0204,7.8752637,-0.61365634,2.3666456,0.8417161,2,1000.0,1000.0,1000.0,1000.0
651687730,0.04514224,5.9983144,7.8671956,-0.61365634,2.3666456,0.8417161,2,1000.0,1000.0,1000.0,1000.0
651692773,0.042178817,5.9803076,7.8486733,-0.61365634,2.3666456,0.8417161,2,1000.0,1000.0,1000.0,1000.0
651697729,0.062293723,5.957912,7.8339562,-0.61365634,2.3666456,0.8417161,2,1000.0,1000.0,1000.0,1000.0
651702729,0.06581907,5.982197,7.834305,-0.61365634,2.3666456,0.8417161,2,1000.0,1000.0,1000.0,1000.0
651707730,0.053685173,6.033241,7.8873878,-0.61365634,2.3666456,0.8417161,2,1000.0,1000.0,1000.0,1000.0
651712730,0.05598416,6.0664387,7.862939,-0.61365634,2.3666456,0.8417161,2,1000.0,1000.0,1000.0,1000.0
651717730,0.05840797,6.049754,7.8197145,-0.61365634,2.3666456,0.8417161,2,1000.0,1000.0,1000.0,1000.0
651722729,0.08381,6.018039,7.7730846,-0.61365634,2.3666456,0.8417161,2,1000.0,1000.0,1000.0,1000.0
651727773,0.11008755,5.9708576,7.744824,-0.61365634,2.3666456,0.8417161,2,1000.0,1000.0,1000.0,1000.0
651732729,0.15714747,5.924287,7.729265,-0.61365634,2.3666456,0.8417161,2,1000.0,1000.0,1000.0,1000.0
651737729,0.17728733,5.9586577,7.690586,-0.61365634,2.3666456,0.8417161,2,1000.0,1000.0,1000.0,1000.0
651742729,0.17291994,5.9949007,7.6677427,-0.61365634,2.3666456,0.8417161,2,1000.0,1000.0,1000.0,1000.0
651747730,0.20920601,6.01689,7.6491733,-0.61365634,2.3666456,0.8417161,2,1000.0,1000.0,1000.0,1000.0
651752729,0.23035975,6.0282826,7.639138,-0.61365634,2.3666456,0.8417161,2,1000.0,1000.0,1000.0,1000.0
651757730,0.26905453,5.996689,7.6111197,-0.61365634,2.3666456,0.8417161,2,1000.0,1000.0,1000.0,1000.0
651762774,0.32333001,5.969285,7.646078,-0.61365634,2.3666456,0.8417161,2,1000.0,1000.0,1000.0,1000.0
651767729,0.36305776,5.9722214,7.668074,-0.59612995,2.351755,0.77613354,2,1000.0,1000.0,1000.0,1000.0
651772730,0.39312047,6.023902,7.6834064,-0.59612995,2.351755,0.77613354,2,1000.0,1000.0,1000.0,1000.0
651777729,0.38188237,6.0784936,7.6949444,-0.59612995,2.351755,0.77613354,2,1000.0,1000.0,1000.0,1000.0
651782729,0.38601932,6.1343966,7.7115855,-0.59612995,2.351755,0.77613354,2,1000.0,1000.0,1000.0,1000.0
651787730,0.38397875,6.1570816,7.7308245,-0.59612995,2.351755,0.77613354,2,1000.0,1000.0,1000.0,1000.0
651792729,0.4062367,6.144925,7.769503,-0.59612995,2.351755,0.77613354,2,1000.0,1000.0,1000.0,1000.0
651797773,0.43696824,6.1235347,7.803727,-0.59612995,2.351755,0.77613354,2,1000.0,1000.0,1000.0,1000.0
651802730,0.45611274,6.125483,7.8354964,-0.59612995,2.351755,0.77613354,2,1000.0,1000.0,1000.0,1000.0
651807729,0.43600148,6.170911,7.853312,-0.59612995,2.351755,0.77613354,2,1000.0,1000.0,1000.0,1000.0
651812730,0.40788972,6.216838,7.8471546,-0.59612995,2.351755,0.77613354,2,1000.0,1000.0,1000.0,1000.0
651817730,0.38061786,6.266377,7.8698196,-0.59612995,2.351755,0.77613354,2,1000.0,1000.0,1000.0,1000.0
651822730,0.3662394,6.2269063,7.8873625,-0.59612995,2.351755,0.77613354,2,1000.0,1000.0,1000.0,1000.0
651827729,0.37326354,6.1909156,7.920845,-0.59612995,2.351755,0.77613354,2,1000.0,1000.0,1000.0,1000.0
651832773,0.3540678,6.150101,7.9254007,-0.59612995,2.351755,0.77613354,2,1000.0,1000.0,1000.0,1000.0
651837730,0.3579107,6.100263,7.859243,-0.59612995,2.351755,0.77613354,2,1000.0,1000.0,1000.0,1000.0
651842729,0.29618853,6.092124,7.821766,-0.59612995,2.351755,0.77613354,2,1000.0,1000.0,1000.0,1000.0
651847730,0.22929777,6.1221166,7.79523,-0.59612995,2.351755,0.77613354,2,1000.0,1000.0,1000.0,1000.0
651852729,0.1983331,6.1008964,7.768542,-0.59612995,2.351755,0.77613354,2,1000.0,1000.0,1000.0,1000.0
651857730,0.1908161,6.063949,7.7731643,-0.59612995,2.351755,0.77613354,2,1000.0,1000.0,1000.0,1000.0
651862729,0.16546671,5.981017,7.772081,-0.59612995,2.351755,0.77613354,2,1000.0,1000.0,1000.0,1000.0
651867773,0.17495243,5.9349527,7.7107763,-0.5777761,2.3380203,0.700063,2,1000.0,1000.0,1000.0,1000.0
651872729,0.15890007,5.8843117,7.6689587,-0.5777761,2.3380203,0.700063,2,1000.0,1000.0,1000.0,1000.0
651877729,0.12864149,5.8742223,7.643453,-0.5777761,2.3380203,0.700063,2,1000.0,1000.0,1000.0,1000.0
651882729,0.07116667,5.883633,7.6021338,-0.5777761,2.3380203,0.700063,2,1000.0,1000.0,1000.0,1000.0
651887730,0.050516732,5.89242,7.646881,-0.5777761,2.3380203,0.700063,2,1000.0,1000.0,1000.0,1000.0
651892730,0.050109025,5.879838,7.670281,-0.5777761,2.3380203,0.700063,2,1000.0,1000.0,1000.0,1000.0
651897730,0.065525435,5.8468137,7.661617,-0.5777761,2.3380203,0.700063,2,1000.0,1000.0,1000.0,1000.0
651902774,0.06842722,5.8131957,7.657743,-0.5777761,2.3380203,0.700063,2,1000.0,1000.0,1000.0,1000.0
651907729,0.08932536,5.813141,7.6347623,-0.5777761,2.3380203,0.700063,2,1000.0,1000.0,1000.0,1000.0
651912730,0.05651046,5.8432603,7.6813936,-0.5777761,2.3380203,0.700063,2,1000.0,1000.0,1000.0,1000.0
651917730,0.061302997,5.9108214,7.722839,-0.5777761,2.3380203,0.700063,2,1000.0,1000.0,1000.0,1000.0
651922730,0.062464144,5.9477243,7.7965007,-0.5777761,2.3380203,0.700063,2,1000.0,1000.0,1000.0,1000.0
651927729,0.072080925,5.9663467,7.8372946,-0.5777761,2.3380203,0.700063,2,1000.0,1000.0,1000.0,1000.0
651932730,0.12147238,5.9619913,7.8303533,-0.5777761,2.3380203,0.700063,2,1000.0,1000.0,1000.0,1000.0
651937773,0.14229801,5.942703,7.833091,-0.5777761,2.3380203,0.700063,2,1000.0,1000.0,1000.0,1000.0
651942730,0.16562156,5.93158,7.8281555,-0.5777761,2.3380203,0.700063,2,1000.0,1000.0,1000.0,1000.0
651947729,0.16324708,5.995465,7.852123,-0.5777761,2.3380203,0.700063,2,1000.0,1000.0,1000.0,1000.0
651952729,0.17899017,6.043873,7.8866587,-0.5777761,2.3380203,0.700063,2,1000.0,1000.0,1000.0,1000.0
651957730,0.19533932,6.0712037,7.8928585,-0.5777761,2.3380203,0.700063,2,1000.0,1000.0,1000.0,1000.0
651962729,0.21695736,6.079322,7.8497405,-0.5777761,2.3380203,0.700063,2,1000.0,1000.0,1000.0,1000.0
651967729,0.23514035,6.0227027,7.8424335,-0.55881834,2.3247516,0.6142968,2,1000.0,1000.0,1000.0,1000.0
651972773,0.25091118,6.0096974,7.8084235,-0.55881834,2.3247516,0.6142968,2,1000.0,1000.0,1000.0,1000.0
651977729,0.28788355,5.9995666,7.8040657,-0.55881834,2.3247516,0.6142968,2,1000.0,1000.0,1000.0,1000.0
651982730,0.2849365,6.004471,7.805198,-0.55881834,2.3247516,0.6142968,2,1000.0,1000.0,1000.0,1000.0
651987730,0.28235215,6.063346,7.78047,-0.55881834,2.3247516,0.6142968,2,1000.0,1000.0,1000.0,1000.0
651992729,0.28416157,6.0877185,7.73008,-0.55881834,2.3247516,0.6142968,2,1000.0,1000.0,1000.0,1000.0
651997730,0.29136893,6.0625105,7.7121887,-0.55881834,2.3247516,0.6142968,2,1000.0,1000.0,1000.0,1000.0
652002729,0.3237783,6.01043,7.6650424,-0.55881834,2.3247516,0.6142968,2,1000.0,1000.0,1000.0,1000.0
652007773,0.32102406,5.9775605,7.661513,-0.55881834,2.3247516,0.6142968,2,1000.0,1000.0,1000.0,1000.0
652012729,0.34981066,5.979067,7.670293,-0.55881834,2.3247516,0.6142968,2,1000.0,1000.0,1000.0,1000.0
652017729,0.32442972,6.024184,7.667075,-0.55881834,2.3247516,0.6142968,2,1000.0,1000.0,1000.0,1000.0
652022729,0.30729923,6.113453,7.65361,-0.55881834,2.3247516,0.6142968,2,1000.0,1000.0,1000.0,1000.0
652027730,0.2978959,6.1226487,7.6580505,-0.55881834,2.3247516,0.6142968,2,1000.0,1000.0,1000.0,1000.0
652032730,0.3012613,6.1086154,7.697203,-0.55881834,2.3247516,0.6142968,2,1000.0,1000.0,1000.0,1000.0
652037729,0.3326843,6.081286,7.7284713,-0.55881834,2.3247516,0.6142968,2,1000.0,1000.0,1000.0,1000.0
652042773,0.33185357,6.0774026,7.758865,-0.55881834,2.3247516,0.6142968,2,1000.0,1000.0,1000.0,1000.0
652047730,0.32961687,6.0760546,7.770375,-0.55881834,2.3247516,0.6142968,2,1000.0,1000.0,1000.0,1000.0
652052729,0.2901404,6.137444,7.7771406,-0.55881834,2.3247516,0.6142968,2,1000.0,1000.0,1000.0,1000.0
652057730,0.2635045,6.1943917,7.7873726,-0.55881834,2.3247516,0.6142968,2,1000.0,1000.0,1000.0,1000.0
652062729,0.26540157,6.212887,7.815811,-0.55881834,2.3247516,0.6142968,2,1000.0,1000.0,1000.0,1000.0
652067729,0.26600108,6.196101,7.8582273,-0.539077,2.3122344,0.5202583,2,1000.0,1000.0,1000.0,1000.0
652072730,0.26037002,6.1566443,7.8848476,-0.539077,2.3122344,0.5202583,2,1000.0,1000.0,1000.0,1000.0
652077773,0.26474044,6.119196,7.8994412,-0.539077,2.3122344,0.5202583,2,1000.0,1000.0,1000.0,1000.0
652082729,0.26233733,6.108914,7.884007,-0.539077,2.3122344,0.5202583,2,1000.0,1000.0,1000.0,1000.0
652087730,0.24359328,6.131725,7.8631067,-0.539077,2.3122344,0.5202583,2,1000.0,1000.0,1000.0,1000.0
652092730,0.225571,6.1527343,7.8486724,-0.539077,2.3122344,0.5202583,2,1000.0,1000.0,1000.0,1000.0
652097730,0.20349742,6.134173,7.828706,-0.539077,2.3122344,0.5202583,2,1000.0,1000.0,1000.0,1000.0
652102729,0.21613677,6.0670543,7.827038,-0.539077,2.3122344,0.5202583,2,1000.0,1000.0,1000.0,1000.0
652107729,0.21570466,6.0133944,7.81114,-0.539077,2.3122344,0.5202583,2,1000.0,1000.0,1000.0,1000.0
652112773,0.22485839,5.937879,7.772095,-0.539077,2.3122344,0.5202583,2,1000.0,1000.0,1000.0,1000.0
652117730,0.20687562,5.919827,7.721859,-0.539077,2.3122344,0.5202583,2,1000.0,1000.0,1000.0,1000.0
652122729,0.19339648,5.934168,7.6726346,-0.539077,2.3122344,0.5202583,2,1000.0,1000.0,1000.0,1000.0
652127729,0.15120316,5.9134016,7.671885,-0.539077,2.3122344,0.5202583,2,1000.0,1000.0,1000.0,1000.0
652132730,0.1544005,5.910859,7.6583633,-0.539077,2.3122344,0.5202583,2,1000.0,1000.0,1000.0,1000.0
652137730,0.15040511,5.8499103,7.7023973,-0.539077,2.3122344,0.5202583,2,1000.0,1000.0,1000.0,1000.0
652142729,0.17437875,5.802779,7.686482,-0.539077,2.3122344,0.5202583,2,1000.0,1000.0,1000.0,1000.0
652147773,0.18571605,5.7851276,7.65011,-0.539077,2.3122344,0.5202583,2,1000.0,1000.0,1000.0,1000.0
652152729,0.14858796,5.789202,7.6247706,-0.539077,2.3122344,0.5202583,2,1000.0,1000.0,1000.0,1000.0
652157729,0.11699775,5.831634,7.648765,-0.539077,2.3122344,0.5202583,2,1000.0,1000.0,1000.0,1000.0
652162729,0.11304002,5.901445,7.6784415,-0.539077,2.3122344,0.5202583,2,1000.0,1000.0,1000.0,1000.0
652167729,0.11124793,5.9248466,7.7191772,-0.51666486,2.301062,0.418743,2,1000.0,1000.0,1000.0,1000.0
652172730,0.09976365,5.941431,7.736758,-0.51666486,2.301062,0.418743,2,1000.0,1000.0,1000.0,1000.0
652177729,0.12759112,5.9187737,7.761724,-0.51666486,2.301062,0.418743,2,1000.0,1000.0,1000.0,1000.0
652182773,0.14042355,5.9205246,7.751989,-0.51666486,2.301062,0.418743,2,1000.0,1000.0,1000.0,1000.0
652187730,0.13983071,5.9402695,7.7777715,-0.51666486,2.301062,0.418743,2,1000.0,1000.0,1000.0,1000.0
652192730,0.12863773,6.0157256,7.826091,-0.51666486,2.301062,0.418743,2,1000.0,1000.0,1000.0,1000.0
652197730,0.12573518,6.0937586,7.8648357,-0.51666486,2.301062,0.418743,2,1000.0,1000.0,1000.0,1000.0
652202729,0.11837564,6.1082606,7.867311,-0.51666486,2.301062,0.418743,2,1000.0,1000.0,1000.0,1000.0
652207730,0.14044812,6.096866,7.8632097,-0.51666486,2.301062,0.418743,2,1000.0,1000.0,1000.0,1000.0
652212729,0.18090178,6.0751696,7.830756,-0.51666486,2.301062,0.418743,2,1000.0,1000.0,1000.0,1000.0
652217774,0.19025694,6.073872,7.8240685,-0.51666486,2.301062,0.418743,2,1000.0,1000.0,1000.0,1000.0
652222729,0.19416524,6.043622,7.819109,-0.51666486,2.301062,0.418743,2,1000.0,1000.0,1000.0,1000.0
652227729,0.19096068,6.1300344,7.831362,-0.51666486,2.301062,0.418743,2,1000.0,1000.0,1000.0,1000.0
652232729,0.20665018,6.157482,7.797101,-0.51666486,2.301062,0.418743,2,1000.0,1000.0,1000.0,1000.0
652237730,0.22918378,6.140883,7.7861547,-0.51666486,2.301062,0.418743,2,1000.0,1000.0,1000.0,1000.0
652242730,0.2525083,6.11636,7.7629657,-0.51666486,2.301062,0.418743,2,1000.0,1000.0,1000.0,1000.0
652247730,0.29476917,6.063522,7.722362,-0.51666486,2.301062,0.418743,2,1000.0,1000.0,1000.0,1000.0
652252773,0.3210644,6.013256,7.727074,-0.51666486,2.301062,0.418743,2,1000.0,1000.0,1000.0,1000.0
652257730,0.32820442,6.009851,7.7006097,-0.51666486,2.301062,0.418743,2,1000.0,1000.0,1000.0,1000.0
652262729,0.32458058,6.0701547,7.6764545,-0.51666486,2.301062,0.418743,2,1000.0,1000.0,1000.0,1000.0
652267729,0.33061624,6.099957,7.667825,-0.4921118,2.2908843,0.31188807,2,1000.0,1000.0,1000.0,1000.0
652272729,0.32768032,6.093153,7.659683,-0.4921118,2.2908843,0.31188807,2,1000.0,1000.0,1000.0,1000.0
652277730,0.35261017,6.0775585,7.6515927,-0.4921118,2.2908843,0.31188807,2,1000.0,1000.0,1000.0,1000.0
652282729,0.3760476,6.039887,7.6922035,-0.4921118,2.2908843,0.31188807,2,1000.0,1000.0,1000.0,1000.0
652287773,0.3974215,6.022146,7.717306,-0.4921118,2.2908843,0.31188807,2,1000.0,1000.0,1000.0,1000.0
652292729,0.38905287,6.0475645,7.734602,-0.4921118,2.2908843,0.31188807,2,1000.0,1000.0,1000.0,1000.0
652297730,0.38804227,6.1072226,7.748989,-0.4921118,2.2908843,0.31188807,2,1000.0,1000.0,1000.0,1000.0
652302729,0.33180752,6.1514797,7.7815256,-0.4921118,2.2908843,0.31188807,2,1000.0,1000.0,1000.0,1000.0
652307730,0.32901648,6.1462617,7.7702875,-0.4921118,2.2908843,0.31188807,2,1000.0,1000.0,1000.0,1000.0
652312729,0.33439356,6.096686,7.799108,-0.4921118,2.2908843,0.31188807,2,1000.0,1000.0,1000.0,1000.0
652317729,0.35263386,6.06563,7.8342705,-0.4921118,2.2908843,0.31188807,2,1000.0,1000.0,1000.0,1000.0
652322773,0.33969042,6.0621643,7.8394947,-0.4921118,2.2908843,0.31188807,2,1000.0,1000.0,1000.0,1000.0
652327729,0.2895945,6.0665483,7.8331165,-0.4921118,2.2908843,0.31188807,2,1000.0,1000.0,1000.0,1000.0
652332730,0.25100854,6.1168914,7.821978,-0.4921118,2.2908843,0.31188807,2,1000.0,1000.0,1000.0,1000.0
652337730,0.21322304,6.1066604,7.8242226,-0.4921118,2.2908843,0.31188807,2,1000.0,1000.0,1000.0,1000.0
652342730,0.19416486,6.1099453,7.8362045,-0.4921118,2.2908843,0.31188807,2,1000.0,1000.0,1000.0,1000.0
652347730,0.18502119,6.0664406,7.8785872,-0.4921118,2.2908843,0.31188807,2,1000.0,1000.0,1000.0,1000.0
652352729,0.18857583,6.006797,7.8600674,-0.4921118,2.2908843,0.31188807,2,1000.0,1000.0,1000.0,1000.0
652357773,0.18247014,5.969144,7.835696,-0.4921118,2.2908843,0.31188807,2,1000.0,1000.0,1000.0,1000.0
652362729,0.14208896,5.952435,7.784151,-0.4921118,2.2908843,0.31188807,2,1000.0,1000.0,1000.0,1000.0
652367729,0.094155714,5.9625845,7.731861,-0.46372756,2.2829394,0.20052528,2,1000.0,1000.0,1000.0,1000.0
652372730,0.0729611,5.974999,7.7163305,-0.46372756,2.2829394,0.20052528,2,1000.0,1000.0,1000.0,1000.0
652377730,0.064159,5.9619,7.7105246,-0.46372756,2.2829394,0.20052528,2,1000.0,1000.0,1000.0,1000.0
652382729,0.06974058,5.902588,7.7380033,-0.46372756,2.2829394,0.20052528,2,1000.0,1000.0,1000.0,1000.0
652387729,0.094510674,5.8466525,7.714665,-0.46372756,2.2829394,0.20052528,2,1000.0,1000.0,1000.0,1000.0
652392773,0.08737579,5.8252764,7.655025,-0.46372756,2.2829394,0.20052528,2,1000.0,1000.0,1000.0,1000.0
652397729,0.06879948,5.8522325,7.6198044,-0.46372756,2.2829394,0.20052528,2,1000.0,1000.0,1000.0,1000.0
652402730,0.060972843,5.8772793,7.633861,-0.46372756,2.2829394,0.20052528,2,1000.0,1000.0,1000.0,1000.0
652407729,0.061334427,5.897976,7.675964,-0.46372756,2.2829394,0.20052528,2,1000.0,1000.0,1000.0,1000.0
652412729,0.066848174,5.9071836,7.704932,-0.46372756,2.2829394,0.20052528,2,1000.0,1000.0,1000.0,1000.0
652417729,0.0997884,5.897029,7.7025495,-0.46372756,2.2829394,0.20052528,2,1000.0,1000.0,1000.0,1000.0
652422729,0.13127258,5.8598776,7.7043867,-0.46372756,2.2829394,0.20052528,2,1000.0,1000.0,1000.0,1000.0
652427774,0.13439216,5.892558,7.677589,-0.46372756,2.2829394,0.20052528,2,1000.0,1000.0,1000.0,1000.0
652432729,0.17531951,5.9161844,7.705234,-0.46372756,2.2829394,0.20052528,2,1000.0,1000.0,1000.0,1000.0
652437730,0.17914739,5.982875,7.7595644,-0.46372756,2.2829394,0.20052528,2,1000.0,1000.0,1000.0,1000.0
652442729,0.18477748,6.0490184,7.8391986,-0.46372756,2.2829394,0.20052528,2,1000.0,1000.0,1000.0,1000.0
652447730,0.20160413,6.0876102,7.8497953,-0.46372756,2.2829394,0.20052528,2,1000.0,1000.0,1000.0,1000.0
652452730,0.2564074,6.072134,7.845342,-0.46372756,2.2829394,0.20052528,2,1000.0,1000.0,1000.0,1000.0
652457729,0.27294582,6.0563035,7.838601,-0.46372756,2.2829394,0.20052528,2,1000.0,1000.0,1000.0,1000.0
652462773,0.28505516,6.0545597,7.844426,-0.46372756,2.2829394,0.20052528,2,1000.0,1000.0,1000.0,1000.0
652467729,0.30342603,6.0876994,7.8726234,-0.43164283,2.2766113,0.08780216,2,1000.0,1000.0,1000.0,1000.0
652472729,0.31694248,6.1378145,7.882808,-0.43164283,2.2766113,0.08780216,2,1000.0,1000.0,1000.0,1000.0
652477729,0.33000156,6.173625,7.8660107,-0.43164283,2.2766113,0.08780216,2,1000.0,1000.0,1000.0,1000.0
652482729,0.32294345,6.156437,7.8447146,-0.43164283,2.2766113,0.08780216,2,1000.0,1000.0,1000.0,1000.0
652487730,0.34956035,6.131791,7.802924,-0.43164283,2.2766113,0.08780216,2,1000.0,1000.0,1000.0,1000.0
652492729,0.36079448,6.0811796,7.774017,-0.43164283,2.2766113,0.08780216,2,1000.0,1000.0,1000.0,1000.0
652497773,0.37467825,6.0726223,7.7465687,-0.43164283,2.2766113,0.08780216,2,1000.0,1000.0,1000.0,1000.0
652502729,0.3512451,6.086058,7.7618,-0.43164283,2.2766113,0.08780216,2,1000.0,1000.0,1000.0,1000.0
652507729,0.33504874,6.1172595,7.750237,-0.43164283,2.2766113,0.08780216,2,1000.0,1000.0,1000.0,1000.0
652512730,0.33031195,6.125734,7.748077,-0.43164283,2.2766113,0.08780216,2,1000.0,1000.0,1000.0,1000.0
652517729,0.32475102,6.118559,7.704074,-0.43164283,2.2766113,0.08780216,2,1000.0,1000.0,1000.0,1000.0
652522730,0.32189146,6.069982,7.6977654,-0.43164283,2.2766113,0.08780216,2,1000.0,1000.0,1000.0,1000.0
652527729,0.31552446,6.0136113,7.6761413,-0.43164283,2.2766113,0.08780216,2,1000.0,1000.0,1000.0,1000.0
652532774,0.31700304,6.0053325,7.6820765,-0.43164283,2.2766113,0.08780216,2,1000.0,1000.0,1000.0,1000.0
652537730,0.30436665,6.011737,7.676121,-0.43164283,2.2766113,0.08780216,2,1000.0,1000.0,1000.0,1000.0
652542729,0.25459304,6.075852,7.69811,-0.43164283,2.2766113,0.08780216,2,1000.0,1000.0,1000.0,1000.0
652547730,0.21535356,6.0997944,7.706523,-0.43164283,2.2766113,0.08780216,2,1000.0,1000.0,1000.0,1000.0
652552729,0.24304797,6.099964,7.7136216,-0.43164283,2.2766113,0.08780216,2,1000.0,1000.0,1000.0,1000.0
652557730,0.22892635,6.05009,7.7440777,-0.43164283,2.2766113,0.08780216,2,1000.0,1000.0,1000.0,1000.0
652562729,0.24041098,6.013673,7.7692304,-0.43164283,2.2766113,0.08780216,2,1000.0,1000.0,1000.0,1000.0
652567773,0.23018566,6.03005,7.8055234,-0.39446652,2.273057,-0.02422724,2,1000.0,1000.0,1000.0,1000.0
652572730,0.20534228,6.050325,7.823476,-0.39446652,2.273057,-0.02422724,2,1000.0,1000.0,1000.0,1000.0
652577729,0.18548886,6.0864916,7.818809,-0.39446652,2.273057,-0.02422724,2,1000.0,1000.0,1000.0,1000.0
652582729,0.15148218,6.08651,7.8147345,-0.39446652,2.273057,-0.02422724,2,1000.0,1000.0,1000.0,1000.0
652587729,0.14987355,6.07448,7.8128977,-0.39446652,2.273057,-0.02422724,2,1000.0,1000.0,1000.0,1000.0
652592730,0.16863616,6.022415,7.83451,-0.39446652,2.273057,-0.02422724,2,1000.0,1000.0,1000.0,1000.0
652597730,0.19116503,5.9772706,7.856413,-0.39446652,2.273057,-0.02422724,2,1000.0,1000.0,1000.0,1000.0
652602773,0.18265659,5.966465,7.8397694,-0.39446652,2.273057,-0.02422724,2,1000.0,1000.0,1000.0,1000.0
652607729,0.16079292,5.992633,7.8061743,-0.39446652,2.273057,-0.02422724,2,1000.0,1000.0,1000.0,1000.0
652612733,0.13261978,6.011277,7.811816,-0.39446652,2.273057,-0.02422724,2,1000.0,1000.0,1000.0,1000.0
652617729,0.12810628,6.0061274,7.8010674,-0.39446652,2.273057,-0.02422724,2,1000.0,1000.0,1000.0,1000.0
652622730,0.14768685,5.980199,7.785674,-0.39446652,2.273057,-0.02422724,2,1000.0,1000.0,1000.0,1000.0
652627729,0.15864873,5.9134583,7.8004136,-0.39446652,2.273057,-0.02422724,2,1000.0,1000.0,1000.0,1000.0
652632729,0.18086843,5.87153,7.7657714,-0.39446652,2.273057,-0.02422724,2,1000.0,1000.0,1000.0,1000.0
652637776,0.17993176,5.8663635,7.700379,-0.39446652,2.273057,-0.02422724,2,1000.0,1000.0,1000.0,1000.0
652642730,0.17768891,5.8701043,7.6558146,-0.39446652,2.273057,-0.02422724,2,1000.0,1000.0,1000.0,1000.0
652647729,0.15762307,5.9006343,7.665534,-0.39446652,2.273057,-0.02422724,2,1000.0,1000.0,1000.0,1000.0
652652729,0.13424762,5.9306493,7.6795063,-0.39446652,2.273057,-0.02422724,2,1000.0,1000.0,1000.0,1000.0
652657730,0.1731313,5.9070497,7.711544,-0.39446652,2.273057,-0.02422724,2,1000.0,1000.0,1000.0,1000.0
652662729,0.18783739,5.8794518,7.7131267,-0.39446652,2.273057,-0.02422724,2,1000.0,1000.0,1000.0,1000.0
652667729,0.19665289,5.8778086,7.688798,-0.3513322,2.2720375,-0.13347319,2,1000.0,1000.0,1000.0,1000.0
652672773,0.19525075,5.890719,7.6832533,-0.3513322,2.2720375,-0.13347319,2,1000.0,1000.0,1000.0,1000.0
652677730,0.18894513,5.9553914,7.6799707,-0.3513322,2.2720375,-0.13347319,2,1000.0,1000.0,1000.0,1000.0
652682729,0.19429871,6.0057364,7.721758,-0.3513322,2.2720375,-0.13347319,2,1000.0,1000.0,1000.0,1000.0
652687730,0.1754609,6.0394773,7.764353,-0.3513322,2.2720375,-0.13347319,2,1000.0,1000.0,1000.0,1000.0
652692729,0.20578204,6.0571218,7.7875857,-0.3513322,2.2720375,-0.13347319,2,1000.0,1000.0,1000.0,1000.0
652697730,0.22856298,6.052057,7.77927,-0.3513322,2.2720375,-0.13347319,2,1000.0,1000.0,1000.0,1000.0
652702730,0.23820072,6.025674,7.777492,-0.3513322,2.2720375,-0.13347319,2,1000.0,1000.0,1000.0,1000.0
652707773,0.24490064,6.063847,7.777796,-0.3513322,2.2720375,-0.13347319,2,1000.0,1000.0,1000.0,1000.0
652712730,0.24322546,6.1114025,7.815391,-0.3513322,2.2720375,-0.13347319,2,1000.0,1000.0,1000.0,1000.0
652717729,0.24886501,6.168881,7.855167,-0.3513322,2.2720375,-0.13347319,2,1000.0,1000.0,1000.0,1000.0
652722730,0.25111234,6.214192,7.849374,-0.3513322,2.2720375,-0.13347319,2,1000.0,1000.0,1000.0,1000.0
652727730,0.27067295,6.1950064,7.8711524,-0.3513322,2.2720375,-0.13347319,2,1000.0,1000.0,1000.0,1000.0
652732730,0.28942275,6.1461945,7.8430333,-0.3513322,2.2720375,-0.13347319,2,1000.0,1000.0,1000.0,1000.0
652737729,0.3135982,6.10695,7.801837,-0.3513322,2.2720375,-0.13347319,2,1000.0,1000.0,1000.0,1000.0
652742773,0.30610734,6.0983987,7.7808037,-0.3513322,2.2720375,-0.13347319,2,1000.0,1000.0,1000.0,1000.0
652747729,0.28928232,6.138134,7.7959733,-0.3513322,2.2720375,-0.13347319,2,1000.0,1000.0,1000.0,1000.0
652752729,0.2874813,6.1721044,7.791086,-0.3513322,2.2720375,-0.13347319,2,1000.0,1000.0,1000.0,1000.0
652757730,0.29319665,6.1710515,7.778824,-0.3513322,2.2720375,-0.13347319,2,1000.0,1000.0,1000.0,1000.0
652762729,0.29507914,6.1044455,7.7083383,-0.3513322,2.2720375,-0.13347319,2,1000.0,1000.0,1000.0,1000.0
652767730,0.31612387,6.0527005,7.6917934,-0.30100185,2.2728848,-0.23915553,2,1000.0,1000.0,1000.0,1000.0
652772729,0.33214957,6.0226226,7.677801,-0.30100185,2.2728848,-0.23915553,2,1000.0,1000.0,1000.0,1000.0
652777774,0.31011245,6.0073953,7.688911,-0.30100185,2.2728848,-0.23915553,2,1000.0,1000.0,1000.0,1000.0
652782730,0.30624616,6.036196,7.714068,-0.30100185,2.2728848,-0.23915553,2,1000.0,1000.0,1000.0,1000.0
652787730,0.27990046,6.0485168,7.7084184,-0.30100185,2.2728848,-0.23915553,2,1000.0,1000.0,1000.0,1000.0
652792730,0.2635897,6.059083,7.6871862,-0.30100185,2.2728848,-0.23915553,2,1000.0,1000.0,1000.0,1000.0
652797729,0.27832532,6.0047293,7.69186,-0.30100185,2.2728848,-0.23915553,2,1000.0,1000.0,1000.0,1000.0
652802730,0.305426,5.980644,7.681997,-0.30100185,2.2728848,-0.23915553,2,1000.0,1000.0,1000.0,1000.0
652807729,0.28629515,5.9352202,7.708025,-0.30100185,2.2728848,-0.23915553,2,1000.0,1000.0,1000.0,1000.0
652812774,0.27212283,5.958652,7.7329144,-0.30100185,2.2728848,-0.23915553,2,1000.0,1000.0,1000.0,1000.0
652817729,0.25429925,6.008466,7.768494,-0.30100185,2.2728848,-0.23915553,2,1000.0,1000.0,1000.0,1000.0
652822729,0.22339445,6.042571,7.773917,-0.30100185,2.2728848,-0.23915553,2,1000.0,1000.0,1000.0,1000.0
652827729,0.18816909,6.061119,7.775365,-0.30100185,2.2728848,-0.23915553,2,1000.0,1000.0,1000.0,1000.0
652832729,0.19212334,6.0255823,7.797148,-0.30100185,2.2728848,-0.23915553,2,1000.0,1000.0,1000.0,1000.0
652837729,0.19590373,5.9839153,7.8332143,-0.30100185,2.2728848,-0.23915553,2,1000.0,1000.0,1000.0,1000.0
652842729,0.18920384,5.943661,7.828996,-0.30100185,2.2728848,-0.23915553,2,1000.0,1000.0,1000.0,1000.0
652847773,0.1627199,5.967502,7.8418055,-0.30100185,2.2728848,-0.23915553,2,1000.0,1000.0,1000.0,1000.0
652852751,0.14686912,6.001964,7.839888,-0.30100185,2.2728848,-0.23915553,2,1000.0,1000.0,1000.0,1000.0
652857730,0.10342381,6.0291495,7.8095603,-0.30100185,2.2728848,-0.23915553,2,1000.0,1000.0,1000.0,1000.0
652862730,0.119918734,6.0206065,7.8113513,-0.30100185,2.2728848,-0.23915553,2,1000.0,1000.0,1000.0,1000.0
652867729,0.10964089,5.987473,7.8194976,-0.24251445,2.2752068,-0.34151763,2,1000.0,1000.0,1000.0,1000.0
652872731,0.09776572,5.9386888,7.817283,-0.24251445,2.2752068,-0.34151763,2,1000.0,1000.0,1000.0,1000.0
652877730,0.12645349,5.906152,7.8054924,-0.24251445,2.2752068,-0.34151763,2,1000.0,1000.0,1000.0,1000.0
652882776,0.12367627,5.9237204,7.7806144,-0.24251445,2.2752068,-0.34151763,2,1000.0,1000.0,1000.0,1000.0
652887730,0.09817919,5.952706,7.714049,-0.24251445,2.2752068,-0.34151763,2,1000.0,1000.0,1000.0,1000.0
652892730,0.09631576,5.9507685,7.7293644,-0.24251445,2.2752068,-0.34151763,2,1000.0,1000.0,1000.0,1000.0
652897730,0.08545673,5.9602165,7.711742,-0.24251445,2.2752068,-0.34151763,2,1000.0,1000.0,1000.0,1000.0
652902730,0.110026926,5.914984,7.697648,-0.24251445,2.2752068,-0.34151763,2,1000.0,1000.0,1000.0,1000.0
652907730,0.15819415,5.9093347,7.6835165,-0.24251445,2.2752068,-0.34151763,2,1000.0,1000.0,1000.0,1000.0
652912730,0.17139092,5.9007235,7.6797233,-0.24251445,2.2752068,-0.34151763,2,1000.0,1000.0,1000.0,1000.0
652917776,0.1577779,5.919071,7.6574774,-0.24251445,2.2752068,-0.34151763,2,1000.0,1000.0,1000.0,1000.0
652922730,0.18489395,5.962113,7.666241,-0.24251445,2.2752068,-0.34151763,2,1000.0,1000.0,1000.0,1000.0
652927730,0.19167094,6.004794,7.693622,-0.24251445,2.2752068,-0.34151763,2,1000.0,1000.0,1000.0,1000.0
652932730,0.20516047,6.034007,7.7385597,-0.24251445,2.2752068,-0.34151763,2,1000.0,1000.0,1000.0,1000.0
652937730,0.24249607,6.0185533,7.7871995,-0.24251445,2.2752068,-0.34151763,2,1000.0,1000.0,1000.0,1000.0
652942730,0.2733377,6.0157323,7.7765985,-0.24251445,2.2752068,-0.34151763,2,1000.0,1000.0,1000.0,1000.0
652947730,0.2963215,6.0083003,7.7361674,-0.24251445,2.2752068,-0.34151763,2,1000.0,1000.0,1000.0,1000.0
652952777,0.2986868,6.0567904,7.746251,-0.24251445,2.2752068,-0.34151763,2,1000.0,1000.0,1000.0,1000.0
652957730,0.28545088,6.1085668,7.7673883,-0.24251445,2.2752068,-0.34151763,2,1000.0,1000.0,1000.0,1000.0
652962730,0.30180523,6.170672,7.819968,-0.24251445,2.2752068,-0.34151763,2,1000.0,1000.0,1000.0,1000.0
652967730,0.3174644,6.1721587,7.833717,-0.17620514,2.2780447,-0.4390954,2,1000.0,1000.0,1000.0,1000.0
652972730,0.33247647,6.1455274,7.8523755,-0.17620514,2.2780447,-0.4390954,2,1000.0,1000.0,1000.0,1000.0
652977730,0.3679557,6.1314626,7.8540473,-0.17620514,2.2780447,-0.4390954,2,1000.0,1000.0,1000.0,1000.0
652982730,0.36759073,6.118661,7.8205347,-0.17620514,2.2780447,-0.4390954,2,1000.0,1000.0,1000.0,1000.0
652987776,0.3657422,6.109467,7.803746,-0.17620514,2.2780447,-0.4390954,2,1000.0,1000.0,1000.0,1000.0
652992730,0.33933437,6.1514435,7.8043103,-0.17620514,2.2780447,-0.4390954,2,1000.0,1000.0,1000.0,1000.0
652997730,0.3323052,6.1649017,7.832031,-0.17620514,2.2780447,-0.4390954,2,1000.0,1000.0,1000.0,1000.0
653002730,0.32297528,6.1514707,7.8187838,-0.17620514,2.2780447,-0.4390954,2,1000.0,1000.0,1000.0,1000.0
653007730,0.3197501,6.0937476,7.772908,-0.17620514,2.2780447,-0.4390954,2,1000.0,1000.0,1000.0,1000.0
653012730,0.3224948,6.0275087,7.74207,-0.17620514,2.2780447,-0.4390954,2,1000.0,1000.0,1000.0,1000.0
653017730,0.31988883,6.0148187,7.699785,-0.17620514,2.2780447,-0.4390954,2,1000.0,1000.0,1000.0,1000.0
653022776,0.30594766,6.032321,7.743523,-0.17620514,2.2780447,-0.4390954,2,1000.0,1000.0,1000.0,1000.0
653027730,0.25631517,6.0482445,7.728032,-0.17620514,2.2780447,-0.4390954,2,1000.0,1000.0,1000.0,1000.0
653032730,0.24561796,6.045793,7.7276325,-0.17620514,2.2780447,-0.4390954,2,1000.0,1000.0,1000.0,1000.0
653037730,0.2265763,6.043748,7.722284,-0.17620514,2.2780447,-0.4390954,2,1000.0,1000.0,1000.0,1000.0
653042730,0.21815208,5.9956975,7.714513,-0.17620514,2.2780447,-0.4390954,2,1000.0,1000.0,1000.0,1000.0
653047730,0.22702172,5.9453645,7.6766043,-0.17620514,2.2780447,-0.4390954,2,1000.0,1000.0,1000.0,1000.0
653052730,0.2064149,5.904562,7.6773057,-0.17620514,2.2780447,-0.4390954,2,1000.0,1000.0,1000.0,1000.0
653057776,0.18045296,5.9524903,7.7061596,-0.17620514,2.2780447,-0.4390954,2,1000.0,1000.0,1000.0,1000.0
653062730,0.15581869,5.9915423,7.757171,-0.17620514,2.2780447,-0.4390954,2,1000.0,1000.0,1000.0,1000.0
653067730,0.12925738,6.027454,7.730843,-0.099202864,2.2822945,-0.5315207,2,1000.0,1000.0,1000.0,1000.0
653072730,0.13383247,6.0138745,7.721117,-0.099202864,2.2822945,-0.5315207,2,1000.0,1000.0,1000.0,1000.0
653077730,0.117296815,5.987996,7.750363,-0.099202864,2.2822945,-0.5315207,2,1000.0,1000.0,1000.0,1000.0
653082730,0.13074096,5.946919,7.76555,-0.099202864,2.2822945,-0.5315207,2,1000.0,1000.0,1000.0,1000.0
653087730,0.15179336,5.9255385,7.7842093,-0.099202864,2.2822945,-0.5315207,2,1000.0,1000.0,1000.0,1000.0
653092777,0.13732028,5.958468,7.8096266,-0.099202864,2.2822945,-0.5315207,2,1000.0,1000.0,1000.0,1000.0
653097730,0.11738546,6.01386,7.8361387,-0.099202864,2.2822945,-0.5315207,2,1000.0,1000.0,1000.0,1000.0
653102730,0.116858326,6.043651,7.8310595,-0.099202864,2.2822945,-0.5315207,2,1000.0,1000.0,1000.0,1000.0
653107730,0.10369683,6.0422444,7.8127728,-0.099202864,2.2822945,-0.5315207,2,1000.0,1000.0,1000.0,1000.0
653112730,0.1372188,5.9682317,7.804589,-0.099202864,2.2822945,-0.5315207,2,1000.0,1000.0,1000.0,1000.0
653117730,0.15315515,5.934801,7.8355103,-0.099202864,2.2822945,-0.5315207,2,1000.0,1000.0,1000.0,1000.0
653122730,0.14904937,5.9447,7.821463,-0.099202864,2.2822945,-0.5315207,2,1000.0,1000.0,1000.0,1000.0
653127776,0.17624845,5.962731,7.786026,-0.099202864,2.2822945,-0.5315207,2,1000.0,1000.0,1000.0,1000.0
653132730,0.17982437,5.99942,7.7629585,-0.099202864,2.2822945,-0.5315207,2,1000.0,1000.0,1000.0,1000.0
653137730,0.17645164,6.020818,7.746021,-0.099202864,2.2822945,-0.5315207,2,1000.0,1000.0,1000.0,1000.0
653142730,0.19197105,6.0035663,7.7561197,-0.099202864,2.2822945,-0.5315207,2,1000.0,1000.0,1000.0,1000.0
653147730,0.20091063,5.9686975,7.763799,-0.099202864,2.2822945,-0.5315207,2,1000.0,1000.0,1000.0,1000.0
653152730,0.24415706,5.9053955,7.7472105,-0.099202864,2.2822945,-0.5315207,2,1000.0,1000.0,1000.0,1000.0
653157730,0.23941824,5.9116797,7.7158504,-0.099202864,2.2822945,-0.5315207,2,1000.0,1000.0,1000.0,1000.0
653162777,0.24909881,5.9520087,7.6870766,-0.099202864,2.2822945,-0.5315207,2,1000.0,1000.0,1000.0,1000.0
653167730,0.23349726,6.0101786,7.666667,-0.010477591,2.288569,-0.6168114,2,1000.0,1000.0,1000.0,1000.0
653172730,0.23114727,6.027875,7.6637535,-0.010477591,2.288569,-0.6168114,2,1000.0,1000.0,1000.0,1000.0
653177731,0.25113872,6.0207844,7.700947,-0.010477591,2.288569,-0.6168114,2,1000.0,1000.0,1000.0,1000.0
653182731,0.27565157,5.996872,7.744179,-0.010477591,2.288569,-0.6168114,2,1000.0,1000.0,1000.0,1000.0
653187731,0.28333414,5.996882,7.736463,-0.010477591,2.288569,-0.6168114,2,1000.0,1000.0,1000.0,1000.0
653192731,0.29724932,6.003285,7.7035575,-0.010477591,2.288569,-0.6168114,2,1000.0,1000.0,1000.0,1000.0
653197777,0.2968569,6.0418367,7.7257833,-0.010477591,2.288569,-0.6168114,2,1000.0,1000.0,1000.0,1000.0
653202731,0.27172893,6.1002607,7.750708,-0.010477591,2.288569,-0.6168114,2,1000.0,1000.0,1000.0,1000.0
653207731,0.27310658,6.144182,7.78914,-0.010477591,2.288569,-0.6168114,2,1000.0,1000.0,1000.0,1000.0
653212731,0.27245182,6.1406593,7.816568,-0.010477591,2.288569,-0.6168114,2,1000.0,1000.0,1000.0,1000.0
653217730,0.30614236,6.1153474,7.803153,-0.010477591,2.288569,-0.6168114,2,1000.0,1000.0,1000.0,1000.0
653222730,0.2960681,6.107638,7.774887,-0.010477591,2.288569,-0.6168114,2,1000.0,1000.0,1000.0,1000.0
653227730,0.31110382,6.1055355,7.788279,-0.010477591,2.288569,-0.6168114,2,1000.0,1000.0,1000.0,1000.0
653232776,0.27303872,6.1434455,7.781487,-0.010477591,2.288569,-0.6168114,2,1000.0,1000.0,1000.0,1000.0
653237731,0.25091177,6.187746,7.811954,-0.010477591,2.288569,-0.6168114,2,1000.0,1000.0,1000.0,1000.0
653242731,0.24424489,6.197056,7.8559346,-0.010477591,2.288569,-0.6168114,2,1000.0,1000.0,1000.0,1000.0
653247731,0.26150262,6.163833,7.8430877,-0.010477591,2.288569,-0.6168114,2,1000.0,1000.0,1000.0,1000.0
653252730,0.2615565,6.134338,7.825359,-0.010477591,2.288569,-0.6168114,2,1000.0,1000.0,1000.0,1000.0
653257730,0.27702177,6.0622954,7.772088,-0.010477591,2.288569,-0.6168114,2,1000.0,1000.0,1000.0,1000.0
653262730,0.27267703,6.0334034,7.7545695,-0.010477591,2.288569,-0.6168114,2,1000.0,1000.0,1000.0,1000.0
653267777,0.26070076,6.048903,7.7522383,0.08978389,2.2960436,-0.6942934,2,1000.0,1000.0,1000.0,1000.0
653272730,0.24305882,6.069648,7.7498336,0.08978389,2.2960436,-0.6942934,2,1000.0,1000.0,1000.0,1000.0
653277730,0.23949085,6.07324,7.761419,0.08978389,2.2960436,-0.6942934,2,1000.0,1000.0,1000.0,1000.0
653282730,0.23167184,6.025634,7.7301927,0.08978389,2.2960436,-0.6942934,2,1000.0,1000.0,1000.0,1000.0
653287730,0.23603936,5.9795995,7.709963,0.08978389,2.2960436,-0.6942934,2,1000.0,1000.0,1000.0,1000.0
653292730,0.22696137,5.919876,7.67955,0.08978389,2.2960436,-0.6942934,2,1000.0,1000.0,1000.0,1000.0
653297730,0.23470165,5.906523,7.6719747,0.08978389,2.2960436,-0.6942934,2,1000.0,1000.0,1000.0,1000.0
653302776,0.2044914,5.937092,7.702089,0.08978389,2.2960436,-0.6942934,2,1000.0,1000.0,1000.0,1000.0
653307730,0.1986263,5.9754915,7.743418,0.08978389,2.2960436,-0.6942934,2,1000.0,1000.0,1000.0,1000.0
653312730,0.18258853,5.989295,7.7536926,0.08978389,2.2960436,-0.6942934,2,1000.0,1000.0,1000.0,1000.0
653317730,0.18085831,5.941252,7.727485,0.08978389,2.2960436,-0.6942934,2,1000.0,1000.0,1000.0,1000.0
653322730,0.1812993,5.9139295,7.6980486,0.08978389,2.2960436,-0.6942934,2,1000.0,1000.0,1000.0,1000.0
653327731,0.19685316,5.868957,7.7121196,0.08978389,2.2960436,-0.6942934,2,1000.0,1000.0,1000.0,1000.0
653332730,0.17449327,5.8937945,7.755362,0.08978389,2.2960436,-0.6942934,2,1000.0,1000.0,1000.0,1000.0
653337777,0.1678176,5.954595,7.78015,0.08978389,2.2960436,-0.6942934,2,1000.0,1000.0,1000.0,1000.0
653342730,0.12789339,6.013904,7.7939153,0.08978389,2.2960436,-0.6942934,2,1000.0,1000.0,1000.0,1000.0
653347730,0.123291045,6.0410314,7.800615,0.08978389,2.2960436,-0.6942934,2,1000.0,1000.0,1000.0,1000.0
653352730,0.13956931,6.0004473,7.8040032,0.08978389,2.2960436,-0.6942934,2,1000.0,1000.0,1000.0,1000.0
653357730,0.152219,5.9766417,7.80892,0.08978389,2.2960436,-0.6942934,2,1000.0,1000.0,1000.0,1000.0
653362730,0.17716953,5.944998,7.8356094,0.08978389,2.2960436,-0.6942934,2,1000.0,1000.0,1000.0,1000.0
653367730,0.19113554,5.969254,7.8423343,0.20277052,2.3034465,-0.7640571,2,1000.0,1000.0,1000.0,1000.0
653372777,0.14165339,6.0053244,7.828955,0.20277052,2.3034465,-0.7640571,2,1000.0,1000.0,1000.0,1000.0
653377730,0.14472304,6.0582237,7.7949734,0.20277052,2.3034465,-0.7640571,2,1000.0,1000.0,1000.0,1000.0
653382730,0.13201773,6.0674806,7.7663383,0.20277052,2.3034465,-0.7640571,2,1000.0,1000.0,1000.0,1000.0
653387730,0.15184578,6.0326476,7.77388,0.20277052,2.3034465,-0.7640571,2,1000.0,1000.0,1000.0,1000.0
653392730,0.18316631,5.9679737,7.7664247,0.20277052,2.3034465,-0.7640571,2,1000.0,1000.0,1000.0,1000.0
653397730,0.20150931,5.966036,7.757281,0.20277052,2.3034465,-0.7640571,2,1000.0,1000.0,1000.0,1000.0
653402730,0.21659094,5.9773145,7.7581244,0.20277052,2.3034465,-0.7640571,2,1000.0,1000.0,1000.0,1000.0
653407777,0.20664206,6.0110645,7.722795,0.20277052,2.3034465,-0.7640571,2,1000.0,1000.0,1000.0,1000.0
653412730,0.19026282,6.031728,7.705245,0.20277052,2.3034465,-0.7640571,2,1000.0,1000.0,1000.0,1000.0
653417730,0.20538433,6.0340796,7.716,0.20277052,2.3034465,-0.7640571,2,1000.0,1000.0,1000.0,1000.0
653422730,0.24337314,6.013584,7.716507,0.20277052,2.3034465,-0.7640571,2,1000.0,1000.0,1000.0,1000.0
653427730,0.27030382,5.9953203,7.7209115,0.20277052,2.3034465,-0.7640571,2,1000.0,1000.0,1000.0,1000.0
653432730,0.2863852,5.980768,7.712995,0.20277052,2.3034465,-0.7640571,2,1000.0,1000.0,1000.0,1000.0
653437730,0.2858611,5.995005,7.681153,0.20277052,2.3034465,-0.7640571,2,1000.0,1000.0,1000.0,1000.0
653442777,0.29072192,6.0641623,7.7043433,0.20277052,2.3034465,-0.7640571,2,1000.0,1000.0,1000.0,1000.0
653447730,0.30418333,6.1036196,7.7122784,0.20277052,2.3034465,-0.7640571,2,1000.0,1000.0,1000.0,1000.0
653452730,0.28672874,6.1299143,7.7783704,0.20277052,2.3034465,-0.7640571,2,1000.0,1000.0,1000.0,1000.0
653457730,0.33002225,6.108925,7.8049765,0.20277052,2.3034465,-0.7640571,2,1000.0,1000.0,1000.0,1000.0
653462730,0.34836355,6.075929,7.815691,0.20277052,2.3034465,-0.7640571,2,1000.0,1000.0,1000.0,1000.0
653467730,0.3622565,6.0624547,7.775589,0.33246538,2.3090992,-0.82652736,2,1000.0,1000.0,1000.0,1000.0
653472730,0.3375627,6.089216,7.783127,0.33246538,2.3090992,-0.82652736,2,1000.0,1000.0,1000.0,1000.0
653477777,0.3338459,6.123803,7.8053875,0.33246538,2.3090992,-0.82652736,2,1000.0,1000.0,1000.0,1000.0
653482730,0.30338708,6.135938,7.822923,0.33246538,2.3090992,-0.82652736,2,1000.0,1000.0,1000.0,1000.0
653487730,0.31908688,6.15823,7.8385262,0.33246538,2.3090992,-0.82652736,2,1000.0,1000.0,1000.0,1000.0
653492740,0.3142502,6.109725,7.8459067,0.33246538,2.3090992,-0.82652736,2,1000.0,1000.0,1000.0,1000.0
653497730,0.29037708,6.0675764,7.8145003,0.33246538,2.3090992,-0.82652736,2,1000.0,1000.0,1000.0,1000.0
653502730,0.3123751,6.0347815,7.774838,0.33246538,2.3090992,-0.82652736,2,1000.0,1000.0,1000.0,1000.0
653507730,0.2782159,6.035141,7.75456,0.33246538,2.3090992,-0.82652736,2,1000.0,1000.0,1000.0,1000.0
653512776,0.24976252,6.0698934,7.789989,0.33246538,2.3090992,-0.82652736,2,1000.0,1000.0,1000.0,1000.0
653517730,0.21386667,6.0912895,7.818997,0.33246538,2.3090992,-0.82652736,2,1000.0,1000.0,1000.0,1000.0
653522730,0.23313136,6.076198,7.7787094,0.33246538,2.3090992,-0.82652736,2,1000.0,1000.0,1000.0,1000.0
653527730,0.21750686,6.003032,7.7483087,0.33246538,2.3090992,-0.82652736,2,1000.0,1000.0,1000.0,1000.0
653532730,0.21704982,5.9556336,7.7214956,0.33246538,2.3090992,-0.82652736,2,1000.0,1000.0,1000.0,1000.0
653537730,0.21421488,5.931717,7.714848,0.33246538,2.3090992,-0.82652736,2,1000.0,1000.0,1000.0,1000.0
653542730,0.16417724,5.9147606,7.6861277,0.33246538,2.3090992,-0.82652736,2,1000.0,1000.0,1000.0,1000.0
653547777,0.17381202,5.9573345,7.7108984,0.33246538,2.3090992,-0.82652736,2,1000.0,1000.0,1000.0,1000.0
653552730,0.13949278,5.980685,7.731726,0.33246538,2.3090992,-0.82652736,2,1000.0,1000.0,1000.0,1000.0
653557730,0.12323113,5.9732084,7.7360673,0.33246538,2.3090992,-0.82652736,2,1000.0,1000.0,1000.0,1000.0
653562730,0.12242647,5.9522185,7.7164106,0.33246538,2.3090992,-0.82652736,2,1000.0,1000.0,1000.0,1000.0
653567730,0.14458343,5.898498,7.7051773,0.4812287,2.3125863,-0.8817506,2,1000.0,1000.0,1000.0,1000.0
653572730,0.1303097,5.869652,7.7191906,0.4812287,2.3125863,-0.8817506,2,1000.0,1000.0,1000.0,1000.0
653577730,0.13768998,5.8955197,7.7410774,0.4812287,2.3125863,-0.8817506,2,1000.0,1000.0,1000.0,1000.0
653582776,0.12564471,5.940508,7.7492285,0.4812287,2.3125863,-0.8817506,2,1000.0,1000.0,1000.0,1000.0
653587730,0.11431658,5.9975996,7.753174,0.4812287,2.3125863,-0.8817506,2,1000.0,1000.0,1000.0,1000.0
653592730,0.12341878,6.017851,7.7523193,0.4812287,2.3125863,-0.8817506,2,1000.0,1000.0,1000.0,1000.0
653597730,0.13975136,5.9741874,7.757248,0.4812287,2.3125863,-0.8817506,2,1000.0,1000.0,1000.0,1000.0
653602730,0.15487872,5.9547753,7.783878,0.4812287,2.3125863,-0.8817506,2,1000.0,1000.0,1000.0,1000.0
653607730,0.1910831,5.9461184,7.7914505,0.4812287,2.3125863,-0.8817506,2,1000.0,1000.0,1000.0,1000.0
653612730,0.19604366,5.985248,7.809329,0.4812287,2.3125863,-0.8817506,2,1000.0,1000.0,1000.0,1000.0
653617776,0.18797307,6.044393,7.8303385,0.4812287,2.3125863,-0.8817506,2,1000.0,1000.0,1000.0,1000.0
653622730,0.17907502,6.0885177,7.825313,0.4812287,2.3125863,-0.8817506,2,1000.0,1000.0,1000.0,1000.0
653627730,0.20488063,6.077346,7.8163795,0.4812287,2.3125863,-0.8817506,2,1000.0,1000.0,1000.0,1000.0
653632730,0.21059082,6.0447464,7.791021,0.4812287,2.3125863,-0.8817506,2,1000.0,1000.0,1000.0,1000.0
653637730,0.23059236,5.999745,7.819311,0.4812287,2.3125863,-0.8817506,2,1000.0,1000.0,1000.0,1000.0
653642730,0.26028147,5.985891,7.803159,0.4812287,2.3125863,-0.8817506,2,1000.0,1000.0,1000.0,1000.0
653647730,0.26536277,6.018075,7.7820606,0.4812287,2.3125863,-0.8817506,2,1000.0,1000.0,1000.0,1000.0
653652776,0.24220316,6.06481,7.7402444,0.4812287,2.3125863,-0.8817506,2,1000.0,1000.0,1000.0,1000.0
653657730,0.24494137,6.0934467,7.744896,0.4812287,2.3125863,-0.8817506,2,1000.0,1000.0,1000.0,1000.0
653662730,0.25944287,6.0942063,7.741515,0.4812287,2.3125863,-0.8817506,2,1000.0,1000.0,1000.0,1000.0
653667730,0.28934592,6.0437346,7.7242317,0.6440913,2.3143897,-0.92837256,2,1000.0,1000.0,1000.0,1000.0
653672730,0.31954855,6.0049486,7.7578053,0.6440913,2.3143897,-0.92837256,2,1000.0,1000.0,1000.0,1000.0
653677730,0.31107968,6.001473,7.7239714,0.6440913,2.3143897,-0.92837256,2,1000.0,1000.0,1000.0,1000.0
653682730,0.299405,6.016451,7.703862,0.6440913,2.3143897,-0.92837256,2,1000.0,1000.0,1000.0,1000.0
653687776,0.28890195,6.042914,7.681624,0.6440913,2.3143897,-0.92837256,2,1000.0,1000.0,1000.0,1000.0
653692730,0.28810737,6.086596,7.701996,0.6440913,2.3143897,-0.92837256,2,1000.0,1000.0,1000.0,1000.0
653697730,0.29126197,6.055355,7.7321067,0.6440913,2.3143897,-0.92837256,2,1000.0,1000.0,1000.0,1000.0
653702730,0.3004088,6.056675,7.7591105,0.6440913,2.3143897,-0.92837256,2,1000.0,1000.0,1000.0,1000.0
653707730,0.29638147,6.0428243,7.748931,0.6440913,2.3143897,-0.92837256,2,1000.0,1000.0,1000.0,1000.0
653712730,0.2958459,6.0468473,7.7304363,0.6440913,2.3143897,-0.92837256,2,1000.0,1000.0,1000.0,1000.0
653717730,0.26103532,6.093932,7.77015,0.6440913,2.3143897,-0.92837256,2,1000.0,1000.0,1000.0,1000.0
653722776,0.25374946,6.1033196,7.7760053,0.6440913,2.3143897,-0.92837256,2,1000.0,1000.0,1000.0,1000.0
653727730,0.23309651,6.1416774,7.8032546,0.6440913,2.3143897,-0.92837256,2,1000.0,1000.0,1000.0,1000.0
653732730,0.25277057,6.154526,7.8418417,0.6440913,2.3143897,-0.92837256,2,1000.0,1000.0,1000.0,1000.0
653737730,0.2526548,6.1099615,7.8237085,0.6440913,2.3143897,-0.92837256,2,1000.0,1000.0,1000.0,1000.0
653742730,0.25459647,6.062161,7.8138537,0.6440913,2.3143897,-0.92837256,2,1000.0,1000.0,1000.0,1000.0
653747730,0.24906215,6.0538125,7.781671,0.6440913,2.3143897,-0.92837256,2,1000.0,1000.0,1000.0,1000.0
653752730,0.2310629,6.051858,7.769105,0.6440913,2.3143897,-0.92837256,2,1000.0,1000.0,1000.0,1000.0
653757776,0.21488556,6.0961695,7.8016195,0.6440913,2.3143897,-0.92837256,2,1000.0,1000.0,1000.0,1000.0
653762730,0.1734747,6.10589,7.8248925,0.6440913,2.3143897,-0.92837256,2,1000.0,1000.0,1000.0,1000.0
653767730,0.18959595,6.0720463,7.8202753,0.79227984,2.3149061,-0.968687,2,1000.0,1000.0,1000.0,1000.0
653772730,0.19303466,6.012307,7.770379,0.79227984,2.3149061,-0.968687,2,1000.0,1000.0,1000.0,1000.0
653777730,0.20613116,5.974837,7.737022,0.79227984,2.3149061,-0.968687,2,1000.0,1000.0,1000.0,1000.0
653782730,0.21004362,5.9271545,7.733942,0.79227984,2.3149061,-0.968687,2,1000.0,1000.0,1000.0,1000.0
653787730,0.1895015,5.942427,7.7390366,0.79227984,2.3149061,-0.968687,2,1000.0,1000.0,1000.0,1000.0
653792777,0.18157275,5.9718323,7.730515,0.79227984,2.3149061,-0.968687,2,1000.0,1000.0,1000.0,1000.0
653797730,0.14200293,6.0007205,7.7624063,0.79227984,2.3149061,-0.968687,2,1000.0,1000.0,1000.0,1000.0
653802730,0.16637936,5.9545317,7.726802,0.79227984,2.3149061,-0.968687,2,1000.0,1000.0,1000.0,1000.0
653807730,0.17280416,5.929688,7.6682186,0.79227984,2.3149061,-0.968687,2,1000.0,1000.0,1000.0,1000.0
653812730,0.18309128,5.885875,7.671616,0.79227984,2.3149061,-0.968687,2,1000.0,1000.0,1000.0,1000.0
653817730,0.18912928,5.888193,7.6986647,0.79227984,2.3149061,-0.968687,2,1000.0,1000.0,1000.0,1000.0
653822730,0.16777554,5.9255548,7.72884,0.79227984,2.3149061,-0.968687,2,1000.0,1000.0,1000.0,1000.0
653827777,0.15715268,5.960737,7.7379284,0.79227984,2.3149061,-0.968687,2,1000.0,1000.0,1000.0,1000.0
653832730,0.16439435,5.9922647,7.7682443,0.79227984,2.3149061,-0.968687,2,1000.0,1000.0,1000.0,1000.0
653837730,0.15860891,5.9877787,7.737389,0.79227984,2.3149061,-0.968687,2,1000.0,1000.0,1000.0,1000.0
653842730,0.17179374,5.9605465,7.7375593,0.79227984,2.3149061,-0.968687,2,1000.0,1000.0,1000.0,1000.0
653847730,0.1953752,5.94033,7.7712045,0.79227984,2.3149061,-0.968687,2,1000.0,1000.0,1000.0,1000.0
653852730,0.20846345,5.941517,7.7689357,0.79227984,2.3149061,-0.968687,2,1000.0,1000.0,1000.0,1000.0
653857730,0.20132037,6.006079,7.805761,0.79227984,2.3149061,-0.968687,2,1000.0,1000.0,1000.0,1000.0
653862776,0.17340447,6.061535,7.803192,0.79227984,2.3149061,-0.968687,2,1000.0,1000.0,1000.0,1000.0
653867730,0.15814282,6.1020994,7.7914777,0.92893445,2.314528,-1.0033451,2,1000.0,1000.0,1000.0,1000.0
653872730,0.19336545,6.0796185,7.7924156,0.92893445,2.314528,-1.0033451,2,1000.0,1000.0,1000.0,1000.0
